0,1,2,3,4,5,6,7,8,9,10,11,12,13,14,15,pred_class
0.96757025,-3.1376975,0.9460897,-0.22190642,-0.3902725,-2.8466215,1.5047079,0.916867,-1.481026,-0.09245223,2.8701012,-2.4437733,1.3915735,0.63696545,2.0102394,-0.043903306,80
0.96757036,-3.1376975,0.9460897,-0.22190642,-0.3902725,-2.8466215,1.5047079,0.91686714,-1.4810262,-0.09245214,2.8701015,-2.4437733,1.3915735,0.63696533,2.0102394,-0.043903455,80
0.96757025,-3.1376972,0.94608957,-0.22190645,-0.39027244,-2.8466215,1.5047079,0.916867,-1.4810262,-0.09245224,2.8701012,-2.443773,1.3915735,0.63696533,2.0102394,-0.043903187,80
0.96757025,-3.1376975,0.94608945,-0.22190636,-0.39027256,-2.8466213,1.5047079,0.916867,-1.481026,-0.09245223,2.8701012,-2.4437733,1.3915737,0.6369652,2.0102394,-0.043903396,80
0.96757025,-3.1376972,0.94608945,-0.22190651,-0.39027244,-2.8466215,1.5047077,0.916867,-1.4810259,-0.092452124,2.8701012,-2.4437733,1.3915734,0.63696545,2.0102394,-0.043903425,80
0.96757025,-3.1376972,0.94608945,-0.22190654,-0.39027238,-2.8466215,1.5047079,0.916867,-1.481026,-0.09245223,2.8701012,-2.4437733,1.3915734,0.6369656,2.0102394,-0.043903485,80
0.96757025,-3.1376972,0.94608945,-0.22190648,-0.3902725,-2.8466213,1.5047079,0.9168668,-1.4810259,-0.0924522,2.8701012,-2.443773,1.3915735,0.63696545,2.0102394,-0.043903366,80
0.96757025,-3.1376972,0.94608945,-0.22190648,-0.39027244,-2.8466215,1.5047079,0.9168668,-1.4810259,-0.09245211,2.870101,-2.443773,1.3915735,0.63696545,2.0102396,-0.043903366,80
0.96757025,-3.137697,0.94608945,-0.22190654,-0.39027244,-2.8466215,1.5047078,0.9168669,-1.4810259,-0.09245223,2.870101,-2.443773,1.3915734,0.63696545,2.0102391,-0.043903485,80
0.9675701,-3.137697,0.94608945,-0.22190648,-0.39027244,-2.8466215,1.5047079,0.9168668,-1.4810258,-0.09245211,2.870101,-2.4437728,1.3915735,0.63696545,2.0102396,-0.043903247,80
0.7657321,-2.8380508,0.4168584,0.44379067,0.33764222,-2.5319703,0.5889806,2.4985397,-2.465321,-0.51833767,2.8641796,-3.3258479,1.3571273,-0.6635155,0.31045988,-0.74692565,80
0.74749124,-2.8438668,0.4014192,0.44929838,0.3630997,-2.5116117,0.5784237,2.5219622,-2.4700506,-0.5469776,2.8582127,-3.3377554,1.3419703,-0.67255825,0.30345973,-0.73644394,80
0.7522189,-2.8463335,0.39951316,0.45120615,0.36595643,-2.5046744,0.5777925,2.5271196,-2.4742756,-0.55431044,2.8601952,-3.3402052,1.3408389,-0.6689557,0.29963106,-0.74003464,80
0.7464275,-2.8416998,0.4032195,0.44775468,0.3598938,-2.5175884,0.5794752,2.51699,-2.4673624,-0.540992,2.8574553,-3.3351364,1.3427567,-0.67320144,0.30587205,-0.7351724,80
0.611885,-2.1437776,0.25001332,0.32026386,0.04900232,-1.7357507,0.66340107,1.711375,-2.0992424,-0.19408451,2.095407,-2.2970781,1.140359,-0.5673021,0.63033724,-0.5246929,80
0.7538333,-2.843111,0.40411976,0.44870758,0.35884005,-2.5128388,0.5805605,2.5188951,-2.4710517,-0.54399407,2.8600185,-3.3355246,1.345615,-0.6685526,0.30324432,-0.7408233,80
0.76054317,-2.8418689,0.40720722,0.44800997,0.35463083,-2.512733,0.5823556,2.516457,-2.4719222,-0.54118824,2.8616383,-3.333888,1.349596,-0.6651565,0.3021012,-0.7455929,80
0.7967733,-2.5751035,0.6164477,0.22627139,0.064656064,-2.591045,0.6589808,2.2072284,-2.1644151,-0.25284225,2.7856503,-3.3440182,1.166528,-0.52965426,0.28326383,-0.7739096,80
0.7627161,-2.8297381,0.41371536,0.439314,0.34248182,-2.5380793,0.5899558,2.490147,-2.4610384,-0.5187013,2.8615823,-3.3123024,1.3513814,-0.655329,0.31416643,-0.7409641,80
0.75159055,-2.8472583,0.39833215,0.45187056,0.36771274,-2.502717,0.5770089,2.5292463,-2.4749932,-0.55683875,2.860191,-3.3416328,1.3394622,-0.66932523,0.29876208,-0.7397194,80
0.75602484,-2.090752,0.36627012,0.30900723,0.55882585,-1.9502327,0.21100707,2.73016,-2.565269,-0.40923035,2.3933804,-3.0657058,1.1764339,-0.9439319,-0.33785644,-1.160075,80
0.6656393,-2.2079642,0.31011522,0.37662387,0.63685143,-1.9632863,0.2235285,2.8418176,-2.6501765,-0.5004076,2.4369192,-3.146224,1.1598096,-0.97184783,-0.29291302,-1.0777621,80
0.63867867,-2.1060965,0.30518997,0.3683368,0.6497799,-1.9149508,0.19832519,2.7973733,-2.5903633,-0.4225458,2.3847597,-3.1192288,1.17102,-1.0268129,-0.37990963,-1.0699973,80
0.6847955,-2.1732795,0.29736823,0.3660739,0.63955003,-1.9412092,0.22634721,2.7994998,-2.6374204,-0.49211168,2.3983624,-3.0902567,1.1582226,-0.93458074,-0.31098408,-1.0853426,80
0.97733337,-2.3108451,0.448794,0.477691,0.30897832,-2.2385898,0.39844358,2.8261428,-2.9183753,-0.07922666,2.607987,-3.1696455,1.2362865,-0.9781545,-0.24586695,-1.2897704,80
0.4543736,-2.0821955,0.15805645,0.40277642,0.85338396,-1.699045,0.2464293,2.710707,-2.5536366,-0.68949896,2.1202292,-2.9218435,1.0261909,-0.75336576,-0.33684456,-0.8045142,80
0.6655294,-2.0582154,0.28825706,0.3605758,0.6545728,-1.8925613,0.19872963,2.7848253,-2.5958867,-0.39199525,2.3891797,-3.088802,1.1925328,-1.029607,-0.41250864,-1.099262,80
0.60204107,-2.2916572,0.34461415,0.41098475,0.5180884,-2.1806471,0.30839312,2.937797,-2.7525053,-0.4775231,2.532254,-3.3405125,1.0383155,-0.808085,-0.3306293,-0.92500585,80
0.5538444,-2.148174,0.19236058,0.45053577,0.7495997,-1.7795225,0.2335811,2.7717178,-2.6838078,-0.54738194,2.2041242,-2.939627,1.0969728,-0.8438493,-0.35090923,-0.90560555,80
0.6683304,-2.1333976,0.34173998,0.3653528,0.60334724,-1.9243733,0.20384918,2.7871802,-2.5798457,-0.4209711,2.3968065,-3.13713,1.1702856,-1.0179797,-0.35501945,-1.0881598,80
0.64404464,-1.7477056,0.26586148,0.07414585,0.8907325,-1.5585799,0.04571679,2.8743737,-2.6897292,-0.111549646,2.1669755,-2.6279113,1.0156678,-0.9066364,-0.6307269,-1.5133715,80
0.22336301,-1.932604,0.17930047,0.32861227,1.1551712,-1.7490591,-0.029744852,3.2227464,-2.9436364,-0.23488598,2.1412938,-2.7468653,0.8995783,-0.89935905,-0.7174712,-1.1003783,80
0.4878152,-1.7984835,0.2335495,0.19182235,0.98065275,-1.6023086,0.008292504,3.0047247,-2.7768998,0.03387476,2.191723,-2.7006202,0.9671923,-1.0497797,-0.7383648,-1.373702,80
0.54748774,-1.8299973,0.19496192,0.13130718,0.9847622,-1.5283757,0.025758674,2.961907,-2.7442334,-0.16852143,2.1851783,-2.6567557,1.0012261,-0.9258465,-0.65175956,-1.4351416,80
0.390275,-1.2524717,0.08625447,-0.0060351193,0.72105706,-1.2901108,0.12803838,2.3191245,-2.637708,0.17380378,1.6661867,-1.5488334,0.8469389,-0.68802124,-0.15799657,-1.3282299,80
0.13183427,-1.7691187,0.079273686,0.33568966,1.2252274,-1.5897408,0.059047855,3.0009606,-2.6439855,-0.69551873,1.9182992,-2.783624,0.7684795,-0.78015316,-0.64034,-0.7390444,80
0.2888806,-1.8453194,0.12932187,0.3417629,0.9803442,-1.6585809,0.09119028,3.0313005,-2.9234388,-0.16812602,2.1043167,-2.6050246,1.0515157,-0.92164624,-0.54106086,-1.1038668,80
0.35297626,-1.9212605,0.34071738,0.20617002,0.7316151,-1.9456805,0.10100211,3.0801787,-2.5503724,-0.43032575,2.4899797,-3.123399,0.9058058,-0.8621543,-0.48767796,-0.998021,80
0.2407442,-1.8316922,0.1260772,0.3608567,1.1198581,-1.7261772,0.0487203,3.110601,-2.8427165,-0.52291894,2.0453634,-2.7623944,0.881709,-0.8878548,-0.6062391,-0.8634458,80
0.2567846,-1.8406726,0.2223327,0.2353977,1.1196316,-1.711012,-0.073743865,3.1510568,-2.9079282,-0.067401096,2.076958,-2.5991464,0.88441473,-0.92275417,-0.73660785,-1.1715055,80
0.600841,-1.6376582,0.3296068,-0.13954818,1.4174626,-1.0511879,-0.070710614,3.1625981,-2.6095934,0.45541668,2.283761,-1.9972305,0.81456655,-1.0839422,-0.9115294,-1.6580131,43
0.39440912,-1.4918711,0.35120592,-0.0017720759,1.6087773,-1.3845372,-0.10169402,3.3344355,-2.4100428,0.30802464,2.4210324,-2.2863297,0.8737344,-1.2291081,-1.0021031,-1.0292196,80
0.46827674,-1.7202849,0.33809882,-0.092310816,1.3966538,-1.0097243,-0.05177537,3.2027876,-2.6891978,0.7012134,2.2978613,-1.8418981,0.7098054,-1.1867723,-0.80923915,-1.6038945,43
0.49673468,-1.7819045,0.27952686,-0.12876901,1.552648,-1.0222818,-0.1234514,3.3122346,-2.6330166,0.45968795,2.4198675,-1.9898063,0.81507623,-1.1261187,-0.93196774,-1.5782671,43
0.40502107,-1.2422167,-0.10552102,-0.122489244,1.0490898,-0.52053654,0.036407087,2.4704514,-2.6141768,0.42586893,1.8930409,-0.882357,0.6732738,-0.7769232,-0.26682144,-1.6266053,43
0.030386284,-1.3986452,0.105585694,-0.007415861,1.552438,-1.2799755,-0.11537376,3.0578048,-2.2469792,-0.5039663,2.0286057,-2.3633673,0.67143345,-0.8861669,-0.76730484,-0.80353004,80
0.44153088,-1.4948397,0.14947052,0.03800854,1.1989826,-1.2388453,-0.038437206,3.1813464,-2.7092285,0.16189815,2.428791,-2.0620868,1.0876627,-1.0965497,-0.66889864,-1.3600047,80
0.24876124,-1.5209075,0.35261858,-0.041899115,0.78126127,-1.6106206,-0.055701282,2.9718828,-2.2904682,-0.3060658,2.4228625,-2.5018868,1.0251576,-0.8562029,-0.44600037,-1.0832183,80
0.04028003,-1.5458438,0.00464049,0.041898757,1.4353563,-1.33092,-0.08685273,3.1958525,-2.563289,-0.5290311,2.19375,-2.369648,0.855891,-0.95811695,-0.5974039,-0.99837834,80
-0.057657503,-1.7362939,-0.01934728,0.040148467,1.2690799,-1.4598248,-0.081768855,3.333578,-2.877895,-0.41058648,2.3591902,-2.281029,1.0653623,-0.8989365,-0.36678988,-1.2273393,80
0.10336408,-1.7022843,0.28576997,-0.27572694,1.9823682,-1.1124127,-0.18541333,3.8745098,-2.7229207,0.7031916,2.8116734,-1.5867888,1.0011529,-1.3188909,-0.86483216,-1.491916,43
0.20909375,-1.0341585,0.33832037,-0.1634357,1.6679134,-1.1868039,-0.012037266,3.017634,-1.9044278,0.23032056,2.2549539,-1.8039913,0.9556732,-1.3298919,-0.71627253,-0.86593866,80
0.2875467,-1.6137075,0.5583007,-0.29509622,1.9585323,-1.1472832,0.008795567,3.7116978,-2.542427,1.4649451,2.734671,-1.3469957,0.5622885,-1.6052663,-0.83338004,-1.4261501,43
0.14593843,-1.5490807,0.2799623,-0.28882694,2.1379416,-0.92061853,-0.19428785,3.7308471,-2.4749467,1.21681,2.748846,-1.2950226,0.69747245,-1.525801,-1.0895925,-1.3667214,43
0.19321251,-1.4440241,0.16603883,-0.31246245,1.5849363,-0.8446169,-0.13666448,3.539043,-2.7171617,1.1942383,2.898077,-0.85234225,0.8523962,-1.4722751,-0.56077814,-1.7335706,43
-0.11960465,-0.6983242,0.1640374,-0.24550459,1.8666605,-1.026556,-0.24675593,2.9824257,-1.8308916,0.01362741,1.9643432,-1.4399917,0.7234671,-1.1569257,-0.87162435,-0.68790436,80
0.3219989,-1.3332691,0.2622355,-0.2532788,1.2977841,-1.0106729,0.02507554,3.07572,-2.3463879,0.35577953,2.4676816,-1.5174292,1.1471326,-1.1970519,-0.39193064,-1.4558086,43
0.8368267,-2.9123166,0.39465743,0.4920507,0.33548224,-2.4742954,0.58442634,2.5645437,-2.5239007,-0.5799096,2.9133248,-3.4085994,1.3257382,-0.6459473,0.25854623,-0.78971833,80
-0.10990657,-1.1068327,0.026059225,-0.23829171,1.7562202,-0.9232966,-0.2453348,3.1848757,-2.2042744,0.079221554,2.2661872,-1.3404363,0.83149296,-1.1329254,-0.6720785,-1.0083398,80
-0.11365166,-1.6439292,-0.022163704,-0.23126364,1.3259484,-1.2190039,-0.0663971,3.4100337,-2.563145,-0.16084103,2.9153583,-1.6735033,1.1888702,-1.1167059,-0.025864594,-1.3888662,80
-0.0050765276,-1.6402726,0.23061888,-0.29716885,1.8182784,-1.1260623,-0.076889545,3.6230958,-2.561317,0.50762224,2.686267,-1.6818669,1.2485478,-1.2580044,-0.60869527,-1.4404955,43
0.049976006,-1.4424205,-0.0546439,-0.20929366,1.851336,-0.56222403,-0.053029004,3.1256893,-2.0296943,0.6300621,2.539125,-1.4385048,1.0226258,-1.4025863,-0.78320974,-1.3046014,43
0.049768135,-1.7682964,0.46025977,-0.26223668,1.8474256,-1.2466949,0.15144561,3.7046082,-2.5339603,1.2197449,2.80177,-1.6301998,0.94788575,-1.6561294,-0.5009384,-1.3915927,43
-0.06496751,-1.6123123,0.15252718,-0.30579507,2.1057496,-0.98443055,-0.069373176,3.6420236,-2.4237278,1.0856427,2.722247,-1.36158,0.72928613,-1.540486,-0.78579926,-1.2987101,43
-0.25206637,-0.9618734,0.23490685,-0.3222782,1.9924475,-1.2854491,-0.14568582,3.4026418,-2.2252512,1.0588278,2.4678943,-1.114643,0.77542925,-1.6220192,-0.6747176,-0.9381636,43
-0.42809728,-0.36159953,-0.059852615,-0.19250733,2.170345,-0.97342587,-0.289957,3.0117316,-1.769182,0.37924904,1.8833169,-1.0796064,0.8288454,-1.4840646,-1.034628,-0.4063242,80
0.1595633,-1.408386,0.15646201,-0.26334056,1.2950706,-0.79348767,0.054050297,2.939296,-2.2327783,0.53111744,2.4382896,-1.3545852,1.0985035,-1.2163216,-0.32947537,-1.5465667,43
0.67223305,-2.1915536,0.3003928,0.33050615,0.6369525,-1.9264932,0.21933778,2.7602224,-2.5665154,-0.5335619,2.4117904,-3.1104088,1.1542404,-0.8866718,-0.2976229,-1.0946504,80
-0.31674623,-0.8034972,-0.12887439,-0.20080721,1.9814444,-0.8119403,-0.25157547,3.1061435,-2.1092322,0.53291005,2.126515,-0.8781636,0.7336501,-1.3849351,-0.77506685,-0.78381354,43
-0.30345112,-1.5133283,-0.03366667,-0.25851914,1.4214162,-0.99115837,-0.08027969,3.2418137,-2.3748481,0.15673967,2.6055143,-1.4564848,1.0775474,-1.1638812,-0.16735256,-1.3552823,80
-0.15007377,-1.2151644,-0.031104714,-0.36243707,1.84413,-0.83655536,-0.20756212,3.2408476,-2.3372772,0.12791988,2.3394895,-1.276202,1.2459092,-1.0604286,-0.6188676,-1.3737814,80
-0.22245024,-1.3994212,-0.4054039,-0.26609713,2.0822294,-0.24794579,0.020391114,3.078385,-2.035374,0.48112684,2.3653855,-1.2529418,0.9169821,-1.3643931,-0.6520303,-1.304034,43
-0.1511193,-1.4545377,0.14024101,-0.31374353,1.8457066,-0.8819537,-0.009921003,3.45392,-2.3979373,0.78980523,2.631272,-1.2333657,1.023054,-1.4700483,-0.4604909,-1.4358976,43
-0.23086047,-1.4566902,-0.102968276,-0.3397801,2.0490208,-0.79091966,-0.07977122,3.3889976,-2.3077538,0.8238357,2.556204,-1.1793622,0.6435558,-1.4280473,-0.6012441,-1.355613,43
-0.41610605,-0.7431201,0.20790227,-0.22123855,2.0130544,-1.258395,-0.20847875,3.3519895,-2.1067445,0.69509465,2.1988492,-1.4758104,1.0141584,-1.6944046,-0.88988334,-0.8995123,80
-0.5995336,-0.18645872,-0.4090106,-0.08493835,2.3188355,-0.87594867,-0.34221843,3.0212471,-1.5817201,0.41442138,2.019104,-1.3137139,0.75046587,-1.866808,-1.2762815,-0.3394542,80
-0.008309498,-1.7314231,0.0389236,-0.27662122,1.4280779,-0.6750198,0.33028013,3.0697172,-2.3142593,0.73921484,2.5795686,-1.3921119,0.98814344,-1.3018099,-0.045435034,-1.6777778,43
0.29380047,-1.9302195,0.052084416,0.2664376,1.0814481,-1.5036398,0.021202382,2.9990602,-2.8296695,-0.39330798,2.0907087,-2.6198936,0.99343246,-0.7511072,-0.6153412,-1.1755257,80
-0.37917146,-0.56475914,-0.58395314,0.06413102,1.7915647,-0.63289887,-0.18627831,2.920365,-2.0150957,0.3101549,2.16722,-1.2871073,0.69622266,-1.747869,-0.8432436,-0.8473753,80
-0.48223528,-0.82233393,-0.3610735,-0.1405054,1.6430241,-0.44406658,-0.1042341,2.859976,-2.0852606,0.24246779,2.1391501,-0.84549534,1.0232917,-1.3411808,-0.3584243,-1.0626743,43
-0.23009998,-1.1659211,-0.2436262,-0.37981808,1.9015245,-0.6642816,-0.22923386,3.1382782,-2.3375964,-0.121305585,2.2678337,-1.0470332,1.2504085,-0.9307386,-0.5196796,-1.3740728,80
-0.30970752,-1.4756857,-0.61238253,-0.35063168,2.067361,-0.38135335,0.15025404,3.022094,-2.1010988,0.276241,2.3728998,-1.2657552,0.75809133,-1.2970252,-0.31476775,-1.3416743,43
-0.18573356,-1.396202,0.011002079,-0.3075574,1.8632861,-0.84633756,-0.08767517,3.4385896,-2.4721076,0.5509709,2.6396832,-1.0204355,1.0070876,-1.3420395,-0.40057456,-1.4672694,43
-0.3291813,-1.4696338,-0.2700299,-0.3494488,2.0520697,-0.6861937,-0.10708299,3.263157,-2.2900066,0.6848617,2.454902,-1.0220946,0.45940617,-1.3056163,-0.4793211,-1.3625062,43
-0.41526237,-0.38217205,0.2075851,-0.12859106,2.2099664,-1.1664999,-0.21955505,3.3224165,-2.0214133,0.6284373,1.9206843,-1.4973987,0.8934789,-1.7724208,-1.2037386,-0.7660113,80
-0.54209626,-0.1759413,-0.5484075,0.0064555407,2.215892,-0.8731046,-0.38676345,3.094426,-1.6329876,0.14259882,2.1604004,-1.644734,0.7186136,-2.029832,-1.349177,-0.47890148,80
-0.04069957,-1.6692525,0.1274117,-0.3654652,1.4772688,-0.9483446,0.5064441,3.0578315,-2.279305,0.8503203,2.5125954,-1.4304025,0.8092749,-1.3761339,0.16243312,-1.5997407,43
0.51913846,-1.462879,0.25470978,-0.048665643,1.3255264,-1.2291927,-0.08742976,3.089243,-2.3439367,0.09961943,2.416384,-2.242905,0.99618065,-1.0073397,-0.91107655,-1.2021544,80
-0.27819976,-0.7569619,-0.71695954,0.2182098,1.5834423,-0.7246951,-0.013929781,2.9268641,-2.0826108,0.24941361,2.3102531,-1.9204136,0.478448,-1.9277879,-0.80206674,-1.0440712,80
-0.29762775,-0.7952471,-0.48599184,0.0982663,1.4664785,-0.4178844,0.026972823,2.8248208,-2.0862246,0.20951542,2.3295362,-1.1706342,1.0015606,-1.6075709,-0.35753646,-1.0587862,80
-0.20198697,-1.6803843,-0.7353528,-0.36734933,1.7683713,-0.0636017,0.007818226,2.9366994,-2.362512,-0.3507557,2.5766482,-0.8567842,1.326064,-0.7911019,0.026023343,-1.73807,43
-0.17935267,-1.7364604,-0.6233228,-0.30321795,2.058839,-0.5133947,0.13021661,3.1380641,-2.2037263,0.31488043,2.574643,-1.3036951,0.5030382,-1.3398482,-0.26302353,-1.3127062,43
-0.22900829,-1.4056141,-0.08327791,-0.28253582,1.8866394,-0.74742806,-0.037053462,3.3459218,-2.4550173,0.36921543,2.537638,-0.972618,1.0273926,-1.2701993,-0.2703197,-1.4283402,43
-0.38799307,-1.6093746,-0.3445956,-0.39694256,2.0957305,-0.5577056,-0.07098152,3.191664,-2.1973426,0.6461752,2.431512,-1.0048114,0.40187922,-1.2522908,-0.379564,-1.3395963,43
-0.33849284,-0.43932724,0.16535458,-0.07060459,2.4000747,-1.0483245,-0.17834933,3.3798897,-2.077657,0.5895852,1.8420701,-1.4573764,0.7767973,-1.7675314,-1.2432737,-0.64305454,80
-0.59079635,-0.062075496,-0.5691276,-0.0013477206,2.0368416,-0.8209702,-0.37410203,2.8807275,-1.5267365,-0.060107037,2.0395255,-1.5816529,0.8204279,-1.9968215,-1.1554185,-0.4494488,80
0.1291072,-1.7176095,0.18625343,-0.32858643,1.3342559,-0.9305947,0.6271285,2.9554684,-2.3204825,0.9344123,2.5074518,-1.2374488,0.678949,-1.3662574,0.39977458,-1.5767717,43
0.29264078,-1.1126283,0.07575652,-0.27766362,1.290997,-0.8749615,-0.014424574,2.7198431,-1.9881003,-0.088741496,2.3004866,-1.4615909,1.3256637,-0.9386249,-0.39363375,-1.1837285,80
-0.21131936,-0.9282149,-0.6707615,0.2255044,1.4959884,-0.72239375,0.21486653,2.7929912,-2.0340412,0.18713617,2.2027826,-2.202125,0.3442912,-1.8485873,-0.6008724,-1.1216247,43
-0.13475424,-1.0882027,-0.5775672,0.14938563,1.3701427,-0.5003682,0.097963475,2.9699223,-2.213501,0.21897483,2.652597,-1.5456855,0.88646996,-1.7132584,-0.3725145,-1.2854166,43
-0.123831615,-1.621824,-1.0845699,-0.35106933,1.6103965,0.1798915,0.08550357,2.7055063,-2.3197408,-0.6439769,2.6249065,-0.8162801,1.431151,-0.77577305,0.20912504,-1.8325498,80
-0.18836704,-1.6351172,-0.64944524,-0.30473983,2.028195,-0.5558766,0.14662059,3.0219038,-2.1037638,0.39300877,2.4718406,-1.3467227,0.3002605,-1.3861926,-0.2990407,-1.2570486,43
-0.17442183,-1.394005,-0.22911096,-0.23696662,1.8408961,-0.5674585,-0.015760172,3.241315,-2.409691,0.26026633,2.5068216,-0.8978175,1.0908624,-1.294683,-0.22740912,-1.3538868,43
-0.34197348,-1.5747482,-0.3351817,-0.36527818,2.0960052,-0.4405228,0.0055425875,3.0678394,-2.046506,0.6562732,2.3493283,-0.9162705,0.3451292,-1.2968451,-0.3161703,-1.1472304,43
-0.26800263,-0.6768365,-0.13913888,-0.0583072,2.238467,-0.79003525,-0.057817835,3.2308817,-2.030999,0.5208684,1.9794222,-1.6241801,0.8167175,-1.83773,-1.076352,-0.8480816,43
-0.6256229,0.036066055,-0.4985345,-0.131654,1.9868876,-0.82966876,-0.3392519,2.7138898,-1.3565441,-0.14049736,1.8908482,-1.4989152,0.920393,-1.9230638,-1.0011925,-0.3735144,80
0.17931694,-1.6090482,0.24833363,-0.26787573,1.2024155,-0.963627,0.702058,2.8296945,-2.26608,1.0205469,2.3884802,-1.2911965,0.5271218,-1.4157908,0.41123542,-1.5396574,79
0.284836,-1.1395785,0.11138494,-0.32017803,1.4544542,-0.6457623,-0.017163377,2.7224514,-1.8893864,0.3612991,2.2475917,-1.3077649,1.2395103,-1.0934452,-0.61676323,-1.3353345,43
-0.18340924,-1.0659287,-0.6181746,0.105840504,1.4249712,-0.5941199,0.47128543,2.5994596,-1.9109517,0.20465332,2.0638552,-2.2496002,0.35407084,-1.7005335,-0.32205537,-1.2612324,43
-0.12904987,-0.93656373,-0.5854782,0.058039725,1.3852687,-0.56755906,0.21862988,2.8023648,-2.0490677,0.3710128,2.474341,-1.6717402,0.7909237,-1.7530223,-0.43290016,-1.2953842,43
-0.06744711,-1.4705962,-1.297966,-0.41636893,1.4677466,0.37761638,0.07819382,2.4548383,-2.2702703,-0.72709805,2.598479,-0.41938895,1.4670084,-0.6719007,0.37189218,-1.875035,80
-0.23191293,-1.5141271,-0.6080967,-0.27853566,2.0332055,-0.4681614,0.18677601,2.8755875,-2.0181117,0.379305,2.2092643,-1.2518787,0.20029211,-1.3683975,-0.2698534,-1.1214473,43
-0.090160005,-1.2231281,-0.3111007,-0.2004233,1.7170856,-0.40958688,0.014850393,3.0604289,-2.308912,0.2694069,2.4163058,-0.77378213,1.165997,-1.3627721,-0.24123862,-1.3077247,43
-0.26618934,-1.5714226,-0.32575166,-0.3212759,2.043868,-0.43616286,0.038227502,3.0443873,-2.0204182,0.6986153,2.368421,-0.88435555,0.29024744,-1.3346004,-0.32107565,-1.0841141,43
-0.2300841,-0.7085105,-0.36600542,-0.08985335,2.0818136,-0.6023434,0.025678743,2.9761298,-1.9697824,0.4387455,1.9780673,-1.3807126,0.82007396,-1.7794645,-0.8133611,-0.8545959,43
-0.6707894,0.24255595,-0.43083608,-0.25930452,1.9981093,-0.70865196,-0.30788085,2.4995286,-1.1549143,-0.14353198,1.595494,-1.2808331,1.0360757,-1.8848172,-0.91253936,-0.25599632,80
0.25811988,-1.5752271,0.3493305,-0.18832627,1.1124046,-1.0371653,0.84898496,2.8085408,-2.2923043,1.0504885,2.3293977,-1.4153739,0.47511807,-1.464663,0.4768025,-1.5013578,79
0.04886636,-1.3823453,-0.19265011,-0.44111118,1.7290306,-0.34175533,0.086685345,2.9022667,-2.0602896,0.5125563,2.398372,-1.0906366,1.1607698,-1.0995083,-0.44705305,-1.5871067,43
-0.17911682,-1.0868021,-0.59924024,-0.006379813,1.4834062,-0.4001543,0.5973709,2.4555552,-1.8127728,0.20593777,1.8615273,-2.1200488,0.3342234,-1.574087,-0.19408748,-1.2993042,43
-0.1760386,-0.9253415,-0.5874881,-0.023903757,1.3565296,-0.48596957,0.34283954,2.6024282,-1.9766918,0.3610677,2.214871,-1.5697422,0.7442609,-1.6411893,-0.25339293,-1.2969654,43
-0.048930738,-1.4113184,-1.3649907,-0.459355,1.412523,0.49094155,0.07558028,2.327466,-2.24465,-0.7633677,2.5355697,-0.23323053,1.4679244,-0.6113066,0.42668146,-1.9195073,80
-0.23919512,-1.5438751,-0.57392824,-0.2378239,2.065495,-0.4243613,0.24484536,2.8391683,-2.0336902,0.32380593,2.0225344,-1.3107693,0.09536201,-1.3275201,-0.26736927,-1.0651369,43
-0.08333236,-0.96206284,-0.37115318,-0.1687176,1.6087652,-0.25438428,0.047080792,2.7976184,-2.171754,0.2672789,2.2045364,-0.63348186,1.1794192,-1.4087789,-0.25724107,-1.259927,43
-0.22136705,-1.5343801,-0.3171195,-0.24845913,1.997571,-0.40343654,0.074962944,2.998079,-2.038989,0.6430626,2.297933,-0.87178516,0.22528538,-1.3544037,-0.31435513,-1.0245082,43
-0.20733443,-0.7712885,-0.51634204,-0.14611891,1.859148,-0.44451118,0.08829597,2.7179604,-1.9680445,0.37615728,1.9794633,-1.0370797,0.81644785,-1.6436406,-0.4734247,-0.96209055,43
-0.7190507,0.18479097,-0.520774,-0.25449854,1.9949843,-0.7516007,-0.36438468,2.4776874,-1.147068,-0.2034923,1.6296208,-1.2577382,0.9865783,-1.8769836,-0.896792,-0.16130897,80
0.27358553,-1.4661877,0.33060086,-0.1715095,1.0519803,-0.91067743,0.9403239,2.612785,-2.2116542,0.92225426,2.1832585,-1.2396764,0.38590586,-1.3723814,0.649363,-1.4122915,79
-0.040982656,-1.3418487,-0.29592332,-0.52708614,1.8586104,-0.58058774,0.16864477,2.9740806,-2.0787838,0.47628278,2.4400027,-1.2293009,0.9916733,-1.1206328,-0.40397683,-1.5873191,43
-0.14987147,-1.1425662,-0.5496849,-0.13190693,1.5913831,-0.28686595,0.6885202,2.38131,-1.7470934,0.21821152,1.6961374,-2.0444946,0.2657215,-1.4601318,-0.11468273,-1.3376842,43
-0.22944632,-1.0872532,-0.6369991,-0.055116624,1.3951954,-0.30368772,0.44639635,2.5236704,-1.9946103,0.21511015,2.0453143,-1.5575074,0.70837903,-1.5156373,-0.08874809,-1.3303726,43
0.0025599226,-1.4460285,-1.3750951,-0.4678419,1.4066143,0.5853344,0.13231729,2.2798052,-2.2369778,-0.72452146,2.5100899,-0.14891241,1.4987777,-0.6202386,0.48020914,-1.9477568,80
-0.21280386,-1.573202,-0.53937227,-0.22848096,2.0333169,-0.35623237,0.34131715,2.7375402,-1.9890217,0.3169439,1.8371797,-1.4042027,-0.002884835,-1.2814308,-0.24259475,-1.0720445,43
-0.07064919,-0.76384246,-0.40811253,-0.13785991,1.5055325,-0.123141035,0.10557209,2.5454488,-2.0413327,0.31033054,2.0166779,-0.48030782,1.1381358,-1.4288054,-0.21710682,-1.2003074,43
-0.1625984,-1.4699214,-0.30081642,-0.15102702,1.881813,-0.32463777,0.16370285,2.8434563,-1.9936223,0.5896619,2.156612,-0.8590653,0.14745489,-1.3838006,-0.2452684,-0.9414408,43
-0.23819758,-0.8292235,-0.61474866,-0.2013999,1.7456713,-0.11620495,0.14754327,2.4747624,-1.9103209,0.28162298,1.8198586,-0.74656624,0.8127428,-1.517994,-0.23194951,-1.0371324,43
-0.7922968,0.21513039,-0.5318051,-0.30571,2.0105295,-0.74146926,-0.36575565,2.3804555,-1.0901455,-0.24769159,1.4744358,-1.1506493,0.9541757,-1.8164129,-0.8359173,-0.05651027,80
0.36567008,-1.3091744,0.27461138,-0.038879365,0.8825214,-0.8485489,1.0152433,2.4314463,-2.1820931,0.7593204,2.0828831,-1.3208494,0.32235155,-1.3695039,0.68047094,-1.4096332,79
-0.014674224,-1.4217657,-0.45920515,-0.4717205,1.8962176,-0.60003567,0.15620574,3.0310142,-2.1906939,0.399557,2.5268164,-1.1617193,0.8919978,-1.153253,-0.34949994,-1.5460348,43
-0.054892708,-1.3787091,-0.47624993,-0.2086036,1.5966004,-0.2941994,0.81008923,2.3690317,-1.7622826,0.22347526,1.7063153,-2.073178,0.16278687,-1.3472061,0.062368665,-1.4252245,79
-0.17982355,-1.2215415,-0.6541972,-0.06430426,1.3618847,-0.18277022,0.5751316,2.420653,-2.003713,0.11989939,1.9538339,-1.5330464,0.5897501,-1.3958416,0.10169949,-1.365768,43
0.0024895445,-1.2719948,-1.3941662,-0.48150495,1.3792922,0.707126,0.10809709,2.0978243,-2.1352336,-0.70651054,2.3546596,0.097468376,1.3943473,-0.5978217,0.47317612,-1.8923783,43
-0.18187042,-1.7192209,-0.48917592,-0.20344365,1.9702648,-0.27134335,0.46532735,2.662021,-1.9768263,0.30881333,1.6868336,-1.6202087,-0.087530784,-1.2458214,-0.2045469,-1.1582332,79
-0.07262401,-0.6247364,-0.42476803,-0.09927207,1.45042,0.02432847,0.17591788,2.3153138,-1.9073993,0.34098685,1.8147949,-0.36264592,1.045172,-1.4481308,-0.18163437,-1.1269238,43
-0.13558012,-1.4097618,-0.34027898,-0.0419237,1.7749982,-0.15144871,0.24758048,2.6222548,-1.8969693,0.5172171,1.9527705,-0.88862526,0.069161355,-1.4361829,-0.21628866,-0.8633868,43
-0.20116898,-0.9594959,-0.6371391,-0.23789464,1.6999615,0.09696886,0.19982955,2.3414423,-1.8657118,0.25438172,1.7215374,-0.62748814,0.6641898,-1.4225184,-0.11159179,-1.1099463,43
-0.8776316,0.23041978,-0.5847959,-0.31187668,1.9637202,-0.6013125,-0.32069108,2.212184,-1.0344173,-0.34117633,1.2417479,-1.1421351,0.9398465,-1.7430788,-0.77406156,-0.03820944,80
0.47866213,-1.29333,0.3374728,0.07649249,0.7330949,-0.8675494,1.1047633,2.3609412,-2.1956222,0.7087985,2.0333571,-1.5602304,0.206483,-1.4034618,0.66152424,-1.4384172,79
-0.093585044,-1.2373515,-0.50420356,-0.45923766,2.013304,-0.6722717,0.09875649,3.0011973,-2.127061,0.5721398,2.388702,-1.0762274,0.6827542,-1.2548027,-0.51232594,-1.3682151,43
0.014493436,-1.6517469,-0.4368238,-0.208155,1.5600774,-0.24242014,0.9221723,2.3654206,-1.8142023,0.17718136,1.7295637,-2.1123896,0.08401997,-1.2646059,0.22506544,-1.4973116,79
-0.058498662,-1.2881693,-0.5620494,-0.06000763,1.3144528,-0.1843588,0.69784886,2.3282394,-1.9574146,0.17709067,1.8823105,-1.6257764,0.44599512,-1.3805443,0.17017886,-1.3927364,43
-0.021470748,-1.1021047,-1.4138024,-0.51892006,1.410965,0.79424846,0.06266036,1.9445399,-2.014089,-0.6950204,2.190932,0.33452508,1.2895764,-0.56565523,0.43594772,-1.7992997,43
-0.14142577,-1.7054166,-0.4070717,-0.121674776,1.9053221,-0.032176644,0.7655286,2.3232741,-1.715955,0.26365247,1.3827454,-1.6088759,-0.20605296,-1.2374227,0.03927949,-1.0030973,79
-0.09093862,-0.46845478,-0.45465547,-0.119867265,1.4297132,0.19275203,0.22480258,2.0571637,-1.7325426,0.34962463,1.5820438,-0.19920671,0.91056925,-1.4202874,-0.1318878,-1.0543188,43
-0.17698076,-1.220948,-0.46998382,-0.024248123,1.6843449,0.17817044,0.3096208,2.2318203,-1.6756335,0.3922938,1.5654917,-0.80841446,-0.027328625,-1.4074681,-0.17407027,-0.79358613,43
-0.19390395,-1.0056896,-0.5764245,-0.30815846,1.7119031,0.20574489,0.27372575,2.1840024,-1.7306427,0.3205956,1.5498106,-0.5210617,0.44045144,-1.324789,-0.015911974,-1.1010298,43
-0.97682613,0.29080877,-0.6337114,-0.35918245,1.9385922,-0.40337846,-0.22989127,1.9756962,-0.9586834,-0.45198053,0.885892,-1.0787882,0.8954759,-1.5764959,-0.6621072,-0.028638825,80
0.45400316,-1.0730088,0.3710875,0.05227822,0.6653302,-0.64192665,1.1814775,2.0304508,-1.9999955,0.6533121,1.6343217,-1.416894,-0.03365229,-1.2860557,0.71243143,-1.3427424,79
-0.22691739,-1.0188156,-0.4885766,-0.44263473,2.13588,-0.6692673,0.01627769,2.9766097,-2.087371,0.6442881,2.1656365,-0.9554621,0.56945145,-1.3275892,-0.642363,-1.1816807,43
0.04782997,-1.7622526,-0.31976047,-0.25456423,1.5816065,-0.1945003,1.0039129,2.2969398,-1.7577175,0.23422045,1.5637385,-2.1435654,-0.03043256,-1.1898103,0.2637107,-1.4957287,79
0.008478053,-1.2559189,-0.45667714,-0.082871586,1.3159157,-0.18132435,0.78138983,2.213897,-1.879136,0.23371397,1.7060747,-1.6257331,0.27810985,-1.3467534,0.20392743,-1.3703737,79
-0.017956965,-1.0579959,-1.4002836,-0.53355634,1.4235988,0.8277695,0.042100526,1.8826381,-1.9425975,-0.64123356,2.1442504,0.45288727,1.2168524,-0.5736652,0.4153979,-1.7428353,43
0.026796147,-1.8266312,-0.22677231,-0.032957673,1.7660939,-0.0061887205,1.0753869,2.1615555,-1.6530282,0.20040035,1.260452,-1.7423105,-0.19993794,-1.2289493,0.329849,-0.9177992,79
-0.061377205,-0.43856132,-0.4498371,-0.12845361,1.3860202,0.24631593,0.28002417,1.9147143,-1.6311274,0.38808584,1.5134147,-0.17464168,0.7747149,-1.4034661,-0.08031123,-1.0504906,43
-0.13217466,-1.1572156,-0.5171941,-0.04836607,1.5519353,0.39453128,0.38901794,1.9511902,-1.5295923,0.32503733,1.3096981,-0.8809811,-0.1518986,-1.359414,-0.11312673,-0.86243916,79
-0.17491664,-1.1420419,-0.46949726,-0.36575535,1.7539439,0.21480247,0.36938792,2.1340134,-1.6605648,0.3706048,1.4542807,-0.54798365,0.20112613,-1.2330103,0.080567785,-1.1104147,43
-0.99136657,0.18712565,-0.60577536,-0.37285745,1.8896619,-0.34534976,-0.07164514,1.8621857,-0.9781463,-0.52669555,0.7037459,-1.20172,0.84421307,-1.4258062,-0.5065485,-0.08708268,80
0.5925569,-1.1057007,0.5238235,0.07099074,0.5437255,-0.6380657,1.3572525,1.9293507,-1.983861,0.61740434,1.4839627,-1.5770967,-0.31721744,-1.1683499,0.8119565,-1.3665419,79
-0.3041882,-0.97701037,-0.50954646,-0.38156334,2.2248685,-0.55210024,0.006212417,2.939328,-2.075329,0.5585576,2.0212274,-0.8163495,0.5503899,-1.3519741,-0.6125479,-1.0269787,43
0.045032784,-1.9225682,-0.24743664,-0.2877243,1.6050614,-0.15533657,1.0468053,2.2844613,-1.7980727,0.19632801,1.4058042,-2.201528,-0.1994119,-1.057085,0.31253904,-1.5487239,79
0.08958565,-1.3397194,-0.3318441,-0.08614507,1.3005915,-0.20556256,0.8511058,2.2068577,-1.8907119,0.247146,1.6144106,-1.7345074,0.13473727,-1.3007383,0.23206222,-1.4036832,79
-0.10325883,-0.9145689,-1.4788709,-0.5984237,1.4737393,1.0238193,-0.005858008,1.6790638,-1.7841746,-0.65434134,1.9654549,0.80035627,1.1037391,-0.48642886,0.443947,-1.6521413,43
0.15996268,-1.9574473,-0.2797474,0.054873407,1.5730631,0.1275214,1.2075764,1.9931455,-1.6655855,-0.057779387,1.2629673,-1.7403114,-0.17094389,-1.1134744,0.5974938,-0.9515985,79
-0.050635885,-0.4244624,-0.45527953,-0.12883472,1.3308551,0.31057718,0.3446833,1.7597907,-1.5253341,0.39173388,1.430403,-0.16078673,0.6096119,-1.3665109,-0.0060208067,-1.0330622,43
-0.05719063,-1.1151164,-0.54587704,-0.08462879,1.419693,0.5783882,0.513662,1.6892437,-1.3987405,0.2576838,1.0739074,-0.98942304,-0.32110518,-1.2848848,-0.021224834,-0.95881134,79
-0.20511681,-1.0792422,-0.45420074,-0.45704666,1.7853732,0.3785521,0.44272202,1.8891141,-1.4528207,0.39519012,1.2147081,-0.35624906,-0.06366595,-1.0900927,0.20314628,-1.0580634,79
-0.46018064,-0.1912539,-0.24906504,-0.07218495,2.25649,-0.20899236,0.5915205,1.9870734,-1.16201,-0.19555937,0.7397239,-1.1113379,0.9202712,-1.5380759,-0.2647113,0.19544029,43
0.761417,-1.1994433,0.6984796,0.0301162,0.47436666,-0.65425867,1.5684279,1.8821659,-2.01267,0.5042067,1.3226773,-1.771538,-0.7196765,-0.94570804,0.9719451,-1.4113505,36
-0.3131839,-0.94397783,-0.50893664,-0.3566292,2.2429047,-0.48308474,0.00793777,2.8661919,-2.0188792,0.536729,1.9433975,-0.7210596,0.50520235,-1.3588203,-0.5856462,-0.9442969,43
0.029189587,-2.0781724,-0.1484246,-0.3651172,1.6692057,-0.12699525,1.1133437,2.2769046,-1.82419,0.17977318,1.2290847,-2.2321277,-0.38285917,-0.901064,0.3886975,-1.59355,79
0.07472439,-1.386012,-0.3068446,-0.11118165,1.3283533,-0.085195616,0.8918543,2.1257977,-1.8833206,0.1368115,1.3789084,-1.7370133,-0.07458594,-1.1596483,0.28343934,-1.4168863,79
-0.14477721,-0.92825186,-1.510371,-0.62632465,1.4728419,1.1420279,-0.0088650845,1.5954082,-1.7025757,-0.6451007,1.9151218,0.921265,1.0408567,-0.4578833,0.48714307,-1.6139674,43
0.22733608,-2.0634859,-0.52744526,0.085270464,1.3959849,0.44832125,1.1301347,1.8095803,-1.691711,-0.41446173,1.40427,-1.364063,0.0785088,-0.916956,0.8833277,-0.97331756,79
-0.036186583,-0.37735775,-0.43594682,-0.1462627,1.2520306,0.4179224,0.43599847,1.5777502,-1.388069,0.36991954,1.2900903,-0.13985714,0.4590659,-1.3021867,0.09678513,-0.9938209,43
0.021676108,-0.95731425,-0.53109956,-0.1952985,1.3461746,0.60325253,0.64846224,1.486589,-1.283217,0.1826078,0.83261585,-1.1250817,-0.52660793,-1.1464944,0.056109793,-1.0826495,79
-0.15492153,-1.1984087,-0.33278412,-0.43725058,1.7928232,0.35675576,0.6176006,1.8787652,-1.4426756,0.3387727,1.0750062,-0.6067799,-0.1808815,-1.0460129,0.29238096,-1.0523307,79
-0.2067273,-0.22677496,-0.26836562,0.009286463,2.253477,-0.09127019,0.71087784,1.9510217,-1.2404251,-0.17625414,0.7990092,-0.9291202,0.8840986,-1.5039725,-0.21920255,0.17434123,43
0.7119582,-0.96757185,0.66106254,-0.09992984,0.51892686,-0.39980164,1.7252021,1.5887748,-1.9017512,0.28635222,0.89102256,-1.4294032,-1.075482,-0.5714963,1.2182655,-1.3162758,36
-0.31814206,-1.0212672,-0.50525814,-0.31221026,2.2364633,-0.4198655,0.025874302,2.8455534,-1.9915514,0.5200857,1.9259018,-0.78947496,0.47076046,-1.3941963,-0.5842409,-0.93633586,43
0.12541565,-2.3543177,0.20272869,-0.42451814,1.819487,-0.10711129,1.1999816,2.35875,-1.7502521,0.45961475,1.1969931,-2.1584642,-0.496541,-0.8479638,0.39755535,-1.5625949,36
0.058162704,-1.4525557,-0.25089687,-0.18597409,1.4091066,-0.0114381015,0.9813059,2.060326,-1.8798091,0.027093511,1.1207103,-1.7551255,-0.29749027,-0.96309733,0.37715846,-1.4667528,79
-0.23483422,-1.034995,-1.5497749,-0.655678,1.4760598,1.2010658,-0.021953221,1.5940429,-1.6771591,-0.67100906,1.9233834,0.8816285,0.9787366,-0.43252754,0.52124673,-1.6391523,43
0.24021554,-2.3341253,-0.8736374,-0.13896883,1.3028748,1.0232692,1.0313735,1.4441249,-1.6147128,-0.87982535,1.5140438,-0.5479374,0.3203196,-0.38451838,1.4445384,-1.0577843,79
-0.030424424,-0.3974917,-0.3693133,-0.20297855,1.1739126,0.43148026,0.50074977,1.4678854,-1.2722486,0.37999332,1.2386744,-0.21845382,0.32528824,-1.2315893,0.18469876,-1.0111177,43
0.06768033,-0.8257551,-0.48346812,-0.348395,1.3585513,0.5049883,0.7333462,1.389158,-1.2348193,0.10918557,0.6900762,-1.2123759,-0.6691348,-0.9510564,0.113124914,-1.2389882,79
-0.09817946,-1.3152914,-0.23781139,-0.45717603,1.7446647,0.33332542,0.7774549,1.8579605,-1.437372,0.2872386,0.9956818,-0.85802877,-0.22726518,-0.988728,0.40247253,-1.1187229,79
-0.18749568,-0.16845733,-0.40258878,-0.05643788,2.2732444,0.060321957,0.7053442,1.7459245,-1.1115866,-0.11111386,0.73032165,-0.71774465,0.8177422,-1.3802097,-0.27966082,0.13518408,43
0.9227206,-1.5097317,1.2943275,-0.19863957,0.49224705,-0.117099494,1.9267098,1.4724839,-1.4144465,0.84767073,0.84088004,-1.6714836,-1.1262245,-0.6107471,1.1421072,-1.5223546,36
-0.3804523,-0.95470655,-0.5672258,-0.35630506,2.253084,-0.21208835,0.030146252,2.6661658,-1.8638018,0.46019,1.7371156,-0.64079404,0.40174863,-1.3184417,-0.5346334,-0.9181876,43
0.1609917,-2.5299623,0.22154614,-0.48857448,2.0021882,-0.027070105,1.0452318,2.5155423,-1.8680385,0.4997375,1.3230413,-1.9057639,-0.47965285,-0.7646357,0.307063,-1.6647544,36
0.23962015,-1.7707632,0.16522403,-0.1795241,1.528666,0.019254416,1.0337667,2.2107365,-1.8156949,0.39681172,1.1372157,-1.8817673,-0.334141,-1.030028,0.18380038,-1.5668743,36
-0.37093174,-1.1648012,-1.6090119,-0.6937894,1.4821953,1.2645766,0.004017804,1.5385844,-1.6231995,-0.66979635,1.9049006,0.8988924,0.86851585,-0.38396162,0.64720136,-1.6317759,43
0.1312037,-2.7840495,-1.1180811,-0.25872052,1.2750467,1.2753997,1.0343986,1.3301343,-1.6729721,-1.208124,1.5980681,-0.29394516,0.18652454,0.075623766,1.8442662,-1.1912203,65
-0.15183744,-0.58542717,-0.37506205,-0.32262176,1.181926,0.46016303,0.5539805,1.4095539,-1.2206557,0.33400327,1.2396061,-0.20835608,0.20701438,-1.0557188,0.39255127,-1.0735502,79
0.19680479,-1.4336603,-0.18667611,-0.36175776,1.3742725,0.41898724,0.662099,1.6568452,-1.2936326,0.45188177,1.0727029,-1.2795309,-0.69350815,-0.9407342,0.012232371,-1.5126035,79
-0.22634599,-1.3059227,-0.38010204,-0.6483697,1.6451144,0.5587336,0.7275046,1.5925555,-1.2860111,0.2333597,0.8525081,-0.6394315,-0.3584682,-0.77712244,0.5645046,-1.2689576,79
-0.273117,-0.13753909,-0.5938861,-0.17721981,2.323572,0.21742412,0.61823535,1.5752549,-1.0666636,-0.1654537,0.59459496,-0.3123765,0.7880212,-1.1481781,-0.2107774,0.20699686,43
0.8899358,-1.8329818,1.4269819,-0.31792146,0.6774704,-0.043209523,2.0201035,1.5134901,-1.31246,0.8919374,0.79951066,-1.6855911,-1.2502366,-0.58216214,1.2721072,-1.5647175,36
-0.3710945,-1.0705882,-0.5777271,-0.36081773,2.2156932,-0.1327342,0.049679678,2.6421194,-1.8597289,0.4417873,1.7205691,-0.7252881,0.35156122,-1.2905415,-0.51140416,-0.99129844,43
0.08388631,-2.6683145,-0.018020928,-0.45907176,2.036437,0.15785176,0.81354505,2.5499103,-1.9949887,0.2244704,1.4410615,-1.6312453,-0.33000427,-0.6901013,0.30161068,-1.7342539,79
0.31602672,-1.9259567,0.28107315,-0.20635693,1.5746002,-0.021935076,0.95876694,2.327546,-1.8528214,0.48414493,1.2115779,-1.9206345,-0.45179972,-1.0505525,0.08450994,-1.6806836,36
-0.437881,-1.3798691,-1.6605992,-0.68224967,1.3943428,1.3843017,0.08200971,1.4884448,-1.5905927,-0.6919605,1.8963332,0.7281352,0.8401197,-0.38438106,0.77987987,-1.6638732,43
-0.03696411,-2.9340045,-1.2168336,-0.21554182,1.2643474,1.2737619,0.98636514,1.374715,-1.64822,-1.2989203,1.6064444,-0.49506867,0.18354592,0.071052134,1.8206509,-1.1078349,65
-0.36030573,-1.1597598,-0.4213522,-0.40848038,1.2951434,0.76426685,0.50223964,1.512236,-1.2947859,0.39988387,1.3633789,0.11979759,0.28447768,-0.87671065,0.61562264,-1.1857266,79
0.32479554,-1.6378739,0.0039185733,-0.15893343,1.4743856,0.29097554,0.64254075,2.0159776,-1.5639521,0.4501837,1.2737434,-1.383654,-0.5981509,-1.1047344,-0.056592934,-1.4439795,79
-0.13667206,-1.8404039,-0.2767314,-0.56880677,1.524334,0.46960095,0.57173556,1.8816622,-1.4401438,0.24582458,1.2863374,-1.0000294,-0.20848009,-0.8285184,0.39763835,-1.5576353,79
-0.24214728,-0.46235922,-0.54091704,-0.2517349,2.3755047,0.250465,0.62366354,1.6645672,-1.1828972,-0.14845954,0.5665218,-0.3393109,0.5352019,-0.94322425,-0.16179296,0.12109861,43
0.7207632,-1.8484936,1.3156414,-0.3659153,0.8358021,-0.11727819,1.9651616,1.569574,-1.3450013,0.89991283,0.82129014,-1.5595948,-1.2950383,-0.5826063,1.3207797,-1.6221888,36
-0.40970224,-1.2430896,-0.6169343,-0.36972526,2.1839378,-0.08839288,0.07146412,2.6297739,-1.8843575,0.4187413,1.6862571,-0.87383103,0.24832058,-1.2340378,-0.49083188,-1.0880642,43
0.066321135,-2.4178522,-0.121150136,-0.27202183,2.0382802,0.17477643,0.599866,2.581183,-2.0709026,0.15970239,1.3944252,-1.4415178,-0.20123506,-0.8380899,0.047343567,-1.5631478,79
0.25704643,-2.0056453,0.23824155,-0.20088574,1.6596913,-0.048686057,0.75615495,2.4390004,-1.893056,0.48202562,1.3125407,-1.7436979,-0.45714834,-1.074273,-0.00023458153,-1.6474199,79
-0.45701754,-1.4929359,-1.6235728,-0.6602156,1.3020099,1.455035,0.20102647,1.3918548,-1.4985436,-0.6849722,1.7873379,0.4911472,0.79780424,-0.40979797,0.8740681,-1.6539502,43
0.04402253,-2.7541132,-1.0287929,-0.23011671,1.3178146,1.0332466,1.010411,1.4039482,-1.5656022,-1.1895498,1.5331557,-0.7043454,0.06644243,0.04372199,1.6540887,-1.0105414,79
-0.27113214,-1.5378639,-0.23009309,-0.35592836,1.2449161,0.56587374,0.3562844,1.8382492,-1.467532,0.534361,1.7150369,-0.04701899,0.2272465,-0.91069186,0.4974297,-1.3105733,79
0.32389522,-1.8910258,-0.013459414,-0.054614335,1.5780642,0.03003195,0.5012198,2.4362974,-1.8285565,0.38229614,1.6841815,-1.5281193,-0.5267803,-1.1681639,-0.17798024,-1.5005713,79
-0.07181952,-1.7893971,-0.3083137,-0.28613856,1.5896213,0.52902377,0.40003657,2.1054153,-1.603141,0.2622803,1.4181379,-0.8978598,-0.07385234,-1.114944,0.14239097,-1.3226242,79
-0.3752681,-0.8318857,-0.49097192,-0.38375157,2.494075,0.15154383,0.6189061,1.8819264,-1.3263724,-0.12273623,0.6616559,-0.44643882,0.41218022,-0.8238009,2.2895634e-05,0.041563764,43
0.680476,-2.1550047,1.2280858,-0.39009395,0.9351153,-0.2855639,1.7906077,1.9237329,-1.5464664,0.87909454,1.224822,-1.6926686,-1.1327481,-0.657392,1.2466129,-1.7658167,36
-0.4193505,-1.3244101,-0.6167461,-0.42254794,2.1462603,0.025685549,0.13395442,2.5284986,-1.8519715,0.42220855,1.5283108,-0.9042481,0.14968465,-1.1405619,-0.42255357,-1.1568413,43
0.16145581,-1.892655,-0.020184204,-0.2514651,2.1421967,0.09483811,0.35815775,2.5760992,-1.9077939,0.26457942,1.2929448,-1.1649464,-0.20879942,-0.96233755,-0.36821485,-1.2777193,79
0.20581919,-1.8970773,0.22823477,-0.17073143,1.7445863,-0.12872685,0.5919047,2.5547698,-1.9086646,0.45045394,1.3777407,-1.5804437,-0.36178982,-1.1259624,-0.13459873,-1.5216079,79
-0.454481,-1.5593231,-1.5607524,-0.55871797,1.2437599,1.5075227,0.27496216,1.3014445,-1.466054,-0.6837129,1.6715949,0.5332967,0.7322547,-0.4052322,0.99766904,-1.4760058,43
0.06434725,-2.755794,-1.032556,-0.3097452,1.3479823,0.9743506,0.9883653,1.4062638,-1.5495403,-1.183712,1.6042118,-0.64302945,-0.0024114847,0.12547739,1.6831639,-1.0574093,79
-0.235236,-1.8662475,-0.050494403,-0.303828,1.414409,0.2760385,0.21734771,2.3574107,-1.6721584,0.74681365,2.0928771,-0.2928605,0.1470324,-1.1168777,0.30312136,-1.2236855,43
0.2593896,-2.0436022,-0.041030526,-0.017809719,1.7524401,-0.26301205,0.36448953,2.835626,-2.0358143,0.45148307,1.9569476,-1.7367715,-0.429652,-1.3022454,-0.3914314,-1.466902,79
-0.15169616,-1.7962402,-0.40679264,-0.17704138,1.7425679,0.4554051,0.212492,2.3504431,-1.6681844,0.28131324,1.6326234,-0.8470694,-0.081753306,-1.2440975,-0.08303747,-1.1300449,79
-0.37946475,-0.97931266,-0.42332268,-0.5512218,2.562712,0.24642584,0.5711512,1.9643356,-1.2850559,-0.09330055,0.7361454,-0.40124574,0.268579,-0.771206,0.09697109,-0.04360816,43
0.7275428,-1.9201946,1.1567488,-0.42164314,1.1505454,-0.27051723,1.4673814,2.1406634,-1.4944015,1.0746617,1.4023141,-1.6447934,-1.1559199,-0.8304639,0.6903686,-1.6656148,36
-0.38569853,-1.5043789,-0.5397971,-0.5233786,2.1328175,0.013132572,0.20565383,2.5131047,-1.8561401,0.45912832,1.4507743,-1.0800753,0.021971501,-1.0146886,-0.38431692,-1.30828,79
0.030628458,-1.7272207,-0.08431138,-0.32857573,2.3945084,0.13304487,0.17371882,2.6831462,-1.9116676,0.32270828,1.2398775,-0.99440706,-0.14385483,-0.9875361,-0.5983233,-1.1963153,79
0.18016782,-1.7946291,0.1481509,-0.18725136,1.9130138,-0.08761197,0.4029273,2.6750824,-1.905342,0.49114072,1.4438406,-1.4016424,-0.34897348,-1.1820543,-0.37020457,-1.4053435,79
-0.4247142,-1.8705581,-1.4737036,-0.4429159,1.2157301,1.4893416,0.361909,1.3758299,-1.6066616,-0.79216707,1.681257,0.5261539,0.6981567,-0.30012295,1.2271416,-1.2782266,43
0.033110455,-2.8286414,-1.0546286,-0.3540976,1.3490056,0.8611095,0.9868974,1.4721282,-1.6022065,-1.1879355,1.6721734,-0.747682,-0.0046205893,0.1685427,1.6949658,-1.1624991,79
-0.17187041,-1.9707745,0.033700682,-0.30197456,1.5092034,0.09217167,0.21563642,2.6606371,-1.7830168,0.7906733,2.2510834,-0.61987066,0.19555473,-1.238825,0.15487,-1.2256205,43
0.28037572,-1.9619541,0.013345644,-0.008456588,1.9691494,-0.4903751,0.2343479,3.1297522,-2.108167,0.6417441,2.0766535,-1.8660117,-0.405581,-1.505977,-0.71687037,-1.3273549,79
-0.059083078,-2.135181,-0.24871331,-0.047363997,1.9501352,-0.08457342,0.18002181,3.0113666,-2.0507028,0.34819722,2.0790005,-1.4544796,0.048928104,-1.4257927,-0.36818358,-1.1096712,43
-0.33065653,-1.1327587,-0.31899023,-0.71033126,2.576977,0.48588285,0.596156,1.8849884,-1.1806326,-0.08996658,0.66642964,-0.26121464,-0.066518225,-0.5574389,0.2412565,-0.2268024,79
0.6275936,-1.796151,1.0713897,-0.42745355,1.2824168,-0.4324836,1.2948521,2.419634,-1.605847,1.1100949,1.55461,-1.8137074,-0.9352425,-0.97378844,0.38545334,-1.6485741,36
-0.3570489,-1.6824609,-0.3755021,-0.58754873,2.2327535,0.04409656,0.23268555,2.552158,-1.8142233,0.64652044,1.4110063,-1.0557728,-0.056205504,-0.9870196,-0.42094836,-1.3477626,79
-0.08996625,-1.5843982,-0.16694045,-0.37490314,2.5045652,0.12815848,0.05350678,2.7326717,-1.9176198,0.3342055,1.215008,-0.87045705,-0.096137814,-1.0016458,-0.7004653,-1.1210438,79
0.021658868,-1.6169109,0.128687,-0.2541039,2.1857674,-0.17667165,0.27065882,2.8674703,-1.9027014,0.6851315,1.442479,-1.3994553,-0.3031416,-1.3100121,-0.666161,-1.2681723,79
-0.5175278,-1.8871748,-1.586493,-0.4542128,1.2419196,1.7239159,0.3560345,1.2826861,-1.6026134,-0.9495402,1.535951,0.93137455,0.83598274,-0.1521608,1.384295,-1.2070243,43
-0.086379506,-2.964747,-1.2669907,-0.43524,1.3430594,1.0903653,0.9858677,1.3284502,-1.5121589,-1.2459642,1.617685,-0.73650795,-0.08441725,0.30020624,1.7191925,-1.3450398,79
-0.048404194,-2.0066307,0.02451995,-0.24480972,1.5760443,-0.050053746,0.20787728,2.8893769,-1.8816717,0.7558793,2.4045477,-0.966594,0.19076586,-1.3437303,-0.085464425,-1.2272756,43
0.11806905,-2.0212243,-0.14434463,-0.105721146,2.134293,-0.40512508,0.16182697,3.222361,-2.1355507,0.65297014,2.162157,-1.7768848,-0.2933274,-1.4942282,-0.739853,-1.3515768,79
-0.1371176,-1.8154392,-0.28976834,-0.074971616,2.1100194,-0.054350972,0.054133307,2.9940932,-1.9110422,0.5338448,1.968268,-1.2350819,0.021365456,-1.5435401,-0.59927946,-0.83470935,43
-0.44831726,-1.2360177,-0.38368893,-0.7752061,2.558062,0.65202546,0.5844863,1.7934326,-1.1213129,-0.1106434,0.54215384,-0.18870038,-0.22333762,-0.42770118,0.3253014,-0.31669977,79
0.47161692,-1.6526229,0.8712916,-0.3977243,1.3507326,-0.48239365,1.0704755,2.5572243,-1.7060649,0.9800637,1.5914968,-1.8211101,-0.6808362,-1.0945538,0.18147302,-1.5503719,36
-0.17173976,-1.9717543,-0.27589297,-0.53579366,2.2142103,0.052657694,0.13923013,2.764252,-1.9485936,0.70479596,1.6826574,-1.1190997,-0.04852379,-1.0672776,-0.52307266,-1.5012419,79
-0.2573514,-1.4540778,-0.3215657,-0.38548928,2.5704477,0.17100123,-0.05769587,2.711958,-1.9175175,0.3093676,1.1631896,-0.7291684,-0.09106452,-0.9942017,-0.7645869,-1.0590224,43
-0.13119039,-1.6189874,-0.036841467,-0.31086516,2.2601073,-0.118579924,0.19515993,2.8837488,-1.9220312,0.60702986,1.482877,-1.2020346,-0.21331275,-1.2636797,-0.593256,-1.1819274,79
-0.62873644,-2.0412977,-1.6376679,-0.495954,1.2573044,1.7086447,0.40090713,1.3102149,-1.5865799,-0.98137134,1.5921686,0.85613286,0.7735883,-0.06540777,1.4951563,-1.2074971,43
-0.1059576,-3.1011367,-1.3227732,-0.50612915,1.334091,1.2057575,1.0702909,1.2277186,-1.4656568,-1.2706065,1.5683186,-0.7590297,-0.17055586,0.44839185,1.8168613,-1.501096,79
0.0022856593,-1.7350153,0.094518244,-0.20057645,1.7418857,-0.23864363,0.2263085,2.9718845,-1.7983149,0.9016925,2.351661,-1.1330867,0.037376106,-1.4800094,-0.38294947,-1.0185785,43
0.03703919,-1.9736351,-0.27957773,-0.15129584,2.1910279,-0.20622009,0.08461906,3.1167858,-2.0741706,0.6343937,2.11905,-1.4658216,-0.32916182,-1.4142632,-0.7093678,-1.2881229,79
-0.33355832,-1.628136,-0.51747626,-0.20473152,2.2056344,0.31945077,-0.032763604,2.7113593,-1.6966268,0.5533157,1.774831,-0.6679772,-0.0342585,-1.408237,-0.5082378,-0.71637625,43
-0.42566827,-1.1897587,-0.51025605,-0.64111304,2.4848855,0.8471432,0.5619761,1.6851246,-1.1781305,-0.31205422,0.35917252,-0.2414478,-0.20653883,-0.37941712,0.23932832,-0.3871402,79
0.19944707,-1.4767904,0.5710286,-0.3630938,1.4500754,-0.31603092,0.86200696,2.5146842,-1.7398909,0.80872893,1.4559383,-1.4813147,-0.5438755,-1.118187,0.1325693,-1.3865991,79
-0.18259814,-2.1141348,-0.41934478,-0.46953836,2.0964978,0.0739966,-0.035556275,2.7938464,-1.9935913,0.58078694,1.8827784,-1.1016984,0.03915032,-1.093287,-0.56212234,-1.561708,43
-0.38165414,-1.3825022,-0.46638978,-0.432529,2.5938373,0.29343912,-0.14201349,2.6132557,-1.8503007,0.27455163,1.1246741,-0.55107474,-0.14414558,-0.91224015,-0.7747888,-1.0566332,43
-0.24779084,-1.5896848,-0.21192676,-0.3313126,2.279939,-0.013479263,0.10893242,2.8151045,-1.895634,0.57487875,1.4873601,-0.9971942,-0.23619685,-1.2088306,-0.5830989,-1.1162455,79
-0.43771964,-2.6850505,-1.5782678,-0.4834466,1.2702079,1.4388765,0.53686744,1.6610882,-1.8342187,-1.182109,2.0405145,0.17441416,0.68315876,0.066534206,1.5557092,-1.534369,43
-0.022935972,-3.266184,-1.2666261,-0.5468112,1.3495134,1.1593553,1.1584798,1.2372874,-1.4963213,-1.2939396,1.6083858,-0.9150572,-0.29456645,0.58633924,1.8543681,-1.6599832,79
0.027749628,-1.7170528,0.024449952,-0.2453308,1.8703313,-0.12148507,0.24096654,2.906799,-1.6983284,0.8809717,2.2900844,-1.1302156,-0.13273564,-1.397414,-0.4824094,-1.0110743,79
-0.06638342,-1.9170924,-0.4424078,-0.2575333,2.2447114,0.09895679,-0.0026698448,2.885389,-1.9257232,0.5703474,1.9843434,-1.0808157,-0.428076,-1.2217094,-0.66374964,-1.2661858,79
-0.17881668,-2.1083581,-0.4641832,-0.17825949,2.2446437,0.062855154,-0.049608763,3.0136647,-1.8808502,0.50693655,2.2072716,-1.1708295,-0.14096507,-1.3387884,-0.6432778,-0.9349303,43
-0.3948472,-1.0553194,-0.66406876,-0.54451305,2.41275,1.0697687,0.50340116,1.5147947,-1.1259134,-0.5293529,0.20461598,-0.3440239,-0.12399011,-0.34333593,0.0776407,-0.450387,79
-0.009637043,-1.4941627,0.4013813,-0.35619184,1.6147722,-0.28342524,0.73298055,2.6103702,-1.8172858,0.66546017,1.4509742,-1.366969,-0.34032765,-1.1321173,0.105373055,-1.2705729,79
-0.2210705,-1.9020638,-0.49778235,-0.36916912,2.0823836,0.082035124,-0.21298337,2.781875,-1.9655652,0.5498744,1.8948264,-0.8383831,0.1029779,-1.1807806,-0.6841175,-1.3435528,43
-0.45502096,-1.4006677,-0.56931967,-0.4840011,2.574175,0.4543107,-0.21116722,2.5260894,-1.7546024,0.260052,1.137787,-0.47658154,-0.19506803,-0.8393341,-0.81036407,-1.0933938,43
-0.36706057,-1.5446466,-0.35600287,-0.37904918,2.319131,0.13126019,0.019851975,2.7133315,-1.8361449,0.53373474,1.4071323,-0.8035486,-0.27283755,-1.1216705,-0.6096921,-1.0643119,79
-0.34463906,-2.9852197,-1.542841,-0.51950705,1.219513,1.3864496,0.66283154,1.708415,-1.8884144,-1.1965607,2.1446848,-0.06830704,0.63615,0.1399816,1.6906705,-1.6866827,43
-0.052284654,-3.2824337,-1.2811632,-0.5839977,1.3193752,1.2632047,1.2218082,1.0950756,-1.4244784,-1.2748747,1.4876461,-0.83496106,-0.3467223,0.67573726,1.945542,-1.6641808,79
0.05421339,-1.8225896,-0.095396,-0.23929298,1.8431201,0.012298822,0.26919577,2.8009553,-1.6593363,0.7747946,2.271379,-1.108993,-0.20314884,-1.3204932,-0.41730216,-1.0231035,79
-0.09997181,-2.0978494,-0.4775951,-0.3064593,2.2231634,0.16883683,-0.014883291,2.8544848,-1.912842,0.5483543,2.0083756,-1.1208409,-0.46601567,-1.0988756,-0.6482185,-1.3531163,79
-0.19155423,-2.103345,-0.5628066,-0.24982287,2.2100408,0.2950047,-0.099481106,2.7977076,-1.7649598,0.45430785,2.0935025,-0.9685581,-0.23902178,-1.1744953,-0.6209853,-0.9895204,43
-0.37465677,-0.9596846,-0.66990644,-0.5171916,2.3309305,1.1467985,0.47325182,1.3946427,-1.0681748,-0.6641574,0.099882886,-0.43768215,-0.01906041,-0.26493877,0.006783828,-0.4804145,79
-0.14375122,-1.5323167,0.23677817,-0.3493206,1.6969604,-0.20784254,0.641363,2.6426837,-1.8318132,0.61643296,1.4636078,-1.2709396,-0.211411,-1.1585054,0.07181824,-1.1677172,79
-0.29819253,-1.811007,-0.569132,-0.32426745,2.189307,0.06857163,-0.34815043,2.8753266,-2.0025926,0.54774666,1.883059,-0.6974919,0.17113927,-1.2486017,-0.8266698,-1.1376772,43
-0.48429537,-1.3975155,-0.5851926,-0.5067654,2.4925373,0.5600369,-0.2300281,2.4617913,-1.6850326,0.28799102,1.139437,-0.4420181,-0.17943183,-0.812804,-0.8095995,-1.0998585,43
-0.4711699,-1.539719,-0.48148394,-0.38009155,2.2731843,0.28296545,-0.05411944,2.6057854,-1.7765008,0.51317525,1.3462846,-0.6938602,-0.28423038,-1.0710309,-0.6439815,-1.0317836,79
-0.2878828,-3.2418966,-1.6159399,-0.6547099,1.2039973,1.5938905,0.64789987,1.6606663,-1.8436025,-1.2306104,2.249497,-0.0924366,0.60832125,0.28844494,1.7425522,-1.9558501,43
-0.10650197,-3.2921433,-1.2533343,-0.61559653,1.2791761,1.3751856,1.2973901,0.98715436,-1.4073181,-1.2599715,1.3365142,-0.68950367,-0.31819955,0.76359445,2.1050267,-1.6475554,65
0.020349815,-1.7321441,-0.25858918,-0.25565922,1.8170815,0.2325128,0.28414503,2.5680397,-1.5481935,0.61958987,2.0581298,-0.98714113,-0.22505611,-1.2412126,-0.35965717,-0.98512137,79
-0.16376095,-1.9981478,-0.51600784,-0.36854714,2.1533213,0.36108556,0.01093946,2.605023,-1.7341503,0.5588119,1.7985524,-0.9780036,-0.51765573,-1.001578,-0.599984,-1.3317008,79
-0.2148507,-2.0694988,-0.6573337,-0.3183655,2.1631813,0.5305419,-0.11168401,2.5718331,-1.6674976,0.37339664,1.9119552,-0.8219056,-0.32039204,-1.0006024,-0.5972752,-1.0790235,43
-0.36290205,-0.8589616,-0.60893947,-0.51364344,2.2761364,1.1668316,0.48043707,1.2528317,-1.012021,-0.78621274,-0.0058244765,-0.38949767,0.0044031963,-0.092417546,0.037282832,-0.49276632,79
-0.33570483,-1.2366583,-0.0040326715,-0.40881884,1.7137562,0.18781951,0.54213715,2.2848668,-1.5720781,0.6072543,1.1402963,-0.7268207,-0.20355782,-1.115194,0.10710045,-0.93134147,79
-0.4490665,-1.6423554,-0.64947903,-0.3400556,2.3728745,0.19379553,-0.49065268,2.8860528,-1.9270122,0.65706474,1.7752534,-0.55235434,0.13732296,-1.3037794,-1.0598532,-0.9944011,43
-0.5091038,-1.295544,-0.5505294,-0.54768497,2.4034889,0.666934,-0.22677368,2.3360312,-1.5780338,0.3298015,1.0513021,-0.33292037,-0.15996853,-0.7575898,-0.7795013,-1.0743629,43
-0.52240306,-1.3707823,-0.52292955,-0.3973332,2.2049372,0.4831697,-0.07487336,2.3965023,-1.6458706,0.48846346,1.1553582,-0.48949867,-0.28275165,-1.0012094,-0.63074684,-0.96093166,79
-0.29242992,-3.3843243,-1.5176175,-0.70396614,1.2105051,1.4690853,0.7795621,1.6841295,-1.8282995,-1.119171,2.2655532,-0.27146882,0.58472276,0.31365955,1.8441304,-2.0101178,43
-0.18906927,-3.374302,-1.3010409,-0.6349462,1.2504898,1.54418,1.3187052,0.91150844,-1.4014579,-1.3024877,1.269136,-0.6069452,-0.3146208,0.87251264,2.1813748,-1.6815913,19
-0.005950749,-1.6482661,-0.39603978,-0.25820938,1.7910731,0.38764855,0.29715657,2.3418012,-1.4161155,0.49538004,1.8875035,-0.95558095,-0.28947216,-1.1798519,-0.34990236,-0.96295744,79
-0.20020066,-1.8990716,-0.4951203,-0.3943332,2.0973394,0.4519165,0.072370395,2.4103637,-1.5914321,0.5738436,1.6027234,-0.938306,-0.57407856,-0.93799734,-0.5760037,-1.2767,79
-0.19007479,-2.0408025,-0.6471345,-0.33182383,2.0986288,0.53666556,-0.033688273,2.4352386,-1.5874513,0.34074485,1.8011439,-0.95571756,-0.369942,-0.9372494,-0.59839946,-1.135738,79
-0.3462481,-0.80118966,-0.5325854,-0.53423095,2.2323747,1.1847883,0.5333587,1.1424686,-0.95169187,-0.7878603,-0.076204866,-0.3810229,0.04808297,-0.0030326769,0.09574872,-0.5127436,79
-0.38675907,-1.186047,-0.08129075,-0.41515407,1.7170066,0.3194119,0.4779034,2.1622312,-1.4603604,0.5783997,1.0570178,-0.62182415,-0.22298664,-1.0807214,0.050744668,-0.83893806,79
-0.5004071,-1.6251022,-0.7041949,-0.30961633,2.4061856,0.2376366,-0.49270648,2.8697345,-1.929898,0.61623096,1.7762613,-0.4782707,0.07135101,-1.2677149,-1.0245321,-0.9425777,43
-0.5046601,-1.268794,-0.52710843,-0.5786629,2.3244836,0.7898725,-0.23842755,2.2197168,-1.4422059,0.36484104,1.0270278,-0.36088806,-0.2102527,-0.69656825,-0.8425553,-1.1033292,79
-0.5018381,-1.304844,-0.49876797,-0.40050724,2.1316905,0.5703286,-0.08770761,2.2804844,-1.5601221,0.46625477,1.0916148,-0.48864663,-0.3019556,-0.93784755,-0.6750258,-0.9678599,79
-0.36254483,-3.2726932,-1.5800543,-0.79107296,1.2227198,1.746904,0.79115206,1.4175928,-1.6259841,-1.068617,2.069097,0.030684412,0.5165303,0.4121788,1.9339157,-1.9764273,79
-0.3066639,-3.4899805,-1.4321854,-0.6057297,1.2680479,1.7501909,1.2795995,0.896284,-1.4103305,-1.4023672,1.2554593,-0.6328702,-0.3276034,0.9389687,2.1060147,-1.7267454,19
-0.0030349419,-1.6330664,-0.5014521,-0.26227558,1.7625624,0.49593714,0.33227906,2.1520114,-1.2879887,0.40556693,1.7951651,-1.0035393,-0.37743104,-1.1288749,-0.33328173,-0.9763412,79
-0.23836377,-1.826573,-0.47986662,-0.42451894,2.0589647,0.5386882,0.14520596,2.2428093,-1.4672309,0.57062966,1.4239495,-0.9337622,-0.61090887,-0.8725165,-0.5454929,-1.2374454,79
-0.21147838,-1.9159572,-0.7029431,-0.3645552,2.0553389,0.7000127,0.036196966,2.173454,-1.3967583,0.32136256,1.5971953,-0.9220177,-0.45903912,-0.865778,-0.57477313,-1.1192982,79
-0.34771192,-0.88676476,-0.4971972,-0.6000781,2.227337,1.2353309,0.6319434,1.1099095,-0.959569,-0.8135602,-0.11364624,-0.42449102,0.09131155,0.119958624,0.23054257,-0.5943333,79
-0.36909494,-1.3003852,-0.109929204,-0.37040338,1.6858202,0.35720167,0.45823944,2.1186552,-1.4056818,0.5611875,1.1006218,-0.7621205,-0.3133246,-1.0402721,-0.04875038,-0.8507495,79
-0.4760096,-1.646178,-0.6996443,-0.32466954,2.4213462,0.247511,-0.50243396,2.8469088,-1.8825116,0.6165284,1.8149215,-0.5293075,-0.021847159,-1.2150518,-1.0727636,-0.96770525,43
-0.4667587,-1.2455039,-0.46945298,-0.58215743,2.2344146,0.8919772,-0.20897186,2.1268005,-1.340152,0.38130027,1.0032355,-0.4264113,-0.23167682,-0.65287834,-0.8802852,-1.130991,79
-0.49193546,-1.3126891,-0.53945625,-0.40550667,2.0376427,0.7208719,-0.12297949,2.1409252,-1.4225312,0.44543654,1.0807337,-0.5304434,-0.35573906,-0.88974255,-0.7520557,-0.9807478,79
-0.3117087,-3.4135978,-1.4804149,-0.7936903,1.2770482,1.5873536,0.85400796,1.5462536,-1.699292,-1.0676357,2.1621366,-0.18515593,0.5189406,0.42256403,1.9477047,-2.0200691,79
-0.43384597,-3.5488403,-1.4720733,-0.56923324,1.3234161,1.8412248,1.2782674,0.9558121,-1.481983,-1.4853466,1.1761129,-0.6702813,-0.29928273,0.96591586,2.0690918,-1.6894758,19
-0.05035096,-1.5566341,-0.5543187,-0.31721538,1.7726097,0.5519352,0.41742527,1.9545335,-1.1651691,0.33773124,1.5868931,-0.99219036,-0.4171105,-1.0634563,-0.23228204,-0.93942666,79
-0.3230666,-1.6675036,-0.44775462,-0.46779037,2.0417542,0.6418139,0.22381507,2.0476,-1.3346356,0.5740531,1.1430224,-0.82495344,-0.6077624,-0.8139356,-0.47366217,-1.1306357,79
-0.24357563,-1.7940636,-0.69477385,-0.39542955,1.9938201,0.7838043,0.12974945,1.9700537,-1.2696717,0.3407358,1.3804114,-0.8823801,-0.50275916,-0.8177504,-0.4978538,-1.0755091,79
-0.34196553,-0.73987496,-0.3611561,-0.60983026,2.1984856,1.1852714,0.79396695,0.9907917,-0.84134054,-0.70508504,-0.26609635,-0.5561908,0.09315328,0.09538601,0.2607044,-0.6104398,79
-0.41202012,-1.1629833,-0.16948563,-0.39128876,1.6574348,0.5897511,0.49371287,1.8484908,-1.2037919,0.5345752,0.8611164,-0.59981424,-0.36204073,-0.9758929,-0.015340157,-0.749389,79
-0.47519985,-1.655367,-0.71352136,-0.36508235,2.3790348,0.3114126,-0.49371755,2.7770424,-1.7951545,0.65925497,1.8185912,-0.5411129,-0.051232226,-1.1792796,-1.088963,-0.98297155,43
-0.41682243,-1.2098123,-0.3599882,-0.57764065,2.1645772,0.9360306,-0.13468,2.0636954,-1.2731862,0.39318514,0.9481547,-0.5288287,-0.22419268,-0.6172272,-0.88653874,-1.1530964,79
-0.4863553,-1.2432843,-0.5199003,-0.4205918,1.9991742,0.8010503,-0.0655489,2.034639,-1.3325938,0.4083957,0.9860475,-0.53552365,-0.35205945,-0.84732723,-0.7226692,-0.9378862,79
-0.32194614,-3.394774,-1.4682631,-0.8113657,1.2717831,1.6487201,0.8593411,1.462768,-1.6331418,-1.0426143,2.098332,-0.11248982,0.49300492,0.44061947,1.9875612,-1.978236,79
-0.5188118,-3.5834827,-1.4671912,-0.55102384,1.3483757,1.8778225,1.2863618,1.0039644,-1.5148691,-1.5064228,1.1275792,-0.75226635,-0.28711647,0.9568022,2.0225723,-1.6615145,19
-0.083344355,-1.6162655,-0.5837522,-0.34298557,1.7322681,0.57117784,0.47610757,1.8353864,-1.0949265,0.307387,1.4730263,-1.1054593,-0.4528859,-1.0230823,-0.17613903,-0.94823116,79
-0.36278644,-1.6034507,-0.38920736,-0.47991735,2.0013247,0.6763269,0.28177452,1.9461251,-1.2590599,0.58878654,0.9818695,-0.8677106,-0.6136405,-0.78109133,-0.46267906,-1.0830767,79
-0.21467498,-1.8786362,-0.59837264,-0.38320893,1.9597678,0.6654136,0.2478658,1.9912229,-1.2974209,0.34346956,1.3414811,-1.1434041,-0.4976286,-0.8098561,-0.45885453,-1.1111448,79
-0.37084213,-0.6901945,-0.19607776,-0.64812946,2.1053274,1.1335303,0.9940014,0.92505896,-0.74220264,-0.5269405,-0.38724238,-0.7968987,0.076009564,0.049193293,0.32820886,-0.6725615,79
-0.32930684,-1.2751476,-0.11469367,-0.39023218,1.6281096,0.5608052,0.5497999,1.8375514,-1.1702939,0.53526694,0.89171743,-0.82806075,-0.38593674,-0.9479714,-0.05488675,-0.80034614,79
-0.4909149,-1.4989074,-0.7166923,-0.41651013,2.335659,0.4573073,-0.450329,2.611938,-1.6568898,0.70486045,1.6647016,-0.4084915,-0.061971433,-1.1413853,-1.0706595,-0.9349394,43
-0.38631976,-1.2159901,-0.28218618,-0.59634817,2.0569005,1.000702,-0.06911862,1.9885714,-1.1748596,0.41131216,0.9157745,-0.70103437,-0.19562188,-0.59945023,-0.8957346,-1.2098763,79
-0.43877017,-1.2184533,-0.44482976,-0.4156438,1.9496764,0.8313378,0.00897504,1.9879215,-1.3000947,0.3992681,0.9301756,-0.63245153,-0.336603,-0.82021075,-0.71081334,-0.94955546,79
-0.38959944,-3.1816344,-1.4745924,-0.844923,1.265875,1.8296007,0.8598803,1.2224025,-1.4524273,-0.9798053,1.8545921,0.18985105,0.46788502,0.44677562,2.0683246,-1.8352921,79
-0.67221457,-3.631503,-1.5259182,-0.5694732,1.3777581,1.9372357,1.2629524,1.0310014,-1.5531164,-1.5722792,1.0993063,-0.71355015,-0.25240782,0.9835984,2.0595212,-1.6615479,19
-0.12751657,-1.6872548,-0.5750871,-0.34248617,1.7182729,0.5410392,0.567644,1.7657249,-1.0972503,0.28052646,1.3271158,-1.2264042,-0.46462926,-0.97994524,-0.09234243,-0.96131,79
-0.41125453,-1.5592093,-0.32566702,-0.4735476,1.9624182,0.6877276,0.35434508,1.8854858,-1.2350963,0.58029866,0.8410912,-0.91306114,-0.5743587,-0.75325567,-0.40863246,-1.0425042,79
-0.32994306,-1.628289,-0.6382596,-0.4710759,1.9301398,0.9143176,0.30818903,1.6664838,-1.0600156,0.3746351,0.9803733,-0.8596606,-0.5096921,-0.7525117,-0.33742088,-0.9718088,79
-0.39412504,-0.7523134,0.018379316,-0.7207377,2.0076811,1.0519577,1.2873902,0.9274297,-0.6616738,-0.32351005,-0.47408628,-1.2192014,0.04942213,0.0012248904,0.44258434,-0.81732035,36
-0.3852608,-1.2785159,-0.16906574,-0.4007449,1.5715173,0.67999506,0.6186377,1.6506543,-1.042857,0.54396355,0.7451967,-0.79204595,-0.43731055,-0.89629304,0.018990554,-0.7391823,79
-0.4923625,-1.4172982,-0.7165142,-0.46529025,2.29325,0.5906489,-0.4220918,2.4779289,-1.5169688,0.74509394,1.5882866,-0.38250765,-0.110391565,-1.0978357,-1.100941,-0.94234645,43
-0.3652706,-1.1886064,-0.20441458,-0.5750167,1.9776636,1.0487992,0.058211964,1.8944236,-1.1037452,0.39964688,0.81037027,-0.8726183,-0.17283192,-0.58289117,-0.86038715,-1.252389,79
-0.43544692,-1.240528,-0.41634148,-0.41648665,1.8876626,0.8980714,0.10036072,1.8988056,-1.2325028,0.39680022,0.8648963,-0.73502177,-0.33282423,-0.7955304,-0.6657287,-0.97584903,79
-0.24990687,-3.656876,-1.2542877,-0.73789275,1.3377764,1.3172736,0.99870163,1.6925845,-1.7699128,-1.0312958,2.205445,-0.5836396,0.49198106,0.37694103,2.0130944,-1.9847627,79
-0.9139576,-3.2499738,-1.608038,-0.5651758,1.4583837,1.8778101,1.1085238,1.062232,-1.5395292,-1.6990345,0.9684983,-0.6592033,-0.22451836,0.9382573,1.8838549,-1.5180438,65
-0.18525419,-1.7735677,-0.5614704,-0.36654502,1.7434124,0.4934536,0.6584242,1.7396405,-1.1216758,0.24718603,1.1956394,-1.3975015,-0.48692146,-0.90812105,-0.040259786,-0.99957895,79
-0.42785683,-1.5106674,-0.3394156,-0.4953853,1.9028955,0.7920679,0.41207075,1.7760862,-1.1761324,0.5423761,0.7463605,-0.9255351,-0.5807874,-0.6815909,-0.3609576,-1.0574294,79
-0.29695854,-1.83643,-0.5088552,-0.382327,1.9202421,0.67885756,0.45275688,1.8750437,-1.2740105,0.3557347,1.0536695,-1.2542458,-0.50010717,-0.7493968,-0.31498078,-1.0641127,79
-0.4230651,-0.88116825,0.23427173,-0.77696323,1.8387424,1.019986,1.590961,0.95987356,-0.6177764,-0.15733294,-0.52208245,-1.6815736,0.08952858,-0.010181077,0.6079703,-1.0132858,36
-0.3988242,-1.3150653,-0.12226272,-0.44299224,1.5836643,0.6814487,0.6973561,1.5770956,-0.9908016,0.56341463,0.639209,-0.87214065,-0.4806092,-0.8236111,0.06590359,-0.7443271,79
-0.47068,-1.4287297,-0.7085962,-0.4851145,2.2468994,0.69841707,-0.39038548,2.3984108,-1.4213624,0.7572687,1.5790504,-0.46218738,-0.16835406,-1.0522107,-1.1452223,-0.99299383,43
-0.367814,-1.1158459,-0.1462147,-0.58609337,1.9249811,1.0764421,0.2379018,1.7845145,-1.0250661,0.3816114,0.6483289,-1.0536585,-0.16108131,-0.5629608,-0.7699376,-1.2761633,79
-0.43037602,-1.2552601,-0.3497719,-0.43735585,1.8583821,0.8749541,0.23147628,1.8504808,-1.1990097,0.41769338,0.7898843,-0.89420307,-0.3662299,-0.7579798,-0.60024494,-1.0227364,79
-0.27719718,-3.5957384,-1.2164867,-0.71462274,1.3137542,1.3751819,1.0583113,1.6163679,-1.7182587,-1.0267864,2.0620995,-0.5985827,0.43721336,0.3688481,2.048495,-1.9245682,79
-1.0028114,-2.0199242,-1.6088665,-0.3476928,1.6257077,1.5976757,0.81224906,1.0398176,-1.339037,-1.6467947,0.6193904,-0.7480993,-0.10788683,0.50129175,1.1039861,-0.91856885,65
-0.24997325,-1.7592499,-0.6227676,-0.4010046,1.7030474,0.6615963,0.70264864,1.5892379,-1.090007,0.19678901,0.99292994,-1.3547616,-0.5360602,-0.790821,0.021547928,-1.0286063,79
-0.42048928,-1.5407879,-0.382796,-0.49841177,1.8226385,0.9136841,0.50440305,1.686135,-1.170556,0.42644417,0.69738865,-0.96563363,-0.59914756,-0.5699502,-0.25241685,-1.109386,79
-0.37026784,-1.636795,-0.60573995,-0.4898077,1.8265885,0.9798764,0.4722114,1.5565836,-1.0607789,0.34916443,0.81723833,-0.9753634,-0.56769866,-0.6191744,-0.21722257,-1.0384458,79
-0.108258136,-0.5713711,0.42863712,-0.7101256,1.7555424,0.97147346,1.7106775,0.9276881,-0.44622248,0.023179311,-0.5042458,-1.838048,-0.5095493,-0.11031516,0.3185386,-1.1662169,36
-0.40024766,-1.3787117,-0.05987975,-0.49287292,1.6024555,0.6665498,0.7593649,1.5625243,-0.98242855,0.5806107,0.572182,-0.9863541,-0.52537185,-0.75181454,0.0996534,-0.780123,36
-0.493514,-1.3867763,-0.69942385,-0.5281695,2.2096264,0.8004248,-0.32808006,2.2936397,-1.3296376,0.7495753,1.4757215,-0.45900765,-0.16828781,-1.0126728,-1.098105,-0.9783198,43
-0.39112484,-1.0676178,-0.08140069,-0.62645346,1.8474414,1.1050985,0.44308376,1.6635783,-0.9323114,0.38546598,0.4533757,-1.2664644,-0.15159526,-0.54482615,-0.64397156,-1.3034682,79
-0.46655232,-1.2704214,-0.28297272,-0.4699397,1.8149318,0.8717897,0.34236345,1.7958895,-1.1672955,0.45146924,0.67298585,-1.013327,-0.40209672,-0.7266918,-0.5141251,-1.045887,79
-0.28378516,-3.3897119,-1.1963038,-0.6948432,1.269499,1.5429448,1.1178328,1.417462,-1.6087526,-1.0189148,1.8124322,-0.43921828,0.31664982,0.41348064,2.0972753,-1.8438556,79
-1.0365343,-1.5653571,-1.1622384,-0.15112528,1.6740481,1.3233368,0.95225936,1.0900382,-1.2650448,-1.2191896,0.098916724,-1.0686698,-0.104468025,0.0858434,0.77920204,-0.50314283,65
-0.32797253,-1.6758337,-0.66957575,-0.4402,1.6596117,0.8605851,0.7833738,1.3940402,-1.0563457,0.14897254,0.7317424,-1.1927333,-0.61877215,-0.61484563,0.14948246,-1.0445924,79
-0.4444121,-1.5490947,-0.43113482,-0.49857965,1.7617533,1.0544828,0.63794416,1.5618911,-1.1674328,0.3017308,0.5859028,-0.92664766,-0.63625807,-0.42126632,-0.06861112,-1.1417071,79
-0.39903724,-1.5925146,-0.566264,-0.52327615,1.7628294,1.0235194,0.5942361,1.4476279,-1.0520387,0.32375446,0.6758045,-0.913044,-0.61351347,-0.48315543,-0.052505262,-1.0413096,79
-0.107965566,-0.6228725,0.42091784,-0.5117845,1.8373052,0.8360418,1.708613,1.2181085,-0.6986276,0.12642312,-0.39337212,-1.9021429,-0.56480664,-0.21027228,0.15951863,-1.1521093,36
-0.46337476,-1.4206804,-0.062809005,-0.5229603,1.5881658,0.7356099,0.79439884,1.4950442,-0.9580673,0.586073,0.46336237,-0.99902093,-0.6149985,-0.6605535,0.14131773,-0.8018027,36
-0.4976381,-1.4033971,-0.6490816,-0.5571734,2.1469257,0.828876,-0.25631478,2.2415593,-1.2666398,0.77307624,1.4275823,-0.56868833,-0.15136784,-1.0032246,-1.0656599,-0.995507,43
-0.46740037,-1.0175147,0.06093266,-0.6850704,1.814472,1.06297,0.73592913,1.5651122,-0.82952297,0.44155705,0.18422443,-1.5325763,-0.025225267,-0.5446773,-0.45913646,-1.2830431,36
-0.53120744,-1.2798848,-0.22800794,-0.5053096,1.7878058,0.88773,0.4718981,1.7186604,-1.1291701,0.4829725,0.5146195,-1.0857342,-0.46326414,-0.67058176,-0.3960598,-1.0712212,79
-0.25636905,-3.409881,-1.1167989,-0.68866783,1.2677433,1.4624462,1.2135737,1.427141,-1.6029061,-1.0351162,1.7585269,-0.63369477,0.21594134,0.44086564,2.1114788,-1.8424368,79
-0.7816045,-1.1498228,-0.8378677,-0.16373354,1.7387483,1.1731004,1.255412,0.9810957,-0.94248676,-0.7735831,-0.20749894,-1.5381284,-0.6864048,-0.14233495,0.36503533,-0.42909297,79
-0.34321094,-1.7026469,-0.6256436,-0.50374943,1.635453,0.916046,0.83622146,1.3351573,-1.0269207,0.18284729,0.6177883,-1.3088306,-0.73242956,-0.47357237,0.1273376,-1.1335155,36
-0.44046444,-1.6067759,-0.45894378,-0.5032224,1.6806654,1.1505835,0.7296643,1.4999983,-1.1678102,0.21043664,0.53364456,-1.1016872,-0.6596184,-0.31652367,-0.023794241,-1.2375841,79
-0.40596905,-1.7244194,-0.465362,-0.48891822,1.7781142,0.9393034,0.73400766,1.561724,-1.1972421,0.2951429,0.6275356,-1.1304774,-0.6682211,-0.38978428,0.0021315366,-1.083225,79
-0.20019644,-0.79834604,0.37912983,-0.6757808,1.939521,0.77121985,1.5985835,1.4047025,-0.7890322,0.38830274,-0.18754467,-1.6253442,-0.6936482,-0.15518376,0.13156176,-1.2635887,36
-0.28918868,-1.4596543,-0.29878908,-0.47991863,1.5421671,1.0250692,1.038403,1.3411632,-0.92342937,0.11795257,0.5835085,-0.9310144,-0.9239264,-0.31380457,0.39894378,-0.7753452,36
-0.48802632,-1.3875175,-0.59306276,-0.55192626,2.0982475,0.87024677,-0.15530837,2.1681788,-1.2395401,0.7766911,1.3274674,-0.6095606,-0.16126153,-0.97277546,-0.9897914,-1.0073969,79
-0.39409274,-0.93273365,0.0037921667,-0.78932536,1.7977439,1.1750336,0.90868056,1.4883496,-0.6777971,0.3324471,0.19831437,-1.7262504,-0.23403668,-0.4068671,-0.4844708,-1.512649,36
-0.56882143,-1.3232018,-0.12708673,-0.5901695,1.786017,0.8822533,0.6022055,1.7136598,-1.08139,0.51486075,0.39759904,-1.3491682,-0.4673297,-0.6051557,-0.3621013,-1.1771574,79
-0.31886238,-3.2279549,-1.109427,-0.67418295,1.248238,1.6213652,1.2770643,1.2239381,-1.4950277,-1.0503079,1.4437245,-0.5562403,0.027783599,0.52444345,2.1234884,-1.7824302,79
-0.3873023,-1.0241574,-0.45816875,0.10440594,1.7061613,1.1956725,1.7884471,1.0215275,-0.9993272,-0.38486814,-0.52255887,-1.9597052,-1.3850589,-0.15260449,0.17641664,-0.4008545,36
-0.4286418,-1.6445963,-0.5730092,-0.54243296,1.5731812,0.99054813,0.88448167,1.2547355,-0.98841774,0.25699142,0.42384982,-1.3733164,-0.77310807,-0.39527833,0.10813034,-1.1488016,36
-0.50830543,-1.604974,-0.41509473,-0.4758799,1.5733683,1.2041502,0.86666054,1.4262092,-1.1741599,0.14814246,0.35877156,-1.3037385,-0.6018815,-0.26236206,0.0544713,-1.2880802,36
-0.42409804,-1.6280411,-0.4949364,-0.5708289,1.5977631,1.0600153,0.80040926,1.3488485,-1.0431833,0.31929284,0.527626,-1.1997756,-0.65189785,-0.3021294,0.049486727,-1.1544955,36
-0.31894118,-1.108546,0.19361475,-0.85570157,1.9481864,0.9369869,1.4578984,1.5126153,-0.8771169,0.3829782,0.1030246,-1.2829838,-0.7142427,-0.008348905,0.29658014,-1.4664819,36
-0.35655275,-1.5365921,-0.6006803,-0.430383,1.5468366,1.2677133,1.0733182,1.3101509,-0.9931171,-0.2412947,0.7017065,-0.8860804,-0.9643255,-0.1186789,0.52994305,-0.8380186,36
-0.50615036,-1.3889935,-0.5417089,-0.6036886,2.0646086,0.8804389,-0.06150013,2.1178339,-1.193871,0.79387784,1.2404752,-0.71407485,-0.167135,-0.9438504,-0.91963613,-1.0301182,79
-0.54614866,-0.20083535,-0.139287,-0.7468244,1.794918,0.8802594,0.7297442,1.3800007,-0.50970256,0.33893895,0.13109468,-1.5554379,-0.012529954,-0.6156839,-0.76525444,-1.2242236,79
-0.7308502,-1.3431071,-0.064003766,-0.646395,1.7913363,0.87094283,0.7395247,1.7161515,-1.0286452,0.5777804,0.22705677,-1.6452302,-0.3892124,-0.5736106,-0.36308017,-1.2463086,36
-0.366631,-3.0415974,-1.0566399,-0.6997175,1.2092918,1.7118875,1.3462863,1.0339727,-1.356152,-0.9973944,1.1606877,-0.5401705,-0.16189641,0.591878,2.1156776,-1.7279541,19
-0.13052565,-0.6808146,-0.024639755,0.13864017,1.6888331,0.97753096,2.0835564,1.0038095,-0.9010563,0.104703724,-0.7662896,-2.1313734,-1.6766768,-0.2811069,0.045121375,-0.26768458,36
-0.52447796,-1.6591761,-0.48456126,-0.62721884,1.4709877,1.0130771,0.9843819,1.2230488,-0.9741912,0.31843066,0.3017905,-1.5371088,-0.69529855,-0.31742343,0.17824867,-1.2435651,36
-0.56440246,-1.5571125,-0.2876435,-0.5171726,1.486011,1.2034515,0.96609807,1.3914396,-1.1179067,0.23167609,0.2070372,-1.5375214,-0.5842029,-0.2542802,0.04269622,-1.386019,36
-0.58416176,-1.6601579,-0.41983604,-0.57387376,1.6041777,1.0758811,0.94423276,1.4082178,-1.1157433,0.2587626,0.3186929,-1.4530119,-0.5023881,-0.27220517,0.11627407,-1.1738054,36
-0.15232351,-1.0332342,0.20310797,-0.7779369,1.8864561,1.02286,1.4025818,1.6183075,-0.94182897,0.35342842,0.2944479,-1.0915095,-0.5346308,-0.19894564,0.32664052,-1.3987341,36
-0.4542954,-1.680074,-0.9960038,-0.4580799,1.5373764,1.5477037,0.96293133,1.3309697,-1.1711133,-0.6337908,0.9370005,-0.65465707,-0.7973142,0.10151054,0.71058387,-1.036935,79
-0.5541924,-1.3936043,-0.46273446,-0.6453062,2.0259876,0.8408246,0.05015401,2.0875485,-1.1752554,0.8279664,1.1281776,-0.8165709,-0.14862475,-0.9346688,-0.8067082,-1.0210037,79
-0.67747945,0.42451003,-0.27386245,-0.75828445,1.7455125,0.55893135,0.5170659,1.2541858,-0.32972077,0.31890237,0.13263626,-1.3869132,0.06859228,-0.729384,-1.0193455,-1.0553634,79
-0.74189526,-1.5235963,-0.37446076,-0.60073113,1.8254826,1.1748945,0.8268024,1.9076647,-1.2934544,0.39195025,0.51320845,-1.3878429,-0.4694945,-0.43310958,-0.18243307,-1.4033265,79
-0.39622882,-2.9214652,-0.95016664,-0.71047664,1.1905035,1.7043926,1.4181191,0.94185364,-1.2170771,-0.912223,0.948882,-0.7708902,-0.3406201,0.5926524,1.9913743,-1.7287052,36
-0.18731757,-0.6780883,0.10581123,0.013310581,1.7384429,0.7792833,1.9909027,1.1571227,-0.9724214,0.42476243,-0.71805227,-1.9686084,-1.5425047,-0.3201254,-0.0070008636,-0.18883535,36
-0.59853435,-1.7963042,-0.35283917,-0.7291603,1.4030455,1.0575215,1.0602258,1.3106959,-0.98618245,0.4270689,0.29265654,-1.7744931,-0.60479856,-0.26900017,0.19278866,-1.4378598,36
-0.62306577,-1.4065421,-0.06407513,-0.57846683,1.494556,1.086312,1.0152546,1.4848931,-1.0420085,0.44896573,0.08962686,-1.8033997,-0.49850175,-0.3798414,-0.12183624,-1.3969076,36
-0.64039826,-1.688443,-0.33307818,-0.6211356,1.5073701,1.1205987,1.0050675,1.4273791,-1.0798212,0.35667074,0.26168847,-1.6986871,-0.4703155,-0.2830029,0.06808804,-1.3433545,36
-0.25639927,-0.60288227,0.30428153,-0.8113868,2.0556693,0.7473414,1.1497885,1.7410864,-0.92663443,0.6379456,0.22194277,-0.8544922,-0.5654098,-0.41902465,0.0018465221,-1.1568623,36
-0.5528741,-1.9681222,-1.398283,-0.51847756,1.4447893,1.7880403,0.8951645,1.2582706,-1.3667655,-1.074198,1.1295793,-0.35318902,-0.6155048,0.447775,1.0662007,-1.2628274,65
-0.5975747,-1.3947736,-0.40698248,-0.6611973,1.988943,0.85785735,0.17178267,2.0236418,-1.1607989,0.8443949,0.9821167,-0.87258255,-0.19277859,-0.88479364,-0.68995994,-1.0255096,79
-0.739723,0.8092357,-0.20888361,-0.80136496,1.717855,0.2655746,0.3513854,1.1775572,-0.082830496,0.37286127,0.12859203,-1.404589,0.053679287,-0.8429243,-1.2495556,-0.9064372,34
-0.80139756,-1.3225176,-0.52703226,-0.6104921,1.8593785,1.1734775,0.6664202,1.9863838,-1.3356377,0.44161296,0.64916414,-1.2177117,-0.3040375,-0.5173677,-0.34653854,-1.3881133,79
-0.3202588,-2.724639,-0.7668359,-0.6904566,1.2681105,1.6708505,1.5983753,0.9323927,-1.0962898,-0.787148,0.71606314,-1.020733,-0.71717495,0.5380039,1.7805665,-1.7502396,36
-0.4978543,-0.745033,-0.25852573,-0.042431206,1.7618248,0.8189006,1.8079598,1.24148,-1.2251892,-0.00073669106,-0.58030844,-1.4313376,-1.0856854,-0.23962572,0.37901017,-0.12939131,36
-0.7089395,-1.637697,-0.23791325,-0.80795443,1.4050204,0.99367356,1.0817035,1.3745407,-0.9303837,0.56984025,0.22068422,-1.8958616,-0.4363443,-0.34661454,0.10905278,-1.505775,36
-0.53996366,-1.2032125,-0.116157204,-0.51981413,1.5913862,1.1062031,1.0176792,1.6332638,-1.0727152,0.5853626,0.20507842,-1.7275531,-0.6286775,-0.49697334,-0.37645942,-1.3603144,36
-0.75839686,-1.4691515,-0.25157136,-0.7465186,1.5384104,1.0256816,1.0249008,1.4796767,-0.95534086,0.49442673,0.17542967,-1.9011213,-0.323732,-0.38751364,-0.07947043,-1.4019027,36
-0.4146881,-0.41705835,0.17827435,-0.76471126,2.171048,0.70698166,1.0024526,1.7879256,-0.9795114,0.547522,0.20444003,-0.5982921,-0.42209992,-0.50801784,-0.021368884,-0.9924138,79
-0.60303235,-1.9253567,-1.6026077,-0.4654114,1.313068,1.8724915,0.9280224,1.0842819,-1.4092497,-1.3530525,1.0199091,-0.3449439,-0.36691934,0.5358394,1.2407695,-1.2936811,65
-0.63079166,-1.4797394,-0.3382915,-0.72883743,1.9379585,0.852319,0.28081366,1.9993072,-1.1097773,0.8944886,0.91066754,-1.1079352,-0.22777462,-0.8255124,-0.6506812,-1.1223401,79
-0.7630107,0.92562926,-0.048066974,-0.7980274,1.7034168,0.029765606,0.2867947,1.206615,0.022211835,0.41346163,0.16236761,-1.244077,0.14434123,-0.99928653,-1.143194,-0.63353395,34
-0.87447184,-1.3763064,-0.6058599,-0.6973905,1.9976296,1.0939163,0.44700515,2.139023,-1.46288,0.5504245,0.8647746,-0.8405447,-0.17434838,-0.43206137,-0.42716834,-1.3755684,79
-0.41664186,-2.6211345,-0.6046058,-0.7295105,1.2743307,1.5364567,1.6408844,1.0181412,-1.09166,-0.59203076,0.6091746,-1.0984123,-0.7441443,0.4324509,1.7106415,-1.7632442,36
-0.8846258,-0.70548797,-0.523954,-0.1929264,1.9324306,0.622249,1.6279392,1.3498639,-1.4961138,-0.35770887,-0.6064737,-0.8411616,-0.85451084,-0.0925828,0.74294996,0.011542827,99
-0.5099037,-1.478725,-0.4464875,-0.58932287,1.4672694,1.2089949,1.1135042,1.5319364,-1.1152151,0.5436537,0.39358482,-1.6728642,-0.7220782,-0.40645784,-0.09929589,-1.4451609,36
-0.62408507,-1.0403861,-0.3608116,-0.55847657,1.6799635,1.1746736,0.8964091,1.6789594,-1.1341745,0.51265705,0.3526503,-1.3981093,-0.53457844,-0.44023424,-0.42204735,-1.3886311,79
-0.5099238,-1.1317737,-0.42738765,-0.51807034,1.58363,1.194206,1.058656,1.5760975,-1.0674949,0.5499839,0.29522386,-1.7268796,-0.60547507,-0.5264525,-0.4008567,-1.322608,36
-0.54185295,-0.2912095,0.0999188,-0.7186317,2.2368634,0.63796806,0.87614304,1.8657347,-1.1120708,0.50799805,0.21061328,-0.24141458,-0.2230832,-0.63448626,0.07800506,-0.78649867,79
-0.8900829,-1.9191046,-1.9121809,-0.46994212,1.3236578,1.8887943,0.90651697,1.0108807,-1.5959767,-1.6898528,0.8843583,-0.1427907,-0.05530157,0.67185205,1.5271701,-1.3122745,65
-0.72053,-1.6154788,-0.25729132,-0.7864236,1.9094105,0.85665715,0.41695905,1.9899744,-1.0789664,0.9386177,0.77866745,-1.3759515,-0.23148099,-0.75774246,-0.59351575,-1.2229526,79
-0.8687823,1.0093683,0.026637487,-0.85594815,1.7398341,-0.12232864,0.2379421,1.2140747,0.0645926,0.42806822,0.14598346,-0.99086046,0.259339,-1.0600244,-0.952436,-0.42062253,34
-0.9034429,-1.1651096,-0.5669947,-0.7119328,2.2065518,0.914433,0.26935568,2.2808876,-1.5020362,0.68795437,0.9042532,-0.5584341,-0.13719937,-0.47869557,-0.64030397,-1.1925664,79
-0.50440633,-2.7627227,-0.6092035,-0.7953461,1.3684093,1.5423113,1.6360246,1.2027663,-1.2517275,-0.5571812,0.7104095,-0.9530928,-0.8658682,0.56615597,1.7640734,-1.8551321,36
-1.0938697,-0.781412,-0.6680174,-0.1779863,1.9723715,0.60498273,1.5466783,1.4449244,-1.6853094,-0.5419518,-0.60886616,-0.6844982,-0.6602895,-0.08417065,0.8695855,0.026660427,99
-0.5899589,-1.3631127,-0.6068217,-0.61648905,1.6102433,1.2111864,0.99100596,1.6856054,-1.2100368,0.5611164,0.5514239,-1.389568,-0.63580734,-0.38109553,-0.19060874,-1.3430457,36
-0.68967354,-0.9569303,-0.55723125,-0.5662356,1.8530777,1.1888614,0.6652797,1.9147354,-1.3705603,0.39333564,0.6042795,-0.92730045,-0.3716263,-0.33564493,-0.49240455,-1.2714784,79
-0.6226961,-1.0092695,-0.6482618,-0.5851003,1.6941683,1.2103406,0.92365915,1.6679922,-1.1698108,0.5047721,0.44169456,-1.3636208,-0.54554147,-0.40242124,-0.43343452,-1.3153102,79
-0.63824147,-0.24185945,-0.07188669,-0.713065,2.3237455,0.60984945,0.7173164,1.9465923,-1.2618866,0.39220685,0.27414742,0.025054157,-0.14922342,-0.62653106,0.09023782,-0.7177353,79
-0.99673396,-1.5416225,-1.9161463,-0.35103536,1.430132,1.6608473,0.8749357,1.0589541,-1.6976812,-1.7283067,0.6273124,-0.16844061,0.054004148,0.47351038,1.3971612,-1.083621,65
-0.8418689,-1.6152501,-0.15878639,-0.8756896,1.9005262,0.80700016,0.5630369,1.9635941,-1.0133859,1.0336927,0.60631394,-1.5697002,-0.15818411,-0.71274877,-0.52990687,-1.2753799,79
-0.9664979,1.1067924,-0.045050144,-0.89991814,1.7950975,-0.17639774,0.14481871,1.2177646,0.058175355,0.32986718,0.1548722,-0.7683417,0.35893595,-1.0967386,-0.8268284,-0.2833586,34
-0.8640948,-1.0937476,-0.5879752,-0.70685005,2.2705686,0.8913368,0.049896024,2.4484482,-1.6215808,0.7373995,1.0508084,-0.29636607,0.0042052194,-0.60271066,-0.74677825,-1.0785193,79
-0.58169144,-2.5262325,-0.71792716,-0.7680973,1.473315,1.5337589,1.438195,1.3853947,-1.4751755,-0.6923165,0.77767694,-0.5167459,-0.6416939,0.56872284,1.7402483,-1.640378,36
-1.1762841,-0.82546365,-0.77523685,-0.1560488,1.954092,0.6194179,1.4123906,1.595927,-1.9080565,-0.6527715,-0.51473445,-0.5670521,-0.5762141,-0.07047396,0.8182184,-0.008674577,99
-0.6496397,-1.2399156,-0.7551269,-0.5830585,1.7347085,1.1815157,0.78131294,1.9022485,-1.4434768,0.4963104,0.72517395,-0.9816233,-0.50214344,-0.3167596,-0.30971584,-1.166279,79
-0.7085427,-0.7369809,-0.6098703,-0.5342269,2.0036924,1.0064914,0.4198647,2.1224792,-1.513429,0.52218455,0.7475946,-0.6118655,-0.2753942,-0.3770814,-0.7798737,-1.0436854,79
-0.65125215,-0.85424423,-0.7577977,-0.59979236,1.8390427,1.1279829,0.7095684,1.8902342,-1.367426,0.5172305,0.62622374,-0.97849536,-0.45081088,-0.33225858,-0.60567325,-1.1558124,79
-0.7064656,-0.2772116,-0.25239375,-0.7346699,2.3566701,0.60374165,0.56690896,1.9808054,-1.3341964,0.29422733,0.39766943,0.15883204,-0.1298661,-0.59136325,0.06708987,-0.7357568,79
-1.0003877,-1.5115106,-1.9042549,-0.31707603,1.4656081,1.5824254,0.8590784,1.1539487,-1.8283576,-1.7749004,0.56170017,-0.19032907,0.010626003,0.38515693,1.406753,-1.0642524,65
-0.7344752,-1.5881339,-0.44302493,-0.7606921,1.8846408,1.0824144,0.5964288,2.0184414,-1.1288221,0.81011784,0.8206044,-1.4099915,-0.357265,-0.6501881,-0.53327304,-1.3536441,79
-1.0405931,1.1959436,-0.15257493,-0.9177177,1.7763962,-0.23439884,0.030470138,1.2099835,-0.002926603,0.19824405,0.20259604,-0.5241966,0.48233107,-1.1264036,-0.6721492,-0.17722945,34
-0.9159217,-0.9317076,-0.63183624,-0.65994036,2.3232236,0.80265,-0.04103956,2.5205078,-1.7146766,0.7291549,1.0554926,-0.065828934,0.10567711,-0.68374074,-0.7505665,-0.8972838,43
-0.62974375,-2.1186118,-0.79273486,-0.683628,1.6641599,1.4044883,1.1877106,1.5377483,-1.5531164,-0.62372726,0.6485665,-0.49450368,-0.6084687,0.40274352,1.2285651,-1.3476617,79
-1.2721219,-0.93045115,-0.8322625,-0.22444877,1.9693184,0.6409904,1.3268538,1.6771278,-2.0298872,-0.7004244,-0.4449376,-0.41442165,-0.54894185,0.026502907,0.8661092,-0.14781106,99
-0.712499,-1.0365369,-0.7910747,-0.57567227,1.9116251,1.0016042,0.62179935,2.0605407,-1.5062064,0.6320204,0.74623156,-0.8649094,-0.43991533,-0.38730443,-0.5960738,-0.9647175,79
-0.760179,-0.78053343,-0.702747,-0.53150475,2.061143,0.97428024,0.19072556,2.3319867,-1.6891088,0.5750466,0.9025894,-0.45062944,-0.069909714,-0.46555763,-0.9198252,-0.9545092,43
-0.73148507,-0.79336154,-0.7989669,-0.6266834,1.9772491,0.96093726,0.54818815,2.0548306,-1.4875057,0.65399355,0.7077829,-0.7610379,-0.3686412,-0.31486812,-0.76724106,-1.0180805,79
-0.76568794,-0.3405819,-0.39068902,-0.7037813,2.4427114,0.63617015,0.44546252,2.043767,-1.3998374,0.19055194,0.45493752,0.17739832,-0.09955663,-0.6082442,-0.023654737,-0.71423113,79
-1.0546019,-1.5898308,-1.9079664,-0.29261822,1.4595639,1.5691038,0.8664323,1.2372419,-1.9545817,-1.820856,0.5480945,-0.16783357,0.0029215738,0.35182858,1.485872,-1.091373,65
-0.83732444,-1.5606909,-0.6881379,-0.7463328,1.8839067,1.1600773,0.47459045,2.0525098,-1.2479873,0.7331852,0.9670612,-1.1788074,-0.23123136,-0.62248117,-0.5281995,-1.4378021,79
-1.1508281,1.2169467,-0.2890813,-0.915293,1.776242,-0.3110223,-0.0622054,1.1990161,-0.079898894,0.03237468,0.23685479,-0.3616351,0.54668504,-1.1115469,-0.52445924,-0.10083514,57
-0.9889348,-0.88398063,-0.7554023,-0.6550665,2.3930023,0.7790154,-0.12695682,2.5708582,-1.7725267,0.7030221,1.0700598,0.018800855,0.18022284,-0.7346526,-0.7948898,-0.8252646,43
-0.71952736,-1.6917229,-0.703131,-0.6877938,1.9169445,1.0081983,0.94947076,1.7174331,-1.4870534,-0.16042738,0.52820504,-0.6052202,-0.7762193,0.120605975,0.57576674,-0.9984623,79
-1.3430772,-0.99497414,-0.83858955,-0.2789653,1.9650434,0.6488689,1.2542558,1.7105983,-2.0349746,-0.65165836,-0.37436098,-0.33608657,-0.49063656,0.021042228,0.88376623,-0.2526117,99
-0.77338636,-1.0653803,-0.8428887,-0.57657117,1.9646451,0.94961286,0.4205155,2.2697508,-1.6798234,0.6711545,0.8559725,-0.7418312,-0.30126452,-0.49683487,-0.70217556,-0.8904491,79
-0.94349855,-0.9200946,-0.9108004,-0.5638636,2.1434555,0.9275379,0.028427128,2.4956775,-1.8619331,0.52645755,1.0264621,-0.33385938,-0.010641664,-0.44391912,-0.9382831,-0.9532905,43
-0.7534876,-0.8819988,-0.8499285,-0.6381792,2.0039554,0.91674614,0.3470443,2.2334192,-1.6715059,0.7009052,0.8365762,-0.5839648,-0.20186958,-0.39344263,-0.81579643,-0.9593255,79
-0.78374195,-0.36503154,-0.52572906,-0.70813197,2.479591,0.6403434,0.3337104,2.0511045,-1.42036,0.09364615,0.5166749,0.18705362,-0.087333865,-0.61004746,-0.09628876,-0.69532925,43
-1.0362537,-1.7372017,-1.8978758,-0.31295463,1.4427773,1.619863,0.88431317,1.2488236,-1.9380575,-1.8047667,0.576001,-0.25740847,-0.05865725,0.3509503,1.5116717,-1.1874325,65
-0.86485565,-1.4994699,-0.7391096,-0.78292984,1.9581091,1.1052141,0.35036576,2.1284676,-1.3802291,0.7249914,1.0682673,-0.8070086,-0.07710572,-0.55399597,-0.479098,-1.3746955,79
-1.2180796,1.2221073,-0.3977772,-0.99968195,1.7460383,-0.40854985,-0.14307949,1.1530365,-0.065409444,-0.07079871,0.31537527,-0.29411963,0.5719274,-1.0523523,-0.42276064,-0.09065001,57
-1.046464,-0.948238,-0.90200144,-0.6765855,2.4091792,0.8105277,-0.21634483,2.5927866,-1.7676034,0.6625688,1.1619723,-1.2129545e-05,0.23446906,-0.7648909,-0.8453495,-0.8425468,43
-0.75010777,-1.4319838,-0.5841809,-0.58644766,2.0166662,0.7659844,0.7498872,1.9237024,-1.528045,0.12840746,0.5405169,-0.5677283,-0.7592712,-0.2193857,0.22460157,-0.7109516,79
-1.328821,-0.8473197,-0.78136265,-0.3224296,1.9460105,0.5758743,1.1839896,1.6807172,-1.9568541,-0.5304795,-0.3218783,-0.19995408,-0.3898655,-0.055261884,0.86063987,-0.25762153,99
-0.8839078,-1.1362041,-0.9077665,-0.5733874,2.0036755,0.88139796,0.29905912,2.3954544,-1.8183254,0.6530071,0.93504936,-0.6069722,-0.2667261,-0.5041503,-0.6941194,-0.87416387,79
-1.0592885,-0.9683182,-1.018898,-0.6117315,2.19587,0.90334153,-0.06291318,2.5667403,-1.8806571,0.5501671,1.1072443,-0.3097225,0.08241299,-0.5095403,-0.97009015,-0.96615624,43
-0.89099014,-1.0332433,-0.9684035,-0.6371722,2.0717423,0.8342229,0.20666525,2.3948565,-1.850462,0.67872167,0.9468142,-0.448703,-0.1873762,-0.3925057,-0.81484145,-0.926892,43
-0.79110783,-0.40480173,-0.5979134,-0.6933358,2.4675105,0.6495482,0.26039016,2.0572696,-1.4267346,0.01955695,0.5511537,0.1197294,-0.03373734,-0.6565787,-0.15453881,-0.6671221,43
-0.9538887,-1.8792655,-1.8092096,-0.34799033,1.3836662,1.6059972,0.93223983,1.192453,-1.8522681,-1.7098095,0.63014495,-0.28736177,-0.09922124,0.3544966,1.6074394,-1.2264011,65
-0.8715767,-1.2761029,-0.6911625,-0.7872162,2.1360087,0.93192506,0.19585583,2.2677352,-1.4278859,0.84014595,1.085962,-0.5850924,-0.013626121,-0.6113708,-0.684363,-1.1829801,79
-1.2266648,1.2136462,-0.44546318,-1.1057444,1.7038715,-0.49157876,-0.18412307,1.1007786,-0.05081799,-0.15107815,0.38239866,-0.24577157,0.5897753,-0.95835894,-0.31388173,-0.09963207,57
-1.0692748,-0.99633586,-0.9661793,-0.658196,2.3983223,0.82338774,-0.25444347,2.5827734,-1.7824395,0.59593993,1.190918,0.022870064,0.29512814,-0.80091566,-0.81324005,-0.81210595,43
-0.7694858,-1.2746171,-0.57018834,-0.5748181,2.0778458,0.60969234,0.6154872,1.9790803,-1.5052177,0.24939115,0.5788977,-0.47566438,-0.73033905,-0.34557325,0.07126089,-0.61207604,79
-1.2888029,-0.6775038,-0.7808374,-0.36526012,1.9595178,0.49233845,1.1009555,1.6338081,-1.8732191,-0.4521069,-0.23659223,-0.034814984,-0.29088813,-0.12750557,0.8292504,-0.21009813,99
-0.9319742,-1.1507864,-0.93562394,-0.6310288,2.0916848,0.82994616,0.20877695,2.4532826,-1.8086047,0.71557647,0.9991779,-0.5332721,-0.2201021,-0.547847,-0.7424146,-0.88160866,79
-1.0889226,-0.9708836,-1.0819907,-0.6883812,2.2356472,0.8426031,-0.1491401,2.5754974,-1.8325127,0.63047856,1.1990116,-0.23659673,0.14725137,-0.580729,-0.9834584,-0.979835,43
-0.93457246,-1.0620866,-0.9980044,-0.6788602,2.1356914,0.7713628,0.12102653,2.442773,-1.8421036,0.746935,1.011631,-0.38022336,-0.1417987,-0.43933403,-0.85683495,-0.91418,43
-0.7407633,-0.42451784,-0.59795713,-0.69206727,2.4315622,0.5930494,0.22092707,2.0303533,-1.4199519,0.007034853,0.5664543,0.08948025,-0.04837229,-0.66850746,-0.17713082,-0.6339812,43
-0.83555645,-1.8802909,-1.6997898,-0.38246325,1.3630753,1.5198625,0.9925963,1.115604,-1.7584406,-1.6053675,0.63790905,-0.2743091,-0.15774769,0.36645097,1.6719425,-1.1963017,65
-0.8391237,-1.1284522,-0.70187795,-0.74121046,2.2215967,0.8580102,-0.0057902373,2.437048,-1.6063178,0.8577398,1.1666324,-0.2415688,0.09180315,-0.699112,-0.7714573,-1.003624,43
-1.2145066,1.2120918,-0.30870867,-1.2627071,1.71922,-0.6228104,-0.11041945,1.0422717,0.07798836,-0.10012424,0.24091452,-0.43289572,0.41035345,-0.8711504,-0.31792197,-0.15129997,57
-1.0289176,-0.99440026,-1.0101995,-0.69555646,2.3990288,0.79181135,-0.28871164,2.5396307,-1.7451261,0.5602538,1.2221695,0.034115523,0.2968173,-0.7993042,-0.8049175,-0.8148669,43
-0.8136882,-1.3059119,-0.66612554,-0.64084494,2.1371305,0.5259117,0.49197385,2.0034642,-1.4539849,0.27869868,0.7286856,-0.41591403,-0.7370018,-0.36408794,0.017389096,-0.62723744,79
-1.2880938,-0.64299816,-0.83165556,-0.4209396,1.9318506,0.42285302,1.01156,1.5869164,-1.7579288,-0.3759545,-0.07407987,0.0051056147,-0.19085518,-0.21322404,0.7873328,-0.20087668,99
-0.98605144,-1.1891097,-1.0371614,-0.7242786,2.171904,0.76382744,0.07888685,2.475436,-1.7433193,0.7736932,1.1328398,-0.48035604,-0.17429754,-0.5912439,-0.8159183,-0.9120122,43
-1.0963428,-0.975611,-1.157124,-0.7915398,2.2661145,0.7619281,-0.269791,2.5611253,-1.7158729,0.7080653,1.3411357,-0.23897079,0.19329196,-0.64019614,-1.0707166,-1.0132184,43
-0.9470743,-1.072812,-1.0386205,-0.76280665,2.185416,0.6980119,0.0016233586,2.4414215,-1.7626815,0.822831,1.1207538,-0.32362258,-0.110152416,-0.48007643,-0.93527794,-0.94229645,43
-0.7137265,-0.4882542,-0.6004959,-0.72687376,2.3987956,0.5182611,0.19868112,1.9987355,-1.3631756,0.030038573,0.6041206,-0.021545976,-0.10973089,-0.6660253,-0.20967168,-0.640831,43
-0.7498575,-1.8900411,-1.6331589,-0.40997046,1.3388789,1.4114743,1.0388898,1.0434743,-1.6224083,-1.4705716,0.6642009,-0.38615412,-0.27693236,0.33666492,1.6378984,-1.1722195,65
-0.9018052,-0.9384438,-0.75517213,-0.64441603,2.2904,0.7236757,-0.08774175,2.4879622,-1.700606,0.8723742,1.146662,-0.010943204,0.1374416,-0.79876614,-0.8053098,-0.7840812,43
-1.2032814,1.2102655,-0.25489733,-1.3560374,1.689775,-0.65920067,-0.108915135,1.02745,0.14472985,-0.0837411,0.22005299,-0.53866553,0.34920633,-0.85256785,-0.3301884,-0.17893335,57
-0.9932273,-1.02752,-1.0475953,-0.7785548,2.3825417,0.7553891,-0.32440764,2.5065677,-1.644838,0.58984524,1.3007768,-0.06605576,0.2917665,-0.81517977,-0.8512593,-0.8688275,43
-0.86463875,-1.4041493,-0.77342576,-0.6681863,2.2194586,0.4986249,0.40658993,2.017132,-1.4086659,0.2468261,0.8558227,-0.37478283,-0.73280615,-0.38717824,0.011573352,-0.6071469,79
-1.2442896,-0.62557495,-0.8321596,-0.44495854,1.8892478,0.3281317,0.9484223,1.5489688,-1.6581855,-0.2354015,0.07587062,0.0574238,-0.13307056,-0.31980345,0.75933063,-0.16563068,99
-1.0023558,-1.1982198,-1.1070464,-0.8012826,2.2417362,0.6533414,-0.0432625,2.4300346,-1.6441932,0.8203777,1.2411294,-0.37820515,-0.18750978,-0.59956837,-0.875544,-0.9019217,43
-1.0912553,-0.9665569,-1.2030125,-0.8457113,2.2904525,0.68301094,-0.34542328,2.498259,-1.5936444,0.7710306,1.4167198,-0.23647343,0.20603114,-0.69345105,-1.1360759,-1.010963,43
-0.92586905,-1.0131927,-1.0828569,-0.8343127,2.2334113,0.5666263,-0.09448224,2.390069,-1.6655077,0.8882546,1.1896169,-0.25434384,-0.12900427,-0.4992392,-1.013826,-0.92398304,43
-0.69670063,-0.61908793,-0.59457487,-0.7523484,2.3602583,0.44877616,0.19369404,1.9704196,-1.2952029,0.1114409,0.65684867,-0.16667502,-0.1878111,-0.67997324,-0.23484895,-0.6613213,79
-0.691955,-1.9079584,-1.5430171,-0.44318715,1.2949145,1.2488402,1.0909892,0.9531392,-1.4617893,-1.2941761,0.6753013,-0.5292512,-0.43536928,0.29718417,1.597442,-1.1521375,65
-0.9733044,-0.9272727,-0.9022245,-0.644968,2.3409908,0.7365546,-0.17897773,2.5183642,-1.7064111,0.83896214,1.2122128,0.010536045,0.21570802,-0.8306774,-0.8812435,-0.74811286,43
-1.2162488,1.1286205,-0.210406,-1.4270295,1.61968,-0.6829802,-0.039320845,0.9866648,0.19824755,-0.03335254,0.15867229,-0.7318703,0.31496271,-0.8461259,-0.2773857,-0.21041149,57
-0.95621157,-1.0661545,-1.0162942,-0.82243836,2.3884559,0.6749414,-0.3357663,2.4678783,-1.5676713,0.64270705,1.3175491,-0.13223015,0.24732035,-0.83598053,-0.87686145,-0.88518596,43
-0.8967743,-1.4637064,-0.8770177,-0.6880114,2.3212242,0.46381202,0.34092003,1.9908955,-1.3405557,0.14721827,0.94907,-0.3316375,-0.7463327,-0.37849098,0.018674992,-0.5449989,79
-1.1961796,-0.6408512,-0.8325939,-0.46878412,1.9590962,0.31008688,0.8812194,1.5872415,-1.5533373,-0.11331026,0.23989534,0.01256898,-0.0711861,-0.45397496,0.6406549,-0.15070367,43
-1.0095652,-1.178332,-1.17313,-0.8612349,2.329412,0.57190335,-0.1414301,2.3718736,-1.5356541,0.7897763,1.3039508,-0.3401509,-0.18605325,-0.61036015,-0.9417093,-0.87668854,43
-1.0853097,-0.9199363,-1.2291505,-0.90752065,2.3450346,0.58087134,-0.39621687,2.415726,-1.4747541,0.7699047,1.4386544,-0.22484636,0.19188419,-0.7033589,-1.1635526,-0.99966383,43
-0.91127574,-0.9842168,-1.1316414,-0.89044476,2.2954113,0.5177318,-0.17230688,2.334555,-1.5388435,0.88785106,1.2416453,-0.27893582,-0.10584777,-0.54228085,-1.1105331,-0.914153,43
-0.6824705,-0.73187697,-0.54594165,-0.78990865,2.3817844,0.36264727,0.21266033,1.9479009,-1.2538111,0.13927765,0.63815737,-0.2907172,-0.26426694,-0.6431872,-0.23095462,-0.6900178,79
-0.6513845,-1.9066614,-1.4352405,-0.50387174,1.2901719,1.1024246,1.1435275,0.9053434,-1.3316866,-1.1800147,0.67400706,-0.6544869,-0.5560983,0.28808457,1.5845588,-1.1579072,65
-1.0192376,-0.9785743,-1.0254319,-0.6426193,2.3597155,0.7836218,-0.25008228,2.55461,-1.7410119,0.7578863,1.2720033,0.004763335,0.29146293,-0.84314734,-0.9128982,-0.738763,43
-1.2583823,0.98120165,-0.18723151,-1.4946722,1.5166235,-0.6687174,0.06282871,0.9345261,0.27542213,0.026136506,0.11003232,-1.0419942,0.30438393,-0.8406232,-0.2349275,-0.29423508,57
-0.9439986,-1.1494074,-1.0085588,-0.8859484,2.4052656,0.6114321,-0.3640486,2.4557633,-1.4748245,0.6901168,1.3653431,-0.2682711,0.20324151,-0.85455817,-0.9349803,-0.9295377,43
-0.8839531,-1.4484743,-0.93745583,-0.6917956,2.3771212,0.4034271,0.30044058,1.913622,-1.2636536,0.06728065,0.99597603,-0.27293515,-0.76603264,-0.37951314,0.031091899,-0.47388324,79
-1.1723852,-0.61421925,-0.7844855,-0.4746002,2.0129788,0.23677996,0.85040593,1.5905346,-1.4643872,0.029177614,0.3058873,0.0041424036,-0.016602747,-0.5920952,0.5720098,-0.09904276,43
-1.00173,-1.1263971,-1.2167568,-0.9017315,2.3944018,0.47141585,-0.2068206,2.2800777,-1.4442801,0.74217725,1.3101447,-0.28151923,-0.20703468,-0.60625,-0.9663762,-0.8359483,43
-1.0567154,-0.86832297,-1.206929,-0.9496419,2.4146934,0.45341596,-0.4134817,2.3308382,-1.3974823,0.74135506,1.4096415,-0.16836613,0.14458781,-0.68817586,-1.1367975,-0.96251774,43
-0.8814788,-0.90769136,-1.1500304,-0.93148094,2.352076,0.41298744,-0.23325151,2.2450237,-1.4366025,0.8544931,1.2330124,-0.25244865,-0.12357066,-0.5541961,-1.1613888,-0.8766751,43
-0.6473085,-0.82325625,-0.494056,-0.80565095,2.4272687,0.26797077,0.25533807,1.8974009,-1.2483716,0.1533516,0.56415,-0.35421288,-0.38151234,-0.5851194,-0.20259592,-0.71377295,79
-0.6432349,-2.039236,-1.3862882,-0.549326,1.263365,1.0005124,1.2090132,0.8578625,-1.2663447,-1.1070155,0.7034872,-0.69568896,-0.6711331,0.3044561,1.681805,-1.185204,65
-1.0259913,-1.0030875,-1.0822303,-0.6486769,2.3544257,0.7897856,-0.28914392,2.5490348,-1.7465657,0.7006208,1.3080983,0.0195539,0.33722836,-0.851142,-0.90360796,-0.7218198,43
-1.2749653,0.8318888,-0.10574442,-1.5548435,1.4099699,-0.70028573,0.23022224,0.83360827,0.2969174,0.07620828,-0.0025714338,-1.2520667,0.2893098,-0.75408435,-0.07772628,-0.37254763,57
-0.93449277,-1.2485381,-0.98525673,-0.9334676,2.4010425,0.5505395,-0.3679336,2.4202752,-1.3804582,0.7460337,1.401163,-0.38284004,0.16165249,-0.8771844,-0.9513041,-0.9612127,43
-0.8702097,-1.4307548,-0.97064036,-0.6818172,2.3885744,0.3808752,0.28174967,1.8363514,-1.2080708,-0.01762747,0.98768044,-0.28352028,-0.760525,-0.3832631,0.024297409,-0.4492633,79
-1.1060979,-0.5622721,-0.74823165,-0.465045,2.0456033,0.1948685,0.80931175,1.5666794,-1.4113777,0.12022607,0.3572508,0.05094573,0.03144069,-0.69918793,0.5243231,-0.071139835,43
-0.96182036,-1.0750649,-1.2114394,-0.8988668,2.4514565,0.41759935,-0.25441772,2.2022495,-1.379269,0.6786302,1.292,-0.23222159,-0.19962502,-0.63213843,-0.9863399,-0.79174495,43
-0.9802677,-0.9084239,-1.1713591,-0.9289489,2.4359367,0.4270915,-0.4272903,2.2842805,-1.3553821,0.7375813,1.4196578,-0.14724861,0.12706538,-0.7403018,-1.1313385,-0.918558,43
-0.84134966,-0.82863986,-1.1369038,-0.9476007,2.4250572,0.32830945,-0.28461716,2.1679108,-1.3610604,0.7955039,1.1986959,-0.218864,-0.13162819,-0.5708773,-1.201067,-0.8337128,43
-0.61809033,-0.9911486,-0.4354084,-0.7927168,2.401211,0.2562684,0.3223613,1.8434465,-1.2246945,0.24196766,0.5099024,-0.48351377,-0.45793822,-0.59249854,-0.18539354,-0.7680922,79
-0.6478959,-2.2383957,-1.3636854,-0.571682,1.2695655,0.99704325,1.2773494,0.8483565,-1.2776536,-1.1261526,0.72024417,-0.68578374,-0.7410288,0.35344768,1.8291456,-1.2240448,65
-1.0102549,-1.0408826,-1.1296108,-0.7056595,2.3386815,0.7800244,-0.33775848,2.5334184,-1.6590177,0.7152706,1.4003533,-0.0768999,0.36338922,-0.8911205,-0.9604826,-0.75624925,43
-1.2534716,0.6244172,-0.0323783,-1.53104,1.3213875,-0.683339,0.37571204,0.77436054,0.22722048,0.040788867,-0.09974229,-1.4044777,0.27135786,-0.63343924,0.057263263,-0.41865414,57
-0.9072883,-1.3195876,-0.9242185,-0.94664335,2.3970628,0.50416076,-0.33777422,2.3713238,-1.3421363,0.74842095,1.361515,-0.44137648,0.12378739,-0.8776375,-0.9114132,-0.9846646,43
-0.84714836,-1.4865253,-1.0008032,-0.65853286,2.3445365,0.38907704,0.28000274,1.7594593,-1.1651613,-0.07504147,0.9951271,-0.32567334,-0.7699775,-0.38787746,0.036278937,-0.45312768,79
-1.0661116,-0.6015572,-0.727082,-0.46903044,2.0702796,0.20926872,0.76369643,1.5370653,-1.3538188,0.17312184,0.40267164,0.031558126,0.048829585,-0.7765732,0.48188615,-0.11850519,43
-0.9131025,-1.0964677,-1.2162926,-0.8821609,2.4362338,0.41870835,-0.2955997,2.138005,-1.3222476,0.6518152,1.3226835,-0.22861251,-0.17619687,-0.6808579,-0.99986017,-0.7903707,43
-0.9171844,-1.0279775,-1.1724126,-0.91831297,2.4271615,0.45425442,-0.4577778,2.2511854,-1.3113859,0.72062343,1.4784133,-0.18173254,0.09639229,-0.77919537,-1.1371102,-0.9322576,43
-0.7958706,-0.8726046,-1.1499262,-0.9243001,2.4120073,0.34785548,-0.3330083,2.1120636,-1.305936,0.7597065,1.2420471,-0.22918472,-0.09823642,-0.62969685,-1.2256044,-0.83101314,43
-0.58565825,-1.1425997,-0.36817074,-0.7797458,2.3628097,0.2159402,0.40970895,1.7681205,-1.2374805,0.3076757,0.42355675,-0.5421351,-0.5846242,-0.53887326,-0.104044475,-0.8266621,79
-0.703988,-2.5770514,-1.4436996,-0.606624,1.2661725,1.1043793,1.3147169,0.8423979,-1.3192046,-1.2236602,0.79729885,-0.63371074,-0.7974276,0.4536516,2.0286918,-1.3333852,65
-0.99229807,-1.0763739,-1.1673498,-0.76478446,2.3209922,0.72946346,-0.3656785,2.4767983,-1.5464011,0.78370947,1.4805579,-0.13863924,0.3365313,-0.9233946,-0.9923601,-0.7961889,43
-1.2007668,0.39539507,0.01341103,-1.4982308,1.2894932,-0.62545526,0.5207322,0.74723077,0.13053742,-0.07215339,-0.15711865,-1.5793203,0.19632533,-0.454974,0.15766495,-0.52827394,57
-0.89855397,-1.3900015,-0.88842875,-0.94886994,2.4029913,0.45564368,-0.29179877,2.3046846,-1.3449688,0.70372564,1.2792721,-0.46340108,0.039272364,-0.8290837,-0.83370495,-1.0177588,43
-0.79018795,-1.5709835,-1.0042119,-0.61380136,2.283702,0.44878998,0.3054739,1.6980741,-1.1343535,-0.08496995,1.0026975,-0.36490804,-0.75968015,-0.4302653,0.057286017,-0.4587535,79
-1.0137389,-0.6483047,-0.67181736,-0.5165317,2.062044,0.22427425,0.7466017,1.5127933,-1.2873743,0.26704597,0.42921397,-0.020875365,0.040618517,-0.83299387,0.47512645,-0.21875298,79
-0.85316145,-1.1601057,-1.2338693,-0.85877407,2.372341,0.49436733,-0.31313872,2.0710237,-1.2588569,0.6442611,1.3868024,-0.24765994,-0.13573635,-0.7470005,-0.984056,-0.8342914,43
-0.86275977,-1.1206454,-1.168747,-0.8939639,2.3988788,0.50574064,-0.47151792,2.2108269,-1.2749757,0.7038772,1.519266,-0.2063194,0.068197794,-0.8260763,-1.117809,-0.96411973,43
-0.7566561,-0.9485972,-1.1711009,-0.9268162,2.3553615,0.40964016,-0.3721953,2.0549703,-1.2511116,0.7194716,1.3130101,-0.24307881,-0.053607903,-0.6640896,-1.2034546,-0.8864079,43
-0.5527946,-1.205611,-0.29849055,-0.81173205,2.344052,0.14497185,0.51027787,1.6760795,-1.2348298,0.3418705,0.30570793,-0.58811575,-0.7418613,-0.43023843,-0.009271689,-0.907706,79
-0.77614534,-2.964357,-1.5130277,-0.63556165,1.2393365,1.269182,1.3706076,0.82467926,-1.3624893,-1.3042961,0.8147836,-0.64327383,-0.81075335,0.5521684,2.2093115,-1.4648645,65
-0.96759486,-1.0875494,-1.1536252,-0.813774,2.338832,0.6681149,-0.3943037,2.455891,-1.4573747,0.82436705,1.5211407,-0.22050409,0.31371856,-0.96150464,-1.0415623,-0.8200838,43
-1.109437,0.2552398,0.030615337,-1.5117444,1.2146095,-0.56577224,0.68984705,0.62011683,0.12858054,-0.090061605,-0.18797126,-1.7606428,0.13152218,-0.30113113,0.27358115,-0.7338353,57
-0.85130656,-1.4231793,-0.8046022,-0.9213798,2.4051402,0.44298384,-0.19799356,2.2248316,-1.3479528,0.6832667,1.1476811,-0.47494215,-0.03871341,-0.80693287,-0.74075824,-1.0336695,43
-0.72547686,-1.6851375,-0.9902124,-0.5669806,2.2152698,0.527606,0.34005952,1.6519692,-1.1225619,-0.05830434,0.993943,-0.41554728,-0.7497918,-0.48138118,0.07489169,-0.48931006,79
-0.93830997,-0.7344098,-0.61352193,-0.5699022,2.0306177,0.20301315,0.73549455,1.5116073,-1.2740297,0.38760966,0.44056928,-0.102626145,-0.065900944,-0.84273136,0.46234974,-0.36257377,79
-0.8134087,-1.231222,-1.2346611,-0.816187,2.3375986,0.57334316,-0.29974252,2.0315998,-1.2362746,0.63259006,1.4048201,-0.2685539,-0.11709418,-0.80941516,-0.9474882,-0.8702048,43
-0.83473825,-1.2039536,-1.1511238,-0.8542601,2.3748808,0.5469887,-0.45644253,2.173648,-1.2534665,0.689994,1.5084155,-0.2529032,0.02370226,-0.8703365,-1.083385,-0.98591125,43
-0.7223964,-1.0256437,-1.1380153,-0.89320445,2.3496094,0.4705728,-0.37944093,2.0530193,-1.2430574,0.7148654,1.342562,-0.23777598,-0.032888412,-0.726443,-1.1691247,-0.90488374,43
-0.52437395,-1.2263551,-0.26907566,-0.85044706,2.2503376,0.08118147,0.58507323,1.5729411,-1.1987013,0.37245637,0.24142072,-0.65506136,-0.858331,-0.3604858,0.07471585,-0.9863148,79
-0.9122659,-3.4025846,-1.6148937,-0.7419106,1.2153541,1.4107943,1.4006269,0.79195535,-1.3859379,-1.3714793,0.7655438,-0.80224586,-0.817594,0.7145629,2.310142,-1.6820219,19
-0.9383284,-1.1183623,-1.1232009,-0.85658765,2.347995,0.5875108,-0.40850002,2.4216304,-1.3857377,0.86567885,1.5404177,-0.2764331,0.26421642,-0.97752863,-1.0608424,-0.8398285,43
-0.9772868,0.12680733,0.08900311,-1.5542463,1.1241686,-0.570704,0.8707465,0.48811576,0.16393426,-0.010327056,-0.20319584,-1.9433495,0.0071050674,-0.18214929,0.3874047,-0.9277448,57
-0.78436536,-1.4899387,-0.722425,-0.9089663,2.3801913,0.43902025,-0.10257931,2.1316376,-1.3150015,0.69784933,1.05495,-0.5261233,-0.16542101,-0.7746502,-0.66114247,-1.0730693,79
-0.6645434,-1.7409568,-0.9556523,-0.5232507,2.1667647,0.5930271,0.39166957,1.6252631,-1.1439697,-0.0025840253,0.89203626,-0.5044223,-0.72953767,-0.5503059,0.05464308,-0.52418566,79
-0.8695728,-0.8656528,-0.5416334,-0.6641339,2.011489,0.16330475,0.7629343,1.5144193,-1.2808644,0.4688723,0.36906588,-0.28197327,-0.22213006,-0.7656741,0.44301206,-0.57870436,79
-0.77741796,-1.2829429,-1.1960788,-0.7875366,2.3317351,0.60994613,-0.26636976,2.0216212,-1.2309898,0.6431225,1.3827213,-0.29461247,-0.13545254,-0.86168194,-0.90209293,-0.89153475,43
-0.80756706,-1.2679601,-1.114613,-0.8220224,2.3607295,0.5765207,-0.41584906,2.143011,-1.233295,0.6968809,1.462913,-0.32063153,-0.0402034,-0.9131285,-1.0448071,-1.0016333,43
-0.70095766,-1.1366755,-1.0711031,-0.88413036,2.3685427,0.48768297,-0.38059053,2.0899336,-1.2341841,0.79020935,1.3923646,-0.23448725,-0.067692704,-0.7856024,-1.1384778,-0.9216561,43
-0.48930395,-1.227503,-0.27151316,-0.890361,2.1759148,0.16846776,0.6546962,1.4680384,-1.101866,0.3814926,0.31541523,-0.45658296,-0.68923086,-0.39954436,0.30878577,-0.9574478,79
-0.86561334,-3.0691018,-1.2221506,-0.57941204,1.3287818,1.488344,1.4877968,0.7016814,-1.0834081,-0.9297016,0.38599005,-0.9719231,-0.6106898,0.33992797,1.8589578,-1.34323,19
-0.8920351,-1.1588409,-1.0907044,-0.86988354,2.3502982,0.5503479,-0.4038875,2.3796592,-1.3250045,0.907842,1.5526481,-0.31866154,0.22905424,-1.0137582,-1.0684667,-0.8541947,43
-0.85951054,0.12909219,0.12013352,-1.6687552,1.0754195,-0.6182866,0.9565541,0.3926856,0.24413568,0.12130453,-0.15493771,-1.9997813,-0.04116196,-0.11056781,0.42920503,-1.0653152,57
-0.71695,-1.5560355,-0.61339736,-0.9031725,2.3461304,0.3870714,0.01684329,2.0353522,-1.2883571,0.72744024,0.9337503,-0.60364664,-0.34275174,-0.7094503,-0.56143266,-1.1168954,79
-0.61410326,-1.6980485,-0.95503455,-0.50486153,2.1027014,0.6143844,0.39959952,1.5741705,-1.1635146,0.0022830293,0.74708116,-0.63661516,-0.725434,-0.5678859,-0.027731046,-0.59941804,79
-0.78469074,-1.0080687,-0.54033303,-0.8576629,1.9681753,0.14814165,0.7397069,1.5137603,-1.2874603,0.49469078,0.38314036,-0.4066334,-0.35325357,-0.5784629,0.43049166,-0.9025759,79
-0.74169576,-1.381625,-1.1299913,-0.76989067,2.3457577,0.6440269,-0.20920002,2.0456045,-1.2451241,0.67768806,1.3400353,-0.34726954,-0.19578165,-0.893069,-0.85265833,-0.90863276,43
-0.77419025,-1.3324692,-1.0542328,-0.8180776,2.3354595,0.58179975,-0.33792257,2.096979,-1.1956258,0.75000596,1.3987514,-0.39793026,-0.1359235,-0.92524487,-0.98679876,-1.0272818,43
-0.66698724,-1.2508087,-0.963859,-0.89163136,2.4070256,0.47692677,-0.37420622,2.1607504,-1.2349005,0.9043223,1.4336939,-0.2326231,-0.14645651,-0.83689624,-1.1152657,-0.92992145,43
-0.41614464,-1.402401,-0.44017655,-0.82947093,2.2352781,0.51280355,0.63601154,1.5005969,-1.1905501,0.29089704,0.443704,-0.26751268,-0.5297729,-0.41736013,0.3117616,-1.0553935,79
-0.39937744,-2.7318976,-0.9667415,-0.34081298,1.4593507,1.83943,1.7753496,0.6279275,-1.035728,-0.7433854,0.14030164,-1.0000669,-0.29613593,-0.01609198,1.66626,-1.1294403,19
-0.8510298,-1.2345072,-1.0524614,-0.8501123,2.3470564,0.5531819,-0.38641635,2.340258,-1.2944906,0.9134207,1.5396816,-0.37378263,0.19443434,-1.0491413,-1.066443,-0.87889034,43
-0.22822148,0.23715112,-0.25963446,-1.2121476,1.3613319,0.27421126,1.1976007,0.17749082,0.19425154,0.30615604,-0.019673675,-1.542596,0.038203407,-0.2904618,0.14698589,-1.1564168,36
-0.6372368,-1.6392528,-0.48926723,-0.9491325,2.2683163,0.31252435,0.12225452,1.9647856,-1.251607,0.79214203,0.84620106,-0.74694693,-0.51991314,-0.6335029,-0.48490414,-1.2156703,79
-0.5685991,-1.5975156,-0.99375254,-0.5209931,2.012974,0.6711247,0.42912877,1.4472368,-1.1004285,-0.065387264,0.6168218,-0.76785344,-0.7369925,-0.52678066,-0.06358557,-0.7143691,79
-0.74937564,-0.82406783,-0.8379834,-1.0481296,1.8764306,0.07927355,0.5880504,1.2733276,-1.1453755,0.30573094,0.59082294,-0.17104396,-0.37911266,-0.27867448,0.46718335,-1.13184,79
-0.7057601,-1.5334846,-1.0491033,-0.8025559,2.3317893,0.66572225,-0.12989382,2.0444212,-1.2050071,0.76058483,1.3189695,-0.4547731,-0.30049258,-0.8786687,-0.80125564,-0.96388435,79
-0.7106839,-1.3809127,-0.9349144,-0.83684427,2.2855866,0.56131804,-0.2261804,2.049094,-1.1398624,0.8650095,1.3099552,-0.51216674,-0.2321594,-0.9326807,-0.9417019,-1.0538553,43
-0.6503483,-1.3305305,-0.89965385,-0.89947164,2.4227684,0.4829332,-0.3254363,2.1742644,-1.2065355,0.9822855,1.4119505,-0.29152155,-0.23969755,-0.8650008,-1.0878217,-0.9621772,43
-0.39200026,-1.2547498,-0.5072775,-0.80135727,2.258502,0.49921706,0.5679111,1.4805638,-1.1514529,0.40648758,0.48060182,-0.2023235,-0.43515673,-0.5191223,0.1466269,-1.0105617,79
-0.21426949,-2.4184048,-0.87587136,-0.08690882,1.6159079,1.6459547,1.8485351,0.73137045,-1.1609484,-0.54285854,-0.13263494,-1.1869473,-0.5084582,-0.25344265,1.2563317,-0.9236167,19
-0.8157534,-1.2634826,-1.001708,-0.8397546,2.3363545,0.5540571,-0.3408147,2.2800364,-1.285869,0.8899821,1.4485582,-0.4206289,0.15845528,-1.0519226,-1.0314208,-0.927658,43
-0.047832318,0.36841902,-0.05701299,-1.1460578,1.9439086,0.22670236,1.1867149,0.3731774,0.20713365,1.0045794,-0.29104412,-1.253069,-0.15040231,-0.67162746,-0.5815061,-0.83469003,36
-0.5604483,-1.6896698,-0.40527946,-0.95808125,2.2240934,0.36300436,0.15795797,1.9020876,-1.1608169,0.90205234,0.83478427,-0.7690737,-0.59522015,-0.63998944,-0.50111645,-1.254839,79
-0.5143554,-1.4823607,-1.0119398,-0.54848987,1.8913031,0.71260417,0.46588922,1.2999771,-0.9949169,-0.10493977,0.5382304,-0.8598852,-0.72433764,-0.5121249,-0.054444097,-0.7906279,79
-0.67059594,-0.36032927,-1.1300962,-1.0825772,1.8048064,0.051673055,0.4864243,0.92239463,-0.8783475,0.054272145,0.72298396,0.055769026,-0.28797102,-0.12207542,0.42093197,-1.1364801,59
-0.62012494,-1.6406345,-0.9189046,-0.8379346,2.2625473,0.6463238,-0.03720701,2.006639,-1.1590053,0.8703258,1.2888341,-0.53776187,-0.4241058,-0.84017813,-0.73175544,-1.0301378,79
-0.6263209,-1.448773,-0.7952102,-0.90167785,2.2099957,0.5016043,-0.15366745,2.018393,-1.0803843,1.0104104,1.279779,-0.6187391,-0.37486705,-0.902863,-0.9174814,-1.1209569,79
-0.6038559,-1.3596691,-0.83669233,-0.8884864,2.3548453,0.50448656,-0.23265263,2.1216416,-1.1475335,1.056326,1.3472099,-0.409809,-0.3015628,-0.90692246,-1.0583143,-0.9941395,43
-0.41607717,-0.9789028,-0.42845047,-0.7954355,2.3909252,0.31161103,0.47029942,1.5801737,-1.0977782,0.59107345,0.4187064,-0.17680147,-0.4056193,-0.64160615,-0.15160128,-0.81843483,79
-0.16770735,-1.8603842,-0.7032101,-0.0186387,1.97836,1.1414351,1.7561078,0.9214957,-1.0542133,-0.046961665,-0.31858838,-1.2484702,-0.6752079,-0.5658163,0.6065251,-0.4658328,36
-0.7715741,-1.2865212,-0.95076114,-0.82997394,2.3172765,0.5546385,-0.2616048,2.2033806,-1.2873325,0.87090856,1.3404076,-0.4414106,0.09087355,-1.0309178,-0.94552886,-0.97664976,43
-0.23019704,-0.3219769,-0.1912213,-1.1846223,1.9547758,0.0047816336,0.87229913,0.76746595,-0.23000441,0.9878056,0.2817598,-0.7651063,-0.11436012,-0.52649474,-0.36241126,-0.8360488,79
-0.4279836,-1.7679905,-0.48164397,-0.8765583,2.2177775,0.6089617,0.07457279,1.9308834,-1.206995,0.82687706,1.0024188,-0.539068,-0.4536799,-0.72838235,-0.509018,-1.2740922,79
-0.52152646,-1.1745092,-0.97107786,-0.5948327,1.835522,0.57771814,0.42242247,1.1908605,-0.88166773,-0.07469617,0.45201683,-0.8272078,-0.70062643,-0.5246636,-0.114200406,-0.7255322,79
-0.4176295,-0.37964454,-1.283762,-0.9324656,1.7929062,0.55454767,0.34139413,0.73547244,-0.78072226,0.012467362,0.78783756,0.26059946,-0.21997735,-0.12363033,0.08136115,-1.3711045,43
-0.5183464,-1.7332432,-0.76886046,-0.8838123,2.1707406,0.6726662,-0.023376431,1.9402357,-1.0363388,0.9400921,1.3556639,-0.4868116,-0.5635024,-0.7668153,-0.663065,-1.0709618,79
-0.38638416,-1.4964736,-0.6397802,-0.82653105,2.1835742,0.69630265,-0.058409024,1.9580524,-0.97083974,1.1717318,1.3259649,-0.51667094,-0.364976,-0.99863863,-0.90576696,-1.0497348,79
-0.53223115,-1.385842,-0.77274317,-0.8847214,2.257815,0.5310699,-0.17139241,2.0485053,-1.1001966,1.0739713,1.3085,-0.4609558,-0.35868326,-0.8945818,-0.9993268,-1.0275205,79
-0.43630368,-0.8445287,-0.46280533,-0.7848865,2.4351242,0.24825099,0.3432835,1.649166,-1.126284,0.6187601,0.43663618,-0.08699955,-0.34128147,-0.6887425,-0.3022061,-0.7371161,79
-0.082869224,-1.713488,-0.6062967,-0.22346917,2.0330985,1.0646099,1.5130041,0.9311044,-0.88382137,0.0069600046,-0.17552805,-1.0134844,-0.58823067,-0.48490584,0.4739284,-0.42944187,36
-0.73262167,-1.345509,-0.87683254,-0.8269508,2.2897487,0.5357146,-0.15216282,2.1115918,-1.263183,0.8746964,1.2162641,-0.5083634,-0.036211453,-0.98859054,-0.8422518,-1.0249131,43
-0.31589192,-0.77013963,-0.20332593,-1.3688772,2.096809,0.10941324,0.80836797,1.0171603,-0.3186079,1.1745055,0.51727533,-0.7914481,-0.27104986,-0.4377733,-0.3938628,-1.1047146,79
-0.458885,-1.7615405,-0.7739418,-0.845997,2.1162286,0.79960644,0.0037680902,1.810942,-1.2011621,0.59261465,1.168808,-0.31517476,-0.26160142,-0.6975967,-0.38151696,-1.3571048,79
-0.36813867,-1.1668358,-1.0166585,-0.50049114,1.942204,0.96639097,0.51010865,1.2224109,-0.9492235,-0.012524903,0.61645365,-0.4430123,-0.41561896,-0.60289115,-0.018829025,-0.7206716,79
-0.25232822,0.26926127,-1.3209646,-0.6052667,1.6603945,0.5975168,0.36394262,0.46373445,-0.76175594,-0.13943604,0.38098404,0.18777242,-0.21633345,-0.24155833,-0.2762497,-1.284029,120
-0.34351483,-1.7895461,-0.814571,-0.78115433,2.149229,0.9798868,-0.034331422,1.8475204,-1.0194488,0.78230053,1.4677455,-0.16583169,-0.37636438,-0.77979475,-0.5262203,-1.0456004,79
-0.32688946,-1.5215104,-0.71724796,-0.77637804,2.160953,0.7768215,-0.20712161,1.9329243,-0.97445965,1.0265673,1.5177469,-0.15461294,-0.33721688,-0.9903826,-0.82899994,-0.9750685,79
-0.40359488,-1.440565,-0.7864594,-0.7737931,2.2664385,0.80696285,-0.17731318,1.9834576,-1.0776733,0.9807187,1.3685857,-0.19293621,-0.25440773,-0.9020399,-0.9415084,-0.9523342,79
-0.5664536,-0.8311534,-0.5687809,-0.8102061,2.5596693,0.26476863,0.21846232,1.7509756,-1.2137898,0.62559295,0.47014874,0.049059063,-0.25869355,-0.70352244,-0.3476459,-0.7077906,79
-0.17951165,-1.6936876,-0.5961325,-0.36693028,2.2278838,1.0195816,1.3573617,1.1194674,-1.0081611,-0.047046535,-0.11839113,-0.7554703,-0.47282258,-0.4435274,0.5571368,-0.4127431,36
-0.6543631,-1.4326583,-0.7650406,-0.84445786,2.2313137,0.48632595,-0.04893018,2.0396826,-1.2502618,0.9061995,1.1107515,-0.6067085,-0.20713934,-0.91509765,-0.74832827,-1.1056738,79
-0.39292833,-0.8841903,-0.31148764,-1.3967733,1.9499295,0.3229321,0.75426733,1.0290847,-0.37730452,1.083782,0.6615387,-0.6805195,-0.20806581,-0.3941545,-0.21785992,-1.2981765,79
-0.4392094,-1.2932485,-0.7214942,-0.71625555,2.213603,0.6297591,-0.0696798,1.8434939,-1.1475058,0.64572585,1.0623434,-0.22073233,-0.16783872,-0.8823119,-0.6406865,-1.0271387,79
-0.31512785,-1.0407518,-1.012744,-0.5387648,2.103228,1.0015957,0.43821064,1.363574,-0.9953507,0.19209771,0.76281494,-0.2299521,-0.33827895,-0.6935928,-0.14945298,-0.7795462,79
-0.13704644,0.56057286,-1.330888,-0.44774014,1.5738025,0.6129112,0.41558814,0.37280962,-0.78699064,-0.15863506,0.2085678,0.16719815,-0.29069638,-0.3492309,-0.38958722,-1.2314672,120
-0.33308136,-1.3778509,-0.9184213,-0.66031057,2.1880553,0.9562242,-0.17348666,1.8138303,-0.94088125,0.6178294,1.4636954,-0.026128829,-0.20625138,-0.9456361,-0.6947169,-0.8063635,43
-0.32757533,-1.1113527,-0.8277305,-0.6469245,2.202722,0.7240375,-0.32334173,1.9092243,-0.9183204,0.8798723,1.5087517,-0.053047895,-0.17582431,-1.1422027,-0.9974736,-0.74038523,43
-0.33577526,-1.2915643,-0.8211451,-0.69492483,2.2437212,0.83523643,-0.2854881,1.9153875,-0.99916065,0.8509942,1.4528174,0.035298705,-0.19056287,-0.9676546,-0.9330375,-0.8054608,43
-0.69348603,-0.71612406,-0.6703553,-0.7950597,2.6203022,0.262567,0.13187625,1.7876521,-1.2652214,0.5807958,0.4302879,0.17835787,-0.16206592,-0.7363035,-0.34816226,-0.5809001,79
-0.35073456,-1.5091826,-0.5666105,-0.3628134,2.3885615,0.8682797,1.1864371,1.3299319,-1.2065239,-0.12100899,-0.20628074,-0.55218565,-0.3994613,-0.5009226,0.5813104,-0.18638434,79
-0.5641421,-1.5302613,-0.6674896,-0.9277837,2.1283953,0.40911016,0.018656772,1.9742428,-1.2109859,0.97479147,1.0729516,-0.7383536,-0.39211494,-0.821414,-0.68461317,-1.2443359,79
-0.41001514,-0.9479685,-0.4667248,-1.3644621,1.8298731,0.48809168,0.57665217,1.0554153,-0.47367662,1.0432858,0.7808342,-0.57765365,-0.20844778,-0.33416766,-0.29806256,-1.4885986,79
-0.50601983,-1.1118767,-0.75148547,-0.6998374,2.3154578,0.5268285,-0.17678085,1.9387479,-1.2029152,0.65893686,0.9979445,-0.13156314,-0.06317889,-0.94809246,-0.78824383,-0.87137705,43
-0.50128114,-0.79911137,-1.0325334,-0.64603394,2.2802167,0.84978473,0.3454712,1.481819,-0.9560977,0.4549181,0.6329411,-0.2135776,-0.19089976,-0.8210225,-0.3942948,-0.6873792,79
-0.12900664,0.6079786,-1.365629,-0.4617647,1.5093806,0.5662472,0.4013856,0.32403648,-0.71800256,-0.12877747,0.16141015,0.009116083,-0.40836,-0.39378238,-0.49466255,-1.2728515,120
-0.43335363,-1.0790731,-1.0118134,-0.64512295,2.2217133,0.8835517,-0.19711664,1.7890252,-0.8827858,0.51048416,1.3435895,-0.065366685,-0.040995665,-1.0296804,-0.7619441,-0.66220134,43
-0.45408186,-1.0091003,-0.99122185,-0.6575823,2.2308054,0.73260283,-0.36853755,1.9158463,-0.9532803,0.69076717,1.4532791,-0.008151859,-0.011670053,-1.1288842,-0.952652,-0.6716324,43
-0.37096903,-1.0238203,-0.90528065,-0.6551755,2.3030171,0.74131393,-0.3472467,1.8952051,-0.92345953,0.76231104,1.44224,0.09914604,-0.1502021,-1.046709,-0.99695945,-0.63016003,43
-0.7755965,-0.74283206,-0.77559364,-0.7711915,2.593456,0.31672457,0.08744344,1.8127457,-1.2862258,0.5731229,0.48900345,0.23562136,-0.12662798,-0.7678824,-0.3222456,-0.53431606,43
-0.4894958,-1.318842,-0.64336175,-0.36404765,2.478142,0.82032955,1.0329581,1.4198312,-1.3415169,-0.22270356,-0.29188967,-0.32722685,-0.37598073,-0.49514335,0.5997448,-0.07738988,79
-0.4137425,-1.6045492,-0.5856315,-0.83782256,2.1397781,0.63888717,0.020814268,1.980282,-1.1603417,1.0468373,1.1458085,-0.6323821,-0.33670586,-0.94128275,-0.7275837,-1.207588,79
-0.48182935,-0.8708606,-0.54461026,-1.2988895,1.7901992,0.5274818,0.43118554,1.1509423,-0.6190943,1.0136917,0.81205195,-0.38750112,-0.008184016,-0.4027272,-0.28987858,-1.4287381,79
-0.624667,-1.0746524,-0.8505264,-0.7402336,2.433944,0.5371318,-0.2671744,2.0122383,-1.2591988,0.6458161,1.0046195,-0.038773924,0.019345902,-0.94379115,-0.82820106,-0.8525068,43
-0.68285525,-0.6571506,-1.14693,-0.66802585,2.4021938,0.7674011,0.2583364,1.5779111,-0.98801243,0.5323043,0.5322319,-0.183628,0.03456734,-0.9588859,-0.51148105,-0.5421036,43
-0.18409604,0.32924172,-1.5219154,-0.55410445,1.5125445,0.7330508,0.3095936,0.37750167,-0.73691094,-0.22844838,0.30968553,-0.015969574,-0.4265884,-0.29272568,-0.5024171,-1.4532788,120
-0.5499464,-0.93086636,-1.072207,-0.7042989,2.2988632,0.815282,-0.21230143,1.8291552,-0.91062725,0.46977657,1.2258894,-0.03946203,0.08020621,-1.0481111,-0.74755967,-0.5950797,43
-0.5844035,-1.112756,-1.1405811,-0.70244145,2.2797008,0.8127177,-0.4565711,1.9916209,-1.0607171,0.5488219,1.4397249,-0.0018145144,0.093519926,-1.0639222,-0.94571614,-0.7564803,43
-0.5005498,-0.953058,-1.002033,-0.6886558,2.349259,0.7320851,-0.36077982,1.909425,-0.9402801,0.62511677,1.3612256,0.11780432,-0.041384786,-1.0296383,-0.926445,-0.5601773,43
-0.8294133,-0.7574984,-0.8196028,-0.7636941,2.5315275,0.36317274,0.08239308,1.8152266,-1.2533923,0.6362723,0.5620276,0.28347328,-0.076677,-0.83144665,-0.27306044,-0.47898367,43
-0.64059275,-1.1538998,-0.7623777,-0.39823163,2.5538845,0.8047843,0.905473,1.471591,-1.4232867,-0.32584047,-0.33463836,-0.11459808,-0.33292443,-0.43937165,0.601688,-0.045480788,79
-0.4287602,-1.7438153,-0.78439206,-0.84246373,2.0704117,0.8110094,-0.12612528,1.9474951,-1.2115986,0.82154995,1.3889998,-0.2816962,-0.18480387,-0.85554403,-0.5656491,-1.3071725,79
-0.5538577,-0.89639914,-0.6308419,-1.1978884,1.8075372,0.56991994,0.22274481,1.321235,-0.8000332,0.9140725,0.87239283,-0.28140298,0.18587041,-0.48440152,-0.3803907,-1.3370817,79
-0.70548683,-1.0308533,-0.9310538,-0.7350695,2.4798474,0.52554715,-0.3123907,2.0515347,-1.2955675,0.67503643,1.0307001,0.04729858,0.03860606,-0.9738675,-0.8255009,-0.7857418,43
-0.7519844,-0.8337314,-1.2369001,-0.711384,2.501306,0.89100075,0.094821304,1.7293817,-1.0705214,0.51637787,0.64157605,-0.23283844,0.14254692,-0.96909416,-0.6624064,-0.66647327,43
-0.33711663,0.16002029,-1.6978307,-0.53053546,1.6000713,0.82223845,0.15876357,0.5645126,-0.9634229,-0.36896485,0.36588332,0.21474507,-0.23497659,-0.30211672,-0.41454294,-1.3694463,120
-0.65771437,-1.0058421,-1.0984125,-0.77829885,2.39418,0.8390155,-0.24878022,1.9207631,-0.99408793,0.44982505,1.1944164,-0.034998596,0.11254573,-0.9850728,-0.7309418,-0.68318456,43
-0.71660393,-1.0976721,-1.1568208,-0.7411977,2.391205,0.7716143,-0.44119006,2.0497313,-1.1192449,0.53349245,1.3475343,0.08586922,0.15146026,-1.0195554,-0.8687425,-0.6733148,43
-0.5972241,-0.99361324,-1.0615883,-0.7385933,2.3845074,0.7803997,-0.38001606,1.9601516,-1.0276206,0.5392969,1.2802873,0.08604106,0.041903704,-0.98431164,-0.8968049,-0.64834523,43
-0.86202717,-0.6942983,-0.80789536,-0.8348566,2.446535,0.3264784,0.1054406,1.7681172,-1.1451366,0.73688257,0.65928805,0.36454174,0.017850883,-0.88558066,-0.14969167,-0.42615682,43
-0.7522871,-1.09044,-0.8406884,-0.42890477,2.5722322,0.80890834,0.80538934,1.5044415,-1.4917052,-0.39882326,-0.33652878,0.06349227,-0.29256585,-0.3661095,0.61758333,-0.07826271,86
-0.4624338,-1.4774109,-0.834823,-0.7390323,2.0685356,0.71654105,-0.1772659,1.9132812,-1.1720295,0.82707936,1.3667188,-0.18345317,-0.07101893,-0.9544351,-0.664742,-1.1321498,43
-0.5463987,-0.856243,-0.676856,-1.0737464,1.8172458,0.57367027,0.052797154,1.4281518,-0.97035336,0.77980584,0.89759576,-0.10119641,0.29919696,-0.53511006,-0.4191359,-1.2207849,79
-0.7408466,-0.9938345,-0.962236,-0.7165482,2.4909122,0.5287322,-0.35533693,2.067295,-1.3126872,0.69649225,1.0396488,0.09277871,0.027067568,-0.9941194,-0.8537802,-0.7515232,43
-0.7679829,-0.8816112,-1.14059,-0.6897394,2.5949712,0.8287219,0.026500486,1.8348582,-1.13184,0.55819625,0.6428124,-0.18841356,0.110295504,-0.97629744,-0.7163134,-0.5680165,43
-0.44425732,0.25092933,-1.7622321,-0.6197821,1.6784967,0.9470389,0.09447902,0.6140728,-1.038608,-0.51225954,0.36394966,0.47076628,-0.011649534,-0.17027375,-0.35453564,-1.4000616,120
-0.7389416,-1.0581715,-1.087712,-0.813039,2.4439466,0.80730796,-0.2257761,1.9458476,-1.0273608,0.4314307,1.1517355,-0.015803128,0.09071812,-0.92554593,-0.65349525,-0.669538,43
-0.74312323,-1.118522,-1.1554089,-0.76518565,2.4360435,0.77509177,-0.44211906,2.0821738,-1.1515768,0.54183453,1.341167,0.078068316,0.123423435,-0.9930938,-0.8730403,-0.7130714,43
-0.69754773,-1.0435146,-1.0493407,-0.7903693,2.4492471,0.7721096,-0.3304282,2.0015788,-1.0810341,0.51795137,1.1840613,0.063016534,0.066332996,-0.9174754,-0.8220559,-0.6659173,43
-0.8814748,-0.66638243,-0.7898824,-0.8980596,2.3475702,0.30025086,0.1335134,1.7372478,-1.0487663,0.81938463,0.7707816,0.37528726,0.11031703,-0.9338153,-0.055228926,-0.40597796,43
-0.7966233,-1.0907556,-0.8789237,-0.48667645,2.5578613,0.8450811,0.72493213,1.5116386,-1.51467,-0.45328397,-0.30350137,0.18174207,-0.2703155,-0.26823196,0.61582726,-0.17427497,65
-0.53939193,-1.2266563,-0.843924,-0.6788403,2.1657596,0.60697734,-0.21565413,1.9573541,-1.2092499,0.7889956,1.214224,-0.061087742,0.040286686,-1.021332,-0.7341118,-0.9036616,43
-0.65034443,-0.8472464,-0.7610267,-1.0201703,1.8637029,0.55311763,-0.05633806,1.5353878,-1.0765284,0.7092592,0.89653593,-0.02277875,0.4343193,-0.6131154,-0.42601523,-1.1095046,43
-0.76843333,-0.98608136,-0.9601374,-0.7348134,2.4679008,0.5492103,-0.3718981,2.071675,-1.2955331,0.7368941,1.0690788,0.118127614,0.03439366,-0.9930388,-0.85444343,-0.7624209,43
-0.7393409,-1.0748531,-1.0813057,-0.696589,2.6053104,0.8283144,-0.043404926,1.9048262,-1.1702758,0.5899425,0.7529547,-0.1936545,-0.030204117,-0.91969943,-0.7544473,-0.6251936,43
-0.48667857,0.24425295,-1.6785898,-0.6099118,1.6609892,0.91011834,0.079660326,0.6423516,-0.98026514,-0.42464727,0.40975523,0.3894308,-0.032458253,-0.26092795,-0.3856512,-1.3530467,120
-0.74217284,-1.1504638,-1.0493448,-0.8449477,2.4489334,0.8128699,-0.2280344,1.9637948,-1.0365621,0.43516392,1.1758039,-0.07701829,0.033081356,-0.87259513,-0.6583427,-0.74482554,43
-0.7232372,-1.1401184,-1.0781083,-0.7757372,2.440345,0.78724444,-0.4542215,2.1203868,-1.1808722,0.5781827,1.3391597,0.04215458,0.101291604,-0.9781419,-0.91663074,-0.78017014,43
-0.71206516,-1.1275587,-1.0198772,-0.8273072,2.4603977,0.78924596,-0.30426055,2.026217,-1.1022598,0.52755105,1.1799705,-0.0042157173,0.042284254,-0.8731614,-0.80593234,-0.7356129,43
-0.8626339,-0.6866301,-0.76388276,-0.9441216,2.2576196,0.3243805,0.14734812,1.7177647,-0.96284974,0.8615513,0.88673484,0.29579625,0.16543671,-0.9528162,-0.04279033,-0.4494399,43
-0.82719207,-1.129585,-0.88132125,-0.5643678,2.5296016,0.87082803,0.667316,1.4998757,-1.4950142,-0.48426616,-0.2537893,0.24154863,-0.22919372,-0.18121566,0.62507814,-0.28501898,65
-0.59879506,-1.2164098,-0.89196926,-0.68927675,2.2845778,0.63181376,-0.35664934,2.0893056,-1.2966322,0.7733663,1.2185674,-0.037505776,0.11984217,-1.0472628,-0.88760394,-0.89573616,43
-0.7564062,-0.80589604,-0.7922206,-1.0068954,1.9312397,0.5195464,-0.15337113,1.6379825,-1.1303926,0.69102246,0.88763785,0.0229761,0.53716326,-0.6844913,-0.4830604,-1.0278808,43
-0.76513743,-0.93789697,-0.93325573,-0.74846923,2.4333248,0.5737599,-0.36907214,2.0583808,-1.2504203,0.774564,1.1031734,0.13316467,0.03619648,-0.99570894,-0.8676428,-0.76729023,43
-0.7123892,-1.2520072,-1.0260653,-0.7209562,2.5559366,0.84864616,-0.082864895,1.9221952,-1.1541473,0.6020589,0.867333,-0.23444442,-0.102573164,-0.8696804,-0.74757385,-0.6964609,43
-0.5184803,0.10518366,-1.7076964,-0.6371169,1.6405445,0.9142499,0.006488975,0.6797024,-0.98616946,-0.51430583,0.54903674,0.44542918,0.040198017,-0.22381154,-0.29900014,-1.3099635,43
-0.74149233,-1.279373,-0.9728473,-0.8487828,2.4527686,0.8262527,-0.2150709,1.9860693,-1.0597427,0.4330787,1.1927373,-0.097644135,-0.013135776,-0.8150607,-0.62270826,-0.7812646,43
-0.7063019,-1.1831801,-1.0110755,-0.77723205,2.4277952,0.8143519,-0.4452547,2.1277595,-1.1874263,0.5907042,1.3480889,0.024430603,0.067646176,-0.9417037,-0.9196683,-0.8362749,43
-0.7105876,-1.2369999,-0.976824,-0.84287626,2.4597921,0.8416337,-0.3010334,2.0597627,-1.1434807,0.5058739,1.1910698,-0.045157254,0.033130195,-0.8198736,-0.79038596,-0.817312,43
-0.8052417,-0.78117156,-0.7465816,-0.8462978,2.22449,0.49848238,0.11494058,1.7500081,-0.97684956,0.81338006,0.9019004,0.09901935,0.0783214,-0.94226277,-0.26117435,-0.5328238,43
-0.8385787,-1.1461904,-0.83785623,-0.63797563,2.5041745,0.8603444,0.6358913,1.4734029,-1.4590858,-0.5018368,-0.21117175,0.27843484,-0.196426,-0.09720475,0.64431113,-0.38415563,79
-0.6847436,-1.0944505,-0.9009493,-0.70460933,2.4071305,0.5975188,-0.37166455,2.1256351,-1.3129561,0.7780328,1.1267283,0.039580226,0.14507066,-1.0458181,-0.9041359,-0.7928898,43
-0.81924355,-0.7536261,-0.7657116,-0.99785274,2.002624,0.50079274,-0.2178123,1.7352803,-1.1719328,0.7066448,0.89496607,0.085469246,0.60906,-0.7186509,-0.5510906,-0.9735573,43
-0.75076985,-0.89813864,-0.9022203,-0.7607398,2.393097,0.60743034,-0.36117598,2.0501454,-1.2073258,0.7959073,1.1452756,0.11251581,0.04019875,-0.9972398,-0.8910348,-0.7854247,43
-0.68452835,-1.3379012,-0.96411556,-0.73818934,2.499489,0.85967505,-0.06808828,1.889083,-1.0704246,0.6047425,0.94833136,-0.30818427,-0.14187264,-0.8562664,-0.7194105,-0.7191258,79
-0.5768749,-0.14086077,-1.7301726,-0.70562494,1.598039,0.9618863,-0.028688569,0.72191,-1.040474,-0.70174766,0.7238064,0.5858451,0.17656967,-0.07317811,-0.040117435,-1.3403056,43
-0.7470064,-1.3296453,-0.88853663,-0.84446704,2.4380035,0.81066656,-0.16339318,1.9593043,-1.0293087,0.4390384,1.1673806,-0.1221094,-0.048466228,-0.79032457,-0.5539124,-0.7583012,43
-0.6989619,-1.1609104,-0.9367427,-0.76447725,2.4387288,0.8253038,-0.40017748,2.1058908,-1.169814,0.5904146,1.2892463,-0.010611117,0.03253159,-0.91319466,-0.9298047,-0.8438421,43
-0.71418226,-1.2902927,-0.9166687,-0.83544075,2.4594994,0.8669412,-0.28553158,2.063084,-1.137097,0.50004315,1.1888607,-0.08554971,0.008534998,-0.79197174,-0.7807364,-0.8333964,43
-0.7284574,-0.86904705,-0.69424,-0.767627,2.1793404,0.63942575,0.11469492,1.7590183,-0.9726839,0.7674468,0.907327,-0.1070278,0.01816186,-0.9336563,-0.43165544,-0.6197307,79
-0.85300374,-1.1118549,-0.79094213,-0.6589048,2.4861052,0.84267664,0.62837285,1.4379982,-1.4214674,-0.52195376,-0.2018134,0.2987382,-0.18955666,-0.038771387,0.6408381,-0.41825515,79
-0.7240112,-1.0230387,-0.8944333,-0.7049107,2.4301121,0.5722699,-0.391526,2.1496437,-1.3161772,0.8244639,1.1087663,0.05762717,0.1445263,-1.0820297,-0.9268609,-0.7461587,43
-0.86453867,-0.69479513,-0.7064206,-1.0197203,2.0475047,0.49664918,-0.27333775,1.8087896,-1.1128609,0.7648675,0.9457561,-0.002435565,0.66538304,-0.7759288,-0.708506,-0.9806753,43
-0.7268546,-0.90349066,-0.8660571,-0.75882375,2.322606,0.6475241,-0.35560307,2.0454214,-1.1688224,0.81979513,1.2068665,0.05295244,0.060420997,-1.0133613,-0.919453,-0.8132755,43
-0.6854207,-1.3522877,-0.8803254,-0.7560729,2.440122,0.8183191,0.003999375,1.8383365,-0.9913081,0.61900944,0.9541463,-0.34921494,-0.13932085,-0.8687837,-0.6118322,-0.68557703,79
-0.70967126,-0.58879733,-1.6456075,-0.76931,1.702658,1.1097938,-0.010942269,0.9429662,-1.1875312,-0.82007,0.92410535,0.816169,0.42792663,0.05784069,0.31682378,-1.3077204,43
-0.7384803,-1.3225149,-0.79290295,-0.8275714,2.4280896,0.7944635,-0.10808839,1.9209204,-0.99633086,0.44029856,1.0893283,-0.18613839,-0.0817466,-0.7786716,-0.5290634,-0.73805696,43
-0.7242631,-1.1414237,-0.8599798,-0.76221144,2.4423575,0.81045556,-0.33472398,2.082923,-1.1516845,0.5880428,1.2015935,-0.05609496,0.036244083,-0.8966545,-0.89638156,-0.8298822,43
-0.730471,-1.273864,-0.83793956,-0.8077743,2.4685578,0.8606914,-0.24804735,2.0433276,-1.1132714,0.48025143,1.1164261,-0.14047837,-0.001609169,-0.790758,-0.773165,-0.7944603,43
-0.66229826,-0.9184147,-0.6189063,-0.7809936,2.099371,0.6774161,0.16152476,1.71279,-0.9229063,0.7823263,0.93621904,-0.21513903,0.028677985,-0.91304,-0.42305347,-0.6982012,79
-0.85929686,-1.0159712,-0.74562216,-0.6524923,2.4593897,0.8366163,0.63219404,1.3810991,-1.3538796,-0.5392951,-0.20529091,0.28588727,-0.15493652,-0.029775694,0.61109596,-0.40947217,79
-0.7669309,-1.0296515,-0.8858767,-0.719208,2.4093125,0.5677984,-0.39621687,2.163947,-1.3006254,0.872379,1.1340685,0.053695053,0.15078461,-1.100642,-0.91828287,-0.73736876,43
-0.8674528,-0.60948944,-0.62688935,-1.0091681,2.0513923,0.48094186,-0.3093891,1.8715651,-1.0811716,0.8629415,0.98952085,-0.067733705,0.68259865,-0.845654,-0.8535549,-0.9835824,43
-0.7195088,-0.94432914,-0.8239466,-0.7333814,2.270937,0.69250715,-0.35044208,2.0593534,-1.1596084,0.82034796,1.2301348,-0.046902463,0.053532414,-1.017414,-0.97536516,-0.8490432,43
-0.71419615,-1.3464231,-0.79026306,-0.7831731,2.4137974,0.7612151,0.11297523,1.7930611,-0.9268651,0.63729084,0.88573575,-0.408195,-0.1347211,-0.8762265,-0.49117562,-0.6472939,79
-0.6681433,-0.5141348,-1.4700727,-0.8100325,1.8367509,1.0812978,0.017602932,0.95229673,-1.029411,-0.84528184,0.9491788,0.7129104,0.21384501,0.22415204,0.18502551,-1.2907643,43
-0.7863396,-1.2721112,-0.6847827,-0.8231189,2.4350092,0.73620045,-0.008775733,1.8847585,-0.9823675,0.448664,0.91543144,-0.23882353,-0.05841046,-0.79075575,-0.4420224,-0.6778348,79
-0.7695084,-1.1021129,-0.77342343,-0.7631135,2.440009,0.7665032,-0.25254527,2.058287,-1.1388681,0.59550756,1.0836266,-0.08685124,0.068978734,-0.9020367,-0.82206047,-0.7864831,43
-0.77405536,-1.2292945,-0.74768984,-0.77977717,2.4659648,0.8126806,-0.18201992,2.023836,-1.1142812,0.47219318,0.9906215,-0.16475013,0.022420913,-0.8105832,-0.7012087,-0.7208847,43
-0.6571211,-0.9720962,-0.55836505,-0.74511486,2.0688925,0.7227682,0.22651784,1.6891727,-0.9290018,0.76349866,0.85526353,-0.33278638,-0.010896958,-0.88927466,-0.4240494,-0.7314611,79
-0.904619,-0.9378005,-0.70186293,-0.64154536,2.426,0.8095397,0.66370404,1.3223112,-1.2903404,-0.5498659,-0.23807871,0.25547305,-0.12815246,-0.033720627,0.62455827,-0.38072705,79
-0.7787139,-0.9873624,-0.85569185,-0.7447211,2.3826044,0.57550097,-0.38013095,2.155629,-1.2571408,0.9107981,1.1568083,0.057281077,0.15209636,-1.0978273,-0.91179633,-0.7454216,43
-0.8655818,-0.5202594,-0.54454595,-0.9813005,2.0883238,0.47145167,-0.30609986,1.9199431,-1.055324,0.9127321,0.99482155,-0.08966002,0.65662396,-0.88408,-0.9489124,-0.9640867,43
-0.7128457,-0.97283685,-0.77515495,-0.71243715,2.2375064,0.7225472,-0.32083133,2.049363,-1.1398869,0.8101348,1.2246974,-0.12539446,0.026701082,-1.004096,-0.995945,-0.87598646,43
-0.75876874,-1.3321315,-0.69743025,-0.8165716,2.385457,0.6934893,0.23481578,1.7448068,-0.8680488,0.6481737,0.7849934,-0.47768694,-0.11767145,-0.8810382,-0.35389125,-0.60530126,79
-0.56862175,-0.27518836,-1.4192841,-0.79107,1.7520938,0.9299779,0.106569916,0.83750474,-0.8791045,-1.0092331,0.96193844,0.6305393,-0.012391828,0.3482625,0.2020343,-1.1647229,120
-0.8252077,-1.2483901,-0.5955694,-0.8108467,2.4035032,0.6935127,0.07901816,1.8526839,-0.9726944,0.48445743,0.77639645,-0.32243448,-0.037898958,-0.819564,-0.37960824,-0.6449224,79
-0.79838276,-1.0799011,-0.7191728,-0.7584251,2.4444976,0.75318766,-0.17077914,2.0301216,-1.1121637,0.5868531,0.98828584,-0.1666658,0.05232022,-0.89358467,-0.78635925,-0.775291,43
-0.8136661,-1.2136493,-0.6678384,-0.7583717,2.4364502,0.76952946,-0.118989095,2.005793,-1.1094829,0.49024934,0.8896036,-0.2318184,0.05519111,-0.8456574,-0.6417055,-0.6771295,43
-0.6433286,-1.0171702,-0.5092771,-0.8149445,2.0020213,0.7183658,0.30983463,1.6295688,-0.8491447,0.81206065,0.85831743,-0.4773967,-0.02642519,-0.85665387,-0.36272886,-0.82258314,79
-0.9465141,-0.8075299,-0.6366854,-0.6228319,2.4109888,0.771754,0.74326944,1.2258631,-1.1809529,-0.5236926,-0.3360278,0.16785467,-0.13330933,-0.06739581,0.615782,-0.3474877,79
-0.7576657,-0.9375963,-0.81833696,-0.7572181,2.3496323,0.6076853,-0.3591055,2.1453278,-1.2128246,0.93966454,1.1890898,0.02783683,0.14737637,-1.0981717,-0.93958807,-0.774335,43
-0.88929725,-0.45441657,-0.469891,-0.9964451,2.1254406,0.46674243,-0.2688037,1.9689121,-1.0182801,0.94193655,0.98402977,-0.13040878,0.6739329,-0.9174832,-0.97131705,-0.9462447,43
-0.7032724,-0.9874003,-0.7149812,-0.71570134,2.2065723,0.74746466,-0.26961693,2.0342255,-1.1099308,0.8049421,1.1929673,-0.22086447,0.022557706,-0.9948576,-0.98934734,-0.9036154,43
-0.7638996,-1.3161997,-0.61167216,-0.81126046,2.3278894,0.65378857,0.35307905,1.6913034,-0.84487724,0.6570185,0.69700825,-0.52415437,-0.15170386,-0.86412495,-0.23442852,-0.5899364,79
-0.42030838,0.14245924,-1.2280471,-0.71117556,1.7219528,0.6468314,0.23166578,0.7648148,-0.7849513,-0.99966484,0.84405434,0.572564,-0.22079816,0.29597342,0.17244217,-0.8875155,120
-0.83547854,-1.2377942,-0.54858714,-0.78927517,2.3883832,0.6991389,0.17833318,1.8129933,-0.9802638,0.47862506,0.6553951,-0.40614358,-0.07695798,-0.8022332,-0.33023003,-0.65887684,79
-0.7861004,-1.0889473,-0.6851203,-0.72823095,2.4126835,0.770718,-0.09975164,2.0049224,-1.1110917,0.5544103,0.93424785,-0.27123645,-0.0059346557,-0.8679107,-0.7684372,-0.8093909,43
-0.8188713,-1.2310134,-0.62455386,-0.72563636,2.4133506,0.77100766,-0.04452582,1.984681,-1.115674,0.4837342,0.8144913,-0.3425997,0.028592728,-0.84622115,-0.6149495,-0.69219285,79
-0.6466914,-1.0702713,-0.45786977,-0.8664539,1.964582,0.71057165,0.41146636,1.5912347,-0.8069483,0.842495,0.8171649,-0.60936046,-0.07841506,-0.8101489,-0.2869748,-0.89528465,79
-0.93175876,-0.71407175,-0.56305987,-0.60873383,2.374835,0.76747906,0.8239816,1.1516157,-1.0941443,-0.4682023,-0.4046648,0.043893218,-0.1803,-0.088192396,0.57908046,-0.36772197,79
-0.7512961,-0.9317062,-0.79247427,-0.77041095,2.3073452,0.6484184,-0.3348879,2.1351943,-1.1755414,0.94442254,1.219172,-0.039675474,0.15609114,-1.0939459,-0.9579911,-0.81462693,43
-0.88765347,-0.46709865,-0.4042657,-0.9703977,2.1284118,0.48648348,-0.22483647,2.019241,-1.0252806,0.9594718,0.98091257,-0.18942899,0.6350297,-0.9240389,-0.98671305,-0.9506734,43
-0.7040378,-0.9967421,-0.64572114,-0.70290846,2.1759176,0.7546942,-0.19462717,2.0131247,-1.10647,0.8086482,1.1194396,-0.28494084,0.00060760975,-0.98051757,-0.9409697,-0.90629226,43
-0.7525918,-1.3273033,-0.53805465,-0.8071908,2.278972,0.6480106,0.4697743,1.6615486,-0.84854245,0.6377084,0.62759733,-0.6114931,-0.18860072,-0.8184237,-0.13916987,-0.62697995,79
-0.20980176,0.59863424,-0.7850723,-0.68776494,1.7199655,0.1712881,0.349186,0.6637207,-0.51909375,-0.75878286,0.73750556,0.5081271,-0.6640639,0.24596952,0.061070196,-0.54016554,120
-0.7914862,-1.2276707,-0.529573,-0.74684274,2.328143,0.7581134,0.28347296,1.7629381,-1.0084532,0.43149263,0.58265716,-0.4990958,-0.16742742,-0.74175406,-0.2879666,-0.73564106,79
-0.7512847,-1.0715742,-0.64764804,-0.6887988,2.345222,0.79225147,0.0071329735,1.9625819,-1.1352872,0.4974929,0.87045187,-0.342631,-0.054317303,-0.82582253,-0.6832024,-0.8451471,79
-0.7710349,-1.2326585,-0.5988307,-0.6688404,2.3398268,0.8101884,0.046927124,1.9465779,-1.1483978,0.45137173,0.7688844,-0.4490435,-0.04086891,-0.81296974,-0.5797921,-0.7616719,79
-0.67455006,-1.1524745,-0.39721972,-0.8789696,1.9455428,0.7154535,0.511857,1.6011776,-0.8242297,0.86731863,0.73037195,-0.7670119,-0.15340418,-0.76116186,-0.24693793,-0.9622059,79
-0.9440579,-0.690641,-0.46667725,-0.5998454,2.2999938,0.7509537,0.9439132,1.110986,-1.0581621,-0.37907678,-0.47686344,-0.11015169,-0.23957038,-0.10059836,0.61245465,-0.41093272,79
-0.7479614,-0.96043575,-0.7417895,-0.7815494,2.242338,0.67190874,-0.31522465,2.1325655,-1.1424259,0.9572899,1.2441461,-0.13455124,0.18631536,-1.102905,-0.9691584,-0.85187083,43
-0.90333813,-0.49882978,-0.31837735,-1.006193,2.1827462,0.47831383,-0.13525353,2.076,-1.0069476,1.0042517,0.9438322,-0.2861998,0.6159823,-0.92422885,-0.9514667,-0.97108775,43
-0.73762655,-1.0242386,-0.58271176,-0.7136965,2.1720378,0.74155736,-0.09367742,1.9868827,-1.0900795,0.81780756,1.021527,-0.3705334,-0.024125531,-0.95883036,-0.8569575,-0.9067884,79
-0.73625565,-1.3684056,-0.497976,-0.8059589,2.2132354,0.6706227,0.58909047,1.6221577,-0.8628092,0.6058472,0.5768273,-0.70652175,-0.25397953,-0.7381968,-0.04266379,-0.69865394,79
-0.16380654,0.72855175,-0.73410714,-0.6324846,1.7897127,0.041991472,0.2258458,0.70081675,-0.49990278,-0.7392934,0.8485585,0.7847611,-0.70390016,0.1977279,0.014743105,-0.32082534,59
-0.72089314,-1.1975782,-0.5014148,-0.7548869,2.2268183,0.8069006,0.39726117,1.6940567,-0.98562527,0.41274816,0.55891323,-0.64445794,-0.2954754,-0.6502549,-0.25801623,-0.8637342,79
-0.71029097,-1.0703315,-0.6294423,-0.69685334,2.2791243,0.82339966,0.12273261,1.9117174,-1.1295536,0.43753916,0.8441815,-0.45317978,-0.1378007,-0.73619115,-0.5948588,-0.9339918,79
-0.72563356,-1.2180791,-0.58081174,-0.66649085,2.244882,0.84829545,0.17048895,1.8754556,-1.1425403,0.39972013,0.728642,-0.5652029,-0.12475578,-0.733849,-0.48952124,-0.86019796,79
-0.7667821,-1.2374514,-0.293392,-0.92738914,1.957098,0.6903192,0.64188254,1.6357162,-0.8311521,0.88108224,0.5737184,-0.97771823,-0.12926468,-0.716585,-0.17029643,-1.0074114,79
-0.95292854,-0.8113303,-0.36774468,-0.6304149,2.2230947,0.74427044,1.090671,1.1062013,-1.0305686,-0.2929045,-0.49710816,-0.37309182,-0.32644773,-0.07917988,0.68620366,-0.5278277,79
-0.7518374,-0.9837154,-0.6947846,-0.7785233,2.211028,0.6966851,-0.27263415,2.1150153,-1.1148384,0.94893825,1.2252473,-0.21628527,0.16946782,-1.0819293,-0.9706329,-0.88309515,43
-0.899997,-0.5632782,-0.19409746,-1.0636355,2.2111535,0.43884513,-0.034978915,2.124665,-0.9718137,1.1110464,0.91018254,-0.38906878,0.6409108,-0.953958,-0.88557345,-0.977933,43
-0.7543124,-1.0898168,-0.5234986,-0.75056064,2.1315482,0.73634255,0.008118704,1.9708318,-1.0635772,0.849061,0.96036774,-0.5375072,-0.04363911,-0.93676203,-0.79212815,-0.9571092,79
-0.69522566,-1.358989,-0.44288582,-0.817812,2.152875,0.679837,0.716918,1.5745701,-0.865711,0.58768123,0.519734,-0.82336986,-0.36130783,-0.62716967,0.023378193,-0.795907,79
-0.23370014,0.77523446,-0.87882894,-0.47150877,1.9506668,0.112847775,-0.10408245,0.8839768,-0.5780899,-0.7771612,0.8780286,0.88697934,-0.49359182,-0.12097907,-0.2800418,-0.091667905,59
-0.69814986,-1.0973775,-0.44548666,-0.79603565,2.1666927,0.8349483,0.5507897,1.6101339,-0.9342594,0.3837663,0.46689337,-0.77321696,-0.4162845,-0.5241129,-0.19561535,-0.96706164,79
-0.7100924,-1.0297028,-0.57390726,-0.72541493,2.230727,0.8536029,0.242902,1.865134,-1.1023796,0.39670068,0.75786614,-0.5837621,-0.19773471,-0.6494208,-0.52544343,-1.0077956,79
-0.6894842,-1.1609608,-0.54659015,-0.6917696,2.165627,0.8849039,0.32625037,1.7836388,-1.1121856,0.3487311,0.6518656,-0.6815499,-0.25141218,-0.60888267,-0.3854491,-0.96490085,79
-0.952403,-1.2569071,-0.15915275,-0.95398885,2.0051055,0.6203865,0.80957276,1.6793648,-0.8606472,0.89160573,0.29942462,-1.1359992,0.026656326,-0.7107706,-0.03582336,-0.94369745,79
-0.960395,-0.98411644,-0.26132068,-0.68963635,2.169776,0.7593372,1.2360612,1.1284096,-0.9960519,-0.20184599,-0.51514435,-0.6927291,-0.42532602,-0.035894062,0.7282568,-0.6918554,79
-0.74193805,-1.0049523,-0.64618105,-0.77630705,2.1798928,0.72237194,-0.22112104,2.0883932,-1.092355,0.9327378,1.1950011,-0.29649577,0.1304936,-1.0455514,-0.95728564,-0.9199152,43
-0.7434663,-0.7566302,-0.4419183,-1.0212913,2.0412962,0.6697854,0.030096728,2.1146255,-1.0724437,0.8875139,1.2579283,-0.22221954,0.49512783,-0.8629934,-0.59934133,-1.1665957,43
-0.7507164,-1.1689426,-0.43174595,-0.7989314,2.0632632,0.72026575,0.11588602,1.9576577,-1.0470749,0.9047223,0.90206444,-0.7143972,-0.066509135,-0.89713943,-0.71579456,-1.0373778,79
-0.7115018,-1.2493833,-0.3919204,-0.8439898,2.097648,0.71010077,0.8534014,1.4869981,-0.8047724,0.5360474,0.37261713,-0.9836954,-0.43238547,-0.52668625,0.05970198,-0.8563672,79
-0.30832714,0.9669057,-0.8307565,-0.49676135,2.0165184,-0.04003492,-0.32264265,0.92031705,-0.47047928,-0.65682274,0.882093,0.8743193,-0.34929317,-0.37064183,-0.46993282,0.06620012,80
-0.7138231,-1.0765845,-0.35365403,-0.8307005,2.0599697,0.88997626,0.6992162,1.5606087,-0.91642356,0.38709307,0.3582766,-0.9500153,-0.40027142,-0.45434248,-0.10724331,-1.0829488,79
-0.7354518,-1.0277479,-0.4716161,-0.7800553,2.167569,0.8733578,0.35918084,1.8472607,-1.0880283,0.42752695,0.65354943,-0.75777763,-0.17741573,-0.60494024,-0.45520326,-1.1116145,79
-0.71544796,-1.1223575,-0.47077107,-0.7367523,2.0865295,0.9210447,0.48880446,1.7085509,-1.0753016,0.33549887,0.52405715,-0.8354652,-0.28785336,-0.51496655,-0.2708034,-1.0629306,79
-0.8363419,-1.0718346,-0.28979576,-0.8212398,1.9425614,0.7243037,0.8241348,1.7347405,-0.94151425,0.75088674,0.42883217,-1.0318379,-0.08814428,-0.7669304,-0.065038435,-0.9254736,79
-1.0293036,-1.0378538,-0.12129,-0.7786542,2.133929,0.7026148,1.431778,1.1382014,-0.91283524,-0.060035646,-0.62966716,-1.065449,-0.42809287,-0.03198348,0.7666573,-0.7962229,36
-0.73702717,-1.0141166,-0.5730143,-0.77681047,2.148736,0.7332407,-0.14949787,2.0694437,-1.0849789,0.93101096,1.1257248,-0.36731946,0.11906022,-1.0297629,-0.9083401,-0.9294894,43
-0.8203612,-0.88625157,-0.59169936,-1.047919,1.9875402,0.75299835,0.078735925,2.0866597,-1.0950342,0.78601956,1.3535,-0.15482405,0.5534013,-0.8267746,-0.360888,-1.2156146,43
-0.7805552,-1.27906,-0.31603703,-0.8811888,2.0306134,0.70094025,0.24989563,1.9636401,-1.0079323,0.98765373,0.80397636,-0.9813731,-0.0795184,-0.84617954,-0.66558355,-1.149698,79
-0.7575422,-1.1018301,-0.33935603,-0.83931196,1.981042,0.75878704,0.9761659,1.3894871,-0.7504877,0.49870813,0.17491138,-1.1908805,-0.39113486,-0.51106304,0.07995588,-0.9039799,36
-0.33743832,1.1268567,-0.7414248,-0.5677847,1.9829707,-0.16761869,-0.35530433,0.9036238,-0.4385972,-0.6043453,0.8870856,0.9596338,-0.16345039,-0.42885715,-0.39772797,0.1400209,80
-0.7484455,-1.139185,-0.22312143,-0.8870249,1.9328208,0.91184735,0.81158,1.5815544,-0.9017303,0.5154007,0.30631515,-1.1856313,-0.2752278,-0.48628962,-0.060341053,-1.210129,79
-0.76076055,-1.1000383,-0.3595801,-0.87394273,2.0720158,0.8790201,0.4512477,1.8575755,-1.0681367,0.56408644,0.6270092,-0.9259902,-0.06776302,-0.61822355,-0.3759876,-1.245733,79
-0.7546262,-1.1941289,-0.3568282,-0.8101691,1.9790542,0.9387789,0.6287356,1.7006806,-1.0553529,0.43047756,0.46133006,-1.0363085,-0.2106955,-0.50364053,-0.1531626,-1.1901379,79
-0.8863,-1.0367846,-0.5442747,-0.76591444,1.9064951,0.7940756,0.712999,1.7650868,-1.0512252,0.67641246,0.5845403,-0.87429976,0.00027232617,-0.76258653,-0.096087955,-0.9846095,79
-1.1259525,-1.0387603,-0.05569163,-0.88937545,2.050666,0.58520114,1.5139304,1.1988282,-0.83854973,0.16316228,-0.56041086,-1.2967055,-0.17378151,-0.14315213,0.79031163,-0.83308995,36
-0.7572819,-1.044153,-0.5157123,-0.7978647,2.1292157,0.72441816,-0.058964457,2.0424361,-1.0702108,0.93846333,1.0503821,-0.44951445,0.08737401,-0.99566513,-0.8274835,-0.9491431,79
-0.795296,-1.0669992,-0.7702189,-1.0277898,1.7969805,0.92325246,0.034062017,2.0028534,-1.1886946,0.5819288,1.5369258,-0.003475666,0.6287041,-0.69205594,-0.15492949,-1.3862257,43
-0.8612644,-1.3019205,-0.22158885,-0.99272215,2.0347097,0.6517935,0.3796159,1.9533027,-0.9181149,1.1112081,0.6900186,-1.216863,-0.014289096,-0.815634,-0.6447463,-1.225961,79
-0.7622426,-1.0000618,-0.24715403,-0.82001066,1.8423742,0.7996602,1.0622966,1.3576758,-0.7250321,0.56627125,0.046682134,-1.408453,-0.2747781,-0.60039,0.052099317,-0.9634297,36
-0.30451345,1.2918442,-0.52455807,-0.7450218,1.8750917,-0.4015643,-0.19097616,0.8011797,-0.3167236,-0.6352014,0.90236104,0.9577366,-0.21373212,-0.2317259,-0.121140756,0.14948994,59
-0.7095252,-0.74764156,-0.12203622,-0.8824656,1.9204118,0.8370334,0.8071937,1.5614662,-0.7050127,0.7051154,0.26201183,-1.2830238,-0.3069191,-0.715081,-0.35020986,-1.1628675,79
-0.65188843,-0.86995065,-0.28951713,-0.9128609,1.9878137,0.8529159,0.44063377,1.8105378,-0.9100088,0.74973273,0.68602294,-0.9995153,-0.19290239,-0.7238944,-0.59704655,-1.3576431,79
-0.69160104,-0.99113727,-0.2503155,-0.8637522,2.0084102,0.8968468,0.6582773,1.7264271,-0.9051579,0.6087148,0.47522563,-1.1401151,-0.35913387,-0.6386287,-0.34322065,-1.2401202,79
-0.8938259,-1.0078617,-0.6491059,-0.82841694,1.9372169,0.79376054,0.5845509,1.8230464,-1.106086,0.72248757,0.72149026,-0.7102293,0.0625823,-0.6918328,-0.20459315,-1.0377582,79
-0.81211215,-0.96696496,-0.1579966,-0.71182215,1.9828104,0.7798799,1.4229412,1.3998947,-1.0577964,0.18073544,-0.17755973,-1.0279739,-0.42897555,-0.1690156,0.5361266,-1.021574,36
-0.77671516,-1.1085224,-0.45952278,-0.81490695,2.1014154,0.7188169,0.04633698,2.0171902,-1.0528992,0.94995844,0.9715362,-0.5948882,0.032884497,-0.9518127,-0.76119995,-0.9912825,79
-0.9192411,-1.517257,-1.0760863,-1.0738157,1.598757,1.2389145,-0.028638918,1.9665288,-1.4286873,0.16544068,1.779849,0.30175856,0.9399484,-0.39928794,0.3208457,-1.6718426,43
-0.9045859,-0.72616255,-0.32131186,-0.9982295,2.0587575,0.54567385,0.2781044,1.8391863,-0.6722479,1.1366515,0.706306,-1.1108911,0.045166597,-0.98019695,-0.90385365,-1.0737126,79
-0.82027,-0.6706641,-0.1395748,-0.84003985,1.7846218,0.71413636,1.0410345,1.3305788,-0.59378886,0.7359748,-0.047998935,-1.4958597,-0.020767123,-0.79944634,-0.11170768,-0.9087169,36
-0.28261763,1.0468057,-0.45512336,-1.0230918,1.6043001,-0.7490251,0.32082555,0.6617867,-0.48922667,-0.8264537,0.7402567,0.5920044,-0.4886895,0.3179055,0.5260476,-0.09996571,59
-0.7167994,-0.98388827,-0.43413264,-0.7897066,1.8793397,1.0495087,0.74145436,1.6637726,-0.93782604,0.5581789,0.5531348,-1.03418,-0.37872192,-0.54615724,-0.28361592,-1.3258727,79
-0.6567283,-0.98575115,-0.5214431,-0.893138,1.9097924,0.99441946,0.36927503,1.8228539,-1.0360447,0.6360269,0.9245835,-0.75686073,-0.23250711,-0.56695426,-0.511835,-1.520169,79
-0.7312154,-1.069333,-0.6431886,-0.778435,1.9625996,1.1447899,0.4879894,1.7658448,-1.0447785,0.4409057,0.79491484,-0.89335155,-0.30752763,-0.54168206,-0.41660967,-1.4153748,79
-0.92818516,-0.9124576,-0.65906537,-0.86069083,2.0636997,0.7364459,0.472633,1.9365802,-1.152377,0.7881856,0.8049368,-0.50641745,0.107003406,-0.6981228,-0.30407828,-0.99086577,79
-0.8539451,-0.94907427,-0.21825278,-0.84857416,2.0607893,0.6978853,1.280989,1.5661114,-1.1977271,0.37715626,0.02060762,-0.6920185,-0.36996698,-0.056022584,0.45078868,-1.0972533,79
-0.7926284,-1.1766367,-0.35443532,-0.85019267,2.0605648,0.6986184,0.17306131,2.0039134,-1.0300344,0.998772,0.86369187,-0.8010284,0.011902846,-0.9138808,-0.7012382,-1.050186,79
-0.9323659,-1.5990174,-1.213794,-1.0366538,1.5548075,1.3510295,-0.07157005,1.9881022,-1.5542974,0.016263366,1.8604524,0.4333507,1.1117338,-0.39346284,0.4740033,-1.7093916,43
-0.99173844,0.108946055,-0.4314384,-0.9633364,1.9856212,0.27647385,0.124916434,1.585146,-0.3746785,1.0958272,0.59993345,-0.9480696,0.32170805,-1.1983174,-1.1366107,-0.74997544,43
-1.015286,-0.0013170838,-0.29870263,-0.8798393,1.7859204,0.548218,0.8274062,1.2028401,-0.3673721,0.8336427,-0.022482395,-1.2396017,0.43976042,-0.9907349,-0.3933305,-0.70940006,79
-0.28732458,0.7734916,-0.36582142,-1.1221018,1.4801545,-1.0087801,0.7039007,0.6694863,-0.664966,-0.8762605,0.61823106,0.26407883,-0.81501675,0.6000392,0.91958266,-0.15384144,59
-0.78556514,-1.0386316,-0.60928726,-0.7925322,1.9306873,1.1016957,0.5924375,1.8082591,-1.1599783,0.39582562,0.7708258,-0.6622839,-0.24644455,-0.37147665,-0.21740991,-1.3479948,79
-0.6865007,-1.0331675,-0.69275916,-0.8646918,1.9426062,1.077127,0.23605035,1.9473058,-1.2445469,0.46993512,1.1344335,-0.40658185,-0.0729899,-0.44380295,-0.4357386,-1.4954534,79
-0.8082244,-1.04414,-0.90928894,-0.77303994,1.9367975,1.2702218,0.3319636,1.7953595,-1.1897361,0.20519786,1.0087308,-0.55072975,-0.07482623,-0.3817824,-0.350672,-1.47932,79
-0.9185126,-0.7341274,-0.6500007,-0.7877589,2.1897998,0.657925,0.30349848,2.1548996,-1.3483274,0.8647964,0.8482412,-0.25578463,0.21150067,-0.85632706,-0.44840953,-0.8255685,79
-0.84403896,-0.73746467,-0.24303943,-0.9134406,2.165673,0.65342915,1.1346867,1.6351684,-1.1905617,0.506568,0.080684766,-0.5089925,-0.38170022,-0.018241338,0.19552758,-1.0762081,79
-0.82024395,-1.2537687,-0.2456899,-0.92439294,2.0294132,0.6732286,0.32284808,1.9822812,-0.97354305,1.0838414,0.74835604,-1.0524777,-0.015010618,-0.8579123,-0.64824283,-1.14954,79
-0.93305385,-1.541382,-1.3075831,-0.9938764,1.5271435,1.3567233,-0.11619085,1.9603713,-1.6114187,-0.05451198,1.907021,0.5701734,1.0923458,-0.3439573,0.503791,-1.7246187,43
-0.9929703,0.7260462,-0.5064548,-0.9777276,1.825495,0.04300669,0.04190059,1.2784848,-0.095974326,0.9035587,0.49254745,-0.8625854,0.40719718,-1.2194045,-1.2227318,-0.59476644,34
-1.1842575,0.5861292,-0.5336028,-0.99464965,1.7745693,0.35834298,0.66164297,1.0022043,-0.09927622,0.89210045,0.0059577823,-1.0661271,0.77257776,-1.0559436,-0.6136126,-0.60351896,66
-0.36166596,0.8672118,-0.42178458,-1.1040854,1.6706789,-1.1100401,0.78960735,0.8348236,-0.8673698,-0.97452134,0.53354007,0.25764552,-0.97881,0.62804514,0.92821115,-0.19924758,59
-0.7320082,-0.7503413,-0.5732295,-0.72876656,2.0985184,0.9418913,0.42193854,2.0125554,-1.2791102,0.49410743,0.83550966,-0.45383537,-0.18860748,-0.43838423,-0.5236028,-1.1052048,79
-0.73573,-0.9918519,-0.753151,-0.81788796,2.102801,1.0013715,0.10928801,2.168956,-1.3930993,0.51679575,1.2147624,-0.28406087,0.032337904,-0.50205636,-0.6078386,-1.2928534,43
-0.8274091,-0.88490117,-0.949863,-0.71796155,2.0896842,1.1264927,0.16905993,2.0266573,-1.3589281,0.27109405,1.1315858,-0.30488878,0.05078966,-0.41793072,-0.54704034,-1.233422,43
-0.9486275,-0.5714755,-0.70005757,-0.7223456,2.2372916,0.5809616,0.14755385,2.236533,-1.4627757,0.8842811,0.912648,0.018704653,0.2795209,-0.9328045,-0.51199836,-0.68291074,43
-0.8531884,-0.67191434,-0.27024963,-0.9142094,2.2255573,0.5966823,1.0463918,1.7071619,-1.2178677,0.62900114,0.14056209,-0.32615572,-0.31252936,-0.09843005,0.13789299,-0.95078254,79
-0.7415326,-1.0499536,-0.2346887,-0.93913597,2.033401,0.6488893,0.40892878,1.9262601,-0.83074415,1.1140915,0.72097516,-1.1869812,-0.22569317,-0.8910998,-0.77371645,-1.1830206,79
-0.87357086,-1.5588702,-1.4211831,-0.9773963,1.4842867,1.4450191,-0.14386745,1.9132489,-1.6266127,-0.13915561,1.9853745,0.6202265,1.0531956,-0.27384382,0.5143322,-1.788286,43
-1.024231,1.1032764,-0.51856315,-0.98060304,1.7292243,-0.1429708,-0.0073638037,1.1137731,0.05903557,0.68834656,0.42808297,-0.72760177,0.49031338,-1.1983037,-1.1508895,-0.42042255,34
-1.300318,0.9905654,-0.7115137,-1.1140008,1.7479842,0.19242781,0.57458633,0.8282597,0.09390074,0.90067685,0.015652925,-0.9321567,0.98239285,-1.0242956,-0.6930506,-0.55990326,57
-0.47529852,0.93531823,-0.5673904,-1.0884254,1.736726,-1.2116853,0.7226851,0.94926953,-1.0309349,-0.9866342,0.63236976,0.37046376,-0.86356705,0.5056946,0.9432899,-0.12880829,59
-0.7082771,-0.67136914,-0.5796497,-0.7327995,2.1379254,0.8619659,0.27120584,2.160167,-1.3533615,0.63267857,0.9321849,-0.38942748,-0.09738857,-0.5296582,-0.7376887,-1.0084229,79
-0.7287003,-0.92078257,-0.74571484,-0.7839231,2.1716194,0.9047946,-0.067867875,2.341126,-1.508188,0.61234194,1.2942498,-0.14944807,0.10721752,-0.60365874,-0.79078376,-1.1265979,43
-0.7862126,-0.77920175,-0.88623816,-0.7119959,2.1799095,0.95190716,-0.013173718,2.2276993,-1.4376757,0.4743765,1.2530712,-0.15227689,0.09140376,-0.52617997,-0.7905048,-1.0365057,43
-0.9976559,-0.5429238,-0.8272973,-0.6671666,2.255865,0.6102327,0.031179843,2.2745686,-1.5180762,0.80197513,0.9969681,0.1098268,0.34637713,-0.9571195,-0.5773083,-0.6255995,43
-0.7781726,-0.50157326,-0.16362342,-0.82638556,2.2522688,0.48150983,0.8296139,1.9040371,-1.3626043,0.77582365,0.20876358,-0.09821509,-0.2638468,-0.34833068,-0.034415573,-0.78979075,79
-0.73183256,-1.0425347,-0.45948708,-0.91379654,2.0117414,0.7688453,0.37316158,1.9301229,-0.9127512,1.0129179,0.9047458,-1.004491,-0.26630986,-0.8055673,-0.71983695,-1.27722,79
-0.87383354,-1.634708,-1.5177045,-0.96118575,1.5028731,1.5401579,-0.13163492,1.8977076,-1.6460856,-0.21655734,2.0128787,0.63047147,1.0395657,-0.2371816,0.56515664,-1.8201644,43
-1.0100918,1.1454154,-0.29385376,-1.0118337,1.7757672,-0.33815905,0.05778408,1.1548438,0.15142334,0.62874436,0.3091386,-0.7694732,0.3115003,-1.1804354,-1.0533892,-0.23113064,34
-1.3716614,1.2889671,-0.80189973,-1.2237769,1.7554106,-0.0033355951,0.5272924,0.72064126,0.24488634,0.96914506,0.03953603,-0.78467166,1.0436686,-0.9891495,-0.7399756,-0.50444794,57
-0.46417937,0.83072877,-0.6087844,-1.0454583,1.7369593,-1.218412,0.6545238,1.0111537,-1.0509065,-1.0044492,0.65740395,0.2237638,-0.99480826,0.41852498,0.822399,-0.06282439,59
-0.7840727,-0.7010539,-0.6723595,-0.72233236,2.1625316,0.84489965,0.087011054,2.3004525,-1.4818597,0.6593827,1.0420516,-0.27328864,-0.041252412,-0.6023537,-0.83245975,-0.9823251,43
-0.78168267,-0.8757868,-0.7943409,-0.7512814,2.2015438,0.8475193,-0.21314585,2.4276097,-1.5575603,0.6667412,1.3631674,-0.057719514,0.1173303,-0.6686951,-0.91654515,-1.0461073,43
-0.8049111,-0.73814,-0.8709032,-0.67423254,2.232471,0.8773459,-0.20009685,2.3922186,-1.5352024,0.5753538,1.339888,-0.023131013,0.14386256,-0.66081864,-0.9398712,-0.913246,43
-1.0500858,-0.5888109,-0.95895594,-0.6326158,2.3141382,0.68846786,-0.026728887,2.3127012,-1.5457821,0.70342886,1.051141,0.09970108,0.42085338,-0.9867597,-0.619186,-0.5918691,43
-0.88567036,-0.43107706,-0.31482875,-0.8039765,2.3046198,0.4215723,0.6422985,1.9888024,-1.4812357,0.69973314,0.28575265,0.0903517,-0.23002577,-0.3523919,-0.119545005,-0.74364394,79
-0.7576519,-1.1445683,-0.6484658,-0.96411854,1.9851837,0.8503063,0.2539016,1.942225,-1.0448387,0.9469947,1.0861611,-0.7332517,-0.2153238,-0.63076293,-0.6713671,-1.420697,79
-0.89535904,-1.7568349,-1.5970056,-0.9293041,1.5085894,1.6161404,-0.102840886,1.8920795,-1.6874958,-0.28740066,2.0247648,0.62945974,1.0074046,-0.20200577,0.6393716,-1.830456,43
-1.050585,1.2003833,-0.26929852,-1.1420178,1.8262028,-0.48782793,0.086223945,1.1341848,0.26176032,0.6153262,0.2743227,-0.7431903,0.13051254,-1.1359768,-0.9621972,-0.16540778,34
-1.4242802,1.4627696,-0.77394485,-1.2726588,1.7168812,-0.19639647,0.5407811,0.6599885,0.31572235,1.0149723,0.06576471,-0.5820943,1.1193017,-0.96594954,-0.62775165,-0.40625167,57
-0.4702069,0.6795814,-0.47371566,-1.0348941,1.6597432,-1.3238233,0.64257973,1.1139532,-1.0759845,-0.9798712,0.63773155,-0.032978624,-1.1782928,0.37302607,0.7723201,-0.061828315,59
-0.85171556,-0.74860656,-0.77138513,-0.73824036,2.1632702,0.8026179,-0.014028337,2.336434,-1.4946543,0.7029556,1.1508865,-0.20590526,0.009290814,-0.6458989,-0.8619333,-0.9882794,43
-0.8436007,-0.8829489,-0.87585217,-0.7521624,2.2079668,0.80879056,-0.29944903,2.461361,-1.5382676,0.73227876,1.4462539,-0.0466474,0.18379328,-0.74099094,-0.9949124,-1.0078013,43
-0.87093854,-0.80526626,-0.95759875,-0.6973548,2.2468545,0.8242841,-0.32134762,2.4671626,-1.552815,0.6330862,1.4630973,0.0002709329,0.18689293,-0.7162873,-1.0166377,-0.9122263,43
-1.0688896,-0.6432666,-1.0436552,-0.61550575,2.3321996,0.7324686,-0.058883566,2.316003,-1.5483669,0.64041555,1.1085279,0.104641944,0.45675725,-1.0042986,-0.6158396,-0.5576601,43
-0.96030724,-0.42274415,-0.46785825,-0.7554658,2.351172,0.46756282,0.50592875,2.0566697,-1.5361602,0.62155867,0.38406172,0.15674257,-0.12622246,-0.43720233,-0.20203379,-0.70120364,79
-0.7393774,-0.9678396,-0.59839004,-0.9231181,2.114662,0.75905,0.1546995,2.095748,-1.1913588,0.9644819,1.0752822,-0.50210214,-0.070687704,-0.6611016,-0.7628729,-1.2301414,79
-0.9142606,-1.9232762,-1.7168713,-0.9357445,1.4806788,1.6790181,-0.11908774,1.8729025,-1.6797338,-0.33456331,2.1052911,0.55064714,0.9276814,-0.15217596,0.6473961,-1.8911257,43
-1.0865259,1.3135849,-0.35550678,-1.2018911,1.9117393,-0.48486277,0.028167319,1.1982927,0.2208119,0.55708975,0.26753366,-0.64627004,0.10345004,-1.1511427,-0.97966003,-0.12669247,34
-1.4725864,1.5702746,-0.78573585,-1.264832,1.5974772,-0.32488713,0.5234584,0.60843325,0.2962192,0.9221136,0.17869227,-0.2913876,1.2710774,-0.92773813,-0.38736954,-0.31887382,57
-0.39949316,0.4051049,-0.18305156,-1.0727808,1.5854709,-1.384942,0.83075935,1.1215042,-0.99723756,-0.8714113,0.463792,-0.47247428,-1.5439312,0.41561466,0.81717783,-0.1720588,59
-0.91838735,-0.86695826,-0.896143,-0.8041214,2.184608,0.8049997,-0.119069114,2.3842525,-1.4796195,0.73005337,1.2955368,-0.20727557,0.07269434,-0.66614264,-0.8997441,-1.0391554,43
-0.9195461,-0.9572717,-0.9994913,-0.7954236,2.237992,0.79950964,-0.39278358,2.5006738,-1.5112704,0.7688718,1.5577239,-0.06874487,0.24102542,-0.7803186,-1.0583607,-1.0115871,43
-0.9419452,-0.89846945,-1.0641303,-0.770716,2.2607713,0.8002559,-0.41534248,2.5121248,-1.53964,0.66704696,1.575164,-0.0221318,0.24968117,-0.7313272,-1.0603436,-0.95130056,43
-1.0626097,-0.7156757,-1.1065061,-0.62722343,2.332182,0.75310075,-0.09231375,2.3071592,-1.5087694,0.6157576,1.1839296,0.051970273,0.45417234,-1.0179884,-0.63722956,-0.5545666,43
-0.98630613,-0.4174352,-0.58582085,-0.7346338,2.413122,0.50079477,0.4002626,2.0883098,-1.5621566,0.5484709,0.4494128,0.21058086,-0.057804205,-0.49181312,-0.26597133,-0.65879345,79
-0.7742928,-1.0080453,-0.67483836,-0.93815947,2.1938438,0.74314857,0.031180395,2.2396004,-1.3653797,0.9158954,1.1684396,-0.21872446,0.0971288,-0.6494423,-0.70599437,-1.1261761,79
-0.9651089,-2.0990064,-1.8180561,-0.94772387,1.4756508,1.7265667,-0.12344243,1.870454,-1.6406898,-0.363481,2.174005,0.41609207,0.88813823,-0.15367658,0.65211695,-1.9197612,43
-1.0901202,1.3797164,-0.44975752,-1.1515477,1.9943184,-0.4467785,-0.11762382,1.3574022,0.07082555,0.4476936,0.34385204,-0.5047939,0.102347806,-1.2361522,-1.062758,-0.03151074,34
-1.031534,1.4924953,-0.6523317,-1.1106253,1.4493312,-0.108443886,0.9336483,0.4571983,0.2915806,1.0826523,0.24209951,-0.30932534,0.9583603,-0.9126968,-0.20565683,-0.43822908,42
-0.2950071,0.07928184,0.18887724,-1.1396303,1.5665774,-1.4322474,1.1915268,1.0297948,-0.87268424,-0.729381,0.16457605,-0.8814554,-1.9908313,0.5853215,0.9962563,-0.32206944,59
-0.9690121,-0.9851874,-1.0088146,-0.8415873,2.2248292,0.81046855,-0.20905036,2.4275994,-1.4607115,0.7458498,1.4182636,-0.2246319,0.13029267,-0.710629,-0.9398707,-1.0433321,43
-0.9678433,-1.0465266,-1.1015134,-0.82869464,2.2714221,0.7881416,-0.4531011,2.5113158,-1.4681981,0.7975148,1.6485093,-0.09378146,0.27010316,-0.81220394,-1.0892991,-0.99373204,43
-0.99427736,-1.019805,-1.1604829,-0.8248112,2.2741783,0.7985791,-0.47698808,2.5405693,-1.5211843,0.6818269,1.6656581,-0.06826134,0.29184595,-0.753302,-1.0745571,-0.97670823,43
-1.0502007,-0.7919953,-1.157769,-0.6584586,2.3373497,0.74668586,-0.124701574,2.298082,-1.4458022,0.6295674,1.262038,-0.0352166,0.41986656,-1.0349864,-0.68074316,-0.5676751,43
-0.9970102,-0.44028276,-0.70031345,-0.7397227,2.4277554,0.5167166,0.2898926,2.1003373,-1.5736688,0.4673953,0.5385307,0.23172244,-0.00973805,-0.5146294,-0.32993042,-0.6436769,43
-0.8150337,-0.8318894,-0.719185,-0.8705574,2.2765923,0.65339124,-0.11624265,2.3348153,-1.4776497,0.9046078,1.1980289,0.053212732,0.15415947,-0.7354755,-0.76201797,-0.9367398,43
-1.0057273,-2.2340271,-1.8710043,-0.9419123,1.4715093,1.7548581,-0.10495849,1.8730404,-1.640893,-0.40631163,2.2010612,0.35151377,0.86836195,-0.14796212,0.7054085,-1.9090798,43
-1.1320705,1.3911458,-0.48995984,-1.1791867,1.9599159,-0.43983036,-0.13164291,1.346381,0.11160621,0.4597996,0.39093733,-0.54932064,0.12717566,-1.2830625,-1.0459415,-0.0532823,34
-0.964176,1.4570218,-0.69830847,-1.1729159,1.4519728,-0.15621774,0.94468516,0.44276363,0.35572305,1.128451,0.38269004,-0.3910822,0.718891,-0.8446587,-0.28315938,-0.58655787,34
-0.324023,-0.17418283,0.28471863,-1.1292524,1.5460886,-1.5109829,1.3359956,1.0443066,-0.9336655,-0.74156016,0.12171857,-1.0348374,-2.0464926,0.693205,1.1999508,-0.2919084,59
-1.000001,-1.0438681,-1.0924861,-0.8610759,2.2886655,0.784667,-0.28273642,2.4328566,-1.4260938,0.73588145,1.4925792,-0.21141565,0.15678744,-0.73991054,-0.97594595,-1.0052946,43
-0.9886438,-1.0998105,-1.1556084,-0.86585504,2.3014348,0.7328627,-0.48812228,2.4869032,-1.4073262,0.82767093,1.7002633,-0.118104696,0.25558484,-0.820804,-1.1067169,-0.9642096,43
-1.0202482,-1.0995585,-1.2254064,-0.8605846,2.3030622,0.7781693,-0.49766707,2.5223916,-1.4816589,0.6754881,1.697477,-0.114674196,0.2859646,-0.7630491,-1.0688661,-0.9745919,43
-1.0227379,-0.84223914,-1.1604836,-0.7012358,2.3300152,0.6989913,-0.14382969,2.2821286,-1.3876481,0.67284346,1.318011,-0.09723681,0.3748079,-1.045544,-0.7011197,-0.589562,43
-0.99105203,-0.444355,-0.7933113,-0.7644206,2.424743,0.50759387,0.19752134,2.0875473,-1.5351421,0.43939584,0.63779616,0.22312763,0.025713094,-0.55082124,-0.39728463,-0.6428306,43
-0.8418918,-0.77228725,-0.80393714,-0.8045081,2.3003373,0.63246155,-0.20951802,2.378882,-1.5114355,0.88422453,1.2507839,0.09999794,0.1997425,-0.80612135,-0.85656685,-0.8346559,43
-1.0214002,-2.340866,-1.9295413,-0.9782904,1.4508138,1.7526137,-0.08794664,1.8424917,-1.6034946,-0.4262321,2.2489462,0.29662046,0.8347021,-0.11587413,0.763963,-1.932025,43
-1.1910524,1.3302194,-0.53326666,-1.1809418,1.9621688,-0.47759253,-0.16759413,1.378983,0.108055145,0.42119646,0.45408994,-0.5888603,0.127166,-1.3157644,-1.0180631,-0.010126814,34
-0.9010075,1.2448323,-0.9001058,-1.1596749,1.4715786,-0.049217433,0.78583217,0.5229338,0.29959464,1.0392544,0.7060013,-0.35531917,0.75967455,-0.8471673,-0.34921727,-0.6828485,34
-0.31353122,-0.43610567,0.35496154,-1.1183536,1.5037975,-1.5037999,1.4773046,0.9845246,-0.9214661,-0.6483464,0.022316605,-1.2425058,-2.071266,0.6911078,1.3438686,-0.26990408,59
-1.0166354,-1.0471137,-1.1672995,-0.89566267,2.3411212,0.72478116,-0.33954754,2.39384,-1.3574506,0.7283295,1.5457637,-0.19744977,0.15690729,-0.7513947,-1.0085921,-0.96700835,43
-1.0106745,-1.123755,-1.2033498,-0.9049482,2.3360822,0.673761,-0.490328,2.4356031,-1.330399,0.83708817,1.7143482,-0.16396324,0.22703618,-0.8235542,-1.1066836,-0.9410876,43
-1.0266796,-1.1172407,-1.272263,-0.9051906,2.3273904,0.7139181,-0.4919492,2.4647884,-1.4173256,0.67635125,1.6958599,-0.15621969,0.24615526,-0.7582282,-1.0538529,-0.9598609,43
-0.9971737,-0.89640486,-1.1482043,-0.74900365,2.3159354,0.63290465,-0.15377173,2.2574165,-1.3190662,0.7258536,1.365511,-0.17131525,0.31521374,-1.0492101,-0.7162011,-0.6183498,43
-0.982452,-0.457204,-0.87109,-0.79881537,2.436434,0.47373775,0.101023085,2.0821,-1.4733061,0.44678682,0.75668997,0.18985635,0.024030734,-0.58752894,-0.49073413,-0.65170676,43
-0.9005299,-0.82774055,-0.9250905,-0.78854185,2.319847,0.67817557,-0.2803062,2.4104273,-1.5180337,0.8339275,1.3228532,0.066661924,0.2678864,-0.8351916,-0.91735494,-0.80500644,43
-1.0696789,-2.468559,-2.0031314,-1.0177448,1.4564039,1.7460293,-0.06855734,1.830112,-1.5744702,-0.46056145,2.2854939,0.21422759,0.7944178,-0.08290671,0.81636,-1.9596632,43
-1.249835,1.2440246,-0.57815367,-1.1663823,1.9655321,-0.48663443,-0.18124808,1.4073309,0.09517482,0.38335907,0.48485267,-0.6542845,0.13286276,-1.3478249,-0.9993051,0.04279998,34
-0.89844143,0.87187386,-1.1753254,-1.1591003,1.508869,0.14950514,0.58058995,0.64136934,0.1998024,0.9079094,1.0504818,-0.33007994,0.83314157,-0.8617676,-0.38998654,-0.8163888,89
-0.3035522,-0.7362262,0.49583215,-1.1177758,1.5203252,-1.4184769,1.6804838,0.8706486,-0.8294215,-0.46493864,-0.24440807,-1.5562354,-2.1158428,0.64912695,1.4149288,-0.2618208,59
-1.0047987,-1.0388135,-1.1963172,-0.91183126,2.3848944,0.6539509,-0.37190115,2.3379073,-1.3026309,0.71467173,1.5590112,-0.1692011,0.13175954,-0.7574702,-1.0185593,-0.9236224,43
-0.9920561,-1.1322213,-1.2055798,-0.9283433,2.353427,0.5983455,-0.4799965,2.3681817,-1.2651348,0.8444591,1.7128947,-0.17736146,0.17947729,-0.8250315,-1.0851102,-0.91720563,43
-1.008986,-1.1193448,-1.2756858,-0.9260259,2.3468244,0.6394675,-0.46429813,2.3906908,-1.3527232,0.68501455,1.6656833,-0.18570861,0.19386692,-0.7690335,-1.0260731,-0.9323044,43
-0.97478086,-0.96821606,-1.12429,-0.78313833,2.3085027,0.5827415,-0.1593815,2.2271814,-1.2515712,0.7688373,1.4012482,-0.25283352,0.25754213,-1.0584636,-0.7326689,-0.6521276,43
-0.95502824,-0.44611332,-0.89372057,-0.84435874,2.4723144,0.3811603,0.01910128,2.0756752,-1.3950249,0.49088228,0.86152315,0.16837001,0.0030077845,-0.6199979,-0.57848394,-0.64057624,43
-0.95375335,-0.91126966,-1.028904,-0.772179,2.3493211,0.7225363,-0.31470978,2.435777,-1.5333782,0.7712533,1.3625423,0.01917842,0.3094249,-0.8546247,-0.9386538,-0.7750982,43
-1.1168127,-2.5752566,-2.0270123,-1.0214558,1.4873303,1.6892296,-0.0335087,1.8178381,-1.6095477,-0.5264154,2.2628064,0.22013226,0.71983063,-0.018644497,0.9189557,-1.9575098,43
-1.2966256,1.1605428,-0.62657905,-1.1385456,1.955849,-0.48406327,-0.18981813,1.4178679,0.07423365,0.3421709,0.5020234,-0.71076965,0.121429175,-1.3686262,-0.9903815,0.07803181,34
-0.96986526,0.6709329,-1.2774062,-1.2462425,1.5287231,0.2483469,0.5114266,0.67949486,0.23828539,0.92122334,1.1926813,-0.4407517,0.861063,-0.89347744,-0.4326764,-0.91648483,57
-0.30766994,-0.8591758,0.6252698,-1.1066017,1.4474285,-1.4260292,1.830734,0.72319645,-0.8153279,-0.2604931,-0.529596,-1.6822888,-1.9663535,0.569741,1.5462674,-0.23796487,59
-0.9631957,-1.0529977,-1.1924484,-0.90402615,2.417521,0.5792277,-0.39277554,2.2834122,-1.2599084,0.7160925,1.5729269,-0.14369072,0.09106254,-0.78068054,-1.024637,-0.8686146,43
-0.9388369,-1.1744076,-1.1907816,-0.91028214,2.345509,0.54484093,-0.4762429,2.3154309,-1.2240077,0.86836857,1.7378472,-0.1833408,0.12396897,-0.8610951,-1.0740575,-0.88302356,43
-0.9622661,-1.1352535,-1.2515023,-0.9224386,2.361133,0.56415117,-0.43850976,2.3216949,-1.2972255,0.7127513,1.6436743,-0.20575625,0.12901217,-0.80221784,-1.0089135,-0.89276254,43
-0.9312731,-1.0252185,-1.0583043,-0.78623617,2.3178635,0.535545,-0.14753649,2.1962454,-1.224842,0.78806007,1.3794249,-0.3023991,0.20389205,-1.0655485,-0.73366827,-0.6793933,43
-0.925656,-0.46555522,-0.9113435,-0.87717074,2.5076947,0.29984155,-0.048990767,2.0605924,-1.3122631,0.5531533,0.9606534,0.13910371,-0.029053852,-0.6578722,-0.65806425,-0.6348761,43
-0.9647747,-0.9985516,-1.1019807,-0.7839141,2.344595,0.73884535,-0.34370646,2.4380007,-1.489115,0.7713883,1.4438283,-0.06581029,0.31731084,-0.8866096,-0.97462034,-0.7706403,43
-1.104598,-2.6860025,-2.0413318,-1.0130749,1.4844954,1.6966506,-0.006253414,1.796485,-1.6196184,-0.5784876,2.281135,0.19568798,0.68598425,-0.0050799623,0.98576254,-1.9847329,43
-1.3098371,1.0955763,-0.63139075,-1.112472,1.9338416,-0.48593754,-0.18734424,1.3980196,0.055476785,0.31882408,0.48674202,-0.7476468,0.10643853,-1.3776689,-0.97700024,0.0776034,34
-1.0333196,0.43868068,-1.3602419,-1.135495,1.5121005,0.4569055,0.47190353,0.8279325,0.045661643,0.7854877,1.2119081,-0.4991966,0.97126037,-1.00399,-0.43023708,-0.98243064,57
-0.5191289,-0.6004729,0.29489434,-1.1848333,1.5196029,-1.4668498,1.5928591,0.68649125,-0.86319995,-0.4501322,-0.48684543,-1.4730107,-1.5607929,0.61676395,1.4402035,-0.19796237,59
-0.89790565,-1.1050417,-1.1841187,-0.88815105,2.4128883,0.5378798,-0.42355582,2.2363465,-1.2085441,0.7496141,1.6304878,-0.14213659,0.050434418,-0.82295126,-1.0498179,-0.8412814,43
-0.8776187,-1.229649,-1.176867,-0.8731975,2.3357666,0.52739,-0.4828785,2.2792633,-1.1903051,0.8858517,1.7752581,-0.20440958,0.0740042,-0.91762114,-1.0849731,-0.8589289,43
-0.89368,-1.1803435,-1.2212219,-0.9047591,2.353598,0.5162711,-0.43332228,2.2704608,-1.2453972,0.7627913,1.6619245,-0.23152855,0.065263584,-0.8538769,-1.0182341,-0.87073827,43
-0.8908343,-1.086174,-0.9816118,-0.7801914,2.335027,0.48273477,-0.12352446,2.1667364,-1.2344592,0.8002985,1.307765,-0.33865425,0.1367113,-1.0536078,-0.72037005,-0.71655875,43
-0.88695294,-0.5036233,-0.9030215,-0.87445223,2.5591319,0.26142582,-0.08870721,2.0590618,-1.2613353,0.59284085,1.0206975,0.10607794,-0.038126864,-0.717296,-0.7197618,-0.6195859,43
-0.94587034,-1.0492269,-1.135766,-0.81208193,2.342245,0.72064495,-0.3636009,2.4172301,-1.4084288,0.81541777,1.5158856,-0.14642297,0.2999567,-0.9318938,-1.0133756,-0.7749796,43
-1.0937791,-2.7911732,-2.0151172,-0.9661636,1.5016463,1.6986406,0.045539375,1.7909102,-1.67861,-0.6462708,2.2198672,0.17900056,0.6381032,0.007286355,1.065135,-1.9849834,43
-1.2901268,1.0366151,-0.58857703,-1.0839655,1.9042308,-0.48781443,-0.15443215,1.3589314,0.03853987,0.33141237,0.440717,-0.7786809,0.10809785,-1.3978056,-0.94365776,0.063441634,34
-1.0759342,0.21972787,-1.4081268,-1.108072,1.5246276,0.5245775,0.46805626,0.9315562,-0.09251218,0.715609,1.2266409,-0.5742517,0.9099657,-0.9786886,-0.41315958,-1.0091116,57
-0.63505703,-0.3624362,-0.027986601,-1.3368621,1.5614263,-1.4859911,1.3652922,0.58471316,-0.81848204,-0.5496516,-0.24170232,-1.1688923,-1.1507113,0.6750761,1.4226714,-0.27296218,59
-0.83803266,-1.1737725,-1.1711898,-0.85724866,2.3915362,0.5560993,-0.444341,2.202092,-1.171638,0.76416373,1.6822001,-0.16414112,0.043998014,-0.8823125,-1.0651461,-0.8445366,43
-0.8166547,-1.2818705,-1.1487463,-0.81351924,2.3235543,0.5413301,-0.4881119,2.2555368,-1.186133,0.87962186,1.7928923,-0.21537545,0.04525734,-0.9850761,-1.0887938,-0.84355307,43
-0.82239115,-1.2446493,-1.1810064,-0.8603094,2.3369732,0.528589,-0.42730623,2.2367873,-1.2126163,0.7903849,1.6761957,-0.27598158,0.034553863,-0.9263257,-1.0338372,-0.8709911,43
-0.85578173,-1.1604981,-0.9194196,-0.7830451,2.33885,0.47529593,-0.06823811,2.1212902,-1.2629648,0.77855057,1.1902571,-0.39495847,0.07464787,-1.013531,-0.6734283,-0.79891294,43
-0.84572935,-0.572775,-0.8643338,-0.83535665,2.5931876,0.25721434,-0.11036411,2.069439,-1.2648675,0.62459236,1.0312696,0.08386639,-0.03276591,-0.7864126,-0.7555625,-0.61235887,43
-0.9152694,-1.0649589,-1.1470938,-0.85720265,2.3472261,0.66959643,-0.37842122,2.383521,-1.32728,0.86201984,1.5622267,-0.20451377,0.26286423,-0.9568938,-1.0419704,-0.78950596,43
-1.0602472,-2.8108423,-1.9731047,-0.9300683,1.528532,1.694778,0.11096278,1.7410376,-1.6964234,-0.7138691,2.1068387,0.1483782,0.5591044,0.022812568,1.1118338,-1.993433,43
-1.256032,0.9663547,-0.50429296,-1.0624394,1.8800231,-0.4829629,-0.10215987,1.3207669,0.031097233,0.3644187,0.34920675,-0.8641801,0.10474917,-1.4134582,-0.9315611,0.020096287,34
-1.0850456,-0.032353044,-1.4732523,-1.0616153,1.5751071,0.57078874,0.46728167,1.0475804,-0.22537884,0.6807641,1.2753422,-0.61652726,0.82749873,-0.95168275,-0.41368464,-0.94732195,43
-0.59225285,0.00829944,-0.21377364,-1.4593862,1.5825766,-1.4991595,1.1584029,0.4207399,-0.68774855,-0.46898276,0.038410902,-0.7531185,-0.83088696,0.64891446,1.3502532,-0.44792295,59
-0.8041043,-1.2331072,-1.1703575,-0.8079655,2.3614297,0.60232997,-0.4321466,2.1546798,-1.1756144,0.7467196,1.6870263,-0.14890571,0.0421588,-0.9242495,-1.0190194,-0.86555696,43
-0.777009,-1.338575,-1.130131,-0.75814986,2.29114,0.57192063,-0.4851992,2.2216702,-1.184089,0.8715373,1.7971673,-0.23242489,0.018399864,-1.0442749,-1.0730798,-0.8537514,43
-0.7857794,-1.3074348,-1.1583247,-0.81062174,2.318527,0.5634886,-0.4000958,2.1921732,-1.2134484,0.7754378,1.6525522,-0.28729728,0.0060397983,-0.9692197,-0.98959947,-0.89642984,43
-0.8185642,-1.2493427,-0.83560526,-0.79065704,2.3238463,0.44594434,0.032675177,2.0495799,-1.2838467,0.76575166,1.0461342,-0.46198136,-0.04854705,-0.93960524,-0.5745986,-0.8863298,79
-0.81898886,-0.681597,-0.8462566,-0.80150187,2.5743785,0.28617308,-0.11850713,2.0555332,-1.2816572,0.6484469,1.0386014,0.06689188,-0.035808004,-0.8316097,-0.7405238,-0.6536665,43
-0.8875799,-1.0960336,-1.1482246,-0.9002857,2.3403714,0.5989357,-0.39336964,2.3374195,-1.2444448,0.9136713,1.6049905,-0.26344112,0.20144853,-0.97235644,-1.0637357,-0.8089211,43
-0.99214596,-2.7644467,-1.9266253,-0.9112747,1.4805988,1.6674412,0.18901026,1.6324728,-1.659214,-0.7264643,1.9779949,0.056264132,0.43217063,0.034230933,1.1301168,-2.041475,43
-1.1948478,0.8976793,-0.37678933,-1.0520674,1.880074,-0.4948839,-0.024028476,1.2757821,0.02893345,0.42154586,0.21529338,-0.95984864,0.057847887,-1.4054203,-0.9132019,-0.035823837,34
-1.041615,-0.2514217,-1.51368,-1.0347146,1.642322,0.60950625,0.4513672,1.1340953,-0.33451265,0.6638301,1.2904143,-0.64167196,0.72641206,-0.89825845,-0.46118405,-0.8960327,43
0.13234788,0.017942399,-0.39956015,-1.2842071,1.7731181,-0.6355012,1.4054238,0.024518698,-0.3882441,-0.21592157,0.23010863,-0.5238633,-1.0857205,0.7352783,0.9869523,-1.0214972,59
-0.7791279,-1.3002898,-1.1802554,-0.7793267,2.3054395,0.65562487,-0.41192207,2.100107,-1.169151,0.7291832,1.6878779,-0.17411053,0.030387305,-0.9547712,-0.9623648,-0.92172885,43
-0.7514458,-1.386904,-1.1026986,-0.7267481,2.260941,0.60100436,-0.4655773,2.19038,-1.1821915,0.85847485,1.7616595,-0.27915642,-0.013782591,-1.0850042,-1.0448583,-0.8889228,43
-0.7554865,-1.3713292,-1.1441922,-0.77806497,2.2753165,0.6078894,-0.36191684,2.1399493,-1.2248714,0.74158293,1.6085949,-0.31079185,-0.02592156,-0.98580045,-0.91687346,-0.9530902,43
-0.76031375,-1.3628987,-0.7337536,-0.84420013,2.288349,0.3850995,0.13536675,1.979944,-1.2876998,0.77234125,0.9272552,-0.57111585,-0.23108098,-0.8147259,-0.47400883,-1.0230627,79
-0.817848,-0.7865354,-0.8357394,-0.7901862,2.567582,0.32512,-0.09417741,2.024535,-1.315152,0.6306035,0.9739635,0.0340721,-0.051622428,-0.82795966,-0.68739873,-0.7293939,43
-0.86144155,-1.1416112,-1.1363308,-0.9208602,2.3331308,0.5540426,-0.39297116,2.2946134,-1.1770393,0.9519791,1.6268892,-0.32857162,0.15428628,-0.9986478,-1.0764844,-0.82801086,43
-0.9019889,-2.6711345,-1.8364685,-0.8975172,1.4627492,1.5903676,0.32666042,1.5348034,-1.6672207,-0.76641303,1.7555882,-0.041896105,0.2763621,0.08481662,1.1901244,-2.0599673,43
-1.0867127,0.8234122,-0.2232224,-1.0419335,1.8950962,-0.48805735,0.06823848,1.2366023,0.034664094,0.5152333,0.08663945,-1.069044,-0.050646804,-1.3882176,-0.9112783,-0.10224797,34
-0.97071266,-0.3905291,-1.4688311,-1.0479753,1.6982322,0.6175808,0.48098642,1.1363351,-0.37767655,0.6674612,1.1886718,-0.70582855,0.641495,-0.8294606,-0.48322633,-0.87073946,43
0.5512105,-0.04609236,-0.49633318,-1.2400134,1.9017595,0.098176956,1.7037166,-0.33304873,-0.09117432,0.111828506,0.16091928,-0.5005796,-1.204876,0.7169402,0.7509605,-1.359792,120
-0.747315,-1.3327881,-1.1381881,-0.75558275,2.2758846,0.6725279,-0.36289018,2.0589929,-1.1748998,0.7206981,1.6064681,-0.23110402,-0.017562903,-0.97582126,-0.9159126,-0.9646044,43
-0.7144889,-1.4047164,-1.0383942,-0.7289217,2.22819,0.60734165,-0.42482334,2.1496487,-1.1709276,0.86042786,1.6747828,-0.3484906,-0.062306605,-1.0978395,-1.010387,-0.9460322,43
-0.721989,-1.4206946,-1.0911224,-0.7651966,2.2426033,0.63458,-0.30454785,2.0910764,-1.211714,0.7287188,1.5230961,-0.38660613,-0.085107185,-0.9941192,-0.8622253,-1.0069733,43
-0.6462755,-1.4472977,-0.62324536,-0.9173956,2.2184377,0.32083508,0.20550829,1.9260157,-1.2900072,0.7946253,0.8628373,-0.6713052,-0.4164629,-0.6876841,-0.4101944,-1.1784897,79
-0.8036125,-0.8808681,-0.8017515,-0.80089265,2.5419753,0.30983928,-0.05313402,1.9706744,-1.3366883,0.63326335,0.89441735,-0.0075861514,-0.13816357,-0.77324086,-0.6175815,-0.8178526,43
-0.81228864,-1.1802877,-1.101249,-0.90744555,2.3346384,0.5322844,-0.38174084,2.2542243,-1.152203,0.9600732,1.6208613,-0.3482484,0.11133979,-1.0207531,-1.0717151,-0.84237355,43
-0.7822262,-2.5516422,-1.8182542,-0.95786893,1.4560695,1.4874172,0.41402242,1.434327,-1.6726354,-0.7969271,1.6328641,-0.058809385,0.10735102,0.2040485,1.2337685,-2.1217258,43
-0.94634646,0.7400907,-0.081032455,-1.033723,1.8618923,-0.4425218,0.17469206,1.1744224,0.055268496,0.6251459,-0.020941436,-1.2170186,-0.17655256,-1.3687419,-0.9039733,-0.21739139,34
-0.9471922,-0.66259193,-1.4256005,-1.1379892,1.7330711,0.7026528,0.5255845,1.0933408,-0.4025705,0.6235412,1.0210297,-0.8440598,0.594388,-0.6950336,-0.42269787,-0.96862423,43
0.51083684,-0.73669523,-0.76252866,-1.2771515,1.5980395,0.35316244,1.7987773,-0.44881955,-0.32010823,-0.010373831,0.2662196,-0.49768728,-1.2356412,1.0034596,1.1219323,-1.8936491,120
-0.699185,-1.3401527,-1.0630114,-0.74815345,2.2329135,0.6659292,-0.27347925,1.9906231,-1.132582,0.7660481,1.502458,-0.31080428,-0.1062781,-0.99586815,-0.86496305,-0.9910367,43
-0.66217506,-1.4079196,-0.93396443,-0.76663834,2.1804078,0.57058203,-0.34300736,2.0752394,-1.1040605,0.9374671,1.576559,-0.42904738,-0.16194487,-1.0873219,-0.95976365,-0.9955409,43
-0.66104496,-1.4421815,-0.99627405,-0.7754439,2.1918237,0.64023733,-0.21734542,2.0156498,-1.1526643,0.77569455,1.4207873,-0.481461,-0.16547495,-0.99871707,-0.8131688,-1.0536934,43
-0.52855027,-1.4705901,-0.5264408,-0.8856813,2.191065,0.40688208,0.16493346,1.8859668,-1.2067418,0.8647237,0.91537136,-0.58160865,-0.42923668,-0.7203393,-0.47287455,-1.2008893,79
-0.7358681,-1.0295544,-0.7296609,-0.8253899,2.4733121,0.2713336,0.007631656,1.9363173,-1.3524921,0.6798448,0.8532053,-0.10529919,-0.27506915,-0.70400107,-0.53932935,-0.9230643,79
-0.768671,-1.2395209,-1.0677302,-0.8750713,2.308309,0.54540575,-0.3561373,2.2143993,-1.1555612,0.9597813,1.5912617,-0.37904269,0.08021461,-1.0467647,-1.0513653,-0.87771904,43
-0.67563844,-2.4968252,-1.5139139,-1.0126913,1.5484909,1.4201314,0.32317457,1.4944282,-1.5416951,-0.4445172,1.6384513,0.0400334,0.11453262,0.068692565,0.98584896,-2.1117682,43
-0.81092936,0.68475926,-0.026742578,-1.0336034,1.8146597,-0.3695253,0.26352555,1.0812303,0.08517665,0.70321816,-0.112035096,-1.3660377,-0.27707893,-1.3252565,-0.92103577,-0.36180055,34
-0.96373755,-0.7113517,-1.2392368,-1.2188035,1.7588903,0.6546656,0.6233429,1.0102916,-0.33413756,0.71397597,0.6663753,-1.0879959,0.57458913,-0.69665086,-0.40431368,-0.9818555,79
0.24839905,-1.2899687,-0.915477,-1.507688,1.4236306,0.5725813,1.933824,-0.42690817,-0.4268274,0.033825044,0.4471671,-0.47420478,-0.9545029,1.1305431,1.6174912,-2.2419076,120
-0.61495,-1.3405895,-0.9494682,-0.7751305,2.136702,0.63655436,-0.1727593,1.8958539,-1.0403682,0.8655509,1.4250623,-0.42751718,-0.21519855,-0.99900025,-0.81961673,-1.0437059,43
-0.5887525,-1.4252208,-0.7913112,-0.84380877,2.1032386,0.50071335,-0.25353363,2.007899,-1.0270666,1.0508767,1.4919143,-0.54333264,-0.284229,-1.0475304,-0.9094443,-1.0766412,79
-0.5717397,-1.4788123,-0.86399275,-0.82855093,2.0868063,0.6029893,-0.12550193,1.9277167,-1.0608219,0.88403904,1.3540989,-0.60630286,-0.27593312,-0.979811,-0.76128733,-1.1295503,79
-0.39681655,-1.6149697,-0.59810144,-0.7923398,2.1846251,0.6136,0.119449496,1.9280102,-1.2772647,0.7489674,1.0949504,-0.42949688,-0.32570356,-0.7821237,-0.4322116,-1.2591214,79
-0.63652486,-1.2017201,-0.6619526,-0.88191164,2.3691914,0.24387786,0.060542256,1.9093193,-1.3571672,0.7387635,0.8482318,-0.23683916,-0.41677412,-0.6235325,-0.4794937,-1.0633206,79
-0.7493975,-1.3085091,-1.0284681,-0.8478482,2.2838604,0.56228864,-0.30338007,2.1765635,-1.1760917,0.94148606,1.5100138,-0.4358014,0.04186395,-1.0518934,-1.0015149,-0.9277059,43
-0.5934913,-2.3088536,-1.2222056,-1.0716426,1.5495578,1.1635535,0.22471419,1.5209607,-1.4251864,-0.16594778,1.6302674,0.127765,0.09468039,-0.054710343,0.82678723,-2.006423,43
-0.72083163,0.748539,-0.13907918,-1.0801177,1.7047894,-0.32161364,0.24318501,0.915485,0.17425516,0.7384283,-0.086675644,-1.4093736,-0.25270236,-1.267729,-0.971367,-0.507205,34
-0.9088135,-0.54530174,-0.8981505,-1.260695,1.8070369,0.45942357,0.7592102,0.9241183,-0.17254497,0.94202983,0.27810752,-1.3452933,0.49013096,-0.79581743,-0.46480396,-0.8923045,79
0.1343832,-1.3786217,-1.0280628,-1.6230029,1.3796729,0.73512053,1.9769633,-0.35424086,-0.5434505,-0.046718262,0.5773077,-0.3622768,-0.84161955,1.1680442,1.8535248,-2.4053967,120
-0.49903557,-1.4104655,-0.8170739,-0.8279524,2.0078092,0.6129389,-0.09353863,1.8207726,-0.9740827,0.9517805,1.3986665,-0.5307446,-0.3541119,-0.9501738,-0.7509384,-1.1415023,79
-0.52238977,-1.481228,-0.7000489,-0.9718999,2.0122688,0.44698384,-0.22902858,1.9567271,-0.96787405,1.1145873,1.5107285,-0.5665519,-0.40500784,-0.9367949,-0.8294919,-1.2066059,79
-0.4896892,-1.5663658,-0.7452321,-0.9404024,1.9650036,0.54560673,-0.09146793,1.871403,-0.9961605,0.95897,1.3581387,-0.6923554,-0.42200986,-0.888127,-0.6919232,-1.2658598,79
-0.44743934,-1.458924,-0.72026646,-0.752334,2.131327,0.6538974,0.072749704,1.8260614,-1.222965,0.669235,1.0585266,-0.31175014,-0.18063319,-0.80951446,-0.44511512,-1.2042332,79
-0.57136774,-1.2329454,-0.638629,-0.9740703,2.2874827,0.29061422,-0.039260965,1.8434198,-1.2085502,0.84102046,0.96942216,-0.193102,-0.39842263,-0.6068218,-0.5634635,-1.1683536,79
-0.72144943,-1.3504324,-0.96952087,-0.850899,2.2781305,0.5568794,-0.22919038,2.1140032,-1.187652,0.9043468,1.3918374,-0.473252,-0.037378326,-1.0027283,-0.9156194,-0.9944725,43
-0.57671165,-1.8775941,-0.9780682,-0.9334222,1.6865634,0.9241655,0.17753309,1.6008297,-1.3362184,0.06955526,1.3694924,0.09810063,0.095271945,-0.35026097,0.4845965,-1.6400957,43
-0.69605905,0.90196764,-0.40638196,-1.1237018,1.5173651,-0.27780375,0.16849189,0.6388086,0.28352392,0.65647084,0.027633071,-1.32259,-0.098593526,-1.1389316,-0.9487566,-0.6693804,34
-0.8007435,-0.43641782,-0.5963699,-1.3153908,1.8238444,0.33685812,0.941615,0.7944352,-0.0033148676,1.1159981,-0.024596363,-1.5137882,0.36871696,-0.80737334,-0.42512402,-0.88748324,42
0.0724536,-1.5182208,-1.1879816,-1.6294968,1.27842,0.93138397,1.8577837,-0.23573712,-0.69394755,-0.29104197,0.73692894,-0.25417218,-0.7951025,1.1947207,1.9719981,-2.4842217,120
-0.42106983,-1.4866769,-0.7581996,-0.9199734,1.8909035,0.68663275,-0.09162982,1.7076473,-0.84182394,0.97536427,1.4801369,-0.44860077,-0.40446395,-0.8391886,-0.6498825,-1.254981,79
-0.34682828,-1.5965438,-0.64129084,-0.8356091,2.0442069,0.734506,-0.14838,1.9202113,-0.9821626,1.1018194,1.5199513,-0.31148842,-0.34452504,-0.98861754,-0.72164226,-1.1458142,79
-0.35009864,-1.6830497,-0.710747,-0.841121,1.9869558,0.82332945,-0.027942393,1.8310351,-1.0068606,0.95989764,1.3773484,-0.42281562,-0.2969933,-0.93173116,-0.57259595,-1.1806979,79
-0.48265558,-1.1532233,-0.6194534,-0.73211634,2.250536,0.47866562,0.020154554,1.8804499,-1.1704626,0.75025094,0.9354858,-0.21352312,-0.12384824,-0.8998559,-0.60013396,-0.95906264,79
-0.56200886,-1.2962668,-0.80785173,-0.91409534,2.2907758,0.49701247,-0.10871036,1.8581947,-1.2507653,0.6764318,1.1664886,0.06594154,-0.22137922,-0.64558464,-0.46344808,-1.1839275,79
-0.66031474,-1.4150627,-0.8652685,-0.8079221,2.283844,0.5830903,-0.08966431,2.0317261,-1.1455519,0.9219326,1.2736964,-0.49096677,-0.18228239,-0.99448097,-0.7943445,-0.97284734,79
-0.6416598,-1.3850876,-0.86661714,-0.87568605,1.88601,0.6177597,0.10553797,1.6880748,-1.228605,0.25259417,1.1140807,0.015167147,0.06857603,-0.57008547,0.0942996,-1.2696111,43
-0.71330625,1.0562435,-0.6957283,-1.143996,1.3604921,-0.267322,0.10666667,0.37218654,0.33088246,0.51795995,0.1624622,-1.1770247,0.07482183,-0.9543723,-0.88671076,-0.8222275,34
-0.64626867,-0.38690215,-0.34063095,-1.3591347,1.8148685,0.27414533,1.1724092,0.6665594,0.09233299,1.1946434,-0.2878887,-1.5676781,0.18473604,-0.72850186,-0.26614445,-0.92437696,42
-0.10871144,-1.6278793,-1.3532815,-1.5630449,1.3181332,0.9534625,1.6565584,-0.0803535,-0.8526155,-0.56621194,0.76638067,-0.09275648,-0.7770568,1.1788961,2.040884,-2.327822,120
-0.3153209,-1.4230769,-0.702309,-0.78384036,2.023166,0.8285078,-0.060302,1.7490417,-0.89956355,0.94882417,1.4093605,-0.21504168,-0.29489723,-0.93805397,-0.6471938,-1.0824621,79
-0.3224417,-1.2249346,-0.691443,-0.7065021,2.0837584,0.70753455,-0.20492014,1.8822777,-0.9439324,0.9721784,1.4320364,-0.19394225,-0.24790826,-1.1191356,-0.8374807,-0.9332312,43
-0.31466848,-1.3997285,-0.7257871,-0.74535656,2.0594778,0.78673315,-0.10100365,1.8191986,-0.9787892,0.8889947,1.3291978,-0.24871647,-0.26471263,-1.0258145,-0.67535895,-1.0010078,79
-0.5188129,-1.0247197,-0.61268854,-0.7158718,2.377287,0.39512566,-0.075947315,2.000135,-1.218617,0.80020493,0.9038746,-0.1725887,-0.060589306,-0.98269856,-0.760679,-0.82701004,43
-0.6235087,-1.1151632,-0.89173156,-0.8859918,2.2815375,0.44659486,-0.14512186,1.7929145,-1.1751292,0.66300076,1.1264074,0.17349836,-0.116826944,-0.69429964,-0.48204383,-1.0414321,43
-0.4817284,-1.5636452,-0.78657776,-0.6877588,2.2057009,0.71209073,0.051891044,1.9891405,-1.2012157,0.87436676,1.2550699,-0.43542817,-0.24753276,-1.017863,-0.6062701,-0.9577305,79
-0.65143687,-1.243143,-0.8601766,-0.88683987,2.0519984,0.5152335,-0.035123702,1.831545,-1.2052137,0.40826708,1.1635544,0.055244535,0.091059245,-0.6952788,-0.16280761,-1.0852795,43
-0.7453901,1.1982285,-0.90688354,-1.1857138,1.2764275,-0.32207245,0.07625198,0.19134852,0.32865083,0.39673638,0.2795753,-1.0075402,0.1955912,-0.7579604,-0.81316864,-0.93807936,34
-0.3903321,-0.42164028,-0.13012049,-1.3638461,1.6965177,0.26275465,1.3432976,0.56123316,0.1407251,1.2332976,-0.41151357,-1.6537533,-0.08237036,-0.64197654,-0.16941565,-1.0292535,36
-0.31407836,-1.7261974,-1.4851534,-1.5091168,1.4548994,1.0211012,1.5367912,0.06612098,-0.95020497,-0.76684916,0.7005845,0.01000008,-0.6978641,1.1267172,2.1116297,-2.1342545,120
-0.36202878,-1.1506844,-0.7283333,-0.74237,2.0920317,0.7413695,-0.09862736,1.7722975,-0.8478849,0.9022075,1.3665497,-0.13921203,-0.18305036,-1.0335538,-0.7138083,-0.8839733,79
-0.41683137,-1.0395758,-0.7988071,-0.6742597,2.1301107,0.67992413,-0.23446888,1.9003385,-0.95153904,0.8323843,1.3916159,-0.10319631,-0.072324075,-1.1541363,-0.81947035,-0.7729509,43
-0.38309345,-1.1345971,-0.78458637,-0.7005067,2.1497161,0.70681214,-0.13806929,1.8518364,-0.9676268,0.8215361,1.2811012,-0.15017833,-0.13471147,-1.1020509,-0.7276253,-0.81567806,43
-0.6324446,-1.0067759,-0.69536847,-0.75583875,2.4953473,0.44801393,-0.15983184,2.0642478,-1.2843968,0.76915985,0.87323743,-0.07596348,0.019465111,-0.954712,-0.7886048,-0.81649786,43
-0.7070762,-0.9100697,-0.88418645,-0.8119704,2.3896923,0.32757327,-0.19324312,1.8796163,-1.2313343,0.6472754,0.96302754,0.29643247,0.0250509,-0.8161109,-0.5380111,-0.7335668,43
-0.39443853,-1.7469994,-0.9094234,-0.6806608,2.0875752,0.8481853,0.0044024177,1.9406404,-1.271422,0.65688455,1.4357408,-0.21178976,-0.259921,-0.8678683,-0.38795513,-1.0543661,79
-0.7115739,-0.9943559,-0.77917165,-0.93385905,2.3303516,0.3724816,-0.13469127,2.007488,-1.2048672,0.68865377,1.0875747,0.07518089,0.074278906,-0.8590141,-0.45180294,-0.9100431,43
-0.79088515,1.3383522,-1.016751,-1.2280034,1.261236,-0.421872,0.05005229,0.11076477,0.27972078,0.30390894,0.36449543,-0.7853996,0.32377672,-0.5950239,-0.7361661,-0.9719433,34
-0.20048322,-0.55467117,0.0354561,-1.407361,1.5538834,0.283672,1.4173149,0.5146903,0.17907816,1.2543327,-0.45016342,-1.874762,-0.27627847,-0.5886992,-0.11876912,-1.1963556,36
-0.46389946,-1.7317169,-1.5035918,-1.4590302,1.5279495,1.0175345,1.4820213,0.14633937,-0.97475505,-0.8516597,0.62677467,0.09566301,-0.61079293,1.066555,2.17728,-1.9417279,120
-0.48881477,-1.006206,-0.7912688,-0.7991806,2.1699376,0.65775204,-0.08009912,1.7971998,-0.83076835,0.84330547,1.2477357,-0.13708156,-0.058837898,-1.0519758,-0.67943674,-0.7618424,43
-0.58517677,-1.0190051,-0.95044667,-0.7221626,2.2068868,0.675557,-0.2460801,1.9397022,-0.99698055,0.71730435,1.3264669,-0.057670236,0.060143393,-1.1179658,-0.7484427,-0.71683735,43
-0.5321226,-1.0371319,-0.9086855,-0.74147964,2.2225003,0.6763351,-0.13570473,1.8726629,-0.9896014,0.7181031,1.1947078,-0.098604456,-0.0029040202,-1.0846308,-0.6691867,-0.7360589,43
-0.7095589,-0.95153165,-0.7587177,-0.7514588,2.506667,0.4395229,-0.1875678,2.0823722,-1.3108383,0.7834038,0.8765612,0.013038844,0.02260108,-0.97527903,-0.7585745,-0.76239944,43
-0.7256336,-0.7854326,-0.86099666,-0.7611741,2.5550272,0.25166526,-0.27986443,2.0198572,-1.310428,0.709335,0.91283166,0.38332036,0.05166991,-0.9175694,-0.6742403,-0.5296085,43
-0.33702686,-1.9528308,-1.1882958,-0.65281916,1.8820508,1.2482232,-0.049353447,1.7369581,-1.2420795,0.25152296,1.6864548,0.071983665,-0.025681823,-0.72253317,-0.06489917,-1.1877141,43
-0.78777975,-0.8882364,-0.8110487,-0.91943455,2.376431,0.39419952,-0.22494021,2.0473928,-1.1834197,0.7825091,1.0707715,0.074089795,0.06936926,-0.9435891,-0.60338986,-0.83289415,43
-0.81453186,1.408734,-1.0148492,-1.2913456,1.2130268,-0.54679483,0.054540653,0.07394929,0.2294623,0.24997796,0.4641556,-0.60489553,0.44780752,-0.43155378,-0.61609805,-0.987797,34
0.05407536,-0.8124238,0.19779143,-1.3245814,1.4069183,0.44839934,1.3823369,0.4197363,0.26316756,1.3529992,-0.3341239,-1.8341962,-0.36290148,-0.57093346,-0.16204435,-1.2906785,36
-0.5828973,-1.7368772,-1.5411291,-1.4033161,1.5899152,1.0477768,1.4373381,0.20095614,-0.97241294,-0.9196307,0.5780618,0.123883486,-0.5803386,1.0392402,2.1621108,-1.8230319,120
-0.5628369,-0.93298507,-0.8578866,-0.82608706,2.2629445,0.623574,-0.0877289,1.8450954,-0.8556136,0.81963426,1.1855307,-0.11195707,-0.01674667,-1.0633159,-0.694281,-0.6983241,43
-0.6747086,-1.1292993,-1.0232651,-0.7760737,2.2820215,0.72470856,-0.32140037,2.037584,-1.0649074,0.6827531,1.3548906,-0.051390678,0.14832763,-1.0887475,-0.77074146,-0.76046675,43
-0.6444851,-1.0806468,-1.0100641,-0.8039559,2.2846825,0.7065525,-0.2051577,1.9410137,-1.0329181,0.68276197,1.2095189,-0.09821363,0.08978373,-1.0588051,-0.69569844,-0.7882243,43
-0.7593065,-0.94486225,-0.79845536,-0.75146353,2.493371,0.45614097,-0.2003977,2.0869863,-1.3014498,0.8086154,0.91189593,0.06261179,0.02010705,-0.98460555,-0.7373283,-0.7279848,43
-0.81678504,-0.80494034,-0.9552818,-0.7780873,2.5749958,0.3628836,-0.32147953,2.034443,-1.3244168,0.67051923,0.9334589,0.39442584,0.09965623,-0.9083926,-0.6693232,-0.56511056,43
-0.3639975,-2.1400797,-1.5615649,-0.6609346,1.6354467,1.5706867,-0.032268208,1.4583695,-1.308665,-0.2855239,1.7715001,0.2626635,0.19708839,-0.40113193,0.32229173,-1.4795287,43
-0.82871366,-0.8533193,-0.8304175,-0.8539897,2.3461914,0.4138457,-0.23801872,2.047104,-1.1906338,0.8222855,1.0789548,0.16326487,0.057270445,-1.0001032,-0.5822298,-0.7158819,43
-0.4405148,1.364619,-1.0840588,-1.1609108,1.3747424,-0.26843384,0.37628648,0.028110683,0.1601702,0.24201931,0.8941281,-0.2825799,0.21330416,-0.09282644,-0.55767196,-1.088582,110
0.09501651,-1.0223087,0.34036338,-1.4255245,1.4185964,0.30215773,1.3449402,0.4735819,0.25821468,1.441293,-0.1933141,-1.8161625,-0.4720765,-0.46225816,-0.09872567,-1.4004025,36
-0.67590266,-1.7308675,-1.5793002,-1.3283026,1.6636989,1.1170006,1.3801327,0.26426607,-0.9929756,-1.006365,0.5078156,0.15311337,-0.5730623,1.0276982,2.086113,-1.7315092,120
-0.66325754,-1.0262836,-0.93655187,-0.8571429,2.3363438,0.68789566,-0.110270336,1.914241,-0.91738534,0.7705199,1.2021435,-0.10928072,0.061296076,-1.0402992,-0.6661096,-0.73645234,43
-0.73536444,-1.144087,-1.0322573,-0.7764061,2.3396046,0.703174,-0.3056081,2.0796208,-1.1121136,0.70332927,1.3265129,-0.022072643,0.12982522,-1.0812252,-0.7455233,-0.7342193,43
-0.73504514,-1.0515916,-1.0017335,-0.82372427,2.392043,0.66768456,-0.19615993,2.0093732,-1.0804713,0.711627,1.128909,-0.06621909,0.1395117,-1.0589632,-0.6971182,-0.71946865,43
-0.78763396,-0.9106904,-0.79330045,-0.76464564,2.4697447,0.47445026,-0.1880971,2.0804613,-1.2698236,0.83605075,0.92903674,0.10302517,0.04510222,-0.9976471,-0.7010442,-0.696508,43
-0.8293931,-0.8382292,-0.93634576,-0.7639396,2.5442443,0.34790412,-0.33052436,2.055123,-1.3047245,0.73450327,0.98854995,0.3706186,0.054456368,-0.95235574,-0.6708912,-0.5180341,43
-0.55104166,-2.281157,-1.8738697,-0.69138205,1.5526952,1.7580267,0.019795299,1.3329138,-1.3962427,-0.7288157,1.6878368,0.37056628,0.41804746,-0.16182704,0.6603359,-1.5667367,43
-0.82857764,-0.8558887,-0.83650637,-0.805247,2.3277004,0.45032892,-0.22588164,2.0597882,-1.2152723,0.83830935,1.0823796,0.17039856,0.04623137,-1.0230763,-0.5924101,-0.66593367,43
-0.3943232,1.389294,-0.810907,-1.3094124,1.8027743,-0.19208667,0.8098887,0.058274925,0.30059415,0.790521,0.6415857,-0.19388592,0.13257438,-0.26106507,-0.5207351,-0.8724492,34
0.08370668,-1.4171528,0.34086454,-1.5243365,1.5612966,0.34694657,1.37036,0.6062608,0.13963148,1.4127054,-0.027391523,-1.6426201,-0.518253,-0.2774973,0.10965731,-1.5019124,36
-0.77389,-1.6678923,-1.5460689,-1.2483399,1.7145301,1.125397,1.3439596,0.33064577,-1.0320615,-1.0495025,0.3919697,0.24067774,-0.4540722,0.9541387,2.0776353,-1.5604012,120
-0.6696524,-1.0702795,-0.9053617,-0.8485988,2.3517978,0.67434335,-0.11774057,1.9587884,-0.95412695,0.80727416,1.2239912,-0.11476521,0.016090885,-1.0450864,-0.6756767,-0.74169517,43
-0.69601494,-1.1760458,-0.96743256,-0.78294706,2.359674,0.70630634,-0.31169295,2.1091502,-1.1265595,0.7580593,1.3389934,-0.06332171,0.057948995,-1.0713483,-0.8072119,-0.79141027,43
-0.72685814,-1.0793898,-0.9736294,-0.81258154,2.4348836,0.6725054,-0.20676267,2.0595775,-1.1337034,0.74149495,1.1265627,-0.08011429,0.08420872,-1.0490516,-0.7507754,-0.7518598,43
-0.79025847,-0.8982878,-0.7828001,-0.7636483,2.4319184,0.5076119,-0.18548246,2.0803928,-1.2309395,0.866872,0.9820164,0.08330092,0.051034573,-1.0139233,-0.7199482,-0.6985126,43
-0.83569396,-0.8498653,-0.9183642,-0.7599492,2.5187635,0.3636879,-0.30834877,2.0506468,-1.273436,0.75857913,1.0142574,0.36900756,0.018501572,-0.9591599,-0.6514223,-0.500184,43
-0.7404483,-2.4247904,-2.0741477,-0.7345834,1.5649934,1.8249651,0.07899114,1.3251786,-1.4890819,-0.99566334,1.5807765,0.410768,0.533751,-0.0453535,0.9431459,-1.5673003,43
-0.8171246,-0.922667,-0.84014887,-0.7815276,2.2973459,0.5293089,-0.23384058,2.063856,-1.1846429,0.83623534,1.1216375,0.053576082,-0.0021787062,-1.019555,-0.68059254,-0.69634897,43
-0.42253843,1.2413349,-0.7051858,-1.371212,1.9795401,-0.34677166,0.82009274,0.22616012,0.25655052,1.0193784,0.6102254,-0.29697958,-0.027326971,-0.34102845,-0.63425285,-0.9024135,34
0.013427444,-1.583901,0.2737223,-1.5805002,1.6271856,0.36223707,1.3833513,0.66188157,0.06894417,1.3224062,0.0043357015,-1.5625608,-0.4655184,-0.17472309,0.23522493,-1.5397956,36
-0.8496441,-1.6494457,-1.5328317,-1.1627052,1.7651718,1.1612767,1.2953478,0.39607882,-1.0757563,-1.1035001,0.31501415,0.28439048,-0.36146745,0.9073555,2.0171256,-1.4366775,120
-0.6272258,-1.1518267,-0.84198904,-0.83927584,2.3404186,0.6867037,-0.1314101,1.984542,-0.9714278,0.8398606,1.2782353,-0.14276488,-0.036924817,-1.031192,-0.70128673,-0.7894438,43
-0.67669904,-1.2502855,-0.89960796,-0.7941636,2.348289,0.72362435,-0.31242257,2.1289022,-1.1249589,0.8107981,1.3752885,-0.108507216,0.010024197,-1.0524889,-0.83604795,-0.859105,43
-0.70299053,-1.1529529,-0.913163,-0.82560086,2.431741,0.7006527,-0.22796276,2.0908868,-1.134982,0.7869515,1.1756256,-0.13192782,0.04021889,-1.0287558,-0.80497843,-0.825884,43
-0.7811751,-0.89711523,-0.76884305,-0.7747095,2.3884113,0.5528654,-0.1892224,2.0781665,-1.1909232,0.88583326,1.0397815,0.036622465,0.066002645,-1.0214906,-0.7545884,-0.72685194,43
-0.8455546,-0.77749836,-0.8985897,-0.7842883,2.5067587,0.3944035,-0.25185576,2.0247695,-1.2109704,0.7717003,0.99064004,0.33143237,0.036520034,-0.9709654,-0.64145905,-0.49413127,43
-0.7932132,-2.5695581,-2.1423573,-0.798001,1.5440878,1.8662289,0.110573545,1.3217741,-1.5463077,-1.0871961,1.6095101,0.48127297,0.5665236,0.066897154,1.1505852,-1.6472645,43
-0.7646231,-0.9783503,-0.8120842,-0.7668663,2.237486,0.6164315,-0.22516432,2.0600064,-1.1508396,0.8422231,1.1738997,-0.061029598,-0.0067412034,-1.0197093,-0.74718255,-0.7431649,43
-0.46990806,1.150495,-0.60992754,-1.3288724,2.1651802,-0.37459296,0.7372769,0.44558632,0.19189405,1.1858515,0.62077814,-0.29865366,-0.04544515,-0.5396767,-0.7776748,-0.7280612,34
0.10311569,-1.4518416,0.3654889,-1.5254985,1.7241027,0.24981382,1.3643044,0.7529949,0.03645979,1.3961326,-0.0033037364,-1.4985946,-0.44684592,-0.29042137,0.13575557,-1.4090812,36
-0.8946347,-1.6259083,-1.4831593,-1.0767342,1.7849684,1.1623263,1.2520202,0.45078176,-1.132623,-1.1491914,0.23634452,0.338136,-0.2824841,0.87569934,1.9810177,-1.3142962,120
-0.6262541,-1.2406764,-0.79791826,-0.85297084,2.3379135,0.70951056,-0.1332862,2.0050364,-0.9680215,0.8513165,1.3149652,-0.18349671,-0.03978236,-1.0127461,-0.7005952,-0.83023506,43
-0.66228366,-1.2694516,-0.8220701,-0.7981271,2.3212874,0.72657764,-0.27428842,2.118963,-1.097285,0.8658204,1.36862,-0.16190194,-0.01375667,-1.0535252,-0.8370085,-0.88542145,43
-0.6791046,-1.2032939,-0.84159976,-0.8297343,2.410533,0.725801,-0.23543555,2.1080697,-1.1181986,0.83130264,1.2182372,-0.17735392,0.028860744,-1.0257142,-0.8406754,-0.86937153,43
-0.7687105,-0.91242826,-0.7335943,-0.78718275,2.3262782,0.5981226,-0.1837815,2.0679147,-1.1490818,0.90126693,1.0833923,-0.02521962,0.10847111,-1.0310681,-0.7750225,-0.7565566,43
-0.82777274,-0.7531992,-0.88558525,-0.7983879,2.460031,0.4530789,-0.21285975,2.0000193,-1.1477895,0.7859713,1.0226406,0.24488631,0.0434808,-0.9782598,-0.668435,-0.5342177,43
-0.8964063,-2.595305,-2.1580205,-0.8376306,1.5613114,1.8515698,0.14116555,1.3255436,-1.5890807,-1.1098434,1.5460091,0.52759695,0.6013667,0.12175074,1.2789203,-1.6651602,43
-0.7085852,-1.0214295,-0.7634449,-0.7759007,2.1545353,0.680938,-0.20181164,2.0299182,-1.1090626,0.86216486,1.2142675,-0.15307365,-0.00396049,-1.0015339,-0.7676348,-0.8059004,43
-0.4598091,1.1872764,-0.5891822,-1.4922612,1.945103,-0.4726882,0.8120049,0.26530948,0.30367175,1.142399,0.7096643,-0.37617785,-0.2616636,-0.32726663,-0.63989365,-0.945221,34
0.06936897,-1.1584969,0.45372945,-1.4919488,1.8779294,0.066957444,1.3281081,0.88238144,0.018484294,1.5590501,-0.087875634,-1.4749081,-0.39781997,-0.48892355,-0.057299234,-1.2417119,36
-0.899384,-1.657176,-1.4452748,-1.005657,1.7695761,1.182056,1.2198098,0.48057902,-1.1605023,-1.1767496,0.20534179,0.3026339,-0.2504485,0.8628665,1.9209371,-1.2523754,65
-0.62951165,-1.2500744,-0.72868276,-0.8440998,2.3242595,0.69654715,-0.101867884,1.9914105,-0.94991064,0.86822397,1.2829105,-0.21154225,-0.03791035,-1.0146058,-0.6796266,-0.8150293,43
-0.6660992,-1.2601463,-0.7398506,-0.8000951,2.303953,0.7128718,-0.21161136,2.0933568,-1.0691525,0.8965035,1.3123366,-0.21373758,-0.019456394,-1.0479829,-0.8122429,-0.8851091,43
-0.67067105,-1.2014756,-0.7672291,-0.8140028,2.3966672,0.72396064,-0.21341103,2.1038477,-1.1060905,0.85572875,1.2042954,-0.19925654,0.029869948,-1.0282203,-0.84724444,-0.8638733,43
-0.73639685,-0.9487859,-0.6924108,-0.7736553,2.26835,0.6481676,-0.17178538,2.053675,-1.1228858,0.90766203,1.1164427,-0.11477584,0.09609133,-1.0215644,-0.8232382,-0.81046695,43
-0.7884528,-0.7703217,-0.8626781,-0.81414664,2.3874216,0.526472,-0.18148012,1.9568256,-1.0659715,0.7972649,1.0802474,0.12788144,0.038491257,-0.9793039,-0.7029093,-0.59959376,43
-0.98979646,-2.655008,-2.169223,-0.8847312,1.571993,1.8675634,0.15239811,1.3450825,-1.5936356,-1.1005795,1.5228163,0.5140816,0.6055896,0.16294055,1.3317394,-1.7164347,43
-0.66417295,-1.0910839,-0.71521395,-0.80861807,2.0441172,0.718294,-0.16061613,1.9700094,-1.0296196,0.90297145,1.2760391,-0.27343497,-0.012959152,-0.97755104,-0.7549926,-0.8899547,43
-0.4374474,0.7476146,-0.8157386,-1.3168349,1.7748893,-0.10196006,0.66852474,0.35333005,0.0359952,0.78683954,1.0193527,0.027052402,-0.08142329,-0.2853116,-0.29125246,-1.0226892,110
-0.020546034,-0.95516586,0.5256541,-1.4758664,1.9464722,-0.031416655,1.2334712,0.970032,-0.00839515,1.6518257,-0.12527168,-1.4120824,-0.28452778,-0.6060847,-0.19718364,-1.1727138,36
-0.90797615,-1.6968908,-1.3821299,-0.96271515,1.7888805,1.1806165,1.240576,0.50067264,-1.177868,-1.1929569,0.13392948,0.24017462,-0.24226505,0.8657829,1.9029912,-1.1956432,65
-0.66523546,-1.2492808,-0.6673841,-0.85568976,2.3263419,0.668818,-0.061298545,1.9722152,-0.9250194,0.8662289,1.2283508,-0.23342393,-0.009329811,-1.0096043,-0.6281962,-0.78720945,79
-0.68754035,-1.2513516,-0.669133,-0.81696653,2.2913496,0.69401014,-0.14409153,2.065586,-1.0372705,0.9178007,1.2442222,-0.26072285,-0.008135863,-1.0391593,-0.76332915,-0.87283283,43
-0.6928166,-1.2009705,-0.71022344,-0.8286773,2.3824615,0.71036625,-0.18193567,2.0878172,-1.0768266,0.86733615,1.1832149,-0.2159828,0.057039045,-1.0220339,-0.8102273,-0.85238504,43
-0.71505386,-0.97528565,-0.646168,-0.77837884,2.2376466,0.68545115,-0.13611525,2.027235,-1.0864749,0.9040823,1.1152087,-0.20251675,0.073719926,-0.99579847,-0.84009606,-0.86099184,43
-0.72973824,-0.8181343,-0.8130587,-0.81228113,2.3126667,0.58959043,-0.15411322,1.9182248,-1.005026,0.79511744,1.1248157,-0.009219289,0.02750576,-0.97428346,-0.7464363,-0.67473215,43
-1.0277307,-2.7597737,-2.1929495,-0.94447434,1.5546896,1.9186019,0.17421617,1.3327646,-1.5642136,-1.0928737,1.5734357,0.49068466,0.5717393,0.23786028,1.3827864,-1.8229103,43
-0.6214441,-1.148498,-0.6491057,-0.7908341,1.9871175,0.7689953,-0.09159505,1.9376692,-1.005125,0.910949,1.2477908,-0.40953666,-0.053041883,-0.9595614,-0.76414037,-0.9408361,79
-0.45826453,0.71154046,-0.7601305,-1.2613828,1.8315241,-0.12366095,0.6829614,0.40322572,-0.0015945882,0.7064903,0.9588585,0.06426495,-0.14426571,-0.3061837,-0.18883377,-0.9189655,110
-0.19598448,-0.88613546,0.5123049,-1.4598174,2.0005872,-0.06319228,1.134705,1.0376295,-0.11646197,1.5773876,-0.182843,-1.1778626,-0.08323818,-0.62157893,-0.13584599,-1.0709397,36
-0.9558611,-1.8167855,-1.3452482,-0.956889,1.7793285,1.2114285,1.291001,0.5148034,-1.2152244,-1.2386183,0.059591442,0.2292501,-0.2107966,0.9098117,2.0113373,-1.1685885,65
-0.71487707,-1.2291607,-0.6085827,-0.87237775,2.3361278,0.63357294,-0.015262585,1.9599587,-0.91496086,0.8654172,1.1487565,-0.23862055,0.042748317,-1.0123357,-0.5589992,-0.74769026,79
-0.71024764,-1.2330658,-0.59965026,-0.8065079,2.2745013,0.6754694,-0.08325218,2.045061,-1.0288115,0.9194877,1.1609597,-0.2913684,-0.0035040826,-1.0366051,-0.7146529,-0.84343165,79
-0.7212561,-1.1875354,-0.6451022,-0.8267606,2.3693745,0.6851226,-0.14104956,2.0785673,-1.0693575,0.8703094,1.1298647,-0.22397915,0.09087112,-1.0260651,-0.7592934,-0.8186127,43
-0.7097576,-0.996032,-0.5919469,-0.78889596,2.207258,0.71362615,-0.07435146,2.0053926,-1.0591557,0.90363926,1.0772232,-0.295799,0.07403511,-0.98019886,-0.8191752,-0.8916007,43
-0.7144418,-0.87133074,-0.7622425,-0.79892373,2.2862072,0.6241275,-0.10410327,1.8886073,-0.98161745,0.76483786,1.0979912,-0.11607014,-0.0015246347,-0.94677323,-0.7440694,-0.7108932,43
-1.0220256,-2.797795,-2.1729665,-0.9661568,1.524285,1.9499129,0.2185731,1.3082794,-1.5342653,-1.068223,1.5936118,0.47288206,0.5401624,0.2795244,1.4237232,-1.87608,43
-0.5913111,-1.1896619,-0.5736077,-0.7846554,1.9383848,0.78584194,0.005541075,1.8948803,-0.98261213,0.9301884,1.186882,-0.5244733,-0.10522089,-0.93756413,-0.72254443,-0.97038454,79
-0.5178282,0.6084018,-0.80096436,-1.2728357,1.8550576,-0.12345509,0.6930225,0.41626787,-0.013087735,0.63463765,0.9864174,0.10493761,-0.18041426,-0.25618452,-0.07463694,-0.9001072,110
-0.3638624,-0.8065126,0.4805715,-1.428819,2.0598931,-0.08902517,0.99805766,1.1077043,-0.19652279,1.4933112,-0.21681994,-0.9763502,0.1405154,-0.6741844,-0.12436258,-0.93990517,42
-0.9588703,-1.8024895,-1.2621202,-0.93127126,1.7514822,1.2101265,1.360925,0.49191535,-1.1881441,-1.1930155,-0.015774012,0.18558818,-0.22016603,0.8906116,2.0261528,-1.1283631,65
-0.75783885,-1.2297356,-0.5670928,-0.85025835,2.356081,0.61980164,0.022356393,1.9637905,-0.94771135,0.83250844,1.0610633,-0.24428397,0.04850636,-0.99796575,-0.5148323,-0.719652,79
-0.73642725,-1.2165992,-0.54787576,-0.7919409,2.2792683,0.665017,-0.030474167,2.03268,-1.0362352,0.8866325,1.074667,-0.321395,-0.014031209,-1.0131445,-0.6726465,-0.82428956,79
-0.7423701,-1.1777899,-0.59706664,-0.809366,2.3666337,0.67456794,-0.09964992,2.0703242,-1.0708728,0.85017824,1.0773127,-0.24744676,0.08299303,-1.011495,-0.72682685,-0.8037346,43
-0.7095827,-1.0108074,-0.5342144,-0.7958019,2.1726282,0.72482944,0.007228922,1.9743268,-1.0455289,0.91508585,1.0161433,-0.36548755,0.04825887,-0.9555739,-0.7633696,-0.91350436,79
-0.69479966,-0.9230139,-0.71528697,-0.8067295,2.27162,0.662047,-0.043626618,1.8508836,-0.94192433,0.7423819,1.0687754,-0.22610727,-0.04216302,-0.90831155,-0.7246615,-0.75680214,43
-1.0040554,-2.8161137,-2.1222265,-0.95679843,1.481305,1.9771391,0.25859585,1.2894969,-1.5096383,-1.0473012,1.5937961,0.41820696,0.5230317,0.29351777,1.428668,-1.9043989,43
-0.5663893,-1.2641419,-0.5143786,-0.8010456,1.878107,0.79124165,0.09709933,1.8502012,-0.9496225,0.9615793,1.1505574,-0.66103196,-0.1739308,-0.90277624,-0.67020607,-1.0260084,79
-0.61491007,0.6170552,-0.76262337,-1.2947443,1.8948313,-0.14646484,0.73397064,0.44222564,-0.035240725,0.5785438,0.8791954,0.1700522,-0.11222283,-0.23573564,0.06011548,-0.7940175,110
-0.46273592,-0.62963384,0.4035166,-1.3504157,2.0882332,-0.07628034,0.85750514,1.1109372,-0.24925523,1.3387617,-0.2529062,-0.7563515,0.3336795,-0.72095126,-0.14844558,-0.8052921,42
-0.9544441,-1.8163395,-1.200726,-0.94740325,1.7274137,1.2390277,1.4367771,0.48365378,-1.1522726,-1.1429093,-0.06550941,0.07400665,-0.23899502,0.88262725,2.0351882,-1.1402695,65
-0.7819724,-1.2307372,-0.541728,-0.8187562,2.3519518,0.63176763,0.059892826,1.9584104,-0.98575234,0.77949345,0.9901814,-0.25570145,0.041654196,-0.9722712,-0.47152516,-0.71667504,79
-0.724777,-1.2394948,-0.5259779,-0.74702275,2.2315838,0.7016443,0.0043601952,2.0203676,-1.0673695,0.8278802,1.0403788,-0.36768562,-0.039426275,-0.9802741,-0.6476058,-0.8397182,79
-0.7540674,-1.1755108,-0.5552123,-0.7731592,2.3273013,0.6738863,-0.05717631,2.0591407,-1.0930243,0.8134867,1.0306256,-0.27158773,0.08068136,-0.99583393,-0.6784396,-0.79725164,79
-0.7313852,-1.0271057,-0.47214115,-0.82736635,2.1725774,0.71121466,0.12160236,1.9369305,-1.0148602,0.92244375,0.9175087,-0.4578184,0.01464463,-0.91832626,-0.6728521,-0.92887026,79
-0.7169777,-0.9594693,-0.6497634,-0.8268311,2.2475085,0.6637807,0.03901399,1.8272437,-0.9235482,0.7389024,0.98696655,-0.33128548,-0.037582107,-0.8937538,-0.65271515,-0.7727773,79
-0.98936754,-2.85185,-2.0688589,-0.9517567,1.4320891,2.0072334,0.29792422,1.2618299,-1.4701524,-1.0285627,1.5999049,0.3325598,0.5201213,0.3016274,1.4243171,-1.9376197,43
-0.46459714,-1.2479845,-0.54037553,-0.7501561,1.8691392,0.85512507,0.24557607,1.7797034,-0.88915265,0.7741144,1.1627414,-0.6733659,-0.40108374,-0.8121175,-0.54075116,-0.9297009,79
-0.7260175,0.58022213,-0.7833363,-1.314242,1.989171,-0.10102308,0.758095,0.48661482,-0.050086677,0.4865225,0.75817835,0.15558264,-0.115888916,-0.19192074,0.11017275,-0.7596483,110
-0.4965517,-0.37643382,0.28329065,-1.2207216,2.076345,-0.005787611,0.7248084,1.0583556,-0.29302168,1.0992494,-0.31327814,-0.57091224,0.48305377,-0.75736487,-0.22026026,-0.6911444,42
-0.9734709,-1.8544266,-1.1341243,-0.98051244,1.6561679,1.2274668,1.5151359,0.47466972,-1.0951706,-1.0575742,-0.08463439,-0.05898449,-0.2648097,0.85025054,2.0779412,-1.1538734,65
-0.7533051,-1.2371522,-0.5268738,-0.78756493,2.3027546,0.67604566,0.111893035,1.9469856,-1.0343502,0.71518743,0.9616414,-0.30353418,0.023011781,-0.9210063,-0.42945954,-0.774796,79
-0.633013,-1.2392498,-0.57302654,-0.67334706,2.2032585,0.7605674,0.0960826,1.9758288,-1.0803452,0.6202701,1.0816557,-0.31968933,-0.20078313,-0.8908653,-0.51682335,-0.7763359,79
-0.7307464,-1.1854537,-0.53100413,-0.7241998,2.2559407,0.7056887,0.003449943,2.0382152,-1.1360381,0.7492357,1.0043042,-0.30812925,0.07114802,-0.957975,-0.6129052,-0.8249957,79
-0.7500946,-1.084037,-0.41140515,-0.8651115,2.1445208,0.7049663,0.24781898,1.9077832,-0.98010564,0.94256127,0.8253771,-0.63308555,-0.01189331,-0.8797166,-0.59884495,-0.97527754,79
-0.76818687,-1.0071048,-0.60395336,-0.85659945,2.2254848,0.6475557,0.1373799,1.7967118,-0.9157387,0.7445735,0.8952161,-0.42455494,-0.07363645,-0.8514781,-0.5475057,-0.80286336,79
-0.96184003,-2.8646674,-2.0010977,-0.9279127,1.388022,2.0335195,0.34674615,1.2323029,-1.4403611,-1.0168176,1.5807247,0.25435093,0.5040468,0.30771953,1.4190555,-1.9511111,43
-0.39034465,-1.1648406,-0.63941044,-0.71083724,1.8695273,0.92682564,0.32768446,1.7343783,-0.84661067,0.57272375,1.2976474,-0.55174077,-0.51130056,-0.7283843,-0.38018364,-0.83164287,79
-0.8169835,0.508566,-0.7972622,-1.3125284,2.0666442,-0.028790593,0.7726811,0.55920875,-0.0898571,0.42924064,0.643558,0.13334113,-0.08944092,-0.20959292,0.14927289,-0.73922616,110
-0.490323,-0.13353007,0.16912425,-1.0634171,1.9944186,0.103764355,0.6452805,0.9659275,-0.3257063,0.84512573,-0.3602442,-0.46787667,0.58187014,-0.77107465,-0.26982352,-0.63159096,79
-1.0774707,-1.8984653,-1.0324454,-1.0590887,1.6549776,1.1597376,1.6455141,0.51925343,-1.0466635,-0.94485396,-0.1750305,-0.22148266,-0.2415277,0.7888758,2.1847835,-1.1212108,19
-0.7106913,-1.2231358,-0.52189946,-0.77766633,2.2460692,0.73299575,0.17490748,1.9110909,-1.0564351,0.6627728,0.94425625,-0.35755616,-0.055294372,-0.8350425,-0.3970155,-0.86579096,79
-0.5244309,-1.2106682,-0.6261631,-0.6244878,2.167009,0.83282375,0.18001066,1.9359987,-1.0876544,0.447222,1.1704303,-0.27741686,-0.3242979,-0.8060885,-0.3893914,-0.74411386,79
-0.7008643,-1.1891868,-0.52616745,-0.71685547,2.1834202,0.7497324,0.07689273,1.9965041,-1.1495684,0.6894295,0.99956316,-0.3563632,0.03275982,-0.883287,-0.53309256,-0.8939557,79
-0.7670175,-1.1689144,-0.32049403,-0.90981877,2.0928748,0.6846703,0.38517028,1.8677982,-0.93881094,0.9859624,0.7154943,-0.8367603,-0.038629137,-0.8241002,-0.51345783,-1.041018,79
-0.7803954,-1.0737406,-0.5445539,-0.9026972,2.209074,0.6490673,0.25356242,1.7740065,-0.9017179,0.75498044,0.82501584,-0.56700015,-0.15094599,-0.7777659,-0.46144786,-0.8901854,79
-0.93867713,-2.8654687,-1.9364321,-0.9078156,1.3667221,2.0553796,0.40677053,1.2007264,-1.4136033,-1.0119909,1.5383239,0.17872441,0.46348646,0.3285761,1.4200209,-1.9591529,43
-0.35567954,-0.93803084,-0.86900645,-0.60118085,1.8278389,1.0638671,0.29003027,1.6419407,-0.83596146,0.2417114,1.4277635,-0.3612269,-0.4402937,-0.68922687,-0.30761746,-0.7332359,79
-0.82884395,0.41150954,-0.7849134,-1.3069587,2.0844836,0.08301264,0.76945585,0.64190274,-0.14133905,0.3772881,0.56867135,0.030693233,-0.09295759,-0.21457094,0.12910566,-0.80581903,110
-0.44774228,0.042211294,0.101585045,-0.93276095,1.9291643,0.20522287,0.6260996,0.8909223,-0.33600813,0.6661465,-0.35638428,-0.42182222,0.6036601,-0.7824012,-0.28834438,-0.60800564,79
-1.1401663,-1.9544995,-0.88980836,-1.1370698,1.6258154,1.1078218,1.7550123,0.5789622,-1.0033947,-0.8166197,-0.26073605,-0.4522172,-0.24503362,0.74476504,2.2161162,-1.1517674,19
-0.7196036,-1.1367408,-0.48226666,-0.79930013,2.2056515,0.75097907,0.2638851,1.866727,-1.0375317,0.6432151,0.8606332,-0.43312955,-0.10020121,-0.7752468,-0.357822,-0.91171855,79
-0.4554126,-1.1105807,-0.7856703,-0.60159695,2.0949457,0.97203255,0.27224362,1.7601291,-1.0346329,0.21467939,1.2265515,-0.18482628,-0.42518166,-0.67474884,-0.2123895,-0.75917065,79
-0.71260077,-1.1709815,-0.5111669,-0.7217531,2.111918,0.78308904,0.15502413,1.9632357,-1.1473523,0.65327454,0.95907557,-0.4501267,0.016301341,-0.83347094,-0.47558466,-0.9476632,79
-0.7231277,-1.1850578,-0.26372316,-0.95423603,2.1152594,0.6744002,0.53588384,1.8412606,-0.84117734,0.9549241,0.65116316,-1.0197672,-0.26443923,-0.779225,-0.47413513,-1.1083528,79
-0.8086083,-1.1694099,-0.42785287,-0.9562669,2.1497655,0.6444057,0.3839328,1.7858229,-0.8988496,0.7931052,0.72562075,-0.7990173,-0.15492961,-0.73019654,-0.3780549,-0.9875124,79
-0.9230311,-2.8492894,-1.8599138,-0.88299227,1.3573017,2.0630162,0.481401,1.1722109,-1.3992072,-1.0058271,1.4619292,0.11809787,0.4232416,0.3429911,1.4414393,-1.9449072,43
-0.4300079,-0.9257208,-1.2420404,-0.5426183,1.7716117,1.3320777,0.23031664,1.5528237,-1.0021071,-0.24223362,1.5337166,-0.03710884,-0.1986241,-0.46209043,-0.06654131,-0.805151,43
-0.9053929,0.27236566,-0.75227606,-1.3386813,2.13874,0.16689095,0.76697075,0.74450713,-0.16105731,0.33187956,0.47136,-0.12934574,-0.10340621,-0.21374181,0.11328921,-0.8721992,59
-0.37242943,0.22792754,0.1839354,-0.85253143,1.8543432,0.2400507,0.67626333,0.869454,-0.35802135,0.6062401,-0.39229125,-0.36669952,0.66046816,-0.83046085,-0.24127126,-0.55816877,79
-1.1873868,-1.9827414,-0.6194401,-1.2260237,1.5875466,0.9775046,1.8986307,0.65240514,-0.9513229,-0.6071335,-0.41337657,-0.7402512,-0.23339406,0.69280964,2.2268884,-1.1574385,79
-0.72093993,-1.049302,-0.4264741,-0.81846076,2.1072204,0.7898786,0.35493466,1.809516,-1.0048606,0.65021586,0.7577568,-0.5972939,-0.07486201,-0.75999075,-0.3402613,-0.9793222,79
-0.41544166,-1.2102958,-1.1305101,-0.6045473,1.9176898,1.294048,0.30759978,1.4724244,-0.9628763,-0.1489627,1.4468199,-0.032023787,-0.42633918,-0.41286314,0.09695173,-0.9487235,43
-0.7257107,-1.1309848,-0.47440064,-0.7461449,2.0366921,0.81048894,0.23476239,1.9298,-1.13732,0.64581215,0.8925428,-0.5753355,0.05000749,-0.8130634,-0.42564276,-1.0100145,79
-0.8114176,-0.8796375,-0.35564733,-0.956867,2.1231098,0.57160985,0.46430644,1.7823207,-0.7206466,0.9843549,0.6617029,-1.0000587,-0.12594846,-0.8783243,-0.59917206,-1.0240457,79
-0.8579522,-1.2478845,-0.29652473,-1.0279329,2.095315,0.6233734,0.5434159,1.7791753,-0.8588221,0.87934816,0.5941469,-1.0601416,-0.15208066,-0.6850352,-0.30247664,-1.088886,79
-0.9077668,-2.8205507,-1.7693722,-0.8547168,1.3472655,2.056308,0.56981736,1.1499671,-1.3914107,-0.9880577,1.3614943,0.042468727,0.37532678,0.3449688,1.4688071,-1.9199328,79
-0.55818164,-1.2347208,-1.6177497,-0.59508514,1.6067094,1.5299617,0.30403927,1.4200115,-1.2294592,-0.6955123,1.5906209,0.18479672,-0.008367442,-0.08731997,0.4350035,-1.0519118,43
-0.9225069,0.1191434,-0.6624384,-1.358696,2.1259604,0.22627327,0.78770083,0.85516775,-0.22153823,0.33955932,0.38973734,-0.26805916,-0.11103832,-0.23177442,0.14593813,-0.92320067,59
-0.19904348,0.29834935,0.40504774,-0.8548827,1.704467,0.24372193,0.7854935,0.8661883,-0.35853556,0.65697455,-0.35423362,-0.35197246,0.73735327,-0.84602016,-0.12619463,-0.59844756,79
-1.2334871,-1.9167114,-0.4366197,-1.3401704,1.5685184,0.75312686,1.9775978,0.71901166,-0.9038483,-0.3687855,-0.46632934,-0.89444005,-0.10686345,0.62224984,2.2259011,-1.1321933,79
-0.69258183,-1.0628909,-0.3641575,-0.8483765,1.951358,0.8609961,0.4374557,1.7537893,-0.9689183,0.7200952,0.70758736,-0.79906225,-0.033172347,-0.7730391,-0.31891784,-1.1183231,79
-0.44464615,-1.4752923,-1.5204091,-0.6364836,1.6666124,1.6386545,0.2903381,1.1899078,-0.9219209,-0.5632219,1.7442936,0.15574065,-0.30456752,-0.073727824,0.48820138,-1.2245965,43
-0.7243007,-1.158723,-0.47147977,-0.80604815,1.933836,0.89018273,0.30189273,1.8775307,-1.103569,0.67888,0.8741129,-0.7050847,0.09022593,-0.7963358,-0.3676018,-1.1403533,79
-0.8684641,-0.14312762,-0.55335873,-0.84929425,2.037586,0.42399898,0.3079114,1.5423124,-0.4957779,0.88278157,0.6155565,-0.8265034,0.16465473,-1.0978764,-0.8173598,-0.7494096,43
-0.7965138,-1.1054538,-0.22333476,-1.0312876,2.0874584,0.6224046,0.6333263,1.7529992,-0.7363372,0.9346218,0.5198042,-1.2541773,-0.31635502,-0.7419348,-0.44251058,-1.1409202,79
-0.8790442,-2.804682,-1.6861567,-0.8416581,1.3195363,2.0370839,0.6571159,1.114035,-1.365704,-0.95603746,1.2874993,-0.05728452,0.29716814,0.35682297,1.4947591,-1.9217176,79
-0.6335766,-1.3705089,-1.766643,-0.5559661,1.4795139,1.5953342,0.44465634,1.2832066,-1.3503317,-0.90081114,1.4412917,0.155249,0.1419634,0.050717756,0.74225724,-1.1534038,43
-0.89412725,-0.051427186,-0.57107264,-1.4102407,2.1243062,0.26394954,0.8588006,0.9480125,-0.23386689,0.41689867,0.34744897,-0.48031044,-0.17245251,-0.23989889,0.16004393,-0.98801553,79
-0.027433582,-0.12456502,0.3608492,-0.9246857,1.6297138,0.38812503,0.8799882,0.88940084,-0.36413324,0.6721167,-0.025667518,-0.39986983,0.377959,-0.68339604,-0.023861498,-1.026376,79
-0.74105483,-1.4333388,-0.32759905,-0.94982845,1.5891037,0.7557957,1.9868389,0.87858105,-1.041145,-0.24000897,-0.39171112,-0.8178369,-0.58125347,0.39846224,1.6647347,-0.9705099,36
-0.60510373,-0.8918567,-0.2971216,-0.8493575,1.905698,0.8717413,0.49245775,1.7207762,-0.85668826,0.8350151,0.67537296,-0.94252217,-0.16673097,-0.88526356,-0.4813213,-1.2067013,79
-0.58292764,-1.688015,-1.7316058,-0.6642478,1.5326355,1.7944804,0.27339253,1.0658588,-0.9960283,-0.92200416,1.8163959,0.32143238,-0.10694785,0.18170492,0.8392024,-1.390157,43
-0.62676704,-0.996004,-0.49402994,-0.8218056,1.8991591,0.94738805,0.32132244,1.837623,-1.0173222,0.7555474,0.9052789,-0.78488946,-0.05926279,-0.86581486,-0.53247136,-1.2778964,79
-0.8655058,0.45467958,-0.64371866,-0.81423426,1.9222099,0.29887953,0.20806777,1.2932774,-0.26536062,0.7046985,0.49660003,-0.7852669,0.33359542,-1.1791885,-0.9875394,-0.5940553,43
-0.69812554,-1.05952,-0.4415245,-0.9155731,1.9515934,0.75716114,0.57882637,1.7614815,-0.86814475,0.8523951,0.7418437,-1.0880079,-0.3739881,-0.7106352,-0.45348737,-1.2389154,79
-0.8682081,-2.7956784,-1.5839882,-0.84718704,1.2921038,1.9794623,0.7686386,1.0781463,-1.32201,-0.89979655,1.1844766,-0.21738255,0.21153438,0.36452693,1.5245172,-1.9198582,79
-0.737459,-1.5697314,-2.0291185,-0.59096986,1.3353221,1.8033477,0.49271312,1.1032449,-1.4357727,-1.2399364,1.392647,0.16544339,0.29302567,0.29293865,1.0497701,-1.4472835,65
-0.89502054,-0.20200342,-0.45157605,-1.4609008,2.148374,0.224942,0.9688516,1.0362415,-0.21561018,0.580441,0.30163786,-0.69010794,-0.24150234,-0.29326904,0.19385572,-0.97925043,79
-0.06271904,-0.17257214,0.4391877,-1.0451047,1.6389768,0.25706306,0.8671002,0.979532,-0.36264512,0.827214,0.08636278,-0.41369823,0.3314557,-0.6520072,-0.022591524,-1.1678946,79
-0.5720397,-0.9641646,-0.18945938,-0.897679,1.6240602,0.54304564,2.0335758,0.9210135,-1.041892,0.06557624,-0.45854545,-0.7731285,-0.67367685,0.3251617,1.3823246,-0.860356,36
-0.5953802,-0.895543,-0.48612952,-0.78987193,1.8264072,0.99414086,0.41902003,1.7252536,-0.93584764,0.79163677,0.8657432,-0.7861451,-0.1665366,-0.83122313,-0.5047061,-1.3115025,79
-0.82594067,-1.8404325,-1.8191662,-0.6834854,1.5752845,1.7451898,0.2153462,1.1412605,-1.1212212,-1.1883299,1.735296,0.40893343,0.04956743,0.268179,1.0473424,-1.2936568,43
-0.66871905,-0.41325048,-0.46290797,-0.8257048,1.9174058,0.7444886,0.16454475,1.7567465,-0.794997,0.9311567,0.8312508,-0.7861403,0.09297266,-1.0825562,-0.9160278,-1.1240357,79
-0.87052727,0.8789023,-0.63438326,-0.75733995,1.8002921,0.17016575,0.14095515,1.1659158,-0.13739279,0.53475726,0.40644205,-0.7491003,0.5124492,-1.2643024,-1.0254061,-0.42299446,34
-0.7844111,-1.210942,-0.65643835,-0.9980464,1.963005,0.8295487,0.4257837,1.8364085,-1.0279918,0.7996467,0.9629335,-0.76875556,-0.28471544,-0.5372623,-0.39376312,-1.3898966,79
-0.72039247,-2.6178346,-1.5545523,-0.73958147,1.2848823,1.9986943,0.9837907,1.0006996,-1.2615374,-1.0605211,1.0834875,-0.33889556,-0.11724775,0.44285852,1.5515623,-1.8014519,79
-0.74543625,-1.2613008,-2.0214694,-0.4819602,1.2594575,1.7059525,0.5218129,0.99084723,-1.461032,-1.3554237,1.1072812,0.008245587,0.2725977,0.23884721,0.98096406,-1.4061844,65
-0.5034671,-0.12400749,-0.42138046,-1.1212944,1.9546225,0.23459873,1.1133738,1.0764211,-0.33970773,0.5172186,0.5338448,-0.65283406,-0.74390626,-0.30502766,0.16656524,-0.81112176,79
-0.047503676,-0.29705906,0.31849808,-1.1253494,1.6355013,0.3437806,0.7758452,1.0142435,-0.4015643,0.732602,0.33143246,-0.2320796,0.26985368,-0.5037742,0.077577434,-1.3017218,79
-0.58711183,-0.80290115,-0.15627208,-0.97512174,1.760137,0.45996103,1.9861118,1.049331,-1.0654285,0.40845424,-0.45373756,-0.689044,-0.7611624,0.28259546,1.1462599,-0.8426027,36
-0.7150759,-1.0238894,-0.66826594,-0.8243406,1.8140454,1.0575205,0.31296688,1.7935252,-1.09526,0.6275675,1.0684956,-0.46388704,-0.031561576,-0.6535892,-0.32729265,-1.3716252,79
-1.0091257,-1.8286003,-1.8362572,-0.59748906,1.6467761,1.5672421,0.106547385,1.3319688,-1.4145458,-1.4726865,1.5311687,0.48030582,0.12811014,0.31983012,1.0640789,-1.0361493,43
-0.75815845,0.33472052,-0.50106716,-0.78165567,1.8900113,0.49988654,-0.018387388,1.56432,-0.50059783,0.96394724,0.71385133,-0.69981325,0.33113328,-1.2747985,-1.2747517,-0.8243735,43
-0.9792917,1.0958647,-0.58688617,-0.7810328,1.822237,-0.011581749,0.106558315,1.1439257,-0.06513234,0.42584765,0.31952637,-0.6170549,0.5775875,-1.2986542,-0.89799803,-0.21722272,34
-0.77404505,-1.0954062,-0.6705939,-0.9841034,2.0653653,0.78294873,0.32136497,1.9660863,-1.1624417,0.7866097,1.0057201,-0.52366567,-0.1412048,-0.5234588,-0.4525756,-1.2588351,79
-0.6795519,-2.6287735,-1.6251929,-0.7468796,1.3022074,2.0615742,1.0923742,1.0281615,-1.3008081,-1.1703006,1.1310079,-0.42952752,-0.35691816,0.5877641,1.5930296,-1.9062357,79
-0.69063926,-1.0705972,-1.9413316,-0.39031735,1.170324,1.5758997,0.5495138,0.98711526,-1.5400913,-1.3350284,0.98959464,-0.03671381,0.23073632,0.11927876,0.99004537,-1.3294847,65
-0.6966325,-0.42066103,-0.6576935,-1.2305801,1.9408314,0.36963275,0.9101037,1.1534431,-0.36554027,0.64594805,0.90368307,-0.41685814,-0.7540217,-0.15522364,0.141582,-1.0690651,79
-0.09497793,-0.40207398,0.0017803311,-1.1672115,1.6977893,0.5214138,0.6338942,1.011365,-0.45694903,0.4949649,0.5558203,0.03224048,0.23506045,-0.3210863,0.14563586,-1.3958371,79
-0.48557535,-0.31254902,0.04527776,-0.8801264,1.9137872,0.23216996,1.9305196,1.0970082,-0.9734577,0.83392656,-0.6375569,-0.69445336,-0.780756,-0.010239467,0.70422477,-0.56277555,36
-0.7372172,-0.94841206,-0.7206985,-0.7784199,1.9351165,0.99377894,0.2048395,2.010965,-1.3013681,0.54766136,1.1750375,-0.23515335,0.08662454,-0.62658775,-0.3738719,-1.1840515,79
-0.93441814,-1.3398007,-2.0225117,-0.30029416,1.6178855,1.5191345,0.11836408,1.2921855,-1.6137103,-1.8272977,1.1124501,0.09135896,0.20135197,0.15616457,0.70974773,-0.8905722,65
-0.8579091,0.7814685,-0.54469246,-0.730332,1.8433894,0.2715781,-0.11171609,1.4623076,-0.36156642,0.7828542,0.6326965,-0.62184584,0.49190047,-1.3410848,-1.3272924,-0.53455913,43
-0.99152803,1.1581625,-0.38162577,-0.91637266,1.9139551,-0.20778236,0.17222401,1.1678898,0.054958746,0.5338642,0.17713809,-0.64559686,0.37169316,-1.2699364,-0.87643546,-0.08840099,34
-0.7549102,-1.0669014,-0.7007134,-0.9479848,2.1392112,0.75845873,0.22355,2.097355,-1.2926887,0.7998023,1.0568354,-0.33889687,-0.02967859,-0.5688865,-0.50083005,-1.1358134,79
-0.7243755,-2.8642135,-1.748704,-0.8545659,1.3572427,2.152715,1.0736241,1.1613648,-1.4567654,-1.3214939,1.3410652,-0.34032652,-0.4927458,0.8277366,1.7250143,-2.1191378,65
-0.6044164,-1.0493212,-1.8619859,-0.37590474,1.1150105,1.5427314,0.59956086,0.97463965,-1.5140117,-1.2654258,0.99128395,-0.117828086,0.14244905,0.06824653,1.0141741,-1.3449364,65
-0.77936107,-0.57357,-0.84487575,-1.258332,1.9060338,0.5642344,0.75130635,1.2557476,-0.6200602,0.5231797,1.0004516,-0.13888757,-0.54267555,0.028520808,0.19879094,-1.2367921,79
-0.07058402,-0.44370675,-0.12765071,-1.1396406,1.902157,0.57580626,0.50918984,1.1857536,-0.5271385,0.4485131,0.66797954,0.0130340755,0.2405087,-0.39929283,-0.04089912,-1.3193817,79
-0.3993524,-0.25788176,0.07385441,-0.7604128,1.9361719,0.22253177,1.6875648,1.2842845,-1.1451292,0.99545145,-0.57978946,-0.5743662,-0.73475486,-0.24157032,0.4335275,-0.45599082,36
-0.72312635,-0.93670905,-0.7241369,-0.7603289,2.0033977,0.89947486,0.07878317,2.1940181,-1.4101728,0.6578688,1.2663145,-0.18929094,0.11122082,-0.68735796,-0.55943406,-1.0577298,43
-0.87455946,-1.084357,-2.0690656,-0.2323621,1.6713349,1.4449122,0.15187201,1.2625775,-1.5801674,-1.8679361,0.89685726,-0.27303272,0.061573453,0.029959925,0.4294968,-0.9114289,65
-0.8926369,0.99812543,-0.43113428,-0.69614804,1.8499945,0.04074344,-0.14600423,1.498598,-0.28139573,0.7073859,0.5898821,-0.6078286,0.5410861,-1.4190772,-1.3341013,-0.24435616,80
-1.0018227,1.2681435,-0.3667649,-0.9902996,2.0381699,-0.31134093,0.10464221,1.2473537,0.042632073,0.53521866,0.14008798,-0.54295564,0.2544031,-1.2808552,-0.93861365,0.015008897,34
-0.8042947,-0.87051404,-0.70212054,-0.8601152,2.235,0.66234994,0.06921322,2.22022,-1.4264835,0.8175909,1.0638744,-0.051939443,0.033241585,-0.6879144,-0.5729905,-0.92688566,43
-0.82801086,-2.8961146,-1.9808564,-0.8190821,1.3091993,2.2653031,1.0210062,1.161832,-1.6280086,-1.6046797,1.4186926,-0.16686983,-0.37044117,0.9560358,1.8808274,-2.191148,65
-0.609529,-1.3708817,-1.9575207,-0.42783907,1.0835273,1.6727306,0.6719682,0.9487387,-1.5073292,-1.3034652,1.1133487,-0.16520365,0.07621541,0.13333067,1.2160717,-1.530607,65
-0.74323386,-0.27811998,-0.7642172,-1.0763783,2.0849705,0.46179625,0.55175537,1.5185772,-0.87517905,0.63737327,0.85427976,-0.0040237904,-0.39894748,-0.19604936,-0.16135815,-1.0047171,79
-0.12896344,-0.2580625,-0.10149759,-1.1102217,2.145346,0.36894134,0.27729174,1.4017419,-0.68535995,0.5423844,0.5856844,0.09960443,0.10955471,-0.5340096,-0.3736989,-1.1203098,79
-0.5367754,-0.20046024,-0.014100626,-0.7542825,1.9600635,0.108564764,1.5030265,1.3942413,-1.3241597,0.9233992,-0.53701335,-0.3481034,-0.75389355,-0.1725319,0.38009936,-0.42817304,36
-0.75706446,-0.8621818,-0.71482253,-0.70956755,2.085929,0.7995362,-0.07833433,2.3564758,-1.4822317,0.77098924,1.3185033,-0.16250393,0.098928824,-0.82113117,-0.7795581,-0.91710055,43
-0.7969133,-0.79105806,-1.9246073,-0.26358503,1.71207,1.2749723,0.14016035,1.2069706,-1.3409128,-1.620263,0.7273611,-0.62280387,-0.19698068,-0.16641647,0.06520867,-0.95235443,80
-0.9864831,1.1164602,-0.37994325,-0.7895378,1.9253212,-0.14016101,-0.19012146,1.523368,-0.13230677,0.6951326,0.59168255,-0.5991215,0.50933355,-1.4436839,-1.3539567,-0.06295351,80
-1.0151643,1.3397652,-0.44919795,-0.99051815,2.112564,-0.32564828,0.010701761,1.3327394,-0.037850022,0.48117405,0.1713982,-0.43107656,0.2254071,-1.3255274,-0.9884045,0.09590912,34
-0.85832524,-0.7951726,-0.8096049,-0.7904531,2.2738209,0.65965545,-0.0399555,2.2650127,-1.4575247,0.7866367,1.1167079,0.011425585,0.10609794,-0.7679944,-0.6788905,-0.8275691,43
-0.9628352,-2.5971498,-2.024855,-0.72493315,1.3030143,2.10169,0.95376307,1.1777726,-1.749374,-1.6736429,1.3078884,0.04675311,-0.16301093,0.8877952,1.8947599,-1.9314697,65
-0.61286944,-1.5899448,-2.0007422,-0.4546941,1.1050559,1.7372864,0.72340137,0.9505241,-1.4979212,-1.3283762,1.1859634,-0.18233822,0.0066344887,0.15880914,1.3519671,-1.5830152,65
-0.82100505,-0.55360776,-0.86514455,-1.0193107,2.2484455,0.5403818,0.22140686,1.9307752,-1.2775856,0.63641185,0.9835051,0.15542132,-0.22089663,-0.36407328,-0.32912168,-0.97417426,79
-0.1459692,-0.13238347,-0.07271662,-1.1073684,2.1845477,0.27193555,0.19218872,1.4168445,-0.65541756,0.6858967,0.5178166,-0.0072552264,0.027590059,-0.6421161,-0.5828871,-1.0683892,79
-0.6806682,-0.2994912,-0.16859844,-0.7707882,1.9836817,0.14101505,1.3535957,1.4882953,-1.4378685,0.77378,-0.4041111,-0.20582911,-0.6734122,-0.118761815,0.40169898,-0.46412262,59
-0.8225448,-0.90250754,-0.8093854,-0.6937823,2.1251295,0.76668274,-0.17504513,2.4181106,-1.4966443,0.7863921,1.4186052,-0.13834275,0.13011783,-0.8593642,-0.8526358,-0.8720202,43
-0.69062054,-0.47450554,-1.6811872,-0.31093773,1.6794633,1.0275147,0.16712756,1.1264268,-1.0638713,-1.2489914,0.60062623,-0.873261,-0.41084105,-0.37962478,-0.19620377,-0.91639036,43
-1.0843618,1.1703275,-0.4689784,-0.8884361,1.9362609,-0.2023328,-0.23376665,1.4833628,-0.028802454,0.5756979,0.6277548,-0.5349145,0.5502415,-1.4341255,-1.2590632,0.016700193,34
-1.0579488,1.3413126,-0.53900534,-0.9950176,2.1302426,-0.293363,-0.016231123,1.3460776,-0.024022102,0.45848328,0.2088398,-0.46239793,0.21880013,-1.362497,-1.0148257,0.11033034,34
-0.91828483,-0.8424432,-0.94543356,-0.7657104,2.293307,0.7067667,-0.13840482,2.3084457,-1.4788778,0.72887427,1.2114062,0.006923765,0.16404721,-0.79746276,-0.7590753,-0.79592067,43
-1.1442797,-2.3092382,-2.184447,-0.660272,1.3281976,2.010166,0.9065736,1.1184943,-1.8433634,-1.7368104,1.120522,0.18885967,-0.051870458,0.87373096,1.8563881,-1.8022156,65
-0.6193345,-1.7221982,-2.0135815,-0.49953824,1.1162151,1.7180799,0.77695215,0.93082786,-1.4485924,-1.3049207,1.2298498,-0.22338003,-0.063217185,0.17700614,1.4398237,-1.5942876,65
-0.83556,-0.7583271,-0.8727457,-0.8915506,2.2111795,0.5754086,0.104135066,2.0659819,-1.3707942,0.71830547,1.0936588,0.13181055,-0.058737896,-0.577779,-0.40774927,-0.86049795,43
-0.17789547,-0.13298441,-0.1634917,-1.069638,2.1045308,0.31070235,0.14892031,1.3632467,-0.64029,0.6372591,0.52362704,-0.09770203,0.021938179,-0.6616573,-0.6292404,-1.0817153,79
-0.77176076,-0.3556242,-0.28524008,-0.77049506,2.0412605,0.16684577,1.2197865,1.5493577,-1.4881337,0.6634062,-0.27266562,-0.06279668,-0.58880484,-0.11966753,0.40723935,-0.4630624,59
-0.9199171,-0.9971702,-0.9552762,-0.7216369,2.1739402,0.7634163,-0.27106544,2.4685032,-1.4923222,0.80142796,1.5426238,-0.1267564,0.18556371,-0.87236,-0.90732574,-0.86409307,43
-0.5694145,-0.33578223,-1.4689493,-0.31319523,1.6391999,0.8611058,0.19170377,1.1259984,-0.93068457,-0.9659737,0.5514245,-0.99385154,-0.5310127,-0.5689002,-0.32111588,-0.8279799,43
-1.1796834,1.2044524,-0.47976935,-1.0276344,1.9588655,-0.36476505,-0.2291606,1.452122,0.09424886,0.5982982,0.5946603,-0.5687401,0.4195853,-1.405275,-1.2233007,0.07511589,34
-1.0962623,1.3206544,-0.58453095,-1.0178668,2.0800116,-0.28955963,-0.0048818365,1.3026448,0.029156402,0.45430195,0.23882687,-0.5233874,0.2038311,-1.3786567,-0.9714941,0.10131952,34
-0.9626118,-0.9292152,-1.0561304,-0.7631136,2.3223884,0.7525902,-0.20314413,2.3405113,-1.472417,0.68901163,1.299176,-0.034522146,0.21204716,-0.82814246,-0.8059056,-0.77613485,43
-1.1052477,-1.841067,-2.1490862,-0.54969513,1.3333273,1.881678,0.85580164,1.080547,-1.8080069,-1.6192242,0.9548605,0.15129334,0.006827347,0.6569896,1.593833,-1.602653,65
-0.6167176,-1.7736472,-1.979676,-0.53288764,1.1218684,1.618336,0.82622635,0.90176606,-1.3830413,-1.2513216,1.2197876,-0.3049174,-0.17910254,0.18658756,1.4605916,-1.569768,65
-0.9290231,-0.75655234,-0.97258145,-0.86025816,2.2411509,0.5525247,-0.01377717,2.124854,-1.4016768,0.63772815,1.1563282,0.11818299,-0.013661094,-0.6172051,-0.50461054,-0.76013124,43
-0.23302694,-0.15652652,-0.28977832,-1.0638874,2.0640612,0.34504482,0.10937123,1.3444457,-0.61370146,0.62556845,0.5651492,-0.19716875,0.020633552,-0.68518704,-0.68429124,-1.0852672,79
-0.8504099,-0.3458463,-0.41179794,-0.7953101,2.0894158,0.1640448,1.0973477,1.5620587,-1.5034609,0.56088394,-0.16473264,0.08635306,-0.51657325,-0.11215524,0.40534747,-0.45068595,59
-0.99436635,-1.0809271,-1.0766399,-0.74513674,2.2361126,0.7571776,-0.357052,2.5164893,-1.4824829,0.8104369,1.6474272,-0.12753168,0.2367756,-0.90488905,-0.96214604,-0.8426944,43
-0.48011374,-0.31865174,-1.3491862,-0.2978605,1.6773612,0.71577644,0.20638016,1.1535803,-0.8327346,-0.7971316,0.51027614,-1.151002,-0.7053846,-0.682862,-0.4690878,-0.70519394,43
-1.2092192,1.2384412,-0.5352388,-1.03248,2.010573,-0.4566027,-0.3356136,1.5363129,0.0408919,0.5658791,0.6698461,-0.4196605,0.3613613,-1.4596157,-1.2256693,0.20895594,34
-1.1267958,1.2828293,-0.6189076,-1.015812,2.0510373,-0.29597178,-0.017938893,1.2748826,0.043092653,0.41604388,0.26443544,-0.53603613,0.20915088,-1.3841692,-0.91948986,0.12598708,34
-0.9811073,-1.0151953,-1.1378157,-0.78254783,2.3284972,0.7679719,-0.25134352,2.3450255,-1.4211416,0.69497824,1.4006658,-0.09811501,0.23083574,-0.86150277,-0.84640354,-0.77018875,43
-1.1210196,-1.6839253,-2.1498914,-0.46039245,1.2997036,1.8221682,0.778322,1.1438856,-1.892377,-1.6111668,0.9022738,0.12792358,0.11236349,0.47351056,1.4920264,-1.4800379,65
-0.6064078,-1.8466597,-1.9466074,-0.5585824,1.0777608,1.5288641,0.8919356,0.86356497,-1.3370078,-1.2003351,1.2259926,-0.3617969,-0.26154393,0.20474042,1.5296983,-1.5616622,65
-1.0186555,-0.7908031,-1.123308,-0.89343166,2.2872772,0.5735053,-0.10625796,2.1530519,-1.3647511,0.59932506,1.2296617,0.044980943,0.034572575,-0.6291894,-0.61247915,-0.730109,43
-0.2829284,-0.19569397,-0.4254452,-1.0691696,2.061398,0.35470703,0.0805867,1.3310829,-0.6031771,0.5930888,0.6429748,-0.18782537,-0.017100275,-0.66398805,-0.67125934,-1.0697906,79
-0.92739284,-0.32587808,-0.5546282,-0.80621743,2.1195302,0.15528029,0.9668337,1.5663975,-1.5015587,0.44042987,-0.05289054,0.16360322,-0.4460484,-0.13370311,0.36029133,-0.43813533,59
-1.0322323,-1.111383,-1.1535506,-0.7630059,2.2939897,0.71551836,-0.4139555,2.5201967,-1.4565555,0.8065774,1.7005689,-0.11956416,0.25619125,-0.9245239,-0.9979787,-0.80617285,43
-0.34605515,-0.29705903,-1.1860156,-0.31507474,1.7540694,0.59490204,0.2740318,1.1422422,-0.6567696,-0.5129393,0.46648335,-1.2975363,-0.9248579,-0.8287892,-0.62861985,-0.6209022,43
-1.2510948,1.2595099,-0.6060719,-1.0337694,2.0014553,-0.48613524,-0.38361198,1.5380702,0.036489427,0.52635753,0.6916214,-0.38979197,0.36608455,-1.5061331,-1.1983618,0.25462317,80
-1.1704538,1.2065609,-0.6623084,-0.9810074,2.039,-0.26045015,-0.026133675,1.2916028,0.030604213,0.3912081,0.2858116,-0.60419816,0.23800123,-1.4325352,-0.9209436,0.15600726,34
-0.9696331,-1.0732538,-1.1755471,-0.8163538,2.3198862,0.7401482,-0.27921966,2.3200598,-1.3453691,0.743304,1.494169,-0.13793398,0.2112878,-0.8886731,-0.8643568,-0.7707709,43
-1.2352791,-1.6609272,-2.2475643,-0.43683738,1.2866942,1.8333648,0.7092123,1.1875608,-1.9646003,-1.696589,0.87991595,0.105777174,0.2494066,0.40794998,1.4529294,-1.4586642,65
-0.6155359,-1.9453787,-1.9098539,-0.5895469,1.0480044,1.454204,0.95874304,0.831594,-1.2872831,-1.1558737,1.2144239,-0.45957202,-0.33118486,0.22141834,1.5932615,-1.5666187,65
-1.0664533,-0.8289542,-1.1784785,-0.89278555,2.3113048,0.519505,-0.15498747,2.1518562,-1.3587401,0.57640874,1.2468885,0.027404249,0.025435891,-0.63800704,-0.6474989,-0.6812438,43
-0.36290413,-0.24565752,-0.5710678,-1.091372,2.0904539,0.34554932,0.04465835,1.3312402,-0.5835145,0.5214015,0.7463404,-0.18277423,-0.07868347,-0.6174017,-0.64364165,-1.0597174,43
-1.0100644,-0.25052205,-0.68882585,-0.82890105,2.1967876,0.15135261,0.8634145,1.5530356,-1.4426146,0.2803262,-0.0015149713,0.14949617,-0.3840248,-0.15872853,0.27666155,-0.4179364,59
-1.0498717,-1.134424,-1.2028568,-0.7789283,2.3344386,0.6521989,-0.4481517,2.4783235,-1.4083282,0.7972091,1.7314787,-0.11674234,0.23465586,-0.9292384,-1.011469,-0.77781516,43
-0.25166476,-0.27313325,-1.0931084,-0.2759956,1.8002753,0.57788134,0.3164753,1.1143856,-0.53209543,-0.3291865,0.4389329,-1.3694403,-1.0740823,-0.9696335,-0.7624029,-0.5663791,79
-1.3134706,1.2524933,-0.7618861,-0.9902464,1.9198164,-0.36083508,-0.38467804,1.4448472,0.061261743,0.39245278,0.6671518,-0.49812907,0.43345597,-1.5384754,-1.1618212,0.1696316,57
-1.1904271,1.1483687,-0.67481595,-0.96243906,2.034938,-0.2365949,-0.02692533,1.2940013,0.023214191,0.3862813,0.28275463,-0.6518853,0.2555533,-1.4599104,-0.9269613,0.1657778,34
-0.95174533,-1.0973909,-1.1998112,-0.8683121,2.3398767,0.6848501,-0.30129075,2.2950213,-1.2633176,0.7823781,1.5517927,-0.1975107,0.16065297,-0.8995346,-0.89737123,-0.7820847,43
-1.3217027,-1.8509089,-2.3721726,-0.4522929,1.2460771,1.9274231,0.65065974,1.2211943,-1.9952036,-1.7651234,0.9817158,0.073979974,0.36008057,0.39241064,1.4992098,-1.5363078,65
-0.6312,-2.0970585,-1.9096417,-0.58027387,1.0126479,1.4381305,1.01474,0.80437016,-1.2935541,-1.1780028,1.2053523,-0.5199156,-0.40021634,0.24978517,1.6840736,-1.5879126,65
-1.0571594,-0.7949865,-1.2082603,-0.9706586,2.3524153,0.38948312,-0.19724943,2.103253,-1.2781825,0.60834426,1.2847104,0.044751167,-0.0693217,-0.59807,-0.6675057,-0.66851443,43
-0.43111604,-0.25813648,-0.68678176,-1.1067696,2.1363423,0.3140367,0.027138267,1.3236876,-0.557716,0.43921375,0.827471,-0.15822546,-0.12295195,-0.58383775,-0.5861163,-1.0195476,43
-1.0466585,-0.1304985,-0.7249083,-0.85848415,2.3019474,0.0804134,0.8105075,1.5322078,-1.37246,0.16615358,-0.011352658,0.1530804,-0.3459764,-0.18791318,0.22997099,-0.3493796,59
-1.0302693,-1.1580491,-1.2166727,-0.7731316,2.3556938,0.60484207,-0.45623505,2.4188237,-1.3660539,0.7862383,1.734772,-0.11186983,0.21070814,-0.9490858,-1.003421,-0.74744767,43
-0.21914472,-0.28137016,-1.1020217,-0.18825024,1.7742398,0.6444138,0.32121602,1.069799,-0.4827133,-0.2786312,0.44920933,-1.3614798,-1.0854491,-1.0738834,-0.8282345,-0.5065439,79
-1.3289919,1.2257386,-0.8727918,-0.91492623,1.7935768,-0.2152693,-0.3532044,1.3237598,0.076977044,0.2737704,0.63688964,-0.6102348,0.46379173,-1.565952,-1.0967648,0.06133811,57
-1.1861494,1.0930735,-0.64955175,-0.9461781,2.0278637,-0.22111452,-0.014621709,1.2728976,0.02366069,0.39992315,0.25481385,-0.69743943,0.25719908,-1.4758223,-0.9368998,0.1514624,34
-0.9274386,-1.1251512,-1.1834967,-0.899542,2.3394015,0.60909665,-0.30234388,2.2594857,-1.1837317,0.84255546,1.5860902,-0.26084363,0.101439804,-0.9257727,-0.914711,-0.7793998,43
-1.3547215,-2.048971,-2.4715,-0.48693228,1.2335914,1.9983453,0.5996289,1.2485131,-1.9920686,-1.7937012,1.1254766,0.08406806,0.42976692,0.38965815,1.5623509,-1.5836129,65
-0.6109847,-2.2305784,-1.926861,-0.5476083,0.98298925,1.4661769,1.0636778,0.7558416,-1.3126408,-1.2245672,1.1961277,-0.53724337,-0.47503093,0.28081328,1.7651385,-1.6307075,65
-1.0426493,-0.77690864,-1.198422,-1.0419371,2.409769,0.28733203,-0.21012577,2.0635211,-1.1848595,0.65936196,1.2975364,0.02182427,-0.1461289,-0.5880028,-0.6846181,-0.67213035,43
-0.48209134,-0.3172122,-0.7757072,-1.0807769,2.1408966,0.30731866,0.025645101,1.291291,-0.52240133,0.36647153,0.9183533,-0.13933879,-0.17943582,-0.56969094,-0.5066126,-0.9664405,43
-1.0507088,-0.067977786,-0.69145775,-0.8959124,2.4039574,0.0011903644,0.78171015,1.5183852,-1.2870373,0.13960373,-0.0034702718,0.13823655,-0.30289093,-0.24480277,0.19655162,-0.29714003,59
-0.98548394,-1.2255651,-1.2143359,-0.74479127,2.3512983,0.5781442,-0.46450377,2.3643453,-1.330617,0.7954233,1.7631134,-0.11433184,0.1765658,-0.9902122,-0.99673986,-0.7211087,43
-0.237909,-0.34557393,-1.2036762,-0.09937769,1.682211,0.7797128,0.32883775,0.9865248,-0.4819827,-0.33597738,0.47217306,-1.3470467,-0.96093744,-1.1137053,-0.8032297,-0.48305225,79
-1.3021448,1.1007888,-0.880333,-0.8005835,1.7294121,-0.11293715,-0.32701123,1.2778729,0.07649924,0.23118633,0.65157956,-0.6809331,0.4642879,-1.6241014,-1.0620211,0.078260005,57
-1.1577721,1.0292176,-0.5961753,-0.90725046,2.0217915,-0.18672562,0.02901297,1.2504456,0.00021387637,0.4324838,0.17960158,-0.757274,0.27030504,-1.5126953,-0.941813,0.12911439,34
-0.8944133,-1.1786115,-1.1560266,-0.91330796,2.3278239,0.5492263,-0.2940159,2.2163928,-1.1222007,0.8865521,1.6116343,-0.30881792,0.03450361,-0.940364,-0.9103102,-0.7815677,43
-1.3613291,-2.2265944,-2.5185513,-0.55119586,1.2521236,2.0005465,0.5657007,1.2810738,-1.9547917,-1.7441224,1.2794514,0.11107877,0.446263,0.3840732,1.6139833,-1.6002307,65
-0.5983763,-2.401163,-1.9617848,-0.505536,0.9529106,1.5094185,1.1232067,0.7049055,-1.3538952,-1.3074447,1.1501968,-0.5910122,-0.56554866,0.33403963,1.8525349,-1.7024686,65
-0.9846473,-0.79595757,-1.1069887,-1.0369172,2.4418895,0.23041448,-0.19522749,2.0576074,-1.160698,0.6997297,1.25221,-0.032211542,-0.16199377,-0.6413127,-0.70085204,-0.665401,43
-0.50422084,-0.39382735,-0.8240418,-1.0171947,2.14465,0.31511268,0.040004056,1.2789184,-0.53284883,0.2749274,0.95107824,-0.15295327,-0.22162649,-0.5789023,-0.43359604,-0.9033633,43
-1.0384128,-0.06138517,-0.6418462,-0.93153536,2.4553084,-0.022038639,0.77331674,1.4985605,-1.1791314,0.21610315,0.025390387,0.101840705,-0.2600976,-0.3410593,0.17223343,-0.27570072,59
-0.9279944,-1.3052243,-1.2055991,-0.72053623,2.326127,0.5809133,-0.47551936,2.3178189,-1.3007741,0.80743545,1.8028289,-0.12576093,0.15115377,-1.0288243,-0.9903686,-0.72841585,43
-0.28903237,-0.5636593,-1.290381,-0.0432328,1.5896736,0.9350754,0.46238518,0.86509883,-0.5229707,-0.45133114,0.4250974,-1.3705869,-0.7552779,-1.0391111,-0.58531785,-0.45056292,79
-1.2834246,0.96174955,-0.8648829,-0.71623826,1.6824055,-0.04853332,-0.27917147,1.2434981,0.06599851,0.211819,0.6264838,-0.78403264,0.44724777,-1.6677705,-1.0338924,0.088719726,80
-1.116734,0.9835125,-0.52602357,-0.88610303,2.0327687,-0.1623213,0.07545598,1.2256879,-0.03889379,0.43893188,0.058724955,-0.8240098,0.25290832,-1.5000436,-0.9511466,0.068695754,34
-0.8468657,-1.2413706,-1.114378,-0.9058093,2.3262064,0.5253072,-0.27798513,2.1757152,-1.0850847,0.89982593,1.6121137,-0.3489285,-0.02047912,-0.95572096,-0.9019442,-0.7941857,43
-1.3608665,-2.4438887,-2.5078878,-0.65341586,1.2906162,1.9433309,0.5434971,1.3334235,-1.895224,-1.618402,1.4462773,0.119324386,0.40309486,0.38769674,1.6613199,-1.629329,65
-0.5861229,-2.5184271,-1.9694178,-0.46132085,0.9531131,1.552899,1.1998565,0.6601021,-1.3937436,-1.3901995,1.00933,-0.7276007,-0.6843363,0.38531148,1.8764751,-1.7721238,65
-0.94090754,-0.84927845,-1.0920191,-1.089179,2.4535363,0.1470781,-0.22346157,1.9872386,-1.0931722,0.74804145,1.2813039,-0.021780312,-0.28580242,-0.58898723,-0.70314026,-0.729136,43
-0.5186461,-0.5137859,-0.8425687,-0.95105207,2.1548088,0.34268823,0.05096654,1.2947977,-0.5557163,0.19715077,0.95902777,-0.22164223,-0.2714867,-0.5905158,-0.4032257,-0.86532784,43
-1.0108147,-0.053017765,-0.5675606,-0.9206059,2.4963763,-0.031508744,0.797876,1.4638355,-1.1180547,0.27854353,-0.012910277,0.10371998,-0.2115351,-0.44755262,0.21192974,-0.24420787,59
-0.8792775,-1.3845354,-1.1888928,-0.70277834,2.2926254,0.6182519,-0.47237903,2.274209,-1.2799232,0.79699737,1.81908,-0.1534978,0.14458898,-1.0591993,-0.9663652,-0.7707196,43
-0.2821659,-0.50708985,-1.183924,0.0014517009,1.4028988,0.7962389,0.45446897,0.819785,-0.5731434,-0.4276188,0.2579856,-1.6512996,-0.7882512,-1.05742,-0.63861644,-0.48990017,79
-1.2450492,0.8491398,-0.87064356,-0.63472664,1.65485,0.036421478,-0.21229455,1.1923406,0.026967242,0.19301336,0.5458203,-0.87683,0.45875996,-1.70524,-1.0227076,0.07237333,80
-1.0595322,0.9225496,-0.4491145,-0.8657659,2.0430923,-0.157664,0.13897915,1.1908604,-0.08061908,0.4409322,-0.0696958,-0.9024079,0.1787928,-1.4570783,-0.9397626,-0.0050314963,34
-0.7996105,-1.3163346,-1.0594153,-0.8708574,2.316789,0.5161679,-0.24983302,2.1472135,-1.101416,0.9181364,1.5622306,-0.3871559,-0.06853729,-0.9796278,-0.89075786,-0.81896675,43
-1.3326576,-2.653324,-2.4275727,-0.7703041,1.3567837,1.8193153,0.5304712,1.3927666,-1.8503664,-1.4640855,1.5815216,0.16329613,0.29787096,0.4309458,1.7178129,-1.6468573,65
-0.42919514,-2.6126995,-1.7108924,-0.26878953,1.068193,1.7707986,1.4714305,0.5855833,-1.30229,-1.1936735,0.75111264,-0.7406836,-0.72702605,0.21195151,1.8777877,-1.57463,19
-0.916969,-0.9514034,-1.0849628,-1.0899892,2.4544551,0.17980379,-0.20441854,1.9360867,-1.0440048,0.7727695,1.2973521,-0.07836744,-0.33504102,-0.6011258,-0.6907676,-0.81183994,43
-0.54175436,-0.71144295,-0.8665256,-0.9058937,2.1442492,0.37909183,0.049498107,1.3175251,-0.54850364,0.18551104,1.0123942,-0.34341443,-0.34978563,-0.6052311,-0.40602085,-0.8635222,43
-0.9716973,-0.08059022,-0.54032123,-0.8891081,2.50384,0.021148086,0.819522,1.4171112,-1.0786232,0.31389248,-0.052476138,0.08835772,-0.15874529,-0.54169095,0.25051698,-0.25162178,79
-0.83890444,-1.4417973,-1.1678874,-0.6808356,2.2534795,0.6575228,-0.44351572,2.2209911,-1.2746146,0.78633565,1.8043431,-0.16220249,0.1256674,-1.0798835,-0.9088669,-0.82331175,43
0.3229553,-0.71307504,-0.5872044,0.06040728,1.384608,1.0030739,1.196447,0.4215157,-0.22179024,0.16136476,0.094412625,-1.4881481,-0.91162026,-1.0299113,-0.1797454,-0.33446312,36
-1.1861961,0.7689687,-0.8527749,-0.5933177,1.6311519,0.1070492,-0.13390656,1.1278741,-0.0063136816,0.19023359,0.41513485,-0.99691737,0.4887095,-1.7236649,-1.0247742,0.012513369,80
-0.976525,0.85011554,-0.39029855,-0.8359902,2.0282235,-0.11198273,0.21323247,1.1436886,-0.114880994,0.44843727,-0.18127736,-1.0078093,0.103992976,-1.4157791,-0.9310466,-0.101471186,34
-0.780463,-1.4126564,-1.0191963,-0.86554444,2.2998102,0.5248239,-0.2003476,2.1088805,-1.1240833,0.9051957,1.4743266,-0.46297562,-0.119821586,-0.96031296,-0.8504413,-0.8954708,43
-1.2903826,-2.8574653,-2.3483336,-0.83399594,1.3941319,1.7433072,0.5405406,1.4167678,-1.8110096,-1.3465397,1.6733694,0.17640784,0.21722281,0.44524634,1.7793452,-1.66311,43
-0.32626665,-3.0606754,-1.6895199,-0.2994644,1.0215425,1.9958602,1.5796283,0.6223252,-1.4632564,-1.288616,0.75305796,-0.67209744,-0.6871313,0.31157398,2.1238327,-1.7798243,19
-0.89153844,-1.0412526,-1.0242488,-1.0684144,2.4533997,0.20200548,-0.15472329,1.9064074,-1.0858581,0.74170727,1.2101145,-0.12629332,-0.36280552,-0.5835705,-0.6343616,-0.91010517,43
-0.5368537,-0.88966453,-0.8513427,-0.8555959,2.1410546,0.40152505,0.065111935,1.3575481,-0.610765,0.1968708,0.9978775,-0.42033666,-0.41240487,-0.61395526,-0.39648527,-0.8764184,79
-0.96276826,-0.115957975,-0.5490071,-0.8779743,2.528729,0.08780733,0.83876246,1.3767464,-1.0402375,0.307181,-0.13244888,0.0036497116,-0.1388447,-0.58847296,0.26215184,-0.2900118,79
-0.8024941,-1.4780136,-1.1251779,-0.68334895,2.221328,0.6728165,-0.40322563,2.1745312,-1.2560098,0.78702164,1.7558987,-0.21780841,0.07227751,-1.0861056,-0.8667648,-0.8931466,43
0.5585473,-1.0212327,-0.4477752,0.05066961,1.2975419,1.1632617,1.4212675,0.34283713,-0.28346986,0.17676413,0.18375316,-1.2952147,-0.76703876,-0.9352478,0.21437398,-0.3727585,36
-1.1152606,0.7193941,-0.78013164,-0.6253289,1.6219671,0.10541487,-0.08968669,1.0899138,-0.02497445,0.17721027,0.30241814,-1.1172006,0.46955258,-1.6730698,-1.0258237,-0.07402036,80
-0.86263394,0.7768074,-0.33501276,-0.8354894,1.9741026,-0.06400177,0.2993026,1.0637631,-0.11747597,0.464754,-0.2618692,-1.130607,0.02284417,-1.3459657,-0.8964809,-0.2358911,34
-0.7532641,-1.4927394,-0.94930714,-0.88701504,2.2901843,0.5199702,-0.124507874,2.0564835,-1.1521288,0.87154406,1.3380666,-0.52981037,-0.20081669,-0.88841677,-0.76859844,-0.9936453,79
-1.2479594,-3.0924425,-2.3089094,-0.8449811,1.3921221,1.7419509,0.55315155,1.4040034,-1.7818688,-1.2933673,1.7398939,0.14583212,0.15801165,0.44216096,1.8364235,-1.7051086,43
-0.21046,-3.0822623,-1.6945963,-0.31681412,1.0953938,2.0903804,1.4849249,0.65610635,-1.5566466,-1.4018778,0.80417323,-0.3925323,-0.5267455,0.38735676,2.0969133,-1.8071079,19
-0.8425165,-1.1190317,-0.936984,-1.0727072,2.4397697,0.18918607,-0.09155664,1.8702089,-1.1191654,0.74473363,1.1177197,-0.17084451,-0.4348314,-0.53707063,-0.5619472,-1.0091988,79
-0.56362355,-1.1020213,-0.824077,-0.82632387,2.1606965,0.41049853,0.09678091,1.4102441,-0.6915213,0.21332812,0.93419313,-0.53742874,-0.5048361,-0.5907088,-0.3896768,-0.92078274,79
-0.9492608,-0.17085701,-0.531846,-0.8836447,2.5303698,0.100717485,0.8508309,1.336477,-1.0232365,0.2914139,-0.23878819,-0.1269031,-0.18349367,-0.5690295,0.25885925,-0.36683884,79
-0.6606936,-1.428631,-0.9941115,-0.52083415,2.2047677,0.82914424,-0.15331477,2.0358717,-1.1853709,0.7874405,1.5602016,-0.17826948,0.063811325,-1.2239774,-0.6913606,-0.73217404,43
0.456927,-1.2726263,-0.6018586,-0.08359823,1.3118936,1.2838079,1.4688903,0.33220196,-0.3586733,0.07964911,0.2866263,-1.1379707,-0.6100995,-0.75412434,0.4778505,-0.55037767,36
-0.9917655,0.6964878,-0.64558536,-0.7155976,1.6052562,0.05658117,-0.04867382,1.0243775,0.014402553,0.21848935,0.20433196,-1.2253119,0.37534046,-1.5636796,-1.0329475,-0.19479199,34
-0.7286813,0.6982163,-0.29456037,-0.8477112,1.8752116,-0.051387668,0.3613861,0.97341144,-0.10557377,0.49335337,-0.30329013,-1.2619644,-0.06450028,-1.2707214,-0.8736795,-0.37077788,34
-0.70799226,-1.5791324,-0.86763316,-0.9108801,2.2534308,0.4904324,-0.026502725,1.979438,-1.1580951,0.8699261,1.2118671,-0.6117058,-0.33911157,-0.7978877,-0.66928744,-1.1043521,79
-1.1741686,-3.223559,-2.2415755,-0.83682597,1.4068604,1.7519063,0.59099776,1.3671825,-1.7614851,-1.2647854,1.7145007,0.11844176,0.103487596,0.43365145,1.8730471,-1.7458897,43
-0.21472776,-2.7762246,-1.7336764,-0.24241848,1.2008561,2.004359,1.3095857,0.7071732,-1.5974834,-1.4260738,0.7592283,-0.18362519,-0.27666917,0.31945843,1.8502342,-1.5689855,65
-0.77016205,-1.2033381,-0.8137292,-1.0595239,2.4146132,0.19483125,0.0064225867,1.8420736,-1.1407374,0.76836103,0.99617136,-0.28185254,-0.52143675,-0.5148361,-0.50314504,-1.0875202,79
-0.56918037,-1.2811728,-0.7995155,-0.8131894,2.1600337,0.4396918,0.15971608,1.4395955,-0.7612469,0.26063833,0.8510438,-0.6533776,-0.58952475,-0.5725469,-0.37300202,-0.97986966,79
-0.9276716,-0.29951963,-0.4797349,-0.89814585,2.4714637,0.072763324,0.8795955,1.3036385,-1.0396671,0.3077789,-0.3472057,-0.29684177,-0.2938829,-0.50540483,0.2722063,-0.4907198,79
-0.48986146,-1.3063625,-0.931359,-0.39790702,2.0467062,0.92329454,0.021395884,1.8428432,-1.1031811,0.6934973,1.4528654,-0.15053625,0.050869226,-1.2880945,-0.5153613,-0.67141557,43
0.22421113,-1.2452435,-0.80430186,-0.18731141,1.4585041,1.2455784,1.374582,0.4368587,-0.519042,-0.11151244,0.24443938,-0.9513037,-0.46327707,-0.600319,0.54841477,-0.58609766,36
-0.84063625,0.66829085,-0.45655066,-0.84343517,1.5635567,0.0019720197,0.04393055,0.9362048,0.12911895,0.38340634,0.12275289,-1.3812028,0.24645641,-1.4702516,-1.0403488,-0.34905514,34
-0.6021079,0.7437655,-0.39589286,-0.8997998,1.7400593,-0.041608244,0.3186181,0.80833614,-0.016970158,0.51469547,-0.20898536,-1.2496384,-0.06051696,-1.1886615,-0.8944888,-0.50493795,34
-0.6260582,-1.6821789,-0.7771184,-0.9589374,2.1784205,0.45537886,0.045664016,1.9253616,-1.1506343,0.9120913,1.1419331,-0.7383848,-0.49598673,-0.71490985,-0.6172321,-1.2477534,79
-1.0855653,-3.289712,-2.14377,-0.80859864,1.4165622,1.7499655,0.6517926,1.3211164,-1.7328032,-1.193496,1.6257687,0.037361354,0.03334406,0.3904671,1.8582927,-1.7830975,43
-0.16866043,-2.5682197,-1.6553965,-0.28433242,1.3095123,1.9173537,1.1390479,0.7941589,-1.5608457,-1.405216,0.7371934,-0.07967691,-0.2126508,0.3093006,1.599251,-1.4393337,65
-0.6811906,-1.3032076,-0.67851967,-1.0611851,2.361946,0.1619556,0.09659305,1.8141706,-1.1661403,0.80303633,0.89816505,-0.39510828,-0.6467842,-0.47307676,-0.4373012,-1.179441,79
-0.5579703,-1.357363,-0.75834596,-0.7817652,2.1327083,0.43496034,0.22742401,1.4432466,-0.81946135,0.31412208,0.72695816,-0.76282513,-0.6595961,-0.58667475,-0.38003656,-0.9931618,79
-0.88251853,-0.47026154,-0.49971646,-0.9103604,2.3320973,0.1042124,0.86404175,1.2878394,-1.0604628,0.3303458,-0.3482247,-0.46706384,-0.3818473,-0.47404385,0.25160763,-0.63992095,79
-0.35538757,-1.3271956,-1.0654457,-0.30033597,1.782634,1.1064447,0.13301891,1.5857791,-1.0782304,0.39974552,1.4781512,-0.03575158,0.06834672,-1.1791312,-0.20469543,-0.74700624,43
0.024292693,-1.33059,-1.046727,-0.24219556,1.6568247,1.3768891,1.2385176,0.6278326,-0.7833084,-0.41550964,0.17700033,-0.73862827,-0.273348,-0.49423385,0.61634976,-0.62272143,79
-0.69337535,0.65253985,-0.25486752,-0.9702067,1.5100185,-0.075821355,0.12128241,0.8721944,0.23330688,0.56348884,0.052975357,-1.54127,0.08758981,-1.3902963,-1.0649215,-0.50735664,34
-0.5481205,0.8659067,-0.5796092,-0.9804142,1.6197752,-0.08180843,0.26353994,0.592277,0.08953169,0.50759816,-0.06126693,-1.1311599,-0.028521188,-1.051469,-0.8613711,-0.6437438,34
-0.40213385,-1.7422364,-0.6024951,-0.8546098,2.1665716,0.6661675,0.10221143,1.9266092,-1.090112,1.0572417,1.1848984,-0.69192356,-0.49378857,-0.8599034,-0.66689706,-1.2137504,79
-0.99242914,-3.30781,-2.0181508,-0.7562987,1.4230859,1.7054971,0.73182195,1.2793694,-1.7158318,-1.1333808,1.4861145,-0.07297428,-0.10183405,0.3587559,1.8321258,-1.778877,79
-0.33137345,-2.724463,-1.8668525,-0.35024938,1.4156423,2.003077,1.0828409,0.86606,-1.6879311,-1.6152589,0.7331339,0.07327768,-0.047577314,0.41819155,1.7730349,-1.4586389,65
-0.48545462,-1.382708,-0.4992966,-0.96230686,2.3836606,0.3250439,0.16133869,1.8467408,-1.1555545,0.9560739,0.9210256,-0.28664637,-0.6445849,-0.6019455,-0.43558243,-1.105772,79
-0.55721617,-1.3704463,-0.8059798,-0.7298507,2.069167,0.5144938,0.314802,1.3738273,-0.834986,0.25355625,0.6085024,-0.8568388,-0.6403488,-0.58659345,-0.34542102,-0.98683923,79
-0.8782935,-0.66854787,-0.6308921,-0.9864059,2.2190495,0.259887,0.7281576,1.2408314,-0.94262445,0.3433442,-0.12879363,-0.39080596,-0.28663847,-0.43269712,0.22058678,-0.75350153,79
-0.23636737,-1.4911233,-1.2527382,-0.23525617,1.5128497,1.3151481,0.179756,1.3511546,-1.09038,0.028031822,1.5981742,0.121768564,0.084664874,-0.9682536,0.16614467,-0.852285,43
-0.26224482,-1.4524882,-1.2408738,-0.27219918,1.8778452,1.4299204,1.1622915,0.851213,-1.1216197,-0.7210947,0.037840247,-0.43872637,-0.14644021,-0.32841375,0.8394728,-0.5499866,79
-0.66996765,0.737093,-0.25597724,-1.0615311,1.4286023,-0.117131054,0.1446693,0.74568677,0.29283303,0.6066796,-0.004264623,-1.5671688,0.06290071,-1.2859253,-1.0321752,-0.6429802,34
-0.074150614,0.74553514,-0.4905129,-0.680972,1.9730178,0.42475262,0.44599736,0.73843586,-0.035740525,0.981619,0.11597651,-0.83826184,-0.056884997,-1.2343594,-1.2942028,-0.6705394,34
-0.39793602,-1.8430955,-0.743878,-0.89717215,2.1357603,0.8130872,-0.03761674,1.9088826,-1.0967777,0.8960162,1.4055389,-0.3858526,-0.37307554,-0.7958189,-0.56582916,-1.3005221,79
-0.8988118,-3.3330376,-1.8888328,-0.7523026,1.4258806,1.6314263,0.809124,1.2467443,-1.6872277,-1.0546315,1.3488939,-0.23500393,-0.29709274,0.3772391,1.7929332,-1.8243301,79
-0.35834932,-2.5813475,-1.8571239,-0.4724055,1.4637289,1.9737779,1.0137882,0.84766483,-1.667351,-1.6118563,0.6395916,0.17708531,-0.019363545,0.47346288,1.7841258,-1.51595,65
-0.50964177,-1.5451802,-0.6101536,-0.97030824,2.3605845,0.4323263,0.061005317,1.878036,-1.1879572,0.8428239,1.0938859,-0.102279216,-0.5406375,-0.5883466,-0.35604385,-1.1514649,79
-0.5175533,-1.3562248,-0.84170365,-0.733647,1.9535977,0.5911201,0.32749242,1.319113,-0.79111385,0.24831869,0.6051893,-0.9669074,-0.6242616,-0.6127556,-0.38218775,-1.032109,79
-0.6981364,-0.7456407,-0.75590026,-0.94396335,2.4248073,0.515275,0.6346201,1.3549899,-1.0491188,0.28220475,0.11255813,0.034448206,-0.18291974,-0.4259287,0.16372871,-0.78778356,79
-0.19864416,-1.7980427,-1.4372458,-0.28050187,1.3465976,1.50292,0.20616075,1.2098255,-1.1254952,-0.3582213,1.6888694,0.13750452,0.12846524,-0.7039244,0.5120587,-1.0221846,43
-0.47456732,-1.6334037,-1.3412597,-0.30827045,2.0008345,1.4945884,1.1170113,1.0152847,-1.344501,-0.8957816,-0.0508357,-0.33291548,-0.058501594,-0.2359987,1.004673,-0.54245794,65
-0.49630958,0.852862,-0.5259984,-0.88277495,1.6655295,0.23687258,0.17537083,0.742547,0.17162561,0.6803467,0.08424939,-1.217293,0.13846189,-1.3374958,-1.1886834,-0.64989895,34
-0.15433286,0.29198632,-0.39874536,-0.80539894,2.0719073,0.27519616,0.3369171,0.9875181,-0.31131917,1.1229035,0.34967953,-0.55223715,-0.14253742,-0.9968683,-1.1661103,-0.860199,79
-0.48107985,-1.7044126,-0.90305096,-0.8580005,2.131677,0.82936895,-0.120702624,1.8531514,-1.0721893,0.7591897,1.4670388,-0.20695886,-0.20309892,-0.7934579,-0.54345125,-1.2268643,79
-0.7815308,-3.3287768,-1.6215494,-0.7249661,1.4489022,1.5508993,0.8996027,1.2496328,-1.5713614,-0.7900638,1.2152344,-0.37659037,-0.51919645,0.26620728,1.6747807,-1.7557442,79
-0.508095,-2.2934878,-1.8902419,-0.5096675,1.5517298,1.8673657,0.91012377,0.8554766,-1.6958175,-1.6386254,0.47800058,0.32578817,0.03649027,0.48080146,1.7314187,-1.4425943,65
-0.54692423,-1.3709395,-0.73343563,-0.996697,2.37195,0.5223309,0.017547768,1.7704178,-1.0412105,0.7287415,1.1363335,0.017264485,-0.34325618,-0.62417513,-0.36563465,-1.1282437,79
-0.4460265,-1.1419901,-0.78224975,-0.7413303,1.8959864,0.53755796,0.2776251,1.2864968,-0.7278719,0.2911864,0.57933366,-0.98421955,-0.68100655,-0.66531426,-0.5042496,-0.9997437,79
-0.7861508,-0.6709057,-0.7389198,-0.9496669,2.6087832,0.30874607,0.52059144,1.5624678,-1.0688486,0.5742984,0.221688,0.10308525,-0.14023128,-0.55676395,-0.09148795,-0.6380458,79
-0.27629453,-2.0108545,-1.61779,-0.42309204,1.2979783,1.6871504,0.27455562,1.0966059,-1.1363921,-0.7744481,1.6077427,0.08358255,0.20515929,-0.40087956,0.819241,-1.237402,43
-0.59107816,-1.7854372,-1.3004255,-0.36111832,2.030518,1.5056771,1.1279453,1.1036524,-1.4184791,-0.908116,-0.104678005,-0.37933233,-0.056242727,-0.21297923,1.1190639,-0.5756906,65
-0.33830863,0.72479916,-0.5557232,-0.8195579,1.9175107,0.26653323,0.17382643,0.90841997,0.021676213,0.8570817,0.20042628,-1.0487875,-0.035775267,-1.34361,-1.3494555,-0.6547942,34
-0.2843837,-0.12778409,-0.37645745,-0.8792983,2.1598544,0.11169729,0.23355646,1.2635534,-0.601882,1.2410733,0.5067627,-0.36232373,-0.15729472,-0.923986,-1.0152489,-0.88675016,79
-0.5098504,-1.3361895,-0.9065638,-0.7550655,2.1911898,0.732257,-0.182168,1.8489826,-1.058693,0.6810507,1.3147538,-0.08923252,-0.05290868,-0.9072484,-0.65978557,-0.95427185,43
-0.59245384,-3.3696597,-1.2812021,-0.7084059,1.5505607,1.5272158,0.92591476,1.3848382,-1.5794318,-0.43309313,1.1708553,-0.36896557,-0.5300867,0.08938536,1.5034385,-1.6856642,79
-0.67957866,-2.2282073,-2.00549,-0.5553155,1.6238673,1.8354737,0.8328119,0.88020575,-1.7452917,-1.6996536,0.44462842,0.48829547,0.101568125,0.5361379,1.7842127,-1.4105203,65
-0.55733013,-1.0013975,-0.7880116,-0.8991088,2.4108691,0.5058994,0.017640073,1.7068483,-0.9811741,0.6196982,0.981626,0.084795386,-0.21492967,-0.71006626,-0.47290722,-0.9224603,79
-0.44086835,-0.48596588,-0.8022952,-0.7461902,1.8870885,0.37566635,0.12010823,1.145498,-0.50348145,0.344737,0.5373802,-0.90556335,-0.6057882,-0.80484486,-0.7878721,-0.81911045,79
-0.8681472,-0.51144016,-0.81686217,-0.8816705,2.616121,0.22233054,0.41404983,1.6249833,-1.1163002,0.54522145,0.16339865,0.20268673,-0.04120712,-0.6538568,-0.19729993,-0.44080228,79
-0.35846296,-2.1914153,-1.7554259,-0.5665747,1.2594435,1.7379338,0.32898003,1.0560824,-1.1758538,-1.025538,1.6106454,0.09103638,0.24004552,-0.1414956,1.0956101,-1.3903692,43
-0.6549843,-1.9520108,-1.2355192,-0.45113048,2.028757,1.5075678,1.1598281,1.1509129,-1.4345201,-0.85833764,-0.08251014,-0.36904687,-0.080631815,-0.15338223,1.2705785,-0.66176254,65
-0.19352415,0.3858578,-0.38625354,-0.8477589,2.1847627,0.29991677,0.123143,1.2156861,-0.16013516,1.1869646,0.379593,-0.82580924,-0.16127038,-1.3090171,-1.5081142,-0.6622865,43
-0.44284606,-0.39750057,-0.4515149,-0.9955087,2.2914722,0.22680184,0.14764473,1.4676207,-0.6869558,1.2792655,0.5957731,-0.4605906,-0.12505904,-0.90573674,-1.064494,-1.0265365,79
-0.593569,-1.2863753,-0.9652521,-0.72174263,2.2880135,0.72370005,-0.31336242,1.9857364,-1.1750573,0.6512586,1.2707396,-0.044904277,0.074645385,-0.9936828,-0.78219885,-0.8664073,43
-0.5727042,-3.069547,-1.2888186,-0.71452105,1.64481,1.4953513,0.7497902,1.3960496,-1.4901835,-0.40751046,1.2563596,-0.13331026,-0.4069189,-0.023451097,1.2948439,-1.5908451,79
-0.79008156,-2.2708657,-2.1012113,-0.61002386,1.6477036,1.8474978,0.7833168,0.89417183,-1.7540213,-1.7226329,0.48718524,0.589455,0.13030113,0.5947202,1.8405918,-1.4252143,65
-0.65171003,-0.9325129,-0.8477364,-0.8225736,2.48841,0.5209111,-0.02723075,1.8258908,-1.1320447,0.5324316,0.8334258,0.12228754,-0.0605525,-0.8075784,-0.5226668,-0.7973368,43
-0.2936305,-0.77676,-0.8804962,-0.6000873,2.1371744,0.7454829,0.14294738,1.3765517,-0.77242446,0.4622835,0.80020684,-0.4181232,-0.45989135,-0.86282474,-0.7242475,-0.78448397,79
-0.83495337,-0.4698945,-0.8529751,-0.77741814,2.7009468,0.21581951,0.21777391,1.8089868,-1.2719073,0.5857065,0.22498527,0.2937396,-0.016323917,-0.78670937,-0.4250395,-0.31886017,43
-0.47234276,-2.2787838,-1.8500254,-0.6817157,1.2805113,1.7199584,0.39412072,1.0594287,-1.1966046,-1.1756802,1.5908259,0.113242894,0.30415693,0.019182295,1.314685,-1.4212434,43
-0.70155734,-2.1215072,-1.1625874,-0.5783016,2.0295854,1.5297378,1.1884837,1.1841285,-1.4396912,-0.7946354,-0.044019967,-0.28527868,-0.10578469,-0.0322158,1.4164269,-0.80233085,79
-0.2424586,-0.0011265874,-0.54383856,-0.9028688,2.142153,0.40350977,0.08174727,1.293072,-0.3121724,1.1250888,0.6122388,-0.7127007,-0.08494883,-1.1815325,-1.3348789,-0.84260374,43
-0.51296574,-0.52326465,-0.60212004,-1.0245407,2.250708,0.41246375,0.10809858,1.4890866,-0.74100447,1.1501561,0.70210475,-0.4218256,-0.086139195,-0.833064,-0.9876466,-1.1938636,79
-0.6825506,-1.1401653,-0.9676692,-0.71803224,2.418785,0.6545931,-0.31559205,2.0318456,-1.2357213,0.64567876,1.127509,0.06602332,0.09385159,-0.9937176,-0.76990056,-0.7308946,43
-0.6616689,-2.4416835,-1.349544,-0.5324626,1.7538681,1.4253814,0.6306265,1.4202516,-1.4038339,-0.36561215,1.1120832,-0.09530699,-0.041465662,-0.34709513,0.8963757,-1.2073357,79
-0.8750774,-2.3439019,-2.167333,-0.66468203,1.657491,1.8774217,0.7572656,0.8945054,-1.7298516,-1.7395678,0.5406272,0.63675964,0.11762301,0.6603087,1.891367,-1.4580507,65
-0.7279173,-0.80606985,-0.84666765,-0.8970073,2.5935874,0.469376,-0.018340748,1.8711237,-1.1655796,0.537391,0.7362275,0.25379124,0.01853669,-0.81690854,-0.44375417,-0.69852763,43
-0.39445144,-0.73752767,-0.9340388,-0.696696,2.270649,0.65058064,0.06938474,1.4892465,-0.8159182,0.63531584,0.8344653,-0.26280153,-0.41804498,-0.8570449,-0.8050561,-0.7683623,79
-0.9004336,-0.46632057,-0.9120546,-0.75971115,2.7755015,0.36347947,0.06991366,1.8859041,-1.2824275,0.56046546,0.285052,0.26428995,0.018020086,-0.81880814,-0.5912599,-0.3508575,43
-0.55239505,-2.3257544,-1.9058123,-0.75708115,1.3236752,1.6859026,0.4537847,1.0786762,-1.2161989,-1.2246741,1.5898428,0.1590873,0.3270637,0.113551214,1.4647857,-1.4346135,43
-0.77147907,-2.2389462,-1.0965443,-0.7334527,2.0283577,1.5284321,1.2143481,1.19105,-1.4066678,-0.73572695,-0.015038043,-0.2057015,-0.09713446,0.09552555,1.5474358,-0.9435421,79
-0.34566784,-0.3599734,-0.635897,-1.012265,2.1877432,0.52372754,0.0029140264,1.437715,-0.3915729,1.1560801,0.8112481,-0.8152895,-0.027503945,-1.1456777,-1.3194617,-1.0650077,43
-0.66626954,-0.54324114,-0.6511536,-1.006556,2.2650836,0.39679554,0.11933434,1.5615903,-0.85219145,1.0966406,0.63772625,-0.25601655,0.064669505,-0.84888643,-0.79161286,-1.0465286,79
-0.72569805,-1.0997745,-0.95461994,-0.7110777,2.459396,0.6066059,-0.3158828,2.064981,-1.2707239,0.6755918,1.0800116,0.09803519,0.074086756,-1.0220171,-0.7520414,-0.66215277,43
-0.6693143,-1.6630269,-1.0680032,-0.4214658,2.0687594,0.9879534,0.5274706,1.6114339,-1.3353639,-0.06546582,0.77812445,-0.0875345,-0.030759305,-0.6727393,0.3518489,-0.65883744,79
-0.9202045,-2.4266527,-2.1817756,-0.7129039,1.6411582,1.9116555,0.74099684,0.89669013,-1.6972016,-1.7376531,0.60920554,0.65296996,0.11426122,0.71022815,1.9339199,-1.4983892,65
-0.8093173,-0.73787,-0.8982962,-0.88865286,2.6968923,0.4175003,-0.006706927,1.9115914,-1.2425979,0.52615297,0.66489136,0.3434842,-0.054545008,-0.7833219,-0.3992398,-0.6235019,43
-0.55494475,-0.69686615,-1.037705,-0.7389735,2.3154862,0.5897881,0.030550329,1.5248815,-0.8123119,0.7239037,0.7858369,-0.25032517,-0.2591787,-0.9137314,-0.84357303,-0.67041075,43
-0.9396378,-0.49394107,-0.9162788,-0.7426784,2.7586143,0.3543609,-0.0029087104,1.9068426,-1.2841456,0.5405777,0.34613115,0.31737265,-0.012060806,-0.82427996,-0.58574533,-0.297133,43
-0.60452586,-2.468243,-1.9638627,-0.8103763,1.3266501,1.732155,0.46974805,1.0814666,-1.216143,-1.2668964,1.6395928,0.120326966,0.3161245,0.19489874,1.5304135,-1.5441387,43
-0.7851683,-2.3075619,-1.0454946,-0.8639362,2.0091052,1.5367606,1.2149223,1.1737529,-1.3701494,-0.71155095,0.038425416,-0.12558673,-0.08714866,0.22301532,1.6224797,-1.0906622,79
-0.39106748,-0.66447943,-0.68464607,-1.0348595,2.2144697,0.57002974,-0.022953633,1.5578353,-0.53815615,1.1555703,0.93798983,-0.7249768,-0.080534436,-1.0848893,-1.2008114,-1.150496,79
-0.7091089,-0.6063314,-0.68524176,-0.9897484,2.2364962,0.4092324,0.0703432,1.626321,-0.924505,1.0916455,0.7238097,-0.15779343,0.13090469,-0.8614489,-0.73466617,-1.0188189,79
-0.7771126,-1.1191733,-0.9242981,-0.73566425,2.4473617,0.5650687,-0.3137678,2.0942714,-1.2504275,0.7638953,1.0939561,0.06883034,0.057165854,-1.053855,-0.74468714,-0.6372764,43
-0.7354667,-1.5067091,-1.0582151,-0.46355656,2.2399094,0.9158673,0.39187804,1.7550983,-1.3939116,-0.010435335,0.74329305,0.03126037,0.049322516,-0.7426676,0.22843033,-0.58271086,43
-0.9456409,-2.5235062,-2.1676557,-0.74319816,1.6143289,1.9492682,0.74418354,0.89594793,-1.6592612,-1.7147775,0.67647314,0.6247442,0.10557562,0.74391335,1.960391,-1.5424027,65
-0.8743279,-0.6860866,-0.8799029,-0.8776016,2.7279608,0.41594228,-0.0070341676,1.9490834,-1.2541958,0.5166577,0.5881833,0.30899307,-0.014426827,-0.8297415,-0.41379932,-0.55473286,43
-0.6733728,-0.8194604,-1.1762974,-0.706894,2.3397481,0.6562735,-0.03407887,1.6189584,-0.94951487,0.6698148,0.8252877,-0.18415037,-0.06288206,-0.9523969,-0.79451185,-0.6394118,43
-0.9463223,-0.54813755,-0.90466267,-0.72602916,2.7345476,0.37792185,-0.031809974,1.9311129,-1.3073822,0.53451353,0.39112276,0.3796384,0.008450367,-0.82812446,-0.5564665,-0.2686018,43
-0.60860074,-2.4678037,-1.9119365,-0.8223605,1.3291602,1.719011,0.50998193,1.0384405,-1.2149341,-1.2734774,1.5603142,0.12754604,0.25778693,0.26280564,1.5720366,-1.598239,43
-0.78022826,-2.3214338,-1.0192747,-0.9441612,1.9881938,1.5554919,1.1914353,1.1380614,-1.3301016,-0.71967703,0.093961135,-0.04712987,-0.06659768,0.32051218,1.6373752,-1.2001066,79
-0.39467642,-0.9755293,-0.78548694,-1.0558774,2.1748161,0.7142768,-0.017082836,1.6050423,-0.701954,1.0072256,1.1020361,-0.55058885,-0.056850456,-0.9372269,-0.95968986,-1.3153319,79
-0.71681285,-0.6556818,-0.6899168,-0.9735875,2.2154782,0.4302877,-0.0022942498,1.713073,-0.9691247,1.0976393,0.8447412,-0.117602944,0.20155118,-0.90368694,-0.74572253,-1.0010937,43
-0.7995508,-1.098863,-0.89949363,-0.7639531,2.429768,0.5709696,-0.29225302,2.095595,-1.2012318,0.8145955,1.118504,0.049408734,0.044522233,-1.0549122,-0.74208003,-0.64620215,43
-0.73859954,-1.3970433,-0.9714318,-0.5368202,2.3392322,0.82840824,0.28599027,1.8287234,-1.387458,0.16144708,0.7041789,0.10356274,-0.012136698,-0.7783557,0.10868107,-0.5278499,43
-0.94795775,-2.6119199,-2.1097949,-0.76469374,1.5699712,1.9725512,0.7624952,0.89291143,-1.6150966,-1.668126,0.73110855,0.54899645,0.09373248,0.7650165,1.9690273,-1.587584,65
-0.93938124,-0.6494582,-0.8880579,-0.8685587,2.7129853,0.3912591,0.01101432,1.9286213,-1.2448391,0.53754634,0.5664221,0.37242618,-0.015941665,-0.8195245,-0.35412306,-0.49406204,43
-0.65628415,-0.9958246,-1.2281156,-0.6654358,2.334701,0.8452276,-0.20029786,1.7383412,-1.0419923,0.60233366,0.97759646,-0.2704761,0.051282924,-0.97866756,-0.96994936,-0.77979165,43
-0.95864904,-0.52627456,-0.88956505,-0.7426486,2.719998,0.40170285,-0.025865953,1.924954,-1.2632874,0.55009115,0.42590058,0.36471942,0.04560345,-0.8454665,-0.5571868,-0.2598819,43
-0.59358466,-2.553717,-1.8692391,-0.8207406,1.3273702,1.7509762,0.5516036,0.98331106,-1.2161313,-1.2848465,1.4945744,0.113483965,0.16900466,0.34700155,1.6024805,-1.6911938,43
-0.7894466,-2.323121,-1.0169041,-0.9720485,1.9780363,1.5727552,1.1336092,1.1182076,-1.3237813,-0.75038105,0.1512839,0.04919091,-0.025964685,0.38215303,1.6216027,-1.257029,79
-0.47083834,-0.9774959,-0.79090285,-1.0342691,2.2040584,0.6949272,-0.02277201,1.6643047,-0.79377246,0.9995417,1.1055794,-0.44770464,0.021729197,-0.9415492,-0.88658124,-1.2730751,79
-0.72919965,-0.66897553,-0.67533755,-0.9780879,2.1941948,0.44127062,-0.06694782,1.7834114,-0.9603821,1.1099526,0.95823574,-0.11733633,0.26901847,-0.95443,-0.78190666,-0.981792,43
-0.7911136,-1.0533338,-0.8629435,-0.7779522,2.3943355,0.5871972,-0.256202,2.0761979,-1.1345624,0.86784923,1.1354437,-0.005834818,0.03636996,-1.0749239,-0.7669149,-0.6517711,43
-0.79890716,-1.3101735,-0.9520332,-0.54805297,2.4248784,0.77636945,0.19176893,1.8998315,-1.4325291,0.23303299,0.63993907,0.1584174,-0.021164425,-0.81816804,0.016803041,-0.4554002,43
-0.9178166,-2.6685302,-1.9983659,-0.7634275,1.5127788,1.9805177,0.79946494,0.8793584,-1.5641602,-1.5854778,0.7643992,0.4431254,0.07392655,0.76518637,1.9495751,-1.6182089,65
-0.9457388,-0.6491346,-0.910502,-0.8519411,2.668469,0.45092723,-0.0065241978,1.9135268,-1.1943109,0.55302066,0.62498796,0.3134379,-0.059025846,-0.8093773,-0.42969635,-0.5176246,43
-0.65189224,-1.0948818,-1.1729407,-0.6508395,2.3398538,0.8538729,-0.26398733,1.833329,-1.0869635,0.6439279,1.0951514,-0.27952313,0.05210821,-0.9929777,-1.0158228,-0.79719555,43
-0.934147,-0.5323062,-0.8792276,-0.7521523,2.6631968,0.45061794,-0.024826322,1.8889511,-1.1874804,0.56688344,0.5250712,0.31549886,0.048842642,-0.85267615,-0.5759764,-0.2945841,43
-0.60963273,-2.6903915,-1.8520248,-0.8440161,1.3383152,1.7948705,0.61592865,0.92057455,-1.2069705,-1.3082136,1.4206429,0.08375114,0.102005586,0.43783563,1.6778396,-1.7801342,79
-0.78909385,-2.3019898,-1.0343466,-0.96284,2.0040305,1.59232,1.0379202,1.1212676,-1.3429475,-0.81471735,0.20423321,0.14730904,-0.017305039,0.43818158,1.5367194,-1.2870908,79
-0.53211725,-0.94500554,-0.77916837,-1.0184696,2.2153614,0.67608285,-0.081357,1.7256837,-0.84107935,0.99174017,1.1374881,-0.3756447,0.10628587,-0.961941,-0.8920626,-1.2376084,79
-0.7263134,-0.6783421,-0.6521202,-0.9687492,2.1862457,0.46351102,-0.118224904,1.837687,-0.94274986,1.1172621,1.0442983,-0.15515825,0.29694462,-0.99033546,-0.86463434,-0.9790384,43
-0.7759776,-1.0371021,-0.825071,-0.78727925,2.337738,0.6135694,-0.22348133,2.056947,-1.0991707,0.89273775,1.154396,-0.059148863,0.048121456,-1.0769267,-0.76861906,-0.6823095,43
-0.89619756,-1.2562764,-0.93575746,-0.55879104,2.4719574,0.73046994,0.11746831,1.9660536,-1.4472309,0.29146963,0.5970883,0.1648393,0.0029678047,-0.8629109,-0.05568794,-0.38956946,43
-0.88402724,-2.7240112,-1.8759191,-0.74885905,1.4550008,1.9864188,0.84658146,0.8558911,-1.5073228,-1.4932607,0.7922944,0.3190464,0.042744428,0.7554936,1.9159808,-1.6412091,65
-0.964237,-0.65233445,-0.9123487,-0.8824036,2.5739067,0.47944477,-0.011066776,1.8752617,-1.107,0.5782375,0.69663024,0.25153092,-0.011755109,-0.8321895,-0.43179926,-0.5252147,43
-0.6297619,-1.2245018,-1.0825143,-0.65837896,2.3474965,0.85208905,-0.29025397,1.919168,-1.1321456,0.6886992,1.1978705,-0.25938067,0.03085494,-0.9798821,-1.00531,-0.8268612,43
-0.8923361,-0.54561293,-0.8257828,-0.7640513,2.5891125,0.4904665,-0.002018053,1.8410139,-1.1054714,0.5917426,0.6005063,0.22945032,0.047207177,-0.85574406,-0.59139663,-0.35480505,43
-0.62757725,-2.7900662,-1.8113627,-0.865729,1.3719887,1.8115855,0.70574063,0.86377585,-1.2058634,-1.3195115,1.3176094,0.09395936,0.056830816,0.51253825,1.7944759,-1.8097997,79
-0.8735726,-2.2326784,-1.0487878,-0.98030907,2.084273,1.5278382,0.96787655,1.1394228,-1.3549178,-0.8815399,0.2156136,0.30162504,0.06334473,0.46401572,1.5449154,-1.2177284,79
-0.59900606,-0.84047747,-0.74199784,-1.016888,2.2468388,0.63936913,-0.13557844,1.7774074,-0.8673407,0.9480404,1.1273358,-0.27846026,0.20616937,-0.9707867,-0.8922227,-1.1761928,43
-0.72758615,-0.6740177,-0.6275652,-0.9798577,2.198009,0.49089018,-0.14052139,1.8744942,-0.9140202,1.1085836,1.0957751,-0.19849482,0.32962874,-0.99837464,-0.91986847,-0.9916912,43
-0.7581916,-1.072017,-0.7677594,-0.7963481,2.264702,0.63828707,-0.20545906,2.0455935,-1.064325,0.9037474,1.1845756,-0.16069375,0.075773,-1.0795172,-0.78062254,-0.73153543,43
-0.91553235,-1.281222,-0.9135683,-0.57980144,2.4645512,0.7559912,0.07875724,1.9912046,-1.418244,0.33449626,0.6357105,0.12389532,-0.03259197,-0.8519328,-0.123388104,-0.4260511,43
-0.8631252,-2.7630723,-1.7375948,-0.73985,1.4061671,1.9779829,0.91674876,0.8401059,-1.4552715,-1.3966366,0.7832379,0.19590467,0.008173935,0.74102837,1.9104842,-1.6450524,65
-0.9534119,-0.6202984,-0.85736805,-0.8700149,2.5123944,0.4959707,0.0008277744,1.8577567,-1.0951475,0.5628021,0.69794154,0.2541702,0.038947158,-0.8381259,-0.40988106,-0.5119914,43
-0.65484715,-1.2869219,-0.9967523,-0.6927271,2.3665423,0.81270206,-0.27172717,1.9649982,-1.0912367,0.735042,1.2580926,-0.31133378,0.010892004,-0.9801054,-0.9863422,-0.82284707,43
-0.86842716,-0.57379496,-0.7584468,-0.79445183,2.526988,0.5138724,0.048823334,1.7905452,-1.0226169,0.60344905,0.6296502,0.10035482,0.05828377,-0.84917563,-0.57994896,-0.4178914,43
-0.6733136,-2.881578,-1.7804971,-0.88380283,1.4180104,1.8273195,0.79262185,0.8268727,-1.2070786,-1.3414987,1.2112141,0.08515072,0.039528262,0.56927484,1.9064354,-1.806212,65
-0.94405407,-2.1121902,-1.04929,-0.97399795,2.1285589,1.4461017,0.93488353,1.147384,-1.3713584,-0.9175731,0.20785782,0.46126917,0.16327626,0.44927925,1.5914916,-1.1178132,65
-0.6908894,-0.7271761,-0.7273122,-1.0140567,2.3018644,0.5998212,-0.19425406,1.8292239,-0.9021802,0.87113214,1.0760274,-0.17925861,0.2921583,-0.96428865,-0.9020482,-1.097826,43
-0.7623548,-0.6663039,-0.59115976,-0.98908216,2.1892273,0.48549172,-0.13510701,1.8920453,-0.89699507,1.1084871,1.0977333,-0.21409458,0.35878015,-0.99928415,-0.9157617,-0.97940224,43
-0.7567045,-1.1104332,-0.7113784,-0.8011646,2.210266,0.649547,-0.16765562,2.0219715,-1.0228397,0.9084888,1.1822193,-0.26682612,0.08297109,-1.075284,-0.7792927,-0.759015,43
-0.8905256,-1.2443571,-0.8494552,-0.61533916,2.4154034,0.76008105,0.10650162,1.9526076,-1.323079,0.40299994,0.65266806,0.049497634,-0.07813204,-0.8525212,-0.15633094,-0.45228517,79
-0.84331065,-2.7854722,-1.5834923,-0.7539185,1.3860016,1.955223,1.0032264,0.8332788,-1.4016058,-1.2974157,0.74987876,0.085022956,-0.009862728,0.72782874,1.930274,-1.6373298,65
-0.94354284,-0.66594815,-0.78859144,-0.8489858,2.4486594,0.5187943,-0.004518468,1.8477232,-1.0660466,0.5558042,0.7255429,0.17711279,0.07641701,-0.85661525,-0.43789634,-0.51994944,43
-0.688344,-1.2705448,-0.91009074,-0.7289481,2.3526404,0.7658583,-0.236958,1.9689302,-1.0289408,0.77940726,1.2820581,-0.31307644,0.044925466,-1.0050623,-0.9167435,-0.7836352,43
-0.8584893,-0.6105374,-0.6804282,-0.8110603,2.4854152,0.5211412,0.13004427,1.7481282,-0.9736568,0.6198514,0.60218394,-0.013107091,0.041092,-0.8267111,-0.5320687,-0.46396586,43
-0.71378815,-2.9184406,-1.7346411,-0.88059294,1.4391819,1.831668,0.87306124,0.79983455,-1.211112,-1.3325857,1.1128771,0.08394584,0.029039066,0.59488785,1.998133,-1.7753963,65
-0.9776861,-1.9834769,-1.0508726,-0.92506075,2.121284,1.3998084,0.9200961,1.1465192,-1.383238,-0.9410005,0.20865062,0.5323627,0.22866073,0.41342932,1.5924982,-1.0499825,65
-0.79931605,-0.58682656,-0.7087713,-0.98401266,2.3383377,0.5509789,-0.2499409,1.8738774,-0.95267165,0.7765687,0.98577833,-0.054852724,0.3830978,-0.9703001,-0.8914891,-0.9822593,43
-0.7912477,-0.64519584,-0.5443326,-0.9927392,2.203022,0.48353627,-0.103998154,1.9030607,-0.8816385,1.1047018,1.0657023,-0.22219637,0.3739578,-1.0025527,-0.89651746,-0.953935,43
-0.7297752,-1.127498,-0.6602163,-0.7921426,2.172113,0.6753831,-0.11707707,1.986852,-0.99136305,0.9032705,1.1622488,-0.3584902,0.04391245,-1.0469122,-0.78273857,-0.79458666,43
-0.86311966,-1.2121094,-0.77294564,-0.6397986,2.3393147,0.75386643,0.16345386,1.8989377,-1.2357397,0.46214223,0.6482054,-0.04647684,-0.09615349,-0.8626778,-0.15551662,-0.46995768,79
-0.8386636,-2.8008907,-1.4418137,-0.76960677,1.3848121,1.9159635,1.0969559,0.8252367,-1.3505204,-1.2092116,0.6938313,-0.018918663,-0.04047159,0.72084993,1.9620208,-1.6123309,19
-0.90148884,-0.71806204,-0.7348407,-0.82656866,2.3897812,0.55352545,0.009062026,1.8175472,-1.0220088,0.5568734,0.75765395,0.06695309,0.08225689,-0.8613285,-0.47915664,-0.54918426,43
-0.70773095,-1.2476512,-0.82615554,-0.75394416,2.336468,0.71571636,-0.18624295,1.9739048,-0.9913397,0.8225544,1.2786429,-0.3279488,0.06750029,-1.0270259,-0.8532558,-0.7605761,43
-0.8330832,-0.6378901,-0.6125346,-0.83383775,2.4622302,0.549767,0.2233409,1.7036929,-0.9225954,0.643161,0.56380665,-0.14568065,-0.0126504,-0.7922812,-0.502909,-0.54006803,79
-0.7213977,-2.916587,-1.6665294,-0.84486604,1.433,1.8442422,0.951148,0.78527474,-1.2284857,-1.3215469,1.0173174,0.052112192,-0.0062674507,0.61614734,2.0439138,-1.7562168,65
-1.0144253,-1.8936304,-1.0329692,-0.8519243,2.0660663,1.3557782,0.9292492,1.1626103,-1.3967521,-0.9554756,0.21190402,0.47321776,0.3030892,0.34895504,1.5812329,-1.0031282,65
-0.85083723,-0.4725161,-0.7041647,-0.9353785,2.3527038,0.54833186,-0.2992221,1.9123784,-0.996163,0.67219937,0.92961454,0.0007761419,0.4301319,-0.96288097,-0.9218329,-0.90521204,43
-0.80280256,-0.64405906,-0.5070912,-0.99817556,2.2149255,0.4997705,-0.06413275,1.9176921,-0.8733393,1.0973368,1.0389255,-0.25123978,0.36794916,-0.999905,-0.87434894,-0.94619614,43
-0.71432835,-1.1380606,-0.6034791,-0.78590226,2.1378155,0.6998353,-0.055346426,1.9569255,-0.97041404,0.8989782,1.1134971,-0.44920546,0.02997864,-1.027915,-0.7668111,-0.81833404,79
-0.80831605,-1.2426573,-0.7008189,-0.63118416,2.2428002,0.78145075,0.20632796,1.8476396,-1.16646,0.49080163,0.6710298,-0.1922743,-0.13833213,-0.85310394,-0.19541964,-0.52460706,79
-0.85040516,-2.7924194,-1.3259583,-0.7960874,1.4067322,1.8669401,1.1916474,0.8156637,-1.3028733,-1.140172,0.6165681,-0.11791681,-0.08800805,0.72712606,1.9943638,-1.5888534,19
-0.82372177,-0.7331575,-0.7012431,-0.80724585,2.4158676,0.5752734,0.08838449,1.7532905,-0.901665,0.4635133,0.79898524,0.035111845,-0.06885787,-0.82944167,-0.42115024,-0.46290562,43
-0.6956514,-1.2831253,-0.77508336,-0.7872627,2.3205938,0.7120371,-0.14223091,1.9831351,-0.93882895,0.8538647,1.3095858,-0.44630295,0.051510386,-1.027702,-0.8550878,-0.80209005,43
-0.8344757,-0.6794099,-0.5396127,-0.88160706,2.4063895,0.5623454,0.32757393,1.6722987,-0.8839817,0.69044423,0.5133499,-0.29947352,-0.03991723,-0.7703175,-0.43636444,-0.62483466,79
-0.7062599,-2.8718638,-1.5953615,-0.8011806,1.4017106,1.8497106,1.0303627,0.76312524,-1.2370645,-1.3054813,0.93423927,-0.011077642,-0.06075322,0.6311376,2.0570283,-1.74928,19
-1.0214947,-1.830072,-1.0183809,-0.76986516,1.9661946,1.3858525,0.93765694,1.1575494,-1.4002507,-0.95528656,0.22100633,0.36425355,0.32514802,0.2962584,1.5376999,-1.0181711,65
-0.8661573,-0.4369433,-0.7109009,-0.84828246,2.3240182,0.5884987,-0.32732233,1.9488629,-1.0737406,0.55491686,0.9066605,0.019431084,0.446386,-0.93880564,-0.93628764,-0.8570479,43
-0.8235899,-0.6680621,-0.4675774,-1.0185612,2.2193274,0.5016457,-0.0028014965,1.9261006,-0.85568905,1.1027575,1.0024431,-0.31399602,0.36270264,-0.990527,-0.82747304,-0.9421482,43
-0.741649,-1.1426562,-0.5544699,-0.8038385,2.1197581,0.7040719,0.030081967,1.9265038,-0.9467472,0.89413893,1.0270343,-0.54402274,0.041772675,-1.013494,-0.70509195,-0.828335,79
-0.7609499,-1.2823093,-0.61788553,-0.605372,2.1455414,0.79587746,0.26543674,1.7801425,-1.0970265,0.5152527,0.6729331,-0.33353007,-0.18202743,-0.83848715,-0.21989611,-0.5618746,79
-0.9065414,-2.78461,-1.2279544,-0.8421996,1.4476738,1.7950503,1.2900186,0.82984924,-1.2634157,-1.0659401,0.5260461,-0.24260803,-0.1362192,0.7306033,2.018634,-1.5673423,19
-0.7517256,-0.7608578,-0.63261914,-0.75639975,2.4267983,0.5618485,0.15570495,1.6933632,-0.7668948,0.4153731,0.8852032,0.0524787,-0.24231657,-0.83259046,-0.3343468,-0.319619,79
-0.6711317,-1.3078766,-0.7321447,-0.7623731,2.2527347,0.73241436,-0.08611873,1.9630308,-0.9275603,0.8627515,1.304171,-0.5124867,0.0116607845,-1.0268116,-0.8232525,-0.8276078,43
-0.8491795,-0.76989603,-0.47382987,-0.93140453,2.3380833,0.5615877,0.45176986,1.6391966,-0.85212135,0.74666935,0.4678469,-0.473175,-0.12428368,-0.7202312,-0.34535998,-0.73184174,79
-0.65954405,-2.782125,-1.5207062,-0.7495675,1.360373,1.8515099,1.1106071,0.73874664,-1.2437892,-1.2911774,0.8579958,-0.09938684,-0.15129465,0.6517155,2.0343237,-1.7489605,19
-1.0489612,-1.7553183,-0.98944396,-0.71662253,1.8834249,1.3980321,0.96998864,1.1418297,-1.3894744,-0.9211027,0.18903562,0.22360519,0.29501438,0.25873774,1.4950488,-1.0444572,65
-0.84461176,-0.47581047,-0.7331196,-0.7564863,2.264462,0.6771686,-0.30986872,1.9630536,-1.1611633,0.4332809,0.9287289,0.025947005,0.43381122,-0.885424,-0.89383745,-0.8604542,43
-0.8201165,-0.7212304,-0.40283757,-1.0475974,2.2167172,0.5045241,0.07731891,1.9331224,-0.8398644,1.1224446,0.9541999,-0.4064305,0.36080205,-0.9711776,-0.7632612,-0.9565878,79
-0.73850745,-1.1474545,-0.51436085,-0.8030548,2.0893698,0.7199918,0.12843478,1.8809407,-0.9322014,0.88236976,0.9433651,-0.6468099,-0.0032738522,-0.972831,-0.6478302,-0.8638188,79
-0.7139348,-1.3033497,-0.53552556,-0.6024647,2.0843866,0.8086207,0.3475926,1.7111976,-1.031911,0.52469045,0.6412928,-0.45398134,-0.20746756,-0.8147637,-0.20606488,-0.5871067,79
-1.0002002,-2.7730465,-1.0796461,-0.89653003,1.493187,1.6690011,1.4038808,0.87650883,-1.2316389,-0.956101,0.39294344,-0.41480818,-0.17090523,0.72384465,2.0293102,-1.5239067,19
-0.5944456,-0.7277669,-0.52684754,-0.7528502,2.4381099,0.53871524,0.2501265,1.6466858,-0.6644888,0.36397916,0.9601486,0.07292771,-0.37903345,-0.8091905,-0.22624367,-0.25202426,79
-0.6343093,-1.3139452,-0.6845453,-0.74938536,2.1930003,0.7420112,0.0012352243,1.9401765,-0.9402946,0.8346583,1.264884,-0.60155255,-0.03170502,-0.9874664,-0.7636861,-0.881318,79
-0.84804934,-0.8921814,-0.36067343,-0.9819279,2.2800226,0.5671531,0.6011583,1.6298032,-0.83663654,0.79282904,0.38879538,-0.70257294,-0.2027497,-0.6452234,-0.25157636,-0.85838413,79
-0.6004648,-2.6748133,-1.4579947,-0.69623226,1.3145713,1.8345433,1.1847789,0.7102405,-1.2341838,-1.270852,0.78914976,-0.24772723,-0.29737172,0.67005235,1.9659326,-1.7549024,65
-1.0718262,-1.6965036,-0.95405644,-0.6891075,1.8098524,1.3967927,1.0235671,1.1128325,-1.3516326,-0.88171124,0.14094228,0.022574902,0.21785834,0.2342145,1.4463197,-1.0777342,79
-0.80409616,-0.5536828,-0.74475896,-0.71045625,2.182264,0.78771794,-0.24655756,1.9575927,-1.2227126,0.3454482,0.9728049,-0.016003639,0.42420703,-0.81987435,-0.80624366,-0.93482226,43
-0.8168225,-0.8385587,-0.35265297,-1.0720625,2.2024527,0.53082883,0.17563994,1.9326481,-0.8139944,1.160528,0.9070194,-0.56309766,0.3311983,-0.94505876,-0.7171335,-1.0035151,79
-0.73881924,-1.159126,-0.47002792,-0.81409705,2.0377913,0.73058295,0.23910353,1.8312384,-0.89585316,0.88172823,0.8496569,-0.8327025,-0.03547895,-0.9388665,-0.6126569,-0.9213292,79
-0.69307935,-1.3287613,-0.46902966,-0.6044687,2.033067,0.8214444,0.43347305,1.65242,-0.9873607,0.5418223,0.5939958,-0.55331457,-0.23922184,-0.7820577,-0.16961655,-0.6099118,79
-1.1179435,-2.7735448,-0.8395338,-0.9620467,1.5534153,1.475762,1.5695925,0.96646976,-1.2129655,-0.7694614,0.19702461,-0.67715037,-0.15882519,0.69592816,2.0433598,-1.4710925,79
-0.44861728,-0.6737741,-0.4305128,-0.7664714,2.3925662,0.438643,0.3256008,1.5938185,-0.59018075,0.3820178,1.0623562,0.13970256,-0.52334064,-0.7967899,-0.09305201,-0.19799535,105
-0.60154617,-1.3407562,-0.64761686,-0.7743656,2.1126516,0.7418556,0.09685947,1.9080368,-0.9469615,0.79382485,1.2406254,-0.71400476,-0.0755055,-0.91643304,-0.6720309,-0.9708093,79
-0.5898235,-0.99560416,-0.36928087,-0.8506868,2.1548011,0.7969314,0.91522104,1.5611069,-0.8749466,0.43998468,0.41202092,-0.8271085,-0.6386508,-0.37913257,-0.013541423,-0.94371015,79
-0.54228973,-2.5031264,-1.3874552,-0.6599798,1.3593332,1.7568451,1.2712389,0.68714654,-1.1519794,-1.2961867,0.6891819,-0.41525614,-0.59580964,0.6896482,1.8310627,-1.6907055,65
-1.0029266,-1.6628563,-0.8854783,-0.6834861,1.7455542,1.419518,1.1021762,1.0824628,-1.291258,-0.8374695,0.107688114,-0.24419193,0.08114355,0.24348576,1.3659419,-1.154231,79
-0.78916335,-0.6596763,-0.689092,-0.70304865,2.1056137,0.8486984,-0.1632863,1.9817208,-1.2665845,0.3559559,0.99151057,-0.1275475,0.43458852,-0.80385906,-0.72035944,-1.026992,43
-0.739392,-0.8854518,-0.35456967,-1.0910783,2.188282,0.5515748,0.21458475,1.9534878,-0.78411245,1.1766609,0.96930265,-0.67335975,0.122765526,-0.9435903,-0.7565265,-1.1258171,79
-0.7578248,-1.1917788,-0.3852896,-0.84598297,1.9713773,0.7335824,0.37849796,1.795253,-0.8607409,0.9067242,0.71902937,-1.0738921,-0.026306406,-0.9076869,-0.55334383,-0.9939642,79
-0.71204627,-1.3348927,-0.38646936,-0.6149686,1.9949033,0.80163515,0.52964705,1.6030396,-0.9552711,0.57579255,0.50806504,-0.63251185,-0.24854207,-0.7567298,-0.09673678,-0.6176245,79
-1.0255044,-2.6337266,-0.7924652,-0.9136622,1.6119683,1.3950723,1.6539276,1.1061211,-1.281409,-0.66089165,0.21014842,-0.78140354,-0.33749783,0.57517457,1.908507,-1.4744732,36
-0.38671738,-0.62498003,-0.3252299,-0.8011924,2.359357,0.2890909,0.3941382,1.5498914,-0.49849162,0.44141597,1.1382654,0.1703631,-0.6387708,-0.8040715,0.04298112,-0.120308936,105
-0.6019377,-1.2981122,-0.60174406,-0.8048388,2.0340977,0.75873435,0.21377921,1.8204913,-0.9430227,0.75389147,1.1175416,-0.7367569,-0.12680575,-0.82679915,-0.5277177,-1.0254049,79
-0.5600095,-1.1274875,-0.63864374,-0.8074577,2.040365,1.020946,1.0299482,1.4667853,-0.90498435,0.21699849,0.58124423,-0.809103,-0.7165969,-0.26850665,0.25304037,-1.0794724,79
-0.53571045,-2.4448504,-1.3213973,-0.66096026,1.391316,1.7096413,1.3290226,0.7113919,-1.1250988,-1.2922436,0.6025324,-0.6291248,-0.7843991,0.7001403,1.7357172,-1.7285538,65
-0.87974584,-1.6952649,-0.7536988,-0.69134325,1.6890596,1.4352041,1.2204075,1.1028192,-1.2457459,-0.7117377,0.09640345,-0.57545567,-0.102517955,0.2318181,1.2793711,-1.2893083,79
-0.7995393,-0.80438924,-0.5715849,-0.75516725,2.0720246,0.8556467,-0.06633073,2.0471132,-1.2714661,0.47061014,1.0054331,-0.3051176,0.43078265,-0.81048256,-0.6603133,-1.1508732,43
-0.61233735,-0.73721457,-0.42823595,-0.9874709,2.1847835,0.52990127,0.21278834,1.9690415,-0.8088168,1.1832943,1.0692879,-0.63298947,-0.029587261,-1.0268363,-0.8223383,-1.0645447,79
-0.77930486,-1.2297775,-0.2924495,-0.89608085,1.9225309,0.72847784,0.53377557,1.7555664,-0.80737865,0.9825288,0.57812405,-1.3252914,-0.026015453,-0.87388414,-0.50989264,-1.0895727,79
-0.73710996,-1.3207283,-0.3055765,-0.65169364,1.9700099,0.76710725,0.6162894,1.5757476,-0.9326258,0.6194548,0.41504925,-0.7341435,-0.25179386,-0.7377968,-0.038641088,-0.64415413,79
-0.94570243,-2.1825995,-0.8021356,-0.6783713,1.6965338,1.227084,1.5618016,1.2849436,-1.4777973,-0.44945657,0.15823707,-0.6556415,-0.2424103,0.31857878,1.5588475,-1.2033501,79
-0.4146725,-0.6104775,-0.20529673,-0.83800006,2.3342578,0.19799402,0.41310588,1.5854768,-0.44542217,0.48976117,1.2222614,0.20763135,-0.6112715,-0.8377219,0.17611101,-0.0018881708,105
-0.4216726,-1.2251662,-0.75603634,-0.76550424,1.8210579,0.9752871,0.49440172,1.5708413,-0.897292,0.4218824,1.1535751,-0.5745701,-0.43686423,-0.55761975,-0.14698774,-1.0245217,79
-0.49799204,-1.344731,-1.0047648,-0.7822175,1.7473937,1.3129882,1.0464258,1.2854552,-0.9719355,-0.13876486,0.9233188,-0.6150031,-0.47437188,-0.07226412,0.67210376,-1.280236,79
-0.45910656,-2.5224066,-1.3295264,-0.593182,1.339056,1.8999628,1.4663343,0.74679226,-1.2301896,-1.4414251,0.6109777,-0.7128825,-1.0055822,0.8532545,1.784892,-1.8822479,65
-0.8010652,-1.6704478,-0.52372587,-0.71190447,1.6682916,1.3476897,1.3144758,1.1893051,-1.2059839,-0.44024962,0.07337603,-0.81401896,-0.14791211,0.109372914,1.1760089,-1.3258898,79
-0.7782648,-0.84513366,-0.46340996,-0.81610864,2.058189,0.8408544,0.010526206,2.1102474,-1.2156469,0.64031255,1.0545989,-0.4812526,0.44407484,-0.88400203,-0.6778587,-1.254525,43
-0.59215736,-0.69017774,-0.5554883,-0.9686938,2.1347272,0.59434915,0.16079527,1.8932922,-0.8040739,1.0905325,1.1409858,-0.54341304,-0.033805594,-0.96444213,-0.82644576,-1.1153927,79
-0.8927684,-1.1501151,-0.28135368,-0.9584574,1.9085802,0.66562855,0.6018137,1.7048926,-0.71406424,1.1188778,0.50569993,-1.4043777,0.15359358,-0.91620713,-0.49998894,-1.0783275,79
-0.79453886,-1.2825606,-0.2745234,-0.68106234,1.9411085,0.7184262,0.7007147,1.5420141,-0.9174675,0.64532405,0.31464514,-0.8497739,-0.28296998,-0.7122065,0.004851654,-0.6732441,79
-0.8732566,-1.6383728,-0.8340843,-0.6198816,1.824805,1.1668673,1.3963138,1.3042909,-1.3693004,-0.20682038,0.06408791,-0.7625172,-0.31601366,0.17601095,0.9024201,-1.1340764,79
-0.48104775,-0.38013878,-0.4863572,-0.7328547,2.454419,0.4746671,0.38437265,1.5674145,-0.45121968,0.23471247,1.3328097,0.4493228,-0.42787018,-0.8132155,0.109462045,0.06822732,105
-0.4109382,-1.3586757,-1.0369759,-0.76343524,1.63138,1.1815426,0.6261586,1.4301373,-0.94743085,0.16134751,1.35778,-0.4455318,-0.5261677,-0.37450123,0.2456212,-1.1576691,79
-0.6304234,-1.8138362,-1.5260797,-0.8855423,1.5620203,1.6868176,0.9470689,1.1802901,-1.2112068,-0.6391907,1.2558488,-0.17353286,-0.25456023,0.38223702,1.1482515,-1.7348318,79
-0.5263551,-2.682223,-1.2680764,-0.71876454,1.3301548,1.9381677,1.5134954,0.81814694,-1.2986792,-1.4182572,0.65217733,-0.7037517,-1.0910528,0.9864909,1.885382,-2.1127577,65
-0.60913295,-1.2914573,-0.383016,-0.7122414,1.7054186,1.2502583,1.321354,1.2079058,-1.0491573,-0.12891714,0.12166865,-0.84868205,-0.38874516,-0.05232047,0.7785337,-1.3488066,36
-0.74872255,-0.7850387,-0.5116214,-0.895029,2.0291517,0.83376944,0.0068049394,2.1084576,-1.1669453,0.7263551,1.1676533,-0.49857214,0.33511522,-0.87605494,-0.7472839,-1.4595649,43
-0.6429113,-0.7965027,-0.7018085,-0.97288674,2.1117878,0.69473267,0.06477422,1.929567,-0.9536936,0.9219955,1.2513473,-0.3279842,0.10194367,-0.8375494,-0.70974207,-1.1625404,43
-1.0419706,-0.83266246,-0.4030403,-1.0243506,1.8175005,0.5406761,0.58717316,1.5346562,-0.57043165,1.2019916,0.52832425,-1.2164652,0.52535176,-0.9698681,-0.43474308,-0.98080254,79
-0.8621019,-1.2205336,-0.26030698,-0.695834,1.8947253,0.68769956,0.7795922,1.5166439,-0.9057323,0.63376355,0.20302135,-1.0445265,-0.27581403,-0.6790153,-0.001574412,-0.7249905,79
-0.8436997,-1.2096024,-0.76036733,-0.6270947,1.9435089,1.0399997,1.2406392,1.3661393,-1.3110019,0.10435813,-0.0092942715,-0.7228019,-0.36299163,0.04956977,0.4260624,-1.0637932,79
-0.51127595,-0.028181776,-0.6809979,-0.58682317,2.5536888,0.4307421,0.27791277,1.5174366,-0.3318888,0.053929113,1.2740492,0.30848065,-0.49855182,-0.88688636,-0.17798749,0.28981045,105
-0.4352175,-1.6128671,-1.4278271,-0.75508785,1.4732486,1.4573236,0.6165829,1.3285984,-1.0615797,-0.18165903,1.6925755,-0.22998273,-0.49685225,-0.12344998,0.5749564,-1.363229,79
-0.8565458,-2.1925197,-1.7963066,-0.9718244,1.4666601,1.8761503,0.83794856,1.1970216,-1.4801118,-0.9650547,1.422405,0.25417712,0.14343,0.6139219,1.6122442,-1.9142025,79
-0.58372784,-2.642488,-1.0856862,-0.7143882,1.4011887,1.7889165,1.523914,1.0175251,-1.4557483,-1.3151977,0.6020589,-0.6018796,-0.9248901,0.9012737,1.9498304,-1.9090631,65
-0.6624021,-1.2510223,-0.39789772,-0.69232506,1.7237009,1.2388932,1.1848764,1.3826417,-1.1789837,-0.066539675,0.2769733,-0.688767,-0.39435306,0.026806667,0.6150036,-1.4102745,79
-0.74688745,-0.75171417,-0.5823095,-0.8992738,1.9601433,0.8978125,-0.067016765,2.116059,-1.2065142,0.6850177,1.3109225,-0.383955,0.42893612,-0.81969714,-0.7347596,-1.5550497,43
-0.68875945,-0.80677605,-0.74360234,-0.95909005,2.2259989,0.6614989,-0.032676455,2.0927806,-1.1180582,0.9316298,1.2764857,-0.17035183,0.221982,-0.8570902,-0.74809146,-1.0638521,43
-1.1116266,-0.45961356,-0.59363073,-1.0865285,1.6466799,0.47256592,0.589498,1.2722875,-0.39620447,1.1103729,0.5877416,-0.99395263,0.87753594,-0.95572454,-0.2834011,-0.9542381,79
-0.95296246,-1.1748261,-0.21847302,-0.72629166,1.8554392,0.68410623,0.8661692,1.5300375,-0.8879167,0.6334484,0.076829895,-1.3300207,-0.19308677,-0.650211,-0.050085805,-0.80655426,79
-0.82354474,-0.79957306,-0.66388524,-0.56931317,2.072302,0.8719629,1.1562526,1.4284023,-1.2763548,0.39562654,-0.1433878,-0.61389565,-0.27973288,-0.22736494,0.13533235,-0.81619376,79
-0.45166448,0.23951569,-0.530222,-0.508192,2.8259563,0.19850388,0.17885688,1.5745249,-0.13175,0.23423472,1.1428604,0.16272333,-0.7617045,-0.9965733,-0.61373615,0.6374253,105
-0.49540827,-1.7409269,-1.7453852,-0.7502047,1.2871975,1.6757997,0.55908567,1.1578196,-1.1166469,-0.5229884,1.8863301,-0.016193599,-0.22726753,0.07373987,0.8691424,-1.5241857,43
-1.0562117,-2.2635808,-1.9626241,-0.9674466,1.5417658,1.871282,0.8241765,1.2399195,-1.6443,-1.1073375,1.3573048,0.45113155,0.28806725,0.644101,1.8229982,-1.8665121,65
-0.7291741,-2.0378938,-1.1216989,-0.64040613,1.6211009,1.4828585,1.3029056,1.1931194,-1.5381545,-1.2380806,0.47513682,-0.38692003,-0.82221544,0.70640385,1.5684128,-1.4256179,65
-0.756942,-1.1585994,-0.54620564,-0.66839606,1.8078172,1.27071,1.0305213,1.5758986,-1.4322709,-0.23453178,0.45104688,-0.26051587,-0.21638358,0.13040368,0.6694782,-1.3522074,79
-0.6702003,-0.6489326,-0.6110923,-0.8761625,1.9542843,0.8899344,-0.12844585,2.1317198,-1.2698528,0.6786626,1.422864,-0.1410297,0.49243677,-0.7471481,-0.7444554,-1.494858,43
-0.7001045,-0.70675135,-0.7730604,-0.9603375,2.3160982,0.5767443,-0.20187593,2.2188344,-1.2753565,0.9172204,1.3053433,0.0823358,0.23259863,-0.859231,-0.8125375,-0.94752085,43
-1.1048408,-0.1101466,-0.86805576,-1.0999026,1.4724255,0.5354227,0.60131943,0.95627165,-0.21463719,0.85243285,0.6402329,-0.797274,1.1566035,-0.87810564,-0.13394043,-0.9601138,42
-1.07934,-0.9329349,-0.19516245,-0.78240806,1.8742461,0.58518744,0.8903002,1.5443801,-0.83046746,0.7362774,-0.03973952,-1.4796948,0.032646537,-0.7119763,-0.17578584,-0.79628193,79
-0.92341405,-0.65257597,-0.70228094,-0.57963324,2.1514022,0.71980536,0.87464106,1.6471226,-1.5010163,0.43454504,-0.068600416,-0.26298437,-0.19228137,-0.34970957,0.024205647,-0.6534486,79
-0.41413274,0.3575479,-0.30065456,-0.48664287,3.069032,-0.0064357817,0.23865573,1.6460971,-0.04654832,0.3695835,0.8443507,0.061216503,-0.97141093,-1.0652691,-0.7697419,0.91826504,105
-0.6617722,-1.8705641,-1.7962859,-0.6700631,1.0481815,1.8354884,0.56716263,1.0880309,-1.2954289,-0.80720675,1.8587787,0.17516914,0.19153689,0.17082627,1.2638291,-1.6278179,43
-1.0356202,-2.0875878,-1.9456615,-0.8533168,1.5812011,1.8225924,0.7849751,1.2886138,-1.6979091,-1.1291497,1.2623086,0.47016647,0.2912772,0.5032274,1.7226106,-1.7251642,65
-0.81219757,-1.7418803,-1.2235827,-0.5495783,1.71105,1.406304,1.062596,1.339592,-1.5993545,-1.1624686,0.52024466,-0.30635566,-0.7900692,0.53628844,1.1801611,-1.1785443,65
-0.79632485,-0.9148545,-0.6429647,-0.64392495,2.0311465,1.0945431,0.849257,1.797505,-1.5397257,-0.08886932,0.5244439,-0.107345805,-0.23848334,0.030584268,0.3241039,-1.1336507,79
-0.63433415,-0.49957007,-0.6138156,-0.83712447,2.0394313,0.7605108,-0.1608167,2.2157812,-1.3078672,0.7600671,1.4170125,-0.09172642,0.4794478,-0.81608,-0.8623379,-1.2995212,43
-0.7031236,-0.6009582,-0.8126486,-0.90412605,2.357819,0.5556916,-0.24114925,2.210894,-1.2896737,0.8681967,1.2839961,0.16879204,0.23340836,-0.8734336,-0.846286,-0.83925766,43
-0.8025503,0.42396238,-0.9216587,-1.0889056,1.4918797,0.42735156,0.6705894,0.7176902,-0.020922124,0.9802134,0.5510055,-0.7047827,0.74392945,-0.93214774,-0.43861994,-1.0164676,42
-0.8716944,-0.9108757,-0.48759282,-0.6069209,1.8953938,0.86240494,0.8790733,1.7165673,-1.111593,0.635378,0.28804517,-1.1187427,-0.15883023,-0.7159425,-0.22507411,-0.9153939,79
-1.0379217,-0.6248364,-0.8467499,-0.54220265,2.2184265,0.71025157,0.71725804,1.732787,-1.5953522,0.35626346,0.00693202,-0.11752455,-0.07260641,-0.40703338,-0.03995786,-0.57895565,79
-0.3085615,0.46444872,-0.1282703,-0.5649923,3.0386398,-0.15681246,0.23209147,1.664036,-0.09217768,0.41531092,0.6872268,0.1092751,-0.97983795,-1.0902122,-0.7394468,0.9541362,105
-0.72102153,-1.485352,-1.6399031,-0.45585304,0.84414685,1.5463295,0.63243103,1.0879058,-1.3814237,-0.82737297,1.651822,0.05771339,0.39212757,-0.030659162,1.325411,-1.3441439,43
-1.065223,-2.1131916,-2.036913,-0.8136873,1.5637963,1.8724407,0.6953566,1.3393,-1.7760266,-1.194269,1.307896,0.5258728,0.33615515,0.46923405,1.6811128,-1.7265153,65
-0.8676226,-1.5489486,-1.2126195,-0.46878934,1.7729396,1.2607388,0.94310164,1.4466918,-1.613884,-1.0125368,0.52597094,-0.30029538,-0.7745623,0.34178102,0.9377383,-0.9581806,65
-0.8198443,-0.85747874,-0.6739454,-0.59637016,2.1343052,0.9576602,0.6373695,2.008518,-1.6239839,0.13460436,0.6300398,-0.07777342,-0.16446,-0.22022764,0.009512745,-0.9610783,79
-0.5800886,-0.5563673,-0.5628593,-0.85014296,2.0995278,0.7011559,-0.281809,2.3794425,-1.3959106,0.82683605,1.5203065,-0.0078852475,0.43936777,-0.843511,-0.95656705,-1.2128417,43
-0.7292426,-0.59789574,-0.89077836,-0.87993526,2.3874125,0.5732397,-0.2907697,2.2186291,-1.296172,0.8101868,1.3016208,0.16127163,0.20427471,-0.85986966,-0.9068478,-0.8031521,43
-0.80717814,0.090940475,-0.7811307,-1.047145,1.4237843,0.5250932,0.7093649,0.9555223,-0.3907588,0.99995655,0.623867,-0.44798887,0.7548545,-0.73575485,-0.20898479,-1.1376616,56
-0.8217536,-0.7372249,-0.55285114,-0.65304494,1.9640017,0.76143754,0.7687749,1.7858526,-1.1844687,0.8084852,0.37990937,-0.90580344,-0.14964917,-0.66098964,-0.4272497,-0.91627455,79
-1.090133,-0.61521196,-0.9660016,-0.5162193,2.2908044,0.73444307,0.5964895,1.7969356,-1.6371748,0.27795196,0.08766779,-0.061174974,0.014867291,-0.4745716,-0.12338819,-0.52115285,79
-0.22337621,0.4903966,0.005389914,-0.61450267,2.94577,-0.33594623,0.2377404,1.6809796,-0.1660244,0.40893978,0.63684523,0.17977482,-1.000333,-1.078934,-0.6292344,0.99423724,105
-0.6035845,-1.1118028,-1.502058,-0.22247417,0.7545836,1.3573188,0.6307668,1.1469786,-1.4102025,-0.7600007,1.5465469,-0.12814307,0.33654776,-0.25066262,1.0682523,-1.0699296,43
-1.1243033,-2.1277072,-2.1437685,-0.8042522,1.5387317,1.9097115,0.6209119,1.3428365,-1.7972854,-1.2954165,1.357194,0.53723586,0.3925347,0.48009843,1.6530932,-1.7324123,65
-0.97793,-1.5688701,-1.2541182,-0.4928888,1.794989,1.1508088,0.8145951,1.5676126,-1.6701618,-0.92843,0.58879423,-0.3112931,-0.7136204,0.21736284,0.8418863,-0.89891344,65
-0.89932746,-0.80504584,-0.7302895,-0.55545235,2.2445092,0.82997715,0.37673378,2.2258422,-1.7496365,0.275164,0.736006,0.016223311,-0.11518782,-0.4269446,-0.25439137,-0.81737185,43
-0.5806445,-0.55837595,-0.55155045,-0.87057453,2.1674232,0.63299036,-0.44811428,2.5261965,-1.4062785,0.92796606,1.6328347,-0.018626034,0.36051697,-0.90875393,-1.1711922,-1.1422946,43
-0.7708697,-0.6694013,-0.9789584,-0.89018095,2.394966,0.6150012,-0.336329,2.243861,-1.2867793,0.7634789,1.3605627,0.08377001,0.18311971,-0.8460212,-0.96060336,-0.8101809,43
-0.9029892,0.012635261,-0.8148401,-1.1775216,1.6276736,0.3941776,0.70113045,1.1034031,-0.43116155,1.178456,0.6981226,-0.37793857,0.58685446,-0.6723905,-0.27668324,-1.1673524,79
-0.8160606,-0.6263255,-0.63894886,-0.7172607,2.0256064,0.76417625,0.63927996,1.8250148,-1.2207482,0.8349104,0.45320445,-0.708249,-0.07549261,-0.5684007,-0.557448,-0.9365216,79
-1.0884438,-0.5581484,-1.0529449,-0.5112556,2.3365653,0.7503617,0.50771457,1.7994901,-1.6263936,0.18256626,0.13657081,-0.02315414,0.064889774,-0.51153463,-0.1943863,-0.4653765,43
-0.2122471,0.43940154,0.11901722,-0.6718189,2.8270802,-0.45825613,0.26292232,1.7034608,-0.1514732,0.5122165,0.6113728,0.023627192,-0.9923485,-1.1384159,-0.61460584,0.9722801,105
-0.5642856,-1.0591751,-1.4969249,-0.110507965,0.70647687,1.3336778,0.63119704,1.20302,-1.4623891,-0.7713867,1.5861987,-0.19228768,0.29971254,-0.32822353,1.0176289,-0.9981878,43
-1.1404119,-2.246592,-2.238411,-0.81113636,1.5154011,1.9844774,0.5892035,1.3401138,-1.7621557,-1.3326284,1.4386592,0.4460931,0.4059859,0.4678446,1.621099,-1.7647157,65
-1.1432917,-1.6690052,-1.3407035,-0.579195,1.8115648,1.0756482,0.7195522,1.6393236,-1.7230301,-0.9569214,0.62807417,-0.319092,-0.621957,0.23385505,0.8539716,-0.94290704,43
-0.9431508,-0.802773,-0.80359304,-0.5245563,2.241234,0.7532182,0.2341129,2.281427,-1.76727,0.3529439,0.8362588,0.06325194,-0.04749068,-0.54024136,-0.3742092,-0.7394311,43
-0.6483698,-0.64916515,-0.63101894,-0.8787985,2.1588333,0.6541016,-0.47863096,2.5559695,-1.3785441,0.9197782,1.7166106,-0.06375784,0.4037424,-0.92451584,-1.182043,-1.1157694,43
-0.8026151,-0.77401793,-1.0131991,-0.88478804,2.3981917,0.6352786,-0.3430373,2.2684977,-1.2759666,0.75678694,1.4025244,0.006722182,0.18691197,-0.87419057,-0.96457386,-0.78429496,43
-0.9069093,-0.16457129,-0.9720121,-1.0939848,1.6539466,0.533826,0.6702609,1.216233,-0.61744475,0.9535997,0.84268385,-0.24359548,0.6212387,-0.6581831,-0.106138684,-1.1479772,43
-0.87721354,-0.6368716,-0.75690705,-0.7833432,2.1268244,0.76351726,0.51726377,1.8959246,-1.2995213,0.77920914,0.5392186,-0.44375128,0.019650925,-0.4887749,-0.52457935,-0.90798926,79
-1.0536137,-0.51728916,-1.1209342,-0.5206403,2.3513603,0.7497382,0.44233605,1.7609959,-1.569584,0.12067859,0.18821374,-0.024745375,0.094376415,-0.54971516,-0.252239,-0.42877683,43
-0.24353932,0.3196868,0.21540728,-0.6971573,2.7441008,-0.5299442,0.35772178,1.6912458,-0.10425753,0.6044455,0.55736256,-0.16484573,-0.9712507,-1.174464,-0.54759353,0.9734518,105
-0.57426274,-1.1929941,-1.5401962,-0.10439196,0.651589,1.363164,0.6787229,1.1901611,-1.4619511,-0.7853132,1.6853216,-0.21880572,0.23465231,-0.31029344,1.1419058,-1.07624,43
-1.137825,-2.344237,-2.2914891,-0.8412165,1.5138782,2.0014715,0.5871409,1.3084428,-1.702605,-1.3357867,1.4917109,0.38491026,0.379586,0.4688018,1.6305838,-1.7810555,65
-1.2430189,-1.830546,-1.3934245,-0.68909353,1.8473989,0.9976671,0.65310055,1.6671019,-1.716767,-0.9284982,0.7181012,-0.2692965,-0.5885609,0.29833943,0.9247261,-1.0113237,43
-0.9636805,-0.7958164,-0.8546867,-0.54447776,2.2663925,0.6605679,0.12838265,2.3078105,-1.7337139,0.44311547,0.92921156,0.08955452,-0.030279934,-0.6315169,-0.4623085,-0.6966853,43
-0.7373336,-0.7657181,-0.7454731,-0.91109896,2.1573186,0.6608738,-0.5232853,2.5984914,-1.3652513,0.92912626,1.81753,-0.12155439,0.4345088,-0.93010604,-1.1966232,-1.1148744,43
-0.8332972,-0.8864193,-1.0661418,-0.9083483,2.3984544,0.6267837,-0.35341176,2.2705195,-1.2424636,0.76342595,1.4593841,-0.07382095,0.14227767,-0.8726154,-0.9645767,-0.79018325,43
-0.9012886,-0.3086611,-1.0986567,-0.9464682,1.5954199,0.697343,0.58231604,1.3221909,-0.7611911,0.8091571,1.0136023,-0.15752847,0.80161566,-0.7737712,-0.05909758,-1.1209795,43
-0.8762483,-0.66767246,-0.7608031,-0.7343793,2.1636782,0.7188344,0.3169906,2.102021,-1.5138752,0.8303051,0.67032325,-0.1683411,0.11262371,-0.6302635,-0.5545883,-0.7966865,79
-0.99159515,-0.48461777,-1.154887,-0.55016583,2.355591,0.72446513,0.3811511,1.7265725,-1.479476,0.13231233,0.2626089,-0.07512069,0.08710866,-0.59828955,-0.3417365,-0.42171484,43
-0.3017449,0.18004432,0.23700228,-0.67236,2.6475897,-0.5423438,0.40203723,1.6276448,-0.037622377,0.5890604,0.5454747,-0.31842983,-1.0017991,-1.1629307,-0.48820266,0.99644476,105
-0.6503666,-1.3078344,-1.6077893,-0.17501128,0.6540241,1.3792878,0.7215159,1.1680765,-1.4155121,-0.7860721,1.7231281,-0.27355874,0.18046731,-0.27559936,1.2384938,-1.1851468,43
-1.1289959,-2.4433048,-2.3474326,-0.8889369,1.4827704,1.9950305,0.57968515,1.2641968,-1.6240036,-1.3190526,1.5739269,0.31326416,0.33410215,0.47808057,1.6399007,-1.8216605,65
-1.2948139,-1.9278172,-1.4693148,-0.784106,1.9193918,0.91574466,0.5800934,1.6651862,-1.6701696,-0.9204575,0.8270358,-0.20398298,-0.5832165,0.35845768,0.9552438,-1.0415193,43
-1.0071443,-0.7854996,-0.9361606,-0.59682214,2.3485408,0.5686692,0.029895796,2.3242617,-1.6747668,0.48487157,1.0225021,0.10205296,-0.019039154,-0.6835076,-0.54225796,-0.6648303,43
-0.82847154,-0.8971797,-0.85422546,-0.92482394,2.1598632,0.685043,-0.546037,2.6254559,-1.3403027,0.93227184,1.8952589,-0.21071543,0.47645965,-0.95895433,-1.1956154,-1.1055286,43
-0.8361648,-0.96069443,-1.0962441,-0.955644,2.3847673,0.5876539,-0.3635567,2.2578876,-1.1881155,0.80462736,1.5176612,-0.1529362,0.093926094,-0.87494105,-0.96829987,-0.8180538,43
-1.0101955,-0.20087928,-1.1610427,-1.0687495,1.7909032,0.56863356,0.28574872,1.53027,-0.76203895,0.9652047,1.1346843,-0.1859462,0.6224281,-0.83533084,-0.46785715,-1.1078918,43
-0.9640961,-0.6849065,-0.8731367,-0.70868623,2.230217,0.68845737,0.20405191,2.1814377,-1.5963465,0.7923318,0.7480316,-0.043128014,0.16218704,-0.6668823,-0.5903216,-0.71964556,43
-0.9207757,-0.4751745,-1.1510506,-0.6018269,2.3410997,0.6666964,0.3252711,1.6904097,-1.3573072,0.20777583,0.35944808,-0.15016259,0.06086084,-0.6497186,-0.43478367,-0.44047493,43
-0.37783942,0.08820671,0.17680623,-0.65918726,2.5770702,-0.5389832,0.4118377,1.550832,-0.0183492,0.49424666,0.50560504,-0.44231105,-1.0395793,-1.1109167,-0.45298097,0.9840384,105
-0.7570332,-1.4133095,-1.7153289,-0.28818423,0.6678151,1.3638468,0.7678409,1.1316581,-1.3799901,-0.8189366,1.7257762,-0.32905662,0.15244591,-0.1908435,1.3469691,-1.3099792,43
-1.1165619,-2.5449939,-2.3921278,-0.9457655,1.4250932,1.9632703,0.5830476,1.1945392,-1.5208606,-1.2751815,1.6716343,0.25564465,0.2737697,0.49552888,1.673104,-1.866776,43
-1.2824509,-1.9516227,-1.5075607,-0.84392846,1.9772966,0.8344126,0.52158356,1.6460311,-1.6141653,-0.8889314,0.9029849,-0.1477333,-0.59201205,0.36320883,0.9428244,-1.035517,43
-1.0403494,-0.77413297,-1.0368869,-0.65304,2.4320598,0.47028235,-0.071918026,2.2729435,-1.5833215,0.47660577,1.1091994,0.1484685,-0.02096226,-0.6894919,-0.60044307,-0.6307777,43
-0.88743025,-0.98095095,-0.9227094,-0.9171911,2.1600354,0.65761125,-0.55084205,2.5928524,-1.3017097,0.9386195,1.9115187,-0.27228343,0.4754917,-0.9869357,-1.1764323,-1.0644491,43
-0.8358053,-1.0180784,-1.0877979,-0.99194336,2.3748085,0.5264158,-0.35997945,2.236417,-1.1427423,0.8468535,1.5393012,-0.2182546,0.035351086,-0.87242603,-0.96118355,-0.84449655,43
-1.1041362,-0.22321141,-1.2176201,-1.010854,1.8516312,0.6046195,0.2456809,1.5941374,-0.80730987,0.86097544,1.1593443,-0.1553887,0.70463616,-0.88602376,-0.45206758,-0.9785123,43
-1.0147862,-0.75596726,-1.0012319,-0.69497013,2.2925272,0.7465571,0.12024459,2.2344036,-1.6129011,0.73736864,0.8393133,-0.051334977,0.22824755,-0.70965743,-0.6579548,-0.69874114,43
-0.8628471,-0.4683922,-1.1294534,-0.66820204,2.3267112,0.5930867,0.27780205,1.6558099,-1.2210672,0.3013472,0.44884658,-0.24265888,0.03767367,-0.6965154,-0.5270059,-0.46731308,43
-0.44478074,0.02731213,0.13313244,-0.6460011,2.5213556,-0.5162554,0.43260688,1.4950218,-0.030297577,0.3978989,0.4327984,-0.57057405,-1.0673003,-1.0795636,-0.43234435,0.9322223,105
-0.8451858,-1.5574608,-1.8204708,-0.40657672,0.7165978,1.3427325,0.8043398,1.1256038,-1.3636109,-0.8795696,1.7377375,-0.3904047,0.09617081,-0.08847608,1.4423957,-1.421634,43
-1.1006682,-2.5996633,-2.421561,-1.0138404,1.4048575,1.8848943,0.59449446,1.1168307,-1.4317669,-1.2575682,1.7249246,0.2402012,0.17820214,0.55304503,1.727675,-1.8999114,43
-1.2199781,-1.963238,-1.5080273,-0.86908185,2.01728,0.7765318,0.47040033,1.6282798,-1.5526617,-0.8110891,0.98171765,-0.1121905,-0.6134688,0.3112653,0.8864452,-1.0218796,43
-1.0348284,-0.76773906,-1.0999215,-0.6559658,2.485832,0.42636427,-0.1483336,2.2124665,-1.5047048,0.4371215,1.1607416,0.16213942,-0.00016586483,-0.7363634,-0.6573109,-0.5771504,43
-0.93542457,-1.0354813,-0.9952026,-0.91157556,2.161284,0.61357844,-0.549303,2.5144393,-1.2307386,0.94797313,1.9001502,-0.34278506,0.44265747,-1.0161538,-1.1671244,-1.0219398,43
-0.8224708,-1.0497028,-1.0537503,-1.0107589,2.3724904,0.45704076,-0.3398535,2.2008786,-1.1129559,0.87744963,1.517832,-0.252442,-0.031029679,-0.86018074,-0.94031155,-0.8601502,43
-1.1006343,-0.23612976,-1.2251558,-0.98335296,1.8879867,0.549909,0.18377616,1.6425816,-0.7956228,0.8753823,1.2406272,-0.15713932,0.70459265,-0.9544245,-0.51314545,-0.8441775,43
-1.0380585,-0.83829653,-1.0970483,-0.704597,2.3231816,0.7942785,0.05285244,2.2432294,-1.5927808,0.6881649,0.92060477,-0.0686439,0.27962917,-0.731363,-0.6979011,-0.6914513,43
-0.8227313,-0.47038883,-1.1047246,-0.7307192,2.327277,0.52297914,0.2376627,1.6195543,-1.0971375,0.3756534,0.5210022,-0.31676552,0.006176904,-0.723063,-0.60025144,-0.49670306,43
-0.49622494,-0.09878628,0.068105236,-0.64767885,2.4814065,-0.50367236,0.50060093,1.4311031,-0.03545192,0.35756618,0.39997995,-0.7204896,-1.0372171,-1.0547407,-0.35432485,0.91930205,105
-0.9144525,-1.7719586,-1.8832769,-0.47353154,0.7468035,1.3220208,0.85187125,1.1240659,-1.3989948,-0.95060414,1.7411964,-0.39872423,0.020030715,0.015177317,1.580284,-1.5089376,43
-1.0942857,-2.708596,-2.430437,-1.0343759,1.3850682,1.8521491,0.6251205,1.0676569,-1.3695625,-1.2599027,1.7579434,0.17635512,0.119301826,0.57149386,1.7820532,-1.9160655,43
-1.1243608,-2.0178475,-1.4831614,-0.8466923,2.0159,0.76476824,0.42948705,1.6172456,-1.51126,-0.7168415,1.0611974,-0.11626992,-0.6209755,0.21480794,0.8123134,-1.0140362,43
-0.9802253,-0.7500342,-1.1195345,-0.63500273,2.5096538,0.414364,-0.1995418,2.1486862,-1.4534875,0.3910271,1.1842163,0.17724073,0.026422895,-0.788848,-0.70262367,-0.5339148,43
-0.94062364,-1.0948584,-1.029186,-0.8780652,2.1422184,0.57465816,-0.53836447,2.4378517,-1.183111,0.9650467,1.8839333,-0.40422976,0.4118429,-1.0678382,-1.1591488,-0.97282153,43
-0.78480756,-1.0899081,-0.9999438,-0.9992716,2.3687582,0.41984376,-0.3115504,2.1688137,-1.0967032,0.90429544,1.4855812,-0.29394665,-0.07985329,-0.87380815,-0.9282892,-0.876762,43
-1.1107681,-0.32820326,-1.247503,-0.9455917,1.9417466,0.5569737,0.11035885,1.7423722,-0.85069203,0.84088314,1.2794198,-0.23030365,0.6750483,-1.0007793,-0.6172473,-0.76882476,43
-1.0166473,-0.8477442,-1.1290016,-0.73485833,2.3490746,0.7724347,0.0009988695,2.2234724,-1.5396173,0.6765635,0.97508025,-0.062044173,0.28679714,-0.74479014,-0.7381904,-0.6661058,43
-0.7711655,-0.5081522,-1.0307717,-0.7300986,2.3330057,0.51009166,0.23855177,1.5940771,-1.0241014,0.4241091,0.5378131,-0.37257674,0.016609326,-0.77836293,-0.62931454,-0.50731874,43
-0.5060278,-0.19408432,0.010621905,-0.6274877,2.3986838,-0.479421,0.5637859,1.3532981,-0.09703502,0.31914556,0.36189735,-0.7367508,-0.9483569,-1.0205635,-0.24478132,0.89696306,105
-0.9301257,-1.9448888,-1.8842118,-0.48210216,0.73355,1.2896509,0.8950873,1.0904835,-1.4170377,-0.96165305,1.7514805,-0.3800158,-0.050313167,0.060596764,1.6950189,-1.555423,43
-1.0699446,-2.884647,-2.438602,-0.9903641,1.3400372,1.8766752,0.6645733,1.0319179,-1.3664346,-1.2934595,1.7925701,0.13054466,0.076657824,0.56786793,1.8641462,-1.9209373,43
-1.0277648,-2.0928807,-1.4422076,-0.801971,1.9781336,0.78936315,0.41519943,1.597293,-1.493755,-0.63662493,1.0961976,-0.14882171,-0.59183335,0.109734505,0.763585,-1.021105,43
-0.8986651,-0.7420045,-1.1012976,-0.5987479,2.486417,0.42804584,-0.23840529,2.1014698,-1.4142987,0.39460212,1.2137351,0.17560372,0.06430333,-0.86813456,-0.75119156,-0.5161164,43
-0.88841987,-1.1450601,-1.0254622,-0.81851506,2.1200368,0.54560506,-0.537721,2.390843,-1.2070072,0.95833254,1.8497028,-0.42991826,0.39200372,-1.1220076,-1.1642545,-0.93105894,43
-0.7673708,-1.1578398,-0.9343061,-0.97997874,2.3729362,0.3924488,-0.26315516,2.141545,-1.1054764,0.9066641,1.4148455,-0.35433587,-0.12868354,-0.87486,-0.89264834,-0.9115131,43
-1.1014838,-0.45412937,-1.2867091,-0.8988676,1.9760782,0.59061265,0.05540147,1.7987776,-0.8854432,0.8311338,1.3479704,-0.27541137,0.6289255,-1.0366085,-0.6859459,-0.7338759,43
-0.96882755,-0.84163165,-1.1443255,-0.7848815,2.3670511,0.722334,-0.05235659,2.2003803,-1.446403,0.7258682,1.0512197,-0.099293634,0.26454493,-0.77595925,-0.82143295,-0.6636671,43
-0.7541656,-0.6115234,-0.9865715,-0.7320337,2.3314662,0.51144195,0.2555808,1.5583475,-0.9739413,0.46805584,0.53069794,-0.44007045,0.00024209917,-0.79931456,-0.6260801,-0.5542854,43
-0.53221834,-0.26084688,-0.07744323,-0.5736674,2.3163319,-0.3976318,0.6086931,1.2674354,-0.17420582,0.23047578,0.30511296,-0.71046084,-0.8188355,-0.9674795,-0.16862738,0.8580447,105
-0.9334172,-2.1433256,-1.8979506,-0.46336144,0.68473315,1.2741873,0.9340591,1.0311211,-1.42752,-0.97215194,1.7789423,-0.38274607,-0.12537801,0.07923055,1.8022949,-1.6105337,43
-1.0259039,-3.008557,-2.4265115,-0.95775574,1.3301238,1.8794338,0.7054418,0.9827658,-1.3813314,-1.3612837,1.7723484,0.11668944,-0.0062763393,0.60931873,1.943691,-1.9468436,65
-0.9566437,-2.1902637,-1.410003,-0.7638774,1.93748,0.8385191,0.42220235,1.5621753,-1.4885662,-0.5892042,1.0944991,-0.18058003,-0.55606383,0.036807224,0.7600939,-1.053704,43
-0.8327357,-0.7653369,-1.0831478,-0.56784153,2.437126,0.4546168,-0.2645054,2.0692582,-1.3881533,0.421866,1.24489,0.15404865,0.09537953,-0.9459346,-0.7790897,-0.5333698,43
-0.8280112,-1.2199409,-1.0232918,-0.7756854,2.0813289,0.55305994,-0.5505341,2.358404,-1.2339181,0.95830667,1.8305107,-0.47780204,0.3822979,-1.1776806,-1.1852372,-0.9342603,43
-0.74744165,-1.2190526,-0.87893635,-0.9629788,2.3839805,0.372314,-0.19156389,2.0966992,-1.1426693,0.8804817,1.3090243,-0.37312323,-0.20385134,-0.8307348,-0.8126155,-0.96132463,43
-1.0250723,-0.43606398,-1.2529967,-0.78692025,2.0251946,0.66254544,0.051665056,1.7357383,-0.73286176,0.83600986,1.4400717,-0.213128,0.504862,-1.1658299,-0.7358272,-0.57410926,43
-0.9238867,-0.858577,-1.1625237,-0.855134,2.3788714,0.65628576,-0.11157353,2.1692326,-1.3390756,0.7870673,1.1453942,-0.14403228,0.20397662,-0.78702897,-0.90042394,-0.6912206,43
-0.7419655,-0.7498146,-0.9378676,-0.72466385,2.3398798,0.5342691,0.29912472,1.5309268,-0.9802495,0.46892124,0.4722845,-0.4944175,-0.03261301,-0.77284414,-0.57737446,-0.61737156,79
-0.5785037,-0.32367247,-0.17608434,-0.5509042,2.252465,-0.347718,0.6509475,1.2073864,-0.28291732,0.123709485,0.13972798,-0.80723524,-0.7095215,-0.87918943,-0.15403959,0.7617519,105
-0.8962957,-2.3709207,-1.8887861,-0.428769,0.615192,1.3134624,0.9926192,0.97057664,-1.4343163,-0.98121315,1.7946568,-0.43728322,-0.16250315,0.06993841,1.9053476,-1.6781545,79
-0.9694347,-3.101205,-2.3776336,-0.8789376,1.3229299,1.8741461,0.77041054,0.9419483,-1.4260212,-1.3928416,1.6851964,0.07886341,-0.0927243,0.6074701,1.9911383,-1.9459317,65
-0.89575255,-2.3283684,-1.3549833,-0.71755826,1.8929982,0.9040096,0.47583738,1.514793,-1.4856383,-0.53774387,1.0427452,-0.24421793,-0.52971053,-0.026397474,0.7990181,-1.089983,79
-0.7873097,-0.79767966,-1.0870416,-0.5412936,2.3933294,0.49803796,-0.26676416,2.031637,-1.3882176,0.4338737,1.2602792,0.16685379,0.10211079,-0.9902154,-0.7524209,-0.5806843,43
-0.75330937,-1.2847979,-0.98486584,-0.7241316,2.0382428,0.5740416,-0.54423875,2.32961,-1.2762443,0.9614871,1.7852151,-0.5092541,0.3689937,-1.2414508,-1.1822488,-0.95250547,43
-0.72099286,-1.3082749,-0.79370016,-0.9589451,2.3756604,0.34316245,-0.09219761,2.0438786,-1.1820294,0.8467786,1.1699789,-0.43968403,-0.30348215,-0.76164895,-0.70675045,-1.0313663,79
-0.88490325,-0.36810607,-1.0991328,-0.60549,2.041003,0.6648823,0.08982091,1.68688,-0.5726685,0.9102404,1.5422097,-0.10733451,0.45282856,-1.4142754,-0.7105181,-0.25652227,43
-0.8761401,-0.88129663,-1.1406498,-0.91847664,2.3858767,0.58930707,-0.1536764,2.144585,-1.2306708,0.8614703,1.2209852,-0.20785579,0.16084492,-0.81800336,-0.9667053,-0.7150319,43
-0.7319957,-0.85693586,-0.85594004,-0.72622204,2.3470685,0.50940275,0.36261594,1.500704,-1.0061605,0.45279437,0.36750668,-0.5298873,-0.1166871,-0.7005134,-0.4957399,-0.67395496,79
-0.35399562,-0.5758151,0.027736932,-0.50869757,2.0202184,-0.1677575,1.0760981,0.69107676,0.11338964,0.28098056,-0.04160762,-0.99334085,-0.89469695,-0.6214488,0.06692828,0.61015254,105
-0.81908166,-2.6224704,-1.8667347,-0.39203185,0.5586087,1.4035021,1.0747185,0.9105594,-1.45206,-1.019013,1.7740449,-0.5204183,-0.17222565,0.05955349,2.0305336,-1.7660294,19
-0.9227701,-3.17007,-2.306431,-0.8005401,1.3279513,1.8496877,0.84399295,0.9129194,-1.4589404,-1.3974007,1.5478863,-0.02121225,-0.20839009,0.5948372,1.9910706,-1.9242601,65
-0.82843083,-2.3794563,-1.2426612,-0.7038772,1.8884597,0.89196324,0.5496947,1.4752736,-1.470263,-0.44902152,0.9125161,-0.34383857,-0.5694624,-0.063814774,0.8060954,-1.1213008,79
-0.7742002,-0.8226291,-1.060725,-0.5400809,2.3805733,0.46995404,-0.24295717,2.010833,-1.40004,0.45772827,1.2337515,0.17824396,0.040990524,-0.98929536,-0.6873956,-0.6267443,43
-0.68183607,-1.3133409,-0.93208593,-0.72883373,1.988712,0.5931438,-0.5356469,2.2847013,-1.2765132,0.9608449,1.7338228,-0.5616224,0.34390578,-1.2724994,-1.1755428,-1.0318862,43
-0.6856531,-1.4158036,-0.6929569,-0.98039806,2.339451,0.30217823,0.03737762,1.9727753,-1.1892397,0.8452413,1.0322587,-0.5524621,-0.44284365,-0.6751823,-0.582457,-1.1294479,79
-0.74758,-0.39365017,-0.9944764,-0.44718254,2.0123584,0.7258415,0.06598954,1.6581465,-0.468055,0.95358485,1.7260903,0.049354553,0.43466413,-1.6060491,-0.65244234,-0.04211007,43
-0.82697475,-0.9300697,-1.1248899,-0.9661756,2.382977,0.52809083,-0.19648972,2.109884,-1.1363255,0.9304188,1.2929338,-0.26693428,0.09735453,-0.8360266,-1.0279365,-0.7494919,43
-0.6858139,-0.8925569,-0.7763126,-0.70186186,2.3136127,0.48478487,0.4198818,1.4577595,-0.9918486,0.45415628,0.28123087,-0.6094748,-0.21616682,-0.6832099,-0.47445056,-0.7035031,79
0.06320913,-0.6793057,0.24775392,-0.3786294,2.0005548,0.041880846,1.7158207,0.4891184,-0.03698875,0.42200726,-0.25625765,-0.77344435,-0.7649448,-0.58562726,0.61192924,0.69815034,105
-0.7245402,-2.8348112,-1.8434837,-0.35782123,0.4867137,1.5156736,1.192631,0.8210163,-1.4397105,-1.0740743,1.74544,-0.61414194,-0.23844069,0.07505819,2.1913836,-1.8755925,19
-0.74380326,-3.1732707,-2.1111984,-0.5836817,1.3644075,1.9537245,1.0976655,0.80807424,-1.3836395,-1.2655873,1.312189,-0.1056433,-0.3262388,0.45076507,1.9866432,-1.7140374,19
-0.75821126,-2.4211082,-1.124567,-0.73626894,1.888524,0.8456485,0.6171872,1.4411576,-1.4069077,-0.32000124,0.80694586,-0.49728125,-0.70547426,-0.06577475,0.77592874,-1.185581,79
-0.75014406,-0.88504386,-0.98370355,-0.54935,2.386589,0.42346582,-0.1929661,2.0234525,-1.4217538,0.49296772,1.1655507,0.12755609,-0.047952347,-0.9796248,-0.6292439,-0.6656463,43
-0.6292423,-1.2944031,-0.8534288,-0.7497111,1.9614217,0.58267164,-0.49158365,2.2385437,-1.2604719,0.958359,1.6322938,-0.61527675,0.27638066,-1.2774076,-1.1401289,-1.1004175,43
-0.6056063,-1.4679723,-0.60755587,-1.0241464,2.2761757,0.24860737,0.12223324,1.8983953,-1.1905725,0.8471196,0.9348658,-0.6461807,-0.5945171,-0.56912726,-0.5080558,-1.2506673,79
-0.6883394,-0.4308165,-0.9887002,-0.33665964,1.886517,0.849885,0.09228636,1.5534483,-0.4271858,0.82264435,1.8017555,0.17443421,0.49815923,-1.6792186,-0.4391767,0.027380288,43
-0.77714574,-0.9855001,-1.100013,-0.98372537,2.394343,0.515795,-0.22234055,2.0778675,-1.0630463,0.96714264,1.3346089,-0.32566375,0.061741084,-0.8668612,-1.0816588,-0.78356385,43
-0.5838278,-0.76642525,-0.6958015,-0.62407243,2.2216854,0.44511613,0.44719574,1.3929926,-0.95706475,0.4277432,0.1811744,-0.7010581,-0.28112087,-0.73915976,-0.5313515,-0.65816975,79
0.2715332,-0.6050377,0.19557501,-0.23190719,2.1609855,0.22000238,1.9811862,0.49148613,-0.2814247,0.42888874,-0.4615078,-0.576911,-0.61450195,-0.6185003,0.69180375,0.7667568,105
-0.62168497,-2.9328094,-1.8158324,-0.38358587,0.4320097,1.5424,1.2890202,0.73150384,-1.436957,-1.1539927,1.6885566,-0.6954824,-0.4009687,0.18947698,2.3293998,-2.0382736,19
-0.62455684,-3.5331342,-1.966007,-0.60114056,1.3073043,1.9743968,1.1959955,0.8676084,-1.4805346,-1.2199631,1.3229879,-0.06847189,-0.42324588,0.5113839,2.1745875,-1.750545,19
-0.6684181,-2.4743605,-1.0129821,-0.7953746,1.8559643,0.82815206,0.72042704,1.3767383,-1.316414,-0.21346806,0.72712934,-0.63792753,-0.856852,-0.027167477,0.8018684,-1.2885659,79
-0.7033158,-0.95831335,-0.86899644,-0.5929966,2.3782349,0.37264797,-0.11040735,2.0064905,-1.4027215,0.5817454,1.072698,0.051443547,-0.16367546,-0.94773763,-0.5722764,-0.721521,43
-0.58128285,-1.2898078,-0.754548,-0.78102994,1.9503055,0.55500925,-0.41595992,2.181784,-1.2103885,0.96849865,1.5045694,-0.7003056,0.15237017,-1.2564373,-1.0924637,-1.1560829,43
-0.40914887,-1.5793071,-0.46367395,-0.8607257,2.310848,0.50283504,0.14516917,1.9540936,-1.2130934,0.90069026,0.97849876,-0.52212536,-0.52745414,-0.7218057,-0.54348814,-1.1753664,79
-0.64400417,-0.46594465,-0.9141658,-0.25487152,1.79451,0.87513936,0.088541254,1.5157521,-0.4995408,0.75811386,1.7831186,0.38424972,0.5607,-1.7238171,-0.25316167,0.11933988,43
-0.73722553,-1.037139,-1.0512815,-0.95967877,2.3940382,0.5316299,-0.20974702,2.0497446,-1.0462534,0.98234236,1.3059824,-0.36743817,0.05963344,-0.90832233,-1.0907054,-0.81207865,43
-0.47888863,-0.60896426,-0.6631623,-0.5762983,2.0726018,0.40550998,0.48611656,1.2819848,-0.9053526,0.34377295,0.062137067,-0.851843,-0.29575503,-0.7620429,-0.56567156,-0.6463951,79
0.23609832,-0.74436677,0.024144955,-0.12221712,2.239307,0.30595508,2.0689793,0.49409533,-0.43239,0.44952762,-0.4938969,-0.5512971,-0.5016587,-0.5877057,0.6771276,0.7745687,86
-0.48248753,-2.9362993,-1.7068901,-0.47189558,0.3890444,1.4804425,1.3746921,0.6474881,-1.404861,-1.1324255,1.6204754,-0.7772105,-0.57299495,0.3132912,2.4073489,-2.2151268,19
-0.5906135,-3.7966218,-2.0528436,-0.71280634,1.3256068,2.1551933,1.1843808,0.85246587,-1.4958487,-1.3939453,1.4689636,0.13214046,-0.24699861,0.6863922,2.3730748,-1.8241718,19
-0.5874208,-2.514671,-0.9488129,-0.8856312,1.7383546,0.8229526,0.7762476,1.2931011,-1.2162174,-0.14389023,0.7359425,-0.7377883,-0.9624782,0.016598806,0.85528237,-1.4268491,79
-0.64727855,-1.0902797,-0.7721953,-0.6722628,2.296334,0.3323482,-0.03797089,1.978834,-1.366116,0.69018865,1.0367115,-0.08874825,-0.29471675,-0.8901936,-0.52266246,-0.85285413,43
-0.5183865,-1.3004335,-0.61978936,-0.8495986,1.932134,0.53659976,-0.28932098,2.1039374,-1.1143467,1.0262886,1.370179,-0.79902303,0.043885645,-1.2256392,-0.9974427,-1.2135403,43
-0.3886037,-1.7403628,-0.634832,-0.8596293,2.2324476,0.7008971,0.039423455,1.9285958,-1.250725,0.7126207,1.183317,-0.28670976,-0.38286224,-0.676149,-0.41769192,-1.2828448,79
-0.70686436,-0.5155471,-0.9633866,-0.22582169,1.7703433,0.9261373,0.06805908,1.4316064,-0.46449414,0.63026685,1.7614921,0.5600995,0.69621146,-1.6758761,-0.09850032,0.29406166,43
-0.7297045,-1.1036303,-1.0391219,-0.94702387,2.3816416,0.55458105,-0.1897685,2.0022783,-1.0553964,0.95418227,1.2545847,-0.39250052,0.039186805,-0.89787394,-1.0519673,-0.882267,43
-0.4145377,-0.54936105,-0.78894085,-0.61328477,2.0794108,0.5894902,0.45274037,1.1599458,-0.77958775,0.2940591,0.12583461,-0.7306419,-0.14913729,-0.71367115,-0.6093065,-0.68647456,79
0.09718491,-0.8894614,-0.196314,-0.026698887,2.2207978,0.40861133,1.9116632,0.5943173,-0.64050615,0.33396542,-0.45152122,-0.46657866,-0.42799583,-0.52916163,0.5888434,0.66810846,86
-0.24473059,-3.1063807,-1.575383,-0.28994375,0.4937234,1.6418257,1.5737951,0.63009477,-1.5002817,-1.0985874,1.4939129,-0.6118799,-0.7059323,0.32954723,2.5386903,-2.1056256,19
-0.34760588,-3.3255792,-2.1043696,-0.53059196,1.3680359,2.1676586,1.2087516,0.6992576,-1.4483563,-1.6114619,1.3655645,0.08456537,-0.14208859,0.67025995,2.1861892,-1.6095243,19
-0.5311787,-2.4322388,-0.9549634,-0.9272177,1.612316,0.90248096,0.79095805,1.1382519,-1.0350353,-0.11693041,0.78537214,-0.6799339,-0.9598091,0.00771109,0.89486355,-1.4669821,79
-0.567254,-1.265489,-0.71854967,-0.81532943,2.1755621,0.3202171,-0.025706578,1.927805,-1.3286421,0.73735195,1.1053714,-0.10442361,-0.43304923,-0.735075,-0.404417,-1.0342042,79
-0.4678254,-1.3744676,-0.50586945,-0.94433653,1.9095509,0.47365734,-0.21302274,2.0756564,-1.082969,1.0731232,1.3199683,-0.838379,-0.08728523,-1.1391647,-0.87371117,-1.3185096,79
-0.42794704,-1.5389512,-0.73667824,-0.8351618,2.2084265,0.6870338,-0.004055567,1.8391744,-1.1902182,0.64009905,1.1540968,-0.19330272,-0.22785974,-0.7030762,-0.45232973,-1.2169232,79
-0.8306659,-0.6813055,-1.2440495,-0.25838882,1.5791206,1.1964223,-0.04969355,1.2583255,-0.40195715,0.2748332,1.8476887,0.6698177,1.0938494,-1.4956547,0.053480797,0.2668403,19
-0.724521,-1.1587234,-1.0091283,-0.91993344,2.377372,0.59864223,-0.14232418,1.9583806,-1.0693048,0.9065276,1.159521,-0.43669802,0.022860881,-0.8932734,-0.997087,-0.9338324,43
-0.17522791,-0.39539194,-0.6826406,-0.61303824,2.2917495,0.61934924,0.42392787,1.2447326,-0.7785157,0.5608315,0.22877854,-0.5347301,-0.18927497,-0.8000417,-0.8395543,-0.70059794,79
-0.18473919,-1.0416734,-0.25560817,-0.15495285,2.1908956,0.35830536,1.8783333,0.6299113,-0.7897911,0.08628826,-0.60538936,-0.5021029,-0.5790677,-0.1936281,0.8199879,0.46564895,86
-0.07637576,-2.9958954,-1.3796556,-0.22618368,0.6257331,1.8018318,1.5038857,0.69557774,-1.5022153,-1.0375096,1.430365,-0.39879212,-0.580676,0.21605368,2.368513,-2.042833,19
-0.1944955,-2.8695736,-2.0086846,-0.4245626,1.4303857,2.1134324,1.1358318,0.6986778,-1.3973465,-1.5983485,1.1468949,-0.09469025,-0.116134934,0.5593567,1.7820898,-1.4307761,65
-0.36944586,-1.9420276,-0.9347907,-0.74018073,1.7401031,1.0715754,0.8707521,1.0816977,-1.0093787,-0.00941211,0.6239147,-0.486193,-0.6580817,-0.27790952,0.70751977,-1.2272911,79
-0.41557938,-1.4009403,-0.74876535,-0.66890246,2.180169,0.65951693,-0.057310898,1.9139007,-1.3235078,0.69300836,1.2282369,0.16105208,-0.28020918,-0.79983765,-0.40795708,-0.9975515,79
-0.3583669,-1.4241382,-0.43489802,-0.874115,1.9653387,0.65573764,-0.18140335,2.0432827,-1.0788906,1.0599225,1.2985595,-0.5767777,-0.06351843,-1.151639,-0.78646296,-1.2839978,79
-0.42817113,-1.1695778,-0.69676507,-0.78017557,2.2888856,0.6068404,-0.019868542,1.8236741,-1.1290815,0.62708205,0.99760526,-0.099865615,-0.15366971,-0.7974058,-0.5826094,-1.0108576,79
-0.83485377,-0.9575013,-1.3337038,-0.284818,1.3365071,1.4797771,0.05302425,1.0959316,-0.4256145,-0.17005457,1.571086,0.24252269,1.2037475,-1.2188971,0.20068079,-0.01957339,19
-0.7175493,-1.1894704,-0.9617538,-0.889885,2.3669915,0.5880984,-0.06270401,1.88615,-1.071997,0.8748579,1.0374341,-0.4693508,-0.048918195,-0.86613864,-0.90600264,-0.9633517,43
-0.34858087,-0.33381322,-0.6343251,-0.7540549,2.460803,0.3693342,0.28602472,1.4159474,-0.82142663,0.8683796,0.2842623,-0.37789848,-0.15642762,-0.8565968,-0.97291315,-0.67574745,79
-0.47767264,-0.80568266,-0.39848,-0.16565666,2.3231301,0.20389846,1.8071548,0.7275759,-0.93056417,-0.070972264,-0.8809382,-0.42544317,-0.5392936,-0.20761737,0.89048475,0.62343144,86
-0.08498253,-2.8741271,-1.4124079,-0.2361661,0.651866,1.7703274,1.395051,0.724471,-1.5666881,-1.1327312,1.415398,-0.27405265,-0.4036133,0.26867962,2.3016644,-2.059478,19
-0.2608693,-2.8637297,-2.0212533,-0.54754084,1.4528563,2.0560453,1.2130123,0.6538478,-1.3610651,-1.5889251,0.9974293,-0.13099499,-0.0881119,0.6552895,1.8922685,-1.4731848,65
-0.3696261,-1.5293148,-0.9150668,-0.6908201,1.9190083,1.0382802,0.7994896,1.1629819,-0.9580971,0.10157573,0.5638062,-0.39721614,-0.5181657,-0.4516574,0.4158774,-1.0761309,79
-0.48462176,-1.097868,-0.8760815,-0.5236213,2.2417502,0.6367867,-0.21988925,1.9760265,-1.2867856,0.58375496,1.3072078,0.28192994,-0.09511799,-0.98402506,-0.59811777,-0.7148318,43
-0.26798534,-1.2283472,-0.45148045,-0.7772325,1.9522516,0.6518513,-0.2145145,1.9740511,-1.0276272,0.9720368,1.2723784,-0.45420772,-0.10228122,-1.2136174,-0.82345253,-1.1579137,79
-0.48964852,-1.0929145,-0.7140233,-0.74238646,2.42036,0.5743078,-0.12799956,1.9653124,-1.2340746,0.6161231,0.9471851,-0.06912358,-0.07651935,-0.8769554,-0.72575456,-0.92162,43
-0.8584759,-0.9972298,-1.2897453,-0.2802034,1.1267347,1.5109544,0.16306616,1.0380976,-0.46133184,-0.44735056,1.2413282,-0.34306565,1.2223197,-1.0984552,0.21939442,-0.17859752,19
-0.67437696,-1.2449284,-0.9086258,-0.8691419,2.3274274,0.58059156,0.025359781,1.8110466,-1.0722439,0.84061044,0.9299244,-0.5262969,-0.16048548,-0.80695075,-0.8090034,-1.013869,79
-0.5389955,-0.59930354,-0.76475465,-0.8888935,2.4450178,0.3764992,0.15334119,1.5062482,-0.9394226,0.81479865,0.45537403,-0.12794729,-0.085602455,-0.6755647,-0.79502267,-0.8069986,79
-0.63723934,-0.56197095,-0.4259951,-0.19379154,2.4306512,0.104095995,1.738943,0.8324183,-1.0292222,-0.14920951,-1.0780048,-0.2854118,-0.42263737,-0.31876308,0.99189585,0.7986464,86
-0.2303008,-2.7408433,-1.5583644,-0.23438197,0.7472088,1.7202467,1.3136243,0.81485116,-1.6610943,-1.2390538,1.314586,-0.20993051,-0.15829083,0.24744694,2.2508974,-1.9181554,19
-0.14115669,-2.4798315,-1.6717572,-0.6972735,1.4798851,1.6686629,1.3125906,0.6105585,-1.1528536,-1.2240304,0.85388803,-0.24681148,-0.18047598,0.56333756,1.8447617,-1.3432522,65
-0.5242114,-1.2407591,-0.8860318,-0.708408,2.0987349,0.8522383,0.6800135,1.338182,-0.9707993,0.2968791,0.4714031,-0.35786635,-0.2944174,-0.59856,0.13890773,-0.8695242,79
-0.62556934,-0.9696984,-0.98753387,-0.5255613,2.298816,0.5818217,-0.2804465,2.010286,-1.2645156,0.5395509,1.3027705,0.3725163,0.03794002,-1.024406,-0.5942095,-0.52575654,43
-0.27964035,-1.0211747,-0.5108371,-0.71505904,2.0093694,0.5711731,-0.25901005,1.9813079,-0.997928,0.90098727,1.2714818,-0.3546186,-0.062909655,-1.2782985,-0.8772773,-0.97490174,43
-0.587643,-0.97914195,-0.7265073,-0.7547485,2.5547097,0.4965084,-0.17609096,2.04336,-1.3083644,0.6277484,0.8558507,0.033331275,-0.05344031,-0.88159657,-0.75365114,-0.8121323,43
-0.9910899,-1.0318787,-1.2297909,-0.21508531,1.064006,1.4042072,0.21669938,1.1530068,-0.62721145,-0.60073924,0.9498102,-0.6257015,1.319161,-1.2051909,0.35386205,-0.08958493,19
-0.6032475,-1.3228415,-0.8205405,-0.8692831,2.2502441,0.5624161,0.119250864,1.7643325,-1.0819942,0.8489673,0.8131535,-0.6563248,-0.27384728,-0.762474,-0.7415532,-1.0829911,79
-0.6108509,-0.8149853,-0.81621593,-0.86983716,2.5477045,0.35334316,-0.024085935,1.7472447,-1.200118,0.7988265,0.563946,0.043506026,-0.055742018,-0.6470175,-0.83384866,-0.7993444,43
-0.7673039,-0.4069477,-0.42617768,-0.26841825,2.4773586,0.083280325,1.6698123,0.9056189,-1.0850222,-0.22634874,-1.1850822,-0.22692363,-0.28071237,-0.39073545,1.109108,0.833852,86
-0.2936114,-2.5463529,-1.6097865,-0.24333529,0.8934391,1.6489316,1.248092,0.94522953,-1.7476252,-1.2930021,1.2393379,-0.07207948,0.023314804,0.1996397,2.2036486,-1.7270491,65
-0.18128207,-2.306896,-1.5516965,-0.76474935,1.4926803,1.4366709,1.3310778,0.6250132,-1.1236663,-1.0969539,0.7985788,-0.19760267,-0.17570868,0.52196985,1.9310977,-1.2276497,65
-0.6087479,-0.9284768,-0.9097834,-0.71680176,2.237276,0.73346305,0.55199224,1.4489112,-0.94787884,0.43936592,0.3851045,-0.34126243,-0.10988631,-0.78472674,-0.14179924,-0.6886071,79
-0.7766737,-0.86701715,-1.0868435,-0.5717168,2.3988383,0.5598564,-0.30117133,2.0400443,-1.2894523,0.49425435,1.1930597,0.47072038,0.19886893,-1.0238279,-0.554775,-0.39670986,43
-0.3871125,-0.92062414,-0.62854314,-0.7451268,2.086377,0.5163002,-0.26789656,1.9952247,-1.0088582,0.8211072,1.233731,-0.23989247,0.038904995,-1.2715881,-0.81007403,-0.85507214,43
-0.6450352,-0.9304837,-0.7858015,-0.7401587,2.5700011,0.49143913,-0.21460661,2.067317,-1.3513991,0.63925827,0.86228204,0.12708303,-0.036697283,-0.9030718,-0.7343514,-0.7518132,43
-0.9379438,-0.9233464,-0.970512,-0.15240508,1.1276547,1.2599025,0.28001112,1.2692628,-0.7166426,-0.5781277,0.6916646,-0.7503768,1.1981754,-1.3169515,0.38079146,0.039636537,19
-0.54122454,-1.2981148,-0.8167309,-0.92472124,2.130394,0.54479074,0.1292804,1.6602453,-1.0226692,0.8176183,0.76109976,-0.7397205,-0.3146548,-0.70074296,-0.7226764,-1.1647248,79
-0.69339055,-0.80307424,-0.8094553,-0.8548068,2.660607,0.3972861,-0.1612403,1.8857785,-1.2650588,0.8245647,0.58413184,0.053512275,-0.0027862787,-0.69740444,-0.9719684,-0.76431614,43
-0.7779772,-0.38053197,-0.27224496,-0.3800472,2.4589076,0.04188758,1.697096,0.9472035,-1.1158574,-0.21491946,-1.2687052,-0.21270773,-0.32367557,-0.36936653,1.2662809,0.7370133,86
-0.33214742,-2.4181833,-1.6448655,-0.27284086,1.0367614,1.6251138,1.2054812,1.02793,-1.7596663,-1.3237302,1.1876618,0.025598735,0.12635776,0.19508128,2.1553988,-1.5674458,65
-0.26001358,-2.3043833,-1.562835,-0.81462455,1.4990968,1.391569,1.2930149,0.647744,-1.1429181,-1.1260452,0.7880801,-0.13993703,-0.15921432,0.56593615,1.9993929,-1.2469792,65
-0.7203928,-0.81921697,-1.0584912,-0.74081933,2.3675966,0.7819946,0.38409188,1.5457506,-0.97608554,0.41410863,0.4358561,-0.26467565,0.044921365,-0.86623824,-0.30353314,-0.6658742,79
-0.80168015,-0.8826388,-1.1086531,-0.6386515,2.475543,0.6278279,-0.40720034,2.118354,-1.3004221,0.5192598,1.2236704,0.46031764,0.2913613,-1.0392505,-0.66979253,-0.44835863,43
-0.45912653,-0.9153099,-0.7142657,-0.7551055,2.1666663,0.5218661,-0.34023678,2.075703,-1.0378637,0.8146041,1.2625475,-0.24321662,0.10146587,-1.2918783,-0.9025841,-0.82204646,43
-0.7252339,-0.92059433,-0.8304137,-0.75607646,2.559422,0.49884936,-0.22698417,2.0775673,-1.3361458,0.66556036,0.880995,0.1612331,-0.02079191,-0.9164821,-0.7030267,-0.71233785,43
-0.91667587,-0.70582485,-0.81884646,-0.20926091,1.2386506,1.1692191,0.28286973,1.2938323,-0.6956295,-0.4865346,0.44837514,-0.8246639,1.1580042,-1.377276,0.26915914,0.05198784,66
-0.50070727,-1.0098954,-0.92739016,-0.9661309,2.0401986,0.6082673,-0.031260926,1.4515102,-0.8327286,0.6856235,0.840865,-0.49949777,-0.1337496,-0.65009385,-0.7895089,-1.1729786,79
-0.7688429,-0.7483429,-0.89563495,-0.82833505,2.6564136,0.4104317,-0.20381835,1.893346,-1.3022714,0.7729168,0.58173823,0.14580274,0.008924015,-0.71539336,-0.9396033,-0.71814984,43
-0.7490012,-0.4320389,-0.15535071,-0.50350237,2.4410622,0.08019444,1.7159227,0.97668886,-1.0957171,-0.16881447,-1.3096523,-0.24844638,-0.39092326,-0.34410155,1.3271068,0.582506,86
-0.32785943,-2.2425122,-1.6091328,-0.37632573,1.1680119,1.5586396,1.1773518,1.0228775,-1.6436721,-1.2319113,1.1311755,0.05289498,0.15314981,0.18928055,2.0467415,-1.4897883,65
-0.37155,-2.4152462,-1.6187997,-0.88368237,1.4800425,1.4181386,1.3081554,0.6328299,-1.1339589,-1.1548045,0.7943345,-0.12961365,-0.129441,0.6471079,2.1254828,-1.3228893,65
-0.7755372,-0.72260034,-1.0734057,-0.7082872,2.4828002,0.7340139,0.23036283,1.6611894,-1.0460495,0.43969542,0.46077543,-0.15358959,0.0975063,-0.93782467,-0.45553425,-0.54093355,43
-0.8219721,-0.8398546,-1.0905609,-0.703156,2.496697,0.5927013,-0.3772677,2.0885322,-1.2525843,0.5618346,1.2273536,0.4853674,0.2595331,-1.0087883,-0.6174607,-0.46264502,43
-0.5614119,-0.9632685,-0.841277,-0.77502465,2.2123687,0.5562155,-0.34999666,2.1192317,-1.0804995,0.7849048,1.3171391,-0.21881136,0.1397675,-1.2765033,-0.86913496,-0.8417659,43
-0.78002936,-0.9062184,-0.83154684,-0.76556766,2.5339348,0.51294005,-0.22511768,2.0907853,-1.3043537,0.68471926,0.90168554,0.15615836,0.0013235956,-0.93238944,-0.690479,-0.68006045,43
-0.9353538,-0.56168497,-0.7044653,-0.23014699,1.380711,1.1127206,0.3301573,1.3113915,-0.6694299,-0.39581704,0.18455485,-0.9061595,1.1253929,-1.4306514,0.16899131,0.12464577,66
-0.49114424,0.0256567,-0.9948594,-0.8284687,2.0340621,0.38514957,-0.1686224,1.1594602,-0.5353486,0.61107874,0.61645484,-0.4015118,0.070032895,-0.8860661,-1.1792648,-0.8182666,43
-0.7963409,-0.7173253,-0.9324557,-0.80426115,2.6451867,0.44093242,-0.22107247,1.9146032,-1.3348628,0.739025,0.6062372,0.22621599,0.061653074,-0.7420823,-0.89991194,-0.6741854,43
-0.76819396,-0.5224358,-0.08328995,-0.59424543,2.4330215,0.10896334,1.7218199,1.0184549,-1.0942761,-0.11005014,-1.329474,-0.2597426,-0.40761796,-0.33124536,1.3763142,0.47633034,86
-0.283194,-2.1213543,-1.5605435,-0.5204329,1.2454679,1.523627,1.1428145,0.95362127,-1.4751065,-1.1272384,1.114526,0.07778323,0.14225711,0.23507528,1.9503242,-1.5256019,65
-0.40614662,-2.4858446,-1.6070116,-0.9326602,1.4666721,1.4110262,1.3308306,0.6193802,-1.1021664,-1.1413175,0.8085774,-0.17073697,-0.16714731,0.70913535,2.1756432,-1.3937771,65
-0.75906116,-0.8136351,-1.0488045,-0.6844734,2.5227318,0.7036047,0.12490599,1.7561556,-1.1407135,0.48314142,0.5812903,-0.03738916,0.015034899,-0.9310528,-0.500959,-0.543733,43
-0.74598175,-0.8977294,-1.0164292,-0.7026933,2.512884,0.64046955,-0.40673056,2.115284,-1.2544171,0.59761184,1.2557955,0.42174914,0.16208652,-0.97954625,-0.7323593,-0.5337643,43
-0.6084888,-1.0127172,-0.89431566,-0.8267291,2.249497,0.5797584,-0.36755309,2.1443539,-1.0907699,0.79596925,1.3740903,-0.20792057,0.15100372,-1.2449142,-0.8634127,-0.8991932,43
-0.7815306,-0.9112643,-0.82407796,-0.7619482,2.484687,0.5512148,-0.22508448,2.087385,-1.2565733,0.7244021,0.9688418,0.12133229,0.008707099,-0.95307034,-0.71797854,-0.6841853,43
-0.8851268,-0.41138244,-0.53813,-0.23044562,1.5123193,1.0128789,0.44881022,1.2849735,-0.57743466,-0.23324259,-0.030843616,-1.0065511,0.9676235,-1.4673368,0.077145174,0.23182946,66
-0.5285367,0.8317164,-0.9123656,-0.6990752,1.9183897,0.20532039,-0.12835225,0.8930501,-0.2529875,0.5365349,0.25519386,-0.49841592,0.29374948,-1.1177392,-1.3687363,-0.47473165,34
-0.8102687,-0.6932014,-0.95833474,-0.79954493,2.601263,0.47968867,-0.2358582,1.9248698,-1.3151807,0.7356691,0.68541545,0.23984322,0.120743394,-0.7862195,-0.8848356,-0.6652267,43
-0.796269,-0.6386708,-0.033529326,-0.6873741,2.3980699,0.10444409,1.7111092,1.041475,-1.0719473,-0.019649751,-1.2814708,-0.24930522,-0.40712288,-0.31555983,1.4234543,0.38235664,86
-0.27791965,-2.2051444,-1.6061833,-0.6503532,1.2834524,1.5732417,1.1153418,0.8747618,-1.388555,-1.1290302,1.1610287,0.16933754,0.12699372,0.37761414,1.9836093,-1.6508489,65
-0.40459487,-2.577754,-1.555778,-0.9661957,1.4473443,1.3840715,1.3477598,0.61996365,-1.0884827,-1.1273465,0.84133345,-0.19468562,-0.18762648,0.7657586,2.2338312,-1.4271655,65
-0.7324802,-0.9659331,-0.9937901,-0.6792952,2.4969602,0.703025,0.0467693,1.8177989,-1.1742043,0.5542886,0.7108952,-0.013632536,-0.054636367,-0.92424047,-0.5440975,-0.5887359,43
-0.66688305,-1.0259074,-0.9592511,-0.66906446,2.5165136,0.74366105,-0.42896023,2.1464393,-1.2637106,0.5889525,1.3058624,0.30785617,0.046408,-0.92936546,-0.86985725,-0.63832396,43
-0.6319485,-1.0453373,-0.9002238,-0.8480176,2.2623444,0.61578083,-0.39190078,2.157611,-1.1008941,0.7954018,1.4082036,-0.22039333,0.13632272,-1.2039715,-0.89769197,-0.97530067,43
-0.7784368,-0.9477031,-0.8226807,-0.7617959,2.4225447,0.6033001,-0.2340312,2.0836732,-1.2127409,0.75456727,1.049834,0.049001515,0.015570894,-0.9654227,-0.7628601,-0.72019845,43
-0.8054373,-0.32355866,-0.34544918,-0.25701365,1.5662266,0.8981035,0.5828571,1.2145267,-0.44706422,-0.051125646,-0.18906182,-1.172421,0.7962034,-1.4666749,0.012594245,0.28236547,66
-0.6505693,1.0521389,-0.8385122,-0.7355345,1.770525,0.020182401,-0.09327212,0.715556,-0.08639671,0.34317356,0.055276662,-0.4968171,0.37740266,-1.0640378,-1.1775811,-0.29140404,34
-0.8220536,-0.67098165,-0.9703228,-0.8085562,2.5511322,0.53003097,-0.2505199,1.9241635,-1.259589,0.7347082,0.78047144,0.227343,0.16083863,-0.8214835,-0.8845215,-0.6735724,43
-0.81697315,-0.7222564,-0.009064004,-0.75794744,2.3465164,0.07799372,1.6810584,1.0277277,-1.0299232,0.051259667,-1.200195,-0.23870753,-0.42900142,-0.28419042,1.4360745,0.29261452,86
-0.30456042,-2.3985064,-1.6943495,-0.75586456,1.302079,1.667515,1.0876745,0.8202095,-1.3366295,-1.1759316,1.2455146,0.21678808,0.082643166,0.5294018,2.028645,-1.8082314,65
-0.40557724,-2.6777227,-1.5020263,-0.97159094,1.4218895,1.3557868,1.3613926,0.6258793,-1.0975649,-1.1250781,0.8634009,-0.20873567,-0.18972835,0.8124621,2.289735,-1.4293206,65
-0.6951464,-1.0754037,-0.927427,-0.6682571,2.437886,0.72479665,0.009045579,1.8300102,-1.1517006,0.5997279,0.8244728,-0.023305863,-0.09762033,-0.9238537,-0.56942135,-0.6361317,43
-0.61746657,-1.0721666,-0.9054218,-0.6391058,2.505942,0.79986143,-0.39623693,2.1180766,-1.2156761,0.5843934,1.3194686,0.21970603,-0.038425148,-0.90836114,-0.9242315,-0.6684192,43
-0.6729716,-1.0916137,-0.89124984,-0.85951066,2.2503061,0.64107454,-0.40455097,2.1593397,-1.102011,0.804955,1.4237217,-0.24161467,0.13498166,-1.172439,-0.9128232,-1.0204798,43
-0.7561651,-0.9892428,-0.78597206,-0.7508322,2.3376317,0.65205395,-0.23881847,2.074616,-1.1814301,0.77577144,1.1097915,-0.027444959,0.041129366,-0.9819744,-0.7990107,-0.7579337,43
-0.751145,-0.3131077,-0.18079779,-0.2691028,1.5617164,0.8314178,0.71233743,1.142632,-0.37463874,0.07683986,-0.32861686,-1.3462311,0.68301696,-1.4308584,-0.010124102,0.27223012,66
-0.77314705,1.0953343,-0.8302881,-0.79412186,1.6399196,-0.12433851,-0.08496225,0.61198246,0.006725803,0.2035288,-0.019346237,-0.51941264,0.42532265,-1.0219814,-0.9591955,-0.20605473,34
-0.81693774,-0.6547826,-0.9481959,-0.8282223,2.497053,0.5690471,-0.25933507,1.9244438,-1.1837537,0.75748724,0.8837197,0.1743373,0.19224082,-0.85842425,-0.9090127,-0.6999563,43
-0.8235193,-0.76063204,0.005069673,-0.786207,2.2964873,0.065149724,1.6382363,0.9890754,-0.9956298,0.057085827,-1.1099697,-0.20279893,-0.44947246,-0.22350669,1.4273024,0.2153134,86
-0.30227172,-2.515475,-1.7220166,-0.8103733,1.2842988,1.7185472,1.0767531,0.7655625,-1.2846825,-1.1743691,1.2965077,0.23907974,0.032447815,0.60725427,2.0508573,-1.9059942,65
-0.36924455,-2.7437656,-1.416028,-0.95450175,1.3918538,1.3452555,1.3828167,0.6245932,-1.112799,-1.1115845,0.87053573,-0.23139796,-0.19531065,0.8571605,2.3108556,-1.4446609,19
-0.6838486,-1.0901132,-0.85384256,-0.6697054,2.3963487,0.72493935,0.016470704,1.813926,-1.082258,0.63525754,0.8941377,-0.029199064,-0.08509105,-0.9462942,-0.551539,-0.6236677,43
-0.60493356,-1.0989956,-0.8261707,-0.64971733,2.4976995,0.787662,-0.32017213,2.089801,-1.1581007,0.5960786,1.2898341,0.105210245,-0.060215615,-0.9030075,-0.90684664,-0.68548167,43
-0.696669,-1.0923228,-0.85222834,-0.85522294,2.230998,0.6545924,-0.40323937,2.151164,-1.1034892,0.81536585,1.3980469,-0.26121974,0.15039489,-1.157925,-0.9286064,-1.0325644,43
-0.7093101,-1.0417889,-0.74139184,-0.72818565,2.2868543,0.7181908,-0.2259047,2.0584714,-1.1485641,0.76903695,1.1489999,-0.13786906,0.018809803,-0.9705302,-0.8603573,-0.8199849,43
-0.7196352,-0.3472635,-0.035678208,-0.3001696,1.528116,0.78879833,0.86194897,1.0664045,-0.31988388,0.19774354,-0.44813907,-1.5144343,0.61793125,-1.3775826,0.026503626,0.21452698,66
-0.9134959,1.0575575,-0.86977166,-0.83429503,1.5178782,-0.22622143,-0.060386132,0.5459719,0.03562756,0.09470688,-0.017425627,-0.5535691,0.4983189,-0.979144,-0.72506756,-0.17598763,34
-0.7956239,-0.6718358,-0.90518755,-0.84729713,2.4443479,0.60645616,-0.26464102,1.932612,-1.1185185,0.7879382,0.97735673,0.060767144,0.20241441,-0.8814339,-0.9726652,-0.76425195,43
-0.8709921,-0.75282437,-0.039212957,-0.7989905,2.260838,0.070848525,1.5713636,0.9361901,-0.9546673,0.011847943,-1.001604,-0.13047516,-0.42857185,-0.16256976,1.4100077,0.17380235,86
-0.2922117,-2.5922544,-1.7026281,-0.8235357,1.2515141,1.7364212,1.0723549,0.7230122,-1.2401662,-1.1395665,1.3320053,0.24456665,0.0028533041,0.6279821,2.0595162,-1.9549334,65
-0.32290855,-2.8617089,-1.3141661,-0.9396554,1.3633082,1.3284036,1.4109628,0.63713825,-1.1392721,-1.1004134,0.907999,-0.2622098,-0.21818078,0.9216824,2.35193,-1.4744234,19
-0.71477056,-1.0697432,-0.78041637,-0.6850313,2.375698,0.69970286,0.05227128,1.7889524,-1.0077794,0.6570606,0.9004928,-0.03788647,-0.026926108,-0.97838414,-0.49566063,-0.5812079,43
-0.6011609,-1.1191137,-0.7543911,-0.6768528,2.4941835,0.75916445,-0.21418571,2.056165,-1.0953262,0.6059904,1.2377344,-0.03710714,-0.08282051,-0.8938983,-0.8583407,-0.7035968,43
-0.73313445,-1.0872116,-0.8070096,-0.83615613,2.23293,0.6644435,-0.38518322,2.145132,-1.1177276,0.78982645,1.3238171,-0.28589234,0.1668634,-1.1383798,-0.9293375,-1.0139366,43
-0.6769537,-1.0576166,-0.6882255,-0.728862,2.253454,0.7590953,-0.1755963,2.0325596,-1.1260926,0.7683421,1.131376,-0.2198537,0.0021252036,-0.94168925,-0.861499,-0.86845,43
-0.69683564,-0.41104904,0.10529107,-0.35149688,1.4828781,0.76911986,1.0415438,0.98572934,-0.27160642,0.3071556,-0.56754863,-1.6970311,0.5552136,-1.2990094,0.103637956,0.10178095,66
-1.0234922,1.0740397,-0.8799048,-0.8811023,1.4508808,-0.29101735,-0.042159516,0.5333936,0.050495595,0.04743776,0.022536904,-0.5323725,0.58108157,-0.9649051,-0.56133384,-0.15642133,57
-0.7747285,-0.68136096,-0.8534755,-0.86486554,2.406107,0.6371007,-0.25067326,1.9338089,-1.079659,0.80633056,1.0223324,-0.029509276,0.19658943,-0.88019764,-1.0046879,-0.831168,43
-0.9979238,-0.85421634,-0.10968661,-0.82817817,2.257401,0.09122667,1.5155152,0.96476626,-1.0114754,-0.10172804,-0.9133127,-0.007677883,-0.31494835,-0.07303084,1.5241498,0.18060395,86
-0.32409716,-2.6598291,-1.678529,-0.8345031,1.2487956,1.733823,1.0791717,0.7072395,-1.208818,-1.1170545,1.3407829,0.24517271,-0.005953409,0.63871264,2.0849617,-1.957058,65
-0.29850006,-2.8428473,-1.2073431,-0.88331133,1.3909239,1.3064114,1.4665135,0.6240078,-1.143273,-1.0676552,0.8270856,-0.27967688,-0.2504337,0.9181884,2.3332317,-1.4164548,19
-0.7685961,-1.0387543,-0.7298246,-0.7071327,2.3878324,0.6721463,0.110301584,1.7627752,-0.9504211,0.65193594,0.8552533,-0.048482746,0.01915102,-0.98860735,-0.42343882,-0.54103494,79
-0.6138881,-1.1308281,-0.6838733,-0.6915586,2.4664686,0.71958077,-0.10456304,2.0297916,-1.057363,0.61457235,1.1630406,-0.17655623,-0.089654826,-0.90454006,-0.786273,-0.7070179,43
-0.76125604,-1.0714884,-0.7668495,-0.799515,2.2232282,0.67914176,-0.3596195,2.1293118,-1.1316653,0.7511876,1.2377806,-0.31423467,0.15456,-1.1122656,-0.9325924,-0.9842725,43
-0.670526,-1.0591257,-0.6306582,-0.7343023,2.2173617,0.7824353,-0.09499355,1.9971251,-1.1031749,0.78249085,1.0752971,-0.29237986,-0.0073134154,-0.9239257,-0.8210482,-0.88996637,43
-0.6982101,-0.47842246,0.1908184,-0.42051256,1.4542398,0.7842047,1.2684214,0.89746034,-0.23758222,0.38268656,-0.7048454,-1.8770983,0.47631848,-1.1877753,0.22591269,-0.03915429,66
-1.1075292,1.1284691,-0.8341527,-0.92625517,1.480276,-0.3278092,-0.028395537,0.56816655,0.09857917,0.05624409,0.03936833,-0.50130403,0.57831216,-0.9768647,-0.519529,-0.105871566,57
-0.7734333,-0.66739607,-0.7866418,-0.8806912,2.3799863,0.6420362,-0.20565748,1.9189924,-1.0369934,0.82290745,1.0122074,-0.103103295,0.1833868,-0.8796267,-0.9966545,-0.86698294,43
-1.0462952,-0.8071399,-0.1303277,-0.8267367,2.2379892,0.10611269,1.4681106,0.9228451,-0.9732547,-0.14602144,-0.8774154,0.014514536,-0.2636509,-0.049521387,1.4907067,0.16089347,86
-0.38715443,-2.6751285,-1.6122625,-0.83321714,1.2748744,1.6784084,1.0949075,0.70827717,-1.1955707,-1.0955526,1.2851171,0.2797124,0.012659408,0.63160384,2.1314104,-1.8799486,65
-0.28395885,-2.7835066,-1.1011076,-0.8369431,1.396103,1.269386,1.5163994,0.60230476,-1.1402955,-1.0251142,0.7414874,-0.282155,-0.28190047,0.9083019,2.324396,-1.3571682,19
-0.8189091,-1.0196732,-0.6908292,-0.711053,2.4013162,0.6465775,0.16777176,1.7426502,-0.9225309,0.6367318,0.801497,-0.048681155,0.038375102,-0.986185,-0.35136437,-0.50284517,79
-0.599537,-1.1540171,-0.62262696,-0.68371654,2.4320428,0.66171455,0.0077875964,2.0289686,-1.0694379,0.5938514,1.1197522,-0.33546805,-0.10826901,-0.9004074,-0.7124168,-0.74429977,79
-0.76973164,-1.0309125,-0.7247351,-0.7497994,2.2332964,0.7115065,-0.32132512,2.1094751,-1.1498575,0.6807345,1.1346209,-0.33114418,0.132771,-1.0727966,-0.93256617,-0.9528624,43
-0.6753742,-1.0686224,-0.5739184,-0.76119924,2.1847374,0.7892139,0.003829725,1.95758,-1.0666881,0.81323993,1.0141187,-0.38865086,-0.030401155,-0.9012882,-0.7603616,-0.92065525,79
-0.7137221,-0.59804416,0.20801784,-0.533704,1.3549563,0.7965287,1.4835155,0.7885075,-0.16320215,0.4545666,-0.74414766,-2.1457167,0.37410194,-1.0316991,0.3371248,-0.2774188,66
-1.1368878,1.1536796,-0.80289745,-0.9295898,1.5217776,-0.31397223,-0.033605095,0.63227177,0.10521904,0.062142394,0.04486586,-0.5081688,0.5231657,-1.0232531,-0.5505116,-0.06607819,57
-0.79738986,-0.6698426,-0.7267865,-0.8917633,2.3578384,0.64498305,-0.13670562,1.9085318,-1.0122311,0.8271429,0.9661487,-0.18142956,0.15772185,-0.8724488,-0.95237124,-0.8859552,43
-1.0787312,-0.7199915,-0.1357306,-0.7934817,2.2028282,0.12028584,1.4192369,0.8788949,-0.933197,-0.17116083,-0.87673914,0.012523413,-0.24171937,-0.046764925,1.4075521,0.15021983,86
-0.47747082,-2.660593,-1.5329442,-0.8326746,1.3316511,1.6034188,1.1174167,0.7228496,-1.1892043,-1.0804012,1.1916213,0.32365134,0.05558732,0.6195621,2.1865835,-1.7599735,65
-0.24905442,-2.686352,-1.0023592,-0.7914484,1.367803,1.244826,1.5427626,0.5761366,-1.127302,-0.96585447,0.68906724,-0.2939157,-0.31026077,0.87561136,2.2832081,-1.3298638,19
-0.8347296,-1.0188235,-0.6517072,-0.70791507,2.397467,0.6430118,0.21717012,1.7412634,-0.933339,0.6012904,0.75927854,-0.0683437,0.05275082,-0.96550786,-0.29136088,-0.50738716,79
-0.54671717,-1.1933548,-0.58911335,-0.66690254,2.3673134,0.64008474,0.104027815,2.0268562,-1.1089685,0.53921145,1.1199682,-0.49413285,-0.1570108,-0.854554,-0.6456231,-0.83552283,79
-0.74589384,-1.0009276,-0.6929557,-0.6816656,2.2012048,0.766188,-0.28080836,2.0879946,-1.1901271,0.5988769,1.0593964,-0.3444176,0.106222644,-1.0310261,-0.91858983,-0.9387657,43
-0.6639557,-1.1064264,-0.5226866,-0.78564626,2.1407044,0.8006407,0.1119889,1.9156493,-1.034318,0.84254533,0.9594479,-0.51674867,-0.08764034,-0.86124665,-0.7005307,-0.9783226,79
-0.72689223,-0.7697257,0.24005267,-0.6215883,1.238925,0.83543813,1.7122705,0.70237744,-0.11616377,0.4792061,-0.7841151,-2.4621437,0.32136875,-0.85783494,0.4725451,-0.5408057,36
-1.1391227,1.1508365,-0.7702052,-0.92207396,1.5075332,-0.2961638,-0.037369084,0.67934173,0.08817732,0.07010232,0.08181691,-0.5382848,0.5073429,-1.0615695,-0.57331026,-0.06386816,57
-0.80601346,-0.711083,-0.6581212,-0.8981953,2.333497,0.64738965,-0.044630203,1.9042165,-0.9996072,0.8351784,0.9164694,-0.28576785,0.10107571,-0.85076743,-0.8870987,-0.9125853,43
-1.0718447,-0.58261216,-0.11240974,-0.76887894,2.1776,0.15032229,1.3966745,0.8374671,-0.8964021,-0.19067131,-0.9196136,0.0038792193,-0.19663608,-0.05103548,1.3179771,0.13118845,86
-0.54129356,-2.6243877,-1.4580677,-0.8076377,1.3805039,1.5524274,1.1373713,0.7449112,-1.2064928,-1.0819119,1.0902499,0.35689047,0.0767789,0.61586237,2.213633,-1.6441867,19
-0.23722301,-2.557091,-0.9143415,-0.73618186,1.3482231,1.2428302,1.5843606,0.5569744,-1.1270807,-0.929864,0.58600885,-0.30806884,-0.3450636,0.8367837,2.2388043,-1.2948625,19
-0.8107138,-1.0366017,-0.628449,-0.68930805,2.3535593,0.67261004,0.26426446,1.7328634,-0.97043777,0.5540203,0.740329,-0.10878298,0.026621621,-0.9106404,-0.24745923,-0.57006544,79
-0.53143936,-1.196552,-0.588167,-0.67435646,2.2949867,0.6701802,0.20672888,1.962811,-1.1205333,0.4702806,1.0675668,-0.5622066,-0.23407197,-0.7610447,-0.5312741,-0.9182268,79
-0.7329605,-0.9975312,-0.6751663,-0.6090393,2.146578,0.8253691,-0.20798078,2.0553162,-1.2373688,0.5124033,0.9881321,-0.37000856,0.07031872,-0.9771723,-0.86173815,-0.9391323,43
-0.67573935,-1.1742214,-0.4578604,-0.82855505,2.0882025,0.7898561,0.23554121,1.8819801,-0.99841034,0.88261545,0.88316417,-0.6969022,-0.117863454,-0.82296413,-0.62461627,-1.0422449,79
-0.7710865,-0.81732273,0.1132015,-0.71673656,1.156254,0.8950243,1.7944653,0.62343705,-0.046561383,0.5020514,-0.6595128,-2.5689218,0.40763527,-0.74191666,0.52352095,-0.7781328,36
-1.1132417,1.1335548,-0.7237478,-0.93801594,1.4601817,-0.27105597,-0.07561576,0.7002692,0.11523616,0.08774246,0.16990827,-0.627404,0.47204155,-1.0649177,-0.667138,-0.13804153,57
-0.8229517,-0.76508087,-0.54819447,-0.93668723,2.319202,0.6164746,0.08166448,1.9098277,-0.9736403,0.8754696,0.8353302,-0.4311148,0.07256699,-0.83152306,-0.7894448,-0.93525517,79
-1.0581251,-0.4870913,-0.08657101,-0.7513778,2.1084847,0.18746474,1.4046055,0.79935986,-0.85273635,-0.19833927,-0.92074645,-0.06621672,-0.18383712,-0.050230443,1.2703563,0.08091158,86
-0.6132621,-2.567865,-1.3852384,-0.7684878,1.4239881,1.5046061,1.1621488,0.76658905,-1.2273322,-1.0976315,0.9720035,0.37138733,0.09043066,0.61004424,2.2291536,-1.5261137,19
-0.24582428,-2.4954772,-0.866087,-0.7319989,1.3319154,1.2104527,1.595967,0.55139554,-1.1114391,-0.9196735,0.5438649,-0.3575447,-0.3985821,0.825699,2.219769,-1.2941766,19
-0.78209156,-1.0706038,-0.61587286,-0.70234466,2.3068435,0.6962913,0.3258331,1.7174479,-0.99035,0.51356983,0.7404296,-0.19532067,-0.02901131,-0.8275786,-0.20119241,-0.6721859,79
-0.5563476,-1.1204582,-0.5554788,-0.73368144,2.2590222,0.7180574,0.3093813,1.866822,-1.0702431,0.41905862,0.93640476,-0.60236394,-0.3155597,-0.64135283,-0.43225887,-0.97815466,79
-0.73828596,-1.0126145,-0.66032994,-0.5897004,2.1004329,0.8756448,-0.09325425,2.0184124,-1.2631854,0.42524678,0.9281067,-0.41825992,0.03649318,-0.8934865,-0.74297315,-0.9723664,43
-0.70331514,-1.2672817,-0.357547,-0.8768947,2.0418649,0.7680085,0.38279107,1.8519348,-0.9578389,0.93751395,0.76379156,-0.92147267,-0.12833118,-0.77370554,-0.5421695,-1.111983,79
-1.0171096,-0.5017844,-0.34647855,-0.8417119,1.2156863,0.90294015,1.5733016,0.526257,0.063982114,0.48381174,-0.34834427,-2.2058666,0.87256444,-0.6951841,0.40458542,-0.8642823,66
-1.1402266,1.1638213,-0.68798935,-1.0261893,1.4685966,-0.27171853,-0.11942814,0.7115959,0.18817794,0.07003029,0.22504899,-0.7168062,0.4095891,-1.0002903,-0.76603717,-0.23823783,34
-0.83342445,-0.85183775,-0.42025387,-0.9701878,2.2878149,0.59490776,0.22373202,1.9121686,-0.948506,0.93207216,0.7284376,-0.62620044,0.04455277,-0.8009919,-0.70241964,-0.9799833,79
-1.1389799,-0.40893722,-0.058903083,-0.77011025,2.0956607,0.17785668,1.3962421,0.8269793,-0.80044913,-0.16275215,-0.9318595,-0.18655437,-0.1628784,-0.11386019,1.210784,0.05923447,86
-0.64642966,-2.4937284,-1.3052125,-0.7287036,1.4562627,1.4632328,1.1943617,0.7871585,-1.2471086,-1.111967,0.8689969,0.3445014,0.08777707,0.6080454,2.2191823,-1.4412162,19
-0.30230796,-2.4648473,-0.88062435,-0.73609996,1.3512707,1.1995096,1.6168472,0.5505878,-1.102676,-0.9646041,0.4878129,-0.42114103,-0.4884338,0.84769666,2.207389,-1.3087618,19
-0.75972694,-1.0615336,-0.58454084,-0.7340503,2.251408,0.72272336,0.40158096,1.6890578,-0.9910071,0.49515045,0.7134695,-0.27473333,-0.10348054,-0.7393369,-0.15227917,-0.7591858,79
-0.6103344,-1.0147307,-0.47286737,-0.77427673,2.2128198,0.7810339,0.41165385,1.786466,-1.018393,0.41760004,0.73952365,-0.69813263,-0.32730427,-0.5764661,-0.381558,-1.0126653,79
-0.72861326,-1.04464,-0.62388015,-0.5883902,2.0215187,0.94195974,0.023857206,1.985803,-1.2838624,0.37286454,0.8851714,-0.51537085,0.014435314,-0.8094817,-0.6380269,-1.0568268,79
-0.67512995,-1.3104132,-0.33900592,-0.91860247,2.0396972,0.7970445,0.52356255,1.8274596,-0.8864213,0.91484565,0.7143334,-1.1173635,-0.32418096,-0.71439505,-0.5265418,-1.2294147,79
-1.1805048,-0.12030025,-0.68072194,-0.980062,1.3418583,0.7757753,1.396745,0.47093123,0.16227478,0.54323846,-0.08542991,-1.7929661,1.2584186,-0.6695088,0.3077705,-0.8498788,66
-1.1699281,1.2081082,-0.6690678,-1.0665326,1.5231767,-0.259195,-0.15937842,0.74944115,0.2149241,0.019727554,0.26423094,-0.7213484,0.33887094,-0.95637137,-0.811646,-0.27484286,34
-0.76870453,-0.91558075,-0.36904448,-1.0134482,2.263876,0.60286283,0.3375356,1.9058781,-0.88484216,0.9339962,0.7317518,-0.77359545,-0.17748031,-0.7498961,-0.67885447,-1.1080477,79
-1.2157576,-0.33190247,-0.069731206,-0.7883922,2.1022718,0.18919134,1.3718742,0.88556445,-0.7811495,-0.14612249,-0.9219054,-0.298157,-0.1199517,-0.17405286,1.1244107,0.022862911,86
-0.64377135,-2.4472222,-1.2538598,-0.69979435,1.4640976,1.4450315,1.2233404,0.8018961,-1.2559168,-1.1325624,0.81437534,0.25488064,0.03959022,0.61415637,2.1829813,-1.4158285,19
-0.4328184,-2.4402897,-0.9043482,-0.73283494,1.4341674,1.2100909,1.7029234,0.57649887,-1.1458789,-1.0438634,0.32971135,-0.44407812,-0.50881714,0.8845967,2.2670376,-1.2732108,85
-0.780228,-1.0170174,-0.51555943,-0.7796378,2.1990016,0.7354615,0.48280716,1.651815,-0.9742693,0.5091009,0.61463237,-0.36610836,-0.14053452,-0.6746795,-0.100274466,-0.811704,79
-0.65822893,-0.9860711,-0.36044323,-0.8128414,2.1302667,0.80376005,0.51033354,1.7775089,-1.015285,0.5255704,0.6066696,-0.84618926,-0.22258759,-0.6217946,-0.33057666,-1.0727687,79
-0.7460764,-1.1222531,-0.5551163,-0.6383375,1.941844,0.9678749,0.13913153,1.9768842,-1.2935212,0.4061578,0.8505759,-0.6528899,0.027043797,-0.7593852,-0.52363724,-1.1768613,79
-0.6023665,-1.2032813,-0.5055588,-0.8191896,1.982314,0.84680307,0.51641375,1.8475174,-0.9675422,0.8253556,0.8707318,-1.0070531,-0.39088833,-0.708394,-0.5095964,-1.2331779,79
-0.5838822,-0.23996627,-0.3007411,-0.710679,1.280391,0.9548502,1.7755843,0.48230532,0.12706304,1.0384946,-0.11778778,-1.9313699,0.7139369,-0.92298216,0.1644949,-0.9645006,56
-1.2365758,1.2206954,-0.63606167,-1.110337,1.5493857,-0.24339002,-0.14173849,0.79405713,0.20181954,-0.021031298,0.23578961,-0.74611306,0.38142696,-0.9337131,-0.75281537,-0.29162,57
-0.6541902,-0.76345015,-0.43389678,-0.89635396,2.215066,0.5749749,0.35365468,1.911743,-0.91435325,0.9578502,0.84474546,-0.7003133,-0.29461274,-0.8194167,-0.6974617,-1.0588984,79
-1.2845614,-0.25027704,-0.123755455,-0.79889554,2.1079888,0.21255103,1.354838,0.9408685,-0.7573986,-0.1376275,-0.8778895,-0.44335014,-0.08397823,-0.2198841,1.0180429,-0.030280098,86
-0.6179736,-2.4337368,-1.2339735,-0.6631435,1.4215375,1.4551332,1.2418945,0.7975812,-1.2425301,-1.1431925,0.80915284,0.09922472,-0.05594369,0.6084585,2.1142833,-1.442281,19
-0.57427937,-2.4691756,-0.8963985,-0.7159802,1.4968368,1.2387571,1.8486323,0.6197858,-1.2278601,-1.0788901,0.12437607,-0.526877,-0.46378496,0.904605,2.358662,-1.265276,19
-0.7920346,-0.9930788,-0.4059165,-0.82712555,2.1088014,0.72357213,0.5710204,1.6340463,-0.95782435,0.58584726,0.5072615,-0.55390656,-0.13487482,-0.674702,-0.07037809,-0.88685954,79
-0.6307371,-0.7475532,-0.23185393,-0.8592699,2.1012979,0.7577579,0.51928306,1.7580633,-0.85307133,0.7033069,0.5622649,-0.93560684,-0.27510983,-0.7969642,-0.5070957,-1.1083567,79
-0.7756937,-1.2508703,-0.49039966,-0.74322486,1.8642654,0.97797775,0.23117657,1.977147,-1.2699294,0.5036288,0.8743714,-0.78310835,0.086238384,-0.7303269,-0.39412114,-1.3221519,79
-0.6620518,-1.1901555,-0.73613864,-0.85323167,1.9422762,0.91069186,0.4051488,1.8064263,-1.0174598,0.71530837,1.0056553,-0.81642115,-0.28551775,-0.6132766,-0.47832623,-1.3322427,79
-0.6512118,-0.3997537,-0.32137972,-0.7263881,1.3479856,1.0898232,1.8463478,0.56029975,-0.023238406,1.049003,-0.14241764,-1.753929,0.86538875,-0.87898767,0.35810387,-1.0375657,66
-1.3259382,1.1906229,-0.5950372,-1.1622264,1.5542059,-0.2548982,-0.09366965,0.84212935,0.14445049,-0.07033627,0.17636669,-0.77654135,0.46747988,-0.8788681,-0.6201508,-0.31420365,57
-0.67610264,-0.73714495,-0.636859,-0.91617036,2.1562085,0.65001965,0.26800004,1.8282048,-0.89783454,0.86350906,0.9771799,-0.55635077,-0.26391563,-0.7326744,-0.68602943,-1.143848,79
-1.3168459,-0.16300456,-0.14528209,-0.7910547,2.050154,0.2415668,1.3588752,0.9968432,-0.7481798,-0.06911032,-0.8391911,-0.6348766,0.0005781278,-0.2938686,0.8912035,-0.10723935,2
-0.5852035,-2.3984983,-1.1913245,-0.65727675,1.4287134,1.4369415,1.2966995,0.784955,-1.2125545,-1.1454799,0.7582898,-0.054098085,-0.1822742,0.61964357,2.0764933,-1.4423196,19
-0.5188159,-2.3896568,-0.7815428,-0.5801567,1.5282297,1.2584149,1.999726,0.7121761,-1.328127,-1.0867722,-0.09817222,-0.7136176,-0.6986085,0.8082374,2.2328258,-1.3092315,19
-0.80000114,-1.0160781,-0.27757537,-0.869174,1.9894465,0.72841406,0.64062,1.6431992,-0.94590473,0.73414814,0.42612258,-0.7633474,-0.061975516,-0.7439762,-0.074678086,-0.9935072,79
-0.6265797,-0.96691835,-0.5332055,-0.739903,1.9907966,1.0017847,0.47583848,1.7836242,-1.0533448,0.5409686,0.8128586,-0.719643,-0.2753721,-0.6942159,-0.3663143,-1.2578568,79
-0.70767295,-1.1774117,-0.49176985,-0.8419837,1.8629547,0.9876281,0.25456637,1.9717336,-1.1648422,0.64162046,0.9724522,-0.8477317,-0.060760267,-0.75195044,-0.51156676,-1.495122,79
-0.71875685,-1.2536637,-0.8606681,-0.9104185,1.9914213,0.9470874,0.29024234,1.8730356,-1.1486086,0.63849956,1.1335964,-0.52547926,-0.16567126,-0.4723214,-0.41436806,-1.3588886,79
-0.6942702,-0.5498662,-0.46295923,-0.7372514,1.3341616,1.3072137,1.8522251,0.50359565,-0.112380624,0.84569657,-0.06323874,-1.4534104,1.0019829,-0.69139796,0.61226434,-1.1625352,66
-1.3737836,1.1001419,-0.53514355,-1.2286135,1.4967422,-0.26494253,-0.038535964,0.88898003,0.075931266,-0.11759129,0.16456948,-0.8639754,0.58144784,-0.7790383,-0.48402956,-0.39005882,57
-0.75560015,-0.953249,-0.8012729,-0.9878417,2.1314425,0.7800021,0.1490733,1.9023747,-1.0607343,0.7292336,1.1687126,-0.308007,-0.09036409,-0.5498929,-0.55504763,-1.2766266,79
-1.3680174,0.00097346306,-0.115658015,-0.8197651,2.0173047,0.15552065,1.3494335,1.0683131,-0.71904004,0.118525684,-0.78771544,-0.74028873,0.27196142,-0.44526076,0.78332996,-0.09822808,2
-0.5369632,-2.3671384,-1.1166928,-0.65379125,1.4381838,1.4097291,1.3698263,0.7639055,-1.1676161,-1.123442,0.67032343,-0.2536847,-0.3308093,0.63066506,2.0286431,-1.4377658,65
-0.59823245,-2.7095995,-0.7255734,-0.66251385,1.5734681,1.2102739,2.1073246,0.9996784,-1.671829,-1.2154008,-0.06125948,-0.5254684,-0.73340076,0.95072204,2.5640843,-1.4298217,65
-0.6481269,-0.7667335,-0.32875434,-0.7419555,1.8880477,0.8201393,0.646206,1.6208892,-0.91815746,0.7710872,0.47688717,-0.8149477,-0.17437443,-0.9121284,-0.2896484,-1.0452411,79
-0.7214151,-1.1124492,-0.74645644,-0.7428489,2.0245464,1.0835447,0.35272038,1.8935524,-1.2725161,0.3682729,1.0141643,-0.37498438,-0.109645076,-0.5284417,-0.21972013,-1.2900715,79
-0.7496299,-1.1781772,-0.6614841,-0.8888544,1.8248808,1.0664921,0.12607352,1.9910947,-1.1869035,0.6612093,1.2071197,-0.71734226,-0.0054737106,-0.66831046,-0.5866734,-1.6747439,79
-0.7326184,-1.102153,-0.8024037,-0.89176667,2.141887,0.8747405,0.20591074,2.0251334,-1.2243377,0.75352293,1.1136049,-0.38371336,-0.028841637,-0.572075,-0.56128854,-1.208483,79
-0.8223352,-0.79781806,-0.7518689,-0.6915045,1.2996554,1.5929921,1.7702832,0.5163884,-0.32347846,0.4839115,0.055793807,-1.0882972,1.1944095,-0.5438717,0.9530042,-1.2138491,66
-1.3857024,1.021087,-0.5051623,-1.2980847,1.4034746,-0.28422356,0.0182169,0.91475916,0.0131447315,-0.15147032,0.19271496,-0.95699286,0.6658746,-0.6630566,-0.37328875,-0.4993675,57
-0.7630027,-0.9146012,-0.80908865,-0.96345145,2.2422779,0.7652457,0.041233122,2.0655272,-1.1831675,0.7848591,1.1995202,-0.18648961,0.07605007,-0.62451637,-0.6736591,-1.1859534,43
-0.9630638,0.19955257,-0.15964168,-0.5351002,2.0751348,0.3304375,1.4892039,1.2459693,-0.8440939,0.2648013,-0.53033817,-0.63920605,0.06603507,-0.6787733,0.5414719,-0.009963885,79
-0.3293034,-2.1274607,-0.96136314,-0.60248935,1.5030539,1.3869133,1.4584349,0.77964985,-1.0572526,-1.0611072,0.5704763,-0.52619314,-0.7052239,0.5784374,1.7081264,-1.469974,36
-0.6958115,-2.2403057,-0.69921786,-0.7105669,1.7697551,1.0064659,1.9668425,1.1635838,-1.6475632,-0.98531526,-0.06712741,-0.31662795,-0.73111725,0.79613644,2.2509634,-1.2113178,65
-0.6827167,-0.7605475,-0.5968325,-0.7212833,1.8253788,0.98152566,0.5387477,1.595501,-0.9877796,0.6131528,0.64494,-0.65431666,-0.119521625,-0.7982623,-0.31292173,-1.1898763,79
-0.73819613,-1.0058137,-0.81444967,-0.7072822,2.2052586,0.9968773,0.20469575,2.0976818,-1.3926039,0.4144354,1.0905608,-0.26311508,-0.041900687,-0.5570649,-0.47381052,-1.101131,79
-0.782786,-1.0642632,-0.77252,-0.8891447,1.8194658,1.0995399,0.009639416,2.0243835,-1.273466,0.53020084,1.3677862,-0.4001774,0.21985862,-0.5995884,-0.5219424,-1.6242206,43
-0.7867798,-0.9283998,-0.7969238,-0.897673,2.2990074,0.7201319,0.030259963,2.2062042,-1.3984137,0.833267,1.1309185,-0.04324022,0.025206175,-0.65347034,-0.6302474,-1.0181253,43
-0.7690782,-0.7304388,-0.77201116,-0.6799477,1.1598157,1.5862526,1.6611812,0.50385237,-0.32965457,0.47089046,0.20799044,-0.93775725,1.1717176,-0.5663074,0.96253884,-1.2936864,66
-1.3750412,1.033417,-0.49622256,-1.2860031,1.3215119,-0.32061988,0.01602203,0.9382191,-0.08017459,-0.16838259,0.2055028,-0.90326667,0.68934476,-0.6334961,-0.31059945,-0.5190824,57
-0.81687784,-0.8024167,-0.8272516,-0.9654397,2.3684354,0.64699996,-0.14026639,2.2310317,-1.3431013,0.840017,1.2413619,0.11189142,0.1413387,-0.703634,-0.73059267,-1.0299921,43
-0.89428073,0.26119307,-0.093253374,-0.65554184,2.1941648,0.18277022,1.4787893,1.3734195,-0.87310445,0.6220925,-0.3986199,-0.4656895,-0.1200201,-0.5725167,0.36712193,-0.09967825,79
-0.29879773,-2.054394,-0.8490979,-0.6343383,1.4947183,1.3796443,1.4181596,0.8772783,-1.0603807,-1.0134379,0.5843252,-0.5965786,-0.712827,0.52529645,1.573318,-1.5544138,36
-0.904309,-1.8521525,-0.7540636,-0.7363348,1.9065373,0.92158544,1.7549883,1.2365981,-1.5801985,-0.7218861,-0.102919936,-0.15655014,-0.69695723,0.62474203,1.9026023,-1.021642,99
-0.7291795,-0.8793354,-0.75528187,-0.67145616,1.8226374,1.0781864,0.43768117,1.7676224,-1.2693018,0.40466475,0.8409945,-0.3594033,0.07852296,-0.66441166,-0.18033704,-1.1604459,79
-0.75644803,-1.0397377,-0.8521859,-0.71728873,2.2506797,0.93743026,0.06159763,2.2531922,-1.4767987,0.5167356,1.1942046,-0.22174162,0.04174296,-0.6115907,-0.64238286,-1.004115,43
-0.7988943,-0.9406742,-0.84186405,-0.8169227,1.9471966,1.0198063,-0.078928515,2.2017,-1.4380465,0.5057837,1.4235438,-0.21737224,0.36788929,-0.6472973,-0.5999787,-1.3872733,43
-0.8082757,-0.7168027,-0.83356166,-0.8264452,2.3306243,0.63020587,-0.041830268,2.2189503,-1.4561263,0.8057612,1.0922661,0.12620294,0.06351988,-0.7113291,-0.6772113,-0.8499118,43
-0.9242412,-0.7573875,-0.84513813,-0.60031027,1.1754168,1.6677817,1.5881709,0.6020675,-0.532889,0.26350448,0.15633354,-0.7475744,1.2992469,-0.5506961,1.0757331,-1.2399113,19
-1.3028057,1.0364685,-0.42660916,-1.2160022,1.201765,-0.33496857,-0.014242124,0.9562516,-0.18988273,-0.13855115,0.20426615,-0.8010881,0.7498215,-0.6589017,-0.29656836,-0.49725455,57
-0.8071478,-0.5871867,-0.84114987,-0.88064575,2.4011586,0.5726168,-0.1841343,2.215114,-1.3568559,0.8278528,1.1844065,0.23316994,0.16048715,-0.77323544,-0.78979635,-0.8559685,43
-0.9288026,0.2702326,-0.16924503,-0.71421957,2.2230155,0.18034753,1.4355657,1.387959,-0.9310465,0.66093796,-0.35898787,-0.30718905,-0.21182233,-0.40869522,0.33970055,-0.21667847,79
-0.3978877,-2.308486,-0.92564124,-0.66420215,1.4503837,1.5963117,1.3795842,1.038307,-1.302486,-1.1954525,0.71342885,-0.40827662,-0.64683294,0.7037854,1.731522,-1.7756116,65
-0.9283568,-1.2772573,-0.55007195,-0.6689077,2.0458846,0.63881254,1.5597306,1.3275138,-1.4803747,-0.20120077,-0.30162334,-0.20049028,-0.70338553,0.23680674,1.2963582,-0.67233,99
-0.7745658,-0.8973428,-0.82670325,-0.68950546,2.0103326,0.9785303,0.3204495,2.0055568,-1.3993269,0.49494904,0.9708895,-0.25336325,0.08668621,-0.6371723,-0.36191484,-0.99102557,79
-0.79739976,-1.0275537,-0.8940998,-0.6909809,2.2748752,0.90314627,-0.105390444,2.3681903,-1.5693569,0.54841626,1.2600327,-0.11095707,0.06300907,-0.68081355,-0.7462866,-0.9266127,43
-0.760791,-0.87868726,-0.82800436,-0.7674361,2.0409727,0.9237859,-0.24911872,2.3910086,-1.552593,0.57993793,1.5285605,-0.053492606,0.38710737,-0.726932,-0.77690643,-1.1830142,43
-0.85334724,-0.6814115,-0.9334008,-0.79785204,2.3460107,0.63684905,-0.12499151,2.243793,-1.4914205,0.7288472,1.1217251,0.15199277,0.107101865,-0.72686833,-0.7380926,-0.7990348,43
-1.0109355,-0.7539052,-0.91081685,-0.5760905,1.2151256,1.6552166,1.5237885,0.67815495,-0.6448339,0.16760647,0.18056223,-0.62279177,1.4054241,-0.57737046,1.1323159,-1.1933777,19
-1.2084587,1.0357488,-0.30148765,-1.2091644,1.039535,-0.413501,-0.026788082,0.90462554,-0.23087756,-0.036644362,0.19623062,-0.6963502,0.8157681,-0.6304204,-0.27130908,-0.49838403,57
-0.81593764,-0.5244005,-0.91536206,-0.84105384,2.4041858,0.57581544,-0.25226757,2.2131855,-1.3774223,0.75544363,1.1825234,0.24125859,0.16974008,-0.7925108,-0.8562697,-0.80301577,43
-0.9427433,0.017300636,-0.4094314,-0.8192215,2.168133,0.28127727,1.33689,1.3778228,-1.0610038,0.51974434,-0.13276753,-0.021594524,-0.2161797,-0.20806119,0.55100834,-0.42908865,79
-0.5244181,-2.2927725,-0.9360545,-0.7307834,1.5218059,1.5552423,1.3318416,1.2154243,-1.5299063,-1.2515647,0.68484545,-0.17511499,-0.5311161,0.7507386,1.8340592,-1.7316186,65
-0.96232903,-0.77297354,-0.462076,-0.5734811,2.150794,0.35811833,1.2188911,1.4983244,-1.5410789,0.109762125,-0.36978978,-0.14655231,-0.70017034,-0.08388905,0.68246883,-0.4028641,99
-0.76052696,-0.88089097,-0.7760983,-0.66168916,2.0964344,0.86421967,0.16476001,2.2073586,-1.4967802,0.67788756,1.0554957,-0.21256694,0.13811447,-0.7786537,-0.5846232,-0.8269506,43
-0.8554165,-1.0546749,-0.97861177,-0.6968093,2.2878323,0.8557118,-0.1987071,2.4011154,-1.5489117,0.60536414,1.3467628,-0.10108666,0.09168806,-0.7375738,-0.8237032,-0.90303814,43
-0.77453893,-0.77630424,-0.8146738,-0.7317186,2.150917,0.833243,-0.4527759,2.5846612,-1.5947793,0.6955565,1.6231899,-0.017559588,0.37643728,-0.86727697,-1.0678326,-1.0187882,43
-0.91363895,-0.7385787,-1.0408094,-0.7840048,2.385582,0.6899601,-0.17984849,2.280227,-1.509047,0.64269596,1.1605842,0.106416345,0.15265071,-0.74378616,-0.7835432,-0.77817416,43
-1.0746241,-0.7650283,-1.0096111,-0.5912343,1.2671536,1.6646303,1.4300507,0.7340623,-0.7101259,0.06801112,0.22456968,-0.53668535,1.4622928,-0.5711726,1.1139634,-1.1886761,19
-0.73157054,1.2107477,-0.25227085,-0.98047215,1.3310286,-0.38860035,0.25325745,1.1145273,-0.4063831,0.4922583,0.33506212,-0.20815651,0.27564973,-0.8485354,-0.48186556,-0.25540185,34
-0.84029096,-0.6080531,-1.0038991,-0.8339666,2.4133015,0.6367215,-0.28242525,2.2253923,-1.3786699,0.68994176,1.2241539,0.17324841,0.18607691,-0.7953767,-0.88118637,-0.8037643,43
-0.8921583,-0.23537658,-0.46065682,-0.83690023,2.1867476,0.35638657,1.0999092,1.6306775,-1.3322791,0.5252834,0.08840062,0.19875151,-0.20020384,-0.30870566,0.54533863,-0.5101172,79
-0.6388474,-1.8881437,-0.93698376,-0.70455945,1.7929841,1.3597797,1.1439387,1.4036586,-1.6317863,-1.2014303,0.4581319,-0.12448232,-0.481115,0.629778,1.4092253,-1.3741121,65
-1.066103,-0.5832665,-0.5873114,-0.5537182,2.153476,0.3012211,0.9771872,1.5954808,-1.6016235,0.11012764,-0.2500252,-0.031262845,-0.58223546,-0.17781234,0.4404465,-0.35353935,79
-0.8469978,-0.95077467,-0.85630256,-0.6437638,2.139469,0.81527853,0.05528401,2.300035,-1.5396291,0.7376672,1.1711128,-0.17188406,0.14545274,-0.8135756,-0.6675236,-0.7829391,43
-0.92698777,-1.1460861,-1.0964127,-0.756684,2.3112469,0.8325057,-0.29698858,2.4456732,-1.5136362,0.65350443,1.4797554,-0.12733012,0.11349034,-0.7622495,-0.8909058,-0.92381614,43
-0.88422686,-0.8211502,-0.94051427,-0.7514014,2.2031615,0.8284961,-0.5274397,2.6542773,-1.5863659,0.678313,1.7098992,-0.047525555,0.44650608,-0.8915873,-1.1367657,-0.97179097,43
-0.9479647,-0.828112,-1.1113322,-0.78360903,2.400921,0.72904944,-0.2163063,2.3013055,-1.4821553,0.6071636,1.2230008,0.022876084,0.1882317,-0.781097,-0.8238132,-0.758925,43
-1.1315675,-0.846349,-1.1231711,-0.57235754,1.284407,1.7096688,1.3183503,0.8100996,-0.81561697,-0.089793846,0.27290565,-0.4854034,1.4957253,-0.5694449,1.0898318,-1.1805308,19
-0.5935472,1.1655143,-0.003383249,-1.11618,1.4211526,-0.50740975,0.5384866,1.1528739,-0.34394354,0.8306234,0.29366243,-0.30272844,0.098608635,-0.7532809,-0.40392056,-0.32629144,34
-0.8579704,-0.7346506,-1.0775163,-0.84188664,2.418939,0.6773901,-0.30055663,2.2398806,-1.3539302,0.6728283,1.294758,0.07659748,0.17090747,-0.8101699,-0.9008833,-0.80753535,43
-0.9444072,-0.38443747,-0.51657236,-0.8169772,2.2049868,0.40834907,0.9944559,1.7416761,-1.4163418,0.49817348,0.19926062,0.23450729,-0.15178385,-0.34164888,0.48892188,-0.5490391,79
-0.8147562,-1.4455312,-0.9733476,-0.6703247,2.064154,1.0902182,0.91652197,1.5369049,-1.6563047,-1.0665385,0.26196676,-0.09647529,-0.51309687,0.46889257,0.90435416,-1.0200365,65
-1.1379781,-0.630212,-0.71768564,-0.55810654,2.174903,0.37673983,0.80144954,1.7020085,-1.6452128,0.06831086,-0.03197691,0.089342356,-0.4095527,-0.254163,0.3771734,-0.3775007,79
-0.89676595,-1.0108936,-0.973563,-0.66773605,2.1801443,0.7768519,-0.0693582,2.3641613,-1.5463614,0.770435,1.3198038,-0.14051469,0.13844523,-0.8296704,-0.75719213,-0.7863407,43
-0.9649094,-1.2364749,-1.1817081,-0.8039793,2.3417838,0.8029767,-0.36627653,2.4648123,-1.4669133,0.6869019,1.5841246,-0.15113024,0.11604252,-0.7879459,-0.92558956,-0.9141179,43
-0.9864247,-0.9204687,-1.0418153,-0.79217595,2.2253325,0.8403485,-0.58718616,2.7178638,-1.5910681,0.69917774,1.7736905,-0.11710712,0.54003924,-0.9266354,-1.1789464,-0.9950896,43
-0.9392882,-0.8948283,-1.1485531,-0.810719,2.3987381,0.72075486,-0.25597575,2.2973974,-1.4218607,0.621574,1.2981132,-0.05299084,0.17946541,-0.8119105,-0.86795133,-0.75924253,43
-1.1645384,-0.91462886,-1.2262831,-0.5669016,1.3025323,1.7410058,1.217924,0.86440206,-0.89790595,-0.23679866,0.32975972,-0.42335033,1.543285,-0.56529236,1.0880448,-1.1608856,19
-0.5312079,1.129236,-0.13133445,-1.2345829,1.3719856,-0.3952735,0.78336585,1.0835445,-0.32010567,0.83947104,0.38395756,-0.5194449,0.0968661,-0.5267586,-0.25838724,-0.5757923,34
-0.8527697,-0.8469857,-1.1123774,-0.8677126,2.4089684,0.6852441,-0.30790263,2.2387624,-1.297995,0.69676334,1.3634417,-0.03176391,0.14843374,-0.8392524,-0.9187964,-0.8117153,43
-1.0016019,-0.39095095,-0.5961875,-0.8135595,2.2234566,0.4439312,0.92303437,1.7664094,-1.3835118,0.46030736,0.28344843,0.20498201,-0.106993325,-0.37939113,0.40831032,-0.5437379,79
-0.9248699,-1.426727,-0.97196513,-0.67103136,2.1726336,0.93767166,0.7415749,1.6993132,-1.6927103,-0.7549474,0.31587425,-0.12317325,-0.53869724,0.29383582,0.6006133,-0.8766695,79
-1.1512241,-0.6641686,-0.81897753,-0.5687362,2.1983986,0.43059072,0.6813915,1.7451952,-1.6487594,0.047729664,0.1415306,0.20012349,-0.29658413,-0.30692577,0.35077536,-0.3816523,79
-0.95619977,-1.0737215,-1.079298,-0.70837915,2.2380202,0.7443383,-0.17137234,2.4221678,-1.5435067,0.8008787,1.4320318,-0.12149769,0.16876656,-0.84019405,-0.83536476,-0.7815802,43
-0.98698026,-1.3020636,-1.2227685,-0.82680845,2.379396,0.75894785,-0.3877098,2.4500864,-1.4235967,0.6855763,1.6193918,-0.17396808,0.097658485,-0.7915811,-0.9253472,-0.8756986,43
-1.0628805,-1.0489994,-1.1397853,-0.8237284,2.23697,0.8499197,-0.61325353,2.7467496,-1.5799699,0.7136869,1.8297423,-0.1992416,0.57842326,-0.9477599,-1.1840137,-1.0156772,43
-0.9227817,-0.9453311,-1.1736898,-0.8478521,2.4123828,0.6893617,-0.28205636,2.2881663,-1.3620764,0.6515675,1.3511662,-0.12188433,0.14646603,-0.8324305,-0.90223753,-0.77216494,43
-1.1830189,-0.9946029,-1.3367739,-0.5430032,1.3244311,1.7606002,1.1217098,0.9071621,-0.9681058,-0.36761922,0.38686788,-0.39840132,1.5602924,-0.5650994,1.0537983,-1.1213021,19
-0.5738447,1.1404786,-0.45711505,-1.2016871,1.2427218,-0.14487098,0.7968598,0.9478854,-0.2982725,0.63030916,0.52138644,-0.63882256,0.27705902,-0.41228878,-0.21737894,-0.7780546,34
-0.826708,-0.9149041,-1.1350946,-0.90505487,2.3958657,0.6469977,-0.3056162,2.2047405,-1.2324971,0.73757195,1.4129515,-0.1008496,0.08170506,-0.8436507,-0.91722107,-0.82430214,43
-1.0401266,-0.39185184,-0.6954392,-0.8152174,2.2263584,0.47825226,0.84517753,1.7730178,-1.362819,0.41139078,0.3629914,0.19613793,-0.050506093,-0.40833563,0.3399669,-0.52478063,79
-0.925573,-1.1181372,-0.8647205,-0.62728655,2.2894337,0.6473229,0.5882703,1.8186504,-1.6105752,-0.33190513,0.2977357,-0.2315529,-0.5894035,-0.023594148,0.14219439,-0.6451264,79
-1.1649351,-0.6525803,-0.9223793,-0.5923669,2.240575,0.4653435,0.6009468,1.7465842,-1.6097089,0.0009546429,0.24726313,0.23575076,-0.2126528,-0.35022426,0.3078583,-0.36513296,43
-0.9878182,-1.1072906,-1.1538746,-0.7526567,2.2975721,0.69042885,-0.26618892,2.4437833,-1.5051373,0.82563025,1.5223179,-0.11006428,0.17347565,-0.8498933,-0.9192015,-0.76572126,43
-0.99976146,-1.3262637,-1.2581899,-0.8712759,2.4021199,0.68049335,-0.38644576,2.3839161,-1.3447514,0.6817958,1.6355753,-0.19647515,0.03779737,-0.7681619,-0.90394104,-0.8485213,43
-1.099852,-1.1542635,-1.2075655,-0.8521165,2.221555,0.81242,-0.6146747,2.712885,-1.5231328,0.7545266,1.8671669,-0.2994926,0.5531683,-0.9664354,-1.1789008,-1.0248265,43
-0.90734875,-1.0021558,-1.1777112,-0.8883397,2.4084213,0.6404121,-0.29961014,2.2737613,-1.2904624,0.7134888,1.404044,-0.21011585,0.104017965,-0.8589324,-0.93845475,-0.7986729,43
-1.2022662,-1.0492755,-1.4251235,-0.55626756,1.3179251,1.743209,1.0355066,0.9104099,-0.96210825,-0.4354397,0.4634335,-0.40665615,1.570077,-0.5648877,1.0072906,-1.0939479,19
-0.4769982,1.1462041,-0.36629045,-1.3260429,1.2798439,-0.20524752,0.83468634,0.950318,-0.18067542,0.8480593,0.5538869,-0.75284994,0.11748261,-0.44663602,-0.33217838,-0.86441606,34
-0.80921006,-0.94811714,-1.1442187,-0.94817644,2.3855853,0.58897185,-0.29269707,2.1595852,-1.1518646,0.78958184,1.439538,-0.1788232,0.012581676,-0.8470287,-0.9191395,-0.84282,43
-1.0783738,-0.39081,-0.7643311,-0.79932797,2.175209,0.45572343,0.74733615,1.7571604,-1.3671124,0.3636188,0.43655044,0.22783038,-0.030709721,-0.42142344,0.28764918,-0.49354514,79
-0.94753283,-0.93112445,-0.8911039,-0.6373316,2.3363414,0.46980235,0.4443234,1.8603233,-1.5658834,-0.18567203,0.34912246,-0.21629846,-0.60844415,-0.148172,-0.07600094,-0.55868924,79
-1.1668682,-0.6408352,-1.0177772,-0.6256991,2.270294,0.46646002,0.5219391,1.7417687,-1.5296247,-0.010269083,0.37975785,0.19761589,-0.17222983,-0.4051565,0.22451177,-0.36244112,43
-0.99371606,-1.0956941,-1.2060134,-0.796018,2.3487601,0.6106646,-0.33892807,2.4114633,-1.4512925,0.826631,1.5698287,-0.07476562,0.1508362,-0.8352927,-0.9727198,-0.7466798,43
-0.96442556,-1.3161314,-1.2415669,-0.8962828,2.4090197,0.60698617,-0.36670047,2.2973204,-1.2709295,0.68318313,1.6165415,-0.19904125,-0.023048677,-0.7594533,-0.8739762,-0.82612354,43
-1.0951283,-1.184723,-1.2206037,-0.8711742,2.2052166,0.74299467,-0.58583933,2.6340125,-1.4509555,0.79440075,1.8353977,-0.38882414,0.50964236,-0.9920577,-1.1664654,-1.0184345,43
-0.88006485,-1.0366876,-1.1528153,-0.92268145,2.3997526,0.5753865,-0.30737448,2.2428894,-1.2205988,0.77572185,1.4337381,-0.27142787,0.053693503,-0.87776506,-0.9593055,-0.82149893,43
-1.161547,-1.051524,-1.4466732,-0.58725536,1.2848741,1.6912057,0.9705358,0.8669692,-0.8987007,-0.42427433,0.5458355,-0.38425064,1.5809335,-0.5706844,0.9716487,-1.0667546,19
-0.5359529,0.8608583,-0.4099499,-1.4374373,1.4739878,-0.12602018,0.8304769,1.0531285,-0.1696216,1.0786309,0.67292655,-0.69935596,-0.03628186,-0.4327532,-0.40111917,-0.96269965,110
-0.79588383,-0.98667026,-1.131777,-0.9687322,2.3677523,0.5359279,-0.26570696,2.1145854,-1.0872449,0.822494,1.4369922,-0.2592616,-0.04247383,-0.85522264,-0.90887284,-0.84770787,43
-1.1198545,-0.39827353,-0.8626099,-0.802796,2.1419258,0.43254545,0.67816883,1.7109607,-1.3420604,0.30736226,0.50626814,0.24507537,0.0040998906,-0.42793888,0.2701728,-0.46327987,43
-0.97349095,-0.9052352,-0.96003634,-0.69019455,2.3867226,0.36318156,0.36294967,1.8468663,-1.4927539,-0.12574546,0.42714185,-0.2184774,-0.6494689,-0.18351004,-0.15050861,-0.5588722,79
-1.1433005,-0.60969174,-1.0563171,-0.6564735,2.2960596,0.42517522,0.46061468,1.7303528,-1.4304676,0.019747727,0.4971589,0.14586207,-0.15554926,-0.4714442,0.13808846,-0.3552841,43
-0.9883826,-1.1216124,-1.2365882,-0.8097576,2.3756645,0.547521,-0.38098073,2.354282,-1.3928832,0.81659925,1.5965978,-0.07190853,0.11620951,-0.83611625,-0.9995878,-0.72239184,43
-0.9103993,-1.336111,-1.2059183,-0.8782773,2.41009,0.55004585,-0.34466675,2.223136,-1.2221557,0.69232535,1.6027511,-0.1995484,-0.09171235,-0.7798536,-0.8508333,-0.7940985,43
-1.0643094,-1.2049419,-1.1934686,-0.8685334,2.196667,0.65817416,-0.53170323,2.5511618,-1.3970054,0.8379308,1.769479,-0.45288444,0.4483278,-1.0234948,-1.1330713,-0.98748183,43
-0.84252423,-1.0653324,-1.1052289,-0.9381451,2.3966656,0.5157157,-0.30640402,2.2079933,-1.1718544,0.8175887,1.439161,-0.30976155,0.005174637,-0.8907064,-0.9688059,-0.84182984,43
-1.1452687,-1.1025356,-1.4648874,-0.6019266,1.310091,1.6781117,0.93764216,0.85134697,-0.8586658,-0.4502192,0.5793285,-0.40229422,1.6012479,-0.58481085,0.95049703,-1.0245104,66
-0.62397826,0.45311752,-0.5621645,-1.4997895,1.6207676,0.0032798946,0.6993484,1.2249618,-0.30224895,1.1888903,0.87128043,-0.6019993,-0.11676394,-0.40040326,-0.44521746,-1.0639627,110
-0.7665332,-1.0295715,-1.0947688,-0.9814285,2.3426387,0.48109832,-0.23861265,2.062691,-1.0419549,0.841875,1.4174986,-0.31408668,-0.10943157,-0.8451716,-0.8857587,-0.86296326,43
-1.1393142,-0.36994734,-0.92960876,-0.8062997,2.1433144,0.37528387,0.63481164,1.6531935,-1.3025563,0.25554386,0.5501739,0.28299746,0.041297812,-0.44120717,0.2782162,-0.4045143,43
-0.96561515,-0.9271617,-1.017421,-0.73759645,2.4288573,0.3070251,0.3184923,1.7980522,-1.3863251,-0.073585,0.515906,-0.22933444,-0.68288565,-0.22755934,-0.18348101,-0.5678812,79
-1.0938926,-0.55496186,-1.0513234,-0.67227626,2.3284268,0.36650124,0.42881674,1.7140889,-1.3244191,0.07717467,0.5800313,0.08260158,-0.15025204,-0.56077516,0.05654652,-0.3212552,43
-0.9469737,-1.1653895,-1.2398357,-0.8073988,2.3858256,0.51193964,-0.4099595,2.2846243,-1.330449,0.809492,1.6289321,-0.073651984,0.083067976,-0.8517946,-1.0158515,-0.712148,43
-0.8469875,-1.383614,-1.1821237,-0.857945,2.380944,0.52334857,-0.33466482,2.1604278,-1.174283,0.71935123,1.6193417,-0.22577128,-0.15666106,-0.8140059,-0.84670824,-0.79338324,43
-1.0108125,-1.2584277,-1.1550686,-0.84845865,2.181457,0.5917038,-0.48479748,2.4739306,-1.3480562,0.89635545,1.7273843,-0.5071656,0.3701661,-1.0705621,-1.1080601,-0.9594329,43
-0.7991158,-1.1359695,-1.0467274,-0.9150094,2.3830402,0.49073198,-0.29024512,2.180238,-1.1540835,0.8498111,1.4222898,-0.36921418,-0.034641698,-0.9233432,-0.97523046,-0.8640498,43
-1.1238642,-1.1910013,-1.4742708,-0.5904696,1.330167,1.6705838,0.9241935,0.8310417,-0.8427162,-0.4650414,0.5985223,-0.4056303,1.5852313,-0.5979768,0.9556782,-0.9836168,66
-0.73500764,-0.05157447,-0.7659022,-1.46272,1.6589295,0.19941548,0.53807604,1.4289464,-0.57298636,1.1560639,1.1323006,-0.39378405,-0.07398949,-0.37077802,-0.35391638,-1.1402342,79
-0.7347175,-1.1068351,-1.0502212,-0.9687943,2.328576,0.45476887,-0.20053962,2.0176446,-1.0237712,0.85232407,1.3765501,-0.38121408,-0.17949107,-0.8404658,-0.86432153,-0.8950073,43
-1.1209943,-0.263403,-0.9235446,-0.80389905,2.2036507,0.27114716,0.61448926,1.615162,-1.2322347,0.2808495,0.56179154,0.28782812,0.065579064,-0.5055075,0.22797027,-0.31960505,43
-0.8974309,-0.9490899,-1.0293679,-0.7546376,2.4649365,0.28765342,0.29029697,1.75042,-1.294015,-0.02293007,0.6074877,-0.21056736,-0.6987647,-0.29328364,-0.2059077,-0.56240505,79
-1.0299723,-0.50368214,-1.0254853,-0.67463267,2.3569868,0.3207139,0.41960058,1.6780078,-1.222488,0.14788267,0.636207,0.03805706,-0.16100216,-0.6471165,-0.0065428764,-0.28715512,43
-0.88797784,-1.2195739,-1.2231307,-0.79100513,2.3662748,0.50228286,-0.43465474,2.2286577,-1.281186,0.82246226,1.6714365,-0.08252233,0.06187823,-0.8879374,-1.029665,-0.720921,43
-0.7823504,-1.4434179,-1.1408329,-0.8211776,2.34339,0.52953625,-0.31776586,2.1134903,-1.143732,0.7378981,1.6175615,-0.27816597,-0.20015186,-0.86313677,-0.84758526,-0.81087637,43
-0.9278855,-1.3161949,-1.0958552,-0.8127679,2.1819897,0.55908,-0.44519103,2.415343,-1.3297889,0.92194474,1.674194,-0.54353714,0.29704073,-1.1167283,-1.0887967,-0.93957776,43
-0.76806664,-1.1948451,-0.98669094,-0.8939845,2.3775396,0.47638467,-0.24362972,2.1414888,-1.1705358,0.8480691,1.3437711,-0.406928,-0.07950807,-0.9180962,-0.93616056,-0.90755963,43
-1.0675198,-1.2738786,-1.5118725,-0.57201946,1.3541375,1.6925297,0.90443766,0.8011673,-0.83889854,-0.49135298,0.63349956,-0.37945232,1.5509983,-0.6131827,0.9596002,-0.9583237,19
-0.8099094,-0.32499436,-0.913016,-1.3049209,1.5656976,0.3654442,0.51935446,1.4845371,-0.7402253,1.0639275,1.2845943,-0.2489014,0.10742781,-0.44925362,-0.19764948,-1.1055714,79
-0.6927312,-1.1956829,-0.97776335,-0.93420875,2.3175693,0.45416877,-0.13337363,1.9793206,-1.051595,0.83996433,1.2794372,-0.44756767,-0.239129,-0.82794017,-0.8166231,-0.9382797,43
-1.0941563,-0.25397223,-0.9189665,-0.7569704,2.239949,0.23560378,0.5908657,1.6059036,-1.1866734,0.33445394,0.5870063,0.23490217,0.093118995,-0.6257644,0.15001197,-0.25149107,43
-0.8418005,-1.0227271,-1.0477576,-0.764493,2.460428,0.3050709,0.25835925,1.7035367,-1.207821,0.010686144,0.7112665,-0.22060008,-0.7090517,-0.3406152,-0.22669086,-0.57727766,79
-0.9670776,-0.50753134,-0.9802894,-0.6537744,2.3607297,0.3141174,0.42473707,1.6466115,-1.1635319,0.20286053,0.6589624,0.011190891,-0.16868147,-0.7246642,-0.030046426,-0.26855028,43
-0.83329844,-1.2939668,-1.216018,-0.7666999,2.3204186,0.54425,-0.4431681,2.173417,-1.2411201,0.8212344,1.7212051,-0.09910563,0.05337724,-0.92494506,-1.0174133,-0.7630272,43
-0.74628204,-1.494644,-1.1109293,-0.7824727,2.3263423,0.54647887,-0.27222496,2.0573237,-1.1498139,0.71999186,1.5631157,-0.28976154,-0.25392315,-0.87467533,-0.7918915,-0.8457158,43
-0.85133094,-1.3872164,-1.0375376,-0.7709912,2.176402,0.5600028,-0.3942288,2.3538704,-1.3311754,0.9137814,1.6073284,-0.56223357,0.22675264,-1.1470956,-1.036073,-0.94222164,43
-0.74515086,-1.250569,-0.92956847,-0.8941524,2.3864014,0.45962092,-0.17054124,2.0822623,-1.1906477,0.811874,1.2308393,-0.43503383,-0.16231588,-0.857997,-0.8524873,-0.9738574,43
-1.0423919,-1.3563465,-1.5350306,-0.5222629,1.4095284,1.7055382,0.91545415,0.7870995,-0.87394834,-0.5378667,0.5911793,-0.3813565,1.4868289,-0.6295997,0.9685873,-0.91853756,19
-0.8149274,-0.33183926,-0.9575439,-1.2606709,1.6208681,0.35099158,0.40339816,1.5476155,-0.77548313,1.0600817,1.343015,-0.2386104,0.20435935,-0.54804975,-0.31754723,-1.0514836,43
-0.662524,-1.3007866,-0.897705,-0.9385418,2.3025386,0.44462952,-0.049066644,1.9243286,-1.06463,0.8123668,1.1647782,-0.5316495,-0.3312671,-0.76300484,-0.7351868,-1.0179949,79
-1.0686803,-0.27314866,-0.9046162,-0.7314804,2.2970188,0.20811161,0.56930834,1.5904956,-1.1581749,0.35700095,0.5926754,0.21642908,0.0943855,-0.7001699,0.12068681,-0.22154334,43
-0.7856704,-1.1318947,-1.0372972,-0.7490772,2.4300327,0.35815075,0.24311787,1.6792529,-1.1541771,0.050587982,0.79145414,-0.24944052,-0.6907065,-0.39935672,-0.24307305,-0.59111524,79
-0.9321854,-0.60017437,-0.9443957,-0.64329463,2.35981,0.34064898,0.42586803,1.6342082,-1.1445352,0.22547168,0.6552609,-0.0514372,-0.18346217,-0.76686233,-0.031431735,-0.3070063,43
-0.796877,-1.377752,-1.2158179,-0.7483314,2.2615025,0.6148348,-0.43257827,2.1172574,-1.200411,0.80963016,1.7595286,-0.1405371,0.0480586,-0.95586985,-0.9840956,-0.83414364,43
-0.71801245,-1.5915754,-1.0860791,-0.7588284,2.293889,0.5787368,-0.22666213,2.016452,-1.173231,0.68133444,1.4996451,-0.34052002,-0.31381735,-0.85826576,-0.7243818,-0.9063314,43
-0.79480654,-1.4621365,-0.98790747,-0.75016457,2.1515331,0.58504856,-0.34115598,2.283654,-1.3221011,0.8885316,1.5376314,-0.599735,0.15271947,-1.152915,-0.9736283,-0.992948,43
-0.7184669,-1.3453882,-0.85256964,-0.9030528,2.3635595,0.4338459,-0.063705295,2.0094273,-1.1927843,0.803663,1.1137612,-0.5068615,-0.2881608,-0.78582925,-0.73987895,-1.0493653,79
-1.0127282,-1.3847432,-1.5341172,-0.48612952,1.4392774,1.6887801,0.9340498,0.76705486,-0.89476836,-0.54475147,0.5328629,-0.40485495,1.4175472,-0.6536325,0.960623,-0.89886826,19
-0.85018873,-0.4121096,-1.0157032,-1.1836263,1.7174834,0.33995488,0.25989744,1.6347892,-0.8463024,1.0466733,1.3387203,-0.2601939,0.22514307,-0.6515646,-0.47295353,-0.96833676,43
-0.642207,-1.3875011,-0.8165043,-0.95688665,2.28022,0.41998276,0.066220835,1.8439591,-1.0578091,0.7996634,1.0326564,-0.61453414,-0.45451257,-0.6864885,-0.6216849,-1.1029413,79
-1.0387032,-0.33045056,-0.88138586,-0.7238022,2.3403552,0.20775965,0.5493689,1.5686624,-1.1728969,0.34261394,0.57545805,0.25207612,0.0980386,-0.71650535,0.16075188,-0.25109437,43
-0.7292906,-1.2732289,-0.9939026,-0.7306068,2.3996797,0.42225423,0.24413341,1.6769446,-1.1164851,0.11332421,0.85749245,-0.27919936,-0.6736135,-0.45225453,-0.24730185,-0.602059,79
-0.91435564,-0.7522806,-0.92079884,-0.6591082,2.3483117,0.37395087,0.44309703,1.6075984,-1.1434947,0.2544763,0.61780316,-0.13634126,-0.22707173,-0.75567794,-0.0029663295,-0.40836173,79
-0.76501936,-1.4222238,-1.1872737,-0.72555715,2.229451,0.64457035,-0.3953315,2.0723138,-1.1825821,0.80579233,1.7377422,-0.17817475,0.006078489,-0.9794856,-0.93545496,-0.8863199,43
-0.6914738,-1.6908488,-1.0190883,-0.7630389,2.2699902,0.6007358,-0.15464906,1.9825097,-1.1784587,0.67069125,1.389719,-0.44547394,-0.3891449,-0.82480484,-0.6639939,-0.9725419,79
-0.7452608,-1.5125608,-0.9130383,-0.7553625,2.1314845,0.6074054,-0.28192243,2.2218802,-1.3007017,0.8501242,1.4399003,-0.6659944,0.074998245,-1.1354154,-0.9122678,-1.0592804,43
-0.6546366,-1.4349943,-0.7404562,-0.93928707,2.3145797,0.36814782,0.05301079,1.9347762,-1.1950964,0.8191689,0.9962286,-0.6009031,-0.4609199,-0.67988616,-0.6213627,-1.1572835,79
-0.97626376,-1.4150921,-1.5542395,-0.4849755,1.430426,1.6595945,0.93122786,0.74202335,-0.88080645,-0.52045494,0.5367855,-0.45263007,1.3138877,-0.66602415,0.93413985,-0.92380786,19
-0.87856627,-0.5329652,-1.0112748,-1.0686992,1.7882893,0.30748102,0.13834003,1.699117,-0.9516455,1.0583854,1.3039377,-0.23252578,0.24118316,-0.77185726,-0.5542076,-0.85409,43
-0.5733049,-1.3984045,-0.6998158,-0.96797407,2.2209487,0.3582733,0.1636863,1.7704775,-1.0507294,0.82051903,0.9038544,-0.70601845,-0.5953202,-0.6361679,-0.5566471,-1.1746974,79
-1.0276747,-0.4395585,-0.85501224,-0.7462722,2.3510888,0.18491298,0.51416516,1.563379,-1.2048901,0.34581292,0.5696891,0.26224503,0.050802507,-0.69233114,0.21586514,-0.33716625,43
-0.694267,-1.4838903,-0.9577307,-0.72756886,2.3636389,0.50218034,0.2641284,1.6820886,-1.0828518,0.20298207,0.9261926,-0.3322287,-0.6823664,-0.48524392,-0.21839324,-0.6400893,79
-0.88769084,-0.87686384,-0.8689135,-0.7092135,2.3299735,0.36382583,0.4769328,1.5677198,-1.1629078,0.27324218,0.49513692,-0.2588788,-0.32860705,-0.67071444,0.020579353,-0.56646466,79
-0.72989553,-1.4378977,-1.1311595,-0.70899713,2.2300866,0.65636766,-0.32887015,2.043154,-1.1748475,0.80820346,1.6462168,-0.24360026,-0.07002761,-0.99617845,-0.8957883,-0.92457557,43
-0.6364103,-1.7459917,-0.9163874,-0.8045368,2.214948,0.5946219,-0.036877017,1.9010525,-1.1118456,0.7349125,1.2684183,-0.59118164,-0.5009324,-0.7879119,-0.60186404,-1.0537709,79
-0.67744166,-1.5268421,-0.8017347,-0.7933124,2.1023922,0.5947341,-0.2135841,2.1407714,-1.2327112,0.85537875,1.3353661,-0.74898314,-0.04162495,-1.0983784,-0.85561913,-1.1313117,43
-0.5570516,-1.4862545,-0.625694,-0.9535737,2.276903,0.35290518,0.14097519,1.8671577,-1.164858,0.86574894,0.92159635,-0.64202654,-0.61040884,-0.6186596,-0.5626164,-1.2188225,79
-0.966946,-1.4358217,-1.5554359,-0.4917276,1.4308639,1.6039526,0.9469485,0.7243641,-0.8764156,-0.49099427,0.5045267,-0.49588773,1.194025,-0.65884,0.93002886,-0.934514,19
-0.9140879,-0.68457985,-1.0479519,-1.0095245,1.8150156,0.30028364,0.024298849,1.7117012,-1.0375957,1.012135,1.2898326,-0.21732244,0.24845314,-0.7979426,-0.5905558,-0.8563498,43
-0.47654307,-1.326826,-0.6243139,-0.9206995,2.182413,0.40638033,0.18472974,1.6984372,-0.9971502,0.8230018,0.8643852,-0.6356256,-0.6222569,-0.66480446,-0.55400044,-1.1290169,79
-0.9845919,-0.5045487,-0.77084047,-0.79269624,2.3835769,0.13632691,0.49058342,1.5910019,-1.2403849,0.392049,0.4959606,0.184199,-0.060621627,-0.6615703,0.1923211,-0.45251703,43
-0.6763714,-1.6850151,-0.89920694,-0.7156993,2.3423307,0.54795575,0.3147318,1.6963643,-1.0995061,0.2900216,0.8958054,-0.41649014,-0.71374077,-0.50065625,-0.1758444,-0.6760916,79
-0.8156178,-0.99659586,-0.8024702,-0.74899673,2.2558045,0.3633856,0.5255223,1.5280001,-1.1646878,0.33017612,0.39799914,-0.44821876,-0.44761273,-0.618073,0.0074997395,-0.74895006,79
-0.6804334,-1.4289147,-1.0544171,-0.71272475,2.2064989,0.65340555,-0.22643062,1.9819218,-1.1277639,0.8548412,1.5374207,-0.32160988,-0.1706427,-1.0045459,-0.8418381,-0.9611119,43
-0.5531502,-1.8158228,-0.7884638,-0.8976804,2.0902245,0.533777,0.039465994,1.8336176,-1.0369601,0.86088085,1.2291431,-0.7290972,-0.63859427,-0.734062,-0.549132,-1.185895,79
-0.58775604,-1.5620543,-0.6501685,-0.8569362,2.0462656,0.5505352,-0.12085092,2.0506618,-1.1333269,0.93646824,1.2471582,-0.8534875,-0.18912363,-1.0525779,-0.790852,-1.2098055,79
-0.3764924,-1.5916187,-0.5470821,-0.83370453,2.2698073,0.5735756,0.10252938,1.9162276,-1.1837169,0.89486873,1.0422404,-0.5214338,-0.50777876,-0.74264014,-0.6160546,-1.1987755,79
-0.9713801,-1.4809108,-1.5415828,-0.5500191,1.4284842,1.5531865,0.9537025,0.73355675,-0.86697197,-0.4563508,0.46971995,-0.55908847,1.1142386,-0.6300375,0.9318895,-0.96381354,19
-0.93737745,-0.7857518,-1.0435498,-0.99540126,1.8731447,0.3258967,-0.02666546,1.7310184,-1.0933012,0.9676888,1.2529993,-0.20671512,0.2792114,-0.8115388,-0.58426565,-0.91401577,43
-0.35982653,-1.4711577,-0.65097207,-0.86707366,2.2029965,0.63206995,0.13364825,1.7522833,-1.0451543,0.77609366,1.0497574,-0.44588,-0.44200268,-0.72300816,-0.5267849,-1.1589391,79
-0.91626495,-0.5669907,-0.6181213,-0.8785026,2.3858862,-0.00012874603,0.51753587,1.6097361,-1.2642148,0.53316617,0.38275802,0.04094705,-0.22909409,-0.6093187,0.16793646,-0.6099422,79
-0.6592017,-1.8025719,-0.8382404,-0.71188354,2.3274012,0.5745965,0.36787254,1.6999164,-1.130288,0.3321125,0.76799935,-0.5836514,-0.7599219,-0.49031436,-0.19310805,-0.7463587,79
-0.71712077,-1.1097016,-0.79862905,-0.7906835,2.1310906,0.3923104,0.5356563,1.4867458,-1.1807878,0.32898527,0.3911471,-0.5525633,-0.536904,-0.55226886,0.023954354,-0.9250956,79
-0.60496694,-1.3865542,-0.9324916,-0.72720563,2.1414337,0.60688794,-0.115784094,1.9016895,-1.0697436,0.93021905,1.4226524,-0.40599552,-0.27739054,-0.9974923,-0.78474694,-1.0004822,79
-0.52511716,-1.8600861,-0.76609224,-1.0305425,1.9590067,0.49090454,-0.0025822483,1.7642853,-0.9582529,0.903917,1.311258,-0.7065772,-0.7339732,-0.61885667,-0.49373487,-1.3172064,79
-0.5002178,-1.6331664,-0.5165665,-0.96431345,1.9679096,0.4835355,-0.08408217,2.0061617,-1.0665684,1.0194869,1.238867,-0.93668544,-0.3373927,-0.9692487,-0.7386205,-1.3456075,79
-0.37453353,-1.717847,-0.7132854,-0.8465249,2.2124407,0.7057401,0.0012835264,1.8732839,-1.222608,0.7269293,1.2367845,-0.24758711,-0.39240974,-0.65680164,-0.47260353,-1.3019478,79
-0.9972943,-1.6104218,-1.5414054,-0.6366086,1.4163026,1.5172635,0.9718469,0.7759417,-0.88752496,-0.39846706,0.42299974,-0.63991505,1.0338985,-0.5991003,0.9646194,-1.0194967,66
-0.9014924,-0.8863468,-0.9982752,-0.9409989,1.9298893,0.3765907,-0.056628708,1.7846886,-1.1600198,0.9556632,1.227825,-0.2211144,0.27099138,-0.8674355,-0.615686,-0.96045107,43
-0.39064232,-1.565243,-0.79445654,-0.89252234,2.1902368,0.7174156,0.05880042,1.7284135,-1.0985848,0.6712709,1.1821961,-0.2026918,-0.305505,-0.63641,-0.4128348,-1.2310982,79
-0.82924956,-0.69871974,-0.48370588,-1.0077748,2.3711174,-0.13527487,0.55603975,1.6425009,-1.3303615,0.6161173,0.3025396,-0.07090652,-0.42521748,-0.4621011,0.21388242,-0.8174989,79
