0,1,2,3,4,5,6,7,8,9,10,11,12,13,14,15,pred_class
1.6300325,0.051523842,-1.4810774,-3.640646,0.6885965,1.2024609,-0.8351186,1.7955872,0.70781004,-1.5975286,-0.56285584,1.2326609,-1.9889979,-1.1505463,-1.3363674,1.5742345,126
1.6300325,0.051523842,-1.4810774,-3.640646,0.6885965,1.2024609,-0.8351186,1.7955872,0.70781004,-1.5975286,-0.56285584,1.2326609,-1.9889979,-1.1505463,-1.3363674,1.5742345,126
1.6300325,0.051523842,-1.4810774,-3.640646,0.6885965,1.2024609,-0.8351186,1.7955872,0.70781004,-1.5975286,-0.56285584,1.2326609,-1.9889979,-1.1505463,-1.3363674,1.5742345,126
1.6300325,0.051523842,-1.4810774,-3.640646,0.6885965,1.2024609,-0.8351186,1.7955872,0.70781004,-1.5975286,-0.56285584,1.2326609,-1.9889979,-1.1505463,-1.3363674,1.5742345,126
1.6300325,0.051523842,-1.4810774,-3.640646,0.6885965,1.2024609,-0.8351186,1.7955872,0.70781004,-1.5975286,-0.56285584,1.2326609,-1.9889979,-1.1505463,-1.3363674,1.5742345,126
1.6300325,0.051523842,-1.4810774,-3.640646,0.6885965,1.2024609,-0.8351186,1.7955872,0.70781004,-1.5975286,-0.56285584,1.2326609,-1.9889979,-1.1505463,-1.3363674,1.5742345,126
1.6300325,0.051523842,-1.4810774,-3.640646,0.6885965,1.2024609,-0.8351186,1.7955872,0.70781004,-1.5975286,-0.56285584,1.2326609,-1.9889979,-1.1505463,-1.3363674,1.5742345,126
1.6300325,0.051523842,-1.4810774,-3.640646,0.6885965,1.2024609,-0.8351186,1.7955872,0.70781004,-1.5975286,-0.56285584,1.2326609,-1.9889979,-1.1505463,-1.3363674,1.5742345,126
1.6300325,0.051523842,-1.4810774,-3.640646,0.6885965,1.2024609,-0.8351186,1.7955872,0.70781004,-1.5975286,-0.56285584,1.2326609,-1.9889979,-1.1505463,-1.3363674,1.5742345,126
1.6300325,0.051523842,-1.4810774,-3.640646,0.6885965,1.2024609,-0.8351186,1.7955872,0.70781004,-1.5975286,-0.56285584,1.2326609,-1.9889979,-1.1505463,-1.3363674,1.5742345,126
1.6300325,0.051523842,-1.4810774,-3.640646,0.6885965,1.2024609,-0.8351186,1.7955872,0.70781004,-1.5975286,-0.56285584,1.2326609,-1.9889979,-1.1505463,-1.3363674,1.5742345,126
1.6300325,0.051523842,-1.4810774,-3.640646,0.6885965,1.2024609,-0.8351186,1.7955872,0.70781004,-1.5975286,-0.56285584,1.2326609,-1.9889979,-1.1505463,-1.3363674,1.5742345,126
1.6300325,0.051523842,-1.4810774,-3.640646,0.6885965,1.2024609,-0.8351186,1.7955872,0.70781004,-1.5975286,-0.56285584,1.2326609,-1.9889979,-1.1505463,-1.3363674,1.5742345,126
1.6300325,0.051523842,-1.4810774,-3.640646,0.6885965,1.2024609,-0.8351186,1.7955872,0.70781004,-1.5975286,-0.56285584,1.2326609,-1.9889979,-1.1505463,-1.3363674,1.5742345,126
1.6300325,0.051523842,-1.4810774,-3.640646,0.6885965,1.2024609,-0.8351186,1.7955872,0.70781004,-1.5975286,-0.56285584,1.2326609,-1.9889979,-1.1505463,-1.3363674,1.5742345,126
1.6300325,0.051523842,-1.4810774,-3.640646,0.6885965,1.2024609,-0.8351186,1.7955872,0.70781004,-1.5975286,-0.56285584,1.2326609,-1.9889979,-1.1505463,-1.3363674,1.5742345,126
0.9266091,0.47936845,-2.304856,-2.9534183,0.81524277,0.5541462,-0.94899887,3.5205536,-0.3110826,-1.3848941,-0.91272485,0.4809475,-1.228393,-1.180258,-1.7519572,3.4842904,126
0.9403755,0.46726286,-2.3150816,-2.9629745,0.8126098,0.5631988,-0.93714637,3.5185964,-0.3099469,-1.3962675,-0.9132274,0.47991163,-1.2392564,-1.1688173,-1.758003,3.471239,126
0.92744964,0.47345614,-2.3094883,-2.9549732,0.8178073,0.54793423,-0.9501863,3.5218947,-0.3109284,-1.3892348,-0.9157711,0.48514128,-1.2341712,-1.1787701,-1.7494597,3.486616,126
0.94710916,0.4463721,-2.330406,-2.9679432,0.8210741,0.5412151,-0.9406264,3.5224078,-0.30939925,-1.4088194,-0.92302483,0.49468267,-1.2598255,-1.1625981,-1.748333,3.4767776,126
0.9281438,0.4757077,-2.307885,-2.9549646,0.8162459,0.551554,-0.9486572,3.5208502,-0.31082523,-1.387763,-0.91421366,0.48310262,-1.2317982,-1.1787846,-1.7509928,3.4841378,126
0.94150406,0.44910738,-2.32826,-2.9646316,0.8223442,0.5394186,-0.94426095,3.5245638,-0.31050134,-1.4066484,-0.9232527,0.493599,-1.2573594,-1.1653862,-1.7479768,3.4832523,126
1.0459927,0.35253063,-2.395371,-3.0598636,0.76419616,0.69225717,-0.7990613,3.5330176,-0.30589747,-1.4939489,-0.9222564,0.47414207,-1.3114737,-1.0866917,-1.8053493,3.3374186,126
0.9395911,0.45128858,-2.3243775,-2.9628801,0.8208519,0.54444945,-0.94355685,3.5230205,-0.31089926,-1.4047794,-0.9215066,0.49092513,-1.2548004,-1.1650774,-1.750119,3.4809675,126
0.94283,0.4640315,-2.3175416,-2.9647365,0.8125844,0.5635999,-0.9352299,3.5182617,-0.3096938,-1.3988357,-0.9138097,0.48056346,-1.2419447,-1.166528,-1.758496,3.4690542,126
0.9448958,0.46849442,-2.3149412,-2.965702,0.809137,0.5708094,-0.93168265,3.5161674,-0.30913162,-1.3963854,-0.9109681,0.47693253,-1.237265,-1.166743,-1.7613468,3.463426,126
0.94500583,0.46414927,-2.3178236,-2.9661307,0.8110827,0.5671403,-0.93257815,3.5172539,-0.3093524,-1.3992789,-0.9128793,0.47920173,-1.2414187,-1.1653011,-1.7601638,3.4655128,126
0.9266891,0.47427043,-2.3088117,-2.9544358,0.8177618,0.54848015,-0.9505419,3.5222006,-0.3111322,-1.3886436,-0.9155264,0.4844914,-1.2335262,-1.1791866,-1.7497947,3.487415,126
0.93996996,0.44818193,-2.3280683,-2.9634895,0.8227602,0.5402354,-0.94459605,3.5255103,-0.3113085,-1.4069302,-0.9233952,0.49247646,-1.2579238,-1.1646283,-1.7489576,3.484961,126
0.94835347,0.4631253,-2.3202522,-2.968781,0.8106259,0.5659206,-0.93090725,3.5165787,-0.30834943,-1.400713,-0.9132459,0.48097634,-1.2422458,-1.1649916,-1.759207,3.462831,126
0.94031924,0.4449673,-2.329177,-2.9633355,0.8236909,0.5388854,-0.94491327,3.5261626,-0.31173855,-1.4083561,-0.9244558,0.4934299,-1.2609375,-1.1629903,-1.7485371,3.4856548,126
0.94651467,0.46905488,-2.3153858,-2.9669108,0.80839455,0.5712733,-0.9306167,3.5156562,-0.30862343,-1.396411,-0.9106682,0.47717577,-1.2366971,-1.1669228,-1.7612433,3.4616404,126
0.7607415,0.3968694,-2.3052545,-2.7788863,0.81987965,0.36858526,-1.0756836,4.23338,-0.59289527,-1.4726214,-1.264472,0.49676,-1.466526,-1.0401464,-1.6566243,3.8864913,126
0.8177822,0.32406732,-2.4078794,-2.8733358,0.8137802,0.3530303,-1.0905532,4.2177706,-0.55697733,-1.5370781,-1.3600242,0.5340445,-1.566582,-1.0633717,-1.7483928,3.9549143,126
0.8713295,0.27224347,-2.488348,-2.9118853,0.817896,0.3134494,-1.0677388,4.251064,-0.5588753,-1.5754864,-1.3808706,0.52779776,-1.6214261,-1.0052767,-1.7528789,3.9309037,126
0.76864785,0.38090265,-2.3309903,-2.7975793,0.7923087,0.38887876,-1.027341,4.230809,-0.5707057,-1.4875427,-1.2896858,0.48886955,-1.4613653,-1.0330315,-1.6841164,3.8640466,126
0.8236585,0.28228548,-2.4419856,-2.8714647,0.82122874,0.30748284,-1.0896221,4.250404,-0.5895092,-1.544339,-1.3540087,0.527499,-1.5880004,-0.9950077,-1.7042353,3.9020405,126
0.87305063,0.280171,-2.4928706,-2.9051757,0.7933892,0.34697548,-1.0076201,4.2347174,-0.5426492,-1.5725814,-1.3834207,0.5060894,-1.5793453,-1.0031133,-1.7872229,3.8973556,126
0.6165111,0.020422887,-2.5717185,-2.781497,0.73488176,0.33498874,-0.86818606,4.251842,-0.646395,-1.6618328,-1.5268829,0.49703604,-1.5989312,-0.92535275,-1.8007219,3.8251145,126
0.8647868,0.3215467,-2.4294698,-2.8812318,0.80483603,0.3714546,-1.043577,4.2011595,-0.5312868,-1.5496502,-1.357611,0.50947607,-1.5751181,-1.0394499,-1.7833986,3.9208138,126
0.7372994,0.27903262,-2.3855045,-2.8095875,0.81204927,0.3170615,-1.0904732,4.263281,-0.6314221,-1.5090017,-1.337316,0.53279376,-1.5285306,-0.9974501,-1.6486349,3.877401,126
0.78273994,0.331671,-2.375791,-2.7919006,0.78938866,0.39920834,-0.9776434,4.2506733,-0.5987744,-1.5083728,-1.2908088,0.46990734,-1.470532,-0.9919778,-1.7039385,3.832256,126
0.76830417,0.28101307,-2.4080625,-2.823615,0.7982038,0.33226585,-1.0444379,4.267749,-0.62504935,-1.5127182,-1.3330469,0.5119728,-1.5260249,-0.9770387,-1.6660979,3.840716,126
0.8753168,0.39818335,-2.3762658,-2.8490877,0.80399454,0.40371937,-1.0219166,4.2066326,-0.53433704,-1.5132146,-1.2951359,0.4708864,-1.5232589,-1.0419688,-1.7734988,3.9064047,126
0.8765971,0.29258776,-2.458645,-2.881353,0.79350543,0.38056573,-0.9943346,4.2130704,-0.53648466,-1.5629824,-1.3589278,0.49101138,-1.5742576,-1.0051163,-1.8015237,3.8898265,126
0.80212104,0.29451734,-2.4216926,-2.831874,0.78471243,0.37287652,-0.9844513,4.254726,-0.5971,-1.5227113,-1.3281407,0.48661923,-1.5063847,-0.98007786,-1.7163191,3.8309329,126
0.7519783,0.35605898,-2.3281653,-2.79772,0.8120831,0.3598001,-1.0793908,4.20793,-0.5748462,-1.4875891,-1.3026278,0.51298493,-1.4913799,-1.0389504,-1.6823895,3.8863695,126
0.7553177,0.37325457,-2.3197765,-2.7536798,0.79248214,0.4137804,-0.9928113,4.2539296,-0.6078176,-1.4881573,-1.2590964,0.4598801,-1.445596,-1.0046747,-1.6783795,3.840914,126
0.49960703,0.14427723,-2.305599,-2.5445056,0.87124836,-0.03296034,-1.2512207,4.1816626,-0.7810714,-1.5480165,-1.3798062,0.5778664,-1.6470461,-0.70602787,-1.4588726,3.9209466,126
0.60587245,0.17564075,-2.3583302,-2.6074414,0.88775647,-0.028253045,-1.2612534,3.9635987,-0.6652396,-1.530469,-1.3509701,0.4970395,-1.6934478,-0.6696761,-1.5397534,3.824303,126
0.3314749,0.20039102,-1.9992669,-2.1720772,0.5049406,-0.4944973,-0.8289113,4.536432,-0.6748525,-1.8600926,-1.3046801,0.40760374,-1.9008869,-0.50036865,-0.5508573,4.2730103,81
0.581936,0.15853907,-2.3524716,-2.5925179,0.8284012,0.03133502,-1.1706032,4.154146,-0.75572723,-1.5362731,-1.399823,0.56263644,-1.6259688,-0.68798476,-1.5284271,3.8657966,126
0.572991,0.09485467,-2.4308693,-2.6410947,0.8439826,-0.018131923,-1.1640563,3.9534059,-0.6389321,-1.5161419,-1.3656076,0.50458163,-1.6305603,-0.6435592,-1.537494,3.7405138,126
0.62321436,0.053262964,-2.5359564,-2.6803293,0.79051363,0.084481396,-1.0051775,4.0590124,-0.6614599,-1.5628453,-1.4409003,0.4822858,-1.6429168,-0.66457623,-1.6695054,3.8113835,126
0.5263031,-0.13209021,-2.8310187,-2.765164,0.7064787,0.066226676,-0.8113204,4.2064357,-0.73171383,-1.7065723,-1.6389904,0.4221065,-1.6924963,-0.68770367,-1.7751205,3.966251,126
0.65341324,0.13608423,-2.4507987,-2.6317954,0.84365857,0.06284931,-1.112868,4.01347,-0.6613531,-1.5467882,-1.3793719,0.45633602,-1.6731613,-0.67700714,-1.6559956,3.8429189,126
0.52521586,0.09466446,-2.416009,-2.6297731,0.87081814,-0.08139976,-1.2325726,4.0301437,-0.67378485,-1.5463395,-1.3963444,0.5643903,-1.642283,-0.66558874,-1.4788206,3.8220398,126
0.5044046,0.045789354,-2.479348,-2.6033244,0.7523569,0.073262736,-0.99132025,4.2452703,-0.78444743,-1.5840018,-1.4864838,0.5049033,-1.5913006,-0.6824953,-1.6160495,3.8864846,126
0.5348327,0.0690687,-2.4871612,-2.667097,0.80161977,-0.015829321,-1.122268,4.11488,-0.7209974,-1.557985,-1.4352133,0.5343961,-1.6266435,-0.6516155,-1.5165641,3.8005543,126
0.609487,0.13112593,-2.4284651,-2.5957527,0.815938,0.08978019,-1.0711536,4.1903954,-0.73591393,-1.5842156,-1.4032174,0.46622324,-1.681948,-0.7131858,-1.6425312,3.9576483,126
0.618644,0.029409932,-2.5731325,-2.6731567,0.7931409,0.10899401,-0.9794299,4.131393,-0.69690967,-1.60158,-1.4539319,0.45571733,-1.6830231,-0.68701774,-1.7125876,3.8917058,126
0.5297428,0.032496616,-2.5200346,-2.6464853,0.7463299,0.06888193,-0.98074186,4.1933618,-0.74771357,-1.5777353,-1.4886161,0.50117487,-1.597761,-0.6637951,-1.6174338,3.8337681,126
0.40735292,0.39848608,-1.5476867,-2.0953636,0.3541943,-0.2722187,-0.7567247,3.7843037,-0.45291042,-1.4839041,-0.9709402,0.2774254,-1.6464915,-0.55522174,-0.6137868,3.7673783,81
0.5296035,0.11352707,-2.4119778,-2.5721831,0.7745234,0.0613809,-1.0614116,4.260196,-0.81267357,-1.5700672,-1.4387344,0.51062644,-1.6015414,-0.6849927,-1.5714974,3.9058604,126
-0.09923354,0.49521542,-2.1398003,-2.3967342,0.24577388,-0.63967556,-1.2376597,3.5901933,-0.69885373,-1.8039343,-0.9661526,-0.022084787,-1.5511,-0.4038965,-0.5705673,3.7378712,81
0.116176024,0.59421074,-2.169878,-2.339209,0.31953526,-0.7167084,-1.3786085,3.5547235,-0.6533099,-1.9104856,-0.923316,-0.019558415,-1.6999763,-0.4204617,-0.48780254,3.823462,81
0.44521582,0.59751326,-2.4788086,-1.3653154,0.29534775,-0.8888491,-1.072469,4.0413523,-0.73570365,-2.8574452,-0.96321857,0.13288496,-2.1711588,-0.31196165,0.15859026,4.035987,84
0.10571854,0.60204613,-2.1169035,-2.1675668,0.17002913,-0.6153471,-1.0637139,3.5137358,-0.5464639,-1.9802614,-0.9034813,-0.03293389,-1.5930533,-0.40004614,-0.55684435,3.8193014,81
0.14068784,0.37837502,-2.3268633,-2.0761745,0.29859444,-0.7228829,-1.1736312,3.6702428,-0.6588956,-2.1382515,-1.02022,0.118006304,-1.7946619,-0.38962692,-0.44236293,3.857525,81
0.35685748,0.5060915,-2.3216093,-1.7472875,0.14895022,-0.6887334,-1.00809,3.771021,-0.6039272,-2.5521555,-1.056485,0.1642526,-1.9492296,-0.3953844,-0.37637663,4.052248,81
-0.04084307,-0.02298254,-2.7681181,-2.5944815,0.1969729,-0.5816533,-0.7773527,3.5124457,-0.69765556,-1.9347339,-1.1897161,0.06079106,-1.5670731,-0.46803614,-0.8431767,3.6632047,81
0.21525829,0.20361823,-2.6063707,-2.644689,0.61337805,-0.21556921,-1.281594,3.567674,-0.70838606,-1.6412592,-1.2315252,0.12337054,-1.364013,-0.43447194,-1.5718861,3.6718605,126
0.31047744,0.57547367,-2.4443722,-1.7585146,0.35721722,-0.94419277,-1.3697629,3.7817771,-0.71939087,-2.5713077,-0.98543787,0.19611801,-2.0889363,-0.3716784,-0.123353794,4.0184236,81
0.015186712,0.1167597,-2.8286238,-2.8157535,0.49073258,-0.23393431,-1.1065719,3.6972692,-0.7505591,-1.6476042,-1.3742201,0.12529875,-1.2716978,-0.38992554,-1.5980432,3.5074944,126
0.15269835,0.21672505,-2.8087122,-2.8694363,0.61614144,-0.41715944,-1.4409051,3.5431888,-0.6987307,-1.6224444,-1.2428762,0.21845,-1.4207845,-0.39678836,-1.3037343,3.4985952,126
0.21676673,0.15067658,-2.6423118,-2.5610805,0.5956209,-0.112053305,-1.1407669,3.694729,-0.74960375,-1.7035432,-1.2913221,0.13413982,-1.340709,-0.42599913,-1.7438362,3.7482488,126
0.05906275,0.20169102,-2.2872689,-2.0532193,0.13394701,-0.46514848,-0.759987,3.7013204,-0.6241863,-2.1217256,-1.1169107,0.047723323,-1.6223956,-0.4235214,-0.79135203,3.8889782,81
0.08391239,0.120724335,-2.8391876,-2.8161764,0.4918631,-0.24762584,-1.1243402,3.6507752,-0.7163562,-1.6566143,-1.3477823,0.15120031,-1.3199612,-0.3732634,-1.5265937,3.4727361,126
0.37638468,0.75333446,-2.5606601,-1.6284149,0.41650268,-0.99257946,-1.5382669,3.9776936,-0.7478957,-2.8299596,-0.9121734,0.13229083,-2.1694632,-0.481345,-0.03833639,4.2676044,81
0.044092223,0.22517993,-2.7282948,-2.6864743,0.51278853,-0.25209457,-1.2125294,3.709261,-0.8110254,-1.6594052,-1.305281,0.120926574,-1.2420408,-0.3726246,-1.5816369,3.5161586,126
0.44976908,0.9623288,-3.0449083,-1.7712921,0.16049814,-0.8335254,-1.464184,3.6286879,-0.416048,-3.3030984,-0.86727834,-0.07922527,-1.9662329,-0.57911885,-0.64323276,4.4353557,81
0.5453139,0.8564679,-2.703837,-1.8100868,0.2806441,-0.86871284,-1.4663467,3.6935444,-0.361476,-2.9527335,-0.8657437,-0.08205429,-2.0380661,-0.5720633,-0.42153248,4.4846168,81
0.9490189,0.9890842,-3.9088616,-1.2553581,0.4620001,-1.326874,-1.2272689,4.770251,-0.55844575,-4.404462,-1.05195,-0.24026129,-2.8181648,-0.49391928,0.29529294,5.0639324,84
0.6904818,1.0508801,-3.1773505,-1.3444172,0.108763516,-0.76848507,-1.2557688,3.4424834,-0.17462681,-3.7291763,-0.82827294,-0.040725216,-1.9758917,-0.6282153,-0.8042565,4.5828657,84
0.6095585,0.8158395,-2.9203424,-1.381984,0.2131171,-0.8003555,-1.1392593,3.6528816,-0.39740986,-3.2016044,-0.7823603,-0.11047346,-2.0359123,-0.5805453,-0.23899105,4.3717823,84
0.7426225,1.1040165,-3.306146,-1.4171116,0.2745504,-1.0492874,-1.374093,4.2588315,-0.47818005,-3.8319955,-0.95068955,-0.1980022,-2.4577951,-0.47291535,0.080050424,4.702273,84
0.12911393,-0.027598755,-2.6174214,-1.6943536,0.11169961,-0.40724218,-0.31817156,3.3231347,-0.36259925,-2.159274,-0.93226516,-0.096747324,-1.4529803,-0.5276777,-0.61435294,3.9408953,81
-0.0105372965,0.49567845,-2.580318,-2.6433234,0.21470603,-0.62736547,-1.3376067,3.4841945,-0.5168635,-2.0533636,-1.009818,-0.16541961,-1.4829828,-0.47565627,-0.88316774,4.039285,81
0.74577427,0.8948818,-3.1309402,-1.3134147,0.36338225,-1.0295023,-1.2429733,3.9416625,-0.4660775,-3.527374,-0.8006942,-0.06862047,-2.440819,-0.5492279,0.1690847,4.6170716,84
0.011704341,0.5319762,-3.0454311,-2.1729994,0.017910779,-0.5041551,-0.8798786,3.2528389,-0.34062666,-2.6169379,-0.9801497,-0.19636866,-1.300355,-0.5302272,-1.2115734,4.000412,81
0.048439726,0.07310761,-2.8226442,-2.7498832,0.4804028,-0.20644744,-1.0019767,3.0989063,-0.44275284,-1.5775088,-1.052913,-0.07484041,-1.1263537,-0.45130286,-1.5385253,3.6356006,126
0.42060357,0.12880802,-3.1170247,-3.0411153,0.6247176,-0.25156918,-1.4408543,3.573548,-0.7951559,-1.8951622,-1.3260361,0.10989039,-1.5277829,-0.31441233,-1.8180494,3.9148638,126
0.67930454,0.8734791,-3.043609,-1.1389511,0.025384411,-0.6036881,-0.91081315,3.38021,-0.23310639,-3.558713,-0.87861955,-0.061273232,-1.8118714,-0.5855057,-0.91694576,4.366557,84
0.14861296,0.5017204,-3.0382226,-1.8364178,-0.03170632,-0.52293164,-0.8431916,3.3558621,-0.40275854,-2.8967955,-0.99341524,-0.08940114,-1.5253463,-0.5116548,-0.97048247,4.068191,81
0.82206637,0.8926044,-3.414716,-1.4900843,0.5316944,-1.3566447,-1.2964675,4.6374245,-0.5033653,-3.7246194,-0.93471915,-0.25616896,-2.7767422,-0.6086117,0.49681228,5.1646276,84
0.12142493,0.6515989,-3.0784523,-2.1637094,0.060148135,-0.5821463,-1.0345657,3.2978668,-0.31596023,-2.8030992,-0.9729972,-0.16836277,-1.4255549,-0.551273,-1.2750585,4.173893,81
0.60980916,1.0938454,-3.1608179,-1.4914572,0.17143393,-1.0246261,-1.5600898,3.6005034,-0.18771471,-3.8781524,-0.8843968,-0.19150195,-2.3497636,-0.4888376,-0.3265503,4.488831,84
0.86952895,0.8986803,-3.1969557,-1.0646324,0.44945583,-1.0575241,-1.3912315,3.726757,-0.025077596,-4.1646423,-0.88316387,0.035869777,-2.5617344,-0.73688257,-0.37718406,5.0321445,84
0.74921,1.1361926,-3.5420215,-1.0616527,0.24574286,-1.1911222,-1.0639093,3.7474926,-0.034673706,-4.196061,-0.89448935,-0.43064183,-2.4275932,-0.35416916,0.12041938,4.2918706,84
0.58444977,1.1369543,-3.0702145,-1.2173196,0.11458784,-0.97275287,-1.36302,3.2505534,-0.0062321126,-3.8293564,-0.74855494,-0.2992398,-2.11926,-0.5170778,-0.38495415,4.3139124,84
0.81479186,1.0753906,-3.4742768,-0.91278714,0.3764719,-0.97950095,-1.0315721,3.7086542,0.08838558,-4.2175727,-0.7926711,-0.23753378,-2.1772883,-0.77368385,-0.48602283,4.929294,84
0.9144737,1.4375211,-3.3390374,-1.0796251,0.21500504,-1.0980138,-1.4229281,3.6670613,0.012481302,-4.315856,-0.88695365,-0.30300963,-2.4098835,-0.44947317,-0.20034587,4.541113,84
0.5423274,0.10410512,-2.9855077,-0.7377067,0.22691211,-0.48307776,-0.16849133,3.1608756,-0.16775687,-3.2338822,-0.76860905,0.04795897,-1.7897992,-0.839193,-0.5831224,4.4029055,84
0.22288902,0.7189963,-2.4342427,-1.4877263,0.19058031,-0.5327173,-1.1006048,2.7402503,0.024831101,-2.8648107,-0.7944341,-0.0034126341,-1.424592,-0.6704606,-1.2423704,4.1211443,81
0.8492153,1.2089226,-3.466085,-1.010214,0.36125043,-1.115496,-1.170989,3.701905,0.04787466,-4.180398,-0.8034852,-0.3252167,-2.293329,-0.62200123,-0.28800243,4.752697,84
0.41656864,0.7780776,-3.016182,-1.160481,-0.011884406,-0.48274887,-0.7514575,2.975116,-0.053208813,-3.388631,-0.8638508,-0.14742407,-1.427403,-0.658796,-1.1556506,4.1046486,81
-0.06541785,0.07578514,-2.3771744,-2.1611147,0.3512948,-0.39618388,-0.7972008,3.2483587,-0.41572154,-1.770274,-0.9913226,-0.027044103,-1.2480862,-0.6647098,-0.7968817,3.885611,81
-0.3034969,0.07139901,-2.4030378,-2.857757,0.32393184,-0.64300466,-1.4223385,2.9354544,-0.47501498,-1.83808,-1.1278358,-0.046619296,-1.5515002,-0.29298425,-0.9388544,3.6079252,81
0.51445115,1.2561035,-3.3615527,-1.0071383,-0.064880125,-0.86578625,-1.223731,2.9588876,0.161231,-4.3760624,-0.8358005,-0.26073664,-1.8888799,-0.5782244,-1.065606,4.325093,84
0.19749139,0.6579294,-3.1519654,-1.2599785,0.02046071,-0.6947714,-0.9046597,3.5355115,-0.40008873,-3.5384228,-0.94148487,-0.19834635,-1.821771,-0.53198,-0.47896585,4.1771092,84
0.81713724,1.1358597,-3.2873707,-1.1607537,0.44321212,-1.4343458,-1.2007115,3.7925844,0.191066,-3.9544864,-0.8462134,-0.46204466,-2.5930648,-0.58658856,0.25110257,4.7143364,84
0.42575675,0.88465804,-2.9313817,-1.3064296,0.0065861493,-0.6031516,-0.9551944,2.828596,0.057893187,-3.377844,-0.82515466,-0.17456935,-1.4923785,-0.60428494,-1.2286158,4.1039877,81
0.5311248,0.9182566,-2.7780771,-1.4226912,0.13847354,-1.1365666,-1.7671525,3.2841048,-0.30859613,-3.6879203,-0.8315531,-0.09110601,-2.6652117,-0.30462873,0.25228742,4.0327425,84
0.7627352,0.66599965,-2.879321,-1.0485263,0.544091,-1.327042,-1.5270183,3.860615,-0.038687363,-4.056999,-1.0219617,0.07756768,-3.0246413,-0.6544639,0.32669464,4.9627433,84
0.64105237,1.2776263,-3.2502434,-1.0433373,0.09324932,-1.2411035,-1.4318018,3.1867359,0.12177632,-4.2662873,-0.79956365,-0.4838121,-2.495765,-0.3407195,-0.024285898,4.073079,84
0.5403994,1.005379,-2.924035,-1.0275941,0.18221954,-1.2404329,-1.538312,2.9566271,0.12259881,-3.9965053,-0.7087563,-0.20912825,-2.5105894,-0.48109272,0.15828323,4.1275125,84
0.73340136,1.0135494,-3.2055385,-0.9874538,0.36478016,-1.2548562,-1.3383508,3.3633468,0.2113858,-4.16416,-0.79142374,-0.26073992,-2.5532765,-0.623477,0.03840238,4.580397,84
0.69067144,1.4149774,-2.9638405,-1.3644892,0.16261417,-1.3396069,-1.8008018,3.150448,0.18452959,-3.9342906,-0.92289335,-0.42029092,-2.5186636,-0.25712463,-0.0042730123,4.0749054,84
0.70934296,-0.010181168,-3.0453203,-0.74228454,0.3023128,-0.99600536,-0.5051615,3.0587564,0.027931482,-3.7526817,-0.801143,0.075130805,-2.7459328,-0.6769206,0.1156255,4.503371,84
0.37346274,0.5217111,-2.2878988,-1.2947059,0.23656046,-0.80003005,-0.97222006,2.3622148,0.54242533,-3.2569363,-0.96077394,0.15695815,-1.953287,-0.6645229,-1.2579241,4.2997146,81
0.9185199,1.2853417,-3.3254285,-0.74836534,0.38783988,-1.3138032,-1.2798061,3.2918608,0.35302192,-4.3893137,-0.7556354,-0.38992518,-2.5363748,-0.48609713,0.0050810277,4.411967,84
0.20793436,0.6102268,-2.8643522,-1.1265787,-0.07892998,-0.77083385,-1.2381375,2.566065,-0.18087523,-3.639141,-0.7031572,-0.11357542,-2.0732548,-0.49299306,-0.37196133,3.7403514,84
0.29975754,0.2768261,-2.3806794,-1.1326002,0.32282203,-0.47286004,-0.7106354,2.6660428,-0.0012372881,-2.6680923,-0.6767504,0.021384299,-1.5587672,-0.83459115,-0.7111297,4.0372596,81
-0.24050014,-0.004134314,-2.2802672,-3.1544137,0.1861045,-0.79895955,-1.8588319,3.243834,-0.8921944,-1.7169921,-1.1277367,-0.0662061,-2.238962,-0.103503674,0.05503498,3.2726586,81
0.34309644,1.1278496,-2.7594852,-1.3260112,-0.17346543,-1.0107142,-1.7304585,2.5846863,-0.05610998,-3.773773,-0.8148593,-0.28170708,-2.2062588,-0.17060262,-0.32217473,3.4669971,84
0.25082815,0.7167445,-3.0043175,-1.1471958,-0.09514638,-0.83420867,-1.1900718,2.970554,-0.38924456,-3.6540048,-0.7745147,-0.22591555,-2.1310241,-0.36611673,-0.058815412,3.6987915,84
0.72298676,1.14799,-3.0787187,-0.8053802,0.4844903,-1.6545358,-1.3051021,3.377011,0.5014956,-4.0767307,-0.91193086,-0.5263202,-2.654001,-0.5229477,0.30852714,4.5401897,84
0.25551277,0.5967174,-2.8149717,-1.2304583,0.008380115,-0.93387264,-1.4116528,2.5543823,-0.14595892,-3.642177,-0.71642464,-0.053985864,-2.2515714,-0.40080017,-0.34837705,3.784527,84
0.44030565,0.9173952,-2.6960983,-1.3025695,0.08349709,-1.0487019,-1.8324952,3.2644491,-0.34043503,-3.752444,-0.88227916,-0.10927567,-2.570459,-0.2684348,0.070102036,4.003041,84
0.7863255,0.6559669,-2.8121393,-0.715451,0.572708,-1.3452487,-1.4608123,3.9099858,0.073289916,-4.3059454,-1.0866737,0.016404822,-3.049258,-0.6609282,0.2514374,5.0379853,84
0.7157068,1.2429601,-3.1537116,-1.1101742,0.18630853,-1.279385,-1.4564962,3.1548033,0.23198645,-4.047347,-0.826929,-0.52027225,-2.4590335,-0.26887947,-0.031257592,3.906858,84
0.57604593,0.8570211,-3.0282297,-0.91691005,0.30274135,-1.233361,-1.5295901,3.3958178,0.024287969,-4.3009906,-0.8762008,-0.059751913,-2.6785216,-0.6020878,0.016559795,4.6966314,84
0.5054435,0.89833754,-2.7171555,-1.0056039,0.25709093,-1.2533896,-1.5137198,3.140839,0.16305272,-3.8705528,-0.83990157,-0.31548032,-2.5347247,-0.49518824,0.10126774,4.228834,84
0.5513021,1.3939542,-2.579474,-1.3381529,0.023387462,-1.1282037,-1.856204,2.6781065,0.20523375,-3.5626059,-0.86863613,-0.49373412,-2.1731544,-0.21576004,-0.36725768,3.6224797,84
0.7103806,-0.014681678,-2.7172673,-0.7781205,0.13746527,-1.1812266,-0.6575577,3.0553505,0.06521991,-3.678753,-0.8918956,-0.18893713,-3.143241,-0.28426582,0.8105224,4.0202646,84
0.38192004,0.3554646,-2.3431516,-1.3815074,0.28687653,-1.0471233,-1.3606966,2.8797078,0.28458345,-3.5553427,-1.1763549,0.20851289,-2.5529265,-0.54196906,-0.7611429,4.507454,84
0.80759996,1.2151963,-2.933439,-0.658772,0.3128237,-1.2709212,-1.4126258,3.0725787,0.33568838,-4.219178,-0.7708073,-0.3934452,-2.5393298,-0.43348092,-0.008951046,4.181736,84
0.26847237,0.4627791,-2.5962467,-1.478493,-0.10199998,-1.0240502,-1.585002,2.7228763,-0.40886766,-3.4008286,-0.88024276,-0.13538685,-2.6199718,-0.10472904,0.32618064,3.3571975,84
0.5067216,0.17735328,-2.1948984,-1.074954,0.38579252,-0.8952129,-0.8635265,2.7537637,0.353924,-3.039407,-0.9156298,0.067303255,-2.2857401,-0.69636106,-0.22739276,4.266968,84
-0.13529167,-0.075677484,-2.3489747,-3.3650112,0.2168678,-1.102907,-2.209299,3.8726563,-1.0331417,-2.062699,-1.3956894,0.030109316,-2.8838117,-0.032555025,0.5492218,3.8031173,81
0.3332594,1.0626128,-2.8276815,-1.5038171,-0.22760777,-0.9490155,-1.839556,2.685397,-0.14971389,-3.888396,-0.94576037,-0.21436363,-2.318754,-0.12684968,-0.500172,3.59344,81
0.15188847,0.72080755,-2.827227,-1.5179813,-0.2882784,-0.90052235,-1.4390352,2.816407,-0.37460452,-3.5196004,-0.90514386,-0.3416394,-2.3422763,-0.093214855,0.06484169,3.3902128,84
0.9828723,1.1234736,-2.8410945,-0.6152742,0.5018133,-1.4300065,-1.2123132,3.3877554,0.4803105,-3.85811,-0.9017848,-0.5910382,-2.6137006,-0.52275664,0.14688289,4.503803,84
0.30369973,0.4532515,-2.6730428,-1.6593794,0.047255933,-1.152456,-1.772618,3.0755348,-0.43180674,-3.4981444,-0.9683276,-0.019430995,-2.772029,-0.19280374,0.25841078,3.795481,84
0.5615828,1.251872,-2.7218397,-1.3733954,0.007819742,-1.0894773,-1.8219976,2.9161055,0.0573657,-3.8492,-0.89674467,-0.36847705,-2.4271307,-0.28151137,-0.2336505,3.7910228,84
1.048637,0.7825198,-2.846505,-0.667019,0.6370286,-1.5225958,-1.2884767,3.879098,0.417764,-4.4458575,-1.2153804,-0.15435323,-3.1904051,-0.62677664,0.25458136,5.0296426,84
0.7916031,1.162008,-3.1743805,-1.2798872,0.23892173,-1.3509191,-1.4052227,3.1950028,0.3632461,-4.003929,-0.8963349,-0.53531253,-2.5350673,-0.30645508,-0.028978355,4.086108,84
0.7975498,1.045259,-3.0601025,-0.9766872,0.31800735,-1.3493466,-1.4291992,3.235442,0.38569134,-4.37879,-0.9720529,-0.2695663,-2.6926086,-0.6249572,-0.21670267,4.6779256,84
0.6801678,0.9953394,-2.7564049,-0.9420792,0.33316797,-1.3847146,-1.3603275,3.1085422,0.4602376,-3.9463966,-0.932528,-0.45890158,-2.5220091,-0.5053212,-0.00046764314,4.252939,84
0.5899408,1.4582549,-2.5901258,-1.5748353,0.009437233,-1.0989307,-1.8100019,2.6638303,0.34115762,-3.4227967,-1.0151293,-0.5811278,-2.118594,-0.3373893,-0.6685005,3.842011,81
1.0875474,0.008930171,-3.097868,-0.6217967,0.26286593,-1.3561516,-0.32569867,3.7865038,0.23267621,-4.3341007,-1.1903404,-0.22032075,-3.55811,-0.3785481,0.75793433,4.85641,40
0.55407465,0.57856643,-2.7060485,-0.9953335,0.27458012,-1.1712923,-1.474999,2.9639165,0.34320638,-4.423014,-1.2291381,0.3093217,-2.790505,-0.59814835,-0.8570494,4.801721,84
0.92973655,1.2429653,-3.0120728,-0.83966017,0.41656384,-1.4099491,-1.3548634,3.276606,0.5341796,-4.20847,-0.93933123,-0.5000378,-2.6213155,-0.47001448,0.0045743138,4.352149,84
0.32986164,0.5785718,-2.882274,-1.3857509,-0.16169392,-0.97070235,-1.4728234,2.881009,-0.25335974,-3.9176474,-1.0706122,-0.105001315,-2.626442,-0.15753707,-0.10792372,3.6936646,84
0.61517394,0.23725653,-2.2409186,-0.9112368,0.4436904,-1.270789,-1.1437116,2.8860471,0.46161288,-3.5033815,-1.0416449,-0.03442487,-2.7578142,-0.57853174,0.059564367,4.2310553,84
-0.06971052,0.17063132,-2.290737,-3.2418303,0.17743239,-1.1703786,-2.1775017,3.4780054,-0.6907957,-2.0731418,-1.2949648,-0.19207801,-2.7025232,0.022368453,0.4340943,3.5279229,81
0.46725905,1.184267,-2.8078299,-1.579325,-0.18403271,-0.95737666,-1.8007877,2.6008635,0.033533037,-3.8145866,-0.9322141,-0.32933593,-2.2477965,-0.1550038,-0.63255435,3.5336614,81
0.18166791,0.94588387,-2.8392909,-1.4228743,-0.44822472,-0.7475578,-1.3976293,2.2713325,-0.09667502,-3.6360912,-0.8610542,-0.4670775,-2.0883138,-0.050768655,-0.42831185,2.9868762,81
1.0628765,1.077393,-2.8893042,-0.76073277,0.536258,-1.5119388,-1.0896082,3.482381,0.6905873,-4.0081844,-1.0490124,-0.5852892,-2.7327254,-0.5485735,0.07125375,4.7020392,84
0.33559042,0.662244,-2.8357868,-1.5038304,-0.039833255,-1.0677671,-1.7021041,2.9846725,-0.19118257,-3.8819256,-1.0682278,-0.08159916,-2.6020143,-0.23645231,-0.23095351,3.9234958,84
0.5781576,1.4038329,-2.7203987,-1.5555998,-0.03845948,-1.0462207,-1.7727163,2.9282436,0.1919612,-3.7396314,-0.8716725,-0.53215945,-2.339368,-0.34035078,-0.2736543,3.810929,84
1.3087585,0.8277235,-2.7877672,-0.5945531,0.6958817,-1.6704185,-0.9856359,3.861094,0.7012731,-4.2759013,-1.2477399,-0.39070374,-3.2469203,-0.57735616,0.41602588,5.0220184,40
0.7102407,0.98463476,-3.048856,-1.2906945,0.16928399,-1.3053373,-1.2572825,3.133083,0.32097676,-3.842186,-0.8752012,-0.49906248,-2.4899309,-0.34249467,-0.009942807,4.129102,84
0.94989675,1.0119877,-3.0245235,-1.0591316,0.46030715,-1.546502,-1.2271383,3.560567,0.55925834,-4.2294664,-1.0856075,-0.4550472,-2.8562036,-0.6217578,0.081947386,4.868767,84
0.8827887,0.91783136,-2.818732,-1.0270574,0.43341765,-1.4650984,-1.1061082,3.432838,0.5585614,-3.8871596,-1.0379348,-0.53837186,-2.6432855,-0.5951199,0.02421306,4.6905484,84
0.5220247,1.351868,-2.3787286,-1.5147778,-0.02459021,-1.0612724,-1.7472377,2.390875,0.42744976,-3.2808065,-1.0112801,-0.53163135,-2.063535,-0.34262428,-0.7353461,3.6784253,81
1.5030967,-0.060866185,-2.7930973,-0.19556843,0.32931906,-1.3868973,0.2130045,3.4042315,0.5904684,-3.9629755,-0.98534435,-0.45874536,-3.495786,-0.31667805,1.0036778,4.6071544,40
0.6154094,0.7860847,-2.621296,-0.5202402,0.2580194,-1.3398947,-1.358722,2.743782,0.5613158,-4.576117,-1.1209347,0.116776094,-2.6956172,-0.62112325,-0.6972667,4.6565976,84
1.114416,1.1160505,-3.121888,-0.9991313,0.5500976,-1.5611517,-1.220037,3.783746,0.59083426,-4.285158,-1.1404121,-0.5095101,-2.947254,-0.5741215,0.18906775,4.915884,84
0.49693954,0.7415745,-2.881529,-1.3836191,-0.18006319,-0.9210841,-1.4026682,2.7618644,-0.095780835,-3.9023716,-0.99869555,-0.21176907,-2.514064,-0.24193244,-0.2968802,3.7135892,84
0.82205373,-0.01651961,-2.4358084,-0.8914341,0.68441045,-1.537823,-1.0079427,3.866724,0.2771889,-3.867765,-1.3207008,0.06559242,-3.3481596,-0.56955254,0.59039533,4.9478464,40
-0.2683562,0.15138054,-2.186109,-3.245315,0.16035452,-1.3695657,-2.320192,3.559417,-0.7051802,-2.066652,-1.4204766,-0.13299194,-2.7886274,0.012406237,0.72130066,3.598255,81
0.3856483,1.1309918,-2.6626463,-1.9190443,-0.11909124,-0.99143535,-1.7994163,2.9363256,-0.02727434,-3.4519482,-0.9709561,-0.39370996,-2.2667727,-0.25845557,-0.4522779,3.740583,81
0.22102906,0.8878435,-2.8042252,-1.6775581,-0.39607042,-0.67369217,-1.4005082,2.562123,-0.21345125,-3.3821495,-0.8772271,-0.45199203,-2.021392,-0.16329166,-0.47935745,3.1826572,81
1.1429375,0.94429475,-2.8497932,-0.771491,0.5733565,-1.6096605,-0.8464333,3.5796072,0.8273912,-3.9695783,-1.1112841,-0.6270789,-2.8426132,-0.5497006,0.23031485,4.881342,84
0.41728103,0.86217004,-2.7484214,-1.5088478,-0.085624285,-1.0779039,-1.6616313,2.7175343,0.02871959,-3.8017035,-0.9772609,-0.25618294,-2.4316046,-0.29235262,-0.4095117,3.789817,84
0.554426,1.3242401,-2.7620656,-1.4965817,-0.031937897,-0.99014986,-1.6922884,2.9702435,0.119396605,-3.7272758,-0.8265917,-0.46990538,-2.2789714,-0.38750494,-0.2575305,3.8980718,84
1.4989552,0.7510914,-2.8443437,-0.43768555,0.7576796,-1.7342309,-0.69841546,4.0616126,0.7982001,-4.3194313,-1.2941095,-0.4429083,-3.2956927,-0.65160817,0.48626238,5.323605,40
0.78298354,0.7769547,-3.0966341,-1.3411764,0.24158162,-1.3598218,-1.0569437,3.5276592,0.28129268,-3.910483,-1.0259091,-0.40463048,-2.6925495,-0.4323319,0.09865035,4.6058297,84
1.0477043,0.874523,-2.8400967,-0.7976992,0.5300578,-1.5959463,-0.9782877,3.6225317,0.5912819,-4.0399714,-1.0220606,-0.5307425,-2.888123,-0.55820286,0.41974747,4.795947,84
0.93464833,0.7349797,-2.6792538,-0.8842626,0.440935,-1.4995297,-0.8219426,3.4828813,0.6228445,-3.7767775,-1.0230566,-0.5171797,-2.666658,-0.6072242,0.14093834,4.8273215,84
0.5090916,1.251683,-2.3938367,-1.455773,0.0065030903,-1.017785,-1.5979679,2.6192849,0.43449083,-3.411457,-1.0382735,-0.43909824,-2.1150336,-0.4664503,-0.71824855,3.9460611,81
1.9380084,-0.310929,-2.8199933,-0.062372714,0.56949306,-1.49082,0.83876485,3.827577,0.7890132,-3.8894928,-1.0684597,-0.5559416,-3.8919454,-0.29980323,1.46437,4.9842124,40
0.8034885,0.99108493,-2.6704712,-0.44419295,0.2800483,-1.5037434,-1.179651,2.6405935,0.83577025,-4.6363173,-1.0843345,-0.07633851,-2.660498,-0.6161652,-0.6722129,4.6005964,84
1.2060475,0.9860289,-3.0204768,-0.79823625,0.5424454,-1.6115438,-0.9833714,3.7796981,0.6513115,-4.2859535,-1.1252623,-0.51232207,-3.009688,-0.59644973,0.3044126,5.029743,84
0.4394939,0.79005086,-2.6521425,-1.5207707,-0.20413977,-0.9496683,-1.2936285,2.6282818,-0.027822241,-3.4315655,-0.8870396,-0.4102493,-2.3364003,-0.24112804,-0.102874726,3.4383917,84
1.1353191,-0.05783029,-2.391351,-0.3672548,0.8937452,-1.7764746,-0.60788745,4.2619243,0.40542674,-3.938223,-1.3166515,-0.1252158,-3.495729,-0.55885684,1.02807,5.155175,40
-0.20486821,0.22757699,-2.1160882,-3.0324163,0.16045946,-1.4441376,-2.201203,3.5344841,-0.7130417,-2.0482666,-1.3831614,-0.16359405,-2.8092518,-0.013441697,0.90734,3.6468692,81
0.3532052,1.0824698,-2.675693,-1.8241509,-0.12738353,-0.95620185,-1.660183,2.9777584,0.0017137676,-3.5400922,-0.98541117,-0.3539136,-2.2620778,-0.29037377,-0.47235435,3.8366709,81
0.17991774,0.7183492,-2.8165486,-1.6027673,-0.3251787,-0.7110755,-1.264612,2.552503,-0.14690872,-3.3810644,-0.92285764,-0.35915482,-2.0083945,-0.16818085,-0.48912245,3.2393963,81
1.2167498,0.707844,-2.7391067,-0.6789826,0.6202501,-1.6842895,-0.525508,3.7951925,0.8890446,-3.9331615,-1.1993532,-0.5773542,-2.9816306,-0.57690275,0.41398633,5.1480975,40
0.3713079,0.91355586,-2.5944421,-1.616617,-0.11080833,-1.014728,-1.5599043,2.7823,-0.03562583,-3.406246,-0.8539649,-0.41251945,-2.262908,-0.34187573,-0.20369253,3.6913836,81
0.55408347,1.3021481,-2.711348,-1.3614635,-0.023317635,-1.027057,-1.5511088,2.803654,0.22628094,-3.6933498,-0.8068229,-0.4861424,-2.1988611,-0.3806586,-0.24969235,3.8553748,84
1.6362022,0.5521833,-2.8495586,-0.28813767,0.8496305,-1.840367,-0.32259178,4.4085484,0.95482993,-4.3631706,-1.5234815,-0.4467321,-3.4297104,-0.7340745,0.5186961,5.797805,40
0.9574962,0.6690268,-2.936908,-0.9527356,0.34962067,-1.4673162,-0.8491827,3.490917,0.38364732,-3.9521356,-1.0223362,-0.3955582,-2.818339,-0.31933522,0.3804934,4.5435767,84
1.2484056,0.70112854,-2.9413953,-0.65624857,0.6735761,-1.7152549,-0.668703,4.0842156,0.644668,-4.2222195,-1.1917038,-0.47729343,-3.1221504,-0.6251891,0.55218893,5.3571877,40
1.0814829,0.51416194,-2.5780516,-0.6428049,0.5571364,-1.6185002,-0.4905626,3.795994,0.7083087,-3.8400278,-1.1811711,-0.44115514,-2.8829234,-0.610905,0.3689379,5.1635385,40
0.50333285,1.1935016,-2.318679,-1.277878,0.03530182,-1.0313927,-1.483794,2.7254622,0.4711495,-3.4947634,-1.0799892,-0.4068057,-2.1870677,-0.48709455,-0.5667398,3.9808903,84
2.2637815,-0.8286222,-3.1113172,-0.09145963,0.90512574,-1.5052854,1.3060281,4.8358326,0.7234964,-4.180936,-1.457403,-0.24181513,-4.4211407,-0.44622016,1.6185167,6.102627,106
1.045334,1.13269,-2.8266957,-0.2167108,0.3080293,-1.4795938,-0.91747135,2.7817774,1.022132,-4.949068,-1.0655031,-0.14737108,-2.7347586,-0.6857033,-0.70699406,4.870428,84
1.3354506,0.76542646,-3.0034573,-0.69190395,0.6594646,-1.688421,-0.69516844,4.1746287,0.66547954,-4.3600984,-1.2947978,-0.4297437,-3.1889565,-0.68011516,0.393587,5.525909,40
0.36750597,0.63674897,-2.5024924,-1.297837,-0.16955109,-0.8822677,-1.1434033,2.6024854,-0.094764635,-3.2703948,-0.8620401,-0.37012398,-2.223619,-0.19941807,0.006369844,3.3342829,84
1.3522894,-0.15981452,-2.3791325,-0.02934736,1.0545207,-1.9593215,-0.17879944,4.2251525,0.7536872,-4.0741806,-1.4090714,-0.12673777,-3.534198,-0.61057746,0.9352042,5.3782544,40
-0.029053569,0.28956473,-2.114407,-2.1951804,0.27511567,-1.3445309,-1.6827996,2.9904463,-0.37323916,-2.3793602,-1.1361768,-0.122443534,-2.4106362,-0.25900167,0.18207464,3.923292,81
0.22920488,0.986662,-2.3602047,-1.7674034,-0.07642683,-0.93478316,-1.3813696,2.7923489,0.17096485,-3.2127976,-0.9935732,-0.38895437,-2.0652063,-0.23403393,-0.58906305,3.7272365,81
0.11810063,0.61888945,-2.7148468,-1.3239129,-0.34823912,-0.7199645,-0.9513507,2.3226764,0.046003193,-3.3662937,-0.9356885,-0.3722937,-1.8737317,-0.17153099,-0.55261886,3.1805072,81
1.3904418,0.44284734,-2.6523006,-0.33817205,0.7246225,-1.8264107,-0.18115965,4.1674805,0.92969364,-4.0388823,-1.3778406,-0.49593848,-3.24678,-0.6202501,0.6457113,5.5856524,40
0.38495785,0.81765777,-2.4820092,-1.3115752,-0.06777356,-0.98257995,-1.3872368,2.6799946,-0.027407452,-3.323777,-0.7872111,-0.38888222,-2.1766593,-0.29419085,-0.08796495,3.562121,84
0.59485483,1.2968423,-2.6309488,-1.2567441,-0.0077293515,-1.0526615,-1.4281406,2.7461789,0.2896173,-3.6615489,-0.8311673,-0.51291883,-2.1761978,-0.38349682,-0.22195105,3.8927321,84
1.6952876,0.38135803,-2.6507483,-0.032143205,0.8227539,-1.9644924,-0.06565628,4.291789,1.2012825,-4.309351,-1.6769707,-0.45889968,-3.5091748,-0.69970894,0.5651897,5.7475657,40
1.2431595,0.5004937,-2.9134526,-0.61749303,0.4865782,-1.5533568,-0.52125275,3.846087,0.4459926,-4.120324,-1.1355205,-0.35738683,-3.095882,-0.3013599,0.69663936,4.8697944,40
1.387587,0.51220167,-2.7797747,-0.32298595,0.73415935,-1.8166741,-0.31820726,4.248094,0.7839912,-4.2401047,-1.3405935,-0.47551113,-3.223097,-0.6063932,0.6892,5.571596,40
1.3622038,0.3069982,-2.633729,-0.32081312,0.7524756,-1.8491361,-0.1889348,4.289058,0.8286281,-4.162327,-1.4230776,-0.35104483,-3.2668056,-0.6013395,0.66749954,5.6307225,40
0.6291187,1.2027509,-2.3212023,-1.2439545,0.047476694,-1.1240878,-1.2884533,2.6735566,0.6311404,-3.5188146,-1.1732118,-0.4535463,-2.2757611,-0.5208989,-0.67103034,4.178078,84
2.516542,-0.7974166,-3.216181,-0.10827944,0.8668487,-1.5333685,1.5127313,4.5526724,1.1078249,-4.4273343,-1.5823184,-0.13029528,-4.5322876,-0.4521069,1.3491945,6.209007,106
1.2830658,1.1144693,-2.8891943,0.086446226,0.38278946,-1.5386335,-0.7310229,2.9343884,1.1072673,-5.1683717,-1.1703337,-0.14891858,-2.904025,-0.7420437,-0.6303948,5.1148343,84
1.4557612,0.5329578,-2.8136544,-0.35147372,0.7610483,-1.8214294,-0.43873027,4.3421755,0.73048025,-4.329168,-1.4671257,-0.37612402,-3.339062,-0.6358589,0.60681874,5.6605544,40
0.44687784,0.5426205,-2.5297093,-1.1795895,-0.06424791,-0.95665467,-1.0169144,2.7197444,-0.06734787,-3.3222053,-0.9339104,-0.30663872,-2.2713478,-0.20000768,0.07379693,3.5407474,84
1.7498052,-0.14087877,-2.6011434,0.21157944,1.1679329,-2.1492708,0.22224408,4.4797482,1.1566978,-4.5526166,-1.6633072,-0.17389904,-3.8650224,-0.64340585,0.88837165,5.851838,40
0.2509302,0.53849703,-2.160772,-1.3383719,0.20484665,-1.1687195,-1.4603968,2.324086,-0.059896663,-2.929535,-0.8447658,-0.10760429,-2.106114,-0.3584303,-0.3123103,3.809405,81
0.18070461,0.93815804,-2.188562,-1.7282141,-0.039513618,-0.9344854,-1.2562828,2.7292154,0.24233544,-3.0877428,-1.0209596,-0.3795833,-2.0148866,-0.19620062,-0.61214817,3.7000809,81
0.21450882,0.620442,-2.6233003,-1.032795,-0.32115918,-0.70028013,-0.7927278,2.0661879,0.18111736,-3.4437418,-0.8787122,-0.32189143,-1.824722,-0.16042069,-0.6089108,3.207463,84
1.5917561,0.276813,-2.5916982,-0.1431808,0.7655505,-1.9868598,0.103793174,4.335801,1.1418215,-4.170651,-1.5961777,-0.48065388,-3.4974418,-0.6719946,0.75621325,5.862384,40
0.43748045,0.75501657,-2.513778,-1.2195834,0.05431521,-1.1014853,-1.2470579,2.803981,0.07277718,-3.389525,-0.8762387,-0.36444134,-2.1823037,-0.32074192,-0.0839804,3.8217752,84
0.6797358,1.2394937,-2.4524097,-0.96372694,0.009769037,-1.047065,-1.281755,2.6761303,0.30237198,-3.6001613,-0.81445765,-0.5195507,-2.1789937,-0.34665477,-0.05719433,3.8063283,84
1.6006144,0.35926268,-1.9438713,0.52264243,0.54102147,-1.6689327,-0.03548734,3.4897907,0.7638882,-3.678813,-1.2536665,-0.39708245,-3.1940958,-0.39760843,0.5108492,5.071437,40
1.5109967,0.28693038,-2.887561,-0.3661552,0.6618881,-1.5948007,-0.24632129,4.421716,0.46228135,-4.279646,-1.3220896,-0.24945919,-3.3824854,-0.33141953,1.0174348,5.3610854,40
1.4385022,0.23302484,-2.2933369,0.2968418,0.79294,-1.9814929,-0.08045417,4.076834,0.79798913,-4.1525755,-1.3196552,-0.2956028,-3.4701111,-0.3049628,1.0220275,5.32941,40
1.3761557,0.1448603,-2.2769973,0.26693082,0.7912729,-2.0071154,-0.077596374,4.1420155,0.77035826,-4.211316,-1.373352,-0.18427503,-3.5250833,-0.2941066,0.94288105,5.407863,40
0.66915995,1.0766758,-2.107391,-1.0864899,0.09181023,-1.1607527,-1.0355515,2.6602294,0.6678039,-3.2883153,-1.2309422,-0.49737847,-2.2399259,-0.55230856,-0.7190821,4.291544,84
2.0643482,-1.1521018,-2.6017904,0.825243,0.8686869,-1.8138613,1.4283373,3.9715006,0.8181021,-4.554883,-1.552955,0.35965115,-4.8345604,0.35945812,1.7803652,5.5058284,106
1.6510774,1.0728279,-2.7545846,0.44328576,0.3682138,-1.4863176,-0.50869167,2.7615583,1.1668832,-5.128016,-1.1605653,-0.16223851,-3.044398,-0.7242165,-0.535185,5.0957966,40
1.5419061,0.2523505,-2.3894403,0.14873844,0.8073796,-1.9382817,-0.2746324,4.232518,0.6488944,-4.2293305,-1.4319894,-0.18845306,-3.6302059,-0.37692404,0.9683221,5.454498,40
0.5495097,0.50610894,-2.3876443,-0.94584686,0.023788854,-1.0217901,-0.9218657,2.6554246,-0.027572915,-3.1956937,-0.89432406,-0.3504067,-2.2425976,-0.15191945,0.2587132,3.453431,84
1.5179751,-0.25407568,-2.2732093,0.6713939,1.1017246,-2.2951586,0.09763032,4.217014,0.9532475,-4.5327997,-1.5344666,0.014744014,-3.9549217,-0.2572627,1.0740607,5.4285703,40
0.5895262,0.49450684,-1.8957734,-0.9903204,0.181544,-0.93579125,-1.2517488,1.8881863,-0.032980964,-2.6821804,-0.66635025,-0.11392754,-1.9710155,-0.2425672,-0.499942,3.4874089,84
0.17728789,0.8993568,-1.9508198,-1.5859703,-0.05907079,-0.8654031,-1.1311705,2.5716963,0.27223292,-2.8807948,-0.99536675,-0.40551633,-1.9297354,-0.15760997,-0.54050684,3.5142586,81
0.3398229,0.6273342,-2.5083044,-0.7125949,-0.28524113,-0.7096083,-0.67539245,1.8631159,0.29029927,-3.4882548,-0.8126071,-0.3110016,-1.7961106,-0.14190556,-0.5845719,3.1973965,84
1.6833091,0.08758998,-2.0105915,0.5149569,0.6726949,-1.8559582,0.23833236,3.9232001,0.75001574,-3.7870474,-1.3699559,-0.33476156,-3.559971,-0.2528638,0.95449847,5.4043093,40
0.5272659,0.7125274,-2.3074121,-0.9517801,0.11720687,-1.1329135,-1.1253831,2.7291625,0.11895629,-3.2669642,-0.86535287,-0.4008705,-2.1483586,-0.25883436,0.09993255,3.6929426,84
0.88422924,1.1343864,-2.474593,-0.71525055,0.1676212,-1.0634136,-1.1768004,3.105719,0.19958788,-3.7350943,-0.8705286,-0.4410004,-2.3792117,-0.37334725,0.16886297,4.1479673,84
1.4365997,0.38162807,-1.7965623,0.59937435,0.56673706,-1.4137943,-0.25725374,3.7128313,0.37164193,-3.1861541,-1.2136649,-0.47552115,-2.8729084,-0.37408102,0.57775253,4.841784,40
1.1931216,0.3078,-2.4939542,0.12582362,0.5885438,-1.6878734,-0.2851601,4.1113625,0.52611154,-4.2761374,-1.2881501,-0.15865052,-3.2739315,-0.12326219,1.065062,5.016355,40
1.3380915,0.22003092,-1.8530014,0.60481817,0.55748653,-1.6486943,-0.07644692,3.7926373,0.45782056,-3.5511882,-1.1898218,-0.38200957,-3.0967612,-0.20971203,0.91642326,4.932767,40
1.3703573,0.2312627,-1.945777,0.76731586,0.5982224,-1.7159225,-0.09362264,3.8580801,0.5052322,-3.8258102,-1.2034467,-0.34549692,-3.189009,-0.2378203,0.9234386,5.021323,40
0.76439273,0.95322734,-2.0036926,-0.80906034,0.2290586,-1.1915972,-0.9157786,2.8730316,0.59049374,-3.2207103,-1.2776012,-0.45161855,-2.2633162,-0.6013534,-0.61102444,4.464695,84
2.1121671,-1.0912822,-2.7372897,0.822415,1.3082272,-2.0674543,0.82341534,4.783898,0.40765655,-4.643623,-1.6605124,0.44049573,-4.952965,0.5962664,2.4465365,5.382204,106
1.7654184,1.1078762,-2.6037912,0.40431392,0.37902495,-1.3067429,-0.4860208,2.7386868,1.1221424,-4.8971167,-1.0918539,-0.19187881,-2.8752937,-0.78476495,-0.5234051,4.9563417,40
1.4474987,0.32033792,-2.0366268,0.5730743,0.6054499,-1.6539344,-0.23028629,3.9304872,0.39989406,-3.8193126,-1.2275536,-0.30315852,-3.2357364,-0.29161578,0.8528611,5.097392,40
0.69803655,0.44496796,-2.2876272,-0.64059395,0.11337033,-0.996384,-0.8210112,2.7667027,-0.10397141,-3.170204,-0.8509616,-0.34025627,-2.2818542,-0.1494342,0.4768219,3.491145,84
1.5365375,-0.04462432,-1.7311066,1.0054989,0.67038596,-1.7439116,0.025227413,3.5776281,0.503855,-3.6479492,-1.21556,-0.19879569,-3.335302,-0.14160475,0.9229253,4.764932,40
0.8171472,0.42510313,-1.5290263,-0.9739815,0.2244218,-0.5935732,-1.0730987,1.3581176,0.02327989,-2.013461,-0.5407547,-0.21512148,-1.5768082,-0.15125813,-0.9565862,2.9796112,81
0.24317913,0.84879816,-1.8196499,-1.4227172,0.018612444,-0.8076831,-1.1115427,2.705972,0.19667976,-2.8529022,-1.0177443,-0.31546187,-1.9567345,-0.16431971,-0.48744762,3.600218,81
0.47924775,0.56301475,-2.5083275,-0.27864352,-0.1835868,-0.6925867,-0.556075,1.9422392,0.25299013,-3.698307,-0.76711524,-0.20933147,-1.834789,-0.22081399,-0.56530344,3.4542065,84
1.4545919,0.10544011,-1.6641172,0.95358145,0.62625647,-1.6036172,0.06499159,3.574672,0.48980874,-3.207863,-1.2573323,-0.4110687,-3.0791576,-0.10247977,0.9393988,4.759315,40
0.7241874,0.68347585,-2.2364328,-0.61854327,0.1956613,-1.1140188,-1.021764,2.905096,0.065354645,-3.345875,-0.8259811,-0.39647704,-2.2564259,-0.25650722,0.35770997,3.7632852,84
0.9919639,1.0256884,-2.367221,-0.57658386,0.25579283,-1.0979686,-0.9979193,3.3092885,0.27157182,-3.7328033,-0.93151146,-0.4141798,-2.5270796,-0.335091,0.34805343,4.27012,84
1.3949754,0.5428381,-1.6615932,0.57171685,0.4915808,-1.4356878,-0.29829127,3.514834,0.41103375,-3.0636528,-1.1316183,-0.59130996,-2.954697,-0.100858934,1.0116909,4.361387,40
1.162021,0.57674074,-2.3947122,0.4549089,0.4701461,-1.5997773,-0.3566286,3.5657363,0.59633297,-4.198231,-1.136709,-0.35013312,-2.946567,-0.1061046,0.77419865,4.6804714,40
1.1931782,0.23125093,-1.8203857,0.5976118,0.63467026,-1.5885913,-0.28467628,3.9707987,0.22735856,-3.2252784,-1.2569839,-0.44601542,-2.9978683,-0.12535942,1.0709763,4.793653,40
1.4153395,0.2872028,-1.8893133,0.6556202,0.6742753,-1.6611148,-0.33045098,4.0831246,0.19728658,-3.3097544,-1.2791631,-0.5320397,-3.1649027,-0.06416282,1.2918737,4.7651563,40
0.88715035,0.92263985,-2.06381,-0.7812437,0.3050209,-1.2748518,-0.8077593,2.9415543,0.73791337,-3.2884789,-1.4062498,-0.4429817,-2.3431783,-0.60063374,-0.6863322,4.574102,84
2.026696,-0.7646229,-2.3783207,1.0045059,1.1869503,-1.8722728,0.7545345,4.457965,0.40759334,-4.1928687,-1.4447043,0.2028688,-4.5209713,0.70534664,2.6080298,4.943715,106
1.6462705,1.266703,-2.4637065,0.0647617,0.08930203,-0.9743832,-0.71434146,2.2170942,1.0903437,-4.5144787,-1.0120935,-0.21641321,-2.435159,-0.9131665,-1.0015085,4.6699495,84
1.3936142,0.38471648,-1.9361207,0.766798,0.6398276,-1.5738183,-0.38252154,3.8420277,0.23477486,-3.4561307,-1.2427896,-0.43945438,-3.05622,-0.18447255,0.9404836,4.792778,40
1.0253234,0.43299434,-2.4553356,-0.58944654,0.2661579,-1.0004343,-0.67387915,3.4135907,-0.079204634,-3.4847572,-1.0103457,-0.29841858,-2.6218617,-0.19085363,0.61118317,4.0678043,84
1.5026174,-0.01859576,-1.4395269,0.52808684,0.7197058,-1.6136552,-0.25454983,4.0576687,-0.010667294,-2.6191487,-1.2996008,-0.46753317,-3.2418122,0.081597835,1.5127554,4.413562,40
1.1794163,0.28126466,-1.2656014,-1.2176185,0.24235708,-0.28633603,-0.7676632,0.95245564,0.29887062,-1.4934087,-0.66957146,-0.28777748,-1.4376631,-0.11989717,-1.4838943,2.7375495,81
0.3700683,0.8017345,-1.8559679,-1.3226901,0.119555235,-0.7934073,-1.0991862,3.0923164,0.12700725,-3.0197961,-1.1139579,-0.21853685,-2.128924,-0.2024464,-0.38603684,3.8798778,84
0.77785486,0.5431233,-2.7425392,-0.11526531,-0.08857575,-0.6734393,-0.38898277,2.3759732,0.2882971,-4.1194882,-0.90607435,-0.113247536,-2.086164,-0.3373165,-0.6589732,4.0518603,84
1.4588016,0.2714093,-1.7896514,0.6473762,0.68544567,-1.5967216,-0.1338265,3.9928124,0.31986386,-3.175821,-1.2452984,-0.5282858,-3.209946,0.024398223,1.3532178,4.6859384,40
0.9632961,0.69237185,-2.423921,-0.58350366,0.31570345,-1.1310037,-0.9413068,3.501138,0.103237286,-3.7181275,-0.9572348,-0.34020787,-2.593706,-0.31736922,0.5034926,4.2834044,84
0.84591585,0.9114247,-1.9855806,-0.35105288,0.22697967,-1.0924126,-0.8998628,3.098178,0.27383554,-3.4416883,-0.936407,-0.3223035,-2.433899,-0.17054653,0.29943064,4.0497675,84
1.1402922,0.73111606,-1.5376214,0.5457662,0.31653512,-1.3814652,-0.45673484,3.0458245,0.46892464,-3.012507,-1.0025446,-0.7031806,-2.7243662,-0.10043564,0.788459,4.070823,40
1.026791,0.71422297,-2.0998392,0.6523328,0.41925284,-1.4553208,-0.49541312,3.0286882,0.532945,-3.7218907,-0.95631105,-0.48545605,-2.5334892,-0.058297195,0.61965436,4.2007003,40
1.1656287,0.52477586,-1.6905924,0.53221965,0.5440515,-1.5073836,-0.4582023,3.5988142,0.25325137,-3.0264676,-1.0454764,-0.6702949,-2.8283613,0.049397722,1.2822285,4.1428623,40
1.3457371,0.5356171,-1.6999158,0.5150206,0.5679867,-1.502461,-0.3607041,3.6571136,0.25761485,-2.999242,-1.0785768,-0.7204969,-2.883129,0.10589264,1.2879322,4.197241,40
0.99323183,0.8266674,-2.0160248,-0.70798606,0.36886063,-1.2832028,-0.6916569,3.162573,0.78568846,-3.1769667,-1.5562553,-0.45883352,-2.443035,-0.51811856,-0.61873263,4.5579023,84
1.6230803,-0.40314978,-1.9789588,1.0510081,0.9705523,-1.5717887,0.6812453,3.709162,0.4576537,-3.5713525,-1.0445786,-0.10724215,-3.6698267,0.6612359,2.415433,4.181238,106
1.3912612,1.3574513,-1.9085768,0.2653932,-0.34539023,-0.64921474,-0.87524074,1.2417997,1.0469679,-3.8901331,-0.77685976,-0.38142478,-1.8938948,-0.7543782,-1.3119209,3.851748,84
1.2924106,0.5827561,-1.6700138,0.47403097,0.5460429,-1.4343954,-0.46188036,3.6116621,0.19317514,-2.961792,-1.0746822,-0.6578934,-2.8423338,0.016473562,1.1565678,4.1964874,40
0.9044265,0.4150035,-1.9792128,-0.190239,0.30472282,-1.0370607,-0.73316056,3.151693,-0.06507884,-3.3047888,-0.9076355,-0.1879164,-2.542578,0.08712821,0.6393603,3.7004118,40
1.3175915,0.45289198,-1.5403637,0.64436316,0.5861373,-1.4651523,-0.31097227,3.2709365,0.24918133,-2.748101,-0.98329735,-0.70128846,-2.7140727,0.12456876,0.9681731,3.95712,40
1.1726035,-0.10458618,-0.629657,-0.95592934,0.042409822,-0.14469016,-0.39939877,0.65445125,0.30343467,-0.9892,-0.8275508,-0.2386436,-1.4137923,0.030794874,-1.363198,2.6255589,81
0.52565664,0.764846,-1.7160072,-1.0729191,0.15397716,-0.7583037,-0.9718777,3.0082917,0.23150371,-2.9800873,-1.0972565,-0.22788449,-2.1495416,-0.13805547,-0.27285844,3.7094648,84
1.1472646,0.5478895,-2.6111252,0.22188854,-0.1570724,-0.5472944,-0.07927678,2.0667706,0.4703077,-4.107685,-0.82389206,-0.22510146,-2.166333,-0.22236177,-0.57590854,3.706255,84
1.2941005,0.50457096,-1.7418476,0.54827166,0.57651234,-1.5327748,-0.3149572,3.6670625,0.34067443,-3.1218247,-1.0779321,-0.6762624,-2.96373,0.02776692,1.2232704,4.3646994,40
0.75779784,0.74223924,-2.0766137,-0.33020943,0.30243975,-1.2100079,-1.0709318,3.2726214,0.06650506,-3.5471773,-0.8997468,-0.26482654,-2.5283997,-0.07724373,0.5942276,3.901749,84
0.7909329,0.9923608,-2.1006198,-0.080831975,0.24840999,-1.0813985,-0.8965266,2.964671,0.2813583,-3.4975772,-0.92505825,-0.34279698,-2.2493918,-0.2537809,0.08116178,4.1700253,84
0.998408,0.7382675,-1.8198705,0.16975093,0.47827563,-1.3608793,-0.65740895,3.8364668,0.21550556,-2.9743373,-1.1315552,-0.7262072,-2.6795158,-0.2912926,0.7455693,4.600703,40
0.9864213,0.81153536,-1.882047,0.3202514,0.39717713,-1.2707735,-0.5615144,2.9860978,0.36170936,-3.2616017,-0.8502097,-0.5979263,-2.3885617,0.023478173,0.7473193,3.86766,40
1.1298051,0.6761012,-1.8691574,0.27616632,0.5611998,-1.3194333,-0.5714755,3.7535012,0.18202764,-3.1528227,-0.95693403,-0.66311604,-2.6964831,-0.14393687,0.9386167,4.432051,40
1.3104718,0.6362037,-1.9291737,0.26870793,0.6127747,-1.3525364,-0.49767566,3.890977,0.13187128,-3.1529186,-1.0185366,-0.64553756,-2.8302193,-0.043662623,1.0308146,4.5064464,40
0.52020866,0.5002135,-1.6925157,-1.0377603,0.3250484,-1.1306124,-0.9238883,3.7701292,0.15027477,-2.5852787,-1.6601331,-0.22212136,-2.485425,-0.38079613,-0.32722428,4.59453,84
1.4486152,-0.21206571,-2.2257395,0.9604558,0.9979297,-1.5076562,0.48080093,3.8530865,0.5155338,-3.855078,-1.0837827,-0.06344256,-3.451783,0.46592152,1.981678,4.525374,106
1.2668109,1.5113455,-1.772361,0.6104797,-0.7117504,-0.45344725,-0.99923027,0.80529857,1.1154703,-4.0784063,-0.6854255,-0.32166043,-1.6814762,-0.8604755,-1.4050214,3.660994,84
1.221023,0.68456084,-1.8183486,0.23016113,0.5643027,-1.2756445,-0.59151787,3.802499,0.117296584,-3.119343,-1.0191095,-0.60453105,-2.7613177,-0.1565826,0.8680522,4.4564557,40
0.78118366,0.61623585,-1.8186934,-0.13204297,0.2464394,-1.0366232,-0.8788088,2.6441686,0.011588126,-3.1158924,-0.78452224,-0.23960865,-2.2428827,0.094473034,0.52062297,3.3454914,84
1.042864,0.6108361,-1.5956216,0.09068829,0.49274883,-1.333549,-0.67270035,3.4266737,0.069631815,-2.5879426,-0.9567197,-0.7633621,-2.5797665,-0.08225996,0.74706924,4.1421003,40
1.5814646,-0.09101601,-0.8176037,-0.70503557,-0.18104815,0.03941209,-0.4021379,1.2148402,0.1252062,-1.6849127,-1.1077147,0.1362819,-1.9354869,-0.09832719,-1.3357084,3.2556746,84
0.5775888,0.6905196,-1.7322484,-0.9141154,0.21441326,-0.74986154,-0.95462716,3.1523218,0.13123074,-3.002843,-1.1439257,-0.02510716,-2.1855288,-0.16411847,-0.33280146,3.992428,84
0.86786216,0.30786735,-2.198316,0.42191273,-0.22428264,-0.45090547,-0.16662866,1.8874744,0.15068075,-3.78143,-0.7536911,0.06606777,-1.9638312,-0.033558354,-0.7500317,3.5521898,84
1.1770631,0.53751093,-1.950611,0.27407217,0.65744746,-1.4528263,-0.5056546,4.2078724,0.11359062,-3.132286,-1.1269637,-0.6508769,-2.9376423,-0.13467959,1.201962,4.7516713,40
0.7848932,0.89161,-2.03816,-0.10224396,0.28618896,-1.2260641,-1.0895915,2.9475253,0.09867846,-3.4636958,-0.826954,-0.35611784,-2.4176753,-0.069382094,0.5729776,3.765033,84
0.60515463,1.0499566,-1.8898854,0.11953002,0.19011384,-1.0096223,-0.8551634,2.546726,0.37671614,-3.2841592,-0.78350043,-0.4198221,-1.9939595,-0.23580642,0.06548242,3.8142438,84
0.8300645,0.7984057,-1.7340703,0.017840922,0.3856829,-1.3311048,-0.73669046,3.4686298,0.2924887,-2.7985773,-0.9856215,-0.76838946,-2.4687543,-0.17263459,0.66223377,4.1901712,40
0.96373385,0.9244813,-1.9926784,0.25116587,0.37473306,-1.1252846,-0.64963543,2.9380748,0.33410075,-3.3572054,-0.7944181,-0.55342263,-2.2944198,-0.07042704,0.4873343,3.8874419,40
0.94470876,0.7594779,-2.1523957,0.15277284,0.5779215,-1.3552943,-0.73798007,3.9277682,0.1042178,-3.2626073,-0.981341,-0.6806078,-2.580719,-0.27726877,0.7418562,4.685162,40
1.1226856,0.75259936,-2.110681,0.31700772,0.5992205,-1.4208149,-0.6088891,3.8295236,0.18674466,-3.29173,-1.0016458,-0.69581,-2.672839,-0.114895396,0.8369135,4.541665,40
0.62066203,0.84577054,-1.9635402,-0.5961526,0.12464121,-1.1242095,-0.9830533,3.6318276,0.07284886,-3.0192475,-1.3661224,-0.5096988,-2.3656166,-0.56973815,-0.37708062,4.7503705,84
1.4144236,-0.08634485,-2.3871148,0.85119057,0.9857656,-1.4889718,0.29241863,3.8717713,0.49555326,-3.995439,-1.0305846,-0.089213856,-3.3369498,0.40803018,1.6833014,4.5849943,40
1.2894722,1.4508593,-1.7072029,0.3618902,-0.7814523,-0.45447925,-1.009047,0.74118596,1.0530347,-3.6289098,-0.8811437,-0.31901583,-1.6929771,-0.80189216,-1.5632086,3.708631,84
1.0575306,0.7751469,-1.9312485,0.15720057,0.54922247,-1.353577,-0.76408035,3.820844,0.06426443,-3.0572205,-1.0051609,-0.7114977,-2.6352806,-0.18886444,0.8211033,4.431303,40
0.71800643,0.78769886,-1.8028007,0.049823612,0.22978002,-0.9933209,-0.7814438,2.4976454,0.16597666,-3.1759396,-0.72302616,-0.32444012,-2.0873482,0.04700096,0.39340603,3.360436,84
0.8439668,0.7170945,-1.8340989,-0.069348276,0.48942623,-1.3691913,-0.8932384,3.5209703,0.052421167,-2.7068424,-0.9800662,-0.78836936,-2.4729476,-0.20484012,0.5519603,4.324704,84
1.9068037,-0.093347445,-1.0669986,-0.7492479,-0.07892169,-0.011555164,-0.3780744,1.7110944,0.013269722,-1.782256,-1.3031688,0.17347641,-2.2561972,-0.18347007,-1.2902195,3.7096093,40
0.4264527,0.81285477,-1.5951129,-0.5285653,0.106824845,-0.76059663,-0.99376005,2.6868007,0.28655106,-2.9907615,-1.0552363,-0.09173334,-1.9905193,-0.20939036,-0.30124417,3.606334,84
0.8728964,0.42530364,-2.2378345,0.34110868,-0.06561688,-0.6210567,-0.3004362,2.0573559,0.28295234,-3.7934031,-0.83926016,0.07337274,-1.9500189,-0.09167622,-0.6178286,3.6343894,84
1.0625315,0.6435618,-2.058455,0.17129624,0.6165124,-1.413654,-0.64452475,3.9665778,0.10437396,-3.0949752,-0.9927982,-0.6899638,-2.6871989,-0.14387438,0.90086085,4.6118145,40
0.66395986,0.9265265,-1.8968471,-0.01826781,0.28164417,-1.1033243,-0.92855936,2.8527772,0.1396114,-3.2161615,-0.7409636,-0.45361626,-2.2148516,-0.10656755,0.5845834,3.7437632,84
0.6180946,1.108884,-1.6329012,0.18552947,0.123043925,-0.97638,-0.96073574,2.18986,0.31627542,-2.9547224,-0.639006,-0.5351118,-1.92984,-0.12705751,0.26305035,3.2875917,84
0.6832114,0.7672091,-1.8055648,9.202957e-05,0.39706656,-1.316742,-0.90007484,3.3801813,0.22563599,-2.8351793,-0.9606081,-0.6465386,-2.3481467,-0.22554526,0.55174166,4.09811,84
0.7511029,0.9191077,-1.9535464,0.31098098,0.36885998,-1.1586668,-0.8144495,2.683655,0.33179533,-3.2654264,-0.7302693,-0.55509436,-2.0662,-0.10525714,0.3571073,3.6107216,84
0.7417212,0.82998264,-2.071815,0.2637915,0.49803838,-1.3423265,-0.93766654,3.2987154,0.13985856,-3.1181996,-0.8042788,-0.70763516,-2.2300737,-0.24708916,0.49769062,4.143516,84
0.8456184,0.78081995,-1.935518,0.36193508,0.51615775,-1.3851887,-0.80690724,3.2934299,0.1666269,-3.018562,-0.8282073,-0.69985884,-2.3022738,-0.0781087,0.7123644,3.957809,40
0.29474437,0.7959607,-1.5832745,-0.38596278,-0.097577155,-1.1171935,-1.1441097,2.7820878,0.18113297,-2.7903345,-1.1844273,-0.54335827,-2.266037,-0.34293428,-0.18511058,3.855028,84
1.1740302,0.0036159847,-2.4489837,0.46126354,0.9439907,-1.4708811,-0.03798245,3.7788599,0.37072834,-3.9245708,-1.0120139,-0.072694734,-3.106469,0.33910802,1.3220022,4.3788395,40
1.1756353,1.3638713,-1.6548046,0.62057686,-0.9191781,-0.44653198,-1.2674911,0.26301557,0.9459674,-3.6505225,-0.8132225,-0.27861857,-1.6899453,-0.73221785,-1.6342256,3.3743594,84
0.836724,0.8408366,-1.7850904,0.25230932,0.46703795,-1.3179544,-0.94345045,3.2412305,0.090859845,-2.830277,-0.8106595,-0.75226086,-2.2627373,-0.12074469,0.6539593,3.8355863,84
0.6591605,0.808786,-1.5633686,0.017652214,0.22368133,-0.9687411,-0.79677016,2.2464051,0.16930468,-2.8044302,-0.6422157,-0.41974792,-1.9968877,0.10234818,0.5155595,3.0109441,84
0.5965343,0.7438175,-1.7258223,-0.0053929687,0.4511297,-1.2978643,-1.0553954,3.0923238,0.086781204,-2.597849,-0.7918633,-0.7383903,-2.1497982,-0.18736884,0.42221028,3.8436227,84
2.0979652,-0.20634848,-1.1565152,-0.34499037,-0.15332867,0.10028285,-0.67158973,1.2003188,0.08382717,-2.284388,-1.2330238,0.3149054,-2.7676122,-0.11633525,-1.200521,3.2593567,40
0.4497854,0.95222056,-1.4659444,-0.02717179,0.04335977,-0.7996317,-0.9400437,2.2417762,0.42213297,-3.0596254,-0.8879764,-0.23398422,-1.9709252,-0.27243632,-0.19340724,3.368627,84
0.74179584,0.6638842,-2.1172833,0.73270404,-0.19903618,-0.56246614,-0.32676172,1.3091986,0.46417722,-3.860609,-0.5429494,-0.10449439,-1.7449806,-0.03137925,-0.580596,2.9916418,84
0.879175,0.7161751,-2.106902,0.05934772,0.57606673,-1.3473239,-0.8400622,3.7945974,0.052382693,-3.0739274,-0.9252926,-0.6351518,-2.4533901,-0.22099967,0.6620216,4.45239,40
0.63876665,1.0049303,-1.6061026,0.09915584,0.2200414,-1.0259993,-0.94045216,2.3409715,0.17500599,-2.834016,-0.5810237,-0.5773981,-1.9979302,-0.02017422,0.5606267,3.200314,84
0.5996348,1.1037208,-1.6985147,0.1696707,0.17536175,-0.978246,-1.1051583,2.269366,0.13578388,-2.963238,-0.5906931,-0.53948385,-1.9093149,-0.20112711,0.26520854,3.2229006,84
0.60783356,0.693958,-1.9998893,-0.12169391,0.48238918,-1.3406236,-1.0027506,3.678784,0.08093235,-2.9736617,-1.0581181,-0.50407785,-2.3852985,-0.36861375,0.48757964,4.4302955,84
0.565766,0.8826555,-1.824132,0.15209699,0.3460345,-1.1956728,-0.98719215,2.5508618,0.18409291,-2.985461,-0.6851469,-0.5909506,-1.9549989,-0.042137988,0.4851349,3.2543843,84
0.58328885,0.8296735,-2.1507342,0.071989864,0.5096046,-1.3064578,-1.0977359,3.3949614,0.0013351738,-3.1136296,-0.814524,-0.61793554,-2.124421,-0.33997428,0.40035146,4.16348,84
0.7275876,0.77506846,-2.1244469,0.17379248,0.5548792,-1.3594745,-0.9821219,3.4992776,-0.0021571368,-3.0951784,-0.87711513,-0.58754694,-2.2082188,-0.23446596,0.5408631,4.1504903,84
-0.028682008,0.7745567,-1.0282277,-0.2318442,-0.31379706,-1.0460833,-1.2775671,2.1217148,0.23271784,-2.3893137,-1.0890756,-0.6267376,-2.1001873,-0.14011584,-0.003292799,3.003378,84
1.0245829,0.0962713,-2.6579945,-0.0062067807,0.997478,-1.4136533,-0.3295114,4.2240987,0.057601497,-3.7793186,-1.1048284,-0.05535233,-2.8861406,0.034108393,0.96659094,4.8712125,40
1.1214718,1.3502477,-1.623366,0.9749837,-0.9892552,-0.46445403,-1.501529,-0.26447195,0.9041421,-3.825524,-0.6170896,-0.24952494,-1.5934741,-0.64771414,-1.590313,2.8847811,84
0.6898889,0.82680255,-1.9450787,0.092374325,0.51443994,-1.2876031,-1.0831448,3.4262283,-0.037031993,-2.9272122,-0.8309786,-0.6327635,-2.1752255,-0.25109833,0.5295836,3.9945958,84
0.54244035,0.8144271,-1.5882174,0.13356233,0.26370806,-0.9916076,-0.90191406,2.1096768,0.13883913,-2.808017,-0.6490389,-0.39784563,-1.8990188,-0.027770426,0.32920513,2.9611514,84
0.50791734,0.7537385,-1.7863983,-0.002470255,0.44907668,-1.2932217,-1.1267171,3.0459309,0.045603365,-2.656588,-0.7867623,-0.6733425,-2.0682502,-0.2617582,0.37037933,3.8203564,84
2.2345178,-0.0614499,-1.3908738,0.018288016,-0.4091931,0.10693605,-1.1775956,0.4505778,0.3089463,-3.3209507,-1.1872439,0.45100576,-3.3209786,-0.21034305,-1.3256981,2.816193,84
0.5238897,0.98170984,-1.5162916,-0.10889053,0.10287702,-0.92313975,-1.0800241,2.3662393,0.19095585,-2.947777,-0.84018844,-0.36455196,-2.1317348,-0.2514411,0.14721578,3.309927,84
0.5325735,0.5913163,-2.1453776,0.49972707,-0.07476487,-0.640122,-0.38817048,1.5340712,0.36132526,-3.7610724,-0.6176173,-0.099657126,-1.7506139,-0.14409548,-0.543064,3.0579627,84
0.7528038,0.7215271,-2.28301,-0.1949534,0.6003115,-1.3599017,-0.9858899,4.0112734,-0.07494776,-3.150341,-1.0225348,-0.5416439,-2.4079454,-0.38956276,0.5168915,4.714385,84
0.594395,0.99092954,-1.6941806,0.16012925,0.3027098,-1.0671904,-1.0892632,2.4573708,0.050884232,-2.8822865,-0.6140703,-0.546018,-1.9950252,-0.12288455,0.5093027,3.2188964,84
0.5339189,1.0307087,-2.0147567,0.082938254,0.30980492,-1.0860482,-1.2563193,2.6880567,-0.0033599138,-3.2823193,-0.6924188,-0.4343081,-2.0305226,-0.35599378,0.19817713,3.5828595,84
0.5663763,0.6650708,-2.0607262,-0.2439476,0.50250316,-1.3390551,-1.0332537,3.7446012,0.033824608,-3.0248647,-1.0828938,-0.43042314,-2.410867,-0.38225135,0.4953162,4.46828,84
0.60599875,0.82506955,-2.184684,-0.22072677,0.4639596,-1.1828282,-1.1361398,3.2513258,-0.053837284,-3.2026608,-0.82549465,-0.41463995,-2.1683195,-0.2546354,0.39818716,3.9765117,84
0.6002896,0.8274756,-2.4143598,-0.23023163,0.54393363,-1.2899039,-1.1740825,3.772101,-0.13990222,-3.2496166,-0.93826175,-0.5113643,-2.2083702,-0.5117463,0.2548922,4.6493893,84
0.74803126,0.74141914,-2.4366443,-0.17718501,0.6216377,-1.3640026,-1.0440251,4.0182433,-0.12221272,-3.3331141,-1.0592694,-0.4495473,-2.3741474,-0.42035234,0.38883203,4.755772,84
0.111784264,0.98781556,-1.4081448,-0.3801099,-0.27899298,-1.0747691,-1.4486594,2.2462056,0.2793905,-2.8858726,-1.0110776,-0.6241525,-2.1863835,-0.2852822,-0.15603909,3.1885366,84
0.91030496,0.24315007,-2.5805461,-0.32853028,0.86619496,-1.2816539,-0.48999038,4.0999684,-0.16646402,-3.3485596,-1.0057219,-0.20535107,-2.5979505,-0.02581609,0.825981,4.70293,40
1.2054722,1.2995379,-2.0349205,0.9098258,-0.88789964,-0.5716127,-1.6233139,0.02610337,0.9404275,-4.423973,-0.7097351,-0.03730336,-1.9279703,-0.724732,-1.576762,3.2290435,84
0.71274346,0.7925993,-2.2776084,-0.16898069,0.5882765,-1.3188446,-1.1423094,3.8791604,-0.1394154,-3.1932316,-0.9908914,-0.48445004,-2.33099,-0.4370905,0.38569152,4.5877542,84
0.567217,0.848039,-1.762941,0.2707848,0.34919432,-1.0763253,-1.0511341,2.1706288,0.062757105,-3.009967,-0.639505,-0.37706903,-1.9257144,-0.10425654,0.25937754,3.020118,84
0.561871,0.74318296,-2.0261378,-0.14079976,0.4974487,-1.3463002,-1.1902888,3.310693,-0.016804844,-2.8805356,-0.9390194,-0.5597167,-2.2172985,-0.40043223,0.28002432,4.204974,84
2.5932841,0.12946875,-2.2238607,-0.0942775,-0.5358919,0.017660273,-1.5516169,0.55739,0.4442216,-4.8730645,-1.3558673,0.7436717,-4.22859,-0.36521423,-1.5219698,3.2647166,84
0.6145604,0.94541615,-1.7470688,-0.18884741,0.21482652,-0.9971819,-1.2263005,2.583982,0.029980645,-3.2767563,-0.79865223,-0.2549468,-2.2885442,-0.30139592,0.1280967,3.4230065,84
0.52744746,0.5918024,-2.383989,0.18448883,-0.02603279,-0.6379716,-0.5292088,1.7657022,0.23352554,-3.9945366,-0.69718206,0.011965275,-1.9037147,-0.25200632,-0.6735347,3.2748044,84
0.7085767,0.7164386,-2.363905,-0.38468695,0.5972918,-1.3424401,-1.0565047,4.0970764,-0.11217804,-3.2072692,-1.0909743,-0.4565605,-2.4374244,-0.44653267,0.4334637,4.824745,84
0.5672565,0.97312814,-1.9641004,0.21144593,0.4042661,-1.1467485,-1.2269201,2.6449528,-0.038083777,-3.1659129,-0.6583668,-0.46296632,-2.0309448,-0.25072998,0.34192258,3.4588134,84
0.6123699,0.97848,-2.104005,0.06678474,0.38871214,-1.0918338,-1.3576076,2.7936816,-0.07704674,-3.312111,-0.7186087,-0.3606407,-2.0893173,-0.41325042,0.113919005,3.6906981,84
0.61115664,0.61874056,-2.2218053,-0.3005296,0.5724716,-1.3692646,-1.1195074,3.9042366,-0.015582636,-3.1929502,-1.1817143,-0.31831917,-2.5237865,-0.46418792,0.42658573,4.6835036,84
0.632255,0.78115785,-2.2651339,-0.33794135,0.5409496,-1.205684,-1.1988761,3.5319836,-0.1654935,-3.170493,-0.9150242,-0.36015773,-2.2406504,-0.36308163,0.3818264,4.263459,84
0.5650847,0.79906565,-2.3373423,-0.2664733,0.53102875,-1.2887477,-1.2530026,3.5739202,-0.12967293,-3.1834693,-0.94389194,-0.46868557,-2.2013438,-0.47283065,0.22879407,4.424424,84
0.7055547,0.7075481,-2.403795,-0.26895642,0.63528824,-1.3519688,-1.1238261,3.9709918,-0.13526388,-3.311471,-1.0938374,-0.38742647,-2.3747916,-0.41455588,0.35312662,4.6344876,84
0.029370174,0.88463575,-1.7223071,-0.40663883,-0.099911556,-1.1938299,-1.6092322,2.6615222,0.28991985,-3.358457,-1.1627228,-0.42673674,-2.339042,-0.36729494,-0.18882686,3.4870112,84
0.83828145,0.36216,-2.5484657,-0.5640375,0.78851664,-1.2030108,-0.68846834,3.9229076,-0.2618844,-3.1993427,-0.9729649,-0.22698575,-2.450838,-0.08564192,0.6129579,4.5134487,84
1.2877924,1.2858994,-2.4259045,0.9820554,-0.79442835,-0.6569883,-1.7356896,0.4112537,0.89476573,-5.0077353,-0.80754983,0.13461868,-2.194081,-0.85223573,-1.5659525,3.7011101,84
0.6828743,0.76428837,-2.2357676,-0.15646622,0.58867157,-1.3173442,-1.197284,3.7377384,-0.101565436,-3.1995928,-1.0169802,-0.4195107,-2.3307383,-0.42053115,0.33692506,4.444722,84
0.6301672,0.7867681,-1.8476199,0.26043367,0.4208115,-1.0939267,-1.1347308,2.3148565,-0.028979033,-3.112119,-0.67258334,-0.2751076,-2.0568516,-0.1521172,0.23620978,3.1500833,84
0.5645034,0.7014393,-2.1104925,-0.17208393,0.5425863,-1.3527249,-1.2239509,3.433877,-0.049597844,-3.01434,-1.0167651,-0.4551863,-2.3038287,-0.45357323,0.25406495,4.3363657,84
2.6855636,0.19641662,-2.5003505,-0.05552876,-0.54021233,-0.13045609,-1.5521829,0.933295,0.50578064,-5.586088,-1.4847283,0.9621531,-4.5337877,-0.38015512,-1.4687254,3.6235268,84
0.6954277,0.9576966,-1.8503413,0.007205248,0.31403717,-1.0176476,-1.330873,2.6221492,-0.02424717,-3.4075365,-0.79675245,-0.20492823,-2.2976308,-0.34609583,0.002202198,3.4697144,84
0.57505095,0.6117598,-2.2950597,-0.01429674,0.1744338,-0.7700158,-0.7525815,2.09514,0.038034633,-3.7296302,-0.7567407,-0.011434898,-2.010969,-0.16846189,-0.41194066,3.2085495,84
0.68436635,0.7105896,-2.405958,-0.4860925,0.60128856,-1.3028595,-1.1477563,4.095583,-0.14106144,-3.2635934,-1.1222379,-0.37639788,-2.4415054,-0.4944971,0.33393908,4.826819,84
0.6071917,0.90766597,-2.0114133,0.21219766,0.4625028,-1.1567551,-1.290766,2.7451913,-0.09577821,-3.2037926,-0.69231033,-0.39194286,-2.113641,-0.30995566,0.31694606,3.547561,84
0.7293378,0.9183908,-2.3186564,-0.06695676,0.5184531,-1.1179782,-1.4030344,3.350959,-0.2262687,-3.4339273,-0.87370986,-0.26809385,-2.2703438,-0.56465006,0.09801906,4.2430515,84
0.6524445,0.5055607,-2.4447973,-0.42937464,0.6934781,-1.4088197,-1.0862486,4.4335284,-0.084218636,-3.4744754,-1.3774934,-0.15781125,-2.7668595,-0.573079,0.4637425,5.1929502,84
0.60881203,0.7063677,-2.318266,-0.42657828,0.6151068,-1.2319167,-1.2016497,3.8217475,-0.22592957,-3.2577307,-1.0171552,-0.2758553,-2.3699415,-0.39594185,0.4523481,4.4394474,84
0.5565754,0.7153727,-2.4785054,-0.452384,0.60894716,-1.287989,-1.297457,3.9982574,-0.23180015,-3.3432596,-1.0948434,-0.33478618,-2.3674612,-0.60108876,0.2407774,4.8033915,84
0.70468795,0.60378027,-2.5758967,-0.47596976,0.7245785,-1.3604339,-1.132735,4.4887357,-0.20511119,-3.5194886,-1.2908751,-0.22804585,-2.5895205,-0.55478334,0.37341106,5.1256957,84
0.07715811,0.8917349,-1.9445095,-0.6202384,-0.011142656,-1.1722032,-1.6509411,2.9896104,0.2656241,-3.559747,-1.2258872,-0.36921605,-2.4010034,-0.4206129,-0.25945866,3.7608364,84
0.86594945,0.3960717,-2.6944642,-0.73881686,0.8727335,-1.1832306,-0.85539436,4.2867208,-0.34943885,-3.3856997,-1.0952144,-0.11012548,-2.5519335,-0.3131464,0.4211545,4.955011,84
1.448263,1.3324898,-2.8451633,1.1535808,-0.75602937,-0.7025073,-1.8124444,0.8829775,0.83602864,-5.6789947,-0.94830626,0.29586625,-2.498097,-0.994977,-1.5501602,4.290414,84
0.68612677,0.6855037,-2.3918097,-0.28740135,0.6620505,-1.3237464,-1.2206242,4.116182,-0.17387755,-3.3746016,-1.1661139,-0.29307416,-2.480392,-0.54500866,0.33067805,4.822925,84
0.8261607,0.6946248,-2.1864924,0.111741066,0.6272124,-1.1380334,-1.1813718,3.1358237,-0.21367975,-3.4072692,-0.86466867,-0.10604278,-2.3846753,-0.379766,0.25211188,3.9919772,84
0.5869541,0.6017741,-2.3751907,-0.32769325,0.65306437,-1.3888556,-1.2471855,3.9913423,-0.1714256,-3.34207,-1.1988173,-0.28173503,-2.5517921,-0.5954516,0.29434183,4.854651,84
2.8632374,0.27640334,-2.958467,-0.23364677,-0.48715195,-0.22986218,-1.5349791,1.660832,0.5137629,-6.225075,-1.7181017,1.1197599,-4.9163375,-0.5662602,-1.4875801,4.4822493,40
0.70510983,0.87649715,-2.0796072,-0.012838155,0.45799133,-1.0864564,-1.3524272,3.1997638,-0.108485624,-3.6017203,-1.009552,-0.08882775,-2.4524248,-0.46668562,-0.03493365,4.04936,84
0.65343153,0.6064964,-2.3778543,-0.2820074,0.32263735,-0.86586094,-0.9248528,2.7821357,-0.098171666,-3.7807245,-0.91599536,0.055620834,-2.3020551,-0.24996413,-0.11407809,3.6523838,84
0.66327494,0.62083036,-2.5445898,-0.6736754,0.67630243,-1.3183384,-1.1701958,4.485148,-0.20062058,-3.4370825,-1.2924235,-0.23373568,-2.6122403,-0.5931229,0.34096697,5.1732244,84
0.7615492,0.8286653,-2.3377857,0.06297094,0.6274854,-1.1679739,-1.3222232,3.4494874,-0.25718373,-3.4556735,-0.8732586,-0.23835316,-2.3492086,-0.54921067,0.2236582,4.339181,84
0.80929667,0.8852014,-2.271992,-0.017141432,0.54905534,-1.1115006,-1.3346467,3.463444,-0.29150772,-3.2750895,-0.91969866,-0.28656173,-2.2978997,-0.5110886,0.21888334,4.303391,84
0.7311748,0.46955356,-2.2967572,-0.24109036,0.686973,-1.4183449,-0.97917074,4.2546477,-0.085815236,-3.2944584,-1.357099,-0.18789278,-2.7460744,-0.43470418,0.66255826,4.925882,40
0.7184748,0.7175158,-2.2197828,-0.23299833,0.6153383,-1.200943,-1.1613128,3.7350247,-0.24631049,-3.113752,-0.9894259,-0.28985125,-2.3585255,-0.37575838,0.5344862,4.3827634,84
0.63369143,0.6928539,-2.4386692,-0.43399334,0.604305,-1.266003,-1.266206,4.0063257,-0.27685487,-3.264963,-1.1329556,-0.30945826,-2.423721,-0.572077,0.32927737,4.794389,84
0.77645904,0.56213254,-2.4849691,-0.4256373,0.72265506,-1.3593273,-1.0575402,4.4882793,-0.20686518,-3.4241118,-1.3452234,-0.2043556,-2.6646965,-0.4696541,0.52560306,5.04946,84
0.15933584,0.9670823,-1.9556329,-0.52805054,-0.011661068,-1.0716947,-1.6478009,2.9200416,0.18488407,-3.4463608,-1.1297644,-0.4200763,-2.2585347,-0.36582595,-0.2532937,3.6318138,84
0.91808695,0.44822606,-2.5508995,-0.69542557,0.83071387,-1.1484337,-0.8742376,4.148166,-0.42000437,-3.1878924,-1.0343639,-0.15573937,-2.49806,-0.31506184,0.49854565,4.773294,84
1.774264,1.4361104,-3.2274063,1.4953947,-0.6948427,-0.73972964,-1.8072679,1.1867132,0.75289184,-6.160036,-0.96839,0.3497303,-2.7217755,-1.0533681,-1.4241648,4.7228355,84
0.7625195,0.6464807,-2.3650134,-0.23068608,0.67576945,-1.3365191,-1.1653032,4.13304,-0.18977465,-3.321734,-1.221848,-0.27016973,-2.5469146,-0.48464617,0.44293535,4.8006816,84
0.95219535,0.6354979,-2.176919,0.22659063,0.71402717,-1.1388323,-1.1162344,3.3863642,-0.32236224,-3.3101294,-0.90622944,-0.08601532,-2.4688776,-0.4057249,0.42702436,4.1976604,84
0.7290048,0.5808262,-2.4234555,-0.24625055,0.6826192,-1.3714324,-1.2189286,4.07955,-0.24839468,-3.3531141,-1.2372469,-0.23584013,-2.6495433,-0.5802295,0.40997833,4.9168906,84
3.2212167,0.6241418,-3.36742,-0.010309368,-0.5959797,-0.29217306,-1.7040138,1.3395035,0.6274125,-6.829558,-1.68725,1.043584,-5.188379,-0.51703,-1.5652382,4.501727,84
0.8120668,0.8990051,-1.9687419,0.21873975,0.45318803,-1.1152312,-1.2708509,2.9686193,-0.08099513,-3.3436062,-0.97415847,-0.22000694,-2.3597,-0.29571846,0.07032132,3.807421,84
0.75463307,0.62401325,-2.2479715,-0.3187444,0.3856983,-0.85954195,-0.94100434,2.968812,-0.18188165,-3.4926538,-0.9212528,0.031480297,-2.3323874,-0.22630513,0.1299429,3.7462664,84
0.70916885,0.621566,-2.2770386,-0.47410825,0.59936535,-1.3037411,-1.0974482,4.0869775,-0.15937327,-3.1172805,-1.2496848,-0.299417,-2.5293422,-0.4276693,0.50451386,4.735804,84
0.86155564,0.7829436,-2.3160658,0.14181238,0.6731225,-1.1570287,-1.2417393,3.590761,-0.32391554,-3.3515828,-0.9106721,-0.22872236,-2.3882651,-0.5537491,0.32662424,4.4665413,84
0.9156317,0.8694266,-1.9901251,0.4312321,0.50864077,-1.1688921,-1.2197068,2.8611822,-0.14897351,-3.0004635,-0.83026123,-0.40416974,-2.2046185,-0.28298125,0.373155,3.7243152,84
0.8842973,0.47200727,-1.9698483,0.25647587,0.60854137,-1.4710668,-0.8540757,3.5136926,0.07184456,-2.9694493,-1.2536237,-0.3138361,-2.6370788,-0.18558757,0.84232587,4.2129984,40
0.8353613,0.6973368,-1.9953624,0.13818765,0.6148188,-1.306808,-1.0889157,3.264938,-0.12416975,-2.9403424,-0.9493351,-0.37443,-2.3484228,-0.19273484,0.69548255,3.8978348,84
0.7462845,0.6797445,-2.1529098,-0.03642726,0.56199324,-1.3209493,-1.1629694,3.358527,-0.16514234,-2.9634516,-1.0403144,-0.4160592,-2.318531,-0.33494693,0.48997283,4.116906,84
0.9247089,0.5645995,-2.1095304,0.06474787,0.6591654,-1.4283996,-0.9793907,3.64096,-0.07356368,-3.026932,-1.219749,-0.34939414,-2.5298908,-0.16004471,0.69699365,4.180368,40
0.26354575,1.0038738,-1.7170198,-0.18224946,-0.07046223,-1.0725906,-1.5928252,2.2943053,0.25486833,-3.11425,-0.97012436,-0.5626135,-2.0655754,-0.14763765,-0.1404106,3.009741,84
1.1147858,0.5195162,-2.43818,-0.49215123,0.79893017,-1.1841072,-0.9015741,3.7533867,-0.43568105,-3.0543554,-0.956455,-0.21008311,-2.5081263,-0.19370636,0.56618893,4.379468,84
1.9821779,1.4662344,-2.9018204,1.5698836,-0.6283331,-0.7523177,-1.5321336,0.8967177,0.97773904,-5.7239966,-0.8557047,0.25679398,-2.6478298,-0.9298163,-1.1269612,4.3063164,84
0.90160614,0.6418021,-2.0161135,0.22765309,0.6124548,-1.4046208,-1.0554249,3.370565,-0.055990323,-2.9451954,-1.1231508,-0.40981853,-2.4265034,-0.18884614,0.6205156,4.018872,84
1.0961026,0.5699731,-2.0010958,0.5690826,0.736029,-1.2408918,-1.0198301,3.0970922,-0.28838992,-3.1112542,-0.8808772,-0.15821543,-2.5144188,-0.22401607,0.69892657,3.8401616,40
0.8954639,0.5333733,-2.2744687,0.10652003,0.6866574,-1.4363714,-1.1036751,3.6897204,-0.18639107,-3.1827967,-1.1943598,-0.29115415,-2.6376555,-0.40845424,0.5888448,4.4956975,84
3.6182024,0.8716481,-3.2713368,0.46181637,-0.6974292,-0.39300248,-1.7564826,0.39723682,0.76447284,-6.743618,-1.6105701,0.7996931,-5.1785903,-0.14550474,-1.5643625,3.670611,84
0.9580677,0.8600345,-1.7549803,0.69654286,0.43802688,-1.1928866,-1.1855454,2.363381,0.056923047,-3.101566,-0.87703437,-0.33155495,-2.2630386,-0.06968023,0.2260898,3.2611513,84
0.83776706,0.63312924,-1.9450586,-0.04962769,0.41206047,-0.9284254,-0.9121838,2.5322738,-0.09125693,-3.1662297,-0.7844069,-0.070471555,-2.2554862,-0.032931972,0.3968777,3.2533176,84
0.84017426,0.6074229,-2.0589519,-0.09170997,0.5709733,-1.3668166,-1.0005034,3.5189183,-0.04509969,-2.9041266,-1.1825857,-0.37527323,-2.4775555,-0.2051434,0.634016,4.1709933,84
0.9927489,0.7269274,-2.124988,0.49649948,0.69012964,-1.2530081,-1.1429176,3.2417495,-0.25299078,-3.1746006,-0.89061123,-0.2999461,-2.4038055,-0.36719102,0.53223884,4.061317,84
1.0373477,0.7816067,-1.8304822,0.7603668,0.5185493,-1.2493292,-1.077673,2.610953,-0.055919543,-2.901363,-0.83987224,-0.42200053,-2.2797642,-0.10016893,0.622711,3.4414027,40
1.0494001,0.3870815,-1.92988,0.5239446,0.63565195,-1.5286481,-0.6854876,3.463354,0.1416179,-3.0069544,-1.3355833,-0.2813354,-2.7778091,-0.06736386,1.0276208,4.1553974,40
1.0038239,0.63781184,-1.860253,0.42332363,0.6369444,-1.3966403,-0.9807366,3.073129,-0.07702263,-2.8389237,-0.9942596,-0.38593158,-2.4664767,-0.017835349,0.9050217,3.6668952,40
0.8795858,0.628392,-1.9878005,0.254457,0.53630185,-1.3758279,-1.0338459,3.0700543,-0.06374727,-2.8791034,-1.0671124,-0.4271257,-2.4103966,-0.16353554,0.6979306,3.8112395,84
1.0616877,0.4989423,-1.9120141,0.39088994,0.6348975,-1.4943464,-0.8320854,3.362614,0.049716547,-2.9220407,-1.2709086,-0.36113793,-2.6423223,0.021009117,0.9377331,3.9008641,40
0.3485924,0.9198653,-1.5502573,0.13071746,-0.050040826,-1.1092263,-1.4964476,1.9168305,0.2996961,-2.911548,-0.90606016,-0.6061112,-1.9892468,0.03298115,0.049131453,2.565334,84
1.2370256,0.5914641,-2.2507753,-0.09707865,0.76391864,-1.2317841,-0.83648086,3.4154885,-0.2810803,-3.0327678,-0.933134,-0.27168393,-2.5344467,-0.124689184,0.6804469,4.089426,40
2.1523185,1.5776448,-2.7510784,1.676258,-0.7125962,-0.6988548,-1.3997307,0.5435711,1.1576717,-5.7256107,-0.7472302,0.2811001,-2.6883078,-0.87797874,-0.9168319,4.048922,84
1.0449333,0.5573603,-1.8375565,0.5620139,0.5975872,-1.4725982,-0.89679825,3.0791273,0.0508468,-2.824045,-1.1725969,-0.4203624,-2.5139465,-0.0050675124,0.8300329,3.735787,40
1.2559562,0.48603073,-1.9018633,0.91203046,0.778916,-1.3405582,-0.8931282,3.04781,-0.22032364,-3.0903032,-0.94055593,-0.16169608,-2.6726308,-0.12427832,0.95267886,3.7874873,40
1.0335089,0.46500662,-2.1742554,0.45308936,0.6675024,-1.49971,-0.92455596,3.5067399,-0.09761013,-3.1628761,-1.2437816,-0.29483157,-2.7489698,-0.29534802,0.8116471,4.342724,40
3.6295764,0.98388493,-2.2873244,0.8505745,-0.9420879,-0.88491964,-0.85796624,-0.010204628,1.5171114,-6.046839,-1.5740746,0.5686277,-4.759196,-0.015434198,-0.7726309,3.2948377,13
1.0903022,0.71894497,-1.6589942,1.0632102,0.48414132,-1.2700086,-1.0359561,2.1660187,0.13734911,-3.0209615,-0.9133959,-0.32333547,-2.330126,0.096682936,0.4420957,3.0701509,40
1.0121547,0.68040013,-1.723433,0.3763308,0.43501368,-1.0455734,-0.89763397,2.1259658,0.055072248,-3.07688,-0.69773436,-0.16085379,-2.3037994,0.15589169,0.65125144,2.8782036,84
0.9709036,0.55696094,-1.8388597,0.29124725,0.54461396,-1.4383357,-0.8622479,3.0845823,0.0527858,-2.7256603,-1.1625444,-0.42456818,-2.4898453,-0.002033919,0.86226463,3.7187579,40
1.1511933,0.6360761,-1.9752021,0.8539417,0.70699453,-1.3354157,-1.0030144,3.0606608,-0.17903326,-3.0848954,-0.9243884,-0.31675422,-2.5142834,-0.21912387,0.78675383,3.8522878,40
1.2298951,0.64461184,-1.7020303,1.220481,0.5671258,-1.358275,-0.8425693,2.3621778,-0.03440313,-2.7014496,-0.8318878,-0.46238393,-2.3280804,0.06814833,0.909071,3.18649,40
1.3228172,0.33835882,-1.8514968,1.0845842,0.67046034,-1.6338615,-0.46158734,3.1163177,0.184261,-2.8811018,-1.3299252,-0.3694497,-2.80378,0.08536123,1.2184994,3.853143,40
1.207993,0.6123888,-1.5542598,1.0604118,0.59932435,-1.4668459,-0.71016705,2.552555,0.05926922,-2.5446758,-0.95053273,-0.5172151,-2.3978345,0.18081555,1.1390705,3.1819832,40
1.0811075,0.6117488,-1.776221,0.78076684,0.49783424,-1.4141372,-0.7933332,2.6491387,0.010931641,-2.6566582,-1.0037837,-0.52460974,-2.3773592,-0.013982289,0.9412988,3.4322155,40
1.4565252,0.6321242,-1.4118197,1.0550897,0.27097225,-1.3595142,-0.36317748,2.0724895,0.43652326,-2.539318,-0.91892695,-0.5191255,-2.4096906,0.13915251,1.1093645,3.2132251,40
0.60105747,0.8516834,-1.307298,0.7207447,-0.03222163,-1.130978,-1.2499518,1.4140342,0.31499088,-2.5025926,-0.78570753,-0.75893545,-1.8158346,0.23816675,0.356184,2.0033305,84
1.3773737,0.61737734,-1.9596895,0.44383395,0.71712244,-1.3660477,-0.69094855,2.6700616,-0.18778332,-2.7932515,-0.785881,-0.3989212,-2.441484,0.15051462,0.9418407,3.281109,40
2.3694139,1.7669178,-2.54847,2.042328,-0.7884501,-0.70440036,-1.3361847,-0.157443,1.261731,-5.558387,-0.5041625,0.12091033,-2.5114267,-0.7039115,-0.7246196,3.3695111,40
1.4622271,0.65015537,-1.3946838,1.1453735,0.25135338,-1.3473692,-0.4187045,1.935649,0.4081545,-2.4394283,-0.8634979,-0.56230515,-2.3391604,0.07759929,1.0291238,3.1797705,40
1.440941,0.38463998,-1.7715873,1.4189186,0.83887064,-1.4776593,-0.6561943,2.722937,-0.12754895,-2.937778,-0.9301232,-0.24100871,-2.6950884,0.05008498,1.1884534,3.4688787,40
1.2681173,0.4498367,-1.9823295,1.0524477,0.64056015,-1.5830085,-0.711277,2.9607565,0.024348482,-2.9898272,-1.1983838,-0.3949327,-2.7248998,-0.110584736,1.0115054,3.8647113,40
3.9211411,1.4996836,-2.2753325,1.7641407,-1.444136,-0.94041723,-0.8460924,-0.74216336,1.8696547,-6.7246695,-1.3625013,0.48773515,-4.9149985,-0.040870238,-0.43726748,2.923627,13
1.3331543,0.54100126,-1.4964325,1.6353151,0.5524032,-1.3836917,-0.75988567,1.8716918,0.16096239,-2.754323,-0.92141986,-0.38964954,-2.3423471,0.30353302,0.7473521,2.7597938,40
1.2658889,0.6985081,-1.5629162,0.8821676,0.49942985,-1.1710014,-0.78287345,1.7087275,0.14176875,-2.934456,-0.61246383,-0.27260512,-2.2968774,0.32764772,0.82467216,2.5416348,40
1.166844,0.5062356,-1.6654962,0.87423635,0.5471138,-1.5306793,-0.62161744,2.6710517,0.14050978,-2.5549083,-1.1400416,-0.4958343,-2.4740188,0.16788211,1.0752549,3.3566477,40
1.3248438,0.5222027,-1.7867281,1.3396363,0.7133938,-1.4512447,-0.7702087,2.674476,-0.0827433,-2.8900628,-0.9219355,-0.3827635,-2.5385962,-0.01091098,1.0550425,3.4533494,40
1.3713504,0.46969423,-1.5857496,1.8380598,0.6702671,-1.5162425,-0.60352933,2.054009,0.046160743,-2.605905,-0.880061,-0.48465556,-2.3339612,0.26258537,1.0785866,2.8515322,40
1.4332174,0.26372415,-1.6041166,1.6639973,0.6454884,-1.7199014,-0.31499287,2.2834072,0.36164987,-2.6428208,-1.3071674,-0.45340484,-2.6504192,0.36673054,1.23861,3.054585,40
1.4249333,0.5311272,-1.4422565,1.5042073,0.53178155,-1.4557794,-0.5493827,2.015525,0.18401359,-2.4902167,-0.8767066,-0.47137415,-2.3528445,0.27033126,1.1473098,2.9298954,40
1.2612585,0.53973067,-1.6565394,1.472717,0.5665623,-1.5631139,-0.552156,2.280311,0.12760198,-2.630104,-1.0142627,-0.57970667,-2.3851125,0.17270225,1.1165612,3.066355,40
1.4749259,0.78154236,-1.0843037,1.6556066,0.091205835,-1.1552508,-0.1266748,0.97200125,0.6952305,-2.3806944,-0.5723603,-0.60641265,-1.9364067,0.1970684,0.94054586,2.463162,40
0.90233773,0.6639797,-1.396474,1.151743,0.19533849,-1.3021044,-1.0685375,1.4825008,0.27746767,-2.5566163,-0.9021713,-0.6989399,-1.9523376,0.4024561,0.5679187,1.9672203,84
1.4149257,0.68066764,-1.5418761,1.1635132,0.6042589,-1.3867916,-0.4974397,1.9436314,0.024742529,-2.5068355,-0.66503704,-0.57862633,-2.2274528,0.3163689,1.1081309,2.596981,40
2.5952256,1.9694494,-2.464277,2.318233,-0.9102118,-0.7233182,-1.1936576,-0.7478251,1.3731958,-5.561542,-0.27903256,-0.06381984,-2.4562337,-0.5632448,-0.52826476,2.8053503,13
1.5363815,0.7929482,-1.1463484,1.6961466,0.104058,-1.195438,-0.16402517,0.9266286,0.68911624,-2.3548927,-0.54847336,-0.64176565,-1.943715,0.13311976,0.8704148,2.5153549,40
1.5611187,0.22945672,-1.7012478,1.9116381,0.9439324,-1.6024259,-0.43570423,2.4873426,-0.03154172,-2.8484495,-0.9834124,-0.27450398,-2.7027209,0.18313947,1.2879608,3.2540312,40
1.4388306,0.35695806,-1.844506,1.6129967,0.70111966,-1.7236573,-0.48556054,2.4615107,0.17043902,-2.8665648,-1.2330965,-0.4667303,-2.6823068,0.118269995,1.1053274,3.3702824,40
3.782836,1.9898902,-2.6173265,2.4571471,-1.8802447,-0.72237486,-1.2994983,-1.3495271,1.7615848,-7.554867,-1.028517,0.4323259,-4.7842336,-0.2599131,-0.5259397,2.8492908,13
1.5102235,0.33704674,-1.33188,1.9296657,0.51131105,-1.364926,-0.5622572,1.6375818,0.24107237,-2.6315284,-0.88346916,-0.33423305,-2.4280279,0.32072312,1.0118132,2.629886,40
1.4138844,0.63331723,-1.3810941,1.3981953,0.5987669,-1.286991,-0.6016333,1.421355,0.14958665,-2.7352986,-0.5469376,-0.3716609,-2.219561,0.48861617,1.0372648,2.1882327,40
1.2833357,0.4350638,-1.5827152,1.3925468,0.5600194,-1.6121836,-0.46291387,2.2979228,0.23790519,-2.532201,-1.1614435,-0.49725527,-2.4528375,0.30629,1.1382868,3.062729,40
1.4673026,0.36728093,-1.6499356,1.92845,0.78658664,-1.5832918,-0.5061619,2.3304198,0.03380391,-2.773385,-0.97324044,-0.43109602,-2.5432172,0.16110484,1.1878769,3.135607,40
1.445091,0.34733877,-1.4503531,1.8495833,0.47822335,-1.4719942,-0.4663931,1.6240691,0.14359131,-2.511336,-0.7906757,-0.47918493,-2.3359954,0.28408495,1.2029736,2.6365497,40
1.4329027,0.28967023,-1.4076701,1.600737,0.34004644,-1.5124483,-0.20567073,1.5092021,0.3960004,-2.2894518,-0.9984339,-0.5622485,-2.2944129,0.36090115,1.2059269,2.6228418,40
1.2800452,0.5992587,-1.167853,1.5532511,0.31491756,-1.303903,-0.49058372,1.4044482,0.24715471,-2.1874452,-0.62926185,-0.6599027,-2.0233111,0.3472461,1.2423203,2.3612792,40
1.3371702,0.43269467,-1.5225618,1.5944706,0.4301065,-1.5389745,-0.54909825,1.8104587,0.23401946,-2.596704,-0.9663219,-0.47070014,-2.4364972,0.23132446,1.227412,2.7473292,40
1.3780363,0.98205334,-1.2795615,2.075842,-0.23685527,-0.8127888,-0.25017172,-0.068657756,0.85340226,-2.8924484,-0.2464332,-0.4533527,-1.4133257,-0.07481956,0.2046347,2.2306905,40
1.0232388,0.73921347,-1.3579357,1.5033127,-0.110275134,-1.1574616,-0.6180718,0.65296257,0.58293223,-2.6627543,-0.5327627,-0.73444325,-1.6924059,0.22724569,0.4557637,2.036984,40
1.3632364,0.68027496,-1.4777981,1.2226027,0.48637226,-1.2269571,-0.6444229,1.704804,0.037713796,-2.4745388,-0.5905143,-0.4647029,-2.1361468,0.15016593,1.020119,2.5597928,40
2.601155,2.0750177,-2.4003575,2.3700485,-1.0825481,-0.6426108,-1.1171466,-1.4271089,1.3652905,-5.390065,-0.03249103,-0.2454831,-2.2839766,-0.45236087,-0.50277066,2.1032014,13
1.4798257,0.9663191,-1.3603443,2.102355,-0.16534194,-0.8551296,-0.27173167,0.028902248,0.8318578,-2.8904197,-0.2547689,-0.46314114,-1.4940932,-0.12716416,0.21639407,2.3108208,40
1.5777133,0.22580001,-1.4052783,1.9552306,0.6419158,-1.428787,-0.3541348,1.7008675,0.13208382,-2.541428,-0.7831761,-0.3372902,-2.4705987,0.18745673,1.2702019,2.7938652,40
1.4467088,0.18994856,-1.6579012,1.5071276,0.5744506,-1.5275736,-0.42021626,2.07003,0.18007919,-2.4464653,-1.2535946,-0.3772139,-2.4934592,0.19037747,0.9861657,3.044854,40
4.0043755,2.3268409,-3.4371881,3.007986,-2.043365,-0.83287305,-1.7323818,-1.7742997,1.5987523,-8.645733,-0.77486056,0.43440628,-5.055243,-0.45179853,-0.55957925,2.9471624,104
1.4409364,0.27201942,-1.2808666,1.8920943,0.43862012,-1.3567978,-0.40406275,1.3345269,0.20965259,-2.4440753,-0.68307096,-0.47337562,-2.2680535,0.3538507,1.208061,2.442262,40
1.3634974,0.5632974,-1.2252246,1.4495335,0.44202033,-1.236451,-0.6645175,1.1697389,0.18593085,-2.6961603,-0.48274457,-0.30555764,-2.2417226,0.41371423,1.1402447,2.1140354,40
1.311778,0.476667,-1.3966905,1.4744395,0.27420607,-1.4753265,-0.3533895,1.5466498,0.34662604,-2.3504305,-0.854361,-0.6213391,-2.2236793,0.31323844,1.2190418,2.6215093,40
1.4668963,0.27757624,-1.4658993,1.9168631,0.60512817,-1.4537637,-0.56825256,1.7780948,0.13131103,-2.611084,-0.8977706,-0.31758454,-2.4928768,0.16918775,1.1664879,2.7792103,40
1.2741176,0.5367257,-1.4193085,1.6685525,0.37015656,-1.2155266,-0.5402325,1.5060935,0.081888795,-2.3085215,-0.600981,-0.6752597,-2.0412242,0.19564924,1.1585438,2.4302855,40
1.1412419,0.48224452,-1.3441184,1.2838553,0.19474596,-1.1577302,-0.24199155,1.3931097,0.2878582,-1.9641448,-0.75490034,-0.7848744,-1.8464015,0.24359614,1.1295917,2.3916812,40
1.0729383,0.69923776,-1.1243678,1.3086239,0.1892395,-1.023847,-0.548883,1.4687852,0.20333877,-2.0029454,-0.56498885,-0.8075582,-1.8143895,0.20671353,1.2092144,2.329513,40
1.0547662,0.5627826,-1.2626525,1.4642164,0.18981624,-1.1848829,-0.4416024,1.4764094,0.2445468,-2.1587453,-0.70393693,-0.7344032,-1.917738,0.13321996,1.1557345,2.4525757,40
1.2524937,1.2426322,-1.4904846,2.2804666,-0.7706797,-0.31044012,-0.64397556,-0.86154366,0.7427885,-3.4137506,0.0318999,-0.30233368,-1.123488,-0.31796902,-0.17438331,1.9625345,40
0.9677215,1.0772271,-1.594715,2.0642877,-0.38478976,-0.8201985,-0.5900931,-0.1673177,0.828211,-3.3551912,-0.15106283,-0.6259809,-1.2164123,-0.103874676,-0.27108017,2.0186021,84
0.96769494,0.79954875,-1.2293622,1.1269546,0.2852927,-1.0228906,-0.6765623,1.2463614,0.071309716,-2.1078315,-0.402557,-0.66275054,-1.614192,0.13125148,0.86451465,2.1421397,40
2.3324852,2.1836293,-2.46374,2.1847177,-1.3643397,-0.39626053,-1.29245,-1.7876875,1.2411258,-5.309136,0.104263216,-0.3043145,-2.055126,-0.5587321,-0.74283314,1.914889,13
1.3873607,1.2464763,-1.5699238,2.317968,-0.7099545,-0.33768117,-0.6845176,-0.8106931,0.72868913,-3.435387,0.03343776,-0.31113005,-1.2019291,-0.3554178,-0.19204289,1.9943357,40
1.290211,0.46957007,-1.3578224,1.6540595,0.46834436,-1.1311904,-0.4667444,1.3254111,0.10012745,-2.2655902,-0.54764867,-0.53173953,-2.015177,0.13956538,0.9924291,2.4512045,40
1.0487642,0.30211592,-1.2540848,1.4251562,0.23006162,-1.2259331,-0.19848628,1.4034076,0.30506256,-1.9861782,-0.9058033,-0.6557303,-1.9389024,0.18193913,0.9900623,2.526287,40
3.765168,2.2632492,-3.561863,3.2621894,-2.027406,-0.7383761,-1.9088769,-1.9025171,1.3829623,-8.544062,-0.6540938,0.3172784,-4.6849875,-0.5418208,-0.64610815,2.9463227,13
1.349918,0.32398915,-1.1783912,1.6173621,0.3541796,-1.1342535,-0.41336665,1.4463372,0.070320815,-2.1402955,-0.56019735,-0.6455198,-2.1503408,0.32521567,1.4635746,2.2852442,40
1.2255903,0.6405672,-1.0881757,1.5342003,0.33435655,-1.0447727,-0.5532278,1.1841366,0.15142268,-2.4978352,-0.3284461,-0.5062941,-1.9881569,0.319516,1.1943846,2.076323,40
1.0465466,0.6293511,-1.3231939,1.2439203,0.15988797,-1.1499434,-0.4310413,1.4438647,0.2540204,-2.0840325,-0.6453676,-0.79907244,-1.8669776,0.21417558,1.1815724,2.3690245,40
1.287899,0.44255823,-1.3518478,1.8210026,0.40107384,-1.2018765,-0.45111394,1.3247478,0.15401322,-2.3327394,-0.61310875,-0.5708205,-2.0459852,0.13152574,1.0600412,2.461506,40
1.1274945,0.6639983,-1.354007,1.3821818,0.2433137,-0.97143763,-0.6117094,1.4985135,-0.001200065,-2.1191385,-0.50585073,-0.8002608,-1.8834512,0.21079314,1.2436388,2.195176,40
1.0269628,0.7721923,-1.5492234,1.2480519,0.010043144,-0.90495014,-0.36385477,1.0414797,0.2857124,-2.2337227,-0.50948775,-0.8569664,-1.6817294,0.25291023,0.93561834,2.1639493,40
0.98937553,0.8555812,-1.3029125,1.2270006,0.099639356,-0.95362103,-0.6539687,1.2781216,0.14995047,-2.0946693,-0.44763896,-0.90251726,-1.7507218,0.1944575,1.1570535,2.1748796,40
0.76169175,0.65765905,-1.1828,1.1246718,0.049142987,-0.95038897,-0.5371238,1.3007401,0.17043823,-1.9494159,-0.5771606,-0.83003104,-1.6907429,0.18107754,1.1002219,2.137165,40
1.1195021,1.3897458,-1.768231,2.4129138,-0.9555278,-0.27092093,-0.863133,-1.0646343,0.76297075,-3.78683,0.027908504,-0.31110197,-1.0503463,-0.45077676,-0.31631112,2.0165722,84
0.97027355,1.2903233,-1.8021307,2.2322927,-0.5727002,-0.6569842,-0.7116175,-0.3914972,0.89406717,-3.715652,-0.09480189,-0.62999,-1.127941,-0.22080882,-0.4381579,2.0200796,84
0.70866525,0.8409888,-1.1598228,1.0055172,0.2027432,-0.8286086,-0.7952346,0.92559564,-0.0032119006,-1.8006622,-0.25820306,-0.777683,-1.2613747,0.13121702,0.7454954,1.8107805,84
2.1097462,2.125843,-2.4452975,1.9082249,-1.4602454,-0.3171546,-1.2509859,-1.7210594,1.225787,-5.053135,0.08868995,-0.35424045,-1.9164709,-0.5134808,-0.8328447,1.8475908,13
1.2589935,1.3600929,-1.8438077,2.5169315,-0.92189705,-0.26238802,-0.9118527,-1.0597615,0.73908144,-3.8932471,0.04712504,-0.25777474,-1.1482958,-0.46511537,-0.3002383,2.0320275,84
1.2272372,0.6720582,-1.3611166,1.4575474,0.31712496,-0.87647384,-0.60404813,1.2382486,-0.029613689,-2.1568923,-0.41320172,-0.70509785,-1.8621064,0.1558155,1.0746653,2.192581,40
0.70918727,0.39933363,-1.2825276,1.18082,0.10884014,-1.0265466,-0.2695408,1.2386782,0.20469719,-1.9114251,-0.72648513,-0.7614535,-1.7086833,0.23522466,0.97530144,2.2547717,40
3.825901,2.3078158,-3.878072,3.1561713,-1.8778071,-0.9042027,-1.8983765,-1.804697,1.4231536,-8.655048,-0.5934488,0.26079458,-4.702084,-0.49744323,-0.6758271,2.8835468,13
1.3363463,0.39020163,-1.3199664,1.5079021,0.3329916,-1.1041509,-0.5121636,1.5418085,-0.082301006,-2.0840054,-0.5412395,-0.73362935,-2.179698,0.34610486,1.559861,2.2413597,40
1.1127149,0.7155491,-0.99731797,1.4146821,0.255543,-0.8788408,-0.6247742,1.1934155,0.100986004,-2.270453,-0.28028798,-0.64015,-1.8281106,0.2640835,1.1945944,1.9575707,40
0.92288584,0.851589,-1.4319189,1.1531415,0.013901815,-0.93373364,-0.534256,1.1906704,0.24924214,-2.1782506,-0.4894752,-0.89933,-1.7039435,0.23007926,1.0403988,2.1425102,40
1.0879151,0.6382402,-1.263138,1.4293721,0.2381179,-0.92483443,-0.60372186,1.2940031,-0.000423342,-2.0779161,-0.4654865,-0.74643606,-1.8316337,0.16304255,1.110146,2.1827765,40
0.9490294,0.68058765,-1.3949981,1.1659122,0.16111317,-0.94322604,-0.76004344,1.2255498,-0.14431502,-1.9065533,-0.41551697,-0.80117905,-1.7152613,0.28514686,1.137964,1.9818121,40
0.6821423,0.749169,-1.4112725,0.7500529,-0.1708065,-0.8578969,-0.6159768,0.858603,0.11126309,-1.8660574,-0.5790967,-0.85347074,-1.5725602,0.3690321,0.8068576,1.8799156,84
0.7412124,0.7641586,-1.2619671,0.99600863,0.05301915,-0.88857484,-0.7833483,1.123386,-0.074803635,-1.7805775,-0.3872276,-0.85502887,-1.5539186,0.24688992,1.0773909,1.9158022,84
0.6452683,0.805173,-1.4001364,0.9871408,-0.061202027,-0.9173894,-0.6987258,1.0495675,0.06538999,-1.9896393,-0.5208063,-0.8913269,-1.5829761,0.21129957,0.9294211,1.9944438,84
1.1088641,1.5020514,-1.8710495,2.13057,-1.0861679,-0.29062024,-0.9839472,-1.3527899,0.76282865,-3.6350996,0.04073268,-0.45164144,-0.92404115,-0.4148849,-0.64314514,1.8800571,84
0.74011046,1.4659609,-1.8794171,2.0523229,-0.79449916,-0.57147413,-0.876305,-0.804692,0.9407433,-3.6063976,-0.049693838,-0.70733064,-0.81610954,-0.3025384,-0.713587,1.9168166,84
0.6311526,1.0526732,-1.2453715,0.89928126,0.026550323,-0.73647714,-0.90288585,0.8434593,0.024069965,-1.8785645,-0.1758962,-0.8867748,-1.2339358,0.09879626,0.7562867,1.7497482,84
2.1145768,2.0841534,-2.3896186,1.7219669,-1.3589171,-0.4659118,-1.2620943,-1.6084852,1.2048136,-4.6694827,-0.059959576,-0.53325903,-1.8170534,-0.4648355,-0.9991758,1.8696287,13
1.2463742,1.5054139,-1.9793043,2.2774105,-1.0641383,-0.30754206,-1.061599,-1.359472,0.7460372,-3.845635,0.053967327,-0.37837926,-1.0411004,-0.42829594,-0.61991465,1.9026034,84
1.1134093,0.7733711,-1.3682928,1.2017462,0.16351566,-0.84933764,-0.79672056,0.9747028,-0.12827988,-1.8988272,-0.4016804,-0.79432577,-1.6888263,0.19385886,0.9197306,2.050724,84
0.643262,0.5932705,-1.4643098,1.0805757,-0.068493135,-0.9699696,-0.48915577,1.0303649,0.073326185,-2.04005,-0.7236092,-0.8222854,-1.7070979,0.25445765,0.84122664,2.1449232,84
3.6975892,2.0965974,-3.6583886,2.9791121,-1.6959715,-0.94285285,-1.6982925,-1.5970814,1.3283458,-7.9650826,-0.59962136,0.19610144,-4.3992476,-0.42133272,-0.6590119,2.7147834,13
1.081858,0.44553763,-1.275266,1.1030141,0.21624425,-1.0287429,-0.6147134,1.2315836,-0.1599515,-1.7383957,-0.4641078,-0.72294796,-1.9079589,0.42993557,1.3073363,1.9549737,40
1.0944359,0.74339074,-1.1191089,1.2613786,0.21917781,-0.9244889,-0.78891474,1.1135924,-0.043288037,-2.0916882,-0.2766736,-0.7287286,-1.8230728,0.27561682,1.2138348,1.9002473,40
0.6772102,0.86111474,-1.3622254,0.83001626,-0.11374952,-0.90419656,-0.7093062,0.9975159,0.15212199,-1.9104959,-0.5310296,-0.9090524,-1.5657854,0.31529173,0.9106559,1.9353267,84
1.0269558,0.7867255,-1.3840173,1.1886746,0.095708996,-0.8826053,-0.757659,1.0748566,-0.08098526,-1.9665062,-0.42687115,-0.83995855,-1.7103045,0.22346294,0.9978433,2.0459747,84
0.63837975,0.83507067,-1.3749795,0.7719706,0.023314163,-0.9159105,-0.9941603,0.9225602,-0.2204894,-1.6447864,-0.34294733,-0.8775466,-1.4268211,0.3466701,0.8952144,1.7463182,84
0.35255063,0.8641517,-1.5141906,0.356849,-0.23207551,-0.85505515,-0.92507035,0.63061565,-0.12807502,-1.6060886,-0.462159,-0.88058156,-1.3108371,0.46582258,0.71092296,1.5835937,84
0.62138283,0.9492839,-1.3933247,0.7169063,-0.016093776,-0.9706531,-1.0122919,0.8789529,-0.112912044,-1.7606632,-0.3782966,-0.90834695,-1.4706763,0.3481852,0.8821766,1.7823954,84
0.4427023,0.80708236,-1.4486197,0.5721764,-0.14229688,-0.93276614,-0.91831493,0.7864784,-0.11616768,-1.6997864,-0.5099243,-0.8970766,-1.406544,0.32091728,0.7694532,1.711494,84
1.1075621,1.5516071,-2.039737,1.9225498,-1.1213744,-0.39934495,-1.0972297,-1.6083411,0.771051,-3.5557432,0.00867635,-0.52627,-0.8755624,-0.37468112,-0.8620981,1.8419813,13
0.59402156,1.6120185,-1.9715189,1.8779353,-0.85539865,-0.5692551,-0.9612696,-1.0588814,0.9536313,-3.4941618,0.052035958,-0.813053,-0.5867085,-0.31019098,-0.92059296,1.7989457,84
0.4451018,0.9902133,-1.2216048,0.6508999,-0.0214369,-0.84253263,-1.1298952,0.5614889,-0.14205246,-1.6750518,-0.21747755,-0.82649416,-1.1455562,0.19597247,0.5727926,1.5029513,84
1.9733409,1.7790015,-2.1710534,1.3702303,-1.0767292,-0.72946936,-1.0327961,-1.5379046,1.228568,-3.9532948,-0.1978435,-0.6769809,-1.6363001,-0.2603289,-1.027371,1.7832242,13
1.1906508,1.5427549,-2.0951355,2.0414891,-1.1050885,-0.39020663,-1.1291053,-1.5781478,0.7447636,-3.6579912,0.027790219,-0.49137473,-0.92762893,-0.4016318,-0.82906425,1.8673012,13
0.8412172,0.8868982,-1.388413,0.73264265,0.09308219,-0.8971601,-1.0693896,0.6998747,-0.26788712,-1.6732578,-0.33470583,-0.8108737,-1.4841955,0.3169476,0.71116763,1.7411238,84
0.4485857,0.7039896,-1.4945992,0.49649876,-0.22659096,-0.9746756,-0.7786822,0.8693794,-0.103115514,-1.7632004,-0.780908,-0.8839984,-1.6485918,0.3532067,0.7926905,1.8861108,84
3.3073463,1.8547169,-3.247797,2.7269812,-1.6026093,-1.0438458,-1.5193117,-1.5974332,1.3370135,-7.2384715,-0.5946144,0.15017293,-3.9893684,-0.33472225,-0.6340699,2.5067246,13
0.83400136,0.67200184,-1.3286827,0.8761797,0.10088691,-1.0072834,-0.7847593,0.8947862,-0.1577201,-1.6508515,-0.35091242,-0.8192151,-1.628844,0.4399572,1.0015521,1.8182954,84
0.9005355,0.79426765,-1.0568311,0.8839836,0.11772221,-0.9538755,-0.9522587,0.8928197,-0.07592176,-1.7337751,-0.30925047,-0.7892435,-1.6125576,0.31613517,0.981613,1.7167425,84
0.48703063,0.9802912,-1.4991924,0.48324358,-0.15850304,-0.94714284,-0.9692369,0.78184074,-0.015548974,-1.7514142,-0.43717447,-0.9451367,-1.4074943,0.42786568,0.82131886,1.6929303,84
0.8070347,0.7789991,-1.4230114,0.7350818,0.046285257,-0.93673646,-0.96951044,0.74388784,-0.2633223,-1.6500589,-0.399087,-0.83395725,-1.4827698,0.3449937,0.7719676,1.7178487,84
0.44291687,0.9893343,-1.4737521,0.47314805,-0.10109462,-0.94866794,-1.195651,0.5029021,-0.20277931,-1.571208,-0.303242,-0.9498352,-1.2162957,0.37177464,0.59592324,1.5765972,84
0.11154263,0.99625766,-1.6060928,0.014147878,-0.33215034,-0.94837457,-1.1724887,0.25456092,-0.12123762,-1.3751338,-0.45664343,-1.0057886,-1.0664343,0.4147547,0.43782282,1.4420636,84
0.51363987,0.9981915,-1.4145056,0.5598792,-0.052388668,-1.029414,-1.1278454,0.58045363,-0.11582275,-1.5847669,-0.3611476,-0.9759799,-1.2812924,0.3234394,0.66919816,1.6897062,84
0.21101163,0.9455473,-1.5577877,0.35630596,-0.2074083,-0.989582,-1.1533356,0.4724316,-0.16635217,-1.64545,-0.4470697,-0.9365026,-1.2282333,0.3374223,0.5993472,1.5945631,84
1.1428761,1.5901774,-2.2059698,1.8097421,-1.098515,-0.5508276,-1.2178581,-1.7810078,0.8511876,-3.6611774,-0.028396606,-0.5317231,-0.96533895,-0.3786986,-0.96749073,1.8686032,13
0.64636314,1.713677,-2.122511,1.7918619,-0.89391875,-0.61340666,-1.1120777,-1.2935952,0.9861077,-3.5663867,0.053180605,-0.8470484,-0.5788755,-0.31873065,-1.1091496,1.786037,81
0.4025762,1.0813555,-1.3568288,0.44674182,-0.025326595,-0.91711825,-1.3708856,0.46265614,-0.24838449,-1.6594584,-0.25317845,-0.83403903,-1.2008923,0.28402367,0.47558713,1.4784473,84
1.7388417,1.6856297,-2.117922,0.93961155,-0.92149246,-0.8134231,-0.910225,-1.5872785,1.2747215,-3.26162,-0.21783273,-0.8854516,-1.2910823,-0.2145547,-1.1485813,1.7292634,13
1.2014534,1.5398947,-2.207639,1.8612772,-1.0797652,-0.53651905,-1.1907008,-1.7489089,0.82138395,-3.6640918,-0.005815655,-0.5021835,-1.0010378,-0.37168095,-0.92488235,1.8636073,13
0.54948884,0.92655927,-1.419775,0.45753956,0.009423003,-0.91868025,-1.2101574,0.3849507,-0.31438226,-1.493974,-0.27446136,-0.8329887,-1.2671486,0.3523912,0.50200355,1.5605494,84
0.10323705,0.8138994,-1.60367,0.19755769,-0.29385448,-1.0170264,-1.0498707,0.5328303,-0.1846795,-1.6383948,-0.6840863,-0.8775384,-1.3985374,0.3723207,0.613809,1.6788533,84
2.9905126,1.697223,-2.974341,2.4302197,-1.5371827,-1.1000166,-1.4010186,-1.6330211,1.3715696,-6.6414227,-0.5698149,0.089546576,-3.6531324,-0.3017664,-0.65183276,2.3171403,13
0.63527066,0.6669278,-1.3346578,0.65618694,0.061631635,-1.097882,-0.9365484,0.55129665,-0.14461713,-1.462556,-0.35622686,-0.84569967,-1.4405887,0.4380678,0.7831108,1.6877124,84
0.7722509,0.98521405,-1.1615707,0.7452291,0.06538415,-0.9772189,-1.1357615,0.6234785,-0.03282474,-1.7679846,-0.26885188,-0.8467716,-1.4396515,0.30076474,0.69697547,1.6753356,84
0.34199673,1.084849,-1.6051362,0.2855429,-0.21393943,-0.99426454,-1.1719853,0.5136513,-0.068388,-1.6089065,-0.40731263,-1.0298771,-1.231621,0.38369927,0.6100093,1.607829,84
0.49743444,0.9339361,-1.520463,0.47532982,-0.041992083,-0.9767938,-1.196907,0.4013753,-0.29086262,-1.5770094,-0.33344215,-0.8863157,-1.24711,0.3508304,0.5258018,1.5811254,84
0.2975573,1.0803456,-1.4405429,0.23290211,-0.21930972,-0.9566608,-1.3178058,0.16254734,-0.11802222,-1.4048535,-0.29008153,-0.99988127,-1.0419639,0.32612768,0.3352128,1.4605132,84
-0.05906207,1.082279,-1.6044749,-0.2679175,-0.42631927,-1.0447706,-1.3048868,-0.02463077,0.090298206,-1.3577268,-0.51497495,-1.0703609,-0.98554695,0.38792616,0.19678557,1.3647931,81
0.40728813,1.0497109,-1.4175127,0.41387612,-0.115739435,-1.1312505,-1.2810111,0.30379233,-0.0036938637,-1.5623038,-0.35099933,-0.9985762,-1.2045009,0.29404998,0.48856324,1.593814,84
0.07366778,1.0751164,-1.5488838,0.09256491,-0.31688797,-1.0231653,-1.3134687,0.20902088,-0.06376587,-1.5000448,-0.44453692,-1.0204835,-1.1115417,0.2851766,0.3866564,1.5007551,84
1.0818279,1.6731635,-2.2038815,1.7063671,-1.0749587,-0.66900736,-1.2671831,-1.806178,1.0214489,-3.69896,-0.041057885,-0.61537576,-0.9334753,-0.39286324,-1.0374472,1.8462286,13
0.685247,1.7887348,-2.238904,1.6258775,-0.906631,-0.7859408,-1.2521067,-1.5122299,1.0831617,-3.6586504,0.018566668,-0.8725732,-0.6463673,-0.30071044,-1.2438064,1.7302619,81
0.3236711,1.137661,-1.2968161,0.27347904,-0.12326,-0.9601538,-1.4487784,0.17494303,-0.09842707,-1.5638807,-0.24530429,-0.8793282,-1.1387551,0.28061172,0.29063115,1.4268862,84
1.6091686,1.6305945,-2.0999725,0.63798904,-0.86556387,-0.9813519,-0.8427049,-1.6206957,1.4639362,-3.09575,-0.26640022,-1.0040295,-1.256847,-0.21272162,-1.155052,1.7098428,13
1.1208667,1.6183124,-2.18415,1.679258,-1.0726947,-0.66596377,-1.2234697,-1.7876093,1.020098,-3.632053,-0.041397452,-0.6141287,-0.9498091,-0.38345084,-1.011865,1.829018,13
0.38326186,0.91938204,-1.3387326,0.3254789,-0.08619444,-0.9683012,-1.2906215,0.003314674,-0.19911812,-1.3386091,-0.26490527,-0.82249725,-1.1205999,0.31515303,0.28450674,1.4722797,84
-0.06996755,0.85259444,-1.5874035,-0.086159766,-0.3691491,-1.1047267,-1.214308,0.2185814,-0.113443896,-1.449626,-0.6662842,-0.9309958,-1.2539629,0.37961793,0.42622,1.5130417,84
2.8065996,1.6438986,-2.854221,2.2324095,-1.49605,-1.1293471,-1.3528743,-1.6784992,1.4552032,-6.477758,-0.506147,0.10153745,-3.5245,-0.2770802,-0.655331,2.15752,13
0.52093047,0.80221176,-1.2984315,0.51476765,-0.019742489,-1.1272671,-1.0756714,0.28852665,-0.027517512,-1.4106404,-0.31107593,-0.92586935,-1.2706455,0.38397717,0.55506,1.58365,84
0.73301756,1.0116227,-1.1120687,0.6130005,0.004948199,-0.9854163,-1.2120364,0.362576,0.06465094,-1.6809509,-0.23408884,-0.8533801,-1.3704238,0.28386444,0.51752126,1.5980492,84
0.1597405,1.1140739,-1.5454577,0.06797552,-0.30123174,-1.0578194,-1.3241413,0.24302717,0.026546478,-1.5295687,-0.43351233,-1.0275815,-1.14811,0.36854705,0.40289575,1.4950622,84
0.324485,0.96912247,-1.4133171,0.2473262,-0.16966031,-0.9774337,-1.3039997,0.049125277,-0.17817472,-1.3766867,-0.3051177,-0.8994373,-1.1127232,0.33394983,0.33530894,1.4595226,84
0.13921548,1.1155612,-1.4451363,0.08710244,-0.27894887,-1.0631268,-1.415045,-0.073391214,0.041714683,-1.3688276,-0.3151816,-1.0565203,-0.9358983,0.2740673,0.16308978,1.3970017,84
-0.20810595,1.016529,-1.5403253,-0.27704662,-0.43831125,-1.0745236,-1.3696346,-0.103552386,0.14671186,-1.355577,-0.5165788,-1.0530128,-0.9260175,0.35844123,0.11964947,1.3209859,81
0.35570693,1.0642881,-1.3817197,0.3655151,-0.1420367,-1.1899272,-1.3326287,0.17649448,0.11908903,-1.5858948,-0.3706048,-1.0286939,-1.1755847,0.27467757,0.3545389,1.5510253,84
-0.112990774,1.1161437,-1.5685163,-0.07442802,-0.38398147,-1.1192034,-1.3894076,-0.04959324,0.16514875,-1.5482514,-0.4618885,-1.0414902,-1.0188563,0.25183472,0.19005921,1.4244779,84
1.1017612,1.7069743,-2.2947667,1.8464943,-1.0299807,-0.8327477,-1.3043518,-1.7864932,1.0959362,-3.9547126,-0.02973628,-0.629464,-1.0575051,-0.41001803,-1.0333233,1.9119601,13
0.678497,1.818238,-2.3601708,1.589295,-0.8573688,-0.85123307,-1.2577972,-1.5177648,1.1094509,-3.7582645,0.056821942,-0.8904435,-0.6712502,-0.33564636,-1.259023,1.7002622,81
0.2573831,1.1854305,-1.3110417,0.21969944,-0.17999548,-1.0420151,-1.496391,-0.02662921,0.08025798,-1.6271414,-0.23338431,-0.916365,-1.0926458,0.21531186,0.14487496,1.4086665,84
1.6008906,1.6440706,-2.1871254,0.80672383,-0.8768786,-1.0926931,-0.88101566,-1.6049708,1.5210223,-3.3905637,-0.24467441,-0.97917706,-1.3930176,-0.25387055,-1.0784676,1.7718872,13
1.1306579,1.6742542,-2.2637649,1.7932862,-1.046448,-0.8133142,-1.2701943,-1.7872304,1.11282,-3.8535655,-0.03338185,-0.6527221,-1.0341493,-0.41140786,-1.0299398,1.8870903,13
0.31266093,1.043095,-1.3941034,0.27053875,-0.15026045,-1.0766666,-1.3672976,-0.26068664,0.024300233,-1.4217834,-0.26204255,-0.9161732,-1.0027952,0.23152864,0.05841653,1.4588972,84
-0.21131247,0.90019816,-1.6170641,-0.18153396,-0.42847347,-1.1621184,-1.279803,-0.031012312,0.09129262,-1.5331986,-0.63503075,-0.94216615,-1.1400592,0.34766322,0.23709959,1.4246308,84
2.6779907,1.603799,-2.8232794,2.1439457,-1.43127,-1.2093613,-1.3506298,-1.7246526,1.507247,-6.4169707,-0.46508586,0.09929739,-3.4476724,-0.2837806,-0.6469864,2.085645,19
0.3992523,0.87012905,-1.2687836,0.38788015,-0.093790725,-1.1461713,-1.1368527,0.08585742,0.09715792,-1.3635811,-0.28851578,-1.0074931,-1.135708,0.3111171,0.3826232,1.5074488,84
0.65877336,1.0374017,-1.1490545,0.54119754,-0.03331995,-1.0932175,-1.2788689,0.14642791,0.17702404,-1.6847975,-0.23413645,-0.8820121,-1.3077751,0.22195172,0.38802385,1.5468316,84
0.014069185,1.1074046,-1.5144666,0.028424919,-0.3393709,-1.1042298,-1.3813953,0.082666196,0.14415419,-1.5245454,-0.43872863,-1.0542926,-1.0409275,0.31550252,0.23726147,1.4527266,84
0.24346013,1.0761715,-1.468902,0.13110602,-0.22749236,-1.0643443,-1.3701968,-0.21717621,0.051746383,-1.4272884,-0.26879096,-0.957437,-1.0072117,0.27836668,0.1322008,1.396752,84
0.086111054,1.0804772,-1.3794822,0.07450479,-0.267272,-1.1092603,-1.4344864,-0.10932785,0.118763335,-1.3563981,-0.34959564,-1.0866635,-0.9151438,0.24880236,0.07443471,1.3705392,81
-0.24302098,0.9788875,-1.4811306,-0.2953154,-0.43480083,-1.0836012,-1.3795168,-0.11873266,0.20617796,-1.3694009,-0.52535546,-1.0604818,-0.9403893,0.34771377,0.05014795,1.2796903,81
0.2886048,1.0147173,-1.2927997,0.33042133,-0.13430968,-1.2159529,-1.3132777,0.1297274,0.2088837,-1.590606,-0.4001257,-1.0327716,-1.1544728,0.23179486,0.26350966,1.5017496,84
-0.19526587,1.0435382,-1.4812208,-0.06396037,-0.36660817,-1.1370534,-1.3991394,-0.08567068,0.20092164,-1.5215299,-0.46967602,-1.0458122,-0.96032727,0.24469572,0.111277625,1.3755429,81
1.1932427,1.6939132,-2.3080938,1.9841093,-0.9866576,-0.9118072,-1.264682,-1.6945682,1.162622,-4.145714,-0.031154603,-0.64512974,-1.2062612,-0.40542117,-1.0041505,1.9701884,13
0.74483335,1.8178246,-2.4061847,1.6308123,-0.83240175,-0.9242212,-1.2718856,-1.5271705,1.1901445,-3.9303453,0.038834482,-0.88594,-0.80061847,-0.34838188,-1.2721305,1.7211623,81
0.24061061,1.1279962,-1.2477046,0.23734248,-0.20951006,-1.0602596,-1.4454663,-0.09233506,0.18011504,-1.6301363,-0.24589047,-0.9497276,-1.0831753,0.19072902,0.08738536,1.3986166,84
1.6218045,1.6759446,-2.3133163,1.1857314,-0.8650359,-1.1261755,-0.94809073,-1.5314225,1.5410882,-3.8410378,-0.20988119,-0.90395993,-1.5437399,-0.34331736,-1.0066817,1.8764894,13
1.2125558,1.660439,-2.300865,2.008995,-0.98640823,-0.88456786,-1.2669625,-1.7029628,1.1360518,-4.1101384,-0.007220447,-0.6358362,-1.1807938,-0.4124382,-0.9837392,1.9484673,13
0.30787545,1.0690061,-1.3802762,0.28331453,-0.1587713,-1.1265328,-1.3844078,-0.28525716,0.14080396,-1.4981287,-0.2800906,-0.9814661,-1.0086874,0.18158531,-0.02504538,1.4605327,84
-0.31896263,0.859776,-1.5714039,-0.22174802,-0.42253584,-1.1831384,-1.2955258,-0.10271096,0.15330833,-1.5138466,-0.62654054,-0.9631205,-1.0593909,0.32180002,0.13808474,1.3602448,81
2.7214334,1.7225926,-2.898268,2.0991945,-1.4350635,-1.1964294,-1.3765552,-1.7263241,1.6367563,-6.493874,-0.44345462,0.035228178,-3.4276896,-0.34616664,-0.6989171,2.0894506,19
0.34033227,0.849632,-1.1951259,0.31187922,-0.10954966,-1.1828468,-1.1591148,-0.025057837,0.19821282,-1.344665,-0.31316924,-1.0465896,-1.0992192,0.26951635,0.25103897,1.4549947,84
0.63726795,1.0018669,-1.1030545,0.530827,-0.043703526,-1.1096728,-1.244307,0.10661243,0.24180362,-1.6634947,-0.2790332,-0.9225721,-1.2888536,0.16141996,0.31230167,1.5444819,84
-0.0019949824,1.0885633,-1.4322326,0.0039191544,-0.3519922,-1.0996324,-1.3543048,0.044039294,0.2546727,-1.5136781,-0.45178494,-1.0989069,-1.0188882,0.28501537,0.1352014,1.4280906,84
0.20893942,1.0983504,-1.4798979,0.12524867,-0.23783576,-1.133954,-1.38078,-0.27973592,0.1715306,-1.4957492,-0.29818806,-1.0351566,-0.9803687,0.22422299,0.03596106,1.3927325,84
0.04374431,1.0246304,-1.2984489,0.08375639,-0.25943866,-1.1498202,-1.4071882,-0.1489457,0.17283487,-1.3702774,-0.3536122,-1.0883414,-0.9153554,0.18686038,0.057724237,1.3268954,81
-0.26441693,0.94817835,-1.427965,-0.2831858,-0.42392448,-1.0864074,-1.3511276,-0.12823263,0.20236355,-1.3751442,-0.46002507,-1.0696352,-0.9132034,0.30250195,0.058433875,1.2046572,81
0.31388348,0.95865655,-1.235794,0.35263187,-0.11039285,-1.2254139,-1.2541404,0.14083438,0.2737634,-1.6146803,-0.3934917,-1.0378953,-1.1773069,0.17191899,0.23859838,1.4825717,84
-0.17360258,1.0381393,-1.3796558,-0.023615956,-0.37614378,-1.105799,-1.3795085,-0.082786635,0.23443569,-1.502276,-0.43954426,-1.0824343,-0.9297972,0.18058375,0.07017061,1.34402,81
1.2716647,1.6705276,-2.299596,2.1000628,-0.95234895,-0.93096614,-1.193068,-1.5557986,1.22204,-4.2788944,-0.047495037,-0.66955364,-1.3021821,-0.46379927,-0.9489601,2.0141976,13
0.7286716,1.7462921,-2.3594937,1.6816703,-0.7803391,-0.97776717,-1.260654,-1.4881275,1.1960145,-3.969959,0.03298214,-0.86851865,-0.8584752,-0.390927,-1.2273741,1.7282904,81
0.25425768,1.0680594,-1.2270874,0.27281797,-0.19435538,-1.1250513,-1.3814814,-0.068527356,0.24837518,-1.7155864,-0.29802185,-0.9602025,-1.1382176,0.16226116,0.042628482,1.4231052,84
1.6606839,1.631615,-2.4278884,1.5697446,-0.8631631,-1.1702679,-1.0688355,-1.520253,1.46291,-4.27944,-0.19037479,-0.74398303,-1.7331052,-0.42940196,-0.93804204,1.94989,13
1.3078415,1.6953686,-2.36498,2.131311,-0.9435935,-0.9347537,-1.2227988,-1.5759163,1.229579,-4.3396254,-0.024419159,-0.6776013,-1.2927527,-0.47465566,-0.94766307,2.0088832,13
0.2775948,0.93979794,-1.2817097,0.3011915,-0.13761775,-1.2105827,-1.3473084,-0.31058806,0.18630545,-1.5269501,-0.33382598,-0.94878733,-1.0916154,0.16003653,-0.022941418,1.4352928,84
-0.33272207,0.90856713,-1.5113556,-0.31569427,-0.44741324,-1.1534957,-1.2985375,-0.10902242,0.23206092,-1.5043958,-0.5944877,-1.0217417,-1.0276042,0.30094227,0.080946654,1.2756096,81
2.6924584,1.7377954,-2.9111662,2.0794592,-1.4121417,-1.188326,-1.3747697,-1.7140465,1.6869462,-6.50343,-0.4191454,0.020795286,-3.4026382,-0.41845927,-0.6992408,2.0894895,19
0.30542016,0.79611385,-1.1586703,0.35672164,-0.0850323,-1.2425044,-1.1808014,-0.03031385,0.25899252,-1.4044408,-0.3445297,-1.0472145,-1.1069797,0.17198181,0.20696446,1.4406642,84
0.71748626,0.9530624,-1.1014262,0.5318765,-0.036548972,-1.2197406,-1.2200015,0.06553744,0.37053442,-1.7673084,-0.36714664,-0.92991567,-1.4306304,0.12182599,0.24643746,1.5709492,84
-0.02154015,1.0243828,-1.3501877,0.009364128,-0.3308549,-1.1180683,-1.3045883,0.07383789,0.28315282,-1.5286169,-0.43168795,-1.1041617,-1.0217485,0.24380785,0.15118214,1.3719388,84
0.18661995,0.9811452,-1.34992,0.16284096,-0.21269017,-1.199161,-1.3643854,-0.33219075,0.19528043,-1.4685895,-0.3321668,-1.0183358,-1.0192313,0.18765894,-0.010117099,1.366535,84
0.047157913,0.9737115,-1.260781,0.08510387,-0.22979783,-1.1672399,-1.360368,-0.11656554,0.19776812,-1.3940141,-0.32664642,-1.0875158,-0.9338049,0.15532032,0.08989629,1.2736863,81
-0.2458454,0.89253265,-1.3634759,-0.2755981,-0.38708854,-1.1146003,-1.3288693,-0.07531664,0.20494696,-1.3857411,-0.41010904,-1.064737,-0.9425556,0.2971385,0.11792481,1.1460209,81
0.34483445,0.8548923,-1.156637,0.41604185,-0.07336663,-1.2500694,-1.168015,0.26227018,0.29452252,-1.62044,-0.42263675,-1.0260047,-1.2455319,0.1496705,0.33770588,1.5071286,84
-0.122003786,1.0466822,-1.3673434,-0.06402308,-0.367114,-1.1227449,-1.3380032,-0.04316455,0.27225676,-1.5498147,-0.38544565,-1.1117053,-0.95663846,0.17496285,0.098612174,1.2837219,81
1.3251703,1.5999815,-2.2951038,2.221983,-0.9009348,-0.96975994,-1.1026819,-1.3882133,1.276777,-4.438937,-0.057164446,-0.6473545,-1.4257772,-0.49532756,-0.844192,2.0619025,13
0.66084653,1.6108074,-2.2545156,1.768468,-0.7004516,-0.96988046,-1.2031837,-1.3778493,1.1386037,-3.9195297,0.07020065,-0.8253965,-0.84952664,-0.41670048,-1.1395528,1.7017308,81
0.36346775,1.0514423,-1.237696,0.21124548,-0.19140379,-1.1664959,-1.298852,0.1234757,0.3694366,-1.8925177,-0.36192304,-0.956379,-1.3201458,0.1727623,0.076579526,1.5203344,84
1.7422854,1.541736,-2.4949977,1.8790034,-0.9113469,-1.1778042,-1.1164639,-1.5006841,1.4159713,-4.68264,-0.1886916,-0.57325184,-1.9526234,-0.49073127,-0.80145323,2.001296,13
1.3611672,1.6396879,-2.3750596,2.2699542,-0.8934084,-0.95011485,-1.1337076,-1.4076731,1.2673724,-4.5063868,-0.016783923,-0.6631804,-1.3931808,-0.5122849,-0.84278125,2.0519202,13
0.31889957,0.8798286,-1.2295698,0.31029165,-0.11613608,-1.2351582,-1.2924545,-0.23003776,0.2441571,-1.563451,-0.35526907,-0.94845855,-1.1610137,0.14211933,0.012772247,1.4010841,84
-0.3206555,0.9241552,-1.4653277,-0.35980752,-0.43263277,-1.1557273,-1.3247392,-0.07176015,0.24372114,-1.5356227,-0.52869165,-1.0320697,-1.0303098,0.3080787,0.09621838,1.1745884,81
2.615753,1.6496128,-2.9066858,2.1218557,-1.3495194,-1.1548467,-1.332618,-1.6686884,1.6110731,-6.457188,-0.34931672,0.06435649,-3.337135,-0.4590563,-0.6293647,2.0412304,19
0.28035313,0.73506325,-1.1280847,0.3860466,-0.06826409,-1.2622957,-1.1305892,0.005855322,0.29427,-1.4170952,-0.3344366,-1.0477903,-1.109578,0.116340235,0.24310675,1.4140137,84
0.77781963,0.8781699,-1.1032026,0.6095377,0.011888489,-1.2655914,-1.1459365,0.1758548,0.4109112,-1.836333,-0.41983706,-0.9226283,-1.5190731,0.08762345,0.29229015,1.6023718,84
0.0019102693,0.95880485,-1.2855141,0.009365469,-0.292332,-1.1452571,-1.2596061,0.16042386,0.29079312,-1.5305777,-0.4061525,-1.1034231,-1.0574839,0.2241618,0.20930037,1.3510276,84
0.188498,0.9074918,-1.2690659,0.21120203,-0.18938434,-1.1934508,-1.328723,-0.27196574,0.184319,-1.4833431,-0.3056635,-0.99262863,-1.0481386,0.15868576,0.040989235,1.3135796,84
0.097202376,0.9231333,-1.1700002,0.2052651,-0.17962544,-1.1779559,-1.340023,-0.025466755,0.22811666,-1.4269898,-0.37504238,-1.0616263,-0.9768073,0.10485487,0.07700837,1.3261945,84
-0.19388726,0.8755023,-1.2591476,-0.18099552,-0.35820812,-1.0932301,-1.3107159,0.033138454,0.23998156,-1.401746,-0.4542116,-1.0429444,-0.96446884,0.22575814,0.09597252,1.2371751,81
0.4396448,0.77121973,-1.0825489,0.58213323,0.026593,-1.2825227,-1.064098,0.5394354,0.35287493,-1.7516797,-0.49736607,-0.97075415,-1.393462,0.12140477,0.46247023,1.6262782,84
-0.08565589,0.94730127,-1.2285799,0.11905241,-0.29325652,-1.1063797,-1.2946472,0.110561945,0.22435927,-1.5009702,-0.4117838,-1.084378,-0.95058525,0.10687156,0.12238541,1.3703995,84
1.427845,1.4978868,-2.224718,2.445489,-0.8410748,-0.99883157,-1.0282528,-1.2028186,1.3053842,-4.529233,-0.13806438,-0.6131312,-1.5340699,-0.5408623,-0.7070056,2.1957805,13
0.62712127,1.4681647,-2.078397,1.9390119,-0.64798963,-0.9091459,-1.1701951,-1.2688875,1.044265,-3.8459685,0.07821599,-0.75063235,-0.8328878,-0.4539359,-1.0415906,1.7171772,81
0.48429662,1.0130218,-1.2200624,0.2841354,-0.12114306,-1.2172042,-1.2022352,0.36950785,0.46677253,-1.9744104,-0.5106331,-0.94603175,-1.4254612,0.10510033,0.106801406,1.7520643,84
1.8478101,1.516043,-2.5017538,2.1986175,-0.9837506,-1.1059735,-1.1604209,-1.4853178,1.3939286,-4.997124,-0.17948616,-0.43862173,-2.0601766,-0.5742152,-0.679819,2.0433667,13
1.4529787,1.5471514,-2.311157,2.4732933,-0.8355539,-0.9685672,-1.0669075,-1.2387025,1.2732847,-4.5706997,-0.07453126,-0.6318894,-1.4759339,-0.54578435,-0.71836835,2.1569877,13
0.399414,0.8912126,-1.1595969,0.40578145,-0.09860783,-1.2255412,-1.2567573,-0.09902868,0.32615826,-1.6219752,-0.41391248,-0.9569815,-1.1919285,0.104663074,0.00748612,1.4376192,84
-0.32979876,0.856472,-1.3190945,-0.2223288,-0.39789745,-1.1274514,-1.3308947,-0.01749155,0.19727187,-1.4566731,-0.52409476,-1.016332,-0.9634367,0.23848394,0.099919826,1.1909707,81
2.6197627,1.6916385,-2.9611444,2.1095004,-1.3383331,-1.1601838,-1.3350587,-1.6648765,1.6711594,-6.5073195,-0.34417033,0.057796642,-3.3236501,-0.51830506,-0.6359462,2.0683768,19
0.29562294,0.6393363,-1.03073,0.5237605,-0.011314452,-1.2755281,-1.0725622,0.0989372,0.3131932,-1.4439826,-0.37025315,-0.9916304,-1.1394459,0.0778262,0.26716036,1.4555489,84
0.86122984,0.79330313,-1.0455372,0.7562916,0.089366645,-1.2929473,-1.0433148,0.36922824,0.46995246,-1.9180619,-0.50289404,-0.8881031,-1.6159283,0.06460194,0.36964363,1.6834109,84
0.10256864,0.910657,-1.2245327,0.12299311,-0.22618912,-1.1730934,-1.2060919,0.31174323,0.33211803,-1.5633795,-0.48365903,-1.0883769,-1.1329932,0.1450246,0.19854376,1.5165772,84
0.24113221,0.90618473,-1.2133919,0.2802102,-0.1541421,-1.197295,-1.3050265,-0.16786332,0.2414623,-1.5397365,-0.3436032,-0.98307455,-1.0794432,0.123244286,0.04847902,1.3316393,84
0.21086727,0.840245,-1.070683,0.39522946,-0.09312639,-1.1742978,-1.3053088,0.13995054,0.16025564,-1.4317125,-0.4093725,-0.972779,-1.0574235,0.087950006,0.15069044,1.3516508,84
-0.1321278,0.7260467,-1.0959936,0.06861508,-0.27507624,-1.0780112,-1.2764935,0.21053404,0.063155696,-1.3506603,-0.441739,-0.9380527,-1.0008619,0.1968666,0.22995612,1.224737,84
0.6405003,0.64339054,-1.0288341,0.8245089,0.16042966,-1.3775263,-0.9324119,0.77153736,0.37416893,-1.8503138,-0.59489787,-0.881866,-1.5974475,0.11861467,0.6275167,1.7376368,84
0.066995546,0.8332,-1.0939339,0.35611564,-0.2029987,-1.124808,-1.238148,0.26313913,0.16118887,-1.4687722,-0.47703934,-1.0073884,-1.0482732,0.08438808,0.1656858,1.4443734,84
1.7113619,1.2267859,-2.0027304,2.7440667,-0.7796744,-0.9894969,-0.9396402,-1.1351775,1.1217777,-4.4834013,-0.15921411,-0.38911057,-1.8492241,-0.48893782,-0.48217264,2.221579,13
0.658421,1.3769186,-1.967271,2.0423694,-0.5761803,-0.8868144,-1.1036123,-1.1341007,0.99344623,-3.7684898,0.075558335,-0.70107204,-0.84936994,-0.45968103,-0.95692885,1.7227927,84
0.6003431,0.8108131,-1.0111424,0.6491662,-0.034668848,-1.2502936,-1.0710893,0.5647239,0.37347314,-1.9071884,-0.53338647,-0.8953126,-1.5110956,0.12065379,0.3431732,1.7238585,84
1.9850975,1.3729776,-2.4014843,2.5284376,-0.99520624,-1.0109882,-1.2141721,-1.4056537,1.2423383,-5.121833,-0.21074195,-0.2236684,-2.1981812,-0.5987515,-0.56441045,2.1048112,13
1.7384634,1.2614117,-2.0720742,2.7629414,-0.77435887,-0.9599362,-0.967807,-1.1566411,1.0853378,-4.5009456,-0.122019455,-0.41012415,-1.7961527,-0.48188338,-0.5058631,2.1941638,13
0.5225729,0.7932298,-1.0264387,0.648299,-0.031256437,-1.2188565,-1.18961,0.06286905,0.28290126,-1.5946952,-0.45176974,-0.89823085,-1.2307869,0.07055999,0.07925607,1.4888644,84
-0.21570128,0.8396892,-1.1998947,-0.104626805,-0.36453748,-1.0679926,-1.3201957,0.08507724,0.1526076,-1.3918548,-0.5107636,-0.983657,-0.94921356,0.20786408,0.096609145,1.1966118,81
2.7027209,1.7340863,-2.9939451,2.0896316,-1.3410319,-1.1690944,-1.2943492,-1.6450855,1.7013031,-6.4714947,-0.36270282,0.01687999,-3.3533564,-0.56103814,-0.66639376,2.1371663,13
0.41638637,0.5467774,-0.9233941,0.72645164,0.06934801,-1.2650723,-0.97866607,0.25597245,0.29226053,-1.4298999,-0.41708148,-0.91000044,-1.2014374,0.0710403,0.32196632,1.506917,84
1.0528582,0.6977012,-0.9880161,1.0206676,0.22184274,-1.3088537,-0.9243455,0.6286301,0.48091888,-1.9765326,-0.5941321,-0.8279847,-1.7314899,0.057396457,0.45121688,1.8147835,84
0.19660445,0.71349305,-1.0365328,0.40956622,-0.14699042,-1.19688,-1.1065081,0.4673003,0.1895456,-1.4843268,-0.48947307,-1.0078685,-1.2186685,0.12561606,0.38720477,1.5048296,84
0.37806726,0.8336353,-1.0966806,0.49504232,-0.08070762,-1.1799238,-1.2596173,-0.0035557076,0.19874522,-1.518003,-0.38453752,-0.92433065,-1.1381824,0.10106127,0.092350006,1.3869517,84
0.3398592,0.6935728,-0.9615339,0.6453675,-0.023028016,-1.2219895,-1.2105002,0.33538795,0.05890408,-1.4397919,-0.44014207,-0.89088875,-1.169379,0.095763996,0.34849072,1.370677,84
-0.0606213,0.6376002,-1.0160543,0.35537863,-0.20773509,-1.1847767,-1.2561653,0.37881184,0.03766413,-1.4713362,-0.5322573,-0.8690928,-1.0868505,0.16446024,0.38848746,1.2917428,84
0.8383356,0.48401955,-0.96706194,1.1631203,0.2438967,-1.5151759,-0.755824,1.0549117,0.42143887,-1.991134,-0.7417307,-0.8532346,-1.8043948,0.10334119,0.83644754,1.894926,40
0.16646759,0.71653306,-0.9842269,0.6619979,-0.13716465,-1.1878492,-1.1434879,0.4801365,0.10767534,-1.5279033,-0.52134454,-0.96498317,-1.1286112,0.059644952,0.3532523,1.4942125,84
2.038559,1.0705758,-1.7846395,2.8769383,-0.7690933,-0.8706956,-0.9358746,-1.1853154,0.92967373,-4.4277716,-0.12567577,-0.17187853,-2.077263,-0.4613119,-0.29171646,2.1173534,13
0.78055936,1.1882931,-1.8112094,2.2274427,-0.5051122,-0.82503223,-1.0528799,-1.0794517,0.78271186,-3.6667576,0.17155877,-0.52887106,-0.96499217,-0.41226417,-0.78782994,1.662992,84
0.79191506,0.7375521,-0.9946025,0.8975904,0.05424805,-1.4129561,-0.90798795,0.80160517,0.52675956,-2.1112628,-0.6827321,-0.88370705,-1.732051,0.11723839,0.52042174,1.8815973,84
2.3523335,0.97158074,-2.1818838,2.7791996,-0.9881053,-0.95165396,-1.1982234,-1.442362,0.9218242,-5.1398754,-0.2592491,0.17694013,-2.742141,-0.5386589,-0.32069933,2.0888174,13
1.9353698,1.0531267,-1.778507,2.8990817,-0.7673658,-0.83369565,-0.9602108,-1.2137446,0.8422531,-4.3262568,-0.07773669,-0.18563212,-1.933254,-0.43826592,-0.3410139,2.0461218,13
0.69807136,0.689244,-0.94949174,0.878711,0.058521837,-1.3253852,-1.0867748,0.30170614,0.3002221,-1.6736333,-0.5527043,-0.8522985,-1.3887618,0.09042351,0.22578004,1.5699563,84
-0.16261682,0.74598885,-1.0710871,0.18233228,-0.3261821,-1.1004527,-1.2969382,0.16248006,0.052793667,-1.3710005,-0.48802808,-0.94323635,-0.92503256,0.15087052,0.20265758,1.1910222,84
2.6767187,1.6898906,-2.8691468,2.167099,-1.3598701,-1.139916,-1.2369039,-1.680509,1.6570153,-6.325345,-0.3525283,0.0062729865,-3.302884,-0.58586335,-0.5987418,2.107517,13
0.5615781,0.41616374,-0.83946484,0.9628562,0.12457439,-1.3476938,-0.82070357,0.42664367,0.3037964,-1.4721301,-0.5062653,-0.8537662,-1.3201491,0.07708724,0.4437312,1.5827775,84
1.2498246,0.61066073,-0.9804096,1.2827532,0.32087553,-1.3969011,-0.78699166,0.8297761,0.5107392,-2.0797858,-0.6856333,-0.7860369,-1.8745878,0.0658032,0.5597929,1.9269019,40
0.3164447,0.57281667,-0.9338911,0.7557429,-0.045013525,-1.3127033,-1.0013232,0.7370721,0.18417501,-1.6447601,-0.6050316,-0.9261971,-1.3855207,0.11235139,0.6045804,1.6316835,84
0.5220411,0.7209296,-1.0228405,0.754913,0.0043735355,-1.2507393,-1.1620536,0.21662086,0.14803787,-1.553982,-0.4552526,-0.8678662,-1.2485435,0.097185835,0.23375288,1.4484959,84
0.56088847,0.60362875,-0.984223,0.94765687,0.075567156,-1.4606417,-1.0723753,0.6442235,0.21948227,-1.7890089,-0.62988424,-0.8568002,-1.4808912,0.12197925,0.5819156,1.5904372,84
0.18064483,0.51439565,-1.0569825,0.71837807,-0.12668025,-1.4100878,-1.1374434,0.6822126,0.16930874,-1.8117654,-0.67125696,-0.85522777,-1.4040946,0.16497019,0.69920653,1.5022415,84
0.8713172,0.36260793,-0.9316819,1.3531783,0.23658594,-1.6524994,-0.63991785,1.2205404,0.6207245,-2.2488523,-0.8955994,-0.7895943,-1.9944957,0.08737317,0.9569692,2.0449944,40
0.36171818,0.6241239,-1.0206255,0.9736874,-0.028749496,-1.4230425,-1.0121033,0.794273,0.26669794,-1.8915718,-0.68181443,-0.93283135,-1.429627,0.06635524,0.60854137,1.7091289,84
2.18538,1.1458741,-1.7207494,2.8974729,-0.8347256,-0.8003275,-0.9900719,-1.286905,0.90132225,-4.494831,-0.05071217,-0.13241106,-2.124495,-0.49472755,-0.20910439,2.049279,13
1.0113821,1.029154,-1.566963,2.3919544,-0.51841193,-0.7173302,-1.0722859,-1.1275665,0.5762487,-3.6032355,0.161879,-0.33184507,-1.1523578,-0.3240692,-0.6911326,1.6004752,84
0.9924789,0.6514183,-1.0713785,1.3185871,0.16760767,-1.6379,-0.76984817,1.0752164,0.68387324,-2.4333797,-0.85377437,-0.89438194,-1.9774687,0.037985876,0.7523207,2.1087103,40
2.530949,1.0479652,-2.1741526,2.7143707,-1.1331431,-0.83189774,-1.2267592,-1.5478797,0.8765176,-5.259866,-0.23299605,0.23606612,-2.8816664,-0.4771252,-0.32441843,1.9612181,13
2.0820124,1.050864,-1.6183403,2.952474,-0.85405195,-0.6932257,-1.0287399,-1.3364731,0.71749884,-4.283804,-0.015196323,-0.08888056,-1.9567308,-0.44197437,-0.27435166,1.9320227,13
0.9169007,0.6176104,-1.006357,1.1563213,0.18362287,-1.5779525,-0.9286343,0.6456653,0.4857239,-2.03643,-0.76987493,-0.8233056,-1.7098601,0.10711081,0.43616086,1.7945077,84
-0.059542306,0.65463495,-1.0134126,0.48253572,-0.2654601,-1.2462906,-1.2380044,0.35353917,0.10658106,-1.5854778,-0.57968897,-0.8800257,-1.0838333,0.120157376,0.4016186,1.3082708,84
2.8202121,1.548454,-2.7560408,2.2932663,-1.326208,-1.1477613,-1.1734995,-1.6642078,1.529919,-6.3768806,-0.31923902,0.15611903,-3.5594475,-0.5337033,-0.42739275,2.1112156,13
0.73017246,0.31341732,-0.8630647,1.2979466,0.238006,-1.5442498,-0.6426908,0.81734115,0.48946196,-1.8510886,-0.72183394,-0.8036264,-1.6018103,0.099087745,0.6486493,1.8541629,40
1.4283984,0.5461474,-1.0461527,1.4911579,0.41900137,-1.6160868,-0.6461542,1.1064231,0.6807649,-2.407308,-0.87217104,-0.76705617,-2.1511617,0.08538321,0.72362053,2.1058323,40
0.56921816,0.4552091,-0.9991236,1.1031057,0.074145466,-1.5840532,-0.8471261,1.0795505,0.37003714,-2.0120146,-0.81302625,-0.9247862,-1.7351938,0.114508614,0.8998231,1.8885806,40
0.7072733,0.66987675,-1.0671818,1.0048729,0.11373466,-1.4825745,-1.0224798,0.55056876,0.33414975,-1.9235986,-0.6553844,-0.8353339,-1.5373982,0.11860679,0.43944925,1.6415641,84
0.7675104,0.4692831,-1.0551914,1.288046,0.1661903,-1.7237034,-0.8768422,1.0631278,0.44446823,-2.2022276,-0.83003306,-0.86941457,-1.8589046,0.10160716,0.91210705,1.9110821,40
0.44660234,0.3745387,-1.1639608,0.97178733,-0.043135583,-1.6190332,-0.9284491,1.0969009,0.41652554,-2.2145,-0.84017134,-0.8597961,-1.8150177,0.19232562,1.0486658,1.7832167,84
0.8829847,0.53061247,-0.73369145,1.5944859,0.06659722,-1.4995203,-0.761879,1.084368,0.26299775,-2.2052598,-0.6534519,-0.7343658,-2.018356,0.2160168,0.84997094,2.0024092,40
0.6254419,0.48670718,-1.1753346,1.3006058,0.07205677,-1.6668037,-0.83787954,1.1911801,0.48100132,-2.3187408,-0.8583952,-0.9286536,-1.8441176,0.06247139,0.9384224,2.0243087,40
2.1995094,1.345513,-1.7581913,2.8887467,-1.0062125,-0.72684944,-1.1007307,-1.409333,0.8952385,-4.5581923,0.027634889,-0.24523242,-2.0647984,-0.58402365,-0.307314,2.037685,13
1.116577,0.9812538,-1.3729337,2.3704987,-0.6304245,-0.58127284,-1.1029373,-1.2951534,0.49407846,-3.4394746,0.20309329,-0.2719713,-1.1335043,-0.3241144,-0.66480464,1.4802955,84
1.1176122,0.62861156,-1.1673927,1.628054,0.23325363,-1.7910141,-0.8220501,1.3115469,0.6580379,-2.8225243,-0.9071217,-0.76100624,-2.3315065,0.12388456,0.8435806,2.3039145,40
2.5525296,1.3339549,-2.3051322,2.7209506,-1.3555118,-0.7634464,-1.3161523,-1.6086998,0.9619479,-5.559344,-0.16860527,0.1330791,-2.935036,-0.56522745,-0.38087195,2.0336676,13
2.1594715,1.2499673,-1.7010822,2.9258552,-0.985553,-0.6632823,-1.1318629,-1.4218826,0.7580969,-4.4001846,0.01158464,-0.20868051,-1.9684602,-0.5173162,-0.37231797,1.9704376,13
1.1262867,0.5066953,-1.1897559,1.5403156,0.29917508,-1.8359501,-0.75794274,1.140618,0.669684,-2.5422978,-0.97975904,-0.8329985,-2.1087866,0.069940776,0.7471769,2.1597848,40
0.23481219,0.51085186,-1.1407709,0.8598107,-0.14836183,-1.4714066,-1.0314097,0.78478163,0.29342857,-2.0340285,-0.73163533,-0.84879076,-1.5245694,0.13681714,0.77359563,1.6253586,84
2.81899,1.4368874,-2.6501207,2.4953785,-1.3009862,-1.0392748,-1.1913404,-1.6886051,1.2854395,-6.329826,-0.20551357,0.29916507,-3.599273,-0.57632196,-0.294141,2.0493748,104
0.5361407,0.23773028,-0.7487547,1.5400083,0.25530472,-1.683686,-0.73580855,1.0137371,0.34135756,-2.0592084,-0.73346007,-0.61047184,-1.81648,0.23431885,0.73285633,1.9696604,40
1.3382535,0.36586598,-0.95355344,1.7076415,0.45833734,-1.761848,-0.7411363,1.2946048,0.50157505,-2.55057,-0.93657404,-0.5606073,-2.4386199,0.19928569,0.87754184,2.1989384,40
0.8852448,0.40432686,-0.75612026,1.4777093,-0.072961815,-1.4146957,-0.71845937,0.87986845,0.23468396,-1.9182703,-0.68384576,-0.8595405,-1.8418956,0.24045795,0.7023976,1.9588516,40
0.90190977,0.5691441,-1.2250347,1.3584648,0.20870143,-1.7355819,-0.86750394,1.0078057,0.535138,-2.3971844,-0.86463064,-0.85515887,-1.914967,0.087329894,0.72589076,1.9950767,40
0.8233693,0.6070758,-0.74036986,1.6156682,-0.09321069,-1.4041865,-0.80543643,0.63721985,0.30018383,-2.1325595,-0.63276917,-0.7829084,-1.6873381,0.244519,0.36112583,1.9083767,40
0.4222349,0.349278,-1.0573336,1.2333163,0.046335667,-1.7559773,-0.8529187,1.682852,0.33812356,-2.516965,-1.0490339,-0.69100225,-2.203223,0.40429997,1.1666672,2.1190438,40
0.7871816,0.73470104,-0.81567264,1.7365288,0.009892717,-1.3139379,-0.8108463,0.9628118,0.28992295,-2.31288,-0.5664939,-0.8255998,-1.792797,0.09128547,0.5335619,2.0657465,40
0.7893205,0.57707995,-1.0441885,1.563385,0.01682651,-1.658741,-0.8739999,1.459746,0.23654927,-2.4615924,-0.83458537,-0.87557244,-2.1627612,0.28621644,1.0633101,2.1713188,40
1.9576739,1.3660548,-1.3739038,2.9585605,-1.1962816,-0.5378131,-1.3169825,-1.5080839,0.88871026,-4.553481,-0.013621122,-0.035912618,-1.9586594,-0.5098429,-0.40060768,1.9390976,13
1.2328067,1.0300784,-1.3494653,2.3165889,-0.8068979,-0.4957923,-1.1095773,-1.4033496,0.5451837,-3.4507146,0.1842717,-0.33461058,-1.1625563,-0.3333258,-0.68262756,1.5035274,84
1.1880745,0.99239445,-1.1384882,1.7369908,-0.0449235,-1.5080136,-0.974235,1.1454859,0.4725787,-2.9077032,-0.70160395,-0.90267,-2.2048864,0.1201787,0.6343463,2.2191703,40
2.5263636,1.2294966,-2.1271024,2.981965,-1.394253,-0.8738302,-1.3249991,-1.6549567,0.94361603,-5.5531135,-0.19577223,0.13847221,-2.9787867,-0.29798585,-0.32252002,2.1462607,13
1.9199783,1.3662912,-1.4206564,2.763486,-1.1934186,-0.446361,-1.374938,-1.5280409,0.8278142,-4.3466015,-0.03128028,-0.111244485,-1.8047119,-0.5657909,-0.56706715,1.8374478,13
1.2496748,0.5767911,-0.9961437,1.8098708,0.14984736,-1.706706,-0.7759063,1.3490015,0.287381,-2.5692415,-0.8878734,-0.7848313,-2.3767054,0.31586418,0.8508214,2.2384288,40
0.49739373,0.4088794,-1.1901318,1.2211646,0.012511417,-1.6562166,-0.8698053,1.3923484,0.37240428,-2.5042803,-0.95516896,-0.69700325,-2.1004393,0.34086344,1.0309677,2.040839,40
2.8984697,1.6685759,-2.8857648,2.5340242,-1.3922312,-1.04599,-1.3071742,-1.8007474,1.3050944,-6.60812,-0.13803434,0.21498497,-3.6296546,-0.63714916,-0.35819355,2.1041012,104
0.67316526,0.4674164,-0.706069,1.7302576,0.04342194,-1.4375602,-0.73183686,0.95463395,0.1458016,-2.1303742,-0.5540128,-0.70806223,-1.8055668,0.23300028,0.70219743,1.9774117,40
1.4463067,0.7353049,-0.88964975,1.8169316,0.13595316,-1.4941238,-0.7073376,1.0575179,0.37774068,-2.548194,-0.6981958,-0.75511837,-2.278643,0.1954538,0.6746489,2.1721396,40
0.6772656,0.5888583,-0.684027,1.726019,-0.21420588,-1.2061285,-0.6604457,0.4929971,0.44919878,-2.081843,-0.5966122,-0.87857443,-1.4139265,0.11560549,0.07697797,2.0137963,84
1.0127584,0.6334091,-1.0347482,1.6070176,0.10691711,-1.6590585,-0.9078918,1.2704281,0.18398398,-2.444566,-0.796738,-0.8010933,-2.2026172,0.33648416,0.8874908,2.0885935,40
0.48584425,0.72236496,-0.68868446,1.9364146,-0.2680789,-1.0992053,-0.6694248,-0.02924031,0.5482589,-2.307909,-0.42263836,-0.7738334,-1.1742496,0.0450162,-0.42115554,1.9573522,84
0.45727944,0.44842014,-1.029678,1.5337148,-0.074677154,-1.6546421,-0.89994705,1.4698267,0.23402241,-2.5287356,-0.8647671,-0.8084173,-2.1042128,0.24986154,1.1074281,2.11467,40
0.6141667,0.81331664,-0.66907954,1.2766386,-0.08692776,-1.174644,-0.81474334,0.8646522,0.2849011,-1.9344002,-0.47090787,-0.9186078,-1.6745298,0.18998057,0.5554427,1.8634872,84
0.5008007,0.69795835,-0.98599946,1.5618986,-0.08653306,-1.5326028,-0.9586167,1.2829742,0.29214773,-2.46032,-0.7587719,-0.9225181,-1.8876628,0.18587673,0.78970605,2.141441,40
1.8845235,1.3636875,-1.1450742,2.30829,-1.1937783,-0.46811447,-1.2664809,-1.6335588,0.9244036,-3.7852173,-0.10837427,-0.27427462,-1.7706865,-0.45422146,-0.7189435,1.8139395,13
1.2599525,1.0698774,-1.3105309,2.1840973,-0.91858923,-0.5546966,-1.1558306,-1.42402,0.7882676,-3.5401766,0.052307308,-0.39167625,-1.263842,-0.3798779,-0.71197104,1.5977772,13
0.92574984,0.9773677,-0.88839424,1.3377992,-0.14603141,-1.3820555,-1.0247438,1.192558,0.31021875,-2.2999697,-0.61715925,-1.0440627,-2.0155227,0.17231086,0.80263716,1.9978107,40
2.6391861,1.425581,-2.2604463,3.0514665,-1.4172051,-0.8986016,-1.4060206,-1.7290926,1.1154017,-5.734365,-0.23778477,0.05364068,-2.9207366,-0.26823652,-0.41559112,2.163752,13
1.7847039,1.3090351,-1.105453,2.2391515,-1.2073333,-0.37567785,-1.2918859,-1.6034425,0.880059,-3.759693,-0.08583957,-0.2535926,-1.6825783,-0.38675755,-0.78376764,1.7140194,13
0.9391549,0.74079853,-0.9633106,1.7306083,-0.01642935,-1.5627716,-0.8843016,1.1003755,0.28280976,-2.5046468,-0.75474846,-0.8651288,-2.0607994,0.25010383,0.58845055,2.1306396,40
0.6044143,0.60310876,-1.1169628,1.4220077,-0.1031905,-1.6026511,-0.97810996,1.4837437,0.19396888,-2.5974302,-0.8275486,-0.81685287,-2.174662,0.3336694,1.1717305,2.0633206,40
3.2775755,2.0655625,-3.454216,2.530098,-1.4727638,-1.363778,-1.4554048,-1.9404469,1.6737282,-7.434047,-0.24079156,0.043639764,-4.0800896,-0.6985495,-0.4382286,2.411531,19
0.5980505,0.50740623,-0.6377691,1.455696,0.029062808,-1.3415717,-0.72031444,1.1732236,0.08366074,-1.851508,-0.5516876,-0.8607069,-1.8131574,0.31473494,0.91326493,1.9510294,40
1.1614699,0.8262044,-0.74247813,1.4920986,0.012513846,-1.3502687,-0.7162391,1.035352,0.35964057,-2.2264054,-0.5899183,-0.9052657,-2.0566752,0.25858214,0.636971,2.030132,40
0.27784503,0.6557782,-0.5211046,1.5671811,-0.42075562,-0.8478626,-0.56641084,-0.22089566,0.68824095,-1.7992429,-0.37842882,-0.9032093,-0.806981,-0.018359452,-0.63260734,1.7954096,84
0.71115685,0.7754738,-0.99741864,1.6349694,-0.04647214,-1.4899465,-0.9563637,1.0291522,0.20949729,-2.4639277,-0.65639555,-0.8452241,-1.8955388,0.25738874,0.6191094,2.0189178,40
0.43235022,0.90684366,-0.75645447,1.722112,-0.44183353,-0.8633595,-0.7648114,-0.5830335,0.66318005,-2.2174504,-0.22873448,-0.8141823,-0.87554276,-0.061108656,-0.8737238,1.7524438,84
0.3753724,0.5657223,-0.9437772,1.191509,-0.20699441,-1.4070586,-0.9556416,1.0272032,0.1828296,-2.1003525,-0.55644274,-0.9282592,-1.8135638,0.21045119,0.89993733,1.8055087,84
0.52484775,0.9221899,-0.6679675,1.0131314,-0.21724074,-1.1183324,-0.99533916,0.56852895,0.18073058,-1.7270737,-0.31109855,-1.010343,-1.5213777,0.13655885,0.44492668,1.6498806,84
0.38055205,0.7433005,-0.89308196,0.9978094,-0.21182373,-1.356343,-1.0728142,0.9907468,0.16849867,-1.9420613,-0.51190263,-1.0188984,-1.7425725,0.24339342,0.8384897,1.7334387,84
1.9425365,1.4253256,-1.3153656,1.8474292,-1.2029516,-0.543416,-1.5231237,-1.8651505,0.8537114,-3.657404,-0.2290245,-0.35356957,-1.8905847,-0.4516996,-1.1267271,1.7324363,13
1.2686503,0.9585667,-1.0685483,1.8749524,-0.9968517,-0.48937905,-1.2036798,-1.6109755,0.8277965,-3.2592905,-0.05168271,-0.32517177,-1.3145441,-0.16301362,-0.8593738,1.4602802,13
0.6810326,1.0587695,-0.73637086,0.8566103,-0.27767026,-1.2150555,-1.0874822,0.81212705,0.27828005,-1.8532164,-0.43687102,-1.0809401,-1.7274868,0.21473977,0.57828987,1.669843,84
2.766337,1.5726004,-2.3862576,2.4300294,-1.3479065,-1.0189344,-1.5179033,-1.9503479,1.1148223,-5.258647,-0.41022843,-0.22893882,-2.839927,-0.14152552,-0.9107371,2.062819,13
1.9824177,1.3554891,-1.3251151,1.758732,-1.1716145,-0.5265147,-1.5252111,-1.8214304,0.8704354,-3.6615694,-0.27302435,-0.32674998,-1.9522692,-0.40300125,-1.1607528,1.6921633,13
0.76020294,0.71578646,-0.7477691,1.0854555,-0.060040854,-1.4814694,-0.90922666,1.122459,0.1722345,-1.9081348,-0.643155,-0.9443281,-2.0131536,0.37067965,0.88421506,1.8048476,40
0.5065783,0.62399733,-1.0567448,1.2404863,-0.18429911,-1.5025135,-1.0101533,1.1107371,0.18231176,-2.257435,-0.6258418,-0.90780324,-1.9693408,0.30020544,1.0342591,1.8692832,84
3.253212,2.1831872,-3.3848476,2.5791364,-1.5188773,-1.3742651,-1.7958446,-2.155029,1.7461388,-7.677128,-0.271447,0.21445607,-4.1612883,-0.7121305,-0.5393632,2.388226,104
0.59738004,0.6457058,-0.6729538,1.0934443,-0.08127268,-1.2395188,-0.81110287,0.9054268,0.05045183,-1.6773584,-0.38264626,-0.9748523,-1.7293284,0.32696924,0.836892,1.7368729,84
0.98772746,0.85813504,-0.638846,1.1869628,-0.0074641407,-1.2972975,-0.73971635,0.9197636,0.2868705,-1.9150275,-0.4651887,-0.952289,-1.9050485,0.27145204,0.6551034,1.8331062,40
0.31136125,0.9047843,-0.6183144,1.405868,-0.60921353,-0.67127675,-0.75065744,-0.71109605,0.7682398,-1.9000294,-0.18473236,-0.9408108,-0.6342677,-0.14081714,-1.0261729,1.5852263,84
0.5743938,0.7722228,-0.800262,0.985919,-0.124059066,-1.3627146,-0.9902999,0.9659052,0.084848136,-1.8247619,-0.5147708,-0.9581027,-1.8137819,0.35837817,0.8434441,1.6874253,84
0.3814606,0.9739334,-0.6685379,1.5011667,-0.47301674,-0.7856188,-0.9036086,-0.6721244,0.67961943,-2.029444,-0.20514745,-0.8439918,-0.74792576,-0.12030033,-1.0257568,1.6199906,84
0.3345356,0.70219314,-0.9167824,0.98507047,-0.2791709,-1.244107,-1.1259578,0.8099998,0.1483396,-2.0309498,-0.4036836,-0.9639904,-1.6704547,0.13059993,0.71206385,1.6023551,84
0.39502746,1.0106064,-0.67103297,0.7385931,-0.20546,-1.098682,-1.3454254,0.74692714,-2.0936131e-05,-1.4978724,-0.31894052,-1.0892265,-1.4139903,0.08017263,0.48185664,1.4972733,84
0.31599468,0.88345987,-0.82703376,0.8177389,-0.28780055,-1.1936702,-1.2634137,0.87145346,0.09845613,-1.8069651,-0.37015313,-1.0666488,-1.5763663,0.10603887,0.7390888,1.5529814,84
1.8452655,1.3655612,-1.3437889,1.6357576,-1.1152533,-0.5682921,-1.7054791,-1.9456501,0.7651657,-3.448302,-0.29955974,-0.39346743,-1.8126613,-0.49058115,-1.3687344,1.6685468,13
1.3868086,1.0125504,-1.1308806,1.4583924,-1.0094792,-0.45549172,-1.3623776,-1.7729226,0.8222455,-3.0302358,-0.19516413,-0.40579653,-1.4054816,-0.2015065,-1.1796842,1.4375143,13
0.4763406,1.1075538,-0.73651373,0.4958979,-0.36240268,-1.2323346,-1.4427664,0.5867023,0.19449082,-1.7182766,-0.39598027,-1.0786023,-1.6652578,0.17697412,0.4391055,1.4320464,84
2.6774802,1.5351354,-2.242075,1.959299,-1.3366554,-0.9936142,-1.6356349,-2.0400572,1.0104936,-4.835636,-0.53376806,-0.32069853,-2.7813764,-0.08973895,-1.248023,1.9459301,13
1.9030858,1.2836031,-1.3088508,1.4811363,-1.0638932,-0.58050275,-1.6421134,-1.8701217,0.7991209,-3.3265002,-0.38101453,-0.38418472,-1.8728807,-0.40334946,-1.3835709,1.6425788,13
0.7260925,0.9062586,-0.7628835,0.7891545,-0.18115912,-1.3843255,-1.1648595,0.91257817,0.136904,-1.8225013,-0.5224923,-1.0101819,-1.9269383,0.30816984,0.7597137,1.6124777,84
0.482495,0.76977897,-0.9872256,0.9598756,-0.24461004,-1.2769413,-1.1689988,0.9017268,0.09052822,-2.0063994,-0.42381135,-0.9671743,-1.7577751,0.2372205,0.85264343,1.62287,84
3.1862988,1.9604604,-2.8938344,2.4842987,-1.5243006,-1.1996219,-1.749557,-2.1056366,1.511043,-6.867671,-0.42876518,0.21146913,-3.9655492,-0.5970218,-0.62929845,2.3822002,104
0.5215384,0.7518601,-0.6931069,0.7916306,-0.13189036,-1.2060548,-1.1909254,0.81082225,-0.029544815,-1.561245,-0.35077494,-0.99247104,-1.668539,0.24690834,0.7291849,1.5253656,84
0.7929491,0.9417784,-0.6402825,0.82410705,-0.10851139,-1.3446479,-1.1550763,0.787668,0.20513374,-1.7489679,-0.49433714,-0.99459106,-1.890647,0.21573868,0.54819846,1.6781121,84
0.15238051,0.94310045,-0.6193842,1.2952182,-0.5923122,-0.6269585,-0.99896204,-0.73630315,0.7369676,-1.8101428,-0.1553144,-0.9432202,-0.4778663,-0.30626142,-1.1875648,1.4858868,81
0.51410383,0.9163882,-0.74872255,0.7549257,-0.22621128,-1.2314683,-1.2145345,0.8038155,0.026221812,-1.6678764,-0.38792485,-1.0092168,-1.6670336,0.25216433,0.7386078,1.501438,84
0.3241626,1.0351107,-0.8004474,1.4740527,-0.47762412,-0.733703,-1.1952596,-0.817937,0.62433016,-2.140183,-0.14232604,-0.82278097,-0.6198744,-0.21951973,-1.2645826,1.512518,81
0.30238956,0.69479173,-0.9512034,0.7478534,-0.22866306,-1.1392716,-1.3638866,0.86782956,-0.10306953,-1.7834858,-0.32881203,-0.9540962,-1.5694708,0.11964528,0.71566623,1.3918318,84
0.27645135,0.9826108,-0.7290519,0.56256086,-0.16694693,-1.1493646,-1.563647,0.47425526,-0.044473127,-1.4319249,-0.28436288,-1.0113816,-1.3042248,0.12540247,0.28043252,1.3248866,84
0.15061511,0.90820915,-0.82317823,0.7449026,-0.27360645,-1.0899868,-1.5292945,0.87753284,-0.06936483,-1.5871518,-0.33248127,-1.070236,-1.3561597,-0.051073074,0.58126336,1.4604502,84
1.7800627,1.2964336,-1.3293113,1.630685,-1.0710768,-0.524664,-1.7187924,-1.9023645,0.73659235,-3.491947,-0.28943434,-0.31198335,-1.8293118,-0.48535413,-1.3460937,1.6473365,13
1.4018013,1.0261362,-1.2342885,1.2130426,-0.9320928,-0.4755052,-1.5731606,-1.8666127,0.74161196,-2.9252558,-0.27717465,-0.40844452,-1.4193518,-0.20539576,-1.4521022,1.3732202,13
0.27764046,1.1218524,-0.67656773,0.5249674,-0.3433078,-1.131023,-1.545814,0.5515071,0.06729044,-1.4008462,-0.3107984,-1.1417203,-1.2800705,0.058435097,0.31923088,1.3528081,84
2.6647274,1.4879382,-2.3295462,1.728202,-1.2224554,-0.97924113,-1.8029537,-2.1128862,0.8616821,-4.7326555,-0.5686146,-0.31849247,-2.7895656,-0.10507262,-1.4921753,1.8645113,13
1.8220919,1.2089745,-1.2826165,1.3691608,-0.9911947,-0.5438617,-1.6820946,-1.8551402,0.74561715,-3.24637,-0.3832954,-0.36119327,-1.8441327,-0.3867168,-1.4435575,1.5856329,13
0.57828045,0.90885824,-0.789598,0.81969523,-0.16813098,-1.2938285,-1.44472,0.9210552,-0.053796813,-1.6637925,-0.47681195,-1.0234119,-1.723256,0.1372717,0.6328046,1.566359,84
0.42743146,0.79587775,-0.95526165,0.7278042,-0.26628333,-1.1853535,-1.3577642,0.8259332,0.026272923,-1.9024373,-0.35543454,-0.9332586,-1.7133936,0.18792886,0.76088476,1.4384236,84
3.1235912,1.5140083,-2.6659963,1.9523486,-1.2933393,-1.0476682,-1.7080152,-2.0169137,1.1218709,-5.8973713,-0.6226648,0.15762217,-3.8991067,-0.49808505,-0.93660045,2.2866979,104
0.28419584,0.7824846,-0.7630586,0.77338886,-0.09213789,-1.1603464,-1.379694,0.64650136,-0.044177458,-1.572163,-0.30622786,-0.95624244,-1.3759519,0.17793274,0.4175411,1.4024874,84
0.68485254,0.9485149,-0.7188514,0.7802075,-0.09654331,-1.3655659,-1.3499591,0.595021,0.13230234,-1.6695229,-0.47727904,-0.9921188,-1.6957284,0.2212703,0.32209325,1.5654341,84
0.19024487,1.0479989,-0.8551548,1.2309526,-0.6134127,-0.6620402,-1.2554636,-1.0562447,0.65397406,-1.9088309,-0.058181554,-0.9830925,-0.37152213,-0.33769584,-1.4501922,1.3730243,81
0.37384945,0.94896036,-0.80413043,0.76448154,-0.2094656,-1.1664792,-1.5222178,0.7703341,-0.10944788,-1.576693,-0.35573393,-1.0142568,-1.4749781,0.06701353,0.54173803,1.4475962,84
0.412125,1.1737518,-1.0398959,1.4872545,-0.50376683,-0.7921905,-1.38536,-1.074196,0.6415427,-2.390543,-0.084856614,-0.81215185,-0.64109564,-0.24284443,-1.433804,1.4846798,81
0.20074369,0.76525867,-1.0445515,0.63748693,-0.22394758,-1.1238837,-1.509804,0.68068993,-0.09000175,-1.7906982,-0.3161461,-0.9189032,-1.4522376,0.096873716,0.4975661,1.2898461,84
0.27369308,0.9852375,-0.8087495,0.52242005,-0.13438177,-1.0983803,-1.6364279,0.38759732,-0.16007386,-1.4209856,-0.2465583,-0.9354253,-1.2313676,0.14492676,0.19916707,1.2382338,84
0.1453547,0.97475916,-0.90274954,0.5254205,-0.2885053,-1.0933908,-1.6340566,0.58001596,-0.08108209,-1.5208735,-0.240515,-1.073634,-1.2602388,0.042543247,0.39958835,1.2823969,84
1.9201113,1.3070142,-1.4574622,1.6233791,-0.9847119,-0.5789131,-1.7092967,-1.8083822,0.73931986,-3.6732404,-0.34402508,-0.21832469,-1.9965025,-0.41338277,-1.3314927,1.6510599,13
1.4561131,1.0434164,-1.4744043,1.1797723,-0.8966532,-0.5056888,-1.7665493,-2.0276713,0.63730204,-3.1583397,-0.27225897,-0.37105596,-1.5198617,-0.23518795,-1.6190288,1.3372507,1
0.23643266,1.1483825,-0.7728239,0.42505014,-0.3139682,-1.1181172,-1.6436148,0.41386843,0.082858056,-1.4863765,-0.2921584,-1.069037,-1.2403601,0.114704564,0.16711697,1.2581586,84
2.5566902,1.3624429,-2.1754634,1.4410385,-1.0525446,-0.94978696,-1.693882,-1.9995284,0.7543941,-4.2435017,-0.5677336,-0.3691321,-2.60978,-0.049060985,-1.5500998,1.7498144,1
1.9171733,1.2726,-1.4577192,1.5012063,-0.99400485,-0.5550028,-1.7254655,-1.8334303,0.74781054,-3.6017668,-0.37440962,-0.26002902,-1.9930005,-0.3774924,-1.4079745,1.6194264,13
0.530094,0.92116475,-0.8476824,0.7790183,-0.12493852,-1.295982,-1.5003843,0.7803048,-0.05276777,-1.6586246,-0.4335669,-1.0061003,-1.5873053,0.18829438,0.47185135,1.4820751,84
0.23734082,0.83507216,-0.9828426,0.5936486,-0.26355618,-1.1415356,-1.492248,0.7421867,-0.07837321,-1.6934915,-0.32792056,-0.9574848,-1.4959433,0.11393084,0.63017285,1.3341429,84
3.0419655,1.3200842,-2.6265898,1.6607913,-1.1409727,-0.96086824,-1.7886908,-1.9863694,0.91848266,-5.544099,-0.6953498,0.18558426,-3.8424215,-0.5036496,-1.1676981,2.1436193,104
0.25474638,0.83109015,-0.87861985,0.6793773,-0.089624494,-1.1554632,-1.5197177,0.37918532,-0.051276013,-1.6123035,-0.27421594,-0.9009896,-1.2784693,0.17963338,0.1706349,1.3002388,84
0.6191347,0.9162706,-0.76695305,0.74758255,-0.043728337,-1.3172653,-1.4390678,0.50379866,0.05816284,-1.6398053,-0.44815177,-0.9138158,-1.5576513,0.24077806,0.20465025,1.4644247,84
0.24442507,1.1843909,-1.083477,1.1798664,-0.59345603,-0.6582772,-1.3936405,-1.1711222,0.67934185,-2.201141,-0.002166003,-0.9165545,-0.41342235,-0.32297987,-1.5505762,1.2967938,81
0.31514758,0.9597495,-0.8548127,0.6911528,-0.18342097,-1.152847,-1.5887551,0.58537114,-0.13161217,-1.5565786,-0.2924274,-0.98624384,-1.348391,0.11070588,0.37775707,1.3396984,84
0.49625093,1.3158581,-1.2495563,1.609064,-0.51911366,-0.7830185,-1.4977248,-1.15123,0.64751536,-2.7191515,-0.028683543,-0.74785894,-0.6910032,-0.27632928,-1.4565706,1.4959981,81
0.1041996,0.769786,-0.976793,0.44422162,-0.2543962,-1.0600245,-1.5929239,0.5609283,-0.19072674,-1.6101965,-0.3027898,-0.8969271,-1.3191491,0.13413824,0.4260835,1.1285387,84
0.2964931,1.0487206,-0.8390526,0.51511204,-0.15055278,-1.0955888,-1.64153,0.39053816,-0.064821586,-1.549398,-0.28650442,-0.9111682,-1.2932568,0.1613902,0.15506396,1.275569,84
0.066066,0.98054886,-0.8996654,0.40034747,-0.28295404,-1.015967,-1.7112234,0.48689824,-0.16571893,-1.4707758,-0.21425152,-1.0031062,-1.1556965,0.08546126,0.28780064,1.1311667,84
2.0968976,1.3530592,-1.6816832,1.8317968,-0.9801711,-0.636996,-1.7823911,-1.829962,0.7015032,-4.1051865,-0.36161,-0.0851,-2.2115529,-0.40617907,-1.2863967,1.6962248,13
1.5251157,1.1126019,-1.63105,1.3029659,-0.92955923,-0.45421222,-1.8563709,-2.0642083,0.59414667,-3.4256945,-0.22731276,-0.32409254,-1.5930351,-0.26643866,-1.6459866,1.3535708,1
0.23449712,1.1463765,-0.82179105,0.37353218,-0.29192168,-1.0797255,-1.6610107,0.35230368,0.07367954,-1.537472,-0.2890783,-0.9992175,-1.2260982,0.16802427,0.08654368,1.190152,84
2.4649417,1.3918298,-2.0641005,1.3710985,-1.0456737,-0.8887547,-1.6637335,-1.9171252,0.7740707,-4.144495,-0.54742885,-0.37109146,-2.4973924,-0.02058047,-1.56053,1.6708823,1
2.0502377,1.3396181,-1.6390545,1.6966234,-1.0111941,-0.61534494,-1.7854519,-1.8452575,0.7343187,-3.959019,-0.39325044,-0.16256565,-2.143174,-0.3667127,-1.3715775,1.6664754,13
0.56703347,0.98903793,-0.96637,0.695364,-0.10774089,-1.2644597,-1.5713782,0.6400616,-0.03424628,-1.7589592,-0.40348262,-0.9659835,-1.5461534,0.24454087,0.30397785,1.3984698,84
0.16980492,0.84571433,-0.95667154,0.43515003,-0.26530522,-1.1042259,-1.6188014,0.58949274,-0.19005252,-1.5436904,-0.29927626,-0.9343524,-1.3702126,0.14963992,0.49869984,1.1830992,84
2.8869925,1.3629469,-2.6003687,1.6456085,-1.1765339,-0.8153787,-1.9377503,-2.058248,0.85744995,-5.6821365,-0.6054622,0.23460077,-3.7610657,-0.58775055,-1.2900808,2.0260715,104
0.26120782,0.8841122,-0.9405408,0.6384405,-0.0866098,-1.1261038,-1.5884073,0.2819854,-0.083499745,-1.6470873,-0.262439,-0.8473062,-1.2410378,0.2016575,0.07106282,1.2417254,84
0.6600097,0.95341027,-0.89399767,0.708485,0.0003963858,-1.315416,-1.4889932,0.4519928,0.06705326,-1.7672635,-0.45014775,-0.8410924,-1.5837729,0.31055975,0.1298222,1.422274,84
0.34518528,1.368827,-1.2950698,1.3725865,-0.66259205,-0.64375967,-1.4707513,-1.2429286,0.71642786,-2.6552234,0.06380257,-0.8495576,-0.5103034,-0.32669973,-1.5431185,1.3263175,81
0.30998486,1.0208691,-0.9253811,0.59512186,-0.17578886,-1.1091309,-1.6448636,0.48498946,-0.11187942,-1.6354163,-0.26337126,-0.9521084,-1.2940909,0.15859587,0.23806244,1.2478834,84
0.59296924,1.4315245,-1.3894492,1.7706131,-0.55316794,-0.77209735,-1.5294454,-1.1265872,0.6627835,-3.0177238,-0.02456972,-0.72124493,-0.7661184,-0.2952157,-1.4469137,1.5482979,81
-0.013179243,0.80018383,-0.920388,0.34183902,-0.26962954,-1.005919,-1.6257782,0.5364667,-0.1494879,-1.6177785,-0.33278662,-0.8630476,-1.2371492,0.13923396,0.3303529,1.0541863,84
0.31244338,0.97606486,-0.87959033,0.48044473,-0.069475725,-1.1068909,-1.6628423,0.39485526,-0.17659788,-1.5291364,-0.3149077,-0.8220372,-1.3141456,0.22063607,0.15785384,1.219078,84
-0.05581571,0.9896818,-0.803162,0.32472104,-0.31663027,-0.98019946,-1.6927907,0.48854268,-0.12009604,-1.4353585,-0.25021595,-0.9791316,-1.0910938,0.09006946,0.26423752,1.0968547,84
2.21208,1.3846539,-1.9073348,2.1399684,-1.0040098,-0.652568,-1.859987,-1.884774,0.62457657,-4.567811,-0.32474634,0.052034795,-2.3709083,-0.45705837,-1.2084315,1.7570952,13
1.5742179,1.2360156,-1.7104056,1.4875501,-0.9810139,-0.44460785,-1.8991556,-2.070272,0.559109,-3.5828352,-0.17613746,-0.31898823,-1.5505631,-0.32015905,-1.6342044,1.3712898,1
0.18993588,1.1359609,-0.8088144,0.3518011,-0.29080844,-1.0167521,-1.6558778,0.40145046,0.0051573515,-1.4933317,-0.29790327,-0.9646535,-1.1887978,0.16792122,0.119728,1.1667473,84
2.3994343,1.3742301,-2.0316412,1.4506971,-1.0296686,-0.83044827,-1.6608114,-1.8901634,0.6910783,-4.0915184,-0.5159797,-0.35072482,-2.3756547,-0.040619485,-1.5602336,1.6351802,1
2.1275835,1.3822509,-1.7903414,1.979338,-1.0420113,-0.6174082,-1.8614056,-1.8824649,0.6716423,-4.2993774,-0.35159713,-0.058208227,-2.2287188,-0.42437258,-1.3018453,1.7123432,13
0.5176015,0.968973,-0.95340693,0.647635,-0.09700816,-1.2176371,-1.5708685,0.63218683,-0.077211425,-1.7262654,-0.4203575,-0.91195744,-1.4929805,0.28089592,0.28036088,1.3372813,84
0.10417457,0.8715563,-0.89993685,0.32940584,-0.2745415,-1.0305436,-1.6316581,0.5395846,-0.20508797,-1.4492357,-0.28453553,-0.9228134,-1.2512058,0.16782606,0.40662938,1.0901101,84
2.8771765,1.4199834,-2.5663264,1.675763,-1.1497974,-0.7858277,-2.0170057,-2.065595,0.8048871,-5.5713615,-0.5997107,0.19459556,-3.6348152,-0.6127075,-1.371129,2.013513,104
0.23376153,0.9414207,-0.93126243,0.5905384,-0.1129529,-1.0723574,-1.6116903,0.2591117,-0.065367684,-1.6687796,-0.27944508,-0.83323294,-1.20404,0.1943804,-0.010114081,1.216261,84
0.6752133,0.9699481,-0.93180615,0.6930293,0.03240241,-1.2631575,-1.5273707,0.4480185,-0.010535434,-1.7475972,-0.44969434,-0.79627657,-1.545631,0.3365984,0.096200764,1.3943399,84
0.36003911,1.4351785,-1.4165337,1.5256637,-0.68525434,-0.6269411,-1.53895,-1.2738564,0.7245716,-2.9993174,0.07447708,-0.75513613,-0.5757249,-0.3395457,-1.5492139,1.3273146,81
0.24710618,0.998214,-0.9113865,0.5488122,-0.15875812,-1.0875089,-1.6536977,0.49870956,-0.12072702,-1.6417651,-0.2999132,-0.90015334,-1.2649416,0.19159326,0.20776588,1.2036158,84
0.72128886,1.5141234,-1.557015,1.9071676,-0.564238,-0.78761506,-1.5535822,-1.1143907,0.67233944,-3.3119767,-0.03234309,-0.6768768,-0.8877996,-0.27738678,-1.4444082,1.5957487,81
-0.08350879,0.81317884,-0.92046165,0.23529977,-0.24204022,-0.987175,-1.671083,0.53309697,-0.13797174,-1.6688428,-0.3537573,-0.80361754,-1.224056,0.18733254,0.28757155,0.97864103,84
0.3716269,0.9824171,-0.91355294,0.5055777,-0.053751886,-1.0958867,-1.6741631,0.47308087,-0.22926582,-1.5563341,-0.35355222,-0.78803545,-1.3757814,0.22055247,0.21243942,1.2601019,84
-0.11219505,0.9898147,-0.80894935,0.22593921,-0.30165303,-0.95630044,-1.7289917,0.47570068,-0.11451529,-1.4809579,-0.28073874,-0.9093593,-1.0982416,0.13410969,0.22526547,1.0275367,84
2.331678,1.4691937,-2.2529056,2.500626,-1.0084891,-0.70770735,-1.9544036,-1.932718,0.6301964,-5.253774,-0.2508139,0.19818519,-2.5656319,-0.47228116,-1.0962985,1.8260372,13
1.6340535,1.3096378,-1.8187816,1.5927678,-0.9794698,-0.46629933,-1.9501696,-2.0758822,0.5761168,-3.8290243,-0.16946924,-0.25655457,-1.6017624,-0.30750722,-1.6254277,1.3583487,1
0.16586973,1.106203,-0.83637655,0.30869055,-0.24809793,-1.033457,-1.6892302,0.42230344,0.02215454,-1.5692053,-0.33049282,-0.8977384,-1.2389964,0.20687157,0.13576013,1.1498835,84
2.299234,1.4026563,-1.9821562,1.619716,-1.0555285,-0.70943546,-1.6940489,-1.877372,0.6363419,-4.088995,-0.4321972,-0.33226418,-2.202283,-0.1050468,-1.5272143,1.6111811,13
2.2410388,1.4060408,-2.0254245,2.249487,-1.0259621,-0.63733804,-1.9252605,-1.900248,0.62951213,-4.739512,-0.30640814,0.07698281,-2.380224,-0.44547334,-1.2039464,1.7545311,13
0.45715457,0.9785966,-0.92410994,0.57066405,-0.12716879,-1.1633948,-1.5831919,0.65197474,-0.07619597,-1.7062528,-0.43929946,-0.87896395,-1.4696095,0.30795094,0.28891304,1.2890475,84
0.04217793,0.88190746,-0.88219064,0.24890846,-0.26664084,-1.0028853,-1.6390042,0.5048203,-0.1722355,-1.4739327,-0.30781233,-0.87631875,-1.2125453,0.1954838,0.33742943,1.0306689,84
2.9368293,1.5274187,-2.6466172,1.7715853,-1.1721725,-0.76664406,-1.9965653,-2.07113,0.84354293,-5.728067,-0.5352582,0.18799154,-3.629725,-0.63684165,-1.3135386,2.018602,104
0.2647429,0.9199131,-0.99349076,0.5641351,-0.07365789,-1.0908341,-1.6441321,0.25733528,-0.15764292,-1.6515777,-0.32351238,-0.7884414,-1.2307316,0.2217103,-0.025688909,1.2115004,84
0.71274346,0.9626641,-0.9611247,0.66728365,0.056772083,-1.2411823,-1.5568206,0.44900215,-0.10932176,-1.6855998,-0.44883054,-0.7718393,-1.5498089,0.34138277,0.13934058,1.3833046,84
0.39899027,1.5121895,-1.549023,1.6413509,-0.6921532,-0.61312807,-1.6187668,-1.3059098,0.74146,-3.2899477,0.0963822,-0.6859699,-0.6299396,-0.34547865,-1.5734379,1.3370826,81
0.21555744,1.0077491,-0.9043101,0.4950022,-0.17728761,-1.0494028,-1.6666288,0.5143217,-0.122399494,-1.6397102,-0.32644638,-0.86473584,-1.2614834,0.21357867,0.20376042,1.1750125,84
0.83816415,1.547976,-1.7240964,2.0801516,-0.5238303,-0.83435124,-1.6008632,-1.0913777,0.6449722,-3.578307,-0.057371706,-0.60707015,-0.9893971,-0.27087307,-1.4131849,1.6615443,81
-0.11713712,0.8629205,-0.8968549,0.19211084,-0.23869851,-0.9849892,-1.6800816,0.5779357,-0.06747691,-1.7067609,-0.42631736,-0.81655645,-1.1935745,0.191098,0.26880383,1.0196704,84
0.42016572,0.92915237,-0.9552275,0.57017255,0.05532314,-1.1778919,-1.6285949,0.7041815,-0.22134621,-1.6702256,-0.47110403,-0.7395242,-1.5050677,0.25554794,0.36588156,1.3621563,84
-0.09181215,1.0186458,-0.82452786,0.21286595,-0.28732407,-0.93575966,-1.7424269,0.49341935,-0.10670827,-1.5055908,-0.31678498,-0.90126026,-1.087648,0.13752048,0.21430871,1.0566088,84
2.572504,1.6270273,-2.6374855,2.777989,-1.0049387,-0.82044065,-2.03033,-1.9900849,0.68725735,-5.871454,-0.25541198,0.24080504,-2.8030076,-0.48196688,-1.0476706,1.9668423,13
1.7523686,1.4384924,-2.003544,1.7929851,-1.0006641,-0.46215567,-2.045043,-2.097742,0.54190123,-4.110455,-0.13636208,-0.22017291,-1.6482067,-0.34728053,-1.6227288,1.4156518,1
0.2521807,1.0963103,-0.8809892,0.3389852,-0.2109765,-1.0510792,-1.6805387,0.4476313,-0.034427747,-1.5304472,-0.3617529,-0.88166994,-1.2655987,0.21964154,0.19094574,1.2025336,84
2.256995,1.4276267,-2.0751905,1.8036634,-1.0225918,-0.66200125,-1.7768424,-1.8944099,0.56948817,-4.2005653,-0.3790864,-0.28807008,-2.0837023,-0.115186825,-1.5262427,1.5960962,1
2.418042,1.5206293,-2.3115606,2.5284734,-1.0606142,-0.70097053,-1.9922881,-1.9492178,0.6810602,-5.260873,-0.3041704,0.12286727,-2.5669541,-0.4693814,-1.133157,1.8796628,13
0.48202336,0.94832647,-0.98039806,0.5553662,-0.07458747,-1.1787173,-1.6179636,0.65819794,-0.1606331,-1.6595247,-0.48223233,-0.84002054,-1.4577615,0.32737732,0.28870076,1.2924311,84
0.013572589,0.93241364,-0.85850936,0.19425046,-0.27284634,-0.98929524,-1.6452138,0.5578218,-0.07035725,-1.5532849,-0.35526517,-0.86484563,-1.2191038,0.20636639,0.3316562,1.039461,84
3.0941658,1.5787411,-2.94538,1.8341209,-1.0716649,-0.84144753,-2.0563564,-2.1220608,0.830464,-6.016627,-0.51634526,0.23336248,-3.75612,-0.6325355,-1.3039153,2.0379694,104
0.34386188,0.9011095,-1.0521797,0.6064393,-0.0029569566,-1.1421598,-1.6586151,0.41278666,-0.22371401,-1.6941009,-0.41949356,-0.7503859,-1.3340683,0.2462849,0.074067876,1.2883991,84
0.80366474,0.93086755,-1.0383978,0.6749176,0.1318546,-1.2813604,-1.573611,0.5286203,-0.17341153,-1.7153373,-0.5162797,-0.7243522,-1.6331042,0.3827741,0.19935638,1.4103953,84
0.42778355,1.5558532,-1.6231441,1.7314333,-0.6732992,-0.625186,-1.6660347,-1.2845553,0.7727615,-3.494975,0.07135555,-0.63994014,-0.67010957,-0.34199774,-1.5607615,1.3801183,81
0.24288501,0.9930591,-0.9382711,0.4783535,-0.14382543,-1.0449618,-1.6881273,0.5358975,-0.1956325,-1.5923219,-0.36207682,-0.83634,-1.2543657,0.23394942,0.226311,1.1843469,84
0.887147,1.5613774,-1.7529808,2.2359009,-0.4957547,-0.8646001,-1.5483005,-0.9405608,0.7288215,-3.8054175,-0.14156394,-0.58663946,-1.0634145,-0.26942313,-1.2941635,1.7823181,84
-0.11551502,0.8678338,-0.8829098,0.20326757,-0.2144827,-1.0378214,-1.6325531,0.651025,0.043779448,-1.826429,-0.5408349,-0.82153285,-1.2441896,0.19995943,0.31304038,1.1073264,84
0.54659253,0.8649636,-0.97350115,0.7158849,0.13729212,-1.3195261,-1.4924326,0.86688054,-0.13427688,-1.8094896,-0.6508535,-0.7455404,-1.6567461,0.3038701,0.5267212,1.5512266,84
-0.06715308,1.0098144,-0.82549125,0.20470864,-0.26544353,-1.0135514,-1.6912966,0.53344756,-0.008056432,-1.598036,-0.44048586,-0.92098206,-1.1388159,0.15565427,0.2663012,1.1473886,84
2.7016094,1.7451121,-2.9275863,3.0053573,-1.015083,-0.91642374,-2.0253382,-2.0281806,0.77715325,-6.39201,-0.2554313,0.24511243,-2.9500723,-0.47387403,-0.9701399,2.0762746,13
1.7685789,1.5632439,-2.143035,2.0924654,-1.0470802,-0.43544865,-2.1304798,-2.0673075,0.5326644,-4.4820304,-0.078205675,-0.16510081,-1.6491406,-0.39371434,-1.557539,1.4804064,1
0.26627207,1.0950942,-0.8496121,0.4040544,-0.20245847,-1.0740607,-1.5986342,0.6274398,0.051180556,-1.6253338,-0.47636122,-0.88688254,-1.3414749,0.209003,0.33148307,1.334815,84
2.2709696,1.4199082,-2.0094995,1.8161758,-0.97157145,-0.7155485,-1.6310878,-1.8591273,0.69856,-4.130294,-0.45610693,-0.31969902,-1.9996725,-0.11358401,-1.4132557,1.637645,13
2.5628183,1.6154355,-2.5811162,2.815783,-1.1259097,-0.80239147,-2.0145183,-2.0448823,0.7465946,-5.7656207,-0.32364595,0.12975748,-2.726531,-0.4800296,-1.0546715,2.0110536,13
0.49095714,0.9320005,-0.9489051,0.5534504,-0.052936427,-1.2340958,-1.5530779,0.79715925,-0.06856607,-1.737214,-0.6272833,-0.8541002,-1.5155181,0.3470688,0.39746904,1.3925536,84
-0.04228492,0.92610353,-0.8416154,0.2032407,-0.25394925,-1.0182049,-1.5959272,0.6922084,0.012871131,-1.6607964,-0.466765,-0.87353534,-1.2331929,0.19242525,0.40755534,1.1363045,84
3.2094266,1.5998117,-3.2785769,1.988892,-1.0006142,-0.9900064,-2.1071396,-2.258407,0.8424091,-6.426907,-0.50471634,0.2976423,-3.89686,-0.633602,-1.2475307,2.0753477,104
0.3898368,0.8446242,-1.0291505,0.6911813,0.079229265,-1.2370849,-1.5514822,0.6650951,-0.14835702,-1.8151393,-0.58528876,-0.74559385,-1.4651283,0.2902465,0.27719977,1.4368228,84
0.88638824,0.88196546,-1.0650483,0.83713114,0.21188128,-1.3518673,-1.4373636,0.76622474,-0.13561486,-1.8055577,-0.63926136,-0.73651946,-1.7237948,0.37690994,0.38084006,1.590841,84
0.4613049,1.594785,-1.6342238,1.8535434,-0.6946013,-0.6202947,-1.621721,-1.2120607,0.8356753,-3.6474452,0.017500103,-0.6414674,-0.70278925,-0.36492574,-1.4772775,1.491863,81
0.2787341,0.9765958,-0.9414657,0.48949885,-0.1053202,-1.1196516,-1.6455269,0.6378165,-0.1168998,-1.6859272,-0.5083517,-0.8481969,-1.3183753,0.25094038,0.2950094,1.2877291,84
0.99882954,1.5168185,-1.525418,2.1756282,-0.53393567,-0.8775388,-1.2921696,-0.9602902,0.95117384,-3.6390145,-0.21330068,-0.6171724,-1.1079522,-0.27738577,-1.0520669,1.8511533,84
0.06467706,0.8749222,-0.93900037,0.31611907,-0.1834985,-1.0790473,-1.5304127,0.73857826,0.07028864,-1.866647,-0.62224644,-0.8485943,-1.3205557,0.22148791,0.40241212,1.2479991,84
0.8106026,0.7465122,-1.0858858,0.9740226,0.25776702,-1.5153114,-1.327529,1.0214317,-0.06266327,-2.0151248,-0.82332665,-0.6950033,-1.9155656,0.40076396,0.7432713,1.7584423,84
0.089656666,0.99177116,-0.90852207,0.29483205,-0.21177693,-1.1050582,-1.6086307,0.59792453,0.03471318,-1.6965338,-0.5564877,-0.9252715,-1.2389591,0.18928966,0.33569127,1.2652271,84
2.857709,1.8253272,-3.1700578,3.1681633,-1.011801,-1.0686193,-1.9327433,-1.9839401,0.9255029,-6.79597,-0.30566174,0.22279774,-3.1141806,-0.3951712,-0.8563467,2.1775486,13
1.8784863,1.611611,-2.2868626,2.3370442,-1.0778886,-0.49178958,-2.1483219,-2.0585308,0.57381636,-4.8011446,-0.12796901,-0.13178828,-1.7492661,-0.38260585,-1.4825661,1.588463,1
0.42023838,0.9953138,-0.95801663,0.57762897,-0.071604006,-1.2056468,-1.4675529,0.7671275,0.08349523,-1.756869,-0.6069218,-0.83636135,-1.4782938,0.2636702,0.4613765,1.4856609,84
2.332143,1.5868332,-1.9974178,1.8431159,-1.0712514,-0.7618849,-1.5362239,-1.9039595,1.0076468,-4.438163,-0.45962772,-0.3260264,-2.0884554,-0.17364722,-1.2604787,1.6962254,13
2.7190292,1.6850954,-2.79878,3.0150185,-1.1966333,-0.867305,-1.9767368,-2.0509267,0.8312746,-6.160198,-0.36299056,0.16337974,-2.8949888,-0.41576007,-0.97171944,2.086163,13
0.67215014,0.83062994,-1.00464,0.6852305,0.037592486,-1.3826517,-1.4205077,0.8872821,-0.0009979308,-1.8573667,-0.8061653,-0.83697456,-1.6776099,0.40863225,0.53371984,1.5506938,84
0.072177455,0.8929898,-0.89465696,0.2910015,-0.22545275,-1.0941637,-1.5192401,0.7301259,0.06748563,-1.7627141,-0.5883619,-0.8743304,-1.3289882,0.22372162,0.47261643,1.2598144,84
3.212513,1.7616987,-3.4224803,2.1729717,-1.1835289,-1.0059029,-2.071202,-2.300109,1.0694045,-6.9023585,-0.4728614,0.29341555,-3.993044,-0.6922918,-1.129385,2.1547194,104
0.6403444,0.7522331,-1.110287,0.90908253,0.18672454,-1.416916,-1.4123015,0.79432636,-0.0741957,-1.980117,-0.7777071,-0.7284801,-1.6794184,0.36386117,0.45130116,1.6409283,84
1.0621104,0.77781934,-1.1354005,1.0745728,0.32042423,-1.5498382,-1.2740343,0.9740344,0.005168855,-2.0345552,-0.85377043,-0.71125895,-1.9503077,0.43059945,0.57924175,1.8253794,84
0.6351285,1.5605768,-1.7752192,2.0135746,-0.6440852,-0.7254726,-1.5900946,-1.2121779,0.8315782,-3.8123727,-0.060203075,-0.60292375,-0.8249517,-0.30737984,-1.405942,1.5796045,81
0.44158643,0.90547305,-1.019609,0.6152992,-0.013784364,-1.2512602,-1.5158982,0.7488259,-0.055635795,-1.8184247,-0.6586963,-0.8412517,-1.4585627,0.29965723,0.41148424,1.4416002,84
1.3237709,1.5662608,-1.5773878,2.2771554,-0.6330677,-0.9326914,-1.1339091,-1.117684,1.1588743,-3.9377477,-0.21582893,-0.5079854,-1.3875188,-0.23620255,-0.80626476,1.9224776,84
0.29544556,0.84659773,-1.0430697,0.46996486,-0.100855865,-1.1863381,-1.4387283,0.8899395,0.10229072,-1.97595,-0.7450266,-0.82539356,-1.4943708,0.30114242,0.52757144,1.3893675,84
1.1107073,0.6329698,-1.2581283,1.3447653,0.4317716,-1.7046949,-1.1122824,1.3229153,-0.020166963,-2.2915254,-1.0172693,-0.6125513,-2.2100294,0.49080878,0.95258194,2.042523,40
0.31853378,0.9582257,-1.0501418,0.47088587,-0.1207716,-1.2163458,-1.5240438,0.7450771,0.07388468,-1.8640845,-0.66372335,-0.8702386,-1.4368453,0.26759088,0.44085276,1.4038215,84
3.1548247,1.626956,-2.5740716,2.5322394,-0.9329654,-1.1752009,-1.3548162,-1.7643391,1.2807918,-5.859431,-0.65378904,0.22467874,-3.3234217,-0.36207888,-0.5626998,2.194542,104
2.0731583,1.7413266,-2.2000349,2.3802028,-1.1401277,-0.5427745,-1.9572737,-2.0611467,0.8614599,-4.8625727,-0.16776937,-0.14925972,-1.8365277,-0.4635047,-1.256284,1.7042223,13
0.69786114,0.8795777,-1.1098483,0.8556944,0.0662425,-1.3922021,-1.291656,0.938704,0.11687455,-1.9686996,-0.7594352,-0.7584909,-1.7429736,0.3667288,0.6663863,1.7020414,84
2.4352722,1.7265137,-2.0931702,2.0401,-1.171484,-0.7400994,-1.4703836,-1.9322081,1.1455961,-4.8624325,-0.36610022,-0.22143997,-2.2287424,-0.24306087,-1.0327829,1.757505,13
3.0081196,1.5036494,-2.307622,2.5205522,-1.0762881,-0.9480193,-1.3910635,-1.753054,1.1899791,-5.408467,-0.6404991,0.18118276,-3.1086595,-0.4042423,-0.6109599,2.1618924,104
0.9431259,0.72364694,-1.1537726,0.9555875,0.17915821,-1.5571737,-1.2456882,1.0873278,0.087283835,-2.1082997,-0.97542894,-0.76810575,-1.9466938,0.49205887,0.7115739,1.7588297,84
0.3069505,0.8684359,-1.0129942,0.40356004,-0.16156915,-1.2081003,-1.441124,0.81718206,0.1290791,-1.89521,-0.70341146,-0.8443753,-1.5153433,0.30963835,0.5659608,1.3859078,84
3.1162043,1.8473679,-3.4215958,2.3268943,-1.3128265,-0.9089775,-2.0249925,-2.2372715,1.2133667,-7.1265383,-0.4403533,0.31696618,-3.9224477,-0.70391506,-1.0375772,2.1586282,104
0.9375697,0.6390457,-1.2515954,1.2548265,0.32239115,-1.6138909,-1.2020056,1.0193892,-0.0035233945,-2.2363849,-0.9495137,-0.655025,-1.9779087,0.4534058,0.6873162,1.9005561,84
1.2961172,0.6193537,-1.2396661,1.4246495,0.44662383,-1.7617494,-1.0461526,1.1952673,0.102236375,-2.2824845,-1.0512233,-0.6389837,-2.229286,0.52373576,0.8336202,2.085608,40
0.80311,1.5840914,-1.6131655,1.9423248,-0.73885536,-0.7342903,-1.3463402,-1.311656,1.057667,-3.6851869,-0.07594113,-0.627894,-0.9268436,-0.30913615,-1.1842656,1.6525455,84
0.6993683,0.81150365,-1.1415678,0.8350885,0.08842933,-1.439526,-1.3573945,0.9196572,0.027023911,-2.0314875,-0.8413325,-0.79435885,-1.7280953,0.39575318,0.6004103,1.6398379,84
1.6416619,1.6594461,-1.644692,2.477034,-0.7721423,-0.84307337,-1.0279793,-1.2236395,1.1587052,-4.177185,-0.15326679,-0.4255725,-1.5412109,-0.25705445,-0.56172925,2.02483,13
0.5815704,0.90692675,-1.0029321,0.78026044,-0.24830201,-1.1295625,-1.0889208,0.61000204,0.2632795,-1.97146,-0.68414766,-0.8260498,-1.4747255,0.27219546,0.55448425,1.5822996,84
1.3207077,0.5364285,-1.1240281,1.6233958,0.23925805,-1.5986439,-0.81216633,1.0822266,0.26629144,-2.417808,-0.96904147,-0.49313188,-2.2888918,0.41685116,1.0622115,2.1536396,40
0.5326677,0.9249073,-1.102605,0.75748146,-0.041540384,-1.325861,-1.358043,0.90625215,0.13065657,-2.0005116,-0.8158054,-0.83748096,-1.5985898,0.3104277,0.55735147,1.6491702,84
3.3718724,1.6982255,-2.5204856,2.3446074,-0.98531985,-1.1668854,-1.1420891,-1.5928432,1.406809,-5.9040914,-0.76007104,0.2529469,-3.6067276,-0.35396588,-0.40140793,2.2965014,104
2.2927878,2.0286348,-2.357346,2.6049004,-1.3137772,-0.53814036,-1.9355841,-2.1230733,0.9986048,-5.386682,-0.122082815,-0.12523906,-2.034889,-0.50110114,-1.1042467,1.8603407,13
0.91934556,0.7617687,-1.2265565,1.1991469,0.19956583,-1.549654,-1.0943407,1.2086538,0.15331979,-2.2010236,-0.9438942,-0.6806484,-1.9932063,0.4399032,0.8489937,1.969943,40
2.48102,1.897602,-2.1291888,2.3531265,-1.3591758,-0.5398565,-1.44859,-1.8874168,1.1148145,-5.196318,-0.2500009,-0.18052095,-2.2918105,-0.34354493,-0.86398697,1.894032,13
3.3743815,1.7046217,-2.4391315,2.5011387,-1.2135359,-1.0189869,-1.1936917,-1.6240773,1.4344977,-5.902137,-0.7763397,0.2420805,-3.623399,-0.4073212,-0.39612287,2.3938386,104
1.1630881,0.59804976,-1.260452,1.2884437,0.2781137,-1.6866319,-1.0407069,1.2466383,0.10325042,-2.27786,-1.123424,-0.67371005,-2.1504428,0.55807894,0.879929,1.9877561,40
0.516536,0.8186715,-1.102733,0.6569077,-0.07186487,-1.3110089,-1.3218715,0.9406273,0.13924706,-2.0074134,-0.8301348,-0.7830312,-1.6659918,0.36480767,0.65467876,1.5696236,84
3.2780778,1.6606497,-3.0068288,2.2345443,-1.2730826,-1.0112464,-1.5041583,-2.008325,1.3926548,-6.5557003,-0.68132603,0.3040222,-3.9965515,-0.70448565,-0.66066146,2.32437,104
1.1999072,0.577099,-1.1931484,1.5661495,0.1474601,-1.5760456,-0.8646967,0.79223245,0.24495146,-2.4318027,-0.9057482,-0.57603115,-2.1334918,0.42757374,0.8615124,2.0712361,40
1.5329804,0.45761567,-1.1573223,1.7089034,0.28901118,-1.7354306,-0.6844449,1.0082471,0.30502546,-2.370975,-1.0563362,-0.5546261,-2.4069512,0.51467043,1.0813353,2.2834077,40
1.0658814,1.7212359,-1.7145451,2.1513615,-0.87633514,-0.66956955,-1.2719924,-1.4222326,1.0603905,-3.954246,-0.0052421987,-0.5413741,-1.0619224,-0.31962538,-0.98860216,1.7565055,84
0.94503456,0.7145428,-1.2487699,1.1673752,0.198021,-1.5922604,-1.1477273,1.1011271,0.08493248,-2.230209,-1.0071589,-0.7246948,-1.9533775,0.47267348,0.75359863,1.8946825,84
1.9069182,1.7740266,-1.8894919,2.7490025,-0.92856085,-0.6795991,-1.0854226,-1.3042321,1.0407627,-4.7117577,-0.020395517,-0.26320857,-1.7009287,-0.2878341,-0.41629145,2.0215726,13
0.48721433,1.0547413,-1.141321,1.1236354,-0.3545696,-1.0528771,-0.96626276,0.11684282,0.4509289,-2.3663254,-0.41661617,-0.7724959,-1.2325003,0.18726164,0.26750663,1.6176049,84
1.1937232,0.5638674,-1.1190817,1.4866772,0.17287761,-1.4703674,-0.7117055,1.1829021,0.15582901,-2.2548423,-0.81820244,-0.6564856,-2.1464632,0.42933178,1.2822115,2.1472185,40
0.6564032,0.88790286,-1.0275565,1.0307033,-0.2161385,-1.2859477,-1.0708988,0.66974527,0.34428927,-2.1992311,-0.71235573,-0.75163627,-1.7050292,0.28803992,0.71535283,1.7604129,84
3.1024418,1.8703,-2.3499138,2.0376577,-1.1782156,-0.94151753,-1.1573603,-1.6675099,1.3956676,-5.715819,-0.61677766,0.16846074,-3.3549094,-0.4157167,-0.5123304,2.1545975,104
2.465256,2.1737306,-2.4197195,2.7722182,-1.3818092,-0.4471749,-1.8252788,-1.9948635,1.002118,-5.703287,-0.04888557,-0.09025924,-2.1842313,-0.50145674,-0.938288,1.9397752,13
1.0221037,0.66606456,-1.1197826,1.3777505,0.039628893,-1.4933478,-0.87725246,1.0106934,0.302296,-2.2955675,-0.86925113,-0.57451004,-2.099428,0.46210855,1.0449858,2.030329,40
2.514231,1.9888567,-2.373256,2.6083784,-1.4968172,-0.3684379,-1.5339079,-1.9502008,0.94440836,-5.7039604,-0.10227735,-0.06909937,-2.4275877,-0.3421333,-0.814584,1.9000343,13
3.4157043,1.9947965,-2.6756127,2.720746,-1.3141283,-0.9601517,-1.3227513,-1.6000524,1.4094198,-6.4856925,-0.65832615,0.22589652,-3.688422,-0.4649587,-0.40717864,2.470907,104
1.1542342,0.4938511,-1.2124981,1.3912427,0.12014136,-1.6632866,-0.88647366,0.9922226,0.27448153,-2.4621954,-0.9903394,-0.5169872,-2.2794144,0.5483692,1.0621696,1.9765366,40
0.6607296,0.8928135,-1.0471401,1.0749971,-0.30959308,-1.1547643,-0.865381,0.32056284,0.40608263,-2.0793257,-0.55935496,-0.7755624,-1.4126909,0.26235542,0.49218208,1.7034619,84
3.3935847,1.8951755,-3.1477673,2.3606076,-1.4276356,-1.0620391,-1.4555411,-1.9926448,1.4633743,-6.8684797,-0.671113,0.24436925,-4.0994186,-0.70449406,-0.59414357,2.429869,104
1.1116562,0.53812015,-1.1608394,1.5433197,0.10166451,-1.4738114,-0.70217735,1.0182774,0.1779718,-2.3427958,-0.80009687,-0.67554647,-2.0987818,0.424612,1.1682227,2.1282723,40
1.3682075,0.43657038,-1.1129125,1.6885933,0.20181018,-1.6136056,-0.5668024,1.0558548,0.29357627,-2.3137748,-0.92418647,-0.64101774,-2.2985005,0.46251893,1.254015,2.3112035,40
1.3318586,1.811209,-1.8207574,2.3298335,-1.0117006,-0.579324,-1.2208447,-1.4705977,1.0244186,-4.2888894,0.07746261,-0.4222203,-1.2311981,-0.27634066,-0.80100685,1.7699312,13
1.0686874,0.64869833,-1.2040191,1.3705747,0.021784455,-1.5420926,-0.8881281,0.87996143,0.26697186,-2.403994,-0.8795247,-0.6249044,-2.1044345,0.45583016,0.967684,1.9709811,40
1.964382,1.8129162,-2.4190843,3.1542916,-1.0799547,-0.5645305,-1.4336383,-1.5394344,0.79291254,-5.636744,0.14774299,0.009776354,-1.8859674,-0.39228946,-0.4198114,1.9442044,13
0.34983152,1.2780823,-1.3212562,1.6734661,-0.574126,-0.7495253,-0.82438517,-0.66511506,0.72612286,-2.9062722,-0.12253612,-0.64302194,-0.71441066,-0.10103703,-0.5285666,1.6853983,84
0.8411111,0.47683427,-1.090237,1.1800883,0.106093526,-1.3427812,-0.7565553,1.0524468,0.059565455,-1.9642302,-0.73358905,-0.70337635,-1.9030739,0.36436868,1.2616494,1.9949733,40
0.5683878,0.84188855,-1.0697162,1.1343213,-0.18759763,-1.2859612,-0.97443044,0.712166,0.26767248,-2.199082,-0.59312475,-0.784293,-1.6235727,0.35389602,0.8454581,1.7913549,84
3.071149,1.8212894,-2.6150136,1.95234,-1.2806394,-0.86676425,-1.214009,-1.829323,1.2115352,-6.0287867,-0.4706289,0.30322373,-3.5840797,-0.4306991,-0.4876218,2.1891217,104
2.5886421,2.2208686,-2.6651309,3.0180693,-1.4176968,-0.41338554,-1.7998426,-1.9683242,0.91657436,-6.209584,0.076612055,-0.021155149,-2.405366,-0.5338043,-0.785486,1.9888309,13
0.93379897,0.59491277,-1.1587286,1.3318127,0.06404327,-1.4342546,-0.76687014,1.1128129,0.1777351,-2.1742196,-0.7370964,-0.6587039,-1.9938618,0.49074823,1.2397504,2.0240195,40
2.5453994,2.1661994,-2.8282804,2.8696752,-1.6573344,-0.46330127,-1.8518655,-2.3307111,0.94928944,-6.6218343,0.029206395,0.041227594,-2.6989758,-0.37301368,-0.88231283,1.9437348,13
3.3580008,2.220117,-3.067056,2.7541485,-1.4262148,-0.86011416,-1.642478,-1.8749682,1.2157652,-7.0442634,-0.37772685,0.30178654,-3.7173345,-0.53093076,-0.5500427,2.3723412,104
0.98233885,0.50703454,-1.1986836,1.2936374,0.07276328,-1.5117035,-0.7524074,1.0351099,0.12665483,-2.246348,-0.79627,-0.65196294,-2.0662122,0.5702292,1.1945045,1.9592228,40
0.43626988,1.1406493,-1.2287205,1.532376,-0.48598617,-0.89395463,-0.7773676,-0.5627947,0.7394085,-2.6891901,-0.23707268,-0.6029214,-0.8890538,0.023076117,-0.37370384,1.7113957,84
3.3558185,2.0929708,-3.3057501,2.4679117,-1.5209042,-1.0785809,-1.5376403,-2.0430958,1.4053224,-7.160941,-0.550758,0.17086737,-4.027509,-0.67444736,-0.6426292,2.3767781,104
0.887901,0.4041075,-1.2375745,1.2734311,0.14970079,-1.4579219,-0.76520216,1.0243399,0.033266976,-2.1650634,-0.746282,-0.6658067,-2.0090456,0.42503017,1.2719026,1.979176,40
1.1358268,0.365607,-1.1938509,1.4038149,0.20038632,-1.5339055,-0.66166866,1.0236899,0.15128227,-2.164651,-0.81963825,-0.643387,-2.2012866,0.43968552,1.3149302,2.1445637,40
1.4822115,1.8435621,-2.103015,2.6137366,-1.1607099,-0.45984328,-1.3773363,-1.6531218,0.8452354,-4.8427005,0.24406594,-0.21285675,-1.3608048,-0.33144695,-0.70746386,1.6830269,13
0.9154783,0.5885572,-1.207198,1.3570416,0.026381671,-1.469275,-0.77133656,0.9938172,0.14037314,-2.2707062,-0.76123995,-0.7009074,-1.978116,0.47624868,1.142277,1.9942112,40
1.8757828,1.9125808,-2.7030008,3.203329,-1.3923727,-0.4509715,-1.8887296,-2.0410423,0.69455916,-6.136101,0.2006247,0.17569248,-1.9586587,-0.570576,-0.6814709,1.9230963,13
0.3377965,1.4931998,-1.6244359,1.779981,-0.74485946,-0.59301615,-0.98830193,-0.9311476,0.7196275,-3.1910121,0.00757882,-0.6585141,-0.54158455,-0.2742607,-0.77215135,1.7120132,84
0.6677236,0.6077429,-1.3163031,1.096402,0.026624113,-1.2595048,-0.865956,0.88907915,-0.05857475,-1.9866014,-0.61746025,-0.76297015,-1.7402982,0.2840347,1.1073685,1.9415364,84
0.43575072,0.82156026,-1.1035179,0.9209261,-0.16316694,-1.1875267,-1.011097,0.7791032,0.12542084,-1.9887713,-0.49664795,-0.7975132,-1.4895699,0.35595202,0.9165693,1.6634789,84
2.8777528,1.7775115,-2.7461097,1.943694,-1.2523605,-0.89000064,-1.3444088,-1.8739527,1.0593218,-5.8365374,-0.4299531,0.27740955,-3.3370588,-0.42506006,-0.5759122,2.2012358,104
2.7389627,2.177468,-3.2213454,3.1502876,-1.3613206,-0.49941927,-1.9967217,-2.0842135,0.7195908,-6.8366904,0.10148516,0.12381144,-2.7589402,-0.5543258,-0.81504923,2.0792074,13
0.6564447,0.5751502,-1.1596602,1.0634052,0.023562983,-1.2636153,-0.8258589,1.0148977,0.08172841,-1.8990566,-0.6250819,-0.69433045,-1.7265532,0.41576278,1.1572895,1.8688381,40
2.7125666,2.381508,-3.3636572,3.1014934,-1.6534274,-0.66133934,-1.9866357,-2.3357513,0.98680353,-7.303211,0.10227117,0.041339055,-2.9224463,-0.50023675,-0.8387968,2.148153,13
3.2107882,2.1890707,-3.4011924,2.8145976,-1.3929759,-0.81113315,-1.769671,-1.9404674,1.0062039,-7.1896243,-0.239262,0.35534078,-3.5883374,-0.52504563,-0.5921332,2.3824916,104
0.7712611,0.569664,-1.2096103,1.007475,0.021751568,-1.3307004,-0.8364281,0.9022167,0.004962668,-2.0024738,-0.6187421,-0.67704874,-1.8217325,0.55291635,1.082725,1.7593833,40
0.504242,1.3734684,-1.6418734,1.843525,-0.7127496,-0.68583614,-0.9821403,-0.9817096,0.7176806,-3.2986732,-0.0621555,-0.48551297,-0.76243967,-0.16150251,-0.6639426,1.7082859,84
3.2179022,2.15404,-3.2965517,2.2651062,-1.5701026,-1.0036423,-1.5668945,-2.018464,1.3866651,-7.0968237,-0.4426589,0.10295983,-4.00126,-0.62824464,-0.7085774,2.4039192,104
0.7138922,0.46772432,-1.4441406,1.1726006,0.12257883,-1.3921322,-0.8610296,0.94219226,-0.11238442,-2.1114426,-0.63903576,-0.71164,-1.8549521,0.34786463,1.178623,1.9244941,40
1.004312,0.3746673,-1.3973781,1.3162897,0.17420998,-1.4389448,-0.6960708,0.90189207,-0.016698644,-2.1318762,-0.6945317,-0.64271706,-2.06712,0.42600203,1.2579789,2.0616665,40
1.4601669,2.0009322,-2.5912964,3.1713386,-1.385999,-0.31688398,-1.73629,-1.8680407,0.71453184,-5.818723,0.44211936,-0.07692841,-1.4428881,-0.5604113,-0.6861273,1.782386,13
0.68867207,0.58063143,-1.2335461,1.1044009,0.01041238,-1.3487049,-0.85204375,0.8699213,0.054730564,-2.0885677,-0.6198267,-0.68322694,-1.7627561,0.45237,1.0452788,1.801658,84
1.9441026,1.9834185,-2.8074903,3.012784,-1.4628081,-0.51340306,-2.0505452,-2.1062582,0.7801949,-6.213944,0.06300753,0.20168827,-2.1187115,-0.62352353,-0.85463834,1.9824635,13
0.23402365,1.5772649,-1.8193408,1.594643,-0.79300594,-0.6300575,-1.1699541,-1.1690389,0.7495518,-3.191583,-0.008542985,-0.7020119,-0.395002,-0.32950953,-1.00714,1.6585778,81
0.4983247,0.63239497,-1.3527561,0.71100104,-0.051710643,-1.1518078,-1.0074906,0.74057174,-0.22628559,-1.7503531,-0.5986574,-0.7190069,-1.5837399,0.3559878,0.9263535,1.7013376,84
0.27029186,0.9097321,-1.26133,0.831576,-0.21903382,-1.1158978,-1.0738593,0.69338256,0.087473705,-1.981336,-0.46257713,-0.8612492,-1.317674,0.2363492,0.7498124,1.6552225,84
2.9650154,2.0035515,-2.9633622,1.7687427,-1.2596915,-1.0985837,-1.6797662,-2.1057277,1.0834535,-5.9440536,-0.56898546,0.1212333,-3.3347855,-0.4231086,-0.9762115,2.24295,104
2.7480166,2.2756557,-3.4617863,3.0706005,-1.4412782,-0.65671027,-2.1693935,-2.159382,0.73559195,-7.047408,-0.025223881,0.12973656,-2.8360915,-0.5613113,-1.0002543,2.1618805,13
0.54501563,0.7056022,-1.4278802,0.9123155,-0.035400674,-1.2522638,-0.98641866,0.8469903,-0.034377024,-1.9430685,-0.5360508,-0.78560823,-1.5979437,0.37939245,0.99065274,1.7727218,84
2.6888177,2.421306,-3.4782476,2.9880753,-1.6179634,-0.8318337,-1.9887626,-2.2169912,1.1130887,-7.3212748,-0.00521487,-0.04494755,-2.9667082,-0.5623291,-0.8790514,2.2791133,13
3.2770731,2.390832,-3.6471899,2.4748392,-1.4538397,-1.0906382,-2.0404806,-2.1825433,1.1004887,-7.31994,-0.39252827,0.24469222,-3.7054849,-0.47311646,-0.9618705,2.406744,104
0.5826329,0.65129846,-1.3164194,0.84114707,-0.05006876,-1.2642457,-0.9559408,0.7950755,-0.05175878,-1.9188024,-0.5948391,-0.7284471,-1.6442698,0.48253143,0.9491163,1.6940913,84
0.49035394,1.4752165,-1.9104524,1.7463661,-0.8140222,-0.6342903,-1.1525407,-1.180412,0.6970536,-3.366914,-0.0681448,-0.5549099,-0.6268558,-0.27404168,-0.8861371,1.705085,84
3.0342207,2.0094543,-3.3533645,2.6260796,-1.508471,-0.8446071,-1.6201799,-1.7799915,1.1979331,-7.155172,-0.38339326,0.19954012,-3.8558044,-0.6688908,-0.5603439,2.5434575,13
0.51444703,0.51522046,-1.4393383,0.85836256,0.020903438,-1.3084295,-1.0135679,0.7654398,-0.20596541,-1.91451,-0.6181437,-0.67812926,-1.7055174,0.36978388,1.0182478,1.7433078,84
0.81364214,0.38964334,-1.4160478,0.9559152,0.11462411,-1.3297187,-0.812252,0.8262501,-0.1621478,-1.8847145,-0.64626265,-0.62283164,-1.9176129,0.45842266,1.2058249,1.8653693,40
1.4582357,2.088356,-2.7391496,2.8880844,-1.447719,-0.42069963,-1.9771445,-2.0949388,0.7843281,-5.766371,0.3484863,-0.09701038,-1.4366648,-0.61954707,-0.955871,1.7505611,13
0.5331933,0.6910978,-1.4039257,0.9793918,-0.050266296,-1.2581141,-0.92971295,0.7629678,0.00039696693,-2.02916,-0.5561203,-0.76762784,-1.5608876,0.36756435,0.8824144,1.7618259,84
2.0210242,1.8953092,-2.8862774,2.6918216,-1.3786582,-0.6186554,-2.011594,-2.1445386,0.75237536,-5.97549,-0.05176446,0.15792479,-2.2067158,-0.5601518,-0.9799975,1.9590536,13
0.2974257,1.6064894,-1.919499,1.459567,-0.81870306,-0.61256284,-1.2825801,-1.3816327,0.71599066,-3.1543264,0.030306071,-0.67486227,-0.34654683,-0.3015496,-1.1786284,1.5193092,81
0.3196268,0.79126537,-1.4243313,0.48011595,-0.13251442,-1.1021019,-1.2312586,0.4629361,-0.31442493,-1.6863136,-0.51319575,-0.7309947,-1.4225852,0.402117,0.6958978,1.5716697,84
0.17077173,0.8242303,-1.3185989,0.47478217,-0.22399652,-1.120252,-1.2305651,0.5709023,-0.07931711,-1.7484426,-0.46667033,-0.77588373,-1.2956048,0.31446114,0.7206519,1.4363643,84
2.9693513,1.6873522,-2.8637147,1.6049612,-1.0424316,-1.2294879,-1.609168,-2.0541494,0.99035394,-5.648607,-0.74704003,0.16949885,-3.3869596,-0.27257925,-1.0203959,2.1936085,104
2.8512444,2.0003295,-3.4927049,3.0091567,-1.3760356,-0.7135976,-2.1610997,-2.132175,0.6056166,-7.149473,-0.16473415,0.38249224,-3.1777222,-0.4444449,-0.98097867,2.1292806,37
0.4258349,0.69463766,-1.4769251,0.5937177,-0.09514801,-1.2041547,-1.182641,0.6572122,-0.22527404,-1.7509509,-0.52642024,-0.73064137,-1.5105591,0.43254864,0.866402,1.5524929,84
2.6939611,2.1687028,-3.4325945,2.7667685,-1.4673731,-0.98670876,-1.917577,-2.1244435,1.0919336,-6.981651,-0.17089176,-0.005925864,-3.0524902,-0.47008476,-0.9070729,2.273695,13
3.2780852,2.176959,-3.5942163,2.2882814,-1.3314322,-1.2178674,-2.051762,-2.2323601,1.0057489,-7.153822,-0.5473173,0.28344804,-3.7758603,-0.3492318,-1.089254,2.3498461,104
0.42339617,0.687547,-1.3458673,0.4654137,-0.11908691,-1.1774805,-1.0913489,0.597044,-0.2043282,-1.6072415,-0.5269115,-0.7643668,-1.4359782,0.51940286,0.8140281,1.4749374,84
0.3898815,1.4980007,-1.9887539,1.5612938,-0.83967173,-0.6240729,-1.2383814,-1.37298,0.68123305,-3.2287755,-0.030486226,-0.6046199,-0.46434313,-0.2903554,-1.0562361,1.597808,81
3.1204743,2.0529232,-3.4945016,2.5163708,-1.5210762,-1.1819469,-1.8293035,-2.0186033,1.3224499,-7.5815387,-0.46340442,0.31976384,-4.1670523,-0.5896587,-0.6481318,2.5361173,104
0.34451592,0.69107306,-1.4697875,0.5773301,-0.059592366,-1.1677073,-1.2196267,0.55248123,-0.35088712,-1.7382159,-0.48378938,-0.7064585,-1.505336,0.41829813,0.8187874,1.577701,84
0.68934935,0.6359741,-1.4658226,0.73188925,0.014226481,-1.2434208,-1.0052025,0.6343566,-0.21989684,-1.8492397,-0.52284336,-0.676481,-1.7839024,0.5099558,1.0253,1.7539794,84
1.5275519,1.9884559,-2.7842286,2.6719723,-1.3290453,-0.5382256,-1.9632974,-2.0800312,0.77164954,-5.5476947,0.22585309,-0.09601732,-1.5099019,-0.56856525,-1.0321409,1.7427441,13
0.4037543,0.6689789,-1.4055477,0.58682406,-0.10833849,-1.1963356,-1.0730002,0.65396756,-0.17562796,-1.7270067,-0.5368691,-0.7603909,-1.4663023,0.43120492,0.86684316,1.5460323,84
1.974754,1.8539634,-2.7214513,2.3361716,-1.4126792,-0.63888973,-1.887996,-2.1102376,0.8905513,-5.6361885,-0.16759601,0.009634376,-2.1721895,-0.54595107,-1.0622952,1.9559935,13
0.42683566,1.694748,-2.0654721,1.4535764,-0.8677732,-0.5946318,-1.4127212,-1.5552161,0.7383668,-3.3539042,0.04228407,-0.6564435,-0.42140836,-0.30447707,-1.3179376,1.5184608,81
0.19014211,0.8447771,-1.3841122,0.23150545,-0.21029033,-1.1070986,-1.3456824,0.09360167,-0.28721178,-1.467859,-0.46058202,-0.7923119,-1.2091625,0.41621703,0.4602161,1.4007046,84
0.11004366,0.9520816,-1.3448676,0.3673978,-0.27059892,-1.0488073,-1.3822792,0.46345067,-0.14008449,-1.7203856,-0.4222558,-0.8060353,-1.2415009,0.34750256,0.58260167,1.420719,84
2.9840653,1.5575304,-2.9138756,1.3656752,-1.0284308,-1.2396375,-1.5256426,-2.0099573,1.0477589,-5.480482,-0.88529813,0.11162643,-3.4488657,-0.24061447,-1.0931034,2.2180014,104
2.7835095,1.7680718,-3.3615346,2.6852856,-1.3996084,-0.7585329,-2.0719626,-2.1236434,0.64564914,-6.9683924,-0.3202699,0.50238514,-3.3593597,-0.3502986,-1.0107092,2.0606863,37
0.25430387,0.9053751,-1.5296569,0.3671285,-0.2005693,-1.0867742,-1.3944466,0.3760826,-0.28022683,-1.6768031,-0.43224376,-0.77630174,-1.2946116,0.42951882,0.5764474,1.4422392,84
2.6020756,1.9556686,-3.3183565,2.4980202,-1.4086949,-1.014571,-1.8672376,-2.12683,1.0236608,-6.546585,-0.2695681,0.03333068,-2.9903955,-0.38048127,-0.98970175,2.1451466,13
3.1724553,1.858403,-3.3873088,1.9322113,-1.2297933,-1.1880338,-1.9177728,-2.146935,0.948428,-6.5821333,-0.7457063,0.27962703,-3.7360005,-0.2845001,-1.1816208,2.3031003,104
0.23755516,0.9085727,-1.3665575,0.23377293,-0.25591397,-1.0510885,-1.2585974,0.3263567,-0.16937669,-1.5332805,-0.45497206,-0.85512584,-1.2113345,0.4831519,0.5156872,1.3983073,84
0.5321726,1.6614063,-2.141718,1.4561807,-0.919327,-0.6320261,-1.3768167,-1.6096311,0.75996363,-3.3751526,-0.009046972,-0.62570214,-0.50416976,-0.2524454,-1.2753558,1.5315285,81
3.1710403,1.7963622,-3.3977172,2.2153606,-1.3453753,-1.426708,-1.7617586,-2.1449587,1.3101611,-7.192157,-0.535721,0.30691218,-4.1882963,-0.38998094,-0.72573733,2.3856695,104
0.21843328,0.7958505,-1.4233904,0.30242056,-0.17138556,-1.1250011,-1.3604586,0.1549932,-0.31563753,-1.5113165,-0.42320693,-0.7943194,-1.2548832,0.41858882,0.5122329,1.3955216,84
0.5413741,0.75916433,-1.433444,0.5237437,-0.077704534,-1.1809669,-1.11671,0.35930222,-0.192131,-1.677356,-0.46017092,-0.7581874,-1.5322101,0.4755807,0.7791467,1.6199956,84
1.5074574,1.9685092,-2.6870646,2.3682141,-1.3621193,-0.51538616,-1.9183702,-2.0868292,0.83353317,-5.2421465,0.1083304,-0.2089489,-1.4414105,-0.5471777,-1.1845231,1.7479022,13
0.25369346,0.86212057,-1.4455477,0.356606,-0.1967102,-1.09782,-1.2767887,0.47934222,-0.22434516,-1.6462345,-0.4675126,-0.81690294,-1.3257561,0.44602138,0.6613775,1.4760028,84
1.8940288,1.6612161,-2.5247288,2.1814733,-1.3608353,-0.68721485,-1.7951398,-2.0344388,0.9440371,-5.2961044,-0.27668342,-0.0072721094,-2.1571612,-0.54535556,-1.0397873,1.9566815,13
0.5237024,1.7637489,-2.1698258,1.5221406,-0.8888743,-0.58456504,-1.520453,-1.6689396,0.76188207,-3.556828,0.069205314,-0.64468825,-0.48927492,-0.3221689,-1.4108508,1.537099,81
0.04552275,0.8880206,-1.3463168,0.14369655,-0.23250681,-1.1117148,-1.4413471,-0.06807764,-0.21489303,-1.4016325,-0.4164816,-0.82981455,-1.0536165,0.36939612,0.30173367,1.3141935,84
0.08123253,1.1185201,-1.3379451,0.17105395,-0.34911042,-0.96949726,-1.477808,0.23769876,-0.064182416,-1.5838237,-0.3943367,-0.94720006,-1.0397499,0.2953992,0.33871824,1.3461477,84
2.9073515,1.6218735,-2.9919436,1.3793577,-1.1164513,-1.2536168,-1.6083193,-2.034424,1.2228699,-5.7268248,-0.9243967,0.057638183,-3.4117808,-0.35377765,-1.1194191,2.2447274,104
2.67317,1.5746493,-3.2316933,2.6388998,-1.3796781,-0.8214549,-2.037121,-2.1124594,0.73446226,-7.0314727,-0.34537852,0.6202849,-3.499983,-0.33036327,-0.9284867,2.0258732,37
0.13312109,0.99148893,-1.442973,0.13543802,-0.29785776,-1.0260963,-1.496207,0.0722522,-0.21310298,-1.48093,-0.40589792,-0.87419593,-1.0701847,0.4083176,0.3122863,1.3226982,84
2.3893542,1.8674531,-3.098196,2.3308563,-1.456261,-0.9529527,-1.7975678,-2.121641,1.1027956,-6.346079,-0.26300693,0.0308408,-2.857953,-0.40607727,-0.9791823,2.052298,13
2.969582,1.6931185,-3.204424,1.6875688,-1.1885239,-1.17623,-1.8209403,-2.0546682,1.1038254,-6.357058,-0.80826885,0.27581704,-3.647545,-0.35324097,-1.1369066,2.2131822,104
0.17615665,1.0267069,-1.3699768,0.056778133,-0.31286222,-0.96084857,-1.3857119,0.12151147,-0.14826249,-1.4120005,-0.40576315,-0.9234529,-1.0489229,0.44677138,0.28305763,1.303927,84
0.61324406,1.7570465,-2.2290318,1.4681758,-0.96930826,-0.5335124,-1.4737692,-1.6983662,0.78328997,-3.546096,0.014012396,-0.6300203,-0.5198567,-0.2863672,-1.383856,1.548009,81
3.184687,1.4441588,-3.2278414,1.8627082,-1.1847697,-1.4672381,-1.5290043,-1.9955513,1.3644903,-6.660152,-0.71115637,0.26839757,-4.253782,-0.34000775,-0.7071572,2.375327,104
0.069323674,0.844116,-1.3646947,0.16546309,-0.21104969,-1.0982517,-1.4522958,-0.02803427,-0.25262666,-1.3731813,-0.38541228,-0.851387,-1.0634037,0.36864647,0.33685875,1.293479,84
0.3715425,0.86810863,-1.4102435,0.37326193,-0.1411869,-1.1596564,-1.2425723,0.16384853,-0.10514574,-1.5560231,-0.427564,-0.8511005,-1.3120322,0.39028275,0.5620722,1.5302387,84
1.5502717,1.9033573,-2.6005394,2.1610126,-1.3611289,-0.5587657,-1.8777013,-2.0356302,0.9357075,-5.0464134,0.0055829287,-0.2694319,-1.5090089,-0.5326334,-1.2518613,1.7500777,13
0.17544012,1.019238,-1.4138421,0.14218181,-0.2990019,-0.9850893,-1.4071324,0.20467421,-0.1635489,-1.4931498,-0.41262853,-0.91846335,-1.1048379,0.40482858,0.3811186,1.3610641,84
1.9073504,1.5302819,-2.452993,2.2342877,-1.3140137,-0.74811304,-1.7142274,-1.9559326,0.96411467,-5.261287,-0.30283076,0.043298185,-2.2308698,-0.551231,-0.92082816,1.963456,13
0.5809322,1.8151027,-2.2577446,1.6837739,-0.89580536,-0.60761756,-1.6021242,-1.7079383,0.77093935,-3.8095043,0.091607034,-0.61613107,-0.57493776,-0.38037485,-1.4270544,1.5943383,81
-0.03167154,0.92668575,-1.2324136,0.09472814,-0.28963426,-1.0973839,-1.4859295,-0.17681773,-0.088277295,-1.3709717,-0.43008557,-0.9078964,-0.9752338,0.2915815,0.17759949,1.3045777,84
-0.018759787,1.1425532,-1.2905976,0.047626317,-0.37910435,-0.9367192,-1.5499003,0.098430395,-0.048882857,-1.468396,-0.36866432,-0.99180454,-0.9070064,0.25487804,0.20522436,1.2567319,81
2.846199,1.578871,-3.0547125,1.6940738,-1.1723909,-1.2184916,-1.6856489,-2.0310938,1.1864364,-6.1370687,-0.89383125,0.18549322,-3.4734814,-0.41520402,-1.0269582,2.2863543,104
2.4762251,1.3574549,-2.9110067,2.6178703,-1.2907599,-0.8748393,-1.8804386,-1.9337406,0.76784396,-6.4903502,-0.3886623,0.5599639,-3.2614663,-0.3768325,-0.8146826,2.0141282,13
-0.02694425,0.98985386,-1.3651547,0.002247274,-0.32635874,-1.0121659,-1.5400372,-0.01862222,-0.1546778,-1.3828268,-0.3989687,-0.91152555,-0.9515302,0.37648317,0.23077032,1.2337774,84
2.2742326,1.747685,-2.930916,2.3171158,-1.4401907,-0.9402807,-1.7304647,-2.0496082,1.1397314,-6.1521454,-0.26835576,0.03533238,-2.766203,-0.46258676,-0.9087152,2.0213466,13
2.8783298,1.6235464,-3.1762228,1.8739666,-1.2335691,-1.149024,-1.8493237,-2.0561981,1.11912,-6.5530953,-0.80869013,0.33478355,-3.6367989,-0.39703363,-1.0694251,2.2325735,104
0.05097063,1.050819,-1.3395926,-0.021697253,-0.3342114,-0.9603036,-1.4667511,-0.009884179,-0.09824161,-1.3566158,-0.40356457,-0.953928,-0.93518996,0.37876046,0.15102798,1.2535743,81
0.64786947,1.8478878,-2.3283553,1.5569767,-0.9925066,-0.54870534,-1.5662913,-1.7650361,0.8161872,-3.746519,0.028268635,-0.6529666,-0.55014324,-0.3509616,-1.4539609,1.5927249,81
2.955987,1.2037178,-2.9649014,1.6646017,-1.088969,-1.4423927,-1.362077,-1.8047733,1.475361,-6.1315536,-0.79108274,0.19139157,-4.0240006,-0.4427384,-0.6172012,2.326422,104
-0.010301933,0.8583004,-1.2524179,0.10723677,-0.24796745,-1.0486325,-1.4845779,-0.11835626,-0.19618298,-1.2913787,-0.3683045,-0.90354127,-0.9737756,0.30468938,0.23152635,1.251844,84
0.24156378,0.8402381,-1.2766279,0.3175742,-0.17160933,-1.1320934,-1.3133726,0.031753108,-0.09918894,-1.4366236,-0.41184428,-0.88953084,-1.1859442,0.33654487,0.43887842,1.4509176,84
1.5248089,1.8151081,-2.5111167,2.1224318,-1.3439164,-0.62597615,-1.8000817,-1.990457,1.0122696,-4.980746,-0.0585863,-0.27650413,-1.5540621,-0.5637,-1.1785941,1.7792832,13
0.045866713,1.0480072,-1.368377,0.03240797,-0.3319511,-0.95983315,-1.4901979,0.04457271,-0.115575865,-1.3968872,-0.39702642,-0.9536622,-0.9618508,0.3494036,0.2212818,1.2855816,84
1.9700016,1.4837476,-2.4226928,2.3837805,-1.3160684,-0.8056049,-1.657767,-1.900209,1.0171542,-5.4194694,-0.30664793,0.07089873,-2.3630025,-0.57456374,-0.80519307,2.02347,13
0.6167122,1.8106611,-2.2731175,1.7865258,-0.8852751,-0.6619292,-1.5965683,-1.7061111,0.8204921,-3.9836452,0.099350095,-0.5997775,-0.6889073,-0.4099382,-1.3857052,1.6433734,81
-0.057263687,0.8736431,-1.103459,0.11491507,-0.28910035,-1.0784808,-1.4820206,-0.21787758,-0.056665346,-1.3336225,-0.42243516,-0.9171027,-0.95666873,0.24825728,0.13674903,1.2944218,84
-0.102515355,1.1287665,-1.1974313,-0.005328864,-0.40326244,-0.9435857,-1.5749471,-0.022667825,0.012668714,-1.4148479,-0.38217378,-1.0234731,-0.8439046,0.20674857,0.10173702,1.229226,81
2.888002,1.5154672,-3.1431513,2.0146627,-1.1799923,-1.2381711,-1.7024612,-2.0085628,1.1157192,-6.5153584,-0.8358713,0.30865932,-3.6406264,-0.43830404,-0.90371054,2.341221,104
2.385098,1.220751,-2.6427388,2.5347643,-1.2407306,-0.9958633,-1.7062161,-1.8385614,0.88652813,-6.1460743,-0.49001288,0.43216747,-3.19279,-0.4046696,-0.7315815,2.0808392,13
-0.12055019,0.982718,-1.2428907,-0.0072859526,-0.36849606,-0.99440354,-1.5467403,-0.12788206,-0.07912178,-1.32357,-0.41062224,-0.95989233,-0.86785084,0.30373493,0.13736373,1.2343317,81
2.1878269,1.5663,-2.806501,2.341343,-1.3650932,-0.9736105,-1.6278124,-1.978025,1.0975251,-6.016946,-0.2697055,0.07762124,-2.754255,-0.46009392,-0.8039508,2.0048423,13
2.9086504,1.4906489,-3.229408,2.1362329,-1.1981432,-1.1917527,-1.8356247,-2.0338376,1.018219,-6.8015018,-0.7648914,0.46918428,-3.7760396,-0.38127717,-0.94524246,2.2512639,104
-0.075577095,1.0312005,-1.1997365,-0.061528623,-0.38302666,-0.9652458,-1.4882185,-0.14257579,-0.02693142,-1.303659,-0.43527752,-0.9948355,-0.8574222,0.30963126,0.05866584,1.2408835,81
0.67096996,1.8822914,-2.4106176,1.6867021,-0.98368275,-0.5994131,-1.5820615,-1.7787668,0.8402054,-3.9545207,0.07085851,-0.6536603,-0.62813145,-0.39822325,-1.4436779,1.6321503,81
2.8635886,1.1001493,-2.9795249,1.9135102,-1.1367973,-1.3375949,-1.3713715,-1.7532256,1.3841157,-6.2098556,-0.7801466,0.25684988,-3.9462054,-0.56133944,-0.5133815,2.3683765,104
-0.036438808,0.8279161,-1.1461562,0.10847607,-0.2546478,-1.053583,-1.4902005,-0.20802955,-0.13937472,-1.2553174,-0.36679605,-0.924529,-0.94960326,0.24450117,0.16024894,1.2521211,81
0.1448387,0.794347,-1.1140337,0.28674507,-0.20000891,-1.1328014,-1.3468661,-0.101237684,-0.054832593,-1.3555708,-0.4234423,-0.91117465,-1.1137507,0.2774354,0.3338413,1.4202439,84
1.5629419,1.7566649,-2.4727497,2.257154,-1.3279458,-0.67576873,-1.7273004,-1.925025,1.0387839,-5.0672345,-0.075292185,-0.2572829,-1.6565334,-0.6074182,-1.0650545,1.8614496,13
-0.05876588,1.0342847,-1.248705,-0.012886852,-0.3710697,-0.95674396,-1.5180972,-0.101530254,-0.061291024,-1.319564,-0.41467616,-0.9941136,-0.8714658,0.2840665,0.10035995,1.2579168,81
2.043969,1.407319,-2.4045315,2.534339,-1.2621247,-0.84451187,-1.5978158,-1.8040538,1.0024806,-5.4954386,-0.3024053,0.089065745,-2.4623415,-0.6064393,-0.71991986,2.0705123,13
0.6529204,1.7598429,-2.266759,1.8749579,-0.8294803,-0.6848599,-1.5623453,-1.6333019,0.81317216,-4.0522604,0.12418389,-0.5730116,-0.76665366,-0.4293264,-1.3375044,1.6542792,81
-0.017767906,0.80780375,-1.0328575,0.17276895,-0.24816911,-1.0362271,-1.460428,-0.14513864,-0.09651928,-1.3046572,-0.36541545,-0.8929952,-0.9809636,0.22025079,0.15240413,1.2595893,84
-0.10996422,1.0835842,-1.1306343,0.024198025,-0.37463486,-0.9367216,-1.57407,-0.035900056,0.014302656,-1.3896444,-0.36212435,-1.0117966,-0.8366126,0.16032164,0.074916214,1.2124712,81
3.0212607,1.5481114,-3.2671988,2.2555904,-1.1676209,-1.2667513,-1.6982894,-1.9657784,1.1047612,-6.706351,-0.738855,0.31167436,-3.7246943,-0.49155894,-0.8209981,2.3698666,104
2.4363987,1.1938691,-2.603728,2.5394974,-1.2052392,-1.0225282,-1.6434305,-1.7643827,0.9209678,-6.1072674,-0.49366632,0.39822227,-3.215367,-0.42379978,-0.71214765,2.0839663,13
-0.15091835,0.9130905,-1.1149856,0.020147234,-0.35811067,-0.9734357,-1.5374382,-0.13669424,-0.08218597,-1.2787879,-0.39192653,-0.9500534,-0.85980207,0.26925126,0.13991466,1.2131,81
2.1548228,1.5090001,-2.7686844,2.3788419,-1.3328036,-0.99000484,-1.5727777,-1.9143393,1.1248528,-5.990092,-0.2558295,0.07595347,-2.7528415,-0.5008643,-0.74333847,2.0226674,13
2.997097,1.4614234,-3.310437,2.2857337,-1.14581,-1.2437481,-1.7983055,-1.9959233,0.9902778,-6.906776,-0.6854625,0.49378884,-3.8469894,-0.39512077,-0.86894375,2.2353113,104
-0.118502066,0.97440916,-1.0976434,-0.029342622,-0.37512523,-0.9624653,-1.5075078,-0.16836308,-0.03029044,-1.2987027,-0.41290647,-0.9733313,-0.86872387,0.2673828,0.049329966,1.2079297,81
0.6870979,1.8517356,-2.4151237,1.7750942,-0.9449146,-0.63421994,-1.5609167,-1.748182,0.8510907,-4.0700016,0.105463415,-0.6282067,-0.71016085,-0.4210127,-1.3998766,1.6470203,81
2.9299757,1.0073539,-3.1202173,2.1941586,-1.1173401,-1.3602095,-1.4115939,-1.7758255,1.2496883,-6.5634437,-0.738184,0.43021303,-4.1217237,-0.56409276,-0.40921986,2.4087653,104
-0.009925157,0.7588518,-1.0739584,0.17603832,-0.21229176,-1.0254645,-1.4741359,-0.16666631,-0.16828375,-1.2238234,-0.32129866,-0.90158486,-0.9597654,0.20899644,0.15945056,1.2324935,84
0.15859367,0.76779515,-1.042348,0.2760167,-0.1902228,-1.1149399,-1.3488696,-0.13980456,-0.040779516,-1.2983332,-0.38113672,-0.9315498,-1.0841527,0.23312157,0.26721144,1.3767642,84
1.6318722,1.691619,-2.4459448,2.3913975,-1.2687349,-0.69841254,-1.646292,-1.7933728,1.0313026,-5.1200666,-0.06529184,-0.24010348,-1.7443889,-0.6225281,-0.9800024,1.8971058,13
-0.10970123,0.96456015,-1.1557254,0.0059547722,-0.3549636,-0.9582308,-1.5325308,-0.14788948,-0.08593036,-1.2840147,-0.39661863,-0.9750798,-0.86157405,0.23728448,0.073196664,1.2241095,81
2.087898,1.3454092,-2.3528588,2.7079215,-1.2262472,-0.8071893,-1.5315986,-1.6835793,0.9464039,-5.478781,-0.26034695,0.10581048,-2.4686742,-0.66170675,-0.63165927,2.0847614,13
0.6776317,1.7081406,-2.2365918,1.9978718,-0.7875563,-0.6958826,-1.5240006,-1.5458208,0.7888344,-4.086692,0.12838092,-0.5524518,-0.8092808,-0.48336387,-1.2758188,1.6859848,81
-0.013778642,0.7326143,-0.98287106,0.25089967,-0.19868408,-1.0407532,-1.4063208,-0.013665393,-0.10972364,-1.2938695,-0.35856587,-0.87580323,-1.006914,0.15880102,0.23218098,1.256912,84
-0.08483715,1.0345614,-1.1063219,0.08849627,-0.31837818,-0.9133144,-1.532757,0.044967838,-0.019297242,-1.3785849,-0.31719,-0.9889933,-0.8425298,0.112446904,0.10925384,1.1876086,81
3.0831985,1.4844443,-3.2571242,2.5099735,-1.1344526,-1.2355404,-1.6698656,-1.8736613,1.0377622,-6.6934376,-0.662673,0.35151118,-3.7317257,-0.56548816,-0.70714724,2.3769996,104
2.428305,1.1290511,-2.5598123,2.6697736,-1.1785524,-0.9691187,-1.574579,-1.6699754,0.8768787,-6.0853357,-0.4322163,0.43179202,-3.1785467,-0.47924525,-0.60840905,2.0614946,13
-0.121670656,0.89828116,-1.0976694,0.029682785,-0.31446403,-0.9729388,-1.5110581,-0.06255075,-0.07993241,-1.2748407,-0.3464625,-0.9545505,-0.8789474,0.23528892,0.17013735,1.1745131,81
2.191299,1.5242604,-2.807612,2.4222088,-1.2796196,-0.9785908,-1.5257199,-1.840603,1.1366913,-5.938678,-0.19401866,0.050294295,-2.701086,-0.5609641,-0.7018112,2.0128012,13
3.0527546,1.4296769,-3.310781,2.5049276,-1.1113743,-1.232144,-1.7838712,-1.9368017,0.9374228,-6.8961325,-0.61186856,0.5253088,-3.8308952,-0.47183245,-0.7710993,2.230638,104
-0.10453956,0.89804965,-1.0706394,0.030831277,-0.30043408,-0.94321364,-1.4958191,-0.08506207,-0.11002599,-1.2933769,-0.34359103,-0.90826213,-0.9072389,0.23887706,0.10780634,1.1496886,81
0.70008975,1.8050895,-2.3840055,1.8560292,-0.89043796,-0.65802056,-1.536416,-1.6915009,0.8340625,-4.086916,0.12391701,-0.61690366,-0.744091,-0.4639043,-1.3571048,1.6567854,81
3.0298934,1.0709494,-3.2582242,2.374658,-1.1164471,-1.3912885,-1.4522367,-1.8011411,1.2292839,-6.708163,-0.64144707,0.45550674,-4.1486754,-0.6205794,-0.3635521,2.416744,104
-0.024851367,0.64643705,-0.996155,0.29550028,-0.15338142,-0.9959874,-1.4291091,-0.04328811,-0.25768453,-1.1897554,-0.27890685,-0.8428851,-0.97205853,0.1540094,0.24943331,1.2195306,84
0.17641859,0.7044614,-1.0045542,0.34094137,-0.13830547,-1.0785143,-1.2976668,-0.048061,-0.076250896,-1.2424195,-0.3205666,-0.9273439,-1.063762,0.16610655,0.28518218,1.3384329,84
1.6437248,1.6130145,-2.3698118,2.5085058,-1.2282853,-0.68239975,-1.5284474,-1.6706673,1.0247592,-5.0928836,-0.050227493,-0.22780597,-1.763054,-0.6633815,-0.8696406,1.9151586,13
-0.09289772,0.9018736,-1.1191165,0.049206555,-0.29470304,-0.92605233,-1.5098548,-0.0865525,-0.14855005,-1.2478939,-0.32472757,-0.9355774,-0.87126535,0.20867768,0.11118169,1.1664519,81
2.1517982,1.3179015,-2.3482845,2.7746572,-1.2012067,-0.76733744,-1.4444621,-1.5577693,0.9360256,-5.4625793,-0.23924074,0.11029966,-2.485226,-0.6973468,-0.55975974,2.0736117,13
0.7245611,1.6210068,-2.1153736,2.1421642,-0.7370676,-0.662122,-1.4324973,-1.4016308,0.7380185,-4.0475574,0.14240885,-0.49909198,-0.8534895,-0.48450816,-1.1642067,1.7004516,81
0.08386175,0.6806573,-0.9408841,0.4150597,-0.1304316,-1.0536128,-1.3693292,0.12832095,-0.13760816,-1.3146002,-0.35293457,-0.8283001,-1.0662147,0.13166407,0.2912558,1.2738042,84
-0.056429803,0.95031065,-1.04848,0.2239911,-0.25214928,-0.90954673,-1.483259,0.15927854,-0.09021403,-1.3536787,-0.3019799,-0.946341,-0.86740655,0.059677154,0.17388138,1.1987561,84
3.1887376,1.4077305,-3.298506,2.5962396,-1.0625046,-1.2729713,-1.6329124,-1.8030361,1.0019255,-6.694932,-0.6477516,0.42508,-3.8388383,-0.56183946,-0.644805,2.3523238,104
2.4994373,1.0976512,-2.5232375,2.7713523,-1.1482517,-0.8980396,-1.5355139,-1.5891197,0.8014121,-5.9894648,-0.3817332,0.45067066,-3.1424825,-0.51254344,-0.55693907,2.0280552,13
-0.10933045,0.8185634,-1.0229889,0.14789188,-0.25175297,-0.97959137,-1.4888523,0.046290606,-0.13678323,-1.2614645,-0.32615203,-0.9108889,-0.91429526,0.1871016,0.23344395,1.1690296,84
2.2264938,1.490667,-2.7833128,2.551867,-1.2278214,-0.9214388,-1.4796624,-1.7610137,1.0598093,-5.8454404,-0.12651393,0.069585845,-2.6251373,-0.5878285,-0.6388167,1.9796933,13
3.1393132,1.3478541,-3.3161283,2.6033711,-1.0295485,-1.2422622,-1.7341793,-1.8633783,0.86856985,-6.832794,-0.5715084,0.6048319,-3.8795047,-0.45885813,-0.6907911,2.1833262,104
-0.09915614,0.8399161,-1.0223504,0.12728196,-0.24151841,-0.9393023,-1.4765668,0.015229069,-0.16048886,-1.288688,-0.31420454,-0.86886555,-0.92954105,0.18405542,0.15810493,1.13229,81
0.7122215,1.7422255,-2.2883322,1.9937774,-0.8414962,-0.61685777,-1.4911106,-1.5819602,0.7581379,-4.0247498,0.15935314,-0.58755183,-0.72983396,-0.5062984,-1.2913113,1.6555429,81
3.116198,1.0376217,-3.2964542,2.500741,-1.082767,-1.3820763,-1.4477456,-1.7908415,1.1838919,-6.712152,-0.58863276,0.50821036,-4.185514,-0.6440444,-0.30519688,2.4104257,104
0.059046417,0.5954837,-0.9625443,0.43549645,-0.096207865,-1.0157565,-1.4015989,0.053151384,-0.28716213,-1.2010648,-0.26579133,-0.7974701,-1.0286653,0.12773885,0.28237835,1.2291949,84
0.2054386,0.6104222,-0.9645414,0.4904937,-0.05887744,-1.0928563,-1.2643616,0.10059977,-0.12992056,-1.2504296,-0.32000118,-0.8777875,-1.0967586,0.11972614,0.3163494,1.3429084,84
1.6800413,1.4896175,-2.2398462,2.621293,-1.1816003,-0.6629504,-1.4238966,-1.5600785,0.9723701,-4.9560547,-0.05487506,-0.1868564,-1.7676086,-0.66724855,-0.76161,1.9139147,13
-0.087783895,0.83677477,-1.0738322,0.17410314,-0.23249325,-0.9161982,-1.4974372,0.007974379,-0.2245227,-1.2329472,-0.29261065,-0.88901216,-0.87801754,0.14278989,0.15783975,1.1614171,81
2.277896,1.259476,-2.3269541,2.8673792,-1.1731619,-0.796672,-1.4081693,-1.4819756,0.88483196,-5.432168,-0.2763825,0.13469903,-2.5783565,-0.6958167,-0.509567,2.10543,13
0.82647985,1.4957495,-1.9931598,2.3585181,-0.680956,-0.6999911,-1.3611219,-1.246241,0.66663426,-4.048417,0.0966216,-0.410002,-0.9799432,-0.46519026,-1.0163685,1.7555561,84
0.22127376,0.5746156,-0.8868454,0.63796175,-0.06246607,-1.1334137,-1.306818,0.27595618,-0.18915759,-1.3853787,-0.40275633,-0.7434418,-1.2194555,0.12502879,0.40323615,1.3272777,84
0.061443746,0.84342474,-0.9702161,0.41076672,-0.18727642,-0.9562253,-1.4367678,0.2607472,-0.16442762,-1.3489084,-0.3278817,-0.86830354,-0.9793635,0.071746334,0.24788147,1.2305192,84
3.3074036,1.3834534,-3.2862718,2.5883183,-1.045659,-1.3445853,-1.5787394,-1.7398987,1.054996,-6.6846895,-0.70861423,0.44162554,-3.9807346,-0.52172214,-0.60997057,2.3671625,104
2.6448474,1.1400186,-2.6019404,2.7536545,-1.113327,-0.9401212,-1.519628,-1.5510757,0.8066998,-5.979011,-0.38570634,0.4365822,-3.2023413,-0.5141158,-0.5705849,2.0122576,13
-0.0034170002,0.72535425,-0.97798604,0.33786815,-0.16350754,-0.99868053,-1.4516923,0.18329301,-0.24753429,-1.2390614,-0.31102502,-0.8389559,-0.9835997,0.16783366,0.30587828,1.1751547,84
2.3412483,1.4914448,-2.7870727,2.6010127,-1.2095611,-0.9671062,-1.440958,-1.7180083,1.0683603,-5.837719,-0.14571379,0.077340946,-2.70642,-0.5776211,-0.59970057,2.00454,13
3.2368016,1.3238964,-3.2455833,2.5341845,-1.0107809,-1.2988496,-1.649307,-1.7974186,0.9228895,-6.720345,-0.6335779,0.6128362,-3.98845,-0.41394037,-0.6563686,2.173874,104
-0.027530044,0.76634765,-0.9791154,0.3035655,-0.17458515,-0.964854,-1.4719741,0.09404157,-0.25597823,-1.2649755,-0.3060177,-0.80870366,-0.9637968,0.13784793,0.19104156,1.1431508,84
0.79634094,1.6263585,-2.1661167,2.1687393,-0.7866019,-0.60428256,-1.4294114,-1.4680514,0.6391334,-3.9539776,0.16931936,-0.5052653,-0.79942495,-0.48356622,-1.1842144,1.6610278,81
3.1999109,0.95657265,-3.2848823,2.5879602,-1.0451654,-1.3653575,-1.4019985,-1.7457738,1.0998429,-6.6275315,-0.57891774,0.5593291,-4.2328043,-0.6409773,-0.2518809,2.4168851,104
0.16481878,0.512539,-0.93484163,0.6297202,-0.050451472,-1.1060034,-1.3549044,0.14444469,-0.3188277,-1.2742779,-0.30789438,-0.73653364,-1.1444408,0.10184634,0.36086267,1.276435,84
0.31360698,0.5093415,-0.95956045,0.6898774,0.012760296,-1.1846665,-1.2284784,0.2052604,-0.17517017,-1.3198617,-0.3675662,-0.80398166,-1.2187457,0.10160592,0.36546367,1.3897964,84
1.7711456,1.371574,-2.0873144,2.7916837,-1.153656,-0.6683437,-1.3474107,-1.4547293,0.89303297,-4.822247,-0.09841496,-0.13727479,-1.821899,-0.66835576,-0.6403617,1.9591758,13
0.01439932,0.78476286,-1.0491381,0.33406752,-0.17272037,-0.95129806,-1.4863255,0.07051731,-0.2933061,-1.231584,-0.28655696,-0.8342788,-0.9339228,0.11948125,0.17708418,1.1688716,84
2.6676195,1.0524206,-2.2629101,3.1405435,-1.1591443,-0.8922267,-1.3877823,-1.5341953,0.76693636,-5.643481,-0.36708644,0.37589127,-3.134269,-0.6453787,-0.32102302,2.2215664,13
0.9487631,1.4304398,-1.9459343,2.5879006,-0.6579062,-0.87889767,-1.2959299,-1.1063278,0.74297446,-4.2092857,-0.037233353,-0.383026,-1.1769555,-0.4911035,-0.85331357,1.9032856,84
0.3968801,0.52278376,-0.8546112,0.8615285,-0.020434618,-1.2939838,-1.190695,0.46992618,-0.04867761,-1.6121211,-0.54480195,-0.72115356,-1.4526441,0.115666494,0.5538596,1.4790392,84
0.1521491,0.75024474,-0.8726229,0.6804621,-0.16103514,-1.0534892,-1.3530641,0.3758359,-0.15298633,-1.4624667,-0.41453138,-0.80358225,-1.1216037,0.035608463,0.38301826,1.3485872,84
3.3914292,1.4232821,-3.2695835,2.5586863,-1.1029845,-1.4388916,-1.5263877,-1.6425289,1.1901017,-6.735962,-0.8330739,0.36839932,-4.0851464,-0.49766663,-0.61322176,2.4499938,104
2.739064,1.1686136,-2.6051116,2.7071943,-1.1314406,-1.0283262,-1.4807031,-1.5409889,0.87629205,-5.969666,-0.4624793,0.39719445,-3.3034875,-0.5197562,-0.5694454,2.0589762,13
0.07332356,0.644817,-0.90708023,0.530122,-0.1204967,-1.108518,-1.4109201,0.29205722,-0.24077298,-1.3663254,-0.38885587,-0.76095766,-1.1315688,0.15318939,0.42014265,1.2263253,84
2.540401,1.2629327,-2.6327438,2.9100327,-1.170663,-1.0106164,-1.4208758,-1.7222681,0.90287006,-5.909618,-0.17168692,0.30959332,-3.0460265,-0.55411386,-0.3844029,2.0783842,13
3.2876663,1.3452184,-3.165881,2.5020838,-1.0701506,-1.3336822,-1.5938237,-1.7187053,0.97048885,-6.642818,-0.7340499,0.5493922,-4.0209785,-0.40390208,-0.67385024,2.2204237,104
0.052709043,0.70014954,-0.88586944,0.509924,-0.15520719,-1.0275779,-1.4310265,0.17108345,-0.2730863,-1.3243495,-0.3691057,-0.7458323,-1.0604837,0.101776585,0.27301607,1.2025423,84
0.869425,1.5397846,-2.0552735,2.3620296,-0.76026297,-0.7137614,-1.3812568,-1.3577994,0.6454893,-4.021969,0.07626,-0.44138813,-0.9452037,-0.48557222,-1.0411166,1.7503184,84
3.1537733,0.82496136,-3.1033976,2.6450024,-1.0461645,-1.2946465,-1.297993,-1.6266046,1.0470768,-6.445209,-0.6100644,0.5913758,-4.2103558,-0.62552744,-0.17212078,2.4265575,104
0.30195808,0.4724459,-0.88733304,0.775882,-0.047552556,-1.2205973,-1.2406297,0.31939518,-0.20069765,-1.4593117,-0.41115603,-0.72571373,-1.3373778,0.11435774,0.5121786,1.368292,84
0.46551043,0.44549733,-0.9116926,0.84912884,0.036533684,-1.2998961,-1.131666,0.36713505,-0.10354154,-1.4754982,-0.47638342,-0.76652706,-1.4267632,0.112306595,0.5041909,1.476036,84
2.1410499,1.2127471,-1.9764518,3.0374575,-1.1502475,-0.7263461,-1.3103087,-1.4883518,0.77530855,-4.982678,-0.13150969,0.069006845,-2.299656,-0.65205663,-0.4330573,2.049899,13
0.088198945,0.72914326,-0.9487495,0.53290063,-0.16472277,-1.0057714,-1.4370377,0.15530975,-0.29560113,-1.3034306,-0.34774548,-0.7809066,-1.0233879,0.086068764,0.26165146,1.2288305,84
2.9176638,1.0822352,-2.3037243,3.2850318,-1.1257929,-0.9328595,-1.4396949,-1.5203183,0.786178,-6.0826283,-0.3769013,0.54903024,-3.5444634,-0.6535345,-0.20255344,2.2905214,104
1.3390306,1.4050326,-1.8606256,2.7451596,-0.76196814,-0.84507024,-1.1837857,-1.1698762,0.7383212,-4.333949,0.00091329217,-0.31148338,-1.5267082,-0.4106713,-0.71523887,1.9633743,84
0.6155342,0.5026177,-0.9331105,1.1214569,0.060059905,-1.4770831,-1.0214727,0.7933213,0.1767113,-2.0154839,-0.6913774,-0.7140096,-1.7634242,0.11397466,0.79293126,1.7104023,84
0.30447924,0.6805955,-0.87060106,0.9100486,-0.12974493,-1.2395571,-1.2112222,0.5644848,-0.008291274,-1.7204325,-0.5259981,-0.79728013,-1.3774817,0.031616405,0.59314775,1.5170802,84
3.9295974,1.1341734,-3.324408,2.804367,-1.0077673,-1.5648052,-1.5763631,-1.6600878,1.0485799,-7.46091,-0.9664851,0.89833343,-5.106387,-0.36763525,-0.3801326,2.5325456,104
3.1162937,0.9739982,-2.585975,2.9169517,-1.0702393,-1.0727718,-1.4815259,-1.5620657,0.7607278,-6.341929,-0.5178336,0.74352956,-3.9283328,-0.43516177,-0.36447373,2.098397,104
0.19828941,0.5992485,-0.8823825,0.7662754,-0.10404756,-1.2774537,-1.3367753,0.4313683,-0.11230411,-1.6161911,-0.51868224,-0.7300803,-1.3386374,0.12423116,0.5776167,1.37861,84
2.7165143,1.2788467,-2.6283755,3.0012155,-1.1604079,-1.00474,-1.4098115,-1.702633,0.8778703,-6.1203055,-0.1519293,0.4050132,-3.2956583,-0.5823393,-0.28700113,2.1103806,104
3.7295365,0.95998687,-3.1276712,2.7815666,-0.9976138,-1.4255596,-1.5449915,-1.6703295,0.7926087,-7.120845,-0.8804317,1.0210832,-4.8790607,-0.25166187,-0.413681,2.295049,104
0.14613731,0.6594078,-0.83110243,0.68095124,-0.16594066,-1.13601,-1.3438487,0.2910422,-0.18297906,-1.4997044,-0.44439393,-0.7246415,-1.2259218,0.08911732,0.42042077,1.2958633,84
0.9691165,1.5063124,-2.0488465,2.5100307,-0.75711465,-0.90949935,-1.2665749,-1.2054405,0.8187552,-4.2639194,-0.0471368,-0.45011193,-1.1748512,-0.49067432,-0.8778544,1.8940309,84
3.1008697,0.7842254,-2.968677,2.517159,-1.0778313,-1.3201832,-1.1813512,-1.51117,1.1477127,-6.3134017,-0.70062375,0.54468876,-4.231052,-0.6130275,-0.14617993,2.4534087,104
0.46752828,0.48249716,-0.95420134,1.0050778,0.009203389,-1.3924823,-1.1180153,0.5820852,0.027960092,-1.8269207,-0.552825,-0.7250562,-1.5813899,0.111061215,0.6944993,1.5705944,84
0.629291,0.43424347,-0.91101223,1.0691755,0.08647579,-1.4143025,-1.0051295,0.64056796,0.058742583,-1.7547488,-0.6119548,-0.75187606,-1.645195,0.09736377,0.6731117,1.652601,84
2.3974624,1.418304,-2.0673566,3.0155063,-1.2006654,-0.7441662,-1.3455794,-1.5037807,0.9067327,-5.3583117,-0.13467318,0.10207002,-2.5823104,-0.68630105,-0.37455103,2.0953023,13
0.18001147,0.68901145,-0.91997,0.7079134,-0.16120279,-1.1461412,-1.3501408,0.28498507,-0.18473078,-1.5086513,-0.43849397,-0.76478255,-1.1964126,0.07104403,0.40615702,1.3344824,84
3.1168106,1.4013381,-2.5375428,3.4082723,-1.1868675,-0.95306027,-1.5763202,-1.5676261,0.8917416,-6.6227646,-0.3158462,0.52489895,-3.7102118,-0.65991336,-0.2207148,2.3570132,104
1.5707712,1.5604781,-1.9297539,2.7624755,-0.84735334,-0.82675433,-1.2168427,-1.1660821,0.8604524,-4.5657244,-0.03847699,-0.34377265,-1.6462351,-0.4484123,-0.6780079,2.0225282,13
0.8343701,0.41284406,-1.0632806,1.5565553,0.22973302,-1.6972438,-0.9763689,1.1723272,0.21025634,-2.5119882,-0.8173094,-0.57005113,-2.2109108,0.2470549,0.9234448,2.0349646,40
0.54058254,0.65286314,-1.0122273,1.136631,-0.026489124,-1.4598137,-1.0276583,0.92706275,0.27337283,-2.2010746,-0.70502186,-0.7885209,-1.7692194,0.091528356,0.8372719,1.7833811,84
4.2189717,1.5455549,-3.5900683,2.8405933,-1.1195359,-1.6536549,-1.6856337,-1.7188026,1.2827649,-8.062685,-0.9582153,0.7883138,-5.375168,-0.38858715,-0.41940558,2.6563568,104
3.2315784,1.0772111,-2.679248,3.0103836,-1.0809628,-1.033724,-1.5848126,-1.599869,0.7871305,-6.7944946,-0.48326024,0.8995377,-4.1779265,-0.47669372,-0.31566766,2.1075006,104
0.4239871,0.5607194,-1.0118984,1.0031861,-0.028789312,-1.4903618,-1.1747298,0.7486144,0.13900326,-2.0707188,-0.6681341,-0.72999436,-1.6885979,0.15404914,0.8206596,1.6218094,84
2.9126337,1.646056,-2.9144316,2.9752007,-1.2730834,-1.0484481,-1.5237494,-1.7788562,1.075186,-6.6480703,-0.12863693,0.33701754,-3.4846275,-0.6375199,-0.34795028,2.18938,104
3.9325604,1.2023703,-3.3444643,2.8176641,-1.0432184,-1.4962604,-1.698657,-1.7166297,0.9551923,-7.7319064,-0.9100091,1.0960953,-5.2105837,-0.25951633,-0.44005296,2.3586974,104
0.25872064,0.6289296,-0.84629667,0.86516297,-0.1290083,-1.2821347,-1.1893983,0.54151034,0.023826942,-1.8347853,-0.5589272,-0.6944628,-1.4841999,0.121552214,0.6289998,1.4596514,84
1.3336263,1.5572373,-1.9492939,2.5723567,-0.9136468,-0.7644825,-1.2347505,-1.322019,0.7910356,-4.3561754,0.017600775,-0.3780971,-1.4429711,-0.41164628,-0.8410423,1.8935118,13
3.420284,0.75394905,-3.0561087,2.5945177,-1.0981634,-1.4238544,-1.1473353,-1.5022823,1.1507344,-6.876979,-0.75505257,0.78113765,-4.92313,-0.5938006,0.012070879,2.586096,104
0.6597424,0.45983332,-1.1815408,1.2778373,0.11813441,-1.6133262,-0.98847246,0.9684614,0.27941054,-2.3364692,-0.7395314,-0.75392187,-1.8859836,0.074320555,0.8792961,1.8710382,40
0.8098341,0.4112246,-1.0484258,1.31542,0.18668815,-1.6072309,-0.86548954,0.9952412,0.30153596,-2.19805,-0.776069,-0.7543157,-1.9286151,0.072638616,0.8692449,1.902896,40
2.6301146,1.82154,-2.3874652,3.003265,-1.3159982,-0.8347797,-1.4428732,-1.59295,1.1161848,-5.9065523,-0.08699174,-0.050873175,-2.750098,-0.7140115,-0.4432005,2.1832378,13
0.31381112,0.66093534,-0.9701427,0.9141079,-0.107161224,-1.3130575,-1.1985564,0.5647012,0.03753224,-1.8816053,-0.5685537,-0.74359953,-1.4744813,0.103706405,0.6108366,1.5217624,84
3.274797,1.8150338,-2.947657,3.472454,-1.2821542,-1.0414591,-1.8253357,-1.7887837,1.0015988,-7.15109,-0.24791585,0.39493734,-3.7293816,-0.6743816,-0.41085982,2.3702745,104
1.6982678,1.720676,-1.968966,2.8403783,-1.0074062,-0.8330408,-1.513684,-1.4704068,0.86732626,-4.7979994,-0.057348773,-0.26646623,-1.6913965,-0.36473516,-0.8179334,1.9675597,13
1.0113249,0.8071893,-1.0550226,1.6941034,-0.0061804205,-1.4751312,-1.1240242,0.9531727,0.13077468,-2.6255956,-0.6283522,-0.70546687,-2.107142,0.19415975,0.6635044,2.0083063,40
0.6221514,0.6146147,-0.8666773,1.4497181,-0.016825616,-1.4501125,-1.0324758,1.0555991,0.062400192,-2.2698908,-0.66220236,-0.6691867,-1.96999,0.30681074,0.7815568,1.8971989,40
4.289372,1.9229215,-3.783631,3.0537734,-1.4853697,-1.629527,-2.1590445,-2.0761375,1.2639657,-8.71538,-0.9771197,0.8769425,-5.5022764,-0.38805518,-0.72107697,2.6186695,104
3.3257182,1.3634219,-2.8741767,3.1149158,-1.233073,-1.0191289,-1.7424417,-1.7363951,0.7887518,-7.1533723,-0.44520873,0.8370768,-4.1908364,-0.43718806,-0.44634882,2.1175365,104
0.5104471,0.5857382,-1.0854325,1.2618934,0.073565766,-1.6689347,-1.1668396,1.0855223,0.17982163,-2.4606614,-0.7589414,-0.61803657,-2.0221152,0.3279926,0.8577919,1.8744473,84
3.1857302,2.0538766,-3.2925365,2.9816356,-1.367438,-1.1829369,-1.6629002,-1.9334323,1.2934664,-7.1740294,-0.12221952,0.16612975,-3.6665816,-0.72767305,-0.45139906,2.3259373,104
4.1589255,1.6032035,-3.6458983,2.854247,-1.1790997,-1.5577005,-1.9139118,-1.8682357,1.0989633,-8.1649475,-0.92749465,0.94912755,-5.3012285,-0.22312947,-0.62152386,2.440059,104
0.46770084,0.5718291,-1.0627654,1.0948174,-0.005963281,-1.5649807,-1.0306923,0.923194,0.32052925,-2.3432322,-0.7732327,-0.7185864,-1.8759053,0.13474229,0.82979167,1.7804644,84
1.5189334,1.753925,-2.0869734,2.3968759,-1.0557879,-0.8044587,-1.4019535,-1.5863835,0.963212,-4.5771456,-0.012139529,-0.406213,-1.538576,-0.4763037,-0.92011994,1.8582196,13
3.7060854,1.3636751,-3.5605478,2.6388788,-1.2511488,-1.5080845,-1.4047558,-1.7589142,1.3697896,-7.6868567,-0.6513898,0.66798836,-5.126563,-0.7199752,-0.12382788,2.6991842,104
0.808656,0.7634061,-1.0804641,1.45183,-0.05819504,-1.4878893,-1.1879535,0.870979,0.03847137,-2.4274487,-0.5473655,-0.7654416,-1.9850469,0.23987567,0.729644,1.874665,84
0.8723298,0.5298873,-0.91134965,1.574568,0.084215224,-1.5147338,-0.94977367,0.9178744,0.045260146,-2.280127,-0.5878005,-0.664926,-2.067503,0.30389148,0.7327318,1.9260314,40
2.666445,2.0648186,-2.485842,2.8333006,-1.4801748,-0.8954194,-1.6426961,-1.8618433,1.2727206,-6.156982,-0.114721015,-0.08718549,-2.8409426,-0.74866563,-0.6245139,2.1445696,13
0.46627188,0.60292906,-1.1770113,1.1303482,-4.1544437e-05,-1.5643288,-1.0691311,0.9333539,0.31739664,-2.3581858,-0.7817712,-0.757706,-1.8207979,0.11375283,0.78843987,1.8278205,84
3.211207,2.0565925,-2.8834033,3.4991074,-1.4961706,-0.99158704,-2.0572271,-1.8891549,1.1107417,-7.3594065,-0.26483312,0.4174083,-3.7007024,-0.799758,-0.5536305,2.3320322,104
1.6124008,1.7648827,-1.6780151,2.580989,-1.185541,-0.6299157,-1.536439,-1.6863499,0.9006911,-4.3223667,-0.03449565,-0.35666507,-1.4538593,-0.41765165,-0.9627136,1.8209039,13
0.8494999,0.9104499,-1.0170562,1.4739146,-0.076445214,-1.368037,-1.1934192,0.8549714,0.13731466,-2.3920379,-0.5401699,-0.8203202,-1.9224999,0.17968479,0.53768706,1.8936185,84
0.66747826,0.95411444,-1.1165906,1.5920694,-0.13132106,-1.3839964,-1.2477548,0.7708138,0.16804625,-2.5685673,-0.5656846,-0.7859598,-1.786281,0.13010758,0.41615582,1.9369599,84
4.1679926,2.0422647,-3.4946527,3.0681243,-1.7233744,-1.5066136,-2.272524,-2.2432845,1.2716968,-8.488157,-0.99787766,0.8328279,-5.2930107,-0.47719872,-0.86328584,2.5490234,104
3.3720858,1.7152697,-3.1193316,3.158451,-1.429946,-1.0222744,-2.0329616,-1.9860046,0.79187053,-7.5332146,-0.41017064,0.7287803,-4.1577277,-0.39036942,-0.7297488,2.091033,104
0.7209046,0.86750716,-1.0677294,1.3789611,-0.10432616,-1.5051527,-1.3116939,0.92193955,0.062193066,-2.503287,-0.5944887,-0.74723923,-1.992745,0.2879164,0.7086691,1.830938,84
3.1556642,2.1864853,-3.0977612,3.2059493,-1.4960347,-1.133556,-1.9021726,-2.00664,1.3846024,-7.46097,-0.15159464,0.3047762,-3.6784847,-0.59254515,-0.50795066,2.311603,104
4.1052184,1.8819559,-3.6915076,2.9123383,-1.4291312,-1.5119507,-2.1983008,-2.142032,1.1447455,-8.451874,-0.8756228,0.91991806,-5.2187276,-0.29800224,-0.8370463,2.3494196,104
0.69861555,0.7716761,-0.99787974,1.3387802,-0.08806691,-1.4677578,-1.2004833,0.9251416,0.042228684,-2.3662949,-0.6435522,-0.71225005,-1.9858357,0.30451098,0.682924,1.8455484,84
1.5721959,1.8126117,-1.9980886,2.448082,-1.1713762,-0.7399572,-1.6199172,-1.795431,0.92490923,-4.5534024,-0.031755477,-0.3587464,-1.5102292,-0.38340595,-1.0610294,1.819287,13
3.8799033,1.6862129,-3.7020054,2.6107674,-1.3718516,-1.5263469,-1.6452966,-2.0108566,1.6107332,-8.212142,-0.67368466,0.75653464,-5.337493,-0.7241477,-0.21658544,2.7187612,104
0.66332555,0.9486256,-1.169857,1.521735,-0.107466996,-1.3282577,-1.3113701,0.5939858,0.07724173,-2.4646564,-0.4141694,-0.80257833,-1.6956147,0.12595996,0.34054056,1.833197,84
0.79428405,0.9273169,-1.1042705,1.6045743,-0.08218716,-1.3430983,-1.1822499,0.51981336,0.16844264,-2.484232,-0.4550917,-0.8001391,-1.7228628,0.14303093,0.17684332,1.899907,84
2.5124636,2.0489588,-2.158634,2.8941822,-1.662308,-0.80058104,-1.689811,-1.9244325,1.2614658,-5.936271,-0.19377242,-0.03745909,-2.7140532,-0.5915113,-0.7053257,2.1213312,13
0.6114532,0.8330793,-1.0790395,1.318694,-0.12951854,-1.4422297,-1.2702575,0.88412786,0.0012988448,-2.345825,-0.62253815,-0.76183563,-1.8701216,0.26968166,0.638486,1.8303717,84
3.1232457,1.6270425,-2.0919082,2.4510164,-1.1685159,-0.9845917,-1.6021264,-1.5425371,1.0760953,-5.4046144,-0.54605937,0.08733536,-3.38956,-0.6116382,-0.71556485,2.192596,104
1.3340598,1.5351411,-1.1887339,2.079588,-1.0324023,-0.5127099,-1.3603346,-1.4743198,0.8547969,-3.3388836,-0.115403816,-0.49095774,-1.1834815,-0.3870039,-1.0869282,1.6941642,13
0.6037274,0.90376085,-0.80037093,0.92725503,-0.19410837,-1.2198375,-1.1820555,0.61889005,0.055941015,-1.8224186,-0.39872476,-0.91486174,-1.7003231,0.1916593,0.49979872,1.609443,84
0.43568772,0.9181957,-0.89453995,1.0458542,-0.20814165,-1.2371529,-1.2515824,0.71604645,0.085595116,-1.9673139,-0.4541312,-0.90686065,-1.6357932,0.1627163,0.53836536,1.6845803,84
4.059884,1.612449,-2.5509605,2.0056477,-1.2567614,-1.3725729,-1.5949998,-1.5880738,1.3072972,-6.2981315,-1.2408574,0.4339488,-4.793499,-0.27932566,-0.8717497,2.4142945,104
3.4845238,1.9914447,-3.322921,3.1605392,-1.570131,-1.064896,-2.2653513,-2.0807462,0.95599467,-7.9849043,-0.47741717,0.773334,-4.317792,-0.4960861,-0.8576014,2.1247492,104
0.5354194,0.8685152,-0.9197195,1.1071014,-0.18061107,-1.3401777,-1.2318385,0.77168244,0.06309782,-2.0208158,-0.49899113,-0.89473706,-1.7547243,0.23264083,0.6353243,1.7397574,84
3.1525338,2.1040678,-2.7883077,2.822156,-1.5195836,-1.0412738,-1.9110429,-2.1142702,1.2346543,-6.6660843,-0.3475946,0.21263678,-3.516876,-0.5670417,-0.7708307,2.2475746,104
3.8684921,1.7151524,-2.9000194,2.4784484,-1.3790938,-1.3191061,-1.8874397,-1.8121673,1.0958945,-7.1522303,-0.98745555,0.69280225,-4.714387,-0.23706861,-0.89780426,2.2260687,104
0.554407,0.87914306,-1.0760103,1.4372758,-0.12914453,-1.3510073,-1.3057873,0.6307219,0.085989624,-2.4132454,-0.5260574,-0.7209767,-1.7490221,0.1672135,0.31864712,1.8278981,84
1.4653145,1.7055384,-1.6225371,2.161273,-1.2114844,-0.57351685,-1.5219505,-1.784998,0.87054896,-3.9043953,-0.08066183,-0.44970328,-1.352151,-0.3884009,-1.1561484,1.7442701,13
3.7449865,1.8225849,-3.3335586,2.7738657,-1.4594117,-1.4351884,-1.8016601,-2.109112,1.5128356,-7.7893896,-0.6331395,0.67654675,-4.9045897,-0.56624734,-0.37474126,2.61604,104
0.3964432,0.9267796,-0.9226196,0.9736984,-0.21163535,-1.1698439,-1.2584567,0.3679787,0.012104958,-1.8162969,-0.27332887,-0.8876928,-1.4572582,0.13951318,0.3399202,1.5487927,84
0.5380264,0.87363,-0.90995514,1.0104469,-0.13552924,-1.246532,-1.1964865,0.47396743,0.06937088,-1.8634639,-0.3462429,-0.8914286,-1.6010481,0.19151661,0.355108,1.6172782,84
2.4778097,1.7847292,-1.7892987,2.142271,-1.5038917,-0.7818567,-1.4716244,-1.869573,1.1469823,-4.737613,-0.3995408,-0.28457627,-2.594871,-0.47708166,-0.9689499,2.0521295,13
0.3755716,0.84450215,-1.0201275,1.2527953,-0.17334811,-1.3071705,-1.2955587,0.6332551,0.008327603,-2.1232476,-0.4862424,-0.7998794,-1.612359,0.15811966,0.42379963,1.7458059,84
3.12127,1.4598655,-2.0700085,2.057455,-1.1763518,-0.9959537,-1.7823894,-1.7388934,0.8973001,-5.1434793,-0.7595472,0.12168683,-3.5661273,-0.49581382,-1.0559751,2.1645288,104
1.3971756,1.5030237,-1.3720009,1.8561374,-1.0147495,-0.61717355,-1.5588932,-1.6928929,0.77010804,-3.32293,-0.15270963,-0.5202702,-1.257929,-0.3725639,-1.3270314,1.6017755,13
0.4140178,0.9043736,-0.7523657,0.6639943,-0.26552984,-1.1316211,-1.511769,0.44449753,-0.12886001,-1.5850456,-0.33118612,-0.8992354,-1.5623153,0.10860166,0.3701803,1.3920553,84
0.3423043,0.94987166,-0.82709026,0.7377449,-0.29170465,-1.0917814,-1.3961837,0.5257184,-0.037110522,-1.7427495,-0.30446824,-0.9265046,-1.5008924,0.1259158,0.44949687,1.4385018,84
3.9605656,1.524383,-2.6997108,1.7098166,-1.1788745,-1.3632927,-1.870992,-1.7802103,1.0874174,-6.2423034,-1.3078591,0.44806635,-4.873147,-0.20603433,-1.2272477,2.3577793,104
3.4485633,1.5690218,-2.5205166,2.119782,-1.1710604,-1.1015055,-1.7568436,-1.751544,0.93409985,-5.9137597,-0.79390484,0.33186954,-3.937116,-0.28512263,-1.007365,2.0899994,104
0.41091996,0.9321552,-0.84787285,0.7072954,-0.28704295,-1.1667314,-1.3473394,0.44767714,-0.035241917,-1.7140684,-0.32268792,-0.9536866,-1.555508,0.2062583,0.4565432,1.4724355,84
3.079618,1.7881573,-2.5134466,2.162346,-1.3015405,-1.0527035,-1.8999074,-2.1070197,0.979018,-5.667944,-0.5777684,0.08764057,-3.4044828,-0.4172269,-1.1581783,2.1025314,104
3.7773643,1.2965839,-2.4255812,1.7518259,-1.0851436,-1.2196304,-1.7018788,-1.6607409,0.81130743,-5.7900004,-1.2216154,0.4728771,-4.493202,0.026076742,-1.2023935,2.1511261,104
0.355631,0.87760264,-0.93408585,0.78245795,-0.20696655,-1.2044964,-1.3563113,0.43626016,-0.06714396,-1.7776936,-0.37993827,-0.87359136,-1.5436716,0.16990858,0.34721768,1.5112623,84
1.3793297,1.5369579,-1.4216348,1.7582034,-1.0277747,-0.5832577,-1.4404926,-1.6286492,0.84307903,-3.3485458,-0.14580129,-0.5323319,-1.2795802,-0.32140848,-1.2770593,1.6306984,13
3.813605,1.752149,-3.0319734,2.3361826,-1.3459146,-1.3398293,-1.7497141,-1.9186354,1.4313222,-6.9594707,-0.87006557,0.52345586,-4.7675986,-0.5391985,-0.62565833,2.579647,104
0.25349492,0.956901,-0.8216377,0.70091164,-0.30272853,-1.0860273,-1.4536779,0.13596465,-0.07061817,-1.5924733,-0.19901463,-0.91967154,-1.3099022,0.08615935,0.17129904,1.3509696,84
0.4109373,0.9720498,-0.84339434,0.7282921,-0.25922,-1.1328691,-1.3489387,0.11838968,0.02759777,-1.672172,-0.21301582,-0.93520737,-1.4019535,0.12463209,0.08836229,1.4067411,84
2.3987668,1.5672361,-1.6462345,1.7032017,-1.3168756,-0.8388969,-1.5013132,-1.8268003,1.0128093,-4.101367,-0.55691636,-0.35146683,-2.5101883,-0.4043604,-1.2109096,1.9451003,13
0.23947816,0.8913133,-0.946817,0.71707547,-0.2493074,-1.1375508,-1.396833,0.36073342,-0.118554786,-1.6818314,-0.30533296,-0.8966903,-1.4157331,0.14364275,0.3250407,1.4327859,84
3.037137,1.2178499,-1.9305819,1.7999045,-1.0308071,-0.987675,-1.7621777,-1.7249997,0.77823955,-4.70947,-0.8742771,0.14586954,-3.5483828,-0.4711998,-1.1452308,2.1307266,104
1.3835466,1.5446283,-1.4567915,1.9279822,-1.0850736,-0.58367056,-1.6154296,-1.7989265,0.78154236,-3.4769921,-0.09851912,-0.49442446,-1.2539868,-0.4160315,-1.3295057,1.5976349,13
0.3582002,0.9744015,-0.79099286,0.46848232,-0.2753773,-1.1642998,-1.686482,0.18806702,-0.14935638,-1.4293113,-0.31607378,-0.9443853,-1.3983184,0.09970847,0.15288109,1.2555727,84
0.21983974,1.0522574,-0.80837977,0.546908,-0.3427031,-1.0464433,-1.6714485,0.3769245,-0.15019374,-1.4916471,-0.2440536,-0.9929501,-1.2973431,-0.0036040023,0.30218387,1.2942207,84
3.77733,1.2581158,-2.446885,1.3946875,-0.9820298,-1.1930923,-1.811223,-1.6893667,0.91262776,-5.5880704,-1.3428228,0.44915164,-4.6714163,-0.14607093,-1.3177333,2.2509012,104
3.4164333,1.1805291,-2.170786,1.4399772,-0.9414365,-1.0460966,-1.7030106,-1.6887714,0.68122375,-4.8866634,-1.0864222,0.22773583,-3.9311182,-0.059117965,-1.3498082,2.0466387,104
0.36997074,0.95451915,-0.831841,0.41630495,-0.3057197,-1.1562959,-1.6630208,0.36249268,-0.14403735,-1.5896065,-0.3274601,-0.9182367,-1.5774055,0.17354116,0.38813812,1.2777613,84
2.9681337,1.5441549,-2.3848784,1.8976876,-1.1444844,-0.9945353,-1.9051037,-2.072007,0.7373803,-5.1690793,-0.6475187,0.078528985,-3.2741194,-0.36255783,-1.3352723,1.977664,104
3.7202747,1.0158296,-2.2395442,1.3912599,-0.9232656,-1.1380138,-1.6833391,-1.6037629,0.61333156,-5.178974,-1.4035532,0.46755677,-4.464107,0.11741787,-1.392194,2.1204638,104
0.26677525,0.8848059,-0.8266835,0.5454975,-0.28007472,-1.1046671,-1.541081,0.2786241,-0.20124955,-1.5407977,-0.31105313,-0.87597936,-1.4352564,0.120990366,0.2693839,1.3273871,84
1.4005609,1.5569394,-1.4951301,1.713468,-1.0585532,-0.5987702,-1.5634975,-1.7849262,0.78812885,-3.3551545,-0.124683544,-0.56798905,-1.2484535,-0.353399,-1.4016829,1.5689994,13
3.7073345,1.7276464,-3.1585515,2.100246,-1.2708265,-1.3838799,-2.0234678,-2.1322308,1.2158127,-6.814151,-0.909324,0.4666868,-4.6484523,-0.48627,-1.0307492,2.4284127,104
0.209529,1.0086501,-0.8613787,0.45533293,-0.28521612,-1.0950348,-1.756011,0.07680269,-0.22372149,-1.3565731,-0.20931792,-0.96860987,-1.2083244,0.023014255,0.07400423,1.2096106,84
0.2776348,1.0252159,-0.8514019,0.44836962,-0.28155607,-1.1253984,-1.7212098,0.032300457,-0.17929278,-1.3774294,-0.2134797,-0.9852238,-1.2481989,0.049219877,0.0006310642,1.2293619,84
2.27322,1.4073635,-1.5060326,1.4679831,-1.2190737,-0.81448156,-1.4355876,-1.806882,0.95181894,-3.7409294,-0.5701381,-0.40800342,-2.3957856,-0.37056512,-1.2754056,1.8597708,13
0.19007261,0.909594,-0.83382076,0.5383635,-0.305344,-1.0825775,-1.6079757,0.2581998,-0.20111106,-1.5379388,-0.2808505,-0.88428015,-1.3709831,0.085909456,0.2706609,1.2849029,84
2.7880921,0.9819744,-1.6801515,1.6111273,-0.88977945,-0.8421755,-1.6524107,-1.6136503,0.70009947,-4.2560625,-0.8619329,0.19982477,-3.3281353,-0.395478,-1.1262245,1.9915967,104
1.3682314,1.5184541,-1.4533973,1.7875735,-1.0352068,-0.5730311,-1.6238799,-1.7768656,0.7686471,-3.4136205,-0.11227852,-0.5010131,-1.2246711,-0.35462967,-1.411516,1.5090805,13
0.29784322,0.9952888,-0.7960654,0.37431508,-0.24208252,-1.130826,-1.7276726,0.1242161,-0.11102338,-1.4484286,-0.30544224,-0.9012984,-1.3102878,0.14992537,0.03046298,1.164854,84
0.1856686,1.0552158,-0.7748891,0.38717502,-0.31904206,-1.0608788,-1.7673485,0.22502506,-0.14537068,-1.4221523,-0.2457421,-0.96718544,-1.2247119,0.07259396,0.14489138,1.164439,84
3.515835,1.2345781,-2.4101505,1.5413693,-1.0331047,-1.0686097,-1.9001181,-1.7755682,0.9074253,-5.8687563,-1.2019577,0.5610712,-4.534506,-0.0874258,-1.3204007,2.133192,104
3.2840874,0.83494985,-1.854815,1.1006438,-0.7422012,-0.95265377,-1.5713708,-1.5523317,0.49731046,-4.1092014,-1.2262504,0.21355389,-3.7971823,0.01964315,-1.4294064,1.992879,104
0.21945761,1.0068457,-0.79467505,0.37364537,-0.28456363,-1.1006948,-1.7513247,0.21350533,-0.13302682,-1.4805713,-0.26056314,-0.9217082,-1.3099813,0.11520481,0.1898736,1.1623119,84
2.7798686,1.4178944,-2.172064,1.8492228,-1.0995737,-0.8689966,-1.8912015,-2.0285687,0.6424917,-4.8957562,-0.62546784,0.09760867,-3.083816,-0.34176576,-1.3697073,1.8954375,13
3.497899,0.6806004,-1.8788626,1.1059593,-0.7384938,-0.95250607,-1.4954319,-1.3766742,0.5147337,-4.496688,-1.4648556,0.51751435,-4.2697644,0.2147649,-1.358671,2.0145261,104
0.18912725,0.9831504,-0.8450265,0.40933388,-0.30977768,-1.0716918,-1.7690039,0.15485376,-0.25160027,-1.4363585,-0.26929387,-0.9280425,-1.2937069,0.013634093,0.09494193,1.2261535,84
1.3675411,1.572199,-1.566765,1.8255376,-1.0939988,-0.53935236,-1.6736915,-1.8594801,0.762625,-3.5633438,-0.06627293,-0.5032986,-1.2273202,-0.38433573,-1.4274888,1.5296856,13
3.590602,1.7166082,-3.15838,2.0125318,-1.2105056,-1.3059024,-2.1351037,-2.211169,1.1261114,-6.7836194,-0.85110766,0.46911156,-4.513877,-0.4823228,-1.1812625,2.305142,104
0.1703647,0.98870873,-0.85535073,0.33728993,-0.24688995,-1.0624726,-1.767859,-0.0068364143,-0.20701645,-1.3307068,-0.17739066,-0.91477406,-1.1474226,0.09225987,0.0017815828,1.0995774,81
0.25407976,1.0158588,-0.8048547,0.29366094,-0.256653,-1.1180526,-1.7811484,-0.07079171,-0.17337589,-1.2730929,-0.22190164,-0.9692006,-1.1934669,0.101968735,-0.1159167,1.1446065,81
2.159753,1.3872181,-1.4689811,1.4772273,-1.2245299,-0.7450671,-1.4228642,-1.7438011,1.0007653,-3.8233767,-0.55317855,-0.36250287,-2.3621197,-0.35965955,-1.2585387,1.8294811,13
0.13418646,0.9907436,-0.8521656,0.38689512,-0.30558944,-1.0561036,-1.8187294,0.16671568,-0.2724955,-1.4079828,-0.25245616,-0.93346524,-1.2263933,0.0134544,0.10142198,1.1780865,84
2.7874482,1.0796764,-1.8796535,1.8485652,-0.9678832,-0.8019707,-1.7799003,-1.7068963,0.68232167,-4.777759,-0.7884652,0.3101219,-3.3985465,-0.345617,-1.1389592,1.985779,104
1.4212552,1.5905478,-1.544775,1.7677644,-1.0413232,-0.5894124,-1.5990248,-1.7226875,0.85831404,-3.563195,-0.1340724,-0.49348456,-1.2982421,-0.3195576,-1.4118545,1.5206655,13
0.28560466,1.0366994,-0.81311,0.36734432,-0.22077964,-1.0770051,-1.7006056,0.16246417,-0.090721354,-1.4916462,-0.29335642,-0.873146,-1.2801665,0.18307048,-0.0012734085,1.1535698,84
0.14272489,1.1252825,-0.76448953,0.34936172,-0.30990356,-0.98589545,-1.7640982,0.22691655,-0.08823766,-1.4626672,-0.20349026,-0.9500501,-1.1393135,0.072457895,0.07771705,1.1136112,84
3.5215826,1.4142596,-2.5977402,1.7470847,-1.1045433,-0.996594,-1.9765081,-1.7891845,0.9630286,-6.3753924,-1.1151011,0.645105,-4.554567,-0.08875643,-1.2961764,2.139014,104
2.9713633,0.58702457,-1.4926338,0.9874196,-0.6040946,-0.7310902,-1.4169338,-1.3766152,0.4173447,-3.5422375,-1.1767936,0.2836932,-3.44713,0.08112855,-1.3369541,1.8318958,104
0.20519765,1.0446995,-0.7941571,0.33563632,-0.26372436,-1.0691751,-1.7500436,0.17884462,-0.088541016,-1.5057981,-0.2606944,-0.8968117,-1.2552141,0.13731365,0.09985028,1.1302509,84
2.812979,1.3333912,-2.089782,1.8022343,-0.9884366,-0.863403,-1.7706537,-1.840682,0.63690335,-4.694685,-0.6787338,0.1259572,-3.0809236,-0.2785983,-1.2937582,1.9053427,104
3.3331769,0.6866888,-1.8688194,1.2153113,-0.76358414,-0.78976256,-1.5505307,-1.3950208,0.50062823,-4.6854935,-1.3443165,0.6073748,-4.1551437,0.26302978,-1.3423054,1.9216111,104
0.14474453,1.004828,-0.8153576,0.33558756,-0.2587389,-1.0212816,-1.8067362,0.073556095,-0.22010787,-1.4175597,-0.2282915,-0.8816039,-1.1849442,0.04549949,-0.04103157,1.1273179,81
1.3540927,1.591996,-1.5549686,1.7832688,-1.0880591,-0.54032004,-1.6430299,-1.7924888,0.8271872,-3.5979874,-0.07902849,-0.4976251,-1.2431524,-0.34001344,-1.4317148,1.5069838,13
3.4629982,1.8408885,-3.0999064,2.2781243,-1.3446094,-1.1449028,-2.2613926,-2.2393246,1.1294931,-7.1660204,-0.72766036,0.5441703,-4.4554977,-0.51419294,-1.1725354,2.2929006,104
0.12013583,1.0230939,-0.83121675,0.36569422,-0.24562976,-0.9872558,-1.7350712,0.07372384,-0.16230328,-1.3913985,-0.18317422,-0.87912476,-1.1092135,0.087800846,-0.020248413,1.1088037,81
0.19249754,1.0280508,-0.7737603,0.320041,-0.23406316,-1.0360986,-1.7649858,-0.026115462,-0.12608416,-1.3414321,-0.20456953,-0.9017356,-1.1344112,0.088167146,-0.1305008,1.1218946,81
2.1593523,1.4141108,-1.5294611,1.5824783,-1.259567,-0.736928,-1.4064622,-1.6891904,1.0701401,-4.040515,-0.5917369,-0.28244114,-2.4408102,-0.36561218,-1.2047086,1.8772895,13
0.078241184,1.0231299,-0.81715965,0.35139412,-0.2623723,-0.99349093,-1.8262465,0.13868533,-0.21221827,-1.4426279,-0.20847312,-0.8845269,-1.1388552,0.04245062,0.004118368,1.1085235,81
2.9828548,1.1961421,-2.2362514,2.1202655,-0.99069667,-0.88201225,-1.9071686,-1.851785,0.60893714,-5.3025384,-0.78558815,0.3934334,-3.5595496,-0.33504727,-1.1632009,2.0687134,104
1.4528329,1.6098073,-1.6256255,1.9541386,-1.0367445,-0.57493025,-1.6179321,-1.7163613,0.82865196,-3.757738,-0.09666735,-0.4235391,-1.3182563,-0.3278206,-1.3388009,1.5399648,13
0.311158,1.026363,-0.8668354,0.3262288,-0.16952352,-1.064627,-1.721025,0.16929351,-0.16321258,-1.5011866,-0.31356263,-0.8179532,-1.298567,0.23872891,-0.018141672,1.1244738,84
0.17488633,1.1524518,-0.7894875,0.29513144,-0.28958386,-0.97098356,-1.749937,0.21951787,-0.084686324,-1.4643488,-0.22838709,-0.9228967,-1.1495491,0.12341094,0.039742768,1.1010437,84
3.6816704,1.5625364,-2.8933537,1.9184588,-1.0567853,-1.0851005,-2.0814865,-1.8486469,0.94571024,-6.7338657,-1.1229427,0.68753755,-4.6082025,-0.09177419,-1.3236091,2.2086637,104
3.0418007,0.6891268,-1.7378784,1.2742461,-0.65202296,-0.7195642,-1.5709503,-1.5010151,0.36607516,-4.0626574,-1.1275525,0.431006,-3.5251257,0.10442521,-1.3402162,1.8384962,104
0.25296068,1.0872893,-0.8199623,0.32099658,-0.23607895,-1.0440412,-1.7302954,0.1721754,-0.08797519,-1.5149053,-0.26580745,-0.86709005,-1.2507216,0.17064962,0.044653937,1.1262666,84
2.9070904,1.33856,-2.286447,2.0490265,-0.94325304,-0.8694304,-1.8580155,-1.8417009,0.5633817,-5.063713,-0.6568984,0.26230258,-3.1955328,-0.2678007,-1.2424488,1.9362005,104
3.3951316,0.79685855,-2.0760818,1.4034381,-0.7703357,-0.7950578,-1.6706622,-1.554446,0.44251418,-4.979102,-1.2805235,0.6390867,-4.1424665,0.25236946,-1.3774805,1.9452832,104
0.14886402,1.0555736,-0.8367433,0.30320805,-0.22855869,-0.98204297,-1.8261039,0.08054576,-0.19774641,-1.4731574,-0.2286638,-0.8451026,-1.1612988,0.063976035,-0.10462922,1.092108,81
1.3799582,1.6347443,-1.6079609,1.8670903,-1.0958772,-0.53725004,-1.615993,-1.7446969,0.86004466,-3.725636,-0.08326559,-0.46806288,-1.2731403,-0.33339095,-1.3895476,1.5285366,13
3.5716317,1.8561428,-3.2051988,2.4705396,-1.3080742,-1.1144067,-2.2435827,-2.144073,1.0716829,-7.4529486,-0.7414609,0.6618832,-4.5546637,-0.4813363,-1.0911334,2.3443987,104
0.17295928,0.99635255,-0.90556455,0.31935632,-0.17432132,-1.0141178,-1.758805,0.09667828,-0.22614802,-1.423656,-0.23161519,-0.81610924,-1.176744,0.16020544,-0.04001055,1.0940425,84
0.24229948,1.0296861,-0.81461465,0.30418962,-0.18202165,-1.0344388,-1.7517061,0.01817397,-0.14966191,-1.3942142,-0.23506437,-0.8474292,-1.182741,0.14888848,-0.12820171,1.1225291,81
2.3114915,1.4157096,-1.7575184,1.7650586,-1.2227529,-0.79189026,-1.4434721,-1.7105575,1.014419,-4.342617,-0.5919566,-0.1875206,-2.602188,-0.3793932,-1.1469879,1.9337575,13
0.079967365,1.0707718,-0.8217678,0.32064056,-0.24087179,-0.9576811,-1.8225336,0.15424787,-0.18078883,-1.4817936,-0.21228635,-0.849599,-1.1215454,0.06869854,-0.034365624,1.0838877,81
3.1692798,1.3067539,-2.5944006,2.4612436,-0.98571646,-0.97777903,-1.9833055,-1.9468722,0.576829,-5.8268785,-0.7425051,0.46844023,-3.6982207,-0.35720044,-1.0934595,2.170385,104
1.5334777,1.6090391,-1.7820287,2.1917768,-1.0107479,-0.611222,-1.6609523,-1.7216325,0.79184645,-4.0436425,-0.06110543,-0.3413042,-1.4075767,-0.33582282,-1.2519252,1.5942374,13
0.32518923,0.9915612,-0.9035915,0.37690997,-0.10463634,-1.0796344,-1.7158065,0.2164303,-0.20830236,-1.5115875,-0.33791757,-0.7723073,-1.3095229,0.23246378,0.023564532,1.1620725,84
0.16223438,1.1182171,-0.8345063,0.26148754,-0.2238678,-0.989464,-1.7618508,0.2673068,-0.11951192,-1.5108519,-0.2745515,-0.8616701,-1.1791517,0.17219421,0.052682713,1.0755695,84
3.9004025,1.6820318,-3.2025335,2.0531354,-0.96168244,-1.2257057,-2.1451447,-1.8692734,0.98357624,-7.021652,-1.1699558,0.69930255,-4.7297254,-0.11396917,-1.3049111,2.3316069,104
3.1708088,0.8603939,-2.0911136,1.5841777,-0.7309854,-0.7665031,-1.7393122,-1.6945533,0.35491437,-4.6885815,-1.0623969,0.5199398,-3.6427677,0.073174834,-1.348434,1.8904979,104
0.24198739,1.0730919,-0.86477554,0.3050933,-0.16908237,-1.0558164,-1.7466638,0.23738262,-0.120847866,-1.5809135,-0.3112611,-0.80857223,-1.2739719,0.20355827,0.050083205,1.1113962,84
3.0138323,1.3606765,-2.532075,2.3429184,-0.8973588,-0.9179079,-1.9394529,-1.9188743,0.51938844,-5.4896326,-0.5951526,0.3808201,-3.3103147,-0.31279418,-1.1447253,1.9815269,104
3.5429814,0.8938794,-2.3756008,1.6363603,-0.7338203,-0.91869605,-1.7864876,-1.717232,0.43603516,-5.358989,-1.2573049,0.68796414,-4.2083073,0.24584323,-1.3616188,2.0054526,104
0.16671957,1.0616689,-0.88071626,0.26821953,-0.189532,-0.9950598,-1.8208132,0.10970423,-0.20157339,-1.5222301,-0.27756926,-0.81745195,-1.1929892,0.12209587,-0.13415764,1.0914966,81
1.4144484,1.6452656,-1.6968482,2.0420976,-1.08447,-0.5458016,-1.638452,-1.7341145,0.844971,-3.9196732,-0.061518773,-0.40297496,-1.3144752,-0.35043678,-1.3201354,1.5633461,13
3.738117,1.7749783,-3.3444946,2.5180817,-1.1001303,-1.1667821,-2.1635737,-1.9949577,0.9843993,-7.52046,-0.81940734,0.7995443,-4.6513343,-0.43787992,-0.994483,2.3705757,104
0.17928277,0.9597837,-0.9449071,0.3416636,-0.10720867,-1.0249447,-1.7480469,0.16717854,-0.26354587,-1.4725051,-0.25776625,-0.75760955,-1.2134125,0.1739541,0.017778724,1.1087368,84
0.28141236,0.99775565,-0.8775073,0.30309063,-0.10492559,-1.0538863,-1.7447684,0.09179113,-0.20091741,-1.4452825,-0.27657023,-0.7887862,-1.2437365,0.19311544,-0.08883731,1.1295139,84
2.4115415,1.4195478,-1.944288,2.0161805,-1.2077662,-0.80653083,-1.4853823,-1.734495,0.97200465,-4.6589622,-0.5488163,-0.09028893,-2.711255,-0.42550984,-1.0479698,1.990707,13
0.094916955,1.0657752,-0.8678577,0.2724272,-0.1914523,-0.9787716,-1.831053,0.18441921,-0.20054536,-1.5263455,-0.26557046,-0.8104284,-1.1571865,0.12796094,-0.05330091,1.0710725,81
3.3655877,1.4311881,-2.865416,2.7377596,-0.95948577,-1.0589573,-1.9814281,-1.9130318,0.6521707,-6.2260404,-0.746298,0.48656124,-3.8390982,-0.4037196,-0.97747403,2.3182828,104
1.6272004,1.6685092,-1.9046371,2.4731874,-1.0440652,-0.630796,-1.6839433,-1.662987,0.82887864,-4.363034,-0.07681094,-0.29286364,-1.5223154,-0.37686646,-1.149432,1.7381464,13
0.3854583,0.99097085,-0.94066846,0.46430945,-0.053730577,-1.128394,-1.6846874,0.34168676,-0.18672322,-1.6027925,-0.40419906,-0.76080805,-1.3844609,0.23342818,0.12689024,1.2699162,84
0.21186669,1.1326222,-0.8698879,0.34813082,-0.19239752,-0.98587954,-1.7378075,0.31351864,-0.1341791,-1.5189683,-0.3035429,-0.8689589,-1.1596278,0.13752666,0.07339768,1.1571386,84
4.0967307,1.8263453,-3.4767346,2.2984347,-0.88707864,-1.3232874,-2.130897,-1.8295677,1.0593166,-7.3209143,-1.1791677,0.68897814,-4.807237,-0.17167097,-1.1871555,2.4979537,104
3.2802734,1.0315125,-2.4249992,1.9418024,-0.79636955,-0.82830125,-1.8711405,-1.8687043,0.38719153,-5.2494717,-0.9595145,0.568157,-3.7014437,0.027629748,-1.2892921,1.9559084,104
0.2790352,1.0596952,-0.9080492,0.34818578,-0.10615864,-1.0918703,-1.7412543,0.29891747,-0.14602534,-1.6160686,-0.35748252,-0.77792335,-1.3089259,0.21394745,0.09914613,1.164818,84
3.168751,1.5056837,-2.8673372,2.6955075,-0.92328286,-0.9847754,-2.0244198,-1.9983637,0.574924,-6.0681705,-0.53647816,0.43745327,-3.45801,-0.3736628,-1.0439069,2.0953758,104
3.7071984,1.0376799,-2.653057,1.9082149,-0.73254406,-0.96995527,-1.8218489,-1.7983788,0.47885472,-5.7079244,-1.2041398,0.6765282,-4.265111,0.16305196,-1.2567272,2.125456,104
0.20850988,1.0598241,-0.92194253,0.3141693,-0.14627777,-1.0032446,-1.7938035,0.14776248,-0.21917726,-1.5510237,-0.31648403,-0.8029956,-1.1955199,0.13622071,-0.12694554,1.1327547,81
1.495758,1.6762227,-1.8176209,2.2660832,-1.0779132,-0.57144225,-1.6853578,-1.7207155,0.83929044,-4.1662903,-0.04880251,-0.34647915,-1.3832211,-0.38348943,-1.2433953,1.6374124,13
3.7912872,1.7406113,-3.4819994,2.541707,-0.92310214,-1.2087053,-2.1634398,-1.9420106,0.951784,-7.5565333,-0.8367584,0.86651075,-4.64199,-0.42721027,-0.95869404,2.3727689,104
0.23078705,0.95599663,-0.9852853,0.4420464,-0.062521584,-1.0712849,-1.7224941,0.27181858,-0.24677338,-1.552511,-0.31725657,-0.74374115,-1.2796776,0.1628899,0.1087635,1.2225802,84
0.36140323,0.97568774,-0.9562872,0.38774252,-0.032887235,-1.0981723,-1.721509,0.14777896,-0.23421697,-1.5128776,-0.31335288,-0.75352204,-1.2972848,0.20493996,-0.028818801,1.1962157,84
2.5068038,1.4981228,-2.1332371,2.2962718,-1.2457492,-0.8422176,-1.5354335,-1.7804669,1.025244,-5.0682654,-0.5272143,-0.032389328,-2.8250477,-0.4641897,-0.9593936,2.0915823,13
0.14677824,1.092126,-0.8975533,0.32136327,-0.17142907,-0.97408646,-1.7978148,0.21602663,-0.18886651,-1.5577834,-0.290009,-0.8158285,-1.1547462,0.12405978,-0.03820411,1.1241024,84
3.5481482,1.4869684,-3.0566812,2.8972588,-0.875986,-1.2120377,-1.8869827,-1.7889396,0.86534,-6.613228,-0.865165,0.49859154,-4.0548635,-0.3833575,-0.82730806,2.4853563,104
1.7272433,1.654501,-1.8216443,2.543445,-1.0290343,-0.6558469,-1.5071609,-1.548433,0.990896,-4.3862143,-0.1572034,-0.28866482,-1.596082,-0.38463488,-0.9614216,1.8516544,13
0.44707137,0.96371734,-0.9285313,0.5860283,-0.010630965,-1.2314956,-1.5697782,0.5083493,-0.07993181,-1.7438792,-0.55004567,-0.78283864,-1.4966134,0.25758517,0.289031,1.441203,84
0.25540477,1.1490965,-0.8611247,0.42349643,-0.19420724,-1.0455997,-1.6681135,0.4221928,-0.0026171654,-1.6623845,-0.419119,-0.8996163,-1.2416217,0.1467504,0.16297689,1.3007498,84
4.0956297,1.9175065,-3.6758544,2.2260294,-0.78192747,-1.3824043,-2.1279843,-1.8402847,1.21302,-7.470541,-1.1874714,0.6361103,-4.7794657,-0.17161322,-1.1951308,2.5049157,104
3.44391,1.1871449,-2.7582583,2.22443,-0.80842495,-0.90371364,-1.9120669,-1.9511883,0.45303178,-5.716385,-0.9098379,0.57933974,-3.7927957,-0.0073366314,-1.1943574,2.0530498,104
0.35624534,1.0818838,-0.9291941,0.48219758,-0.08162731,-1.1393827,-1.6794088,0.42455626,-0.079828635,-1.7322675,-0.45924103,-0.8032498,-1.3741949,0.19035721,0.18057558,1.331905,84
3.2128837,1.6217688,-3.0708985,2.8854365,-0.97060835,-1.0302039,-2.005204,-2.0093446,0.7543014,-6.549496,-0.54334843,0.45217502,-3.5621507,-0.37196097,-0.9471875,2.1760714,104
3.8217363,1.2122939,-2.8458807,2.1441536,-0.7884283,-1.0653694,-1.782989,-1.7839066,0.722405,-6.157872,-1.2420146,0.6555379,-4.3685017,0.11369409,-1.1071599,2.2743955,104
0.24233703,1.0796639,-0.92227,0.43303382,-0.14925835,-1.0339642,-1.7274165,0.22891697,-0.114757344,-1.6740223,-0.40402818,-0.8287521,-1.2288109,0.12724426,-0.061573476,1.2736015,84
1.5673231,1.716014,-1.8779871,2.4941807,-1.1048388,-0.5776764,-1.6461766,-1.6233118,0.89138436,-4.3947763,-0.07820286,-0.33404136,-1.4564852,-0.40725705,-1.1253657,1.7751193,13
3.8594608,1.7412118,-3.6988497,2.546111,-0.737646,-1.2945561,-2.1847496,-1.9790208,0.89828515,-7.5740776,-0.8356862,0.86397886,-4.599996,-0.41943243,-0.975701,2.3728268,104
0.30587506,0.9217738,-1.0076994,0.5420744,-0.0066856444,-1.1898999,-1.6517224,0.41088086,-0.1489382,-1.7311997,-0.47731146,-0.73763,-1.4154153,0.21099266,0.219192,1.3678676,84
0.41883945,0.9684889,-0.9771238,0.49912208,0.0019480139,-1.1788676,-1.6591635,0.27572933,-0.14569594,-1.6836915,-0.4228557,-0.75069803,-1.4090687,0.2259652,0.08957879,1.3361225,84
2.6129637,1.5448815,-2.3236578,2.4927874,-1.2730776,-0.91507995,-1.519691,-1.8145584,1.1126363,-5.440471,-0.5687649,-0.012704954,-2.955957,-0.46122056,-0.8860568,2.1899045,13
0.18472065,1.1231085,-0.893847,0.43681705,-0.18862887,-1.015561,-1.7335982,0.28313458,-0.071652845,-1.683753,-0.3858947,-0.8610772,-1.1905158,0.100021064,0.024798423,1.2778181,84
3.5519283,1.501405,-3.1965725,2.9907737,-0.8050771,-1.2960367,-1.7869945,-1.7320589,0.98146516,-6.8114133,-0.8606148,0.4515593,-4.0483737,-0.3301665,-0.7235814,2.5144663,104
1.9061717,1.6428359,-1.7474271,2.4453406,-0.9713825,-0.7109986,-1.3182797,-1.535226,1.1638293,-4.3461237,-0.21042171,-0.25686404,-1.7055426,-0.3385832,-0.78144467,1.872526,13
0.63733816,0.87849104,-1.0069507,0.8256099,0.068953976,-1.3873363,-1.4220545,0.6430047,0.006580934,-1.9271032,-0.72626483,-0.76068854,-1.677269,0.31123605,0.45825619,1.6451768,84
0.4080342,1.0795293,-0.9378715,0.56260294,-0.11828686,-1.1939605,-1.5525038,0.5250382,0.057088673,-1.8001703,-0.56973433,-0.8901888,-1.3912164,0.2116315,0.29296938,1.4508599,84
3.8374267,1.8599528,-3.4551709,1.8755296,-0.7317622,-1.3215568,-1.9366548,-1.8135813,1.3967774,-6.9858465,-1.2244991,0.4914543,-4.4580917,-0.10892017,-1.2088478,2.3834715,104
3.4850185,1.3878098,-2.9681282,2.5784183,-0.92185116,-1.0066795,-1.8623929,-1.964643,0.66936994,-6.253012,-0.8735826,0.5413233,-3.801355,-0.012712941,-1.0252826,2.166258,104
0.46516323,1.0559572,-0.95202434,0.65573204,-0.038537994,-1.243365,-1.5316789,0.6177263,0.06194797,-1.9138465,-0.6041378,-0.82631934,-1.5138938,0.21544364,0.3422143,1.5302972,84
3.2470913,1.7150525,-3.20395,3.0225673,-1.0316703,-1.1013988,-1.907515,-1.9818501,0.9438763,-6.8651476,-0.57049847,0.41018683,-3.604233,-0.30326134,-0.84268445,2.2407947,104
3.7813663,1.3035849,-2.9139018,2.2944508,-0.81354594,-1.1258134,-1.6889431,-1.7640939,0.885651,-6.2951646,-1.215163,0.559975,-4.251823,0.13342685,-0.9932594,2.31583,104
0.32732767,1.0247979,-0.95484877,0.56237894,-0.1083339,-1.1631088,-1.6306684,0.31911933,0.00093854964,-1.8544614,-0.55200446,-0.82021797,-1.3643627,0.18166012,0.06431179,1.4127134,84
1.68614,1.6380783,-1.6770569,2.377141,-1.0172937,-0.6222387,-1.3954208,-1.5158341,1.103947,-4.1962748,-0.18288621,-0.32719225,-1.5221053,-0.385892,-0.9173554,1.8215929,13
3.7268434,1.789418,-3.7336109,2.2754602,-0.6580171,-1.3062472,-2.1893451,-2.0558214,1.0246147,-7.435025,-0.8656649,0.770518,-4.439983,-0.4411041,-1.0797395,2.2932692,104
0.445455,0.85947454,-1.0463662,0.7644179,0.035281733,-1.3235718,-1.4861677,0.53879833,-0.043642804,-1.9002299,-0.6429889,-0.74367255,-1.5601352,0.25173107,0.38201463,1.5739989,84
0.5368149,0.92692775,-1.008162,0.7000642,0.019952506,-1.298205,-1.5122929,0.36328351,-0.007100925,-1.872006,-0.56300247,-0.75522226,-1.5501152,0.2531179,0.23443732,1.5234606,84
2.677888,1.5871348,-2.4995797,2.6803083,-1.3465903,-0.9842277,-1.484153,-1.8277053,1.2242261,-5.8258967,-0.6242484,0.018767223,-3.0842788,-0.4158575,-0.81208557,2.267695,13
0.30506265,1.0755825,-0.9518575,0.55283386,-0.13716437,-1.1531154,-1.6445291,0.3935234,0.018777415,-1.856444,-0.54333436,-0.8565212,-1.3413786,0.16127819,0.14802194,1.414664,84
3.4917707,1.5099249,-3.3172565,3.0613017,-0.7848089,-1.2965635,-1.7116368,-1.6630889,0.99162406,-6.854354,-0.82526284,0.3926322,-3.9479384,-0.25442016,-0.67335314,2.5074167,104
2.1117272,1.7582362,-1.7746359,2.48623,-1.0512755,-0.6706188,-1.2120175,-1.543007,1.2744377,-4.5589504,-0.20403132,-0.19899032,-1.8681009,-0.34582317,-0.61646813,1.956172,13
0.9260227,0.75950086,-1.1745819,1.1467406,0.23357812,-1.600879,-1.2469792,0.8754633,0.067464024,-2.1959372,-0.9213023,-0.66965824,-1.9628854,0.4309728,0.64933705,1.8806015,84
0.6553499,0.9918742,-1.0585196,0.83961296,0.0045425296,-1.3493272,-1.4043849,0.722869,0.10084567,-1.9833971,-0.7297267,-0.8302143,-1.6194576,0.2892576,0.4621355,1.6606554,84
3.593927,1.8413002,-3.3876317,1.8722118,-0.7545012,-1.2577528,-1.8499491,-1.8156341,1.3237249,-6.645283,-1.166709,0.374753,-4.070889,-0.0036816522,-1.2503262,2.2909944,104
3.467242,1.4702454,-3.0896745,2.8218036,-0.95312643,-1.0178119,-1.7861118,-1.9049191,0.7354918,-6.4651246,-0.8065299,0.50254166,-3.7088585,0.056723773,-0.8947637,2.2010386,104
0.81116426,1.0162182,-0.80953085,0.8098742,-0.14424457,-1.2366902,-1.2707205,0.39520168,0.25761583,-1.830451,-0.6421193,-0.78718543,-1.627791,0.20924687,0.53457165,1.6307606,84
3.23606,1.7298357,-3.234422,3.1126409,-1.0440464,-1.1000823,-1.785749,-1.8754878,0.9823461,-6.8817315,-0.59984994,0.36295617,-3.5262775,-0.18322144,-0.77196616,2.2654257,104
3.7971804,1.318098,-3.055736,2.5351906,-0.79154444,-1.1331602,-1.6254289,-1.6783224,0.831607,-6.3866124,-1.1712809,0.5341187,-4.1705,0.23602077,-0.8920359,2.353902,104
0.52792716,0.947611,-1.0465876,0.82821655,-0.018209204,-1.2979878,-1.4900703,0.49557877,0.041957036,-2.0073762,-0.69719934,-0.791311,-1.5377759,0.23332873,0.23641658,1.607622,84
1.9568006,1.7235157,-1.7183871,2.3926516,-1.0569075,-0.66934776,-1.2563152,-1.5821412,1.2756854,-4.383992,-0.20527124,-0.26503247,-1.7327257,-0.39149925,-0.7237604,1.9001089,13
3.347678,1.7300687,-3.3587704,1.5689182,-0.61196643,-1.1381243,-2.0033865,-2.0356343,1.2437748,-6.6759663,-0.91965246,0.56216925,-4.0676327,-0.4241294,-1.2163599,2.101375,104
0.7286884,0.76245433,-1.1556561,1.0848248,0.16255844,-1.5064017,-1.2957442,0.7333394,0.0334796,-2.1076393,-0.841376,-0.6787793,-1.8071746,0.35005346,0.55507696,1.8173101,84
0.7533749,0.8305492,-1.1276809,1.0034021,0.1410526,-1.4764153,-1.3468361,0.51806325,0.054065287,-2.0810661,-0.72868884,-0.6851243,-1.7547882,0.32833382,0.38882446,1.7331463,84
2.9767122,1.4355326,-2.1429884,2.2705379,-1.248668,-1.0982196,-0.98262036,-1.6442626,1.4900959,-5.206735,-0.87247443,0.001520887,-3.2897656,-0.4320281,-0.50623965,2.340113,13
0.5419131,1.0068321,-1.0740645,0.8070148,-0.033610404,-1.2996622,-1.5093615,0.5753036,0.04968041,-2.0184934,-0.69447887,-0.8240112,-1.536255,0.2294845,0.30362543,1.6083772,84
3.830841,1.1360676,-2.4553165,1.9740583,-0.693872,-1.5264466,-0.8674105,-1.4638122,1.3332886,-5.547186,-1.2941266,0.44626218,-4.3842177,-0.2257328,-0.27264267,2.550209,104
2.2527778,1.878662,-1.8830934,2.6230264,-1.0933268,-0.60857224,-1.1515917,-1.521257,1.217669,-4.8294554,-0.097971484,-0.17150459,-1.9514621,-0.35836214,-0.4692324,2.0010996,13
1.1277331,0.6023249,-1.3155358,1.4824868,0.3778899,-1.6872108,-1.0624022,1.1409086,0.024408236,-2.3544564,-1.0403445,-0.552574,-2.1055558,0.50132877,0.808494,2.0468216,40
0.89945847,0.8744075,-1.1955067,1.2056844,0.16156209,-1.5013733,-1.1820467,0.9956941,0.12326596,-2.1916676,-0.8797409,-0.75724864,-1.8391913,0.3810591,0.6435318,1.9214321,84
4.100555,1.5341277,-3.036667,1.6785713,-0.7038989,-1.6900434,-0.9153455,-1.5340049,1.4322811,-5.9475107,-1.4596651,0.32336682,-4.4934525,0.1583167,-0.6231203,2.5520122,104
3.9255648,1.3606951,-2.8013587,2.523388,-0.887849,-1.2904449,-1.1379639,-1.6624689,1.0502142,-6.0717955,-1.0951979,0.46242452,-4.152405,0.016829543,-0.42781585,2.487951,104
1.1889877,1.1322838,-0.89331686,1.1127789,-0.21324518,-1.155738,-0.98474985,0.18911472,0.44112092,-2.0576205,-0.51803744,-0.72411585,-1.6746635,0.17808303,0.55619884,1.781346,84
3.662893,1.5663459,-2.7014427,2.4679365,-1.0617527,-1.3114052,-0.98363674,-1.6161026,1.3591037,-6.1297936,-0.98972905,0.2694534,-3.990116,-0.19012272,-0.34583706,2.5239358,104
4.2567124,1.2914921,-2.8599274,2.321887,-0.8766943,-1.5002152,-0.82829404,-1.4803565,1.187134,-6.258872,-1.3970294,0.47464448,-4.7052383,0.25884697,-0.32675487,2.7120857,104
0.8102258,0.8273988,-1.1933669,1.1694632,0.14267239,-1.4853538,-1.2805746,0.7516026,0.06854752,-2.20869,-0.85745233,-0.7183174,-1.7940509,0.3529627,0.44941866,1.8466626,84
2.1140802,1.8415838,-1.7895764,2.483086,-1.1030825,-0.6016989,-1.2032242,-1.5773125,1.2574584,-4.622123,-0.12640488,-0.19682568,-1.8442492,-0.39979342,-0.5733229,1.9408396,13
3.0503502,1.6838437,-3.1702564,1.1985946,-0.5296172,-1.0379362,-1.8720157,-2.0122542,1.1522166,-5.9200964,-0.86348647,0.34177983,-3.5755074,-0.31000283,-1.3633494,1.9245594,104
0.9944956,0.6117812,-1.3149958,1.4657553,0.33752808,-1.635854,-1.0624179,1.0421938,0.017486796,-2.3375459,-0.96984714,-0.576292,-2.0205295,0.44496125,0.753365,2.0371838,40
1.0245154,0.70673764,-1.2884368,1.3981879,0.32700586,-1.628901,-1.1001031,0.85269606,0.05506161,-2.2918305,-0.8734392,-0.6305214,-1.9657131,0.41103423,0.5995615,2.001376,40
3.2038624,1.4391172,-2.0850163,1.9827653,-1.2333496,-1.152384,-0.69287413,-1.5046978,1.6593399,-5.216312,-0.95857334,0.06734191,-3.6293652,-0.38148904,-0.28266856,2.4087203,104
0.8158478,0.8912376,-1.2124349,1.1521927,0.11953944,-1.4719944,-1.2978251,0.82330376,0.08265968,-2.2163363,-0.8545423,-0.74998856,-1.7781821,0.3434653,0.49122626,1.8502947,84
3.678696,1.4393251,-2.6143267,1.9104615,-1.0363997,-1.2491376,-0.9260012,-1.6038885,1.2799952,-5.8952537,-1.072727,0.4627155,-4.303136,-0.2948184,-0.33478957,2.466767,104
2.343159,1.9859841,-2.1003916,2.7086449,-1.1469527,-0.562124,-1.1553622,-1.5842975,1.1361755,-5.166073,0.02604714,-0.19331414,-2.0239224,-0.41796932,-0.41447315,2.0029974,13
1.0311621,0.5887832,-1.0810959,1.4025291,0.049621925,-1.4717703,-0.8472176,0.7863024,0.1975029,-2.208137,-0.8163376,-0.6480243,-1.966676,0.38774204,0.9520013,2.0179932,40
1.0618758,0.7810397,-1.1792151,1.3720716,0.025606439,-1.4439662,-1.0045886,0.8696333,0.2187901,-2.3237908,-0.800649,-0.6542139,-1.9994755,0.38575825,0.8656735,1.9739263,40
4.0396595,1.6991384,-3.2821376,1.6483821,-0.9046142,-1.5052828,-1.0007999,-1.6524272,1.2017701,-6.126774,-1.1783421,0.32464677,-4.430007,0.13933428,-0.65477455,2.4596307,104
3.9095483,1.7797469,-3.012695,2.6147108,-1.2079958,-1.1586326,-1.2683654,-1.782994,1.0972568,-6.618321,-0.92053413,0.41815335,-4.163558,-0.09911526,-0.48043454,2.5053298,104
1.2995818,1.2287539,-0.9745807,1.3439445,-0.24397604,-0.952138,-0.8274324,-0.03974223,0.5503627,-2.2928317,-0.337309,-0.6306903,-1.4624223,0.05559276,0.30666155,1.7791593,84
3.4904306,1.878177,-2.8343005,2.4061875,-1.328225,-1.10813,-1.155075,-1.7915016,1.3261012,-6.442356,-0.77901775,0.2702759,-3.8312478,-0.2683159,-0.47270316,2.3916864,104
4.1582594,1.9529303,-3.5985973,2.6774044,-1.3402636,-1.2780997,-1.4634669,-1.9404905,1.0024644,-7.493933,-1.0099151,0.57095355,-4.6644416,-0.0027653053,-0.628073,2.6125526,104
1.012832,0.6623664,-1.2760512,1.4353901,0.24263108,-1.5407294,-1.0897548,0.9737585,0.017368048,-2.3316007,-0.9208987,-0.6126558,-1.982585,0.44273758,0.7162956,1.9773579,40
2.1891851,1.9289489,-1.8096826,2.526147,-1.1816746,-0.5326349,-1.1188471,-1.5808812,1.2322037,-4.8017116,-0.048885673,-0.20104964,-1.9167794,-0.4279509,-0.4541165,1.9667299,13
3.422322,1.3091345,-2.464489,0.7707051,-0.3772013,-1.4513068,-0.9087397,-1.6787891,1.3452351,-4.7823415,-1.178778,0.27932948,-3.823988,-0.064450644,-0.7727386,2.0572863,104
1.012241,0.5141817,-1.2240463,1.4869401,0.18790194,-1.548573,-1.0254321,0.91019565,0.13514265,-2.3965898,-0.88455725,-0.480206,-2.1154103,0.39559588,0.9307893,2.0118222,40
1.0973599,0.57049406,-1.200238,1.4959227,0.17354593,-1.5844465,-1.0109643,0.7039757,0.20597868,-2.4178104,-0.83511436,-0.4991691,-2.1273963,0.37035412,0.80161566,2.015532,40
3.010093,1.63501,-2.0042305,1.9237403,-1.4054165,-0.94751984,-0.6906316,-1.5251769,1.6195716,-5.2337623,-0.81831545,-0.0010437518,-3.4379292,-0.45274043,-0.31496465,2.3793404,13
1.0267198,0.7764282,-1.1903645,1.3827684,-0.0056492984,-1.43668,-1.0217314,0.7147259,0.21632671,-2.3757925,-0.7955149,-0.65715724,-1.963834,0.35162202,0.7479005,1.9529896,40
3.431421,1.5690219,-2.8186343,1.9676906,-1.3402063,-1.0029923,-1.058208,-1.8768282,1.1465672,-6.366877,-0.822643,0.54371226,-4.3339305,-0.43319947,-0.33542654,2.5292256,104
2.1915185,2.1156147,-2.3810456,2.6577988,-1.379013,-0.3638688,-1.4449012,-1.8593701,1.0078104,-5.57345,0.16200438,-0.114143245,-2.0280259,-0.58412623,-0.6129855,1.9145259,13
0.7869827,0.55463153,-1.216888,1.1716406,0.07599403,-1.3605804,-0.87807333,0.86781955,0.069569215,-2.0540543,-0.68589425,-0.72069526,-1.8146112,0.35879222,1.0540409,1.9262147,40
0.8916009,0.7222657,-1.1247364,1.3992735,-0.040691525,-1.334048,-0.8687685,0.96343917,0.19486763,-2.2645867,-0.68138343,-0.7536316,-1.8901663,0.31476638,1.0622616,2.0279493,40
3.9474807,1.5915428,-3.523445,1.8422383,-1.1800443,-1.3042231,-1.2436581,-1.8469934,0.97420543,-6.7889977,-1.1249125,0.6653797,-4.83465,-0.003717959,-0.6175807,2.5916529,104
3.8265553,1.8857356,-3.3477411,2.6825142,-1.4404706,-0.9296155,-1.4884453,-1.9828477,0.8801852,-7.2416725,-0.74046874,0.604406,-4.4032106,-0.259538,-0.5083077,2.5562863,104
1.2165011,1.3095009,-1.1586643,1.7907566,-0.56895876,-0.5049311,-0.8647496,-0.8899431,0.7689622,-2.9200516,-0.06933428,-0.4075421,-1.0214983,-0.28545028,-0.4171216,1.7147758,84
3.2521577,1.9357098,-3.0581985,2.2990136,-1.5367867,-0.8956054,-1.29356,-1.9885154,1.1716402,-6.7918096,-0.5627273,0.35832793,-3.906191,-0.3889272,-0.5118557,2.3814971,104
3.9136024,1.875751,-3.7438035,2.8878846,-1.564972,-1.1350077,-1.7070172,-2.1284628,0.82667613,-8.14762,-0.9080309,0.8885088,-4.91578,-0.17243494,-0.58033985,2.7119153,104
0.89618236,0.6107673,-1.1737546,1.4383731,0.030303359,-1.4338892,-0.9112671,0.8466812,0.14294654,-2.3628635,-0.73641914,-0.6822806,-1.9617722,0.30978182,0.96126586,2.006107,40
2.1800668,1.9890318,-2.032013,2.5313635,-1.2940443,-0.4330046,-1.2082388,-1.6805278,1.1132716,-5.085753,0.05670631,-0.1902756,-1.9569752,-0.5068991,-0.51106316,1.9073141,13
3.3998227,1.186268,-2.3427181,0.46880484,-0.4291971,-1.3724724,-0.53744876,-1.5501915,1.2126102,-4.306794,-1.0864525,0.20369036,-3.8093464,0.08883612,-0.6382877,2.0159082,104
0.7637813,0.49135432,-1.1857095,1.2833745,0.08810344,-1.3407425,-0.8786346,0.8574202,0.06373665,-2.096365,-0.7108859,-0.6790748,-1.8155007,0.3362269,1.0275462,1.977779,40
0.8846213,0.61151564,-1.1843468,1.3778594,0.07501368,-1.3973892,-0.9243906,0.6783838,0.13964418,-2.2413843,-0.6497177,-0.67731506,-1.8629861,0.30365035,0.8756146,1.9840622,40
2.6987448,1.8243164,-2.1513789,1.7190775,-1.5054086,-0.70559484,-0.9060858,-1.7572528,1.4159964,-5.3680277,-0.4962954,-0.008877069,-3.1787543,-0.5332458,-0.5135058,2.1748173,13
0.92392117,0.7012015,-1.1746083,1.4354104,-0.017271161,-1.3850911,-0.89864165,0.8994373,0.18467715,-2.3717859,-0.69853866,-0.72584236,-1.9380187,0.30243686,1.0046365,2.010396,40
3.4311526,1.4255136,-2.971011,1.6504871,-1.1941322,-1.1694615,-1.0569472,-1.9111195,1.0481334,-6.179167,-0.8762303,0.5680996,-4.4028053,-0.2850929,-0.41554287,2.5391471,104
2.0346954,2.2049968,-2.6498945,2.4316258,-1.4920259,-0.2936702,-1.5604081,-1.943322,0.97095263,-5.6752806,0.2284376,-0.1308262,-1.9718591,-0.6240729,-0.7554387,1.8979478,13
0.65487224,0.65265775,-1.4395535,1.1285129,-0.0010438114,-1.2716562,-0.99053717,0.73630244,-0.048254415,-2.162951,-0.56614494,-0.728831,-1.7215408,0.28906372,0.95839185,1.859008,84
0.5905626,0.6710214,-1.1523552,1.0540464,-0.09095725,-1.226367,-0.943934,0.83651996,0.08523531,-2.0208006,-0.5689635,-0.7507876,-1.6998668,0.31971055,1.0441325,1.812491,84
3.8882828,1.4944975,-3.4452739,1.8091382,-1.1257081,-1.4045811,-1.499443,-2.0204344,0.79505974,-6.662864,-1.159864,0.7426784,-4.7518253,0.05453171,-0.83439934,2.474102,104
3.7667758,1.7117909,-3.526228,2.5878172,-1.3471633,-1.0131668,-1.652807,-2.084677,0.6285527,-7.2776103,-0.7720824,0.77121264,-4.4847,-0.19373722,-0.64218587,2.532203,104
1.1653333,1.3949689,-1.5375367,1.9947532,-0.8941597,-0.30044553,-1.1570058,-1.3633935,0.681536,-3.487832,0.023145169,-0.23438019,-0.9680206,-0.42091897,-0.6421609,1.6615958,84
3.104869,1.86949,-3.2044299,2.178339,-1.5048461,-0.87376547,-1.4497507,-2.0785472,1.0053719,-6.773536,-0.4974152,0.4432888,-3.8710802,-0.39036238,-0.6036035,2.3590097,104
3.8395605,1.7195138,-3.6232545,2.6863532,-1.4306747,-1.2361832,-1.8189516,-2.1857061,0.6788013,-7.691424,-1.0070065,0.8827785,-4.73753,-0.08106239,-0.77892596,2.6279576,104
0.6010918,0.61822534,-1.2062576,1.1322778,-0.029306233,-1.3014796,-0.9777913,0.7959162,0.057225227,-2.150484,-0.59134674,-0.727294,-1.7675894,0.28661412,0.98166376,1.8315339,84
2.0575237,2.118121,-2.3592734,2.4203997,-1.4850869,-0.32180795,-1.4483407,-1.8680042,1.0488862,-5.3750286,0.11978355,-0.20727174,-1.960168,-0.66011804,-0.72139615,1.9373131,13
3.671388,1.0919461,-2.8602417,0.9275634,-0.72908175,-1.4555327,-0.6464368,-1.6442386,1.098746,-5.293976,-1.1522505,0.476803,-4.564494,-0.0060419813,-0.40524656,2.3875515,104
0.55287325,0.4717466,-1.2565168,0.9451244,0.025625288,-1.3012689,-1.0066912,0.81249785,-0.13602753,-1.8958222,-0.60893595,-0.66836953,-1.7703078,0.36338204,1.1335983,1.7589574,84
0.63728625,0.53651214,-1.1912632,1.0127722,0.02917026,-1.3072702,-0.99710256,0.6279004,-0.03609152,-1.9280114,-0.5566418,-0.6714357,-1.7315682,0.32870644,0.97418326,1.7605078,84
2.479927,1.7643827,-2.456712,1.8246144,-1.4699559,-0.60959107,-0.99327236,-1.8396614,1.163065,-5.474502,-0.23785183,0.01636444,-2.9664087,-0.5459281,-0.4845401,2.1113694,13
0.6527296,0.6380618,-1.194876,1.1582743,-0.052306235,-1.2912964,-0.9521779,0.8522399,0.07714933,-2.152882,-0.6006719,-0.7357251,-1.7828746,0.2919762,1.0615666,1.8492602,84
3.2073257,1.4657328,-2.9278548,1.4934208,-1.0916946,-1.3240554,-1.3060687,-2.1184242,0.9285729,-5.5924916,-0.9137359,0.27733642,-3.8392694,-0.23645379,-0.8079813,2.4035175,104
2.1257563,2.225578,-2.7868605,2.218289,-1.4924444,-0.4772961,-1.7424729,-2.0151918,0.95435685,-5.719615,0.06958634,-0.13723719,-2.1456578,-0.60120845,-0.9745624,1.9358971,13
0.46235144,0.6727104,-1.393157,0.7457547,-0.15100631,-1.1874095,-1.160687,0.5800937,-0.17287554,-1.9500062,-0.62032026,-0.68574744,-1.6578786,0.3597237,0.8415274,1.6917872,84
0.44012403,0.7711781,-1.3328903,0.89424264,-0.15920989,-1.1862483,-1.0438194,0.7079709,0.015219212,-1.9760064,-0.54601055,-0.8155898,-1.5284096,0.28393263,0.8557957,1.7469112,84
3.4760551,1.2573425,-2.8840904,1.5156236,-0.99599826,-1.3787115,-1.3154457,-1.9301932,0.82976,-5.748152,-1.131099,0.5684936,-4.2059393,0.13982156,-0.8357994,2.2689085,104
3.4694502,1.5614108,-3.3572738,2.4186215,-1.2207767,-1.0612568,-1.7186286,-2.1334949,0.46457288,-6.653827,-0.80802476,0.62753505,-4.032862,-0.14046025,-0.865307,2.419107,104
1.3443542,1.5843669,-1.8786111,2.001082,-1.0634758,-0.40045428,-1.4399309,-1.6470208,0.6882328,-3.8777156,-0.04721971,-0.2211651,-1.1310847,-0.42776206,-0.9441433,1.6629596,13
2.9723408,1.9682971,-3.318515,2.2110415,-1.4375844,-1.0821983,-1.7884188,-2.349914,0.92391026,-6.66649,-0.48582745,0.295995,-3.541045,-0.37921315,-0.90343535,2.283463,104
3.5203395,1.5108405,-3.1688533,2.132615,-1.2518402,-1.3182361,-1.5750146,-2.127297,0.7587961,-6.5426693,-1.0450876,0.5732135,-4.204265,0.058091402,-0.89105093,2.4299943,104
0.48215985,0.7121712,-1.384264,1.0204573,-0.09670797,-1.2444984,-1.0689714,0.6971386,-0.019005403,-2.1070826,-0.56606525,-0.78278166,-1.6095834,0.2348432,0.85428745,1.791836,84
2.0641289,2.205597,-2.6202428,2.1431723,-1.5322834,-0.48862204,-1.6118798,-1.9592366,1.0671924,-5.439242,0.04346323,-0.2633228,-2.0420182,-0.6317305,-0.9442837,1.9669964,13
3.6167035,1.2643584,-3.0978813,1.0951028,-0.84250474,-1.5554926,-1.033657,-1.929301,0.9983852,-5.693843,-1.1208446,0.5267879,-4.558295,-0.1146957,-0.61979187,2.431527,104
0.43188816,0.5852059,-1.3643329,0.80252945,-0.102844775,-1.2711161,-1.1493185,0.61013466,-0.18606718,-1.9282004,-0.6443818,-0.7006319,-1.6802896,0.34786704,0.89678544,1.7097626,84
0.5406961,0.6678732,-1.3461164,0.8432534,-0.08079458,-1.286913,-1.1156151,0.49215335,-0.09464161,-1.9387331,-0.5598971,-0.7442612,-1.6363024,0.31557477,0.8220748,1.703403,84
2.5048785,1.9132236,-2.767078,1.4957542,-1.4588739,-0.88050526,-1.1879921,-1.9960206,1.2157086,-5.506065,-0.35644832,-0.14086534,-2.9852211,-0.49089777,-0.7979625,2.1658428,13
0.500996,0.7133616,-1.3643302,0.99474156,-0.102182254,-1.2537864,-1.0297538,0.7091935,0.0032433271,-2.0652142,-0.55349267,-0.7856694,-1.5966163,0.26159903,0.9038021,1.7725245,84
3.070833,1.3927394,-2.7551293,1.3095788,-1.011918,-1.3235483,-1.2287014,-2.0439847,1.0103115,-5.256991,-0.9816082,0.122691706,-3.6421185,-0.2053456,-0.8769926,2.393245,104
2.2213714,1.9858885,-2.7322414,2.0789661,-1.3680904,-0.62053055,-1.673989,-1.9787083,0.9335316,-5.596253,-0.12525423,-0.0731336,-2.3412344,-0.4761561,-0.9967953,1.9556352,13
0.26784307,0.8247218,-1.4427459,0.44711524,-0.20463555,-1.091752,-1.3022616,0.35823643,-0.26281768,-1.7307918,-0.46217147,-0.7233086,-1.388693,0.40908477,0.67515874,1.4737914,84
0.31977236,0.82134515,-1.3982611,0.5051576,-0.23859967,-1.0877378,-1.1846077,0.55999184,-0.12842111,-1.7629879,-0.511717,-0.80118865,-1.4100342,0.3465971,0.7575019,1.5441333,84
3.3787215,1.0844672,-2.7137039,1.0724884,-0.89341414,-1.3509989,-1.0958416,-1.7569944,0.8391772,-5.0361505,-1.2783377,0.3631704,-3.995974,0.21441257,-0.9588082,2.213068,104
3.300383,1.3062532,-3.0597687,2.0791574,-1.1441699,-1.0448781,-1.549891,-1.9715469,0.4812953,-6.0421023,-0.9709383,0.5536361,-3.9121876,-0.075695194,-0.9148002,2.3514297,104
1.4652665,1.625523,-2.1399155,1.871365,-1.1176217,-0.4840686,-1.5511827,-1.8314164,0.6315867,-3.935446,-0.17381528,-0.281417,-1.2094545,-0.40780586,-1.1836417,1.7090423,13
2.779746,1.7022674,-3.0027251,1.9706012,-1.2623837,-1.0980023,-1.6290481,-2.1935148,0.91319263,-5.9934564,-0.58542794,0.21276216,-3.2953558,-0.31021577,-0.90946877,2.2121005,104
3.3440387,1.3250659,-2.9881194,1.649139,-1.1330146,-1.2725198,-1.3683,-1.9835601,0.7214969,-5.715022,-1.1501987,0.36390013,-3.911568,0.11980283,-1.0405257,2.3391018,104
0.33530408,0.75822526,-1.4043602,0.63237095,-0.20191258,-1.1679893,-1.2147584,0.52245706,-0.13698773,-1.893069,-0.580865,-0.7728316,-1.5019764,0.29265603,0.7312395,1.6259234,84
2.1899726,2.1803129,-2.6579218,1.9887437,-1.4811417,-0.6162991,-1.6724482,-1.9665282,1.0705901,-5.482214,-0.092825174,-0.27664095,-2.2050233,-0.5456969,-1.0874283,1.9776614,13
3.215213,1.268428,-2.7934847,1.0602535,-0.8060695,-1.5579312,-1.1658769,-2.048007,0.9502053,-5.0301614,-1.0356123,0.24597286,-3.8306456,-0.124466285,-0.8210349,2.2555068,104
0.289177,0.635234,-1.4306654,0.44315058,-0.16416255,-1.1609615,-1.2776322,0.41538018,-0.3536238,-1.7087547,-0.55470574,-0.67259455,-1.5306168,0.4216892,0.78402627,1.48969,84
0.4087751,0.69331753,-1.3989263,0.49108905,-0.13374384,-1.1698813,-1.2341869,0.35243303,-0.24786954,-1.7370774,-0.52866787,-0.69867295,-1.5102125,0.37834027,0.70249575,1.5115874,84
2.611381,1.9258361,-2.9044566,1.3836688,-1.2940621,-1.093997,-1.3413854,-2.0992823,1.1227539,-5.344345,-0.4808906,-0.2866177,-2.8752394,-0.36997712,-1.0614936,2.1482286,13
0.34771097,0.75949585,-1.3727564,0.61249864,-0.18964487,-1.1484594,-1.1559243,0.58564043,-0.11638631,-1.8122767,-0.5406978,-0.78629065,-1.4602334,0.30293253,0.7970299,1.5992199,84
3.0662386,1.3166012,-2.862354,1.2508116,-1.0192542,-1.3246421,-1.2206364,-2.0382724,1.0174806,-5.153809,-1.0559509,0.04158221,-3.5997555,-0.18810654,-0.93691707,2.4145584,104
2.1872516,1.7729461,-2.706281,1.6966122,-1.2576164,-0.75128675,-1.5838549,-1.9957299,0.97310627,-5.1619906,-0.3170812,-0.12574992,-2.3423073,-0.40496442,-1.1036171,1.9396443,13
0.14903437,0.87557554,-1.4122012,0.23582798,-0.2687686,-1.1045625,-1.4068606,0.02520676,-0.25530142,-1.5457536,-0.41976726,-0.7833965,-1.2015938,0.4163463,0.42227095,1.3390821,84
0.21612735,1.0048091,-1.4645599,0.3215512,-0.3005741,-1.037298,-1.3523388,0.30182692,-0.14175992,-1.7106383,-0.4175316,-0.8609097,-1.2395949,0.3757495,0.52223647,1.4444615,84
3.3197103,1.1538756,-2.8844163,0.70729256,-0.9091654,-1.4108825,-1.0754864,-1.713846,1.0219269,-4.9481516,-1.3507355,0.1525171,-3.8889596,0.21163869,-1.1373944,2.1660955,104
3.1756554,1.0435259,-2.9878347,1.6198531,-1.0074699,-1.1277096,-1.3960462,-1.8744937,0.53521025,-5.6291685,-1.1122824,0.50466245,-3.9475393,-0.013796911,-0.9751827,2.2955277,104
1.5170175,1.5661695,-2.1667776,1.7361184,-1.1193243,-0.5227386,-1.5332687,-1.8799064,0.6938089,-3.9987314,-0.20913449,-0.25327167,-1.3395689,-0.35746294,-1.1939461,1.6959444,13
2.7557545,1.4865304,-3.0404963,1.5186116,-1.1243321,-1.1642878,-1.502264,-2.1350906,0.9266236,-5.5102105,-0.753829,0.114392206,-3.2880654,-0.25034523,-1.0259984,2.185032,104
3.1609626,1.2888985,-3.0234938,1.4267993,-1.1435684,-1.2636842,-1.3256292,-1.889065,0.83613276,-5.628598,-1.1378778,0.29556292,-3.7940638,0.0855367,-1.0719823,2.2340605,104
0.19792579,0.8961593,-1.42508,0.3996629,-0.26080522,-1.091169,-1.3398225,0.31117103,-0.17873932,-1.7537142,-0.4589568,-0.8011714,-1.3182229,0.3523804,0.566876,1.4685761,84
2.231158,1.8575279,-2.6069021,1.7990371,-1.3164446,-0.74253297,-1.5299261,-1.9210286,1.0301745,-5.223779,-0.27957174,-0.21295233,-2.3473988,-0.41269633,-1.069634,1.9869211,13
3.1895392,1.233417,-2.7858446,1.0748907,-0.83817065,-1.5387853,-1.1701522,-2.0237684,1.0675174,-5.21693,-1.0657859,0.23708789,-3.8919744,-0.10568239,-0.81034535,2.276839,104
0.15248455,0.8159507,-1.4562917,0.25534022,-0.24317183,-1.131515,-1.4139748,0.04938005,-0.30562085,-1.5942929,-0.4495368,-0.7590812,-1.2714608,0.406278,0.4726382,1.3627073,84
0.28786433,0.87897706,-1.4018472,0.35740978,-0.22155793,-1.0851274,-1.3469505,0.078899704,-0.21091299,-1.6980264,-0.4066119,-0.7467847,-1.314701,0.38452455,0.47465414,1.4212873,84
2.578939,1.575863,-2.7504685,1.1762031,-1.0662273,-1.1648828,-1.1920424,-1.9973063,1.0777001,-4.819738,-0.6731286,-0.29381457,-2.7994938,-0.2266928,-1.0715674,2.1098123,13
0.24045719,0.91319966,-1.4112405,0.43823737,-0.25101116,-1.0747004,-1.3034863,0.3755648,-0.15990107,-1.7489364,-0.43843257,-0.81683874,-1.3241869,0.3554171,0.6145058,1.5012572,84
3.0021029,1.4442347,-3.0200195,1.1404302,-1.0722476,-1.3885235,-1.2908802,-2.1273806,1.198024,-5.3020654,-1.0531667,-0.11548093,-3.4739332,-0.26236552,-1.0261309,2.3762107,104
2.0428827,1.5925395,-2.565708,1.565733,-1.2278885,-0.78264636,-1.4998832,-1.9217048,1.0611378,-4.9610796,-0.39064908,-0.14762521,-2.3127522,-0.4537934,-1.0438945,1.9421349,13
-0.002102971,0.9315461,-1.3563647,0.115671694,-0.3069737,-1.0969864,-1.4727538,-0.07636894,-0.15995614,-1.4414649,-0.42225364,-0.87054116,-1.0382085,0.33257467,0.3000231,1.2959005,84
0.09101029,1.1028254,-1.4293768,0.09755936,-0.37191778,-1.0129864,-1.4698792,0.077118225,-0.078773156,-1.5432229,-0.4020222,-0.9611302,-1.050044,0.3301853,0.30764368,1.3408328,84
3.231861,1.276638,-2.9951,0.8103585,-1.0190613,-1.39855,-1.1777552,-1.7497258,1.1446853,-5.373913,-1.350719,0.10903843,-3.8475225,0.15077315,-1.1945467,2.1614785,104
3.0203185,1.0084457,-2.9739423,1.4891281,-0.99749136,-1.2459834,-1.3604505,-1.8003527,0.7114968,-5.6173515,-1.1309514,0.43340975,-3.858663,-0.03334727,-0.9702299,2.2166276,104
1.5816672,1.5520736,-2.1938686,1.5985041,-1.0855339,-0.65341634,-1.5199163,-1.8900876,0.8496452,-4.057232,-0.2663582,-0.28852874,-1.4692338,-0.33926317,-1.2031217,1.7014941,13
2.6559525,1.5181077,-3.0841942,1.333021,-1.1713195,-1.2593166,-1.498317,-2.1609218,1.1743879,-5.6128845,-0.8149649,-0.0036474168,-3.2523656,-0.30088922,-1.0646827,2.170659,104
3.0477548,1.3352258,-3.0633235,1.3820158,-1.1652339,-1.2845329,-1.3545346,-1.8840132,0.978777,-5.8540626,-1.1501803,0.24541642,-3.7419164,0.0397397,-1.0988591,2.1966133,104
0.10788523,0.97755235,-1.3704636,0.19986254,-0.34472573,-1.0441109,-1.4070058,0.06650722,-0.12412755,-1.5746202,-0.41955698,-0.8919172,-1.1446487,0.32324415,0.37740737,1.3654188,84
2.1784074,1.7287457,-2.529647,1.5638252,-1.2696563,-0.79540026,-1.4614403,-1.8799558,1.1554002,-5.0425177,-0.3763481,-0.21641272,-2.386314,-0.42398056,-1.0619991,1.9625541,13
3.3242874,1.1533588,-3.10825,0.90501,-0.82057214,-1.6418847,-1.2548671,-2.0309818,1.1174198,-5.304857,-1.2648603,0.15444504,-4.0373225,-0.102613136,-0.9894393,2.3413014,104
0.00721018,0.83699304,-1.3860879,0.12937844,-0.27088737,-1.1191069,-1.4788845,-0.07632479,-0.24329318,-1.4471552,-0.427179,-0.820173,-1.1089311,0.3527463,0.35833633,1.2853739,84
0.1744421,0.91180205,-1.3452593,0.1897161,-0.2581241,-1.0892239,-1.425956,-0.087464124,-0.14307974,-1.5338528,-0.38677377,-0.8098453,-1.1752478,0.34342965,0.34724116,1.3319073,84
2.5408866,1.570782,-2.8557966,0.9617349,-1.0713174,-1.2183533,-1.1919334,-2.0247226,1.2508672,-4.7742424,-0.7551364,-0.40418345,-2.7722106,-0.27404562,-1.1404052,2.1291347,13
0.14923872,1.0333569,-1.3907249,0.1919092,-0.3441184,-1.0403106,-1.4094408,0.093013644,-0.084869966,-1.5802842,-0.40435648,-0.9219998,-1.1328523,0.32388356,0.3881241,1.3760837,84
2.9423044,1.6203372,-3.1843503,1.4436222,-1.1892713,-1.3629346,-1.4962549,-2.2111244,1.2689738,-5.8672,-0.96600956,-0.08426208,-3.43276,-0.3867534,-1.039777,2.3904867,104
2.0290203,1.4384851,-2.5404334,1.7790135,-1.2346679,-0.84564865,-1.481137,-1.8714845,1.0700374,-5.072872,-0.42114526,-0.086114675,-2.4159856,-0.5100136,-0.90963805,2.0121722,13
-0.09198513,0.9269655,-1.2412953,0.028825045,-0.33805877,-1.0737289,-1.4926178,-0.16045384,-0.06864466,-1.3846625,-0.41025773,-0.9207662,-0.965586,0.29660144,0.21543717,1.2276235,81
-0.05867017,1.1148018,-1.3781017,0.005681455,-0.39728594,-0.99649537,-1.5253172,-0.034669578,-0.016993344,-1.4477223,-0.3977228,-1.0126421,-0.90149295,0.2577244,0.17801899,1.2887794,81
3.1725557,1.2569002,-3.1302242,1.109008,-1.0560219,-1.3543147,-1.3037496,-1.7812239,1.0661609,-5.96085,-1.283315,0.29207444,-3.9594028,0.16711763,-1.1666305,2.1315145,104
2.9547756,0.95714134,-3.039631,1.6949402,-1.015435,-1.2877023,-1.4177117,-1.8410269,0.7109903,-5.9902177,-1.1122856,0.526211,-3.9273465,-0.02077432,-0.9164202,2.222164,104
1.6084094,1.4984853,-2.2265587,1.8432146,-1.0667684,-0.7188658,-1.5537324,-1.8598238,0.8448168,-4.30754,-0.26039338,-0.22117196,-1.5815424,-0.37397695,-1.1108699,1.7631198,13
2.5906215,1.5153047,-3.1619542,1.6244336,-1.232818,-1.2504679,-1.6200049,-2.194711,1.1700847,-6.0480456,-0.74776465,0.12483396,-3.2931807,-0.30636984,-1.0102584,2.1529164,13
3.0048316,1.3109266,-3.1381898,1.5442933,-1.1617458,-1.3147372,-1.4517345,-1.9448781,0.9655,-6.252271,-1.1288279,0.35942197,-3.8327181,0.073224634,-1.1004841,2.1754699,104
-0.030328453,1.0024596,-1.3192384,0.100349605,-0.3837092,-1.033656,-1.4671519,-0.03155382,-0.044715807,-1.4916441,-0.42783386,-0.9488051,-1.0198618,0.24290973,0.28339037,1.3266171,84
2.055575,1.631412,-2.4578266,1.5234842,-1.2604622,-0.8235196,-1.4202571,-1.8593897,1.2394931,-4.9168873,-0.40100074,-0.26292688,-2.297168,-0.4712803,-1.0175755,1.9648072,13
3.2923002,1.3231509,-3.2893531,1.0920861,-0.972358,-1.6454313,-1.4323511,-2.0674508,1.2908794,-5.891433,-1.2854309,0.13161497,-4.0817676,-0.27366847,-1.0227942,2.4115057,104
-0.103758514,0.81966007,-1.2983946,0.06921491,-0.28644478,-1.0925332,-1.490896,-0.16117795,-0.16824721,-1.395395,-0.40015328,-0.84628725,-1.0114257,0.3139882,0.26715425,1.2192498,84
0.058045626,0.91319656,-1.2894866,0.14670563,-0.27635634,-1.0781912,-1.4409692,-0.16454636,-0.06256993,-1.4895637,-0.35813302,-0.8598292,-1.0639186,0.2791207,0.26891744,1.2830923,84
2.4104652,1.6232371,-2.9116864,1.0330915,-1.1378286,-1.2310576,-1.2768772,-2.086987,1.3763545,-4.9978046,-0.7298079,-0.44822007,-2.6632345,-0.36096042,-1.1406853,2.1232018,13
0.003946051,1.064171,-1.333945,0.07458457,-0.37847728,-1.013679,-1.4706125,-0.021960005,-0.015629724,-1.4616504,-0.39930806,-0.99596095,-0.9707552,0.2476913,0.2570214,1.322535,84
2.9132137,1.6483396,-3.319255,1.8231887,-1.2212423,-1.356978,-1.6342719,-2.253043,1.1839787,-6.3782105,-0.8744858,0.05975254,-3.5019395,-0.41656503,-0.9856149,2.4070134,104
2.1072528,1.3250083,-2.583019,2.1170826,-1.2403189,-0.90144247,-1.5031605,-1.8332217,1.0366306,-5.393,-0.41646928,0.036419615,-2.6183288,-0.5556581,-0.7709601,2.083835,13
-0.12197007,0.875153,-1.1128336,0.05575782,-0.33176544,-1.0718129,-1.5069141,-0.20803957,-0.037717387,-1.3475573,-0.40809456,-0.93235844,-0.95245034,0.24716404,0.16957068,1.2320361,81
-0.13879713,1.0738622,-1.2412647,-0.026714772,-0.41856566,-0.9850411,-1.5305276,-0.1422499,0.038020566,-1.3709147,-0.3993363,-1.046613,-0.8296167,0.210439,0.08215113,1.2474948,81
3.1608136,1.2863158,-3.2587962,1.2544836,-1.0407124,-1.3849342,-1.3855987,-1.8251605,1.0527148,-6.2456927,-1.2069086,0.3364452,-3.985646,0.16717401,-1.1688442,2.1045713,104
2.8967893,0.90082926,-3.0542538,1.8348585,-1.0152571,-1.3198404,-1.4442546,-1.8913436,0.7316198,-6.281995,-1.081239,0.6146895,-4.002814,0.016044952,-0.860025,2.2110393,104
1.6631925,1.4425333,-2.2551773,2.0816894,-1.0333215,-0.795038,-1.5385835,-1.8008636,0.8371508,-4.594366,-0.23822424,-0.1559984,-1.7593426,-0.3889763,-1.0064852,1.8278744,13
2.542307,1.4114114,-3.1661274,1.8882111,-1.1979375,-1.2626953,-1.6446741,-2.1880093,1.0638063,-6.2631655,-0.69273126,0.24579616,-3.33949,-0.29789978,-0.9176521,2.1606107,13
3.018874,1.3136752,-3.2341735,1.6692246,-1.120723,-1.396356,-1.5407822,-2.020646,0.9403985,-6.4837413,-1.0946074,0.39855295,-3.8896935,0.08874163,-1.1210375,2.1746418,104
-0.12429785,0.9721237,-1.215589,0.040631324,-0.39756197,-1.028468,-1.4738445,-0.10994895,-0.0007096529,-1.42063,-0.422155,-0.98676336,-0.9384682,0.20148611,0.20099542,1.2692411,81
2.0606353,1.5149285,-2.4940557,1.7672652,-1.2465581,-0.8884199,-1.409215,-1.8544393,1.1907455,-5.078848,-0.38176122,-0.21228959,-2.3743384,-0.50835073,-0.90650785,2.012754,13
3.2690198,1.3666165,-3.4548984,1.4689553,-1.0656747,-1.584407,-1.5879524,-2.068274,1.2794154,-6.61178,-1.2253137,0.3303162,-4.2449093,-0.3462987,-0.94515145,2.4426398,104
-0.14742477,0.79417974,-1.1718068,0.05860266,-0.3034324,-1.092967,-1.4886668,-0.22812133,-0.10321097,-1.3496914,-0.40807524,-0.8928681,-0.9754546,0.25870293,0.20709783,1.215291,81
-0.017409861,0.8398022,-1.1363688,0.12850285,-0.2873383,-1.0858947,-1.4261668,-0.24425523,-0.012738973,-1.4319361,-0.3749891,-0.87858564,-1.0330623,0.24564627,0.2170327,1.2613925,84
2.357936,1.6201164,-3.0127108,1.4187616,-1.1640857,-1.2118031,-1.3938391,-2.111793,1.2715151,-5.353242,-0.60779876,-0.34032798,-2.6563594,-0.4201966,-1.0629666,2.130663,13
-0.08688069,1.00965,-1.2093695,0.023674697,-0.39145,-1.0060521,-1.4849229,-0.11740354,0.004568219,-1.3715017,-0.39586577,-1.0176091,-0.90094405,0.21332788,0.17884016,1.2638028,81
2.996475,1.7100921,-3.461427,1.9798366,-1.1866777,-1.4019034,-1.6204925,-2.2009919,1.1848415,-6.5387454,-0.758419,0.03713809,-3.535805,-0.42443216,-0.943288,2.391858,104
2.1727364,1.3036664,-2.659135,2.457409,-1.2366781,-0.9471755,-1.5497358,-1.7936704,1.0402932,-5.7254515,-0.35136798,0.12733693,-2.750826,-0.62396944,-0.65170866,2.1257524,13
-0.110247485,0.82586753,-1.032739,0.0957419,-0.30820936,-1.0768858,-1.4907656,-0.17407839,-0.021711633,-1.3264606,-0.4022619,-0.94390136,-0.9565273,0.20156702,0.17551354,1.2319137,81
-0.15430713,1.0278219,-1.1421148,0.0010072589,-0.39821982,-0.9807515,-1.5310974,-0.15769465,0.043632016,-1.3230193,-0.3932438,-1.0555756,-0.804769,0.14931348,0.049741462,1.236128,81
3.16382,1.4037973,-3.3726153,1.3410021,-1.0393332,-1.3943279,-1.4503756,-1.8546964,1.1084561,-6.367585,-1.0929475,0.2754423,-3.913731,0.09316711,-1.1954367,2.0694435,19
2.9298856,0.9836339,-3.133107,1.9016677,-1.0064832,-1.3432238,-1.4871492,-1.9015374,0.7809127,-6.3973,-0.9687355,0.57150495,-3.972422,-0.005467564,-0.87202907,2.1594443,104
1.7798429,1.4497787,-2.3147054,2.230895,-1.0021323,-0.8771712,-1.5111454,-1.7130615,0.8920039,-4.8029804,-0.23775528,-0.15991268,-1.9329556,-0.4241344,-0.9536195,1.9065156,13
2.6026044,1.4848747,-3.2184265,1.997248,-1.2020936,-1.2902763,-1.6025648,-2.1331923,1.1321565,-6.33019,-0.6037857,0.17296244,-3.338415,-0.34809285,-0.86719346,2.173594,13
3.0336492,1.4328319,-3.29999,1.7104806,-1.1020219,-1.378164,-1.5721731,-2.010892,1.0068017,-6.5211697,-0.9526569,0.32225382,-3.7962787,0.03320823,-1.1361153,2.1072295,104
-0.14309974,0.9511218,-1.1125153,0.060064167,-0.39502585,-1.0512017,-1.4849842,-0.15792234,0.052424297,-1.4012408,-0.43156636,-1.0116695,-0.9208905,0.14832067,0.1448839,1.2698916,81
2.1344082,1.446733,-2.5534513,2.0536323,-1.23266,-0.902496,-1.4250376,-1.7978448,1.1101862,-5.2756414,-0.3320685,-0.12804015,-2.4846184,-0.5575778,-0.8083091,2.039989,13
3.290696,1.3131573,-3.6119301,1.783436,-1.0658047,-1.578372,-1.6447113,-2.0462978,1.1953882,-7.11461,-1.1610925,0.52188057,-4.429168,-0.34153134,-0.841001,2.462133,104
-0.12784979,0.7620337,-1.0842357,0.107934415,-0.2843231,-1.0766875,-1.4788873,-0.19990174,-0.094646856,-1.3013208,-0.38633463,-0.9166615,-0.96213996,0.19909808,0.2038241,1.2216299,81
0.0068331063,0.81797564,-1.0490189,0.15471941,-0.27072456,-1.0909767,-1.4286544,-0.2469372,0.011655211,-1.3763247,-0.3723281,-0.91434354,-1.0236229,0.19013989,0.178879,1.2698073,84
2.4096735,1.6397339,-3.14644,1.7092832,-1.1493038,-1.2139288,-1.424442,-2.0758746,1.187578,-5.5653872,-0.47252554,-0.28970295,-2.6973388,-0.48020044,-0.97910684,2.1313305,13
-0.09914299,0.98663414,-1.1180329,0.04145509,-0.38456345,-1.0159106,-1.4943385,-0.1788194,0.03755258,-1.3282545,-0.3951758,-1.0422153,-0.8681755,0.14824261,0.10611074,1.2620322,81
3.0637558,1.7326229,-3.558101,2.0565777,-1.1121792,-1.4254348,-1.6012142,-2.1430616,1.1710844,-6.4674006,-0.6551248,0.010638148,-3.4860795,-0.45633328,-0.9211589,2.3301244,104
2.2735376,1.3533838,-2.6990745,2.5879803,-1.2083,-0.9827172,-1.4949079,-1.7178588,1.1171862,-5.858075,-0.282739,0.12434815,-2.8052297,-0.6350105,-0.57003593,2.115017,13
-0.07175664,0.7770941,-0.9937829,0.16215903,-0.2627955,-1.0290021,-1.4405739,-0.05106537,-0.07612388,-1.2853506,-0.33970293,-0.92357045,-0.95438814,0.16764665,0.23291409,1.1924338,84
-0.10994408,0.98692936,-1.10272,0.0325616,-0.35083678,-0.95658845,-1.505517,-0.08456381,0.0029549003,-1.2747834,-0.34004113,-1.0407712,-0.81437933,0.12650098,0.0806793,1.1899403,81
3.2019126,1.5136468,-3.498731,1.3617753,-0.99465,-1.4630493,-1.5378678,-1.893065,1.196201,-6.5128593,-1.0080857,0.27382195,-3.9206645,0.056259498,-1.248585,1.9978284,19
2.9330628,0.9999031,-3.1536412,1.9940344,-0.9680009,-1.3323764,-1.5242398,-1.8781432,0.7692512,-6.392301,-0.8823582,0.56521565,-3.9106069,-0.04837503,-0.8687303,2.1178792,104
1.8462871,1.4069046,-2.2769175,2.388163,-0.9620712,-0.88050014,-1.4565744,-1.5734487,0.89273083,-4.851982,-0.23287123,-0.15524563,-1.9972054,-0.46270052,-0.88091993,1.9464352,13
2.6800504,1.5321358,-3.2808342,2.119289,-1.1720573,-1.3025513,-1.5946174,-2.082968,1.156227,-6.3542066,-0.51916194,0.16451438,-3.3282154,-0.38215405,-0.8323685,2.1483512,13
3.0649972,1.4888749,-3.3740642,1.7042476,-1.0239277,-1.3938475,-1.6421537,-1.9841452,1.0236927,-6.5144415,-0.867279,0.3212744,-3.759574,-0.0030134618,-1.1941357,2.014081,104
-0.09897256,0.9271309,-1.0617111,0.1102528,-0.35233778,-1.0394305,-1.4716332,-0.10563932,0.031806946,-1.3565301,-0.392864,-1.012486,-0.9159375,0.10343993,0.15669963,1.2479345,81
2.1898143,1.376835,-2.5850396,2.261108,-1.2095813,-0.87315065,-1.397671,-1.717831,1.036953,-5.376364,-0.28416404,-0.034559548,-2.5546024,-0.6004406,-0.70540655,2.0257971,13
3.4256966,1.4319657,-3.8208606,1.9226123,-1.0778009,-1.6829987,-1.6370788,-2.0836349,1.299194,-7.4038053,-1.0701839,0.4874376,-4.5276976,-0.36647767,-0.7889257,2.4668405,104
-0.08256249,0.71578985,-1.0238961,0.19589972,-0.24405679,-1.0218632,-1.4571388,-0.095161706,-0.1624162,-1.2574296,-0.31886292,-0.88829726,-0.9581521,0.16801831,0.2405149,1.1905473,84
0.06776814,0.7857365,-1.0103517,0.23248214,-0.22856666,-1.0594922,-1.4063182,-0.15279146,-0.033772722,-1.3398256,-0.3244466,-0.90683585,-1.0264018,0.15070073,0.19923994,1.2536937,84
2.4501004,1.601219,-3.1667562,1.9339372,-1.1339811,-1.1784185,-1.4079349,-2.0158982,1.1351705,-5.604451,-0.38283053,-0.22841135,-2.7207136,-0.54084635,-0.87529314,2.1151628,13
-0.0511802,0.9617083,-1.089513,0.069642544,-0.3385144,-0.9957468,-1.4715321,-0.13673817,0.016972333,-1.2784262,-0.34141332,-1.0403644,-0.861705,0.11028658,0.10925247,1.2218432,81
3.0782986,1.6127918,-3.4864807,2.2378297,-1.0440563,-1.3701233,-1.570353,-2.0424013,1.0277648,-6.268399,-0.58619046,0.06867309,-3.4206784,-0.48892412,-0.84658146,2.2751203,104
2.356024,1.3503623,-2.637542,2.700334,-1.1523663,-0.991926,-1.420568,-1.6317804,1.1027104,-5.760692,-0.24374802,0.09552698,-2.7660518,-0.63058037,-0.5029569,2.110512,13
0.029154405,0.7325677,-0.9563212,0.320235,-0.18661705,-1.0382787,-1.4088559,0.07521637,-0.11964227,-1.2887222,-0.33140528,-0.87274706,-1.0033997,0.14782667,0.25856122,1.2051597,84
-0.05531986,0.91907454,-1.0517339,0.18222564,-0.27903068,-0.93546355,-1.4718521,0.03523144,-0.09404464,-1.2293935,-0.30968097,-0.9925458,-0.8229368,0.084555835,0.12029609,1.1900456,81
3.1466773,1.5085528,-3.4105027,1.5501779,-0.9853951,-1.3874257,-1.6041639,-1.8751948,1.1309978,-6.4933763,-0.92150956,0.34521878,-3.840153,-0.012252793,-1.2251935,1.9540082,19
2.9477096,1.0161666,-3.171043,2.1017585,-0.9259465,-1.2934482,-1.5521376,-1.8429213,0.73481435,-6.3494945,-0.78541696,0.58632624,-3.8331556,-0.11910989,-0.8422544,2.0586798,104
1.8814768,1.3371043,-2.1836953,2.551631,-0.9331784,-0.81490993,-1.3678067,-1.4121361,0.8397114,-4.8231497,-0.21040058,-0.12802589,-1.9865618,-0.494042,-0.7760777,1.9478447,13
2.7348425,1.48812,-3.241927,2.308797,-1.124517,-1.2356294,-1.5611567,-1.9801714,1.0529249,-6.2588134,-0.42481473,0.22133322,-3.287486,-0.40994897,-0.7543579,2.1094892,104
3.0358546,1.4444917,-3.317659,1.7953461,-0.95107245,-1.3158783,-1.681397,-1.9355152,0.9103771,-6.3827047,-0.78913224,0.3916241,-3.6637847,-0.053375497,-1.1899879,1.9336758,104
-0.031103939,0.85975987,-1.0224103,0.25385118,-0.26775947,-0.98909515,-1.4474604,0.048794262,-0.09580363,-1.3009615,-0.33223265,-0.9546831,-0.9214991,0.07001449,0.20263824,1.2266766,84
2.2488976,1.2681378,-2.5692136,2.4342465,-1.1748174,-0.85547924,-1.3714619,-1.6498476,0.96931773,-5.442616,-0.27710733,0.097283795,-2.6379855,-0.606746,-0.5964012,1.997948,13
3.5419004,1.4164188,-3.9449527,2.0323873,-1.0221802,-1.7630308,-1.629816,-2.0739381,1.3315028,-7.5461307,-1.0166643,0.54106647,-4.6375027,-0.3520541,-0.7318817,2.42804,104
-0.007796645,0.67253983,-0.985714,0.32621104,-0.17997365,-1.0189668,-1.4174931,0.027522609,-0.21336548,-1.2382419,-0.2951453,-0.85056937,-0.98367125,0.13838805,0.28297186,1.1882753,84
0.14404239,0.7242026,-0.9658774,0.3900422,-0.16765723,-1.0401391,-1.3565171,-0.025309548,-0.089415506,-1.3211306,-0.3027701,-0.86820465,-1.0467572,0.108388245,0.2292468,1.2631234,84
2.447375,1.4112257,-3.038869,2.2266054,-1.0934179,-1.0817634,-1.3869989,-1.9079578,0.9578667,-5.491621,-0.32699153,-0.061017334,-2.7073517,-0.5542789,-0.7327838,2.0627294,13
0.0068166256,0.9030408,-1.0546296,0.20943761,-0.2619536,-0.9569213,-1.4454734,-0.0023061112,-0.08660044,-1.2343236,-0.29315543,-0.9917582,-0.8612809,0.06869312,0.14346188,1.2109885,81
3.146892,1.5347564,-3.445118,2.3524399,-1.0069188,-1.3517163,-1.5371153,-1.963736,0.96607983,-6.2005014,-0.56636864,0.16072227,-3.4833162,-0.47552693,-0.7649976,2.2334812,104
2.4981422,1.3053553,-2.548762,2.750496,-1.143134,-1.0763079,-1.3617847,-1.5745294,1.1274389,-5.704814,-0.3289948,0.10423683,-2.9010396,-0.59252113,-0.45603362,2.1506603,13
0.12796776,0.62137,-0.906151,0.55767757,-0.10034842,-1.1300131,-1.3698537,0.20412478,-0.18663101,-1.3489723,-0.38525385,-0.7745191,-1.1229719,0.12880336,0.3439298,1.2583833,84
0.033314377,0.810684,-0.978525,0.37920386,-0.19100401,-0.9928084,-1.4410665,0.15296265,-0.18104805,-1.249603,-0.3485017,-0.88683355,-0.9254198,0.088563144,0.18721762,1.2083347,84
3.1574848,1.4755561,-3.3981295,1.6874701,-0.93231475,-1.3202212,-1.6413016,-1.833262,0.9802054,-6.433675,-0.8049993,0.4554271,-3.8052666,-0.02810917,-1.2057159,1.8630643,104
3.021527,1.1086321,-3.2256787,2.130404,-0.904747,-1.2517524,-1.5562592,-1.784899,0.75054514,-6.324757,-0.6679027,0.5933863,-3.7904031,-0.14341465,-0.8371681,1.9564025,104
1.9998318,1.2942479,-2.1167865,2.6966934,-0.8972603,-0.8428472,-1.3247726,-1.2769684,0.8407572,-4.8469067,-0.26363167,-0.095461294,-2.0664032,-0.47195378,-0.7121609,1.9690989,13
2.8132632,1.4914109,-3.2289064,2.370288,-1.0924969,-1.2332988,-1.5153654,-1.9121048,1.0512924,-6.211324,-0.40307912,0.25422096,-3.3066747,-0.41330165,-0.70620525,2.075299,104
3.0865595,1.4006938,-3.2930808,1.8197674,-0.8773968,-1.2661134,-1.6717081,-1.8613544,0.8104528,-6.2680387,-0.7129427,0.47570473,-3.6674848,-0.03681829,-1.1798627,1.8268774,104
0.07407378,0.7802353,-0.9795931,0.42591894,-0.18256557,-1.0278211,-1.4057035,0.16678035,-0.16127326,-1.3038576,-0.35126907,-0.88072115,-0.9977615,0.073124185,0.23682171,1.2405432,84
2.3764453,1.1705484,-2.5331259,2.6183004,-1.1585045,-0.8777382,-1.3838747,-1.6221585,0.88078225,-5.4731836,-0.32076818,0.21540506,-2.7836537,-0.6018407,-0.51453394,2.0284412,13
3.5791879,1.3717856,-3.8744597,2.2096467,-1.0057948,-1.7146503,-1.6152163,-1.998929,1.3116674,-7.485932,-0.9469626,0.59392667,-4.637613,-0.39961794,-0.6415733,2.4183443,104
0.109726325,0.58881664,-0.9580133,0.5209859,-0.093781985,-1.1049801,-1.3807564,0.15228015,-0.2626897,-1.2819817,-0.33479774,-0.7752534,-1.0915505,0.13406725,0.3446842,1.219846,84
0.2590176,0.64404005,-0.9533413,0.58252823,-0.08259383,-1.1196308,-1.3109725,0.10314345,-0.12261109,-1.374723,-0.35119367,-0.79936373,-1.1463314,0.09692234,0.26627764,1.3044744,84
2.592224,1.3035655,-3.0017695,2.3766346,-1.074386,-1.1364359,-1.3601353,-1.840907,0.9014458,-5.494291,-0.3802088,0.06151502,-2.887163,-0.50728405,-0.63208604,2.0699606,13
0.104226544,0.8140711,-0.996988,0.3948781,-0.18018459,-0.9940575,-1.404923,0.11436244,-0.15846048,-1.2471673,-0.31853068,-0.9040609,-0.94726473,0.074864775,0.18759188,1.2300887,84
3.2441032,1.5350184,-3.4660642,2.3885164,-1.0388218,-1.4289542,-1.485599,-1.9179068,1.0335921,-6.288755,-0.63534814,0.1647828,-3.6192207,-0.46670505,-0.7194548,2.2835195,104
2.9433606,1.0328925,-2.435218,2.9837704,-1.0942663,-1.1907929,-1.3730421,-1.6087387,0.9825754,-6.015439,-0.45219538,0.47518873,-3.6319208,-0.504848,-0.24919927,2.2171512,104
0.27263093,0.5696542,-0.8572695,0.74208796,-0.085914396,-1.2727158,-1.2590938,0.35930258,-0.06807499,-1.5666087,-0.49462137,-0.7419487,-1.3476329,0.13694233,0.4984522,1.3643324,84
0.115544304,0.7412366,-0.90879387,0.5890126,-0.16190544,-1.1282221,-1.3793573,0.24519932,-0.13176487,-1.3958026,-0.44178557,-0.8249402,-1.0795468,0.07636428,0.3090085,1.2908492,84
3.188861,1.5198675,-3.3565555,1.650539,-0.97152865,-1.3044935,-1.5939279,-1.7972261,1.0387592,-6.4429154,-0.8142167,0.4575296,-3.8602405,-0.04065313,-1.1976538,1.848693,104
3.0746672,1.1557363,-3.1785471,2.1911106,-0.9183624,-1.2179556,-1.5508924,-1.7528592,0.7189071,-6.2231116,-0.62561315,0.6032939,-3.7612958,-0.16991526,-0.82386667,1.9299551,104
2.3325415,1.0592124,-1.9305195,2.9384727,-0.81483424,-0.8765066,-1.2941475,-1.3041927,0.6504416,-4.8719306,-0.27527133,0.18047507,-2.4916856,-0.4088439,-0.5075015,1.9768604,13
2.8922281,1.5201685,-3.1772177,2.3549395,-1.1235381,-1.2937047,-1.460496,-1.8598953,1.1342717,-6.189614,-0.48008913,0.21270002,-3.376614,-0.41348732,-0.6939812,2.1154008,104
3.1139498,1.4158447,-3.192788,1.8057808,-0.91016877,-1.2239829,-1.6196787,-1.793106,0.8427585,-6.209954,-0.72656596,0.48571432,-3.699589,-0.039467335,-1.158021,1.8012326,104
0.15611385,0.70551455,-0.9098193,0.6345091,-0.14053875,-1.151859,-1.3490436,0.28930485,-0.12638704,-1.4306798,-0.45383304,-0.82048285,-1.1393354,0.06548393,0.3414903,1.3265423,84
2.8223581,0.89880437,-2.509923,2.9353647,-1.1188331,-1.0713747,-1.3443701,-1.6729602,0.77676845,-5.831363,-0.42605412,0.5033318,-3.5125675,-0.5256065,-0.27106026,2.186459,104
3.626343,1.24975,-3.7984123,2.3367267,-0.9353324,-1.6619158,-1.5383959,-1.8895411,1.1778241,-7.2886915,-0.86258614,0.684695,-4.6628885,-0.39648685,-0.52484334,2.391025,104
0.22744922,0.55142796,-0.90379333,0.7341652,-0.07846625,-1.2224902,-1.304697,0.2862511,-0.1711932,-1.4703703,-0.44323957,-0.7375084,-1.2558193,0.11602539,0.45221674,1.3292973,84
0.39419276,0.5921957,-0.9205638,0.79090106,-0.04077144,-1.2426101,-1.2259877,0.25874108,-0.046822265,-1.5482225,-0.46409464,-0.7522537,-1.3240312,0.097424895,0.37519222,1.4110627,84
2.668175,1.3254333,-2.9851882,2.4368196,-1.1130062,-1.2630532,-1.3075447,-1.7286407,1.047157,-5.6316195,-0.48481107,0.02435729,-3.028158,-0.48433894,-0.57576036,2.1765008,13
0.18690787,0.72692615,-0.9314607,0.59750736,-0.13920209,-1.1240219,-1.3378727,0.2378608,-0.13194029,-1.3759501,-0.41901273,-0.83890355,-1.1033247,0.07534334,0.31107843,1.3088405,84
3.2475393,1.5605685,-3.4374602,2.3648934,-1.107144,-1.5233574,-1.403589,-1.7755185,1.2259573,-6.442412,-0.7374127,0.109865114,-3.7245162,-0.4377468,-0.6868649,2.3521883,104
3.167588,1.239956,-2.6218033,3.1006393,-1.1491389,-1.1663946,-1.4806452,-1.5558779,1.0295019,-6.486728,-0.45444232,0.4959001,-3.863004,-0.5624058,-0.24250108,2.3153415,104
0.45843613,0.5421292,-0.91958225,1.0001743,-0.010164216,-1.4711713,-1.1166449,0.6499024,0.1558846,-1.95736,-0.6617483,-0.72314256,-1.6418114,0.13321401,0.7179048,1.5960732,84
0.25572705,0.68511707,-0.88929915,0.82725036,-0.13227062,-1.3049928,-1.2600195,0.46660513,0.014347926,-1.677236,-0.5624526,-0.81164914,-1.3282566,0.071317986,0.51654035,1.4618136,84
3.208617,1.5593565,-3.3067613,1.5858852,-1.0089782,-1.3258561,-1.559484,-1.7398393,1.1195112,-6.510474,-0.8847931,0.45744956,-3.949641,-0.04948669,-1.2095048,1.8644232,19
3.0740893,1.1937493,-3.0968866,2.1284962,-0.95973766,-1.241382,-1.4772313,-1.7138481,0.79336727,-6.187631,-0.66703975,0.56222016,-3.7831776,-0.17813559,-0.81990397,1.9433358,104
2.5718424,1.028513,-1.8295915,2.9204535,-0.7973796,-0.83642715,-1.2934229,-1.3277173,0.6546023,-5.0704174,-0.28653318,0.35552573,-2.8108287,-0.3940203,-0.4039408,1.921432,13
3.1886697,1.3008174,-3.0501282,2.6649656,-1.113174,-1.3793716,-1.4309683,-1.830835,1.0231247,-6.5012136,-0.5318039,0.4985171,-3.9130335,-0.3437226,-0.47348294,2.1713288,104
3.159922,1.4826454,-3.167575,1.7370552,-0.9611105,-1.2691495,-1.5651896,-1.7351506,0.94181055,-6.289762,-0.8059504,0.4487608,-3.7947924,-0.05369443,-1.1765084,1.8307043,104
0.3024962,0.6626446,-0.8962506,0.84035325,-0.109989405,-1.3401556,-1.2334173,0.45296085,0.029844612,-1.6929171,-0.57293236,-0.80305004,-1.3862332,0.06488809,0.5245437,1.4768766,84
2.9912372,1.015012,-2.546446,3.0805874,-1.1566657,-1.0999299,-1.4592819,-1.6782811,0.8146609,-6.221671,-0.4451713,0.60338604,-3.7784004,-0.5394107,-0.24164814,2.2433605,104
3.618714,1.2269865,-3.6259665,2.2697034,-0.9730623,-1.6424932,-1.4058533,-1.7870277,1.2336917,-7.0689783,-0.90204996,0.63869977,-4.662967,-0.39071095,-0.46906242,2.4101746,104
0.38276637,0.52019644,-0.9455682,0.93219745,-0.043740384,-1.4098928,-1.1697717,0.5412859,0.02900204,-1.8239975,-0.58438116,-0.7327425,-1.5361465,0.12143387,0.66573405,1.5114625,84
0.5737235,0.56413215,-0.9330475,0.97387826,-0.008930758,-1.4146688,-1.0870434,0.50427675,0.1278814,-1.8354219,-0.600636,-0.75983787,-1.5953722,0.1049823,0.5698405,1.5776101,84
3.0896435,1.2199154,-2.9384553,2.8788,-1.1855888,-1.2837611,-1.380377,-1.7217842,0.8606763,-6.2002425,-0.48002976,0.32760292,-3.6865785,-0.44374597,-0.39816108,2.2766576,104
0.3238619,0.69006145,-0.9208318,0.8172319,-0.111293346,-1.3103894,-1.2236283,0.41576648,0.027552783,-1.6556277,-0.54549897,-0.8228599,-1.3461165,0.06811984,0.48819977,1.4707441,84
3.6927586,1.5078521,-3.4795623,2.7789917,-1.157255,-1.6055206,-1.5228062,-1.809168,1.0935222,-7.1750665,-0.76825774,0.44246042,-4.4700336,-0.35499355,-0.53901255,2.4633577,104
3.4240553,1.6838796,-2.891339,3.035277,-1.2841834,-1.2164239,-1.5524127,-1.5709016,1.3020543,-7.006963,-0.4821757,0.32560098,-4.041315,-0.54810274,-0.33366948,2.436233,104
0.73490447,0.40586656,-1.0074894,1.4924119,0.17233378,-1.6648111,-1.0253702,1.0685226,0.15348682,-2.3846204,-0.7677152,-0.58551234,-2.0970817,0.28213814,0.8952529,1.9448106,40
0.46565062,0.6088997,-1.0174748,1.1068194,-0.0012967587,-1.5359168,-1.0762407,0.902633,0.26901257,-2.1700597,-0.7626405,-0.7858595,-1.7266128,0.121590465,0.8014589,1.7578338,84
3.5710893,1.4142823,-3.3065493,1.9084352,-0.9963479,-1.378525,-1.5799491,-1.7077878,0.96113956,-6.9812603,-0.91717154,0.7583427,-4.5123796,0.04997787,-1.028085,1.9122182,104
3.3126702,1.0218817,-3.0079472,2.406393,-0.9426441,-1.2553922,-1.4350793,-1.6597571,0.6739344,-6.497127,-0.66913086,0.83245945,-4.2176785,-0.11327851,-0.6119982,1.9494153,104
2.658694,1.1904296,-1.8517503,2.9765,-0.8707254,-0.756485,-1.4205656,-1.3984658,0.64458984,-5.3078656,-0.233598,0.399714,-2.8312547,-0.34732687,-0.44286123,1.843523,104
3.4095526,1.4987191,-3.1897388,2.8235102,-1.1475946,-1.4095277,-1.5704205,-1.7929795,1.1001989,-7.052432,-0.56508124,0.5953127,-4.2184224,-0.4048063,-0.44414574,2.2848327,104
3.4810767,1.276348,-3.1432204,2.117012,-0.978405,-1.3017632,-1.571738,-1.6942637,0.74298596,-6.721376,-0.8477491,0.7729069,-4.34707,0.04112056,-0.9768895,1.8809764,104
0.73322284,0.51452464,-0.6667884,1.1991962,-0.12870894,-1.1411036,-1.0694783,0.4244879,-0.08647369,-1.7494854,-0.48335978,-0.59499854,-1.7064421,0.18146464,0.56987685,1.5454277,84
3.2006178,1.3953818,-2.7596679,3.0837455,-1.3142514,-1.1015923,-1.5834885,-1.7216476,1.0042144,-6.6926146,-0.4262786,0.50363386,-3.9335477,-0.56021404,-0.31864977,2.321239,104
3.9632182,0.9280137,-3.564363,2.445129,-0.92140126,-1.8122228,-1.3536849,-1.7438931,1.1623168,-7.5179176,-1.0336446,1.0082697,-5.4368877,-0.27100348,-0.25090528,2.4739988,104
0.5844133,0.45191425,-1.135555,1.1948401,0.08828646,-1.6301669,-1.0143695,0.9871254,0.29080015,-2.318655,-0.80182195,-0.73233837,-1.8871173,0.1327369,0.90760714,1.8197907,40
0.7868951,0.52238625,-1.0955583,1.2716379,0.12871599,-1.6402619,-0.9189446,0.94549453,0.3881189,-2.3366172,-0.8177413,-0.75563633,-1.9492295,0.112412035,0.80338997,1.8901759,40
3.4106305,1.7747766,-3.2940428,2.7875504,-1.3607596,-1.3881785,-1.5099726,-1.8569183,1.2403444,-6.894003,-0.45569023,0.1599542,-3.96228,-0.5254176,-0.47636095,2.411445,104
0.5308041,0.6234145,-1.0048093,1.1091969,0.00295043,-1.5134805,-1.0541017,0.8324907,0.24141197,-2.0791268,-0.7293371,-0.81394553,-1.7002263,0.091658264,0.74319273,1.757898,84
3.8792753,1.9288598,-3.71682,2.6227837,-1.2734643,-1.7143751,-1.6898053,-2.083533,1.343824,-7.6255,-0.7156248,0.33169734,-4.635217,-0.41050482,-0.65570694,2.5089781,104
3.3273644,1.766848,-2.8757231,3.4279675,-1.4793677,-1.3357385,-1.7698829,-1.8281478,1.3097857,-7.4021473,-0.4407376,0.34111106,-4.0512867,-0.40735406,-0.39329994,2.500362,104
0.9702403,0.748568,-1.0480955,1.6313883,-0.00384897,-1.5359052,-1.1402104,1.0481385,0.08772057,-2.5753794,-0.6365593,-0.71759534,-2.1522446,0.26686943,0.8202424,1.9748442,40
0.46941936,0.5267084,-1.0414369,1.3690587,0.10520798,-1.7030568,-1.0996045,1.2559695,0.22006902,-2.4624887,-0.8838721,-0.62029606,-2.0379093,0.28160763,0.8512728,1.987073,40
3.7891135,1.5598807,-3.4977887,2.0409393,-1.0221279,-1.5893857,-1.7370746,-1.7615292,1.0537415,-7.529501,-1.026396,0.85392594,-4.853795,0.1108471,-1.0440481,2.035783,104
3.4522612,1.1310375,-3.1043487,2.4704819,-0.9469788,-1.3843759,-1.5574408,-1.6981875,0.75687635,-6.916597,-0.73469794,0.9568808,-4.505788,-0.10851134,-0.6053328,2.0100617,104
2.6869593,1.5319654,-2.0948024,3.1216545,-1.182244,-0.6614245,-1.8165262,-1.7370614,0.4655075,-5.6765575,-0.14818582,0.3406461,-2.7471597,-0.33200383,-0.78981733,1.7588437,37
3.6606874,1.9552064,-3.5118766,2.840776,-1.2418655,-1.4821273,-1.7395241,-1.9102294,1.334732,-7.6676683,-0.5343071,0.50978076,-4.392029,-0.4386487,-0.5305581,2.3737879,104
3.6701279,1.3839285,-3.3267238,2.23658,-0.9683554,-1.4965906,-1.7449658,-1.7449176,0.7746917,-7.176774,-0.9659469,0.8877107,-4.6336226,0.12231514,-1.0148089,1.98323,104
0.8120305,0.61497647,-0.6475485,1.2568219,-0.1616589,-1.065699,-1.0797966,0.20803916,0.0951688,-1.8850181,-0.44191003,-0.5618576,-1.5961713,0.117918506,0.34562284,1.5212151,84
3.3462667,1.5382534,-2.8362794,3.2646465,-1.3536592,-1.2922196,-1.6951425,-1.7528679,1.1323276,-7.0557847,-0.4740169,0.41280454,-4.1084933,-0.34212562,-0.37115443,2.462459,104
4.232172,1.2513435,-3.8662078,2.512949,-1.0019433,-1.9432905,-1.51664,-1.7519369,1.3600712,-8.217411,-1.1102265,1.0103701,-5.815961,-0.2919277,-0.31230387,2.6398208,104
0.7780667,0.6973731,-1.0443587,1.450177,-0.03850165,-1.5604788,-1.1884909,0.9765781,0.03198068,-2.4128635,-0.6439054,-0.72890705,-2.0356135,0.30289263,0.8030801,1.8850727,84
0.82308537,0.5031273,-0.9173884,1.6492227,0.09334007,-1.5557022,-0.96339375,1.0323155,0.07273182,-2.39085,-0.69838464,-0.6141063,-2.1152883,0.33041456,0.73253113,1.9781955,40
3.4627614,1.926141,-3.2436197,3.0393963,-1.4828949,-1.5295665,-1.7269061,-1.9930391,1.372454,-7.264179,-0.5281055,0.17966293,-4.0913367,-0.31631282,-0.55805635,2.5327249,104
0.58735865,0.55077344,-1.0624121,1.3264487,0.10764429,-1.67241,-1.0859549,1.1673546,0.26077807,-2.4075441,-0.86568695,-0.66113997,-2.0265915,0.22641203,0.8471424,1.9627615,40
4.0091524,2.1010547,-3.655171,2.561523,-1.459526,-1.654581,-1.953049,-2.2668839,1.488384,-7.8569164,-0.82912844,0.445576,-4.832617,-0.44783896,-0.8049226,2.4851692,104
3.1596243,1.7930974,-2.4874542,3.1249409,-1.429688,-1.1558883,-1.6196816,-1.7421541,1.225738,-6.379527,-0.4420538,0.09264551,-3.4619882,-0.41162363,-0.54340744,2.3297393,104
0.8132594,0.8409672,-1.0541602,1.5173714,-0.07168698,-1.4143833,-1.1742592,0.8642206,0.15730907,-2.4432378,-0.56288266,-0.78780663,-1.9393938,0.21594903,0.5580861,1.9113058,84
0.66949797,0.8277144,-1.1055082,1.5126208,-0.08382163,-1.5341469,-1.2436814,1.007815,0.09222004,-2.5524402,-0.6457794,-0.7682319,-1.9741592,0.2244044,0.683776,1.9346834,84
3.9415479,1.7539591,-3.474239,1.9975663,-1.1466612,-1.5746417,-1.7356732,-1.7852268,1.1692092,-7.594744,-1.0718311,0.7398576,-4.9090824,0.12883523,-1.0810169,2.0923321,104
3.7098203,1.4023345,-3.2774718,2.4248142,-1.064902,-1.4808905,-1.6392,-1.7862062,0.9022926,-7.255922,-0.81899136,0.8717427,-4.719669,-0.050653145,-0.71707964,2.1028383,104
2.622191,1.4547074,-1.7841071,2.8212996,-0.93930924,-0.7810006,-1.4844666,-1.3462504,0.812581,-5.2029123,-0.1871498,0.14992197,-2.6607456,-0.3242944,-0.60769665,1.7823286,104
3.7047296,2.05814,-3.334855,2.9856782,-1.4368929,-1.4786007,-1.9591568,-2.018065,1.41778,-8.081051,-0.6202272,0.71043205,-4.685116,-0.33458695,-0.57321435,2.4205842,104
3.8453503,1.5618341,-3.3808606,2.0788264,-1.0567586,-1.522689,-1.7466278,-1.8061179,0.9174049,-7.2744856,-1.0514491,0.7876984,-4.743887,0.1876395,-1.1033874,2.0324001,104
0.68602234,0.7875351,-0.723468,1.6147472,-0.26000312,-0.9150317,-1.0193655,-0.38125652,0.3730234,-2.084925,-0.28794453,-0.6174123,-1.1551003,0.0088284835,-0.47508708,1.6444879,84
3.313221,1.6570437,-2.7542295,3.367362,-1.3806407,-1.2833492,-1.6840765,-1.7307583,1.2626158,-7.0247593,-0.4630261,0.3019833,-3.918037,-0.38056463,-0.37355366,2.462571,104
4.5266376,1.7359103,-4.130824,2.470313,-1.1683679,-2.0311785,-1.733511,-1.9305179,1.6258197,-8.802037,-1.1413578,0.92082155,-6.0723677,-0.23891827,-0.46528476,2.752237,104
0.684742,0.8394942,-1.1598313,1.543135,-0.08763138,-1.4421914,-1.2850735,0.7367562,0.08226995,-2.4985497,-0.5415159,-0.7557174,-1.8381304,0.17197749,0.47064394,1.8781041,84
0.8419098,0.8981884,-1.1667638,1.6436166,-0.10402376,-1.4452615,-1.2111063,0.596708,0.18393868,-2.5952196,-0.56677043,-0.7724728,-1.8633708,0.14983141,0.2503066,1.9485987,84
3.251086,1.9551929,-2.8067331,2.798707,-1.6288302,-1.3167598,-1.6214995,-2.1716895,1.3258123,-6.4974,-0.5066627,-0.033153936,-3.6306057,-0.32640404,-0.73314285,2.3714695,104
0.73093396,0.86288935,-1.1262338,1.5238715,-0.0753641,-1.5023209,-1.2462373,0.9576662,0.07750194,-2.5495672,-0.61389387,-0.7793565,-1.9696664,0.20317236,0.6525761,1.9397595,84
3.756194,2.0537329,-3.0808783,2.6484013,-1.60743,-1.4879618,-1.8860824,-2.225594,1.3833739,-7.2310996,-0.8236611,0.32513726,-4.448155,-0.39551738,-0.8418871,2.462672,104
2.9735093,1.6579081,-2.1546388,2.3787556,-1.3774675,-1.1184582,-1.6910431,-1.9395778,1.0124962,-5.295464,-0.6084801,-0.11089528,-3.1656494,-0.29264557,-1.0375499,2.1058252,13
0.6033564,0.8293688,-0.83217704,0.9762838,-0.18427509,-1.2591771,-1.171308,0.7100367,0.04070875,-1.8777907,-0.42653155,-0.9029917,-1.755003,0.23764706,0.59955055,1.6388822,84
0.4856193,0.76522475,-0.9254585,1.0257434,-0.14086385,-1.4047635,-1.2218964,0.9581806,0.0010096133,-1.9361546,-0.55094254,-0.92733085,-1.8330996,0.24113914,0.80708027,1.7450762,84
3.9853716,1.8685589,-3.426346,1.9435776,-1.243419,-1.4750375,-1.8567452,-1.798781,1.2353156,-7.667366,-1.1023932,0.751204,-4.959258,0.09369716,-1.1706834,2.0640368,104
3.7797873,1.6075739,-3.3065655,2.3534718,-1.2055707,-1.4359491,-1.7315543,-1.8749396,1.0239317,-7.496685,-0.83683187,0.8353807,-4.8014154,-0.051313758,-0.81686586,2.1005611,104
2.62353,1.3431579,-1.5457191,2.142033,-0.75935566,-0.8714265,-1.3605218,-1.2851852,0.8638124,-4.2338977,-0.41408122,-0.048465014,-2.5367804,-0.25258097,-0.80251664,1.7757765,104
3.4794936,1.93769,-2.7324655,2.6146317,-1.3825415,-1.2735586,-1.7665586,-1.8994219,1.3509429,-6.8526297,-0.66926897,0.45488906,-4.0953727,-0.3621397,-0.7006734,2.2570846,104
3.776713,1.6956489,-3.291763,2.008501,-1.1772065,-1.3788561,-1.8417335,-1.812128,0.9871954,-7.2810335,-1.0151058,0.74410146,-4.6518083,0.13398762,-1.1944668,1.9588039,104
0.63613814,0.96771914,-0.7367048,1.6905211,-0.48771617,-0.70651376,-1.0470986,-0.94462776,0.5668263,-2.18789,-0.15605699,-0.6444758,-0.85038054,-0.21873516,-1.0116425,1.602834,84
3.2177017,1.6101083,-2.47663,2.8194342,-1.3489765,-1.2181337,-1.6678641,-1.8147322,1.0764174,-5.995314,-0.6128822,0.041224107,-3.5281572,-0.26111338,-0.7740727,2.2965066,104
4.315944,1.9186947,-3.7951143,2.4375134,-1.2664816,-1.9564425,-1.8678219,-2.096447,1.686261,-8.427221,-1.036013,0.7221155,-5.6192865,-0.27740628,-0.63181674,2.6135788,104
0.44960254,0.8150496,-0.938817,1.0165778,-0.17245054,-1.278118,-1.2236633,0.5592342,0.028486505,-1.9175787,-0.40702975,-0.8572764,-1.6325663,0.19908941,0.48879933,1.6214104,84
0.6100337,0.82749236,-0.9376632,1.0296174,-0.14169092,-1.3302051,-1.200849,0.64239115,0.07520299,-1.95692,-0.47305518,-0.86612767,-1.773244,0.22227001,0.48336613,1.6675417,84
3.1397386,1.8521852,-2.4878626,2.2212605,-1.4646195,-1.2456521,-1.6343808,-2.1145275,1.220626,-5.6658325,-0.63553786,-0.13635258,-3.3775544,-0.24022648,-1.0544997,2.1514375,104
0.5314649,0.79822344,-0.95637697,1.1030102,-0.13605982,-1.3847511,-1.22767,0.87070733,0.0142894685,-1.980443,-0.52030146,-0.9126158,-1.8030167,0.20297328,0.7050165,1.7530756,84
3.6597757,1.7837868,-2.7654018,2.0640216,-1.2697409,-1.5031039,-1.7937307,-2.010691,1.2232981,-6.202136,-0.969714,0.19480844,-4.218872,-0.265155,-1.0830107,2.292472,104
2.941971,1.5053476,-2.0521944,1.8805538,-1.2266994,-1.1920205,-1.6877191,-2.0225,0.8883915,-4.7251854,-0.736626,-0.21614295,-3.11297,-0.2058579,-1.2901118,2.0056005,104
0.4577822,0.9124735,-0.82466733,0.7065489,-0.2813038,-1.1315686,-1.4572773,0.45819068,-0.056594625,-1.7281932,-0.30580318,-0.90539044,-1.6005015,0.12842223,0.39834934,1.4079771,84
0.3977092,0.8149091,-0.8542637,0.6555363,-0.2545495,-1.2123141,-1.349222,0.6724146,-0.10767101,-1.6575756,-0.3836509,-0.9656311,-1.656152,0.2224397,0.63819695,1.4668871,84
3.990634,1.4992127,-2.6925757,1.8148583,-1.1214362,-1.3510824,-1.5575795,-1.394512,1.2340993,-6.7239175,-1.3522063,0.76471037,-4.9236264,0.250338,-0.98338246,2.1866906,104
3.7821379,1.5187135,-2.8860123,2.2323408,-1.1645368,-1.3200271,-1.60831,-1.6587318,1.0991224,-6.993736,-0.97558135,0.8245888,-4.7114334,-0.032713596,-0.75491995,2.1433897,104
2.5620127,1.2024927,-1.5593946,1.8130907,-0.8302851,-0.84122217,-1.6874771,-1.6017512,0.56439215,-3.90121,-0.6302061,-0.038844302,-2.6160474,-0.23142442,-1.2521899,1.7785987,13
3.4950538,1.7715403,-2.6615574,2.2552438,-1.2438519,-1.349305,-1.8706686,-1.9836316,1.1209365,-6.2154794,-0.8480027,0.29443872,-4.0066724,-0.2744823,-1.0568724,2.2059605,104
3.554949,1.3423603,-2.4884033,1.7904619,-1.0215479,-1.1972878,-1.5780723,-1.5252342,0.8777144,-6.006986,-1.1158817,0.6061253,-4.2291017,0.27867064,-1.1385303,1.9431058,104
0.66958076,1.0880493,-0.89737725,1.5853655,-0.5570014,-0.6751986,-1.2961562,-1.1581626,0.5985653,-2.4141364,-0.10953508,-0.63021064,-0.8495626,-0.3020414,-1.2768474,1.489311,84
3.1674817,1.4594866,-2.3519638,2.346982,-1.2766778,-1.2163485,-1.82352,-1.9732349,0.86457175,-5.4788723,-0.791991,0.022971675,-3.5076962,-0.1913616,-1.1493766,2.1627572,104
4.075421,1.8717622,-3.108362,2.114349,-1.280515,-1.6757516,-1.672622,-1.9472291,1.5475191,-7.1011233,-1.0792501,0.41113186,-4.9101624,-0.29854536,-0.8164539,2.4474733,104
0.3231352,0.87377626,-0.857641,0.73513246,-0.27311823,-1.1650405,-1.403832,0.32660174,-0.05532895,-1.7071235,-0.2859798,-0.9023918,-1.4774146,0.13884528,0.34900835,1.398556,84
0.47789162,0.92272824,-0.88798374,0.7323265,-0.2658879,-1.1885399,-1.3231843,0.36196184,0.012140989,-1.77689,-0.30598742,-0.93199056,-1.5849407,0.17641246,0.30561367,1.446912,84
3.0480504,1.7430234,-2.4247403,1.8175446,-1.3194764,-1.28397,-1.7630012,-2.2122097,1.031313,-5.191786,-0.7283046,-0.20692126,-3.2352355,-0.16916963,-1.383163,1.9943402,104
0.39917368,0.864835,-0.85544354,0.65643513,-0.25104573,-1.2053616,-1.3499103,0.62355214,-0.0861121,-1.6535499,-0.36038017,-0.9741458,-1.6147349,0.21342221,0.5803926,1.4574032,84
3.463973,1.627888,-2.6347415,1.748154,-1.1193236,-1.4514323,-1.896651,-2.075529,1.0426235,-5.686741,-1.0239155,0.1577705,-3.9843097,-0.21315601,-1.3486495,2.1524794,104
2.7668083,1.4484429,-1.95675,1.6503371,-1.1294018,-1.1006545,-1.7297213,-2.0216372,0.78717494,-4.349383,-0.72202945,-0.2947495,-2.881358,-0.18953766,-1.4646604,1.9102952,13
0.36879277,0.9890365,-0.8235619,0.49677157,-0.31845182,-1.1506733,-1.6635113,0.2164231,-0.08715315,-1.535979,-0.30859536,-0.94467425,-1.4440306,0.09644285,0.2050241,1.2730049,84
0.36074173,0.92324305,-0.8141762,0.45082432,-0.32422328,-1.1451173,-1.6266913,0.50926185,-0.16587748,-1.538599,-0.33876792,-0.97188336,-1.5735443,0.14795472,0.47875392,1.3072076,84
3.993723,1.2473919,-2.6777687,1.438549,-0.88508546,-1.2665577,-1.7175078,-1.4452668,0.8821955,-6.2154717,-1.4976722,0.7438806,-4.909517,0.33831844,-1.3370373,2.1212041,104
3.829688,1.2001132,-2.538278,1.7697476,-0.96813774,-1.2490611,-1.5743201,-1.5663099,0.81509024,-6.034327,-1.252108,0.6916401,-4.631339,0.22427773,-1.0688279,2.1298378,104
2.540098,0.9931702,-1.4391646,1.520275,-0.7575222,-0.8265218,-1.6492612,-1.6436093,0.4235672,-3.4208326,-0.7679666,-0.09567203,-2.6027493,-0.1543352,-1.3970804,1.7646971,13
3.4039063,1.674464,-2.634623,2.112722,-1.1503118,-1.3278179,-1.9777398,-2.013927,0.97149163,-6.0087614,-0.8915762,0.30298918,-3.908484,-0.24200079,-1.2362154,2.115074,104
3.513785,1.0405214,-2.3869956,1.3547227,-0.8564153,-1.1054608,-1.6649818,-1.617803,0.51575476,-5.4008436,-1.3080965,0.5618162,-4.189772,0.4374764,-1.5275505,1.8618953,104
0.8477184,1.2396767,-1.1216558,1.5100061,-0.6765777,-0.73472786,-1.5218112,-1.5235292,0.6244518,-2.7020369,-0.11129741,-0.65165615,-0.9528893,-0.31373388,-1.517478,1.4423643,81
3.0907984,1.449598,-2.3059444,2.0476384,-1.222863,-1.1839974,-1.9372509,-2.1155534,0.7539272,-5.1875696,-0.8236616,-0.051570803,-3.3913078,-0.19543046,-1.4095824,2.059447,104
4.0983195,1.7092236,-3.106856,1.6764792,-1.1205227,-1.7484337,-1.8065889,-2.0015745,1.3131567,-6.671313,-1.2605407,0.34106123,-4.946935,-0.11999667,-1.2080889,2.3404367,104
0.25093347,0.98869705,-0.86784273,0.51802456,-0.31503505,-1.1078573,-1.6976779,0.22437978,-0.17456873,-1.4729462,-0.25548267,-0.95776665,-1.3267171,0.044401705,0.21153527,1.2623423,84
0.3564003,1.018172,-0.88498384,0.501484,-0.32301697,-1.1571605,-1.6702194,0.20674306,-0.15974526,-1.4816048,-0.2695538,-0.9978419,-1.4040751,0.05939813,0.18088251,1.2940923,84
2.909832,1.7636223,-2.3724303,1.6280605,-1.2804817,-1.2111509,-1.8398528,-2.2436402,0.99988204,-5.040678,-0.6961055,-0.26661503,-3.0969384,-0.19546846,-1.5447781,1.9080734,13
0.3394298,0.9237272,-0.8224276,0.4709493,-0.3197903,-1.1425565,-1.6102924,0.42866796,-0.16539074,-1.5205134,-0.31136912,-0.983414,-1.517884,0.120692074,0.3913715,1.3036804,84
3.2947989,1.5125941,-2.4881363,1.5669546,-1.0605412,-1.2822876,-1.8722572,-2.0312068,0.97851443,-5.521362,-0.98488986,0.21314119,-3.8925302,-0.17068514,-1.3954816,2.0261796,104
2.5757544,1.3903534,-1.7768111,1.5113825,-1.0800762,-1.0113107,-1.5670054,-1.8371599,0.8652311,-4.0974607,-0.70559835,-0.29196605,-2.7091827,-0.12943563,-1.4009588,1.8357997,13
0.3258255,1.015328,-0.8358305,0.37423635,-0.29142714,-1.1264411,-1.7147925,0.1091392,-0.07555725,-1.5031309,-0.29360163,-0.9279173,-1.3282975,0.15492782,0.05524151,1.1639677,84
0.24116533,1.0248663,-0.8425051,0.42142856,-0.32109085,-1.0897558,-1.7398579,0.25680244,-0.12894554,-1.5044307,-0.27393347,-0.9714345,-1.3113252,0.08331941,0.16591,1.2137023,84
3.8549004,1.0914941,-2.5867422,1.5098667,-0.8881531,-1.1228912,-1.8977752,-1.5161294,0.6386375,-6.0074987,-1.52511,0.7718436,-4.7778034,0.2936433,-1.5004241,2.101654,104
3.7979455,0.93537056,-2.387432,1.5329976,-0.8326454,-1.125259,-1.6789694,-1.530972,0.5527519,-5.555268,-1.4301465,0.7212073,-4.614737,0.27065834,-1.3101509,2.0843096,104
2.443023,0.7810522,-1.2968338,1.3883736,-0.6453741,-0.76912105,-1.5453322,-1.551011,0.40697125,-3.2250676,-0.82377553,0.020278186,-2.5932784,-0.07271963,-1.3303368,1.6842653,37
3.2131999,1.6427164,-2.4830294,2.1412735,-1.2164217,-1.1709538,-1.9237099,-1.965117,1.0230491,-5.990531,-0.81898504,0.34450954,-3.8012125,-0.26793692,-1.1696911,2.0788956,104
3.4747581,0.82037455,-2.2364204,1.2250496,-0.76640654,-0.9922065,-1.706908,-1.5098209,0.34959403,-5.14741,-1.4665827,0.6725062,-4.229096,0.47311497,-1.6372123,1.8414032,104
0.89287215,1.3136067,-1.254779,1.6234604,-0.7226608,-0.69385076,-1.6966524,-1.6231027,0.6083946,-2.9617145,-0.09386785,-0.57468843,-0.9898787,-0.3679343,-1.582782,1.4533839,81
2.8645444,1.3547913,-2.075417,1.740703,-1.0816277,-1.095267,-1.8444993,-1.9963543,0.7049346,-4.6492414,-0.78524756,-0.12282898,-3.0984027,-0.115576,-1.4845669,1.9035566,104
4.011281,1.5802561,-2.934744,1.5489998,-1.0347369,-1.6217854,-1.806577,-1.8581923,1.2105403,-6.3779674,-1.3125354,0.38785553,-4.8938565,-0.113862544,-1.2540083,2.3273802,104
0.2159719,0.9983172,-0.87501645,0.35736406,-0.29165882,-1.0893794,-1.7394507,0.07243421,-0.1499664,-1.449109,-0.22429624,-0.9215746,-1.2530501,0.115970284,0.08629842,1.1283994,84
0.32598382,1.0249078,-0.85475236,0.36125106,-0.30478007,-1.1502082,-1.7485569,0.04343205,-0.1392474,-1.4168881,-0.27450496,-0.9721197,-1.3216875,0.119674966,0.00511162,1.1941297,84
2.679988,1.6443754,-2.0835445,1.4223886,-1.211128,-1.0831298,-1.6415153,-1.9992702,1.0573702,-4.6672826,-0.6790546,-0.27794224,-2.9127014,-0.12359385,-1.4774132,1.8212513,13
0.21509887,1.0289824,-0.80008894,0.46336347,-0.33488858,-1.06706,-1.7236078,0.22965121,-0.13584279,-1.4421327,-0.25493345,-0.9894724,-1.2591361,0.03949894,0.12789044,1.2371696,84
3.1619477,1.4305639,-2.5278673,1.758128,-1.0627834,-1.1361762,-1.9732804,-2.0210538,0.8388504,-5.7543855,-0.89426833,0.32494926,-3.8654003,-0.13691428,-1.4072537,1.9967203,104
2.5507536,1.32655,-1.7147659,1.545669,-1.0439751,-0.9132471,-1.5071561,-1.7204545,0.8083736,-4.0013905,-0.7199348,-0.2260784,-2.6724393,-0.132863,-1.3451252,1.8383912,13
0.3032933,1.0642897,-0.8411648,0.34496415,-0.27862102,-1.0672407,-1.6841807,0.12321162,-0.041306064,-1.5405033,-0.27570474,-0.90784574,-1.2838104,0.19469196,-0.005257204,1.1374105,84
0.19318633,1.0710208,-0.8337227,0.36726505,-0.3100682,-1.0243405,-1.7483633,0.200072,-0.10344888,-1.5177143,-0.22991256,-0.9463164,-1.2146757,0.095118314,0.07678115,1.1421504,84
3.6542237,0.9385899,-2.3455458,1.5199281,-0.8379395,-0.9428153,-1.8279836,-1.3843151,0.60805935,-5.8378806,-1.4735446,0.87443364,-4.628346,0.3101476,-1.4068093,1.9989367,104
3.5910954,0.65506047,-2.0045073,1.4116886,-0.7131579,-0.9334035,-1.5741446,-1.3210635,0.43914178,-4.9445596,-1.4999945,0.77665776,-4.389701,0.29549608,-1.2811091,2.012896,104
2.484429,0.7801246,-1.3294188,1.6159273,-0.6549069,-0.74131227,-1.454802,-1.3870866,0.52296793,-3.5706239,-0.82732135,0.22443683,-2.7175546,-0.031033222,-1.1032977,1.7038764,37
3.146813,1.4983665,-2.4210942,2.1582456,-1.1087353,-1.059318,-1.9151542,-1.8476924,0.86304104,-5.8433814,-0.8141231,0.40130144,-3.7286117,-0.20053974,-1.18578,2.042941,104
3.340501,0.6953439,-2.0599136,1.2774756,-0.72418773,-0.8828957,-1.7006519,-1.403652,0.30779848,-5.0523624,-1.473148,0.7661868,-4.1410265,0.4938643,-1.5899496,1.792482,104
0.9131679,1.4168079,-1.4290239,1.6903685,-0.73201144,-0.7083366,-1.7751446,-1.6727813,0.66916025,-3.3049247,-0.045010805,-0.5081748,-1.0370919,-0.3291874,-1.598073,1.4133552,81
2.710538,1.2727417,-1.9137565,1.6726876,-0.99878895,-0.97820073,-1.7519653,-1.8518505,0.65036166,-4.3809433,-0.75323766,-0.0848589,-2.8990242,-0.05682949,-1.4497724,1.8059489,13
3.7297063,1.4681882,-2.6323545,1.5186383,-1.0055883,-1.3645091,-1.7891271,-1.7608488,1.1483382,-6.0023227,-1.2197336,0.40690237,-4.5860186,-0.101832055,-1.2504375,2.2292473,104
0.18949,1.0274904,-0.86804557,0.35247803,-0.2782432,-1.0186185,-1.7216148,0.08657344,-0.13090996,-1.4756026,-0.21460246,-0.89060855,-1.190778,0.13259731,0.0105124265,1.1023331,84
0.28600568,1.0674502,-0.85758764,0.31203532,-0.29040474,-1.079846,-1.7432885,0.022010103,-0.08490227,-1.4781327,-0.23780623,-0.9354278,-1.2547175,0.14105362,-0.059150197,1.1307983,84
2.600993,1.5672867,-2.0182338,1.5341358,-1.2107577,-0.9437388,-1.613409,-1.873017,0.9858858,-4.7093487,-0.6674442,-0.1683211,-2.8967698,-0.1329204,-1.414298,1.8230269,13
0.14800398,1.0539024,-0.81225556,0.38298059,-0.30126348,-1.0233903,-1.7660503,0.14341472,-0.09924503,-1.5047802,-0.22070582,-0.9296534,-1.1813114,0.07205111,0.016144097,1.1405164,84
3.1711254,1.4347613,-2.6046665,1.9555625,-1.0523452,-1.0457841,-1.9793732,-1.9541631,0.783324,-5.981497,-0.83948475,0.4278499,-3.884943,-0.14597031,-1.3281229,2.017352,104
2.598361,1.301924,-1.8721869,1.6886324,-0.99591815,-0.90448123,-1.5867696,-1.7350115,0.71797574,-4.2151093,-0.7110754,-0.121237256,-2.7349665,-0.14050168,-1.3346953,1.8564777,13
0.303379,1.0598545,-0.87477523,0.313493,-0.23335569,-1.0364356,-1.7042828,0.109852776,-0.11025064,-1.5255153,-0.28720152,-0.853973,-1.2627604,0.23076093,-0.05034513,1.1039264,84
0.1695338,1.0901053,-0.81789994,0.32749283,-0.29095042,-0.9879248,-1.7424326,0.19696021,-0.09888066,-1.5086755,-0.24320993,-0.9042012,-1.1785802,0.13057882,0.030884638,1.1057521,84
3.6396694,1.0531329,-2.384188,1.7059745,-0.91858923,-0.81277114,-1.8740442,-1.4583808,0.61779606,-5.9743843,-1.3780987,0.8705704,-4.5275536,0.27795538,-1.3773124,2.0055795,104
3.5215256,0.65631586,-1.9794456,1.6572152,-0.77661264,-0.79003406,-1.6257436,-1.3237448,0.3912934,-5.1232395,-1.4085778,0.8588339,-4.332177,0.28996035,-1.2128599,2.002891,104
2.654959,0.85611016,-1.607035,1.9689404,-0.6903466,-0.7988767,-1.5720334,-1.4258956,0.5176991,-4.159301,-0.84186995,0.36546677,-2.941065,-0.01959277,-1.0414622,1.8198189,37
3.235667,1.4570167,-2.4885993,2.2983804,-1.0507783,-1.0200089,-1.9163835,-1.7565295,0.8322398,-6.027824,-0.8309477,0.5227119,-3.8611748,-0.19386917,-1.0978909,2.0966632,104
3.318008,0.846948,-2.1038163,1.5252236,-0.81752765,-0.7587863,-1.7767298,-1.4655571,0.3332107,-5.2482433,-1.3542126,0.7787089,-4.0172305,0.45942253,-1.5461206,1.7929568,104
1.0144844,1.5445864,-1.6130428,1.8692771,-0.7362243,-0.68613195,-1.825556,-1.6520827,0.6242576,-3.5596092,0.006693572,-0.48409146,-1.0601789,-0.3450882,-1.5869834,1.4494431,81
2.6837924,1.217027,-1.8809375,1.695594,-0.9460665,-0.9102784,-1.7244809,-1.7929972,0.5662153,-4.26278,-0.7571049,-0.05074039,-2.8253565,-0.04901997,-1.4384365,1.797052,13
3.6859953,1.4568344,-2.6969082,1.8353826,-1.093273,-1.1355621,-1.8961248,-1.734859,1.0532527,-6.46642,-1.1238159,0.6120606,-4.675286,-0.14664784,-1.1736634,2.2353077,104
0.16437481,1.0205414,-0.8738905,0.32864946,-0.23053999,-1.0112171,-1.730701,0.10754013,-0.13635133,-1.4978874,-0.24689174,-0.8333589,-1.1870849,0.17205527,-0.029171161,1.0853508,84
0.26765627,1.0688857,-0.8462704,0.29938185,-0.2561373,-1.0406567,-1.7285085,0.05422645,-0.09891237,-1.4734323,-0.24590068,-0.88963795,-1.2259349,0.17800242,-0.07475667,1.1127862,84
2.605389,1.4945081,-2.0849183,1.5842253,-1.1381214,-0.9143654,-1.6383152,-1.8543358,0.9049512,-4.7878594,-0.6719226,-0.07338496,-2.9332094,-0.12565762,-1.4040802,1.814844,13
0.13780345,1.0909345,-0.80998033,0.34852135,-0.2902713,-0.9688399,-1.7559309,0.13238488,-0.097139016,-1.503406,-0.21118584,-0.8990761,-1.1382563,0.099329814,-0.03655126,1.1029483,84
3.3092856,1.4535662,-2.8548338,2.1772046,-0.96984935,-1.1033629,-2.056564,-2.0215092,0.69210696,-6.291202,-0.8381394,0.55070364,-3.960165,-0.15395457,-1.2921472,2.055526,104
2.6208482,1.348302,-2.054578,1.9711467,-1.0143713,-0.8550313,-1.6570764,-1.7816226,0.6739047,-4.583641,-0.6134149,-0.034635723,-2.7639701,-0.19304258,-1.2558386,1.8859595,13
0.2973504,1.0292107,-0.90848625,0.32001233,-0.16862053,-1.0463722,-1.7227991,0.15214708,-0.1649235,-1.5204108,-0.31277543,-0.8036417,-1.2562903,0.2431736,-0.01954943,1.1046295,84
0.1773252,1.0930136,-0.8729489,0.28605115,-0.24878214,-0.9823378,-1.7706981,0.1825517,-0.14515848,-1.5331361,-0.2717696,-0.8598487,-1.1736366,0.17474437,-0.020587623,1.0738645,84
3.8883758,1.0533384,-2.6371467,1.6868361,-0.7281816,-0.93615353,-1.860229,-1.4882534,0.6088463,-5.964544,-1.4445843,0.86744297,-4.6272798,0.31694067,-1.3467171,2.086933,104
3.5368445,0.70360875,-2.095108,1.8573471,-0.7890477,-0.7130036,-1.7412996,-1.4432176,0.30619493,-5.295495,-1.3451688,0.90740955,-4.283948,0.261914,-1.2260463,2.0119495,104
2.9585955,0.96900487,-2.0298502,2.405723,-0.71591806,-0.909294,-1.712981,-1.552857,0.4915884,-4.886895,-0.8374227,0.49965733,-3.2629042,-0.045280114,-0.9610132,1.998829,104
3.3985593,1.3951235,-2.6596706,2.4609218,-0.90322614,-1.0913165,-1.9681311,-1.7563107,0.7543518,-6.243364,-0.87085116,0.66677475,-4.0029316,-0.16413432,-1.0314653,2.1451113,104
3.4467134,0.9352631,-2.349764,1.6947583,-0.74318373,-0.8354016,-1.8751819,-1.6296282,0.29626864,-5.3855968,-1.3036803,0.7674323,-3.9724057,0.46363747,-1.5532253,1.826342,104
1.15333,1.6170356,-1.8367416,2.1317964,-0.71626794,-0.7415321,-1.8868833,-1.647601,0.57720286,-3.9024067,0.016848862,-0.43454742,-1.1688733,-0.36812553,-1.5379474,1.5485076,81
2.7251565,1.2202128,-1.9883713,1.82051,-0.9177346,-0.862465,-1.7617042,-1.8101867,0.495539,-4.3675165,-0.73237425,-0.00054880977,-2.8164954,-0.071941294,-1.4184625,1.817629,13
3.6973858,1.4056989,-2.7276845,1.966349,-1.0541731,-1.0359312,-1.929981,-1.7051575,0.98830754,-6.6348925,-1.1095965,0.759308,-4.726857,-0.16684848,-1.1058356,2.243877,104
0.15760948,0.9860425,-0.92080045,0.29732788,-0.15842852,-1.0130376,-1.7489226,0.14811136,-0.20969497,-1.5214498,-0.2686,-0.7678441,-1.1985867,0.21447566,-0.004310772,1.0519941,84
0.25049418,1.0315747,-0.8843311,0.27338004,-0.19146486,-1.0340263,-1.7433145,0.08455796,-0.16355096,-1.4930938,-0.26756185,-0.8210513,-1.2353865,0.22326085,-0.06873747,1.0805308,84
2.6520917,1.4749811,-2.2276468,1.7603561,-1.084082,-0.90654665,-1.70115,-1.8977656,0.8542918,-5.0520325,-0.6268585,0.032670856,-2.9843884,-0.13456237,-1.3494449,1.8100193,13
0.12265779,1.0977006,-0.8552601,0.32377928,-0.25241593,-0.95506,-1.7728522,0.1287955,-0.1224633,-1.537548,-0.24303472,-0.85458,-1.1188713,0.13307294,-0.099403605,1.0831238,81
3.4917448,1.5801941,-3.1518562,2.4032788,-0.94147694,-1.1625195,-2.1151729,-2.0590727,0.7336489,-6.6886363,-0.8273076,0.5882638,-4.0786896,-0.19638082,-1.2287357,2.1637728,104
2.7237773,1.4295818,-2.3069265,2.2741575,-1.0230631,-0.88542813,-1.7570758,-1.8977327,0.6554668,-5.0153556,-0.5670388,0.026067644,-2.8368204,-0.22654475,-1.2118454,1.9549577,13
0.34632957,1.0279101,-0.9544659,0.38208985,-0.10680711,-1.0935649,-1.7131717,0.25389227,-0.16967876,-1.587477,-0.36793977,-0.79147744,-1.3047901,0.243776,0.05872394,1.1875905,84
0.19803788,1.1112694,-0.90022063,0.3089885,-0.2191622,-0.9762816,-1.7585783,0.23042819,-0.16071464,-1.5409063,-0.30185145,-0.86170125,-1.1527613,0.16097382,0.005133033,1.116508,84
4.26297,1.130134,-3.0232646,1.8679904,-0.64820117,-1.0374469,-1.9156027,-1.555535,0.635812,-6.337841,-1.5000967,0.9225484,-4.9483285,0.28192434,-1.2525694,2.2693229,104
3.7697997,0.73714405,-2.398244,1.9554378,-0.6737814,-0.8289556,-1.7935281,-1.5533825,0.30963495,-5.548636,-1.3591359,0.94531107,-4.442721,0.27650973,-1.1885343,2.0910714,104
3.2355385,1.1142969,-2.4215581,2.7942834,-0.72099364,-0.98869634,-1.779979,-1.5906088,0.5371139,-5.5293336,-0.8168816,0.56074834,-3.519399,-0.06515274,-0.84993905,2.1771166,104
3.572527,1.4806932,-2.876607,2.7101688,-0.8680166,-1.1146759,-1.9428327,-1.709523,0.8097738,-6.5689864,-0.84933764,0.7023288,-4.124896,-0.19984889,-0.8880067,2.275255,104
3.7377658,1.0257427,-2.7366157,1.8197495,-0.6377598,-0.9518713,-1.9245126,-1.7324563,0.33928803,-5.7197905,-1.2778094,0.7614147,-4.179494,0.44529152,-1.4813237,1.9276375,104
1.3020946,1.6828301,-2.0300314,2.364624,-0.67889166,-0.77998036,-1.9015846,-1.5842267,0.55442274,-4.2088327,0.017468005,-0.40937173,-1.2742462,-0.38112223,-1.4697108,1.6600201,81
2.799666,1.2933862,-2.1754978,2.0519247,-0.9369087,-0.8448435,-1.8235009,-1.8883469,0.48610032,-4.6651373,-0.6786407,0.028840125,-2.8492343,-0.11457697,-1.3689172,1.8781817,37
3.8016727,1.3290185,-2.842263,1.9674813,-0.91581595,-1.0796269,-1.9102874,-1.6830649,0.9532297,-6.678318,-1.1705245,0.8526702,-4.798301,-0.14011446,-1.0531986,2.2633889,104
0.21531625,0.98190814,-0.98370713,0.3615747,-0.099565186,-1.0483047,-1.7429996,0.21072948,-0.24288793,-1.5649061,-0.3187924,-0.75673836,-1.2302905,0.20661268,0.03604035,1.136351,84
0.3109975,1.0227662,-0.96348447,0.31035954,-0.116953924,-1.0439904,-1.7518184,0.09532952,-0.23604085,-1.4959606,-0.29150873,-0.7963427,-1.2172822,0.22807029,-0.0783408,1.109275,84
2.7280152,1.5169345,-2.3957396,2.0448122,-1.0669484,-0.9305876,-1.7164841,-1.9666133,0.817836,-5.3310933,-0.56065935,0.07439606,-2.9987152,-0.16986808,-1.2447417,1.8735512,13
0.15710576,1.101432,-0.8965489,0.32333028,-0.21360637,-0.9600289,-1.7667363,0.15309152,-0.16293274,-1.5257037,-0.26748446,-0.849834,-1.1077062,0.13844635,-0.07003762,1.1066973,81
3.624259,1.6758721,-3.3326464,2.6226554,-0.8843578,-1.2623901,-2.0153112,-1.962477,0.89998645,-7.017044,-0.86790156,0.579466,-4.168049,-0.21709295,-1.0543509,2.3147156,104
2.8019822,1.5373262,-2.504253,2.5787764,-1.091637,-0.9787988,-1.7790639,-1.9597359,0.8121388,-5.559078,-0.59963626,0.047606602,-2.9513876,-0.23840892,-1.1099896,2.074835,13
0.37810224,1.0260061,-0.90932465,0.507632,-0.097337626,-1.1696349,-1.5916383,0.42941725,-0.05470459,-1.6930386,-0.50029135,-0.84561205,-1.3809355,0.23503733,0.23009172,1.3758897,84
0.21441518,1.1305897,-0.8832292,0.37604028,-0.22370456,-1.0335656,-1.700803,0.32890847,-0.039913014,-1.6632302,-0.41481227,-0.9054992,-1.2011062,0.15226191,0.08847305,1.250722,84
4.37244,1.1624073,-3.1598396,1.867648,-0.6080903,-1.0216312,-1.8532004,-1.5225903,0.833368,-6.5501842,-1.514797,0.90610147,-5.139182,0.26971954,-1.118196,2.3754823,104
3.9976993,0.7630868,-2.6996613,2.0838766,-0.5673385,-0.8925032,-1.7890074,-1.6157472,0.32563433,-5.7737665,-1.335443,0.9522228,-4.612503,0.25406408,-1.0739372,2.1981466,104
3.4677682,1.2320364,-2.724765,3.064108,-0.69681907,-1.129968,-1.7061927,-1.4823221,0.74827254,-6.079204,-0.8847572,0.54420406,-3.7642949,-0.038622532,-0.6904111,2.3868513,104
3.7462747,1.5926543,-3.203046,2.9628057,-0.8059027,-1.2563957,-1.9328365,-1.6854068,0.9643239,-7.1033993,-0.90582806,0.72373587,-4.314738,-0.19824159,-0.774643,2.4503014,104
3.8242083,1.1246127,-2.7217996,1.9920288,-0.69810236,-0.9663243,-1.778327,-1.6242694,0.63919455,-5.898408,-1.2935245,0.6703203,-4.259836,0.37356198,-1.2352479,2.0996587,104
1.4254096,1.7378877,-2.1247332,2.6061716,-0.6789521,-0.83219796,-1.8395076,-1.4454377,0.6326591,-4.476154,-0.04929182,-0.44458824,-1.3798156,-0.4077464,-1.3435917,1.8468419,84
2.8692305,1.3569793,-2.3204467,2.3022575,-0.9655864,-0.891598,-1.8378024,-1.953232,0.56513864,-5.0033154,-0.695876,0.025882438,-2.8964438,-0.14566329,-1.2832773,1.9805255,37
4.011003,1.4577836,-3.1747162,2.2200956,-0.9014019,-1.1530718,-1.9696088,-1.749793,0.9591492,-7.062312,-1.1631185,0.87491643,-4.933506,-0.20651487,-0.9801545,2.4096165,104
0.24619956,0.99940264,-0.9510674,0.4615568,-0.09640333,-1.1316692,-1.6521358,0.3662618,-0.087172344,-1.7165024,-0.45930502,-0.80838114,-1.3156708,0.2014271,0.1664353,1.3116518,84
0.31080645,1.051558,-0.93302333,0.39322305,-0.12197168,-1.0862325,-1.6811094,0.21535523,-0.104761496,-1.6218488,-0.38344318,-0.8389806,-1.256123,0.21180317,0.01778175,1.2481433,84
2.800224,1.6195918,-2.5717154,2.2588096,-1.1021147,-1.033628,-1.7251055,-2.028993,0.9742122,-5.7860785,-0.62080014,0.088557646,-3.0912719,-0.17045322,-1.1728475,1.9791188,13
0.18315552,1.1297303,-0.89503646,0.39763242,-0.21279879,-1.0012357,-1.7198884,0.23067349,-0.06585623,-1.6279726,-0.36349025,-0.8937916,-1.1293873,0.11723755,-0.022008158,1.2330215,84
3.6210775,1.7364705,-3.38031,2.4923959,-0.8257557,-1.363086,-1.9083154,-1.891484,1.2100673,-7.173086,-0.9762229,0.5254555,-4.224073,-0.17887042,-0.99040073,2.3515618,104
2.891761,1.6058717,-2.7274199,2.8679786,-1.1586758,-1.0768155,-1.699172,-1.9265487,0.97238976,-6.07453,-0.62574637,0.082798615,-3.0975294,-0.1791299,-0.9446767,2.176537,13
0.5439568,0.93614423,-0.99438924,0.6726829,-0.011241168,-1.348772,-1.5037715,0.5099067,0.02501838,-1.8846014,-0.69326925,-0.8034093,-1.5593379,0.32099497,0.35340446,1.5242226,84
0.32485098,1.073192,-0.9295954,0.48932666,-0.17752704,-1.17522,-1.6130898,0.41620958,0.044773236,-1.8167338,-0.5764774,-0.9045964,-1.3395514,0.21092379,0.2075271,1.3842317,84
4.3204856,1.2181656,-3.1536033,2.0899048,-0.696779,-1.0050921,-1.7681174,-1.4584186,1.0153375,-6.7539907,-1.5240242,0.882023,-5.096946,0.2620154,-0.9693521,2.4658012,104
4.045507,0.8960277,-2.8410394,2.284155,-0.65074635,-0.89547116,-1.7274346,-1.6023529,0.5554506,-6.1535296,-1.318586,0.9186287,-4.691248,0.22065207,-0.90945387,2.3171725,104
3.7382662,1.2460222,-3.0609684,3.3521905,-0.6341492,-1.3465662,-1.5156641,-1.2819827,0.9863237,-6.676786,-1.0223927,0.55439043,-4.1320734,0.07538746,-0.44830304,2.649065,104
3.7512052,1.6605726,-3.3354,2.9286175,-0.7714417,-1.3384819,-1.8525169,-1.666852,1.2136594,-7.3736906,-0.9726184,0.67120963,-4.356727,-0.1286441,-0.72409356,2.479515,104
3.847064,1.1590307,-2.7237208,2.1943364,-0.7734295,-0.93799543,-1.6826501,-1.5396655,0.8059454,-6.06946,-1.294369,0.6292457,-4.2941484,0.36696637,-1.0619065,2.2105436,104
1.5972598,1.6913773,-2.2319129,2.7910576,-0.645545,-0.97816944,-1.7428632,-1.3449705,0.74832493,-4.7637644,-0.20460975,-0.42277157,-1.5889237,-0.31368518,-1.2119372,1.9985341,84
2.9415317,1.4185727,-2.4556205,2.5649023,-1.0639467,-0.9728676,-1.7854156,-1.966449,0.74820644,-5.4555645,-0.750462,0.040674448,-3.0365245,-0.13823825,-1.1335573,2.0968273,13
4.108415,1.5881231,-3.4870625,2.3035421,-0.85660076,-1.2584789,-2.044797,-1.8607705,1.0716746,-7.44826,-1.1865159,0.8330728,-5.0273304,-0.23992439,-0.98693323,2.499288,104
0.38406014,0.90934396,-1.0008072,0.6153202,-0.030383795,-1.3139424,-1.5425212,0.4428072,-0.010503054,-1.8744719,-0.6534688,-0.7965996,-1.47041,0.2749223,0.30820176,1.4668415,84
0.40804583,0.9902281,-0.9635974,0.5224096,-0.085702926,-1.2475084,-1.582293,0.26869825,0.00093591213,-1.7889489,-0.5578319,-0.84539205,-1.3869365,0.2650632,0.13890204,1.3929572,84
2.877192,1.7043746,-2.7250152,2.4426255,-1.1884245,-1.1844898,-1.6668186,-2.0663269,1.2161658,-6.266909,-0.7249228,0.099620804,-3.253341,-0.12749338,-1.0587816,2.0886726,13
0.27098328,1.1026589,-0.92442447,0.492819,-0.20117064,-1.1207594,-1.6321251,0.29819924,0.056182697,-1.798301,-0.513116,-0.9111913,-1.2545979,0.16558981,0.079353765,1.3673207,84
3.531215,1.7474457,-3.3704426,2.3713474,-0.82357264,-1.3560718,-1.8033218,-1.876221,1.2952553,-7.0457306,-1.0032308,0.43292934,-4.097788,-0.09896238,-0.979879,2.316766,104
3.2492576,1.5575478,-2.257376,2.3875709,-1.1556423,-1.2514095,-1.0181825,-1.6905761,1.4621401,-5.4721236,-0.92327577,0.0040814877,-3.3729656,-0.23195432,-0.510555,2.3474846,104
0.80818015,0.8598362,-1.1483159,0.9929352,0.12667868,-1.5085353,-1.3484931,0.7489291,0.087853864,-2.1331472,-0.86161155,-0.7268864,-1.8051108,0.39713225,0.51113015,1.7652978,84
0.55243355,1.0061018,-1.0660741,0.71356237,-0.063479245,-1.3269213,-1.5150888,0.58056414,0.07104233,-1.9850212,-0.73013866,-0.8509472,-1.5350634,0.2881449,0.32835343,1.5519146,84
4.3127465,1.2317705,-3.3296208,2.5492854,-0.80312455,-1.0314951,-1.750654,-1.4490193,0.9838416,-7.1418657,-1.5183972,0.90805256,-5.1212215,0.3375198,-0.8381781,2.6185324,104
4.007602,0.9774915,-2.9102428,2.470357,-0.7033868,-0.87619627,-1.6441123,-1.5618546,0.6409406,-6.296107,-1.2709812,0.8530892,-4.588329,0.27443776,-0.7983071,2.3648465,104
4.2852254,1.0038545,-2.6967328,2.5457234,-0.537313,-1.6297408,-0.8948149,-1.1769098,1.3908905,-6.145511,-1.5289432,0.65111744,-4.855979,0.07352041,-0.12699406,2.857851,104
3.722136,1.700232,-3.4400237,2.903481,-0.78354716,-1.3226097,-1.7631981,-1.634763,1.2445205,-7.3372564,-0.9851888,0.5736445,-4.249528,-0.028550915,-0.72727394,2.4798312,104
3.8981705,1.045492,-2.771012,2.4266558,-0.7410331,-0.9080552,-1.5966182,-1.400093,0.7734305,-6.148506,-1.3313849,0.69384676,-4.382256,0.45455855,-0.88922703,2.3176606,104
1.8075316,1.6331375,-1.9082971,2.5877528,-0.7300732,-0.9982934,-1.4206662,-1.4862813,1.0000865,-4.35324,-0.28112602,-0.40999866,-1.6617765,-0.33185014,-0.9365891,2.0069842,13
3.2148004,1.4571793,-2.0808043,2.3449392,-1.0649292,-1.1543965,-1.1533674,-1.7543582,1.2808322,-5.1756005,-0.8666455,0.024325937,-3.2057133,-0.2276831,-0.5876935,2.2290423,104
4.1304207,1.7221234,-3.6432228,2.308703,-0.86537015,-1.3143067,-2.0128756,-1.8793055,1.3102843,-7.7400265,-1.2122061,0.7716262,-5.082044,-0.24713153,-0.94321126,2.5555716,104
0.6794452,0.85847604,-1.1368066,0.9063072,0.08900991,-1.455851,-1.4010351,0.6505299,0.043699473,-2.069961,-0.8148743,-0.7385642,-1.6993026,0.36215773,0.44654733,1.6858202,84
0.61988944,0.93879825,-1.0794357,0.7718617,0.0009277165,-1.390329,-1.4833817,0.40123826,0.05719106,-1.9808248,-0.7076771,-0.7907162,-1.5718304,0.32895803,0.2560209,1.5687487,84
2.9252043,1.7022355,-2.8266797,2.6360297,-1.2410799,-1.2137121,-1.5441995,-1.9539266,1.3058935,-6.5115757,-0.75299585,0.15935536,-3.3498373,-0.052466203,-0.8912562,2.1457086,13
0.4811464,1.0294856,-1.0531132,0.6807915,-0.09855209,-1.2891387,-1.5574083,0.41184157,0.06846996,-1.9526947,-0.6676639,-0.8582271,-1.4431912,0.24956888,0.1987594,1.5069759,84
3.8784046,1.3685507,-2.6794322,1.7174746,-0.7093067,-1.6664008,-0.8440577,-1.5571485,1.5726395,-5.806931,-1.3966136,0.35318518,-4.360179,0.07499133,-0.46990433,2.4295003,104
3.4442616,1.7289625,-2.4501162,2.469314,-1.2732683,-1.2388723,-0.92141956,-1.6115855,1.5512995,-5.9315276,-0.91467875,0.057219073,-3.6676168,-0.26438266,-0.35095087,2.497386,104
1.0025774,0.68672794,-1.2555327,1.3421515,0.25263175,-1.6034815,-1.1396565,0.99544567,0.042813033,-2.2532058,-0.9879521,-0.61471015,-1.9485024,0.46870893,0.70276505,1.9427212,40
0.79952484,0.9005284,-1.1951826,1.0627457,0.07366526,-1.4697056,-1.298383,0.8357023,0.09894932,-2.1668801,-0.8818867,-0.7777515,-1.7475172,0.38109314,0.5013588,1.7985276,84
4.518033,1.3365576,-3.4128067,2.6444392,-0.97025204,-1.3879066,-1.2139883,-1.6296002,1.1344432,-7.346018,-1.4721538,0.8431071,-5.2818174,0.3914152,-0.41893756,2.8282855,104
4.3802967,0.82852966,-2.6441817,2.2874966,-0.65432775,-1.2758402,-0.90060216,-1.3768468,0.99419206,-6.0646014,-1.552418,0.86257195,-5.0135517,0.3532601,-0.24809375,2.6915536,104
4.508259,1.4292289,-3.2127306,2.5865006,-0.81685853,-1.5498782,-1.0821402,-1.3624723,1.3739148,-6.974933,-1.4097419,0.71411014,-5.125273,0.013220608,-0.20800145,2.8859532,104
4.176587,1.4757928,-2.9531996,2.1613698,-0.8145112,-1.6132432,-0.8758394,-1.4102716,1.5845058,-6.5221987,-1.4374804,0.51203316,-4.79131,0.05679992,-0.30699438,2.7403736,104
4.0778937,1.1692353,-2.8015096,2.4995737,-0.97160673,-1.2220334,-1.0454192,-1.6200181,0.98242605,-6.3359714,-1.256271,0.58717144,-4.5584426,0.43115562,-0.4375962,2.555543,104
2.1941094,1.8589495,-2.1335773,2.761911,-0.88453376,-0.961957,-1.3848014,-1.5870916,1.0633163,-4.7744184,-0.2203922,-0.35421178,-1.8880306,-0.35326025,-0.7499833,2.110321,13
3.524498,1.7214515,-2.429375,2.6134934,-1.208629,-1.1721219,-1.1107349,-1.6944993,1.4182092,-5.9862795,-0.8285717,0.1204239,-3.6341276,-0.28821126,-0.3708868,2.4438734,104
4.0189257,1.7990626,-3.6506207,2.3976278,-0.8998997,-1.282513,-1.9368474,-1.8424617,1.3586013,-7.7179604,-1.1613436,0.68027836,-4.872906,-0.17349231,-0.92310375,2.5311663,104
0.91138345,0.7246807,-1.2662636,1.2938175,0.23135674,-1.5688374,-1.1712642,0.9190049,0.035894796,-2.2685194,-0.94440776,-0.64460033,-1.8788606,0.43243444,0.63211316,1.9196736,84
0.8686295,0.8348141,-1.2321155,1.1589773,0.16095582,-1.5332335,-1.2540607,0.69691455,0.061792687,-2.1825843,-0.8511559,-0.72533506,-1.769966,0.39946228,0.4503588,1.8385147,84
3.3538158,1.5642885,-2.3252823,2.1088428,-1.2869546,-1.365987,-0.7314117,-1.661255,1.7003006,-5.777561,-1.1054605,0.04181853,-3.7820845,-0.11408144,-0.40386903,2.431125,104
0.7191321,0.9570383,-1.1577674,1.0183717,0.008063689,-1.4116162,-1.3670795,0.64526504,0.104526274,-2.1186047,-0.8131973,-0.8029654,-1.6422516,0.32039177,0.36545157,1.754177,84
3.903963,1.4490006,-2.8833053,1.6202456,-0.81110597,-1.6370224,-0.60960704,-1.4246131,1.4882044,-5.898063,-1.3040274,0.2819205,-4.427817,0.2081322,-0.37620452,2.4485602,104
3.2476993,1.9543338,-2.5795443,2.4529738,-1.4897926,-1.0170947,-1.0609311,-1.7741178,1.4301696,-6.185656,-0.6796494,0.057627454,-3.531509,-0.36618146,-0.42453617,2.4059484,13
0.9459143,0.6644983,-1.0738641,1.3011975,-0.038427293,-1.4369886,-0.8995447,0.70941603,0.21078758,-2.1752443,-0.7723466,-0.7033184,-1.8829926,0.4002231,0.8961696,1.9446548,40
0.9258891,0.7887806,-1.1584979,1.2816281,-0.0750152,-1.4296434,-1.0674858,0.7117577,0.25968885,-2.3591795,-0.7880594,-0.6695821,-1.9262487,0.36282346,0.75825477,1.8800266,40
4.4623947,2.0238883,-4.366935,3.2330546,-1.3701228,-1.3016338,-1.9410908,-2.1009028,0.9620548,-8.987442,-0.9679838,0.96750855,-5.39707,0.1073387,-0.6151687,2.7987645,104
4.450249,1.5149552,-3.4257452,2.811132,-0.9746815,-1.252492,-1.3253884,-1.6409321,0.9370334,-7.3674364,-1.2063123,0.8357707,-5.018624,0.23068163,-0.38499302,2.7386982,104
4.102815,1.7479116,-3.3434439,2.711104,-1.3281487,-1.0547172,-1.4239817,-1.75303,1.1108851,-7.5164037,-0.99796146,0.83238935,-4.972317,-0.30569845,-0.304801,2.8136466,104
4.0285444,1.8065953,-3.2575917,2.180622,-1.1033334,-1.4134762,-1.0802712,-1.6572134,1.3939222,-6.890992,-1.1367369,0.50737476,-4.6103115,-0.012725368,-0.4333329,2.6010947,104
4.18853,1.5679419,-3.6341212,3.4681869,-1.1499745,-1.3870987,-1.6924794,-1.8304621,0.83564836,-8.151018,-0.9374895,0.8694216,-4.947555,0.30524823,-0.4254888,2.6626334,104
2.4198966,1.9706016,-2.2968688,2.9788837,-0.93698335,-0.8647188,-1.3751278,-1.4708416,1.0077841,-5.217,-0.13931683,-0.25565138,-2.0719128,-0.38134828,-0.564307,2.1572154,13
3.566228,1.9943267,-2.7475035,2.9431095,-1.3644978,-1.0405867,-1.263061,-1.7014881,1.3775893,-6.6938457,-0.66872597,0.13004093,-3.7802012,-0.4281451,-0.32242787,2.5897193,104
4.303068,1.700094,-3.3123033,2.234192,-0.8499228,-1.6426017,-1.3310418,-1.6715887,1.5672688,-7.2531223,-1.4030184,0.66363853,-5.058237,-0.110279456,-0.51755273,2.6964197,104
0.9249067,0.61808413,-1.1968664,1.3529801,0.07983549,-1.4996189,-1.0984379,0.80297816,0.1436066,-2.3643916,-0.8414416,-0.54322034,-2.0019891,0.3992369,0.85672605,1.903984,40
0.99293536,0.6925702,-1.1826558,1.33912,0.01659058,-1.503489,-1.0647235,0.55803573,0.2156033,-2.3412957,-0.7884323,-0.5986393,-1.9498596,0.3835032,0.6910295,1.8905556,40
3.417964,1.8992982,-2.7170985,2.3122563,-1.5334888,-1.296179,-0.9376775,-1.7413563,1.6926261,-6.521747,-0.9801701,0.10350172,-3.9536293,-0.21714424,-0.44961527,2.4762435,13
0.93604904,0.8302609,-1.1580505,1.2904657,-0.126543,-1.4044726,-1.027077,0.51323825,0.294434,-2.3209162,-0.7526498,-0.7124616,-1.8362381,0.33339816,0.61149126,1.8854418,84
3.7471576,1.646573,-3.424489,1.7748863,-1.0873752,-1.5456524,-1.0227699,-1.7826909,1.2154628,-6.5356007,-1.1059556,0.361184,-4.444712,0.050352484,-0.5983814,2.4419124,104
3.0789082,2.0469506,-2.9340487,2.4722762,-1.6380996,-0.7785066,-1.3120046,-2.0034368,1.1768664,-6.6593328,-0.38559923,0.21414132,-3.572474,-0.49167725,-0.49630076,2.3301067,13
0.76253873,0.58923686,-1.2404263,1.1301416,0.036894634,-1.3920736,-0.95095253,0.84199,0.059180915,-2.075543,-0.66888654,-0.74205524,-1.8125714,0.39174634,1.0640886,1.871182,84
0.8023938,0.7521538,-1.1505846,1.2912658,-0.10575797,-1.3445302,-0.93895614,0.8627262,0.19839865,-2.2830596,-0.6698673,-0.78878933,-1.846163,0.3442474,1.0018301,1.9384438,40
4.111359,1.7535012,-4.2658596,3.3257265,-1.5358666,-1.2390515,-2.0599358,-2.276472,0.69924974,-9.007858,-0.8837023,1.2016765,-5.411469,0.01529602,-0.5813277,2.7813296,104
4.4746623,1.7493863,-4.125412,3.1149516,-1.3086537,-1.0445893,-1.8222792,-2.015032,0.65750253,-8.588701,-1.0077832,1.106626,-5.4711366,-0.036564566,-0.5031962,2.8390605,104
3.929202,1.5893073,-3.245191,2.4994764,-1.3864663,-0.9434863,-1.4071033,-1.8233507,0.91269696,-7.2958283,-0.9734497,0.94183433,-4.9561615,-0.2786103,-0.32605582,2.82431,104
3.7858942,1.8703579,-3.5207908,2.3008585,-1.4379882,-1.1936109,-1.3677821,-2.0045452,1.2271597,-7.5235634,-0.89474726,0.7162277,-4.775601,-0.21383472,-0.42579445,2.64145,104
3.8575182,1.5786083,-3.7067153,3.3411174,-1.4789522,-1.1835399,-1.8043005,-2.1668718,0.66334426,-8.23222,-0.82922894,0.9811778,-4.8695097,0.13652956,-0.52112305,2.6762872,104
2.4408271,1.9699547,-2.567192,3.0602756,-1.073384,-0.6824063,-1.6771357,-1.67404,0.8103197,-5.714569,-0.025993437,-0.01323384,-2.2097766,-0.46521991,-0.6399771,2.0320098,13
3.5068285,2.211261,-3.1844099,3.066156,-1.5523744,-0.8947155,-1.5427535,-1.9428785,1.2139308,-7.3852777,-0.4261499,0.23720483,-3.9016387,-0.5501275,-0.41266483,2.565991,104
4.3098855,1.8996873,-3.4820108,2.088676,-0.9519197,-1.6078656,-1.2949288,-1.7106584,1.4838816,-7.2856846,-1.2384008,0.5835434,-4.977232,-0.024327189,-0.55391455,2.5871918,104
0.74414057,0.5859129,-1.1938444,1.2236857,0.013501197,-1.351547,-0.96680874,0.8031433,0.060450107,-2.1428103,-0.6821824,-0.72289056,-1.7851853,0.36446312,1.0210264,1.9019376,84
0.8538576,0.6654957,-1.1888422,1.3450373,-0.020030886,-1.4188154,-0.94934845,0.7049089,0.16221324,-2.282971,-0.6693902,-0.7333049,-1.8602266,0.34331763,0.9290498,1.9512568,40
3.2204041,2.1446214,-3.0784442,2.5335622,-1.7007275,-1.1040951,-1.3062491,-1.9477718,1.4671186,-7.099661,-0.6889382,0.15645592,-3.8488972,-0.38260087,-0.588722,2.4160488,13
0.8489402,0.73269415,-1.1580644,1.3580791,-0.09292271,-1.386501,-0.9178036,0.77376986,0.23747912,-2.3196802,-0.6859442,-0.7659599,-1.8598281,0.32810506,0.9280229,1.9623823,40
3.5447545,1.749905,-3.4939313,2.1412735,-1.4966027,-1.4938147,-1.4163582,-2.2003856,1.27369,-7.4191103,-1.015945,0.6698402,-4.717579,-0.14049518,-0.6149044,2.5542405,104
2.9299128,1.995376,-3.2859137,2.4522915,-1.5266149,-0.8588966,-1.5147772,-2.1389487,0.9392628,-6.719487,-0.28273302,0.27843678,-3.413858,-0.42953184,-0.6267321,2.237094,104
0.63657606,0.65618235,-1.435268,1.0729431,-0.027797207,-1.2850747,-1.0356405,0.7597192,-0.062185213,-2.1402018,-0.55456936,-0.7369191,-1.7271566,0.31987157,1.0084896,1.79883,84
0.5542771,0.67321044,-1.1686426,0.9945055,-0.13056889,-1.2562453,-0.9761802,0.775535,0.084283605,-2.0324302,-0.5578541,-0.76580244,-1.6815683,0.35318837,1.0419564,1.7364357,84
3.8174558,1.3555069,-3.6642575,3.197249,-1.3464099,-1.1538317,-1.8020658,-2.0103076,0.4198575,-7.8014913,-0.88007224,1.0767559,-4.8696933,0.17527083,-0.5574734,2.6680896,104
4.245394,1.5298767,-3.959961,3.221469,-1.3304702,-1.0443559,-1.9243321,-2.0486724,0.38865566,-8.440172,-1.0141742,1.2699525,-5.3594184,-0.00680089,-0.56574786,2.8196907,104
3.7544854,1.638166,-3.254743,2.2776937,-1.2336861,-1.0986326,-1.6948578,-2.035897,0.6541824,-6.6690774,-0.99827695,0.685121,-4.4212356,-0.22666287,-0.79377365,2.6671772,104
3.7470853,1.8987467,-3.5968726,2.2682118,-1.4229203,-1.2563177,-1.6349385,-2.180717,1.1109993,-7.594366,-0.86451423,0.7830913,-4.7570667,-0.22825308,-0.59048605,2.6122425,104
3.5461648,1.1460077,-3.2855263,3.1837893,-1.2107332,-1.045397,-1.5948067,-1.8929193,0.34411448,-7.127341,-0.78244174,0.9191743,-4.3693123,0.30752632,-0.49610803,2.5254786,104
2.15575,1.8035147,-2.5805678,2.8316698,-1.2467412,-0.46859777,-1.7933784,-1.9387457,0.5892642,-5.510249,-0.011717379,0.116460726,-2.0465624,-0.49334067,-0.79641986,1.9209479,13
3.3082986,2.1560593,-3.5806448,2.986063,-1.5457773,-0.87935716,-1.7490664,-2.1725059,0.9600808,-7.5290484,-0.30041623,0.3510576,-3.780528,-0.515056,-0.5736877,2.4626412,104
4.239584,1.8376827,-3.6661222,2.0531125,-1.0963364,-1.4496102,-1.3749435,-1.8166476,1.2391233,-7.4739203,-1.0615504,0.7154308,-5.155486,-0.111245394,-0.48573595,2.62178,104
0.5479473,0.5770071,-1.2719297,0.894902,-0.046965763,-1.2865667,-1.0731833,0.74332976,-0.11983697,-1.9351376,-0.5578364,-0.70347387,-1.7164831,0.38762537,1.0904448,1.6779877,84
0.61808115,0.5529927,-1.1934096,1.0066082,-0.04687111,-1.3503329,-0.99670404,0.62918687,0.016924724,-1.9887631,-0.57319665,-0.6948179,-1.7487398,0.37810233,1.0256705,1.7284794,84
3.0360243,2.1568818,-3.2473443,2.516727,-1.7498014,-1.0173548,-1.4887702,-2.1645942,1.3208295,-7.292452,-0.4295091,0.2810892,-3.7967541,-0.46577317,-0.59613794,2.3509176,13
0.6040827,0.6298361,-1.1747009,1.1152437,-0.09855473,-1.3243685,-0.9661255,0.78074104,0.11289215,-2.1009383,-0.6194204,-0.76473534,-1.7448936,0.31081247,1.0449581,1.8304148,84
3.3232121,1.5314074,-3.1536832,1.8005892,-1.2159693,-1.5884918,-1.3304882,-2.2419794,1.0915595,-6.3129997,-0.8834996,0.457525,-4.0666757,0.05342439,-0.71528774,2.2122731,104
2.9900205,2.1837997,-3.530729,2.3098764,-1.5273136,-1.0841395,-1.8502815,-2.3418064,0.98285866,-6.938272,-0.39630008,0.18606763,-3.4582872,-0.43289533,-0.970725,2.2632663,104
0.458057,0.6906925,-1.415917,0.76324594,-0.14771955,-1.2057103,-1.1808757,0.6369683,-0.14654703,-2.0054603,-0.5870459,-0.6814521,-1.6704249,0.36419183,0.88689727,1.6687812,84
0.44138825,0.7475704,-1.3543237,0.8689027,-0.16032852,-1.258683,-1.071974,0.672805,0.02249591,-2.0351894,-0.54601514,-0.79039145,-1.5703573,0.31542087,0.8925615,1.6828446,84
3.445974,0.9983662,-3.0905077,2.746831,-1.0408864,-1.1390069,-1.4719527,-1.8372712,0.3354023,-6.3455014,-0.8489547,0.82359374,-4.188624,0.3479615,-0.56132734,2.4559393,104
3.8335214,1.1783545,-3.4059477,2.9860334,-1.1025908,-1.0072466,-1.7706623,-1.9795189,0.20315407,-7.2251573,-0.9891122,1.1260114,-4.668591,0.14948815,-0.63668823,2.5923023,104
3.6010754,1.3993804,-3.0286908,1.8898264,-1.0490334,-1.1790715,-1.5891283,-1.9707336,0.5758818,-5.983337,-1.1516211,0.56208986,-4.1910133,-0.096056856,-0.9621833,2.5321624,104
3.4952614,1.7121909,-3.293191,1.96711,-1.1889118,-1.4278446,-1.6254711,-2.234262,0.99960864,-6.556175,-0.8884169,0.5127098,-4.164265,-0.09198936,-0.8014752,2.4011269,104
3.2156732,0.98111707,-2.9912868,2.7180476,-0.9935528,-1.0193892,-1.3921418,-1.8237604,0.30621743,-6.077013,-0.6946565,0.68134874,-3.7882578,0.420722,-0.58909976,2.3207042,104
2.207962,1.7946407,-2.6690214,2.3725152,-1.30623,-0.5758329,-1.8511322,-2.0319278,0.58137,-5.3898244,-0.16765004,0.12195282,-2.21941,-0.37943804,-1.0646609,1.8672544,13
3.2752743,2.343894,-3.8300402,2.6940875,-1.6064256,-1.1332135,-1.9968846,-2.3424797,1.1014545,-7.747065,-0.3903838,0.27562445,-3.8657315,-0.4903407,-0.873602,2.4834304,104
4.122372,1.5801759,-3.512964,1.9293982,-1.1497562,-1.4392136,-1.3664827,-1.7881796,1.0786887,-7.1718707,-1.1440339,0.8295448,-5.236414,-0.08671077,-0.5044416,2.683672,104
0.42354268,0.6566404,-1.3453146,0.760654,-0.14354238,-1.2378706,-1.1910434,0.6113068,-0.16411321,-1.9358848,-0.592695,-0.709239,-1.6343441,0.35701612,0.8999694,1.6360341,84
0.52962047,0.65653545,-1.3721894,0.8983551,-0.09785306,-1.3280131,-1.0856252,0.58446157,-0.04271154,-2.0185177,-0.5707797,-0.7470701,-1.6594663,0.3328644,0.90554994,1.7018678,84
2.9524877,2.1193736,-3.408676,2.2273936,-1.5380058,-1.2829391,-1.5824103,-2.2830577,1.2757986,-6.896614,-0.42083246,0.13761793,-3.5107899,-0.2951663,-0.7961531,2.1935997,104
0.49392503,0.71158624,-1.3938328,0.9734551,-0.13260053,-1.3204482,-1.0281126,0.6731464,0.06686965,-2.141386,-0.5656685,-0.7782312,-1.6431601,0.29540128,0.9256193,1.7492827,84
3.1656926,1.4151692,-2.8495126,1.3868157,-1.0952209,-1.5696036,-1.155047,-2.0575345,1.2072608,-5.7442937,-0.9886868,0.3005311,-3.8995667,0.10970132,-0.78464574,2.1888041,104
3.009392,1.8926854,-3.4346912,2.0527458,-1.2986028,-1.2425623,-1.7669847,-2.2656288,0.94646096,-6.4685273,-0.60137737,0.18772455,-3.4452977,-0.28787914,-1.0289159,2.2188754,104
0.26107472,0.8353452,-1.4440197,0.48330247,-0.21544205,-1.102397,-1.3147025,0.41620803,-0.23224525,-1.7698512,-0.43868306,-0.7299123,-1.4033798,0.40624887,0.7340274,1.477577,84
0.30487472,0.8043158,-1.3827087,0.51609,-0.23540583,-1.1495323,-1.1819545,0.58623,-0.08647339,-1.8029103,-0.5196672,-0.80046856,-1.4447621,0.34584495,0.807363,1.5288692,84
3.2031863,0.8363529,-2.828941,2.233591,-0.9892434,-1.0993946,-1.2571111,-1.7451887,0.32038113,-5.4879584,-0.8625248,0.63760114,-3.8637254,0.43759143,-0.6742694,2.2530339,104
3.594561,0.9620916,-3.0354514,2.388084,-0.95197797,-1.0319787,-1.5321074,-1.8470244,0.17838575,-6.10722,-1.0692518,0.88301957,-4.277671,0.28738225,-0.7962117,2.3987026,104
3.5442646,1.2606932,-3.0905764,1.5981789,-0.97195005,-1.1636962,-1.4638,-1.9018764,0.50127435,-5.6125903,-1.2104602,0.44643193,-4.074356,0.0279399,-1.0918596,2.4642682,104
3.2247093,1.4854974,-2.9093378,1.5807242,-1.0932546,-1.3730631,-1.390316,-2.0339704,1.0236031,-5.72166,-1.0095909,0.31777608,-3.8207383,-0.027465887,-0.8796541,2.3236966,104
2.9205623,0.91126543,-2.79942,2.4747715,-1.0351287,-0.9128148,-1.3580995,-1.8268858,0.24924418,-5.482863,-0.62887764,0.5425294,-3.417975,0.42963105,-0.7247177,2.1681137,1
2.277564,1.6818333,-2.7501137,2.1836934,-1.2995552,-0.58093864,-1.8357742,-2.0208464,0.50361735,-5.369334,-0.30579877,0.1590542,-2.3853307,-0.3111158,-1.1858871,1.8751688,13
3.2641582,2.199199,-3.72199,2.4399633,-1.5215031,-1.2388562,-1.9327803,-2.290028,1.1294206,-7.392235,-0.5444906,0.20619102,-3.8366609,-0.39959812,-0.96702623,2.4531941,104
3.8650646,1.5277871,-3.332345,1.7135006,-1.0290495,-1.5044905,-1.5042791,-1.9357009,0.90203863,-6.417653,-1.0807228,0.59088176,-4.6528163,-0.0066565797,-0.8114988,2.460818,104
0.29388356,0.7348313,-1.4013038,0.41406435,-0.21278143,-1.1168016,-1.2930214,0.43520886,-0.2816351,-1.7082738,-0.48381987,-0.70731854,-1.4646225,0.4231813,0.7836267,1.4258422,84
0.41269016,0.71024233,-1.3946157,0.53601617,-0.18548267,-1.192873,-1.1794485,0.4852296,-0.1584299,-1.796606,-0.52513903,-0.72761464,-1.5474124,0.39049283,0.833676,1.512839,84
2.963583,2.127302,-3.4466288,1.9009281,-1.4110882,-1.3933432,-1.6162591,-2.266007,1.2855916,-6.571519,-0.52292585,-0.026989922,-3.398363,-0.22291578,-1.0227888,2.1681304,19
0.366315,0.7542147,-1.4085548,0.62922966,-0.202469,-1.1944791,-1.1353308,0.598959,-0.04725863,-1.9092846,-0.5468514,-0.76711214,-1.5233965,0.31729347,0.83566046,1.5974003,84
3.123589,1.3267767,-2.8344438,1.0065585,-1.0880498,-1.5347562,-1.0117799,-1.8760942,1.2646307,-5.2782893,-1.1891277,0.08447878,-3.8114207,0.10721524,-0.9521108,2.253422,104
2.876166,1.6820161,-3.3008833,1.4737167,-1.176184,-1.2752899,-1.5609629,-2.1830978,1.0458195,-5.806763,-0.7699982,0.013938412,-3.3165684,-0.23415133,-1.1498713,2.1661527,104
0.16183434,0.9165129,-1.4182389,0.25484705,-0.28645894,-1.0864317,-1.4170094,0.111597866,-0.22053115,-1.5888836,-0.39622688,-0.81039333,-1.2101402,0.41495365,0.47076762,1.3373725,84
0.19345833,0.96178585,-1.4240928,0.34910613,-0.29612434,-1.0678566,-1.338259,0.34844658,-0.11886217,-1.7358387,-0.430183,-0.84873366,-1.2772307,0.37684467,0.58349645,1.442537,84
3.0069842,0.70479566,-2.6849408,2.0373163,-0.90586925,-1.1006367,-1.1988075,-1.6358204,0.3582344,-5.1926336,-0.84177256,0.66263384,-3.69088,0.47810453,-0.65879273,2.078218,104
3.461451,0.87571627,-2.9424098,1.8898956,-0.8657776,-1.0830965,-1.377723,-1.7310698,0.25972375,-5.589067,-1.0820909,0.7508989,-4.1272535,0.38343826,-0.89263636,2.2145913,104
3.3555353,1.2556514,-3.043606,1.2001231,-0.91310716,-1.2854136,-1.4078119,-1.9200921,0.68990374,-5.4156356,-1.252844,0.25646114,-3.890653,0.046577796,-1.2154796,2.3501182,104
3.1879616,1.4431598,-3.0126796,1.1540707,-1.095986,-1.3490981,-1.2873073,-1.9490316,1.0387187,-5.449645,-1.1102674,0.14155383,-3.752381,0.032094583,-1.0830517,2.274041,104
2.8714082,0.9311002,-2.7166295,2.1993842,-1.032755,-0.998813,-1.3149331,-1.7515175,0.39421922,-5.264412,-0.69527346,0.48643798,-3.3489404,0.4413761,-0.78728384,2.0491288,104
2.282305,1.5431283,-2.736769,1.9916686,-1.2798936,-0.6186865,-1.7426515,-1.9675381,0.5759024,-5.3895555,-0.4067887,0.19663484,-2.5802794,-0.2590434,-1.1707458,1.9051704,13
3.1506534,1.9268006,-3.543609,2.0046463,-1.3870583,-1.2802846,-1.7695923,-2.2320886,1.1336432,-6.6902423,-0.71773535,0.114347234,-3.6987357,-0.3356771,-1.0568931,2.385084,104
3.6761365,1.2875454,-3.0585887,1.3576412,-0.8632314,-1.4597895,-1.35956,-1.8097341,0.8371379,-5.8002095,-1.143375,0.49810982,-4.4301853,0.109053984,-0.90950227,2.3211405,104
0.16840677,0.8924867,-1.4503957,0.24605042,-0.27075794,-1.0967454,-1.4161196,0.081822515,-0.24890237,-1.6200893,-0.39192438,-0.78007966,-1.2297983,0.4148919,0.46473628,1.3177917,84
0.28373373,0.87821835,-1.4113692,0.38632637,-0.25194773,-1.1136739,-1.3134298,0.24349727,-0.1635706,-1.7346656,-0.4161207,-0.77846956,-1.3626821,0.4151386,0.61705685,1.4261475,84
2.8713038,1.8814256,-3.306378,1.613485,-1.3191252,-1.3673409,-1.5112977,-2.1575072,1.2006031,-5.970419,-0.7467593,-0.10039554,-3.2564013,-0.16257042,-1.1648278,2.1836205,13
0.2520944,0.897631,-1.4097071,0.4751053,-0.26232603,-1.0809743,-1.2610102,0.4835943,-0.10673411,-1.8116645,-0.46389538,-0.8241967,-1.3861327,0.35696578,0.7083788,1.5435808,84
3.0645823,1.4879872,-2.982992,0.851779,-1.20714,-1.4476721,-1.0793068,-1.8233947,1.4461998,-5.4347467,-1.2182875,-0.07512995,-3.6933134,0.022910587,-1.1073616,2.2255433,19
2.7110598,1.6418121,-3.23302,1.3040847,-1.1942387,-1.3077047,-1.5345476,-2.169041,1.2245715,-5.772825,-0.798357,-0.06224388,-3.217426,-0.2666793,-1.1639986,2.106298,19
0.023617506,1.0051184,-1.375257,0.12908983,-0.32903633,-1.0686444,-1.5003185,-0.01566726,-0.1317351,-1.4664991,-0.39804745,-0.91481334,-1.0164244,0.31314817,0.29359585,1.2967049,84
0.09756254,1.094764,-1.4012139,0.12218791,-0.37717304,-1.0376611,-1.4653842,0.1206218,-0.031177148,-1.5958443,-0.41828394,-0.9613107,-1.0962951,0.33115986,0.3599242,1.3447033,84
2.9457052,0.7256405,-2.7174144,2.012978,-0.89544666,-1.1439652,-1.2375023,-1.626231,0.4432059,-5.272348,-0.896355,0.62809145,-3.608981,0.45634615,-0.70140976,2.046015,104
3.3464253,0.7967099,-2.939194,1.8950139,-0.81661236,-1.1524409,-1.4232719,-1.6343845,0.3108278,-5.666778,-1.136997,0.79967093,-4.088179,0.39156544,-0.9008821,2.1565452,104
3.2375314,1.2018191,-3.1397734,1.3589311,-0.9041245,-1.2757269,-1.4783015,-1.9200096,0.6460926,-5.757183,-1.191452,0.34862405,-3.87028,0.033442214,-1.1915693,2.2621424,104
3.0725553,1.4768544,-3.0222836,1.0549555,-1.1392092,-1.3490885,-1.3007469,-1.9144247,1.175971,-5.56875,-1.1488192,0.061387792,-3.6768634,-0.029005669,-1.1329827,2.2493875,104
2.7261858,0.92622805,-2.6846898,2.1157293,-0.99704564,-1.0211165,-1.3098078,-1.7295196,0.42930675,-5.184131,-0.7281965,0.43987787,-3.1615348,0.3844369,-0.82352465,1.9850453,1
2.1887453,1.2929429,-2.5662236,1.8002485,-1.1234623,-0.76419777,-1.6304305,-1.8578786,0.66631883,-5.027195,-0.53455323,0.18879078,-2.557558,-0.23944716,-1.1110004,1.8635685,13
2.9171681,1.7416956,-3.3390954,1.6597992,-1.3187194,-1.3151928,-1.6427789,-2.1778765,1.280721,-6.322844,-0.7764269,0.07461567,-3.556208,-0.3465435,-1.043575,2.249761,19
3.732126,1.0906243,-3.1044133,0.9233998,-0.7560874,-1.5097909,-1.2257004,-1.6515436,0.8562325,-5.407416,-1.3736316,0.36875898,-4.4988585,0.18577856,-1.0792496,2.3295772,104
0.027492821,0.9820914,-1.3805784,0.09417063,-0.32993668,-1.0659145,-1.4874034,-0.03592974,-0.14296122,-1.477617,-0.39092687,-0.9003048,-1.0424802,0.32707456,0.31885198,1.2682272,84
0.17021285,0.9926147,-1.383102,0.17675132,-0.32716456,-1.0915774,-1.4167914,0.031275816,-0.06728606,-1.5820327,-0.39746848,-0.89647186,-1.1721107,0.35538614,0.4195093,1.3384938,84
2.680205,1.7410281,-3.0617595,1.0879619,-1.3044288,-1.2737828,-1.2805991,-1.9932117,1.3968722,-5.4813743,-0.8511268,-0.24090326,-3.1255646,-0.1554974,-1.2089736,2.0789557,19
0.16872047,1.0221128,-1.4144542,0.23017895,-0.34307066,-1.0841184,-1.3884065,0.18860401,-0.0346926,-1.6561573,-0.43420443,-0.9339084,-1.202941,0.33764836,0.4835657,1.4070902,84
2.973937,1.614738,-3.043084,0.936059,-1.287512,-1.3201572,-1.1709242,-1.8151767,1.4930867,-5.7632465,-1.1619508,-0.079921044,-3.5950782,-0.027664714,-1.1614754,2.179111,19
2.599051,1.542526,-3.2384205,1.5401702,-1.1884658,-1.3440262,-1.6065102,-2.1907125,1.1866997,-6.0713506,-0.75982237,0.07138787,-3.2534072,-0.25861967,-1.0839142,2.0885959,19
-0.079991974,0.9848156,-1.2342709,0.023036033,-0.36583757,-1.0373559,-1.5157249,-0.10692234,-0.053124294,-1.3738648,-0.3918304,-0.9688241,-0.93186986,0.28301463,0.22626391,1.2261891,81
-0.043199703,1.0973574,-1.321349,0.043232262,-0.40348804,-0.99060297,-1.5114295,-0.0025530756,-0.006273687,-1.466757,-0.39666525,-1.0115883,-0.92479366,0.25516453,0.21924904,1.2843401,84
2.8719106,0.78363633,-2.7701,2.00248,-0.90969646,-1.1148764,-1.2938428,-1.6470526,0.47179103,-5.4211,-0.8823709,0.5865149,-3.5231872,0.42125762,-0.7834765,1.9988647,104
3.2840407,0.8424438,-2.9875798,1.958131,-0.84619653,-1.1251228,-1.5102711,-1.6259433,0.35843754,-5.9135013,-1.1521237,0.8080772,-4.0454526,0.37163734,-0.9642383,2.1254823,104
3.1551166,1.0737184,-3.240721,1.6521384,-0.8738314,-1.303465,-1.58045,-1.9325242,0.5779011,-6.227314,-1.1496828,0.53919864,-4.0042295,0.045629606,-1.1088985,2.2513986,104
2.9766808,1.4853858,-3.0409431,1.2456582,-1.1798195,-1.2831507,-1.3913691,-1.8912303,1.151035,-5.889817,-1.1211814,0.12551044,-3.6563432,-0.06070713,-1.1445513,2.236718,104
2.6266658,0.95118654,-2.652114,2.052691,-0.9921924,-1.0139649,-1.336899,-1.7485864,0.45452335,-5.1533914,-0.739105,0.36919296,-3.038724,0.33269015,-0.8991096,1.9491302,1
2.1355493,1.1952249,-2.4520457,1.8384429,-1.1017244,-0.82155216,-1.5388732,-1.8044124,0.7483698,-4.9615974,-0.57094,0.15549858,-2.5393448,-0.25516987,-1.011559,1.8952333,13
2.7250428,1.5911422,-3.2306871,1.7759084,-1.3128545,-1.3102789,-1.6245956,-2.1623614,1.2893012,-6.3825073,-0.7580387,0.14588033,-3.4790044,-0.35891387,-0.9432304,2.2104025,19
3.6924088,1.1314347,-3.1630654,0.87109864,-0.7947595,-1.5423046,-1.2748973,-1.6285373,1.0172397,-5.681909,-1.4362324,0.3134038,-4.535041,0.116627336,-1.1255336,2.334272,104
-0.08855916,0.94765776,-1.2849026,0.043773025,-0.3368629,-1.0348815,-1.5145521,-0.11870369,-0.10393642,-1.3996474,-0.36767703,-0.91873753,-0.9392835,0.28324276,0.23204789,1.2088034,81
0.028005019,0.99811983,-1.3047827,0.085413635,-0.3542869,-1.0509019,-1.4490273,-0.073391765,-0.019187838,-1.461024,-0.37275842,-0.9571911,-1.0073828,0.28611034,0.30720416,1.2730224,84
2.538459,1.6580334,-3.0004168,0.9519857,-1.2675993,-1.2240279,-1.2403812,-1.8968666,1.4399663,-5.378946,-0.87039554,-0.25639302,-3.0140529,-0.17390922,-1.221415,2.0081024,19
0.023400068,1.0870366,-1.3343971,0.092528254,-0.40331525,-1.0257586,-1.4536982,0.034153566,0.031924903,-1.5096356,-0.41520017,-1.0279102,-0.9961872,0.24998552,0.3106627,1.336812,84
2.975943,1.6226403,-3.1354806,1.0169176,-1.2647772,-1.3587781,-1.2559218,-1.8620989,1.4789822,-6.056736,-1.1566753,-0.017037034,-3.6653383,0.0035294518,-1.1996276,2.1483688,19
2.5542834,1.5073271,-3.227653,1.7675434,-1.1736779,-1.3311276,-1.6041834,-2.1543155,1.1424818,-6.234719,-0.65003943,0.11489357,-3.2541807,-0.26498556,-0.99402416,2.084987,19
-0.11271955,0.94780505,-1.1289968,0.03385988,-0.35744965,-1.0438905,-1.5313029,-0.15981929,-0.00049062073,-1.3538611,-0.38933334,-0.9848063,-0.91735846,0.23610425,0.1658299,1.2200574,81
-0.11617166,1.060189,-1.2209502,-0.008655965,-0.4139973,-0.97555304,-1.5141478,-0.096364036,0.02892813,-1.3931593,-0.3823494,-1.0388862,-0.8575811,0.2163057,0.13455641,1.2256112,81
2.869514,0.864547,-2.8404312,1.8869311,-0.914382,-1.1574572,-1.3385963,-1.6977577,0.56288975,-5.4808936,-0.91302204,0.4728794,-3.4896388,0.37606227,-0.90693974,1.9909264,104
3.2596188,0.88396347,-3.0369272,1.8964447,-0.8604864,-1.1518081,-1.5411811,-1.6623856,0.44577223,-6.0590267,-1.1715384,0.7520008,-4.049529,0.37290448,-1.032994,2.1025634,104
3.1665149,0.9749611,-3.2981353,1.8558663,-0.81004655,-1.3494465,-1.6325486,-1.9298303,0.5137806,-6.4272003,-1.078718,0.62719315,-4.1081877,0.06551446,-1.0471624,2.2450137,104
2.9625282,1.4311726,-3.1267142,1.3998097,-1.1348346,-1.3527565,-1.4701452,-1.9221439,1.119594,-6.174463,-1.0960332,0.2214318,-3.7512417,-0.027780846,-1.1316845,2.217535,104
2.6420925,1.0044016,-2.6882632,1.9264647,-0.9917544,-1.0889415,-1.3669705,-1.8028983,0.56199604,-5.195417,-0.7896679,0.27578467,-3.068378,0.3021641,-1.0014606,1.955634,1
2.1897447,1.0882452,-2.4744682,2.083521,-1.0758189,-0.8998076,-1.5500853,-1.8263987,0.690919,-5.2239585,-0.55654216,0.2687798,-2.7116237,-0.24858929,-0.9090429,1.9431139,13
2.6814528,1.5187516,-3.1987844,1.9950267,-1.283742,-1.3063613,-1.6153264,-2.1259472,1.2287309,-6.5038223,-0.67592657,0.2001978,-3.4724698,-0.3574733,-0.8503546,2.2075577,13
3.6089652,1.0756309,-3.2808313,1.2134255,-0.83041155,-1.5164658,-1.4060206,-1.6339939,0.919874,-6.193361,-1.4038255,0.480986,-4.59511,0.08188218,-1.081698,2.3231995,104
-0.124977775,0.9242293,-1.1755606,0.0149234235,-0.3482285,-1.0393319,-1.5191464,-0.1980827,-0.036091372,-1.3608522,-0.36795506,-0.9573613,-0.9112218,0.24197927,0.16541195,1.1879456,81
-0.04140465,0.9627877,-1.1808033,0.04272175,-0.3664744,-1.0382816,-1.4513915,-0.17400758,0.033216685,-1.3874881,-0.3632654,-0.9934278,-0.9418646,0.24586043,0.21153706,1.228457,81
2.4637222,1.6224842,-3.0229747,1.1261681,-1.2435619,-1.2423481,-1.2974417,-1.9050319,1.3970463,-5.581514,-0.8182919,-0.1863812,-3.0095637,-0.17427878,-1.1831415,1.9983165,19
-0.07036159,1.0350218,-1.2217283,0.037742615,-0.4120109,-1.0056057,-1.476418,-0.07622604,0.036423445,-1.4079654,-0.3969185,-1.0438282,-0.91464055,0.21372607,0.2127175,1.2705727,81
2.9933548,1.6761837,-3.2220762,1.1612889,-1.2275447,-1.3327887,-1.35688,-1.8752205,1.4005022,-6.1703486,-1.0635619,-0.0018864572,-3.6176343,-0.020641297,-1.2557061,2.116889,19
2.591728,1.5753098,-3.2889845,1.8974024,-1.1654929,-1.3474013,-1.6013997,-2.1175096,1.2015214,-6.3431873,-0.54377955,0.08677696,-3.2504032,-0.30036145,-0.95180684,2.0735693,19
-0.09882543,0.8870566,-1.0729526,0.086765826,-0.319252,-1.0510688,-1.523123,-0.12736861,-0.017018676,-1.3351912,-0.37279153,-0.9772234,-0.92181104,0.1906963,0.16678137,1.2142041,81
-0.1309755,1.0242709,-1.1407415,-0.0019719899,-0.39257544,-0.9819089,-1.521358,-0.12707162,0.046930626,-1.3491235,-0.37377608,-1.0485611,-0.83673805,0.16521165,0.09053518,1.2076265,81
2.9153914,0.99380827,-2.9501958,1.7603267,-0.89043725,-1.18802,-1.3794692,-1.6993321,0.6442971,-5.462069,-0.8920981,0.3378191,-3.4186854,0.30655748,-1.0386703,1.9580883,104
3.3280668,0.9633325,-3.1375449,1.8054677,-0.81498814,-1.214439,-1.593781,-1.6740639,0.5021298,-6.09603,-1.173732,0.65460974,-4.0421124,0.3595511,-1.1541493,2.0820408,104
3.2569985,0.9592328,-3.3987787,1.8560687,-0.73076713,-1.4180766,-1.6630878,-1.9000926,0.52695197,-6.4455576,-1.0432041,0.6274841,-4.17494,0.033339575,-1.0600203,2.2020032,104
3.030273,1.5109643,-3.235721,1.4925275,-1.1152734,-1.3966053,-1.5109856,-1.9308748,1.1728343,-6.327704,-1.0069845,0.19222923,-3.7785313,-0.053436227,-1.1375785,2.1960008,104
2.653018,1.1134052,-2.740511,1.8302971,-0.9671788,-1.1004828,-1.4019094,-1.8038259,0.63698757,-5.1606965,-0.75010824,0.16668545,-2.9856102,0.24009994,-1.1043591,1.9148346,1
2.2951796,1.0927119,-2.5389805,2.2460532,-1.0553793,-0.941524,-1.5471976,-1.7829835,0.69115627,-5.394398,-0.49413297,0.28210533,-2.816219,-0.2862596,-0.8531216,1.9527016,13
2.717227,1.540934,-3.2328262,2.0928473,-1.248003,-1.3374007,-1.58905,-2.0636132,1.2583908,-6.527692,-0.5892977,0.16382916,-3.4589984,-0.38136983,-0.805226,2.19162,13
3.6163144,0.99124604,-3.4618459,1.4221869,-0.7917329,-1.6044648,-1.4594221,-1.6725389,0.91046464,-6.7033353,-1.3732289,0.6573144,-4.8063626,0.13471511,-0.9925831,2.312935,104
-0.11050158,0.89059377,-1.1091563,0.055868626,-0.3167917,-1.0429102,-1.5192747,-0.17575206,-0.021083504,-1.3392491,-0.3589209,-0.9696644,-0.9062677,0.19031939,0.14057374,1.1904352,81
-0.046687603,0.9305977,-1.1062868,0.050102144,-0.34319085,-1.0536016,-1.458221,-0.20264749,0.054701895,-1.3434596,-0.36326537,-1.0141022,-0.92176,0.19261724,0.1566354,1.2232312,81
2.4479187,1.6565763,-3.050221,1.305376,-1.2224096,-1.2117251,-1.3199887,-1.8941114,1.3690485,-5.6902037,-0.6821917,-0.17695367,-2.9618938,-0.19857965,-1.1475637,1.9562718,19
-0.089828745,0.99318504,-1.1295002,0.03542739,-0.39313042,-1.0002613,-1.48802,-0.12446658,0.035693184,-1.335093,-0.37316668,-1.0549272,-0.87862533,0.1674264,0.1580222,1.2346306,81
2.9998538,1.7900461,-3.3202837,1.2196892,-1.211005,-1.313591,-1.4101646,-1.8665577,1.4692886,-6.2513995,-0.93439704,-0.021164909,-3.5552046,-0.05748581,-1.2787058,2.0315223,19
2.6119564,1.5858508,-3.312036,2.0636883,-1.1170478,-1.3462901,-1.5996332,-2.058693,1.1847826,-6.3602796,-0.45563555,0.11069362,-3.215163,-0.3510834,-0.8904922,2.0535471,13
-0.071647145,0.8142531,-1.0197551,0.15350229,-0.27192774,-1.0056359,-1.4580715,-0.017611966,-0.079311445,-1.2747285,-0.31393006,-0.95060855,-0.91755784,0.16034193,0.23271143,1.1769989,84
-0.106403016,0.96910805,-1.1091824,0.05943033,-0.33395317,-0.9749549,-1.510134,-0.06051196,-0.006783068,-1.3056513,-0.33311278,-1.0270417,-0.83595705,0.124883786,0.11592792,1.1808372,81
2.9120016,1.1223831,-2.991954,1.6699649,-0.8847569,-1.1496019,-1.417556,-1.673816,0.7264938,-5.436968,-0.822593,0.2472669,-3.3146093,0.23143277,-1.1392834,1.8792791,1
3.3663473,1.0596154,-3.175523,1.7139558,-0.7788217,-1.212436,-1.627615,-1.6313864,0.57845396,-6.0639114,-1.1217256,0.56132525,-3.982261,0.3092902,-1.2438536,2.0167441,104
3.2541416,0.87612194,-3.3797045,1.9255775,-0.6669786,-1.4057192,-1.6486578,-1.8748797,0.47677332,-6.3732677,-0.9830447,0.66297346,-4.1567216,-0.02359607,-1.0091562,2.151266,104
3.068682,1.5585598,-3.3139887,1.5974578,-1.0696846,-1.39837,-1.5575628,-1.9083896,1.1833249,-6.3821416,-0.90947825,0.20565997,-3.7418933,-0.09465699,-1.1380401,2.12833,104
2.6357348,1.2064345,-2.760223,1.7663995,-0.9387373,-1.0457356,-1.4521182,-1.7707977,0.66245973,-5.1049876,-0.65903103,0.109638855,-2.874312,0.17078346,-1.1950314,1.815907,1
2.3566194,1.1029339,-2.5485823,2.3860235,-1.0363173,-0.93888086,-1.527977,-1.7062403,0.69605196,-5.4437675,-0.44025707,0.28028423,-2.8406508,-0.3479743,-0.79794765,1.9541909,13
2.737677,1.5600816,-3.275608,2.1871219,-1.187652,-1.3546585,-1.5742097,-2.0075212,1.2707975,-6.531096,-0.5032456,0.16314648,-3.4212015,-0.41378218,-0.7607828,2.1571696,13
3.712857,1.0561959,-3.6454163,1.5369962,-0.76749253,-1.7225448,-1.5177076,-1.7553483,0.97746384,-7.018317,-1.310666,0.6801274,-4.917994,0.14094861,-0.97918665,2.3012242,104
-0.07143337,0.83118373,-1.0579754,0.12807178,-0.2761133,-0.9976609,-1.4881351,-0.0786929,-0.0926768,-1.2871146,-0.29711503,-0.94235146,-0.9073476,0.16087875,0.19186527,1.155017,81
-0.011421621,0.8907251,-1.0733573,0.1055989,-0.29941988,-1.0270009,-1.4429164,-0.13745494,0.005532697,-1.2878573,-0.31026104,-1.0080903,-0.9054761,0.15224111,0.16950205,1.1953886,81
2.4858904,1.7220247,-3.128251,1.4110674,-1.1666868,-1.2244756,-1.3553128,-1.8803113,1.3794829,-5.7726026,-0.56127346,-0.15562238,-2.9395623,-0.20477231,-1.1490252,1.8822322,19
-0.06667401,0.9589545,-1.1143793,0.0763323,-0.33802128,-0.99603164,-1.4771109,-0.080508485,0.010273024,-1.2920824,-0.3367137,-1.0497735,-0.8583019,0.120714724,0.15278316,1.2102082,81
2.9837162,1.7201,-3.2771366,1.4112874,-1.1249657,-1.2441736,-1.4689751,-1.7943931,1.3012531,-6.184501,-0.8301652,0.08047722,-3.482731,-0.06285097,-1.2616675,1.9507656,19
2.628929,1.5561929,-3.2281046,2.2374163,-1.0801196,-1.250819,-1.5501988,-1.9337239,1.1168219,-6.2380357,-0.35117832,0.15237589,-3.1271195,-0.37436736,-0.8044166,1.9882363,13
0.025303021,0.7841759,-0.99100596,0.29684794,-0.1951588,-1.0273523,-1.4316754,0.09733266,-0.104316965,-1.2957911,-0.31300685,-0.9066079,-0.9693647,0.14267212,0.24704307,1.1918932,84
-0.057351053,0.8967797,-1.0484647,0.2013641,-0.26109996,-0.9409538,-1.4734342,0.07315754,-0.1161785,-1.2559824,-0.29095954,-0.97118634,-0.8444631,0.08910832,0.17733186,1.1700742,81
2.8976955,1.1032871,-2.953524,1.7290944,-0.8445052,-1.1063523,-1.5078828,-1.6575186,0.6235411,-5.42518,-0.8111027,0.30409414,-3.2882884,0.17701128,-1.2095864,1.8473339,1
3.3803935,1.0390956,-3.1645792,1.7313217,-0.7220926,-1.1897568,-1.6975119,-1.5880818,0.52502376,-6.088495,-1.1144495,0.6168429,-4.0060782,0.2658981,-1.2962291,1.9745302,104
3.2654717,0.8282074,-3.320409,2.0381088,-0.64386344,-1.3273301,-1.6265957,-1.8272614,0.40001762,-6.261402,-0.8800184,0.72841984,-4.106118,-0.0746438,-0.9347358,2.071048,104
3.0546834,1.4788387,-3.21393,1.8034304,-1.0307375,-1.3176599,-1.5826926,-1.8354062,1.0718195,-6.320715,-0.8438404,0.30617398,-3.709791,-0.14065996,-1.0801761,2.0914185,104
2.6239674,1.1910152,-2.7491024,1.772631,-0.86785007,-1.0075531,-1.5173941,-1.7391843,0.55964804,-5.0562205,-0.6139339,0.15300487,-2.83126,0.12640001,-1.2629848,1.747356,1
2.4216244,1.0510151,-2.5233715,2.5124602,-0.97989583,-0.89524573,-1.5043705,-1.6144994,0.594475,-5.3692904,-0.3983558,0.3221426,-2.821094,-0.3819188,-0.7553106,1.9179217,13
2.7583127,1.5393085,-3.2506685,2.3392963,-1.1260445,-1.2911971,-1.5474586,-1.901525,1.2058009,-6.4411964,-0.40457094,0.20011716,-3.3380723,-0.443181,-0.6954912,2.0922773,104
3.7619023,1.1057031,-3.6825209,1.607664,-0.74799657,-1.7232426,-1.5474858,-1.7333344,1.036822,-7.080518,-1.2250179,0.70107055,-4.9010024,0.10815109,-0.9593438,2.215434,104
-0.014747471,0.7635658,-0.998091,0.27127624,-0.20911215,-0.98163253,-1.4415665,0.04376769,-0.17139582,-1.2485392,-0.27353454,-0.8891802,-0.92619103,0.13268183,0.24461147,1.1584522,84
0.044620663,0.82574666,-1.0241977,0.25766158,-0.22380328,-0.99045104,-1.4083874,-0.007035166,-0.09201534,-1.2378277,-0.26977086,-0.96027696,-0.90079373,0.10976018,0.20402956,1.1913774,84
2.455482,1.6721526,-3.030732,1.6428481,-1.1332875,-1.1619824,-1.3727033,-1.8403642,1.2810254,-5.6945715,-0.4892087,-0.09147096,-2.8498492,-0.24572007,-1.085595,1.8612218,13
-0.015485451,0.90272313,-1.082647,0.19749331,-0.26050606,-0.97094643,-1.450263,0.035159566,-0.080491915,-1.2479585,-0.2903673,-1.0049784,-0.85474443,0.08292645,0.18646717,1.1935704,81
3.0024376,1.7137303,-3.312064,1.4892479,-1.045249,-1.2844062,-1.5069406,-1.7919616,1.2626224,-6.1873455,-0.77524877,0.15661617,-3.4929376,-0.071584746,-1.256448,1.895501,19
2.7300725,1.5901618,-3.1591623,2.3499398,-1.0873195,-1.2227881,-1.5392671,-1.8503923,1.1093313,-6.1837,-0.35414195,0.17395566,-3.1359887,-0.35862896,-0.76942617,1.9830707,13
0.11337273,0.65893984,-0.9144467,0.5525684,-0.11927444,-1.1039599,-1.3931894,0.21722269,-0.19053979,-1.3492181,-0.3579558,-0.79829884,-1.0886421,0.11732902,0.3419352,1.246965,84
0.042142987,0.81105757,-0.9874072,0.39846236,-0.19017185,-0.9894143,-1.4410379,0.16382286,-0.18455185,-1.2818716,-0.32071942,-0.8830972,-0.93655837,0.08800273,0.21797138,1.2010936,84
2.9935281,1.2213877,-3.0065494,1.6852165,-0.86744595,-1.100733,-1.5344424,-1.6754688,0.6781269,-5.4622493,-0.7879492,0.2790588,-3.3175457,0.11492324,-1.2787042,1.8069801,1
3.4649258,1.1175205,-3.2115629,1.7022206,-0.70768106,-1.1851836,-1.7422667,-1.5688012,0.5488526,-6.1544814,-1.0870281,0.65116864,-4.0592732,0.21200174,-1.341578,1.9195763,104
3.3406892,0.8204219,-3.2862756,2.1187706,-0.6361177,-1.3346357,-1.6073406,-1.7952546,0.3682575,-6.1838617,-0.84136087,0.7762968,-4.1234393,-0.10311419,-0.88149184,2.0205588,104
3.1226234,1.4414939,-3.2044806,1.9233688,-0.9772699,-1.3051087,-1.5833783,-1.7744628,1.000379,-6.2907653,-0.78366184,0.39615488,-3.747517,-0.1615645,-1.0359669,2.0312326,104
2.7117634,1.3154665,-2.8366616,1.666294,-0.8729727,-1.0375136,-1.5327978,-1.775256,0.6492977,-5.110813,-0.60035694,0.115889266,-2.876604,0.07058306,-1.3400903,1.7038616,1
2.4936202,1.0288308,-2.4347653,2.5933595,-0.9714185,-0.86627287,-1.4727595,-1.5270766,0.537163,-5.278763,-0.4041785,0.33517867,-2.8266,-0.3799209,-0.73508346,1.8973273,13
2.8375442,1.5268835,-3.2021844,2.4293642,-1.0912203,-1.2624521,-1.5179236,-1.8223865,1.1543994,-6.3379626,-0.38568407,0.22944917,-3.3306937,-0.42719314,-0.6627828,2.0598552,104
3.7383788,1.0768901,-3.584838,1.8056496,-0.75289357,-1.6383814,-1.577363,-1.7091702,0.96774346,-7.053716,-1.1417549,0.77580017,-4.845727,0.03710437,-0.89438546,2.1921685,104
0.09948228,0.6765327,-0.9494706,0.46318263,-0.12954262,-1.0705866,-1.4047747,0.17028631,-0.21164732,-1.3110042,-0.32687193,-0.80394393,-1.0570558,0.14222836,0.31491315,1.1928085,84
0.14965673,0.7491109,-0.9944818,0.44178492,-0.14571792,-1.0567935,-1.3793583,0.09670434,-0.14280973,-1.2935083,-0.30600104,-0.87747794,-1.004571,0.10947941,0.234411,1.2210456,84
2.5013921,1.5934064,-2.9701676,1.8076624,-1.0688661,-1.1531535,-1.3458767,-1.773197,1.1453263,-5.594314,-0.44025737,-0.018231556,-2.8403902,-0.21354803,-1.0304694,1.8197174,13
0.09320776,0.81514597,-1.0276634,0.39111733,-0.18891285,-1.0018716,-1.4188945,0.12452637,-0.17279403,-1.2476034,-0.2956298,-0.92378277,-0.93322676,0.07901722,0.21941951,1.2143573,84
3.0594192,1.6787213,-3.2651098,1.55701,-1.0431447,-1.3315444,-1.464874,-1.7583796,1.2581297,-6.201083,-0.80144817,0.19277792,-3.5929346,-0.05169835,-1.2210782,1.9041436,19
2.778654,1.594492,-3.0644886,2.367269,-1.1236973,-1.3017185,-1.4787464,-1.7540177,1.204974,-6.160049,-0.45658955,0.13145573,-3.2100937,-0.36299965,-0.73113084,2.0600686,13
0.24856512,0.59950554,-0.8627896,0.7292479,-0.10892409,-1.248804,-1.2803292,0.353343,-0.07693677,-1.5486996,-0.46520114,-0.7688874,-1.3038065,0.12455228,0.49684697,1.3498305,84
0.119180486,0.74477714,-0.9256983,0.6118429,-0.16462901,-1.1088226,-1.3752639,0.25248128,-0.1441078,-1.4239807,-0.4033245,-0.8254926,-1.074778,0.0684614,0.33350885,1.2893535,84
3.069132,1.268994,-2.99614,1.6792225,-0.925104,-1.0915228,-1.4843776,-1.6710643,0.7336069,-5.5449796,-0.80701005,0.28059506,-3.4124255,0.08677606,-1.2750578,1.8023297,1
3.5500586,1.1961825,-3.2199433,1.6549925,-0.73937273,-1.1931953,-1.7358303,-1.5569085,0.6069733,-6.208282,-1.091104,0.6556573,-4.1354384,0.17993888,-1.3736036,1.8924032,104
3.3627234,0.84937584,-3.1597507,2.1412544,-0.68426347,-1.3500973,-1.548948,-1.7563485,0.41965598,-6.1108685,-0.86567056,0.7603241,-4.132703,-0.13773094,-0.84236205,2.0138328,104
3.183281,1.4543235,-3.1186993,1.9627458,-1.0182577,-1.2720131,-1.5246649,-1.7172905,1.0263727,-6.2604017,-0.80048347,0.41585612,-3.79415,-0.17409718,-0.98703367,2.016373,104
2.7805028,1.3646818,-2.8406076,1.6243528,-0.917503,-1.0423465,-1.4925096,-1.7577766,0.7300079,-5.233897,-0.63777345,0.11497201,-2.9905512,0.052947655,-1.3531835,1.6952692,1
2.5683846,1.0296003,-2.3445888,2.585794,-1.0246826,-0.902819,-1.3912654,-1.4600446,0.60594213,-5.242766,-0.48811513,0.302265,-2.9088783,-0.36583608,-0.7068994,1.9298427,13
2.9095416,1.5689934,-3.1325307,2.434762,-1.1399332,-1.3145494,-1.4807239,-1.7770959,1.2319179,-6.3032384,-0.4808327,0.17488204,-3.3821137,-0.43033737,-0.6651235,2.1230083,104
3.7499774,1.0306343,-3.532444,1.9228114,-0.70485485,-1.6008179,-1.5682199,-1.6578155,0.8752385,-6.9707055,-1.0571194,0.86812735,-4.817717,0.0091054365,-0.8304938,2.1255894,104
0.20072867,0.62492275,-0.8779653,0.690629,-0.119836554,-1.1877137,-1.3272138,0.2859352,-0.1328034,-1.4855385,-0.42859256,-0.7584999,-1.2179102,0.11697036,0.43486804,1.3063715,84
0.24418794,0.68522114,-0.9486117,0.6501832,-0.11348052,-1.1828765,-1.3103824,0.19922675,-0.08540745,-1.4548415,-0.40253675,-0.81674206,-1.1616988,0.10039836,0.33512828,1.3144563,84
2.5133874,1.6057731,-2.8309107,1.9063503,-1.1219428,-1.1654629,-1.322679,-1.7014589,1.1983091,-5.5950875,-0.5099615,-0.0025031865,-2.8784604,-0.20926529,-0.98128974,1.862597,13
0.16278516,0.7346416,-0.9688893,0.6058937,-0.14702691,-1.1178266,-1.3497691,0.2258304,-0.14588703,-1.3844452,-0.38436833,-0.8535666,-1.0682133,0.06110327,0.3274651,1.2974112,84
3.0794168,1.7156584,-3.1801493,1.6157569,-1.1200409,-1.3307043,-1.4325666,-1.6814046,1.3306394,-6.2987094,-0.8564341,0.19693176,-3.6773276,-0.07943091,-1.1834307,1.9458941,19
3.1482182,1.3680011,-2.9550989,2.6892328,-1.1620212,-1.3561347,-1.4069664,-1.6815797,1.0405892,-6.4672995,-0.5070995,0.3808722,-3.797931,-0.30147806,-0.5096709,2.1463664,104
0.41725373,0.5672883,-0.9412047,0.990515,-0.028390706,-1.4491006,-1.1466384,0.6533873,0.13792962,-1.9634712,-0.6276754,-0.742337,-1.6022273,0.12201598,0.725372,1.5796882,84
0.253556,0.70749295,-0.92331445,0.8030653,-0.14813875,-1.2920207,-1.2580118,0.43302196,0.02034688,-1.717906,-0.5111183,-0.81573784,-1.3338084,0.0781184,0.53341234,1.434919,84
3.0806975,1.3245479,-2.9565353,1.7294673,-1.0004964,-1.0498761,-1.4681957,-1.6340435,0.7818035,-5.7417574,-0.839272,0.33979213,-3.5030384,0.019961864,-1.2360868,1.8099735,104
3.551449,1.2794149,-3.137459,1.6791903,-0.8429415,-1.1232353,-1.7161613,-1.5407866,0.648362,-6.3033404,-1.1107354,0.66174716,-4.156183,0.10349032,-1.3789566,1.8942751,104
3.3584604,1.0780202,-3.172171,2.1438956,-0.8239933,-1.3401623,-1.5248775,-1.6984516,0.605242,-6.330692,-0.8638376,0.6831141,-4.103667,-0.14869912,-0.8615997,2.027787,104
3.2574644,1.5204009,-3.1074898,1.9440888,-1.0960002,-1.3223981,-1.4892731,-1.6643798,1.1291109,-6.4287004,-0.89091706,0.40794528,-3.9394624,-0.19107616,-0.9872434,2.0608838,104
2.7881572,1.4051957,-2.7960238,1.6828414,-0.9818826,-0.9749997,-1.4738262,-1.6905216,0.74716496,-5.3992953,-0.66418207,0.17622183,-3.0585814,-0.00482367,-1.3127127,1.6883043,1
2.9264712,0.8025163,-2.2535589,2.8569617,-0.97985756,-0.9521232,-1.393831,-1.4744425,0.4476599,-5.571978,-0.551962,0.6671466,-3.5086818,-0.30107093,-0.4866152,1.9671514,104
3.2543862,1.2683041,-2.984958,2.777853,-1.1171666,-1.3615915,-1.4301775,-1.7344149,1.0092267,-6.564914,-0.5273478,0.49908167,-3.9732468,-0.3519381,-0.41972882,2.184873,104
3.781288,1.0177336,-3.4283295,1.9279631,-0.71658504,-1.5630774,-1.4712579,-1.5806241,0.9072686,-6.9026847,-1.0520675,0.90033185,-4.8613296,-0.018832222,-0.7401835,2.1058967,104
0.35948867,0.5856647,-0.9164678,0.91286767,-0.08404197,-1.3791976,-1.1934834,0.5337461,0.057127997,-1.8355882,-0.56317925,-0.75528145,-1.5029291,0.112227425,0.65407646,1.5017384,84
0.6519091,0.5028531,-0.6959061,0.9593872,-0.13205734,-1.076307,-1.1665115,0.13126741,-0.21810211,-1.4731693,-0.3137097,-0.60306,-1.5260384,0.20540038,0.49110734,1.334777,84
2.548785,1.604233,-2.7390027,1.912871,-1.1651081,-1.2489415,-1.2454703,-1.5904644,1.3154129,-5.613183,-0.609159,-0.05330327,-2.9683254,-0.22202095,-0.9339476,1.9439055,13
0.29390043,0.69981205,-0.97331417,0.78747666,-0.12676522,-1.3017243,-1.2298529,0.39769143,0.018313438,-1.6757257,-0.49755323,-0.8416717,-1.3194759,0.07515296,0.50847876,1.4352149,84
3.422452,1.4893959,-3.1360116,2.0024762,-1.1635661,-1.3718696,-1.421478,-1.6546315,1.1189489,-6.6728983,-0.9088682,0.4930632,-4.228288,-0.008274026,-0.98118705,2.0041916,104
3.3502815,1.7926042,-3.2310245,2.706551,-1.2732289,-1.4061631,-1.5523798,-1.6646013,1.2695767,-6.9871125,-0.5442315,0.27342892,-3.957041,-0.38988042,-0.5902616,2.311788,104
0.7178116,0.47199968,-1.0462707,1.5102423,0.16842899,-1.6612272,-1.057716,1.1212841,0.12559946,-2.447235,-0.7275307,-0.6022232,-2.1078296,0.32261568,0.8959531,1.9656113,40
0.4595071,0.646817,-1.0374173,1.0799161,-0.026482493,-1.5060947,-1.0969559,0.852351,0.25892347,-2.175466,-0.7041288,-0.8010462,-1.7041037,0.10900709,0.790772,1.7280054,84
3.3098948,1.2655036,-2.9204023,1.9474736,-0.97352326,-1.0539609,-1.4959564,-1.6618834,0.6775532,-6.1674647,-0.7979947,0.62130564,-3.902408,0.027095899,-1.0634792,1.7737199,104
3.5528605,1.4264982,-3.1622105,1.7291635,-0.9535849,-1.0915303,-1.75858,-1.571014,0.7260999,-6.6117215,-1.1287386,0.70836383,-4.20888,0.04695113,-1.4015572,1.8831722,104
3.7381413,0.8635052,-3.2562022,2.496448,-0.82280815,-1.4072145,-1.5953565,-1.6651776,0.50172937,-7.0741224,-0.95640945,1.1390135,-4.9157553,-0.023270853,-0.65393865,2.1073735,104
3.6525905,1.3813711,-3.1333804,2.3650603,-1.1062287,-1.3968097,-1.5378494,-1.6617999,0.9628186,-7.015807,-0.9127751,0.7416933,-4.5505238,-0.11222856,-0.77383024,2.1179664,104
2.9883947,1.2754437,-2.7464778,1.9518927,-0.9803417,-0.94505054,-1.4837646,-1.693935,0.5725214,-5.727746,-0.6477474,0.4551689,-3.4119005,-0.002696015,-1.1376612,1.6673793,104
3.0423481,0.85041547,-2.238823,2.8857813,-0.97992563,-0.94724137,-1.499677,-1.5063012,0.46293777,-5.9102235,-0.5631708,0.8374404,-3.769576,-0.28082713,-0.4638052,1.9426388,104
3.4720898,1.5897316,-3.2077584,2.830504,-1.2075422,-1.403292,-1.5621512,-1.7347933,1.1335838,-7.069367,-0.5281707,0.45971113,-4.198968,-0.40621805,-0.46912378,2.2881978,104
3.797081,1.0700848,-3.3456235,1.9335302,-0.7808229,-1.5646286,-1.4380991,-1.5345289,0.9699702,-6.98589,-1.1068869,0.8939694,-4.9292545,-0.056591917,-0.7377084,2.134355,104
0.55944455,0.5158776,-1.09719,1.1586909,0.04830417,-1.5981246,-1.0323014,0.9807064,0.3259658,-2.3287477,-0.7888323,-0.74175334,-1.869475,0.13941616,0.9049191,1.802293,84
0.88573164,0.52974343,-0.6104321,1.1267722,-0.13039139,-0.958537,-1.109021,-0.0008971989,-0.12763245,-1.6292467,-0.27522135,-0.47540665,-1.5890212,0.19003445,0.38640428,1.3360245,84
2.9542282,1.5203156,-2.6946294,2.0756202,-1.2009906,-1.2485753,-1.2202415,-1.578905,1.1838605,-5.881431,-0.62244546,0.14296888,-3.472078,-0.12311648,-0.8082183,1.9624375,13
0.50642526,0.65077394,-1.0779921,1.0768298,-0.011961728,-1.5142974,-1.077374,0.81193435,0.24827513,-2.1251516,-0.6878836,-0.8346146,-1.6812569,0.09816137,0.75424886,1.7295768,84
3.6105838,1.6331646,-3.2754967,1.9938234,-1.1433296,-1.5379136,-1.5248904,-1.650514,1.2054408,-6.9933653,-0.98328674,0.522907,-4.466971,0.031338654,-1.0011075,2.07659,104
3.4552393,2.1798992,-3.3520548,2.7502604,-1.4260768,-1.5298338,-1.7987769,-1.8853543,1.4267799,-7.3894415,-0.53714085,0.17451097,-4.032293,-0.27525595,-0.7730929,2.3771853,104
0.9360028,0.81035465,-1.0844178,1.5594237,-0.01962486,-1.5077978,-1.1878984,1.0449786,0.07121691,-2.5734222,-0.57499015,-0.7509013,-2.1080477,0.26121446,0.86150384,1.9223799,40
0.4392786,0.5802466,-1.0573398,1.2867451,0.05604732,-1.659855,-1.1590126,1.1153219,0.20734954,-2.4283571,-0.8052509,-0.6376419,-1.9757155,0.26497808,0.8273956,1.9042199,84
3.394622,1.3295094,-3.0152502,2.0661397,-0.9243754,-1.1751204,-1.6885276,-1.7919457,0.68680096,-6.724619,-0.8067894,0.8715886,-4.190521,0.046798065,-1.0436172,1.7630763,104
3.8754501,1.479013,-3.349652,2.0843983,-1.0936174,-1.160566,-1.9286952,-1.6357975,0.7209963,-7.4939394,-1.2250621,1.0023812,-4.8247485,0.04741028,-1.3114524,2.0279114,104
3.9266062,1.1766557,-3.4901376,2.550445,-0.90674937,-1.5611306,-1.7987378,-1.7882575,0.6748187,-7.599067,-1.0343127,1.1210483,-5.1358395,-0.030117277,-0.76000583,2.2377656,104
3.8359208,1.5711819,-3.2658515,2.5540986,-1.1289504,-1.5383521,-1.716804,-1.6506233,1.0603594,-7.5801888,-0.99995065,0.8528967,-4.8346863,-0.07904361,-0.77009314,2.2507372,104
3.0966394,1.30188,-2.8060236,2.0668974,-0.923614,-1.0402677,-1.6729295,-1.8166707,0.5335701,-6.1553197,-0.6706388,0.69725835,-3.6698992,0.06410386,-1.1368046,1.6435846,104
3.124632,1.1292206,-2.3974895,2.8975177,-1.1109419,-0.9096127,-1.666564,-1.611621,0.47295707,-6.1857743,-0.5332104,0.7704895,-3.7689276,-0.17417714,-0.6314372,1.922841,104
3.6863258,1.9961029,-3.4679203,2.6723971,-1.3032826,-1.4929647,-1.6766293,-1.9110739,1.4068512,-7.425638,-0.5418418,0.30353922,-4.324247,-0.4596304,-0.5877483,2.3815324,104
3.8535085,1.2086211,-3.3954709,1.8665379,-0.8517144,-1.6150091,-1.4222512,-1.4753184,1.105206,-7.2259493,-1.204078,0.8724849,-5.033505,-0.018760912,-0.78347594,2.1870131,104
0.78747386,0.7343248,-1.03127,1.4183681,-0.060002536,-1.5489458,-1.1690416,1.0040655,0.07560913,-2.429923,-0.6418234,-0.7470836,-2.0501575,0.31392118,0.83282936,1.886072,84
0.95089334,0.6435338,-0.6982079,1.2339497,-0.16208741,-0.8648714,-1.0080295,-0.3630259,0.14632374,-1.7454312,-0.22123733,-0.5306532,-1.3307121,0.09234762,-0.0907728,1.3891258,84
3.124197,1.8859465,-2.9419608,1.8741895,-1.3252841,-1.3646655,-1.3632083,-1.7132145,1.4188414,-6.2428904,-0.6632621,0.0053878725,-3.652368,-0.19580355,-0.95717955,2.0672066,19
0.4856525,0.5648527,-1.107633,1.3093121,0.100227356,-1.6819638,-1.1242546,1.1413366,0.21515456,-2.4253626,-0.81698126,-0.65370965,-1.9824384,0.26227665,0.8105314,1.9361777,84
3.749687,1.8467257,-3.314044,1.918321,-1.2141021,-1.5796554,-1.6131463,-1.7157923,1.340046,-7.1073227,-1.0422622,0.43896013,-4.5353937,0.02512779,-1.0722034,2.1615303,104
3.3507147,2.181698,-3.007466,2.695578,-1.5740526,-1.3284923,-1.7293508,-1.9808946,1.4451059,-7.0169563,-0.5565254,0.13746138,-3.8224497,-0.30197397,-0.8103395,2.2968364,104
0.7591095,0.88776225,-1.0456225,1.4092658,-0.09899932,-1.3835868,-1.2153192,0.8432152,0.14399686,-2.3680654,-0.52273,-0.82771003,-1.8721707,0.2218537,0.5780051,1.8488606,84
0.63207006,0.89744973,-1.1230896,1.4211097,-0.120196216,-1.470361,-1.276012,0.89312243,0.08934136,-2.5136259,-0.56354445,-0.7898822,-1.8915757,0.2186383,0.6394967,1.8588248,84
3.5501018,1.4409156,-3.0872319,2.2560387,-1.0229198,-1.2598802,-1.831121,-1.9100461,0.7278437,-7.100587,-0.8812829,0.91660154,-4.3749185,0.120515674,-1.0887384,1.8566481,104
4.2337646,1.3894738,-3.461281,2.4758883,-1.0244569,-1.4227238,-2.0465724,-1.6949047,0.6702904,-8.137537,-1.3998597,1.3325009,-5.431873,0.1926623,-1.1471918,2.2242305,104
4.1291566,1.5977979,-3.718431,2.4356556,-1.1817753,-1.5420022,-2.060271,-2.0097833,0.8694128,-8.085255,-1.082927,1.0094161,-5.314361,0.021996178,-1.0478437,2.232785,104
3.9899316,1.9275169,-3.495733,2.3934274,-1.303692,-1.5700676,-1.9766762,-1.8949785,1.1819402,-8.015121,-1.0419536,0.8171097,-4.9937315,-0.09520408,-1.0279231,2.2241945,104
3.2045066,1.416594,-2.8599148,2.1056147,-0.9856155,-1.1044736,-1.7989926,-1.932024,0.5859027,-6.381427,-0.73653746,0.694716,-3.7803397,0.1511216,-1.231055,1.703823,104
3.1067727,1.451396,-2.6530406,2.955099,-1.3251668,-0.88318354,-1.99557,-1.9098501,0.46178365,-6.640666,-0.47280818,0.75211847,-3.7296724,-0.16160443,-0.90802234,1.8474663,104
3.6385665,2.1065795,-3.1917892,2.808216,-1.4861356,-1.4552299,-1.8179951,-2.0143235,1.4868019,-7.514904,-0.59207404,0.33318043,-4.3104625,-0.33449715,-0.66564345,2.3991241,104
4.4094877,1.0228182,-3.6422102,2.1039672,-0.7922044,-1.8565043,-1.5063872,-1.4537156,1.0782337,-8.1833105,-1.4517405,1.3551753,-6.1189775,0.16918075,-0.61227226,2.3916988,104
0.6844588,0.8747146,-1.1283315,1.5434499,-0.09511612,-1.4403981,-1.262286,0.82103616,0.14204171,-2.5402374,-0.5631194,-0.7702968,-1.8525624,0.17758271,0.51661795,1.8965335,84
0.9429477,0.7952041,-0.63294506,1.5466255,-0.36106575,-0.71832085,-0.9221756,-0.898002,0.53089994,-1.9978974,-0.16670242,-0.5361424,-1.0133827,-0.029781546,-0.7496046,1.4939091,84
3.1389368,1.9944671,-2.7820272,1.7951111,-1.3987653,-1.3361133,-1.5112321,-1.7898977,1.4454567,-6.1109614,-0.7333856,-0.055346146,-3.6035047,-0.053935938,-1.1313314,2.0787523,19
0.66253614,0.8677691,-1.1510795,1.4031783,-0.11196098,-1.4892378,-1.2682891,0.905732,0.047445625,-2.4722633,-0.56044996,-0.808365,-1.9145613,0.22369993,0.69475955,1.8589522,84
3.8300238,1.999641,-3.10932,1.8684925,-1.366093,-1.5226396,-1.7121382,-1.7305794,1.4622616,-7.2031507,-1.1034098,0.4482844,-4.675244,0.06269047,-1.1265287,2.1865733,104
3.11291,2.0018842,-2.4382489,2.163794,-1.4188505,-1.1721005,-1.581852,-1.9197879,1.3273365,-5.7049246,-0.6400964,-0.10582051,-3.3023002,-0.28200912,-1.033597,2.132003,13
0.5586724,0.877198,-0.83215934,0.9126946,-0.21724522,-1.2189895,-1.2349808,0.6557618,0.026784107,-1.8329228,-0.38298577,-0.9286913,-1.6730878,0.23508462,0.5690305,1.5851648,84
0.4364044,0.82145447,-0.915171,0.9753263,-0.18227358,-1.3229147,-1.260886,0.8358238,-0.018732205,-1.8780245,-0.47494146,-0.9264205,-1.7287247,0.22135213,0.73498505,1.6753874,84
3.5850163,1.6385783,-3.2416823,2.4272075,-1.2342982,-1.1835179,-2.119813,-1.9715126,0.72079843,-7.6244807,-0.87706625,0.9958087,-4.51393,0.15199289,-1.2469413,1.801541,104
4.405967,1.6409073,-3.6738765,2.5142727,-1.2633272,-1.4021631,-2.2177386,-1.766379,0.760743,-8.683187,-1.4480999,1.3329313,-5.72005,0.23148242,-1.2695103,2.2711728,104
4.0587163,1.8028139,-3.7708924,2.606845,-1.4099883,-1.438149,-2.4085846,-2.1977262,0.82612735,-8.355726,-1.054881,1.020783,-5.240243,-0.1191305,-1.2765648,2.1873977,104
3.9899373,2.1170702,-3.5838637,2.742354,-1.5825967,-1.4586583,-2.3875785,-2.0514188,1.1546278,-8.545134,-1.0393102,0.94779515,-5.1316166,-0.20957997,-1.1760142,2.2697878,104
3.209085,1.6214201,-2.9847634,2.121027,-1.1716115,-1.0574628,-2.0317478,-2.04046,0.60931224,-6.7292776,-0.73096013,0.68520576,-3.8365061,0.1436156,-1.4169884,1.64973,104
3.134054,1.6329644,-2.5665393,2.8488479,-1.3345042,-0.93267876,-1.9661322,-1.7968279,0.67543435,-6.5049963,-0.51275826,0.6055949,-3.605756,-0.19817065,-0.93003887,1.8645549,104
3.4016078,1.9749361,-2.6266208,2.4574847,-1.4292185,-1.2555237,-1.6814525,-1.925746,1.333187,-6.352934,-0.6413001,0.13329826,-3.7843206,-0.3483935,-0.8278053,2.2474084,104
4.581404,1.3669893,-3.6576653,1.997552,-0.84809244,-2.0276632,-1.5808065,-1.5156935,1.2461443,-8.204164,-1.4976659,1.1030098,-6.1245084,0.30200207,-0.75653756,2.5064514,104
0.45405692,0.84059876,-0.9376962,1.0248076,-0.18217057,-1.2862864,-1.2258058,0.62534547,0.06684226,-1.9689636,-0.42735708,-0.87212044,-1.6572016,0.20201898,0.53201205,1.6457483,84
0.98004943,0.91848016,-0.69974196,1.6087369,-0.56751275,-0.55924886,-1.1361697,-1.1874452,0.61019737,-2.237997,-0.14920847,-0.47270322,-0.94703394,-0.21558039,-1.0072168,1.4611862,84
3.0889351,1.9870089,-2.488142,1.7774957,-1.4868485,-1.1631467,-1.5049465,-1.8774632,1.388913,-5.6880565,-0.78681886,-0.11746159,-3.3999658,-0.091098174,-1.2115178,2.0550835,13
0.46082985,0.7999449,-0.9418788,0.9713472,-0.17516343,-1.344315,-1.2494068,0.8250931,-0.034891263,-1.8550689,-0.47232398,-0.93866193,-1.7339994,0.23489773,0.7368097,1.666871,84
3.6109471,1.7829304,-2.5381417,1.7494198,-1.2686645,-1.3539848,-1.5159774,-1.576755,1.3636212,-6.202216,-1.1177442,0.31375355,-4.2182245,0.093874276,-1.0932351,2.1111403,104
3.120902,1.8900663,-2.5167334,1.8252546,-1.3100625,-1.3076618,-1.7228684,-2.0724971,1.1439978,-5.3915563,-0.7537825,-0.20456724,-3.294688,-0.17741972,-1.3654661,2.03598,104
0.39998633,0.938076,-0.80842996,0.65463185,-0.30373853,-1.09749,-1.5007901,0.44278824,-0.06919329,-1.6813002,-0.2681434,-0.9240513,-1.5307912,0.12160313,0.40000188,1.360101,84
0.33946598,0.873031,-0.8476571,0.59715694,-0.29024833,-1.1625673,-1.4006748,0.55020523,-0.1114379,-1.6230271,-0.32854494,-0.9563803,-1.5747752,0.21294916,0.57586575,1.4063927,84
3.6223257,1.4178755,-3.0696185,2.3304706,-1.0383207,-1.1100727,-1.9771223,-1.6099874,0.6594906,-7.096002,-1.0149398,1.0161768,-4.4467335,0.26103002,-1.1771617,1.8503376,104
4.2188497,1.6746669,-3.8598151,2.5684714,-1.3135087,-1.1543295,-2.6765785,-1.8597953,0.44106984,-8.661875,-1.3934759,1.3402481,-5.4795604,0.16103816,-1.6775084,2.1163504,104
3.7786264,1.2301328,-2.528156,1.6378163,-0.912794,-1.2927816,-1.6602318,-1.5401616,0.8281346,-5.9039116,-1.2613465,0.6180743,-4.562631,0.15341203,-1.185066,2.0803022,104
3.8903732,1.6269395,-2.6238472,1.8897814,-1.115091,-1.4124484,-1.6582463,-1.5494697,1.2323036,-6.3607154,-1.2301095,0.49987763,-4.601486,-0.04333532,-1.043394,2.2349072,104
3.0164952,1.4015583,-2.4422538,2.0211864,-1.0151037,-0.93200433,-1.8090525,-1.6517252,0.6370108,-5.8247957,-0.74602044,0.5699922,-3.4756944,0.24151391,-1.2742491,1.647593,104
3.1033444,1.1515241,-1.9014153,1.8906325,-0.92300844,-0.9210762,-1.5977743,-1.5297544,0.5226976,-4.641779,-0.8544389,0.24475501,-3.339826,-0.012622483,-1.1635344,1.8793335,104
3.383469,1.8060184,-2.5640044,2.001492,-1.249288,-1.3079191,-1.8344178,-2.0185523,1.0912707,-5.725644,-0.8240707,0.04307966,-3.6961517,-0.23841345,-1.2336073,2.1341426,104
4.6194415,1.7875159,-4.115541,2.3649497,-1.1844511,-1.9283522,-2.2339473,-1.9929161,1.1172329,-8.967237,-1.4266773,1.1341047,-6.08295,0.11344159,-1.1806862,2.4332302,104
0.34356886,0.87583464,-0.87438095,0.7492429,-0.2735293,-1.1815627,-1.3984463,0.37890637,-0.035712764,-1.7603008,-0.30354032,-0.905903,-1.5167983,0.13991022,0.39870834,1.4175191,84
1.15995,1.008303,-0.968189,1.4736576,-0.63633955,-0.65044975,-1.4465413,-1.5475752,0.6021459,-2.570457,-0.22131445,-0.42691147,-1.1474428,-0.21650837,-1.3307612,1.3977509,13
3.0718784,1.9247383,-2.3538413,1.4797916,-1.3473302,-1.1864191,-1.4704685,-1.852363,1.3719673,-5.2297935,-0.85161483,-0.23519129,-3.3031275,-0.066320434,-1.3422856,2.012468,13
0.3381791,0.8642598,-0.8539816,0.589165,-0.2869112,-1.158089,-1.3712296,0.5659447,-0.122762695,-1.582082,-0.31123966,-0.983643,-1.5476257,0.22854069,0.58425325,1.398774,84
3.5622687,1.664136,-2.5114927,1.5510527,-1.2026843,-1.3121307,-1.662354,-1.7025307,1.172287,-5.9293485,-1.1883352,0.26945442,-4.177745,0.14174569,-1.3471129,2.0781848,104
2.9439502,1.8401477,-2.4265711,1.8191382,-1.3125412,-1.1826288,-1.8000214,-2.1078296,1.0340263,-5.273887,-0.6969969,-0.18509887,-3.125317,-0.21524446,-1.4439535,1.9538115,13
0.32622635,1.0157696,-0.82526624,0.4512447,-0.3325567,-1.130051,-1.686213,0.18496804,-0.069950745,-1.5306585,-0.2711289,-0.95364213,-1.3939898,0.095467165,0.2054536,1.2287015,84
0.29567564,0.9603262,-0.8124012,0.40247518,-0.34393948,-1.1040593,-1.6651089,0.39315236,-0.18624048,-1.4836738,-0.27757585,-0.9738007,-1.4757074,0.1280954,0.41920584,1.2491049,84
3.5494592,0.571335,-1.8824583,1.2096567,-0.3975051,-0.9915743,-1.2060678,-0.9009812,0.49482644,-4.51478,-1.4493616,0.74606955,-4.1128097,0.6090017,-1.123857,1.8495443,104
3.6824048,0.6460749,-2.1780863,1.5880156,-0.5635492,-1.0267519,-1.492022,-0.98767924,0.39602363,-5.263692,-1.5064456,0.8439822,-4.42052,0.56861985,-1.256542,1.9630929,104
3.8289013,0.92705196,-2.4481344,1.1210073,-0.7553972,-1.1594934,-1.709305,-1.5460377,0.5337165,-5.302093,-1.5199282,0.5840969,-4.679133,0.30030522,-1.5377991,2.068137,104
3.807582,1.494804,-2.7761788,1.6896299,-1.0169168,-1.4240824,-1.9796083,-1.785812,0.94539684,-6.2849994,-1.3199525,0.53160155,-4.6317368,0.031616643,-1.42185,2.1841893,104
2.9824429,0.76652956,-1.6967256,1.1813399,-0.56198037,-0.8526721,-1.3493881,-1.2551156,0.42733532,-4.0559044,-1.1186874,0.42796147,-3.3031957,0.5072907,-1.3533628,1.6379578,104
3.1905787,0.82575184,-1.8253886,1.4466729,-0.752,-0.91401196,-1.682452,-1.5773771,0.2382501,-4.094744,-1.163553,0.2528332,-3.5178187,0.12959117,-1.4869769,1.898427,104
3.3115602,1.6374584,-2.4831872,1.7307149,-1.0927682,-1.3176807,-1.8400221,-2.001292,0.9331489,-5.342245,-0.9046589,0.03085801,-3.6197226,-0.16396753,-1.3886361,2.0452805,104
4.577545,1.8624336,-3.8244336,2.27069,-1.2334027,-1.8574115,-2.2304142,-2.1074505,1.0895325,-8.245136,-1.4495705,0.8419063,-5.6795115,0.032154754,-1.3475068,2.4331465,104
0.24099629,1.0093151,-0.8466427,0.55255866,-0.33158797,-1.0842696,-1.6690288,0.29955298,-0.13150771,-1.5233612,-0.25608212,-0.9692664,-1.3246535,0.034069978,0.25242546,1.2840348,84
1.2701243,1.1092724,-1.1493908,1.445673,-0.69285095,-0.66741735,-1.62797,-1.7381896,0.5657488,-2.7474532,-0.23212564,-0.44095784,-1.1995839,-0.24465634,-1.4931772,1.38194,13
2.9182882,1.806145,-2.3045342,1.4422818,-1.322907,-1.1625538,-1.6110294,-1.9063148,1.1859288,-5.0643096,-0.85285956,-0.23832011,-3.1887867,-0.052315507,-1.5043063,1.9367065,13
0.2825905,0.924077,-0.80827844,0.39994055,-0.3519194,-1.1102458,-1.633004,0.38528323,-0.19308631,-1.4546164,-0.2676485,-0.97994715,-1.477302,0.13928208,0.43439317,1.2464368,84
3.4896739,1.517918,-2.5534747,1.486766,-1.1235071,-1.3169605,-1.7934473,-1.7356843,0.9967735,-5.864571,-1.2417067,0.32217216,-4.2023573,0.15474962,-1.4982998,2.0477488,104
2.8217041,1.6959772,-2.2437878,1.6003019,-1.2033077,-1.1407849,-1.6556962,-1.9397366,1.0498438,-4.9236555,-0.7444426,-0.19198486,-3.026978,-0.10929747,-1.439498,1.8890349,13
0.2923342,1.038939,-0.8413342,0.346918,-0.30610174,-1.1077598,-1.7298617,0.09404456,-0.052923635,-1.5054786,-0.26907694,-0.93441296,-1.2903378,0.14939414,0.05673781,1.1362361,84
0.1822745,1.0326089,-0.8286826,0.3904686,-0.31896722,-1.0592362,-1.766079,0.17264645,-0.1469918,-1.4577619,-0.22968103,-0.9546754,-1.2355672,0.07011992,0.11407326,1.1672286,84
3.6722233,0.3337089,-2.003591,1.0102422,-0.35812905,-0.8431768,-1.5298538,-1.0234401,0.13620107,-4.5133653,-1.696221,0.8559526,-4.4968376,0.6592618,-1.4956267,1.9307389,104
3.9069085,0.4223644,-2.3060255,0.99426425,-0.47032788,-0.8869436,-1.6379201,-1.1636168,0.06709325,-4.97899,-1.8074915,0.8472855,-4.802651,0.7629774,-1.7042999,1.9727885,1
3.696987,0.646626,-2.2171764,0.9278128,-0.6532527,-0.97437304,-1.6782084,-1.4509552,0.3694682,-4.8121996,-1.6187596,0.61988634,-4.610635,0.32026398,-1.6094275,2.044485,104
3.6055286,1.2877393,-2.577174,1.5417844,-0.93895197,-1.2615004,-1.9838686,-1.7490177,0.7918869,-5.8993487,-1.323262,0.57864213,-4.483694,0.053029776,-1.4886317,2.0911324,104
3.0334098,0.5964942,-1.8176764,1.0482565,-0.5449624,-0.78527963,-1.65059,-1.3934622,0.12476047,-4.1100073,-1.334523,0.54148245,-3.539002,0.56320465,-1.7088258,1.652497,1
3.0797067,0.49592766,-1.5208275,1.1266688,-0.5799128,-0.8249526,-1.4799094,-1.3590488,0.2111394,-3.5368826,-1.303835,0.3154956,-3.5008528,0.22803363,-1.4361372,1.8459777,104
3.109487,1.6017511,-2.3464942,1.7020575,-1.1180414,-1.1584716,-1.8443103,-1.976315,0.8879394,-5.194562,-0.84020877,0.0084254,-3.4305553,-0.18535669,-1.4345043,1.9840477,104
4.343688,1.3956816,-2.9595222,1.4207276,-0.7251539,-1.6594831,-1.6456056,-1.4092131,1.0612115,-6.3912163,-1.5808402,0.63093024,-5.19043,0.2735637,-1.2488503,2.2891488,104
0.22055058,1.0205253,-0.88074625,0.35975975,-0.3026867,-1.0948008,-1.7412179,0.10734317,-0.11730246,-1.4973853,-0.22799349,-0.93743986,-1.2607526,0.121329576,0.10254641,1.1300024,84
1.2996545,1.2221026,-1.3790709,1.5893892,-0.76927364,-0.6577174,-1.7942836,-1.8483232,0.59230226,-3.233152,-0.18589202,-0.3555658,-1.3023244,-0.26947686,-1.5446196,1.3802457,13
2.8148563,1.775569,-2.325262,1.4935882,-1.322458,-1.0706611,-1.7228935,-1.9438937,1.0922563,-5.1813965,-0.7889293,-0.17469679,-3.13571,-0.07118617,-1.5684047,1.864995,13
0.15184848,1.0250663,-0.82080215,0.4012053,-0.34072083,-1.0416535,-1.7412915,0.1724346,-0.15223144,-1.4197581,-0.20711958,-0.9771606,-1.201583,0.0555702,0.12038067,1.1694648,84
3.24409,1.5676507,-2.5514295,1.7454733,-1.2758548,-1.1169001,-1.950094,-1.8267928,0.98648953,-6.2025657,-1.0651562,0.38851362,-4.0743513,0.0072510242,-1.485985,2.0018508,104
2.7419455,1.5772477,-2.1071856,1.5746907,-1.1668782,-1.0111141,-1.5390224,-1.7659111,1.0065796,-4.7254086,-0.7679182,-0.15659773,-2.9693897,-0.08593857,-1.3859255,1.8867022,13
0.25714153,1.0801998,-0.82836276,0.326357,-0.29578102,-1.0461977,-1.6849482,0.13741654,-0.011159331,-1.5470408,-0.25718737,-0.90927964,-1.2537305,0.18786535,0.021971628,1.1138966,84
0.1645978,1.0761317,-0.84693706,0.33608127,-0.29697144,-1.0185974,-1.7792537,0.11957761,-0.108055994,-1.5031272,-0.20146029,-0.9272414,-1.1774501,0.092027575,0.026879385,1.1106204,84
3.468443,0.20369656,-1.8546317,1.1578728,-0.42147765,-0.7035151,-1.6288984,-1.1153122,0.07267979,-4.5004015,-1.6843174,0.93536556,-4.3750067,0.5587839,-1.4941683,1.9021839,1
3.7657695,0.29922077,-2.1730766,0.9944384,-0.5240729,-0.7813974,-1.7557712,-1.2415903,-0.07307808,-4.8412347,-1.8759284,0.8462627,-4.751662,0.74116206,-1.8423972,1.9870071,1
3.5016708,0.60021603,-2.0982902,1.0474325,-0.6765841,-0.8688947,-1.657933,-1.437508,0.41383862,-4.9007773,-1.5145595,0.7019599,-4.467177,0.36086872,-1.5168245,1.9540613,104
3.3918502,1.3454969,-2.5623677,1.8162776,-1.0663882,-1.1124479,-2.0653415,-1.8387564,0.82174224,-6.3061204,-1.1539037,0.6850411,-4.3643446,0.031295948,-1.4294441,2.0194252,104
2.9611316,0.54162955,-1.781487,1.1881684,-0.5990096,-0.69948393,-1.7807121,-1.4105204,0.1064199,-4.358141,-1.355552,0.65909004,-3.6077595,0.49816316,-1.7183871,1.6485584,1
2.8681378,0.2618592,-1.2315079,1.0611695,-0.45076153,-0.6720285,-1.2994702,-1.1417316,0.20778765,-3.1554315,-1.3142903,0.43794882,-3.3067362,0.29987523,-1.2748437,1.7352959,104
3.048565,1.4652635,-2.2373166,1.6701657,-1.0494059,-1.0434138,-1.7395768,-1.793839,0.8176372,-5.0058026,-0.85853374,0.061404243,-3.3821435,-0.121984735,-1.3826969,1.9610054,104
4.161706,1.4048897,-3.0447116,1.4716704,-0.7668854,-1.6208931,-1.95276,-1.6502701,0.85810226,-6.3869233,-1.5304798,0.5683096,-5.083344,0.18711364,-1.4961538,2.3427215,104
0.19190611,1.0655533,-0.8596401,0.36085105,-0.30593735,-1.0095993,-1.7132571,0.1225335,-0.09786461,-1.4987155,-0.20929144,-0.9224457,-1.1799289,0.11833294,0.03312081,1.1097449,84
1.3684081,1.3418852,-1.531347,1.7285653,-0.79131913,-0.6457984,-1.8166316,-1.8247498,0.6027645,-3.4968047,-0.13038471,-0.32801527,-1.3327277,-0.26101342,-1.519803,1.3905711,13
2.6468766,1.6421484,-2.13149,1.4353307,-1.2662622,-0.95354074,-1.6134932,-1.7784756,1.0899966,-4.9732137,-0.78198886,-0.12760219,-3.0151331,-0.03189541,-1.5080924,1.8071117,13
0.11321686,1.0616213,-0.8454433,0.3346702,-0.3079744,-1.0006231,-1.7762766,0.100173116,-0.11731158,-1.4725204,-0.1750141,-0.93651605,-1.1296871,0.080957234,0.008376211,1.0964048,84
3.200329,1.5188323,-2.4055667,1.5877053,-1.2055618,-0.9908402,-1.7742107,-1.6594268,1.0599738,-5.956694,-1.0730451,0.37299842,-3.9823303,0.088495344,-1.4250331,1.9545734,104
2.6781662,1.490222,-2.070813,1.6790792,-1.1233153,-0.9258025,-1.5497096,-1.7196418,0.9515921,-4.7498183,-0.74371946,-0.05231926,-2.9401248,-0.0951515,-1.3244174,1.8674784,13
0.2640822,1.0732176,-0.867932,0.31089664,-0.24647972,-1.0229063,-1.7007306,0.12377156,-0.07781844,-1.5340922,-0.27381772,-0.85854083,-1.2340754,0.21648002,-0.029748619,1.0928856,84
0.15039398,1.1041903,-0.82373303,0.30661047,-0.2881592,-0.9708536,-1.7546785,0.1434268,-0.103350624,-1.4870632,-0.21063352,-0.89976966,-1.1472086,0.11762431,0.005251512,1.0915992,84
3.4412134,0.2634805,-1.817634,1.490242,-0.4716592,-0.5965281,-1.5869715,-1.0523809,0.19915289,-4.802978,-1.5891966,1.117416,-4.3042536,0.51612103,-1.2362301,1.8632586,18
3.69033,0.32602805,-2.0447545,1.1658733,-0.5184345,-0.69124967,-1.7183075,-1.1301955,0.021015555,-4.907122,-1.8005458,0.9302337,-4.6455584,0.6835442,-1.666951,1.9469554,1
3.5325558,0.79456496,-2.2769377,1.3162377,-0.75574434,-0.81459284,-1.7571814,-1.5336462,0.46342504,-5.3329535,-1.4047186,0.7592,-4.4330873,0.31336668,-1.4686425,1.9632069,104
3.4284365,1.405219,-2.5963233,1.8600656,-1.0229812,-1.016526,-2.0114467,-1.7732353,0.8383309,-6.2648163,-1.1137526,0.67405313,-4.2861695,0.03351166,-1.3774638,2.0461195,104
2.9738042,0.67281246,-1.8432782,1.570354,-0.7028214,-0.61998606,-1.8287108,-1.4261657,0.22632563,-4.870467,-1.2367855,0.82324445,-3.631706,0.4376958,-1.5170641,1.6435186,1
2.9264956,0.3475269,-1.4123653,1.4567798,-0.5249318,-0.6529748,-1.4340286,-1.2732828,0.14652696,-3.6176722,-1.2546501,0.5783946,-3.330992,0.29836443,-1.2212422,1.7696891,104
3.0690355,1.3739758,-2.2644603,1.7695028,-0.9811275,-0.9652233,-1.7419136,-1.7207575,0.7245808,-5.0473833,-0.86688125,0.17112689,-3.4195986,-0.12755063,-1.3273146,1.9719118,104
3.9128113,1.3546529,-3.0629058,1.6643628,-0.7971811,-1.327125,-2.2334225,-1.8690039,0.67178553,-6.6298428,-1.3197559,0.7023624,-4.936851,0.056703463,-1.5683484,2.2214608,104
0.15721898,1.0653689,-0.8609166,0.3316481,-0.26235187,-0.9965904,-1.7228274,0.14466731,-0.097125635,-1.5201253,-0.24264906,-0.86656654,-1.1690788,0.16030419,-0.012001924,1.0908805,84
1.4595013,1.4321841,-1.6713117,1.970316,-0.80481255,-0.63279325,-1.8823113,-1.8032407,0.5406757,-3.7505615,-0.09945649,-0.27519056,-1.3689342,-0.2978695,-1.4781637,1.4506601,13
2.567853,1.590502,-2.0619643,1.4228063,-1.2264072,-0.8722397,-1.5526378,-1.7071389,1.0787866,-4.867133,-0.78442824,-0.097919814,-2.9345322,-0.009674661,-1.4833663,1.7894535,13
0.100434855,1.083043,-0.81977963,0.30763352,-0.29931128,-0.9517902,-1.7483356,0.11386271,-0.11148174,-1.4590758,-0.17831153,-0.90784454,-1.0981959,0.0994288,-0.012252413,1.0711663,81
3.2559457,1.5184002,-2.5379193,1.6269835,-1.1043657,-1.042272,-1.8144596,-1.7579957,1.0021986,-5.8910384,-1.0889983,0.34862274,-3.9197736,0.098782524,-1.4637988,1.9853536,104
2.7744017,1.4524853,-2.2081301,1.866191,-1.0725046,-0.9624144,-1.6009254,-1.7646078,0.91342586,-4.979212,-0.72817993,0.043486163,-3.04358,-0.09774569,-1.2498734,1.9053519,13
0.27323902,1.0444115,-0.9128706,0.32175004,-0.17972174,-1.0370811,-1.7211027,0.16401547,-0.13437973,-1.5329257,-0.3035354,-0.8079097,-1.2357404,0.23182708,-0.0015909374,1.099082,84
0.15283202,1.0979774,-0.8833059,0.2934935,-0.2351107,-0.9722107,-1.7745137,0.14867592,-0.13919677,-1.5344722,-0.24595669,-0.84924746,-1.1511167,0.15228859,-0.04564005,1.0778325,81
3.764909,0.4692427,-2.201608,1.9376537,-0.5026305,-0.67889774,-1.7755973,-1.2567115,0.14634998,-5.327156,-1.5688869,1.1699014,-4.4563146,0.45368826,-1.2008932,2.0228167,104
3.7683017,0.6363111,-2.2879467,1.726453,-0.6302159,-0.6903338,-1.8972924,-1.2588956,0.111241065,-5.4512153,-1.632276,0.9822011,-4.50901,0.60211986,-1.5515742,1.986876,104
3.7299356,0.93848497,-2.605641,1.5545523,-0.7209041,-0.90221477,-1.8725705,-1.6822845,0.45401704,-5.661381,-1.3704988,0.7748724,-4.4805927,0.28150082,-1.4556985,2.0458288,104
3.666317,1.4884198,-2.9229476,2.0032668,-0.9125923,-1.1260973,-2.1024916,-1.8280847,0.8263668,-6.564993,-1.1541419,0.7370048,-4.4250774,0.031171657,-1.3631835,2.134626,104
3.1604526,0.8601868,-2.0947492,2.0227113,-0.73040235,-0.68906754,-1.9622817,-1.5682801,0.18213491,-5.160626,-1.1781874,0.822273,-3.5586386,0.405495,-1.472698,1.7413201,1
3.1296036,0.49633014,-1.7776666,1.8433374,-0.6011405,-0.7489027,-1.6040637,-1.4953854,0.14526069,-4.293049,-1.2260177,0.69061357,-3.516906,0.2728424,-1.1913164,1.8680747,104
3.1510172,1.3626468,-2.4462433,1.9815091,-0.93586016,-1.0042456,-1.8382456,-1.7945601,0.7003499,-5.4091125,-0.836992,0.29326516,-3.5451033,-0.13120696,-1.2672503,2.000323,104
3.8789234,1.4146945,-3.0679283,1.959087,-0.8124112,-1.1530242,-2.2090442,-1.7648498,0.7658929,-6.9682293,-1.2085984,0.90303373,-4.852524,0.025956072,-1.3566833,2.1604698,104
0.15525027,1.0268422,-0.9159017,0.2902484,-0.18358286,-1.0124123,-1.7522163,0.17452836,-0.1651385,-1.5430515,-0.27269107,-0.8006196,-1.1844501,0.20805559,0.00060738623,1.0515997,84
1.625192,1.4661885,-1.9139968,2.2067323,-0.7629101,-0.7004007,-1.9484589,-1.817374,0.46577728,-4.106621,-0.10606909,-0.18883356,-1.5197897,-0.28803146,-1.4430926,1.5287063,13
2.5829053,1.5647805,-2.1635962,1.5406002,-1.163814,-0.8984097,-1.5931046,-1.7661422,1.0563127,-5.028391,-0.7544518,-0.025261596,-2.9485664,0.003885284,-1.4434667,1.7779925,13
0.09259258,1.0921816,-0.8634069,0.3029241,-0.25992647,-0.9310321,-1.7588761,0.11964098,-0.13039918,-1.511069,-0.2073752,-0.8597055,-1.0863764,0.12477872,-0.0760472,1.0613678,81
3.4710257,1.5874947,-2.780171,1.6552602,-1.0434129,-1.1303393,-1.7956874,-1.7835789,1.1074287,-6.1012826,-1.1276278,0.33001465,-4.1170855,0.100360274,-1.4054604,2.1109989,104
2.7854488,1.4601992,-2.2709816,2.1408825,-1.0981402,-0.9390343,-1.5885949,-1.7989979,0.91617686,-5.1883197,-0.67199576,0.09636252,-3.042761,-0.149854,-1.1149248,1.9720813,13
0.311117,1.0487527,-0.946679,0.37891406,-0.12755038,-1.0793482,-1.7048216,0.28889894,-0.12603824,-1.6078906,-0.36148,-0.80073136,-1.2870324,0.2317999,0.094326526,1.1851603,84
0.19715188,1.109237,-0.91921574,0.32292873,-0.19842301,-0.97813636,-1.7561452,0.19892281,-0.16394858,-1.5313131,-0.27982423,-0.854436,-1.1405773,0.14456584,-0.009601094,1.1283928,84
4.1727424,0.5446106,-2.6273232,2.1056967,-0.40207773,-0.8040781,-1.8279128,-1.3322089,0.18047342,-5.6951404,-1.6331911,1.195188,-4.7773404,0.4872663,-1.1394284,2.196609,104
4.1500487,0.77244526,-2.6967165,1.9004375,-0.563439,-0.7958522,-1.9651456,-1.3423799,0.15998664,-5.792033,-1.6684449,0.9480251,-4.736011,0.64197236,-1.5310416,2.1410582,104
4.0293856,1.002068,-2.9944637,1.6950196,-0.58253,-1.0667053,-1.9040012,-1.754386,0.47660124,-5.966069,-1.3957937,0.79955274,-4.6811614,0.27012408,-1.3761747,2.1618361,104
3.9669657,1.5558265,-3.2921405,2.1602526,-0.7880746,-1.2691506,-2.1350176,-1.830713,0.86036986,-6.8990655,-1.2106059,0.7825705,-4.664197,0.01615917,-1.2820172,2.2910435,104
3.527638,0.9785201,-2.5245013,2.2068195,-0.6554148,-0.8334974,-2.008287,-1.6561188,0.22282162,-5.5267696,-1.1982129,0.79072237,-3.7853992,0.45544934,-1.4360456,1.8781146,104
3.3514147,0.70276797,-2.1579149,2.224585,-0.67711294,-0.8102468,-1.7006238,-1.6550063,0.20867805,-4.9352527,-1.133937,0.7152202,-3.6811142,0.2278378,-1.0944564,2.0066328,104
3.2918558,1.4158618,-2.6335766,2.2788496,-0.9410063,-1.0316998,-1.8513758,-1.8421845,0.71996355,-5.7569985,-0.7902804,0.36389446,-3.6586273,-0.17607316,-1.123658,2.0946903,104
4.1141605,1.5098082,-3.3502977,2.0886445,-0.7150066,-1.2181625,-2.2548764,-1.8115395,0.7204803,-7.086183,-1.2486355,0.8809725,-4.8987656,0.015090302,-1.3564289,2.26939,104
0.20305873,1.0399803,-0.9617597,0.3622387,-0.14389674,-1.0248984,-1.7378743,0.25809342,-0.19244011,-1.5701561,-0.31315085,-0.8062936,-1.1966347,0.18385208,0.055364385,1.1442487,84
1.7909511,1.5690216,-2.090933,2.4812002,-0.7833525,-0.70532095,-1.9252288,-1.7562419,0.46763438,-4.4275217,-0.08306661,-0.18524744,-1.6243361,-0.3093921,-1.3348105,1.6668041,13
2.696506,1.6185713,-2.3097692,1.7738782,-1.1519899,-0.93630534,-1.64745,-1.8406501,1.0675423,-5.2816625,-0.7139815,0.011898905,-3.0093262,-0.039236702,-1.3610961,1.847587,13
0.13404574,1.1001583,-0.91526175,0.31057495,-0.21759751,-0.9457696,-1.7564001,0.14195712,-0.15674426,-1.5212212,-0.24358131,-0.8542292,-1.0810472,0.13137451,-0.06935097,1.0928116,81
3.6649895,1.562277,-2.8604338,1.7751173,-0.9893031,-1.1873935,-1.697536,-1.684304,1.2740438,-6.283833,-1.2563194,0.372949,-4.3343406,0.09792702,-1.2211058,2.281136,104
2.8119824,1.5201466,-2.40602,2.370798,-1.1672854,-0.9842032,-1.5855052,-1.8351297,1.0562359,-5.617525,-0.70892215,0.14623915,-3.1331654,-0.14822759,-1.0198116,2.0541353,13
0.3525344,1.035772,-0.9132943,0.5163919,-0.109288014,-1.1535661,-1.5801306,0.46235865,-0.03350933,-1.6974409,-0.49049824,-0.84708893,-1.3621899,0.22357064,0.26377586,1.375093,84
0.22350784,1.1233817,-0.90512645,0.40023744,-0.19519925,-1.0342282,-1.6989574,0.31922573,-0.054223195,-1.6567817,-0.3962413,-0.88713497,-1.2009658,0.14067231,0.084778294,1.2636871,84
4.412392,0.5149998,-2.833212,2.251102,-0.28364182,-0.88194585,-1.6835577,-1.21884,0.34719628,-5.95448,-1.6589708,1.2460023,-5.037582,0.5653534,-0.88125527,2.3370268,104
4.5469885,0.7155373,-2.9545755,2.0981264,-0.38682404,-0.96375775,-1.8357942,-1.2120355,0.27299225,-6.0402775,-1.7691065,1.0377352,-5.0788884,0.71169984,-1.2728112,2.314729,104
4.1271377,1.1698718,-3.141444,1.9565824,-0.6511193,-1.0977808,-1.8319919,-1.7026023,0.7263293,-6.3672833,-1.3857847,0.7745487,-4.766915,0.19816458,-1.1667795,2.313287,104
4.074995,1.6627527,-3.4483242,2.3806171,-0.7890538,-1.2939851,-2.0794146,-1.7531537,1.0571356,-7.2392216,-1.2448726,0.7887236,-4.7935977,-0.042305943,-1.1140571,2.4731872,104
3.7555535,0.9889599,-2.614122,2.4725194,-0.60783327,-0.9171911,-1.7849839,-1.4491755,0.44555175,-5.7425036,-1.221298,0.772922,-3.9696057,0.47771055,-1.0992086,2.0666828,104
3.4975977,0.81540626,-2.3441293,2.4903946,-0.6969757,-0.9123035,-1.6437666,-1.6576394,0.37308556,-5.303331,-1.1505754,0.6773061,-3.7776158,0.2013115,-0.932373,2.1571548,104
3.3499522,1.4957758,-2.7655616,2.5056014,-0.9926059,-1.0791984,-1.8180945,-1.8474519,0.88420457,-6.146575,-0.8216234,0.41062355,-3.7520134,-0.18506752,-0.9956563,2.189715,104
4.4652762,1.7228818,-3.7489064,2.409006,-0.72034144,-1.3751634,-2.2785442,-1.7920882,0.8799083,-7.6477184,-1.3120471,0.8998654,-5.1825166,-0.06814598,-1.2107396,2.5250072,104
0.23255353,1.0468441,-0.93111515,0.45614445,-0.13796863,-1.1095529,-1.6523092,0.4106372,-0.04714398,-1.7148738,-0.45739868,-0.8470097,-1.2899636,0.18278363,0.1870014,1.315334,84
1.9316846,1.6337118,-2.2007694,2.7374802,-0.8255265,-0.77554554,-1.8724184,-1.6730243,0.5706019,-4.757743,-0.16682334,-0.19981536,-1.7668375,-0.29610628,-1.2192919,1.845194,13
2.707329,1.6481864,-2.3248997,2.0526147,-1.1980876,-0.95986104,-1.616513,-1.8617423,1.1647271,-5.525255,-0.7295004,0.021581754,-3.0069082,-0.07480027,-1.2152598,1.954188,13
0.14407043,1.1223404,-0.89875424,0.3638069,-0.22070685,-0.9897333,-1.7121627,0.2478445,-0.055649534,-1.631599,-0.3515774,-0.8919088,-1.1183661,0.124817565,0.0087081045,1.2112917,84
3.6803885,1.6135294,-2.7972915,1.8859676,-1.1253306,-1.1772299,-1.6131086,-1.6021096,1.5693134,-6.5032334,-1.3601556,0.36077183,-4.459547,0.069314376,-1.0841686,2.4252741,104
2.8747177,1.541152,-2.5273848,2.5704203,-1.2501687,-1.085837,-1.5310681,-1.8552008,1.2300923,-6.0261097,-0.80452067,0.18487246,-3.281305,-0.08745646,-0.9009304,2.1440146,13
0.53084636,0.9470201,-1.0025053,0.68663156,-0.021778792,-1.3340951,-1.4895186,0.55459803,0.0490468,-1.8941584,-0.68771076,-0.8031644,-1.5534569,0.3128842,0.39116585,1.5306569,84
0.3462422,1.0685705,-0.96158445,0.535151,-0.14550431,-1.1708641,-1.6043401,0.40993792,0.02984652,-1.8203487,-0.55006444,-0.87984663,-1.3449254,0.1991309,0.2007705,1.4053729,84
4.365674,0.57749444,-2.8886075,2.3949814,-0.31238228,-0.8698218,-1.5639589,-1.1017264,0.5282321,-6.1299,-1.6270356,1.1718817,-5.0066566,0.5908692,-0.7069106,2.4423015,104
4.509906,0.67369395,-2.8292782,2.17208,-0.34436852,-0.9675172,-1.6341739,-1.022146,0.5229513,-5.980821,-1.7851672,0.98074305,-5.048223,0.7200692,-1.022187,2.4042346,104
4.054735,1.3019458,-3.233814,2.1578398,-0.72954524,-1.1209863,-1.8056054,-1.7035109,0.89341164,-6.646095,-1.3456341,0.7194586,-4.6600623,0.22732046,-1.0887605,2.3415983,104
4.0036535,1.7314136,-3.4830506,2.3346338,-0.8084434,-1.3333026,-2.0011117,-1.7358166,1.3358914,-7.41772,-1.307117,0.7338864,-4.781291,0.0075255856,-1.0721413,2.4987547,104
3.8630934,0.92226803,-2.6197917,2.627833,-0.6111436,-0.8888816,-1.5877898,-1.244547,0.6281414,-5.891534,-1.2770579,0.76767987,-4.161442,0.50751877,-0.825418,2.2460873,104
3.6364381,0.9548206,-2.5424376,2.8209062,-0.7542075,-1.0510728,-1.5331414,-1.5613129,0.584243,-5.748293,-1.1675278,0.6387237,-3.8948624,0.22647133,-0.7208213,2.3316593,104
3.384377,1.5795888,-2.858421,2.6766143,-1.0829542,-1.171566,-1.7165058,-1.81698,1.159885,-6.5625105,-0.91629356,0.40167397,-3.8661993,-0.14222047,-0.85458994,2.304121,104
4.63424,1.7011912,-4.009937,2.3846183,-0.5476427,-1.494895,-2.2541797,-1.7790138,0.96487725,-7.822941,-1.3757204,0.9338205,-5.3657227,-0.057213202,-1.1323953,2.596656,104
0.379525,0.95992213,-0.9897573,0.5989873,-0.06287017,-1.2870419,-1.5477931,0.49090284,0.027023852,-1.866574,-0.64641184,-0.8310629,-1.4458712,0.26230332,0.3183423,1.4655764,84
2.1467345,1.5451949,-2.3383033,2.9518466,-0.7743721,-0.91494715,-1.7643113,-1.5622045,0.6278306,-5.016269,-0.31739855,-0.11982116,-1.9946104,-0.16520481,-1.058383,1.9645703,13
2.814459,1.6750115,-2.4905896,2.3066845,-1.2477449,-1.0332291,-1.6237733,-1.8654941,1.2741514,-5.935205,-0.7891563,0.10055773,-3.1684594,-0.05100079,-1.1018026,2.0449548,13
0.2544182,1.0881256,-0.9476059,0.47401828,-0.18930535,-1.105287,-1.6365108,0.31776637,0.022286996,-1.781427,-0.490021,-0.89331704,-1.2440675,0.17250103,0.10649611,1.3379847,84
3.823907,1.367576,-2.3347518,1.8605629,-1.1209173,-1.3745888,-0.94860435,-1.3939937,1.961907,-6.153166,-1.5623634,0.46237773,-4.6731753,-0.002085723,-0.47666073,2.6162133,104
3.2197676,1.5005239,-2.147003,2.11275,-1.2464888,-1.1850685,-0.8873719,-1.6091328,1.6800709,-5.526609,-1.038919,0.1261081,-3.575199,-0.15934794,-0.47752884,2.3004282,13
0.8063266,0.86856586,-1.1654608,1.0097531,0.12571913,-1.4931109,-1.3318722,0.7978794,0.10024886,-2.1433167,-0.8529912,-0.72631335,-1.8010799,0.39396596,0.54406977,1.7756073,84
0.5737617,0.99639606,-1.0797411,0.780424,-0.039170757,-1.3280716,-1.491528,0.5722901,0.062366813,-1.9904594,-0.7100674,-0.8292765,-1.5463507,0.27601525,0.3409779,1.5896735,84
4.339345,0.5690224,-3.0975857,2.538351,-0.23759033,-0.87031615,-1.5524838,-1.0166816,0.4517568,-6.212104,-1.6154561,1.1147647,-4.9847455,0.6503984,-0.6419488,2.575194,104
4.5588517,0.55451053,-2.897914,2.37814,-0.2790749,-0.98518354,-1.5021739,-0.8872745,0.56812435,-6.0591397,-1.7939701,1.0132393,-5.1379952,0.7664891,-0.79573244,2.5311332,104
4.0501275,1.3711591,-3.4054484,2.4996119,-0.7573588,-1.1344037,-1.8038969,-1.6823015,0.81552666,-6.834629,-1.2770823,0.69890237,-4.5170865,0.32805893,-1.0217621,2.3656514,104
3.9070973,1.7617776,-3.542005,2.523858,-0.8390902,-1.3288257,-1.9330633,-1.7354856,1.3333964,-7.4266934,-1.2564867,0.64553493,-4.56074,0.08157435,-1.0172068,2.500843,104
3.9409556,0.6778469,-2.7033167,2.5968385,-0.46265575,-0.830044,-1.4936745,-1.0638022,0.5462197,-5.755282,-1.3927494,0.8296722,-4.3658767,0.6170579,-0.7158051,2.3812084,104
4.08184,0.5752447,-2.2692447,2.3849478,-0.5879152,-1.3273845,-0.8138404,-1.3103708,0.86860466,-5.3041015,-1.5477022,0.7316887,-4.507372,0.3321008,-0.2339347,2.5649664,104
3.4802353,1.6313921,-3.0452826,2.92311,-1.1533637,-1.2082338,-1.6302555,-1.710236,1.2730923,-6.9532385,-0.9600385,0.4446441,-4.0175467,-0.058109,-0.71542495,2.4181519,104
4.536273,1.6899593,-3.913781,2.2650151,-0.5409454,-1.4895095,-2.0773213,-1.7181731,1.259315,-7.808747,-1.4382929,0.86261034,-5.3585362,-0.045765568,-1.0040817,2.6433666,104
0.67728907,0.90636945,-1.126982,0.89270496,0.0517499,-1.4198672,-1.4027181,0.69188,0.074008405,-2.0535407,-0.80086416,-0.7739624,-1.671872,0.34638044,0.45250964,1.6844666,84
2.4949741,1.5159883,-2.0167613,2.8004375,-0.886822,-0.94178087,-1.3118854,-1.574649,0.93564653,-4.6087837,-0.43921977,-0.14535743,-2.1717181,-0.23228955,-0.6745269,2.103714,13
3.0581715,1.5967746,-2.0724452,2.0535302,-1.2420068,-1.15005,-1.0080976,-1.6519656,1.7422693,-5.4931307,-0.98473155,0.032541946,-3.3463905,-0.13104206,-0.61516374,2.220298,13
0.45746273,1.0351096,-1.0611483,0.6774348,-0.102219805,-1.2608812,-1.5501573,0.4465388,0.06104894,-1.9468266,-0.6397514,-0.8536398,-1.4293278,0.24194583,0.23145509,1.4989642,84
4.120913,1.7817696,-2.8626497,2.2489743,-1.3407214,-1.4494666,-1.0883147,-1.5479195,2.0356812,-7.09819,-1.4085699,0.45796233,-4.9786954,-0.11260165,-0.36471927,2.8170023,104
3.3835888,1.6642424,-2.2969291,2.1925783,-1.3958344,-1.144841,-0.7901261,-1.5461776,1.7545075,-5.9484644,-1.0278337,0.17696933,-3.8519723,-0.18976638,-0.31855297,2.4561021,13
0.9824725,0.6907288,-1.25808,1.3473895,0.24650511,-1.5788963,-1.1306384,1.0281361,0.050819606,-2.250969,-0.97571266,-0.61088526,-1.9287297,0.4607913,0.7238556,1.9403468,40
0.8143344,0.88785833,-1.1957569,1.1375089,0.09636623,-1.4744747,-1.2642183,0.8316596,0.093023,-2.1741216,-0.8656695,-0.7631134,-1.7580544,0.36597002,0.52756417,1.8453162,84
4.031081,0.54554015,-2.8996148,2.3396697,-0.40528798,-0.9822006,-1.0835085,-1.408516,0.3530484,-5.816642,-1.3053713,1.0073842,-4.6280565,0.7485663,-0.40063274,2.4577334,104
4.1682186,0.24468017,-2.7670426,2.1522799,-0.10489446,-0.86194384,-1.3911166,-0.86059403,0.36273852,-5.424634,-1.7229376,0.99163055,-4.819886,0.9003823,-0.75577503,2.4288108,104
4.337183,1.3931065,-3.3396394,2.506441,-0.90521026,-1.4912584,-1.100739,-1.6900338,1.0070413,-6.7921453,-1.3292363,0.5981288,-4.7677517,0.37518457,-0.49962866,2.6343238,104
4.466411,1.5847765,-3.326253,2.2794824,-0.8592415,-1.729596,-1.0256774,-1.500397,1.5849671,-7.058676,-1.553274,0.58246803,-5.13052,0.15496625,-0.40986887,2.859732,104
3.8160455,0.6441223,-2.6129868,2.515006,-0.5897551,-1.0511421,-0.9860276,-1.3838904,0.60997576,-5.636936,-1.1725881,0.72138697,-4.2959957,0.6696505,-0.34016663,2.4487832,104
4.324245,0.99590826,-2.8496623,2.6476111,-0.7548815,-1.3234977,-0.9059764,-1.3255658,0.895534,-6.1508923,-1.4063109,0.6867566,-4.7605147,0.26981953,-0.2078005,2.7642848,104
4.0307946,1.5069692,-2.712214,2.2865582,-1.1867023,-1.5054433,-0.8041936,-1.4673789,1.7967992,-6.5810266,-1.3944545,0.40385878,-4.7721505,-0.092972755,-0.22260725,2.7868972,104
4.290932,1.6908514,-3.7762046,2.320754,-0.62377954,-1.3867818,-1.9372525,-1.6507807,1.3357545,-7.614253,-1.3869262,0.7766904,-5.057942,-0.0011273623,-0.9507336,2.6131382,104
0.8867368,0.76146126,-1.2494751,1.2562134,0.19481248,-1.5374714,-1.1875644,0.93814963,0.060309216,-2.2404416,-0.9331851,-0.6705413,-1.8435996,0.42276853,0.62927115,1.899719,84
2.816176,1.7600963,-2.3146443,3.0099225,-1.0796552,-0.892171,-1.306113,-1.6170213,0.9901691,-5.251319,-0.39008728,-0.07256555,-2.4795046,-0.27001178,-0.51378214,2.235993,13
3.29152,1.7933583,-2.33297,2.319212,-1.3989811,-1.1664975,-0.9971454,-1.6471144,1.792915,-6.108179,-0.92810833,0.11993076,-3.6592937,-0.2014893,-0.42594537,2.3827574,13
0.6905082,0.9486393,-1.1645122,1.0133429,0.017590284,-1.4006042,-1.3594129,0.6732815,0.08634871,-2.1100516,-0.79111683,-0.7935224,-1.6279597,0.32090724,0.40386462,1.7433617,84
4.182501,2.0173519,-3.183969,2.5647712,-1.5211663,-1.3946426,-1.2472568,-1.6196507,1.9800472,-7.7813406,-1.2208279,0.44978964,-5.192934,-0.2521161,-0.28918558,2.9580407,104
3.391266,1.8993157,-2.576833,2.3415642,-1.5587677,-1.0640337,-0.91863626,-1.6666933,1.6277567,-6.36926,-0.8362823,0.13777743,-3.879437,-0.269947,-0.34292388,2.4797256,13
0.92852753,0.66994953,-1.0822179,1.3111353,-0.048922084,-1.4104116,-0.8823893,0.75637054,0.22060849,-2.178086,-0.75748086,-0.7140098,-1.8739953,0.39226243,0.9288073,1.9572718,40
0.9575191,0.7669493,-1.1653734,1.34836,-0.042891845,-1.4306122,-1.0309625,0.73420143,0.2511091,-2.3660638,-0.78232616,-0.6517152,-1.9470831,0.35493928,0.78433025,1.9291241,40
3.9589367,0.97852373,-3.6523366,3.1296515,-0.8768821,-0.9073326,-1.8044796,-1.9280839,0.21470928,-7.5494833,-0.95853865,1.315518,-4.9750357,0.4341625,-0.46194735,2.5853536,104
3.797765,0.09918859,-2.6350946,1.8942698,-0.27405512,-0.9620996,-0.93432915,-1.2948676,0.21372975,-5.174341,-1.3538772,0.9554757,-4.6826086,0.95620733,-0.44600317,2.3482726,104
4.1335645,1.9417523,-3.9881058,2.7177382,-1.2673491,-1.3010339,-1.6642439,-2.1099317,0.79323065,-7.773009,-0.9169357,0.6230269,-4.648667,0.157394,-0.79420644,2.5092328,104
4.248216,1.9306425,-3.5768757,2.293034,-1.2094594,-1.516642,-1.26932,-1.8175097,1.4170246,-7.432859,-1.1979866,0.56571597,-4.936085,0.03139949,-0.5211551,2.7037828,104
3.6669211,1.0224049,-3.2187884,3.063846,-0.94307876,-1.0149573,-1.5756438,-1.7969683,0.49181038,-6.9456744,-0.8746196,0.87529993,-4.458471,0.41040638,-0.4719454,2.5187113,104
4.2053084,1.6197784,-3.5170424,3.0666971,-1.2690887,-1.0004467,-1.5119934,-1.7578942,0.6903992,-7.428501,-1.04123,0.78858584,-4.7840986,-0.057181437,-0.4623386,2.7506666,104
4.081662,1.9291666,-3.306458,2.619904,-1.4628766,-1.415953,-1.1116796,-1.6260294,1.7509403,-7.6370816,-1.1945575,0.4555794,-4.9583793,-0.2208482,-0.30962008,2.858666,104
4.1653314,1.6813153,-3.9500134,2.6537447,-0.61508346,-1.4108224,-1.8539839,-1.572869,1.1625211,-7.619239,-1.2879064,0.67657775,-4.7742705,0.15857469,-0.9105878,2.6380725,104
0.9001803,0.66085476,-1.1853971,1.3230358,0.04772973,-1.4635942,-1.1072587,0.8448076,0.16137773,-2.3412852,-0.8207081,-0.5762541,-1.9701484,0.39428887,0.8676824,1.8943198,40
2.8249059,1.9441808,-2.5955377,3.1430464,-1.1917069,-0.7177067,-1.5939758,-1.6978263,0.8346525,-5.8181334,-0.24856243,0.060349062,-2.5793703,-0.37528384,-0.597515,2.1843286,13
3.2761524,1.9991223,-2.5086236,2.5608807,-1.5671253,-1.0187128,-1.0881412,-1.6396097,1.738661,-6.5684657,-0.77463365,0.111962035,-3.7362878,-0.3073823,-0.36716604,2.4824853,13
0.8981839,0.84367156,-1.1626271,1.2838439,-0.12126072,-1.3720291,-1.0500181,0.5626183,0.27265224,-2.3278818,-0.7151747,-0.7058403,-1.8256255,0.32207805,0.655119,1.876105,84
4.135908,2.1317031,-3.5111048,2.87857,-1.5799046,-1.3796426,-1.5160956,-1.8839619,1.6878488,-8.18928,-0.84706146,0.4250819,-5.1110635,-0.3444106,-0.29591894,2.9152474,104
3.1719737,2.166594,-2.9133372,2.656766,-1.7785654,-0.88475734,-1.2775569,-1.9511492,1.4484211,-7.080448,-0.46418366,0.18720005,-3.7988892,-0.48508975,-0.41036022,2.4683428,13
0.74321884,0.5941923,-1.2444471,1.1273129,0.02867037,-1.3685675,-0.9383006,0.8792872,0.06457764,-2.0688422,-0.654971,-0.749348,-1.79919,0.39029753,1.0836926,1.8733943,84
0.84303683,0.7131573,-1.1750557,1.3559252,-0.057038993,-1.3653414,-0.920993,0.8930377,0.19037765,-2.3091712,-0.6821863,-0.7654199,-1.8875765,0.33016315,1.0287786,1.9877269,40
3.7617917,0.78772706,-3.6296241,3.2180772,-1.1914573,-0.8555099,-1.8177555,-2.089252,-0.17708622,-7.589279,-0.9989344,1.4481657,-5.080073,0.37786424,-0.5867521,2.6216083,18
3.677142,0.36381704,-3.4182458,2.9200149,-0.8369802,-0.964498,-1.6280451,-1.9272671,0.017644167,-6.97167,-1.0517335,1.3439803,-5.069142,0.59382313,-0.41904113,2.5291133,104
3.9313235,1.7175492,-4.060787,2.8767343,-1.4443488,-1.2720476,-1.8248372,-2.3154545,0.5966723,-8.131303,-0.8927904,0.9121045,-4.8941884,0.05029604,-0.7286733,2.5905464,104
4.2167873,1.8052325,-4.001265,2.4621,-1.3580092,-1.4395304,-1.584688,-2.106373,1.1622859,-8.148476,-1.0623617,0.884729,-5.3809485,-0.12901638,-0.45602494,2.8012826,104
3.5018802,0.9157344,-3.408022,3.22719,-1.2291914,-0.9309537,-1.7094891,-2.0117111,0.082659066,-7.2673593,-0.800975,1.1333317,-4.587783,0.32760882,-0.5523422,2.5055158,104
4.0247316,1.5968615,-3.5777707,3.2444859,-1.4136224,-0.9462666,-1.6761327,-1.9493489,0.48936403,-7.7741346,-0.91755617,0.9615835,-4.821808,-0.12633096,-0.47701603,2.8083405,104
3.7010312,2.1946697,-3.4937792,2.8874497,-1.7484426,-1.1810049,-1.4945033,-2.0042713,1.5415269,-8.120933,-0.781873,0.4931631,-4.665979,-0.44020692,-0.4031473,2.7536066,104
4.475262,1.5032791,-3.7802558,2.3731074,-0.68312824,-1.7888108,-1.0387707,-1.5812385,1.1612121,-7.152006,-1.3482543,0.6148372,-5.0439487,0.3317139,-0.4120116,2.7533338,104
0.73078245,0.6308116,-1.1844771,1.2072226,-0.020171344,-1.3165921,-0.9773899,0.8437493,0.078767836,-2.1358118,-0.65698874,-0.74879014,-1.7673469,0.3633737,1.0393047,1.8918058,84
2.7279592,1.9229251,-2.889648,3.170762,-1.3242477,-0.48848164,-1.8922827,-1.9273973,0.588454,-6.30537,-0.13343114,0.3092587,-2.7187414,-0.4550727,-0.7170219,2.1200154,37
3.4611242,2.1547048,-3.0641117,2.9464698,-1.6089293,-1.0058254,-1.4161952,-1.7862362,1.4904941,-7.3776445,-0.54863405,0.20673908,-4.036276,-0.45829836,-0.37027967,2.5706708,104
0.80037475,0.75411975,-1.1601459,1.3212769,-0.09862079,-1.34082,-0.9460425,0.79153615,0.20370829,-2.2953992,-0.6435826,-0.7684122,-1.8202252,0.3229949,0.9430451,1.9333454,40
3.7454734,1.9811248,-3.4874258,2.850985,-1.5204784,-1.12751,-1.5996525,-2.044188,1.2436483,-7.549149,-0.54803216,0.33184296,-4.4418197,-0.32441947,-0.43322986,2.7070148,104
3.0877378,2.1228325,-3.264116,2.5235906,-1.6469004,-0.9891861,-1.420749,-2.1234393,1.2374051,-7.050985,-0.31494847,0.22439952,-3.6660545,-0.40408507,-0.51519716,2.348275,104
0.61685896,0.66344994,-1.4404751,1.0693231,-0.031822816,-1.2678316,-1.0285289,0.80405813,-0.057793185,-2.1316566,-0.553609,-0.74935555,-1.7122575,0.31837678,1.0191908,1.8099265,84
0.565094,0.6274937,-1.1715631,1.0379292,-0.09642249,-1.2697436,-0.9652256,0.8076011,0.07437126,-2.0334086,-0.5872916,-0.7489618,-1.7172261,0.32864055,1.0699677,1.7917964,84
3.339078,0.26665974,-2.9587061,3.1513677,-0.97753966,-0.7868327,-1.6048598,-1.9307446,-0.42458236,-6.3306437,-1.0762739,1.3336115,-4.505843,0.49306762,-0.5400713,2.5131655,18
3.459713,0.005236834,-3.2904541,3.2817898,-1.0073755,-0.9346972,-1.6181841,-1.9280295,-0.44395036,-6.913459,-1.0994797,1.5397437,-5.085274,0.61245453,-0.41555288,2.5576138,18
3.7002432,1.3543333,-3.6107016,2.744802,-1.2431128,-1.2777255,-1.7188909,-2.2164898,0.37294286,-7.2271676,-0.93835545,0.88502336,-4.5090322,0.21120119,-0.77128327,2.459569,104
4.0323973,1.8261205,-3.8609555,2.538783,-1.4142721,-1.4607148,-1.8199561,-2.3067026,1.0494105,-8.020033,-0.98593044,0.88347363,-5.119716,-0.14590919,-0.6117474,2.7173793,104
3.156123,0.443213,-2.8987787,3.1216373,-1.0214449,-0.7854103,-1.5612218,-1.8583121,-0.19667159,-6.2557087,-0.8342429,1.1264614,-4.154439,0.48808515,-0.54108214,2.3817306,18
3.7203987,1.2843276,-3.2431135,2.9979877,-1.1637641,-0.9246482,-1.6164775,-1.9570265,0.2300359,-6.795836,-0.927589,0.89506316,-4.256635,0.009672739,-0.6064569,2.6261976,104
3.5390162,2.0716553,-3.4836435,2.5915546,-1.7150248,-1.1259826,-1.4656553,-2.1195652,1.3255198,-7.8257866,-0.61716616,0.58005506,-4.5416923,-0.3745581,-0.41275805,2.6133592,104
4.047324,1.8666147,-4.150964,2.2073922,-1.0934277,-1.4118294,-1.6621203,-2.1368668,0.77817655,-7.5998087,-0.91173166,0.69946885,-4.777113,0.09799917,-0.84511435,2.4364822,104
0.52834344,0.62676466,-1.261899,0.87732923,-0.07721892,-1.2513177,-1.0788343,0.778432,-0.0934058,-1.930378,-0.5364287,-0.7350214,-1.6852174,0.3843784,1.0886731,1.6738071,84
2.4873285,1.8032868,-2.9377582,3.0477548,-1.4121903,-0.53183514,-1.974617,-2.0633833,0.5057067,-6.339865,-0.19029565,0.42007762,-2.6930063,-0.41318902,-0.82208085,2.1308513,37
3.0757565,2.2032888,-3.1440492,3.0971546,-1.7231562,-0.81511194,-1.5909066,-1.9601858,1.2776899,-7.3999734,-0.26535448,0.168932,-3.6072493,-0.53202784,-0.45777583,2.491519,13
0.57055354,0.6618625,-1.1806391,1.0596437,-0.108489774,-1.275729,-1.004067,0.7819299,0.08047272,-2.0812774,-0.5765504,-0.7612003,-1.7045599,0.31105307,1.0399203,1.782602,84
3.7954025,2.3229625,-3.9652524,2.7338352,-1.5887436,-1.5181494,-1.8711188,-2.1728475,1.4841559,-8.226328,-0.5819664,0.23204263,-4.647827,-0.32803315,-0.67206424,2.7844293,104
3.1432328,2.195453,-3.494385,2.1840167,-1.5062106,-1.2729847,-1.6197212,-2.205865,1.2493632,-6.954914,-0.4458896,0.106435105,-3.6703043,-0.32312968,-0.8268534,2.3216507,104
0.44876164,0.7141694,-1.4303945,0.765012,-0.154079,-1.1921352,-1.1820327,0.66670096,-0.13034092,-2.0150843,-0.580835,-0.7007619,-1.6543422,0.3596565,0.8803964,1.6821735,84
0.4499743,0.71528023,-1.3709865,0.8982222,-0.14165653,-1.2785482,-1.0616407,0.70343256,0.01341933,-2.0529976,-0.5783458,-0.7835725,-1.6159056,0.3015471,0.92625576,1.7343664,84
2.7397404,0.18212466,-2.5916374,2.9583545,-0.833122,-0.66758597,-1.3614869,-1.8364373,-0.4039737,-5.3048763,-0.7634246,1.1474168,-3.637296,0.48889625,-0.39040413,2.2663143,18
2.9486773,-0.48932528,-2.6662738,3.117803,-0.79129386,-0.8293859,-1.2775466,-1.7320822,-0.57055575,-5.8881264,-1.0622755,1.5396802,-4.6166573,0.7687572,-0.17381166,2.3974855,18
3.2647817,1.0458643,-2.956767,2.2994928,-0.99135983,-1.2199689,-1.377805,-1.977807,0.35461622,-5.7445164,-0.9171848,0.5929911,-3.7747378,0.32120612,-0.7673961,2.28171,104
3.6052692,1.5401244,-3.2853982,2.1193385,-1.1952088,-1.4832484,-1.5813873,-2.2018938,0.9477673,-6.58434,-0.9666996,0.5600462,-4.348123,-0.018912204,-0.72621894,2.4856246,104
2.6782122,0.45196655,-2.5888307,2.9173594,-0.9470916,-0.60632646,-1.3701105,-1.8037548,-0.14332275,-5.442237,-0.54066205,0.9378991,-3.4216614,0.48934007,-0.4557222,2.1778953,18
3.626766,1.2635993,-3.043971,2.3743443,-1.0743347,-1.0834302,-1.4720552,-1.9071794,0.36286807,-6.1203237,-1.0475652,0.65466255,-4.0928483,0.1408228,-0.8165819,2.5075674,104
3.4920182,2.034458,-3.6375005,2.2802248,-1.4562304,-1.4212496,-1.6350334,-2.253514,1.213901,-7.2952633,-0.65724957,0.3708902,-4.214542,-0.21260425,-0.72557104,2.462062,104
3.7445154,1.5943902,-4.0556197,2.3517494,-1.3020152,-1.3307946,-1.7897034,-2.3396847,0.56836516,-7.7065463,-0.8534966,0.94266844,-4.869984,0.01507663,-0.79447085,2.4491882,104
0.40577996,0.70549995,-1.332808,0.75336456,-0.16887146,-1.2108575,-1.2007227,0.64256614,-0.12723185,-1.9390329,-0.57126546,-0.7365678,-1.6057843,0.3503772,0.9011542,1.6377382,84
2.5354257,1.8017575,-2.946273,2.5441194,-1.4118745,-0.6532552,-1.942616,-2.1053898,0.57569104,-6.0951653,-0.33124346,0.32846504,-2.7974873,-0.29510897,-1.0562372,2.0613775,13
3.247112,2.390608,-3.6411483,2.687716,-1.5988339,-1.2407507,-1.8227787,-2.1577973,1.3767053,-7.6083703,-0.34940296,0.10871439,-3.7744322,-0.40059143,-0.76939785,2.461765,104
0.45517796,0.7385502,-1.3983619,0.92672396,-0.13258445,-1.2945838,-1.0820973,0.67657596,0.03155622,-2.111504,-0.54222417,-0.78635556,-1.5994442,0.28519195,0.9102898,1.7151569,84
3.7494922,2.2360313,-3.8533986,2.4543395,-1.5343429,-1.5837555,-1.8040383,-2.1036208,1.5572685,-7.9804225,-0.6740918,0.18238099,-4.6223655,-0.24494562,-0.75480163,2.7114716,104
3.1240656,2.0774717,-3.4319186,2.0337453,-1.3658665,-1.3509971,-1.5896986,-2.102256,1.2263111,-6.6278853,-0.59560215,0.0031507015,-3.569097,-0.25530368,-0.93991876,2.3506234,104
0.24818827,0.84972274,-1.4591228,0.48048526,-0.22026028,-1.1000519,-1.3277798,0.43704575,-0.22948302,-1.7728869,-0.43169758,-0.74732715,-1.3910723,0.403255,0.73435044,1.4811696,84
0.33641517,0.78372324,-1.4082304,0.54326385,-0.22388737,-1.1595793,-1.1756155,0.5942579,-0.095628574,-1.8357179,-0.545694,-0.788676,-1.4952618,0.34585297,0.81414926,1.5674055,84
2.4443216,0.06567913,-2.3807302,2.7408328,-0.7754135,-0.75938964,-1.2234242,-1.6881732,-0.28720224,-4.9101796,-0.749931,1.099015,-3.3871567,0.55429554,-0.33253604,2.1027741,18
2.4222062,-0.43194145,-2.4812922,3.081616,-0.6948093,-0.6967083,-1.1485546,-1.609595,-0.45218897,-5.456425,-0.69563353,1.499256,-3.9309618,0.7195182,0.036875546,2.1337225,18
3.115553,0.90517014,-2.7907176,1.8184897,-0.9193424,-1.2079457,-1.1767364,-1.8895483,0.33622202,-4.995945,-0.95320314,0.41499406,-3.5429902,0.4172389,-0.88379866,2.1310687,104
3.32399,1.278089,-2.930897,1.6200207,-1.0908889,-1.3901945,-1.2752285,-2.0013509,0.9158895,-5.5932083,-1.0473897,0.34543586,-3.9739237,0.06635417,-0.80144745,2.3565784,104
2.4437273,0.38351142,-2.3675992,2.6891026,-0.9130615,-0.6262428,-1.2291808,-1.699463,-0.08471735,-4.909225,-0.5059362,0.7892573,-3.1201508,0.49545807,-0.45421737,2.0470102,18
3.4569066,1.132538,-2.909225,2.0116663,-1.0079441,-1.0997195,-1.360148,-1.8880875,0.30417615,-5.4764524,-1.1416676,0.48986614,-3.8279896,0.19506776,-0.9692949,2.4135108,104
3.3341105,1.9887986,-3.4498398,1.9983624,-1.3624352,-1.446015,-1.5926168,-2.1729712,1.2307193,-6.725071,-0.74644756,0.13810502,-3.9031563,-0.19920611,-0.90768635,2.439537,104
3.564299,1.2715969,-3.5609016,2.293038,-1.1427267,-1.3450865,-1.7379105,-2.2845635,0.36870867,-6.7954745,-0.9433431,0.89065385,-4.467827,0.13805673,-0.8558148,2.3390133,104
0.2855854,0.78988,-1.3921003,0.41454774,-0.23355967,-1.0994809,-1.3069041,0.4666931,-0.23832808,-1.716045,-0.46490997,-0.74282956,-1.4397924,0.41349542,0.7812588,1.4364094,84
2.4696283,1.6505378,-2.8737812,2.1454878,-1.3181218,-0.6774572,-1.7825112,-2.0458095,0.5064822,-5.516571,-0.44452798,0.19516717,-2.6756656,-0.18935108,-1.1919377,2.0136728,13
3.2391062,2.2972226,-3.5666475,2.5103817,-1.4909286,-1.2963566,-1.7556059,-1.9778008,1.3937305,-7.35712,-0.48140317,0.030204445,-3.755724,-0.34181476,-0.8377156,2.4916136,13
0.32998753,0.79746777,-1.412276,0.56994104,-0.21509728,-1.1655365,-1.1986613,0.589969,-0.075384215,-1.870918,-0.5205221,-0.7872453,-1.4749315,0.30970812,0.8064828,1.558451,84
3.5832968,2.0114505,-3.6307008,2.0892644,-1.4212165,-1.5340333,-1.7241268,-2.0722666,1.5088024,-7.2658324,-0.7810761,0.11059828,-4.380814,-0.201919,-0.8799172,2.6032414,104
3.0300634,1.8498282,-3.3470762,1.5855597,-1.2278944,-1.3663903,-1.5366101,-2.1046767,1.1810515,-6.0161414,-0.75246555,-0.067941636,-3.4157317,-0.15577155,-1.1377304,2.2284663,104
0.14904247,0.9347077,-1.4382252,0.24010336,-0.29199982,-1.0847229,-1.4401193,0.13010116,-0.21852197,-1.5852098,-0.39682975,-0.83124095,-1.1930945,0.4114872,0.46473628,1.338456,84
0.20965956,0.94028974,-1.4431075,0.37670004,-0.2853201,-1.0804338,-1.3311088,0.34643587,-0.13297905,-1.759915,-0.44465524,-0.836792,-1.3109806,0.37639746,0.5975787,1.4701121,84
2.4184291,0.12484698,-2.3212774,2.633654,-0.7724745,-0.8741313,-1.2143233,-1.6167328,-0.15300916,-4.8372254,-0.79873407,1.0418032,-3.3239284,0.5963093,-0.37414408,2.049746,18
2.2189186,-0.5190958,-2.176348,2.8708992,-0.5669398,-0.83781004,-0.9400635,-1.3849819,-0.32831043,-4.8193383,-0.7375705,1.3324913,-3.6164594,0.7622074,0.093271434,2.0455208,18
2.9456322,0.78836393,-2.754704,1.5760801,-0.8427805,-1.260687,-1.113383,-1.8056372,0.41962504,-4.8305774,-0.93358463,0.4336089,-3.4528842,0.47201443,-0.86110955,1.9637969,104
3.238947,1.2889119,-3.0605628,1.3250303,-1.1239655,-1.3978021,-1.2381122,-1.9852793,0.9995379,-5.5542994,-1.0732927,0.22490029,-3.926205,0.08006324,-0.927826,2.306681,104
2.3239942,0.3924136,-2.245471,2.5665884,-0.88090026,-0.7772475,-1.1719213,-1.6215711,0.031765953,-4.667188,-0.5557279,0.7176011,-2.949071,0.52411747,-0.46609208,1.9677236,18
3.2246027,1.1153798,-2.8362043,1.7596256,-1.0046505,-1.1128399,-1.3510022,-1.8304186,0.4328353,-5.292319,-1.1415577,0.41999805,-3.6391125,0.15880115,-1.0289826,2.2873967,104
3.206897,1.7629031,-3.3425877,1.7492467,-1.2781277,-1.378178,-1.5293765,-2.1099327,1.0916884,-6.1925488,-0.87953013,0.09500824,-3.707544,-0.124796405,-1.0494101,2.3670745,104
3.0938027,0.92682993,-2.8730786,1.7234126,-0.8805307,-1.275955,-1.3203924,-2.003173,0.3638087,-5.17701,-0.961129,0.5347334,-3.7065744,0.24238285,-0.8728578,2.1626143,104
0.16983216,0.9417921,-1.4470505,0.24365032,-0.28568897,-1.0819426,-1.4304817,0.12205157,-0.21442224,-1.6250803,-0.37528822,-0.81534135,-1.2116704,0.40966704,0.47113955,1.3241682,84
2.3838062,1.4641299,-2.7635527,1.8515264,-1.1836048,-0.805829,-1.6766877,-1.994854,0.5835187,-5.255018,-0.5217778,0.18283565,-2.688391,-0.09870964,-1.2015815,1.9237406,13
3.131331,2.1246557,-3.4049098,2.1035876,-1.423291,-1.3024528,-1.6983628,-1.967385,1.3722299,-6.801448,-0.6457284,-0.02578649,-3.6173913,-0.26474193,-1.0234137,2.392482,13
0.21208827,0.9305551,-1.4096656,0.42199993,-0.2735244,-1.0700231,-1.3381147,0.4284624,-0.13659434,-1.7745595,-0.43497077,-0.8330496,-1.3341205,0.3524334,0.65755516,1.4912667,84
3.3211684,1.8549427,-3.466464,1.7576548,-1.3413085,-1.4977863,-1.6207631,-2.0579345,1.5442575,-6.733934,-0.7796705,0.052717432,-4.059242,-0.24130432,-0.91799635,2.4146001,104
2.7527602,1.7442666,-3.1117158,1.2068958,-1.2100334,-1.2711478,-1.395442,-2.0173752,1.3208189,-5.603764,-0.7541954,-0.16582565,-3.1616983,-0.18905011,-1.155606,2.0729876,19
0.008868992,1.0214745,-1.3857553,0.11854088,-0.3354506,-1.0550863,-1.5220916,0.00084169954,-0.13699265,-1.4509528,-0.3969519,-0.93320084,-0.990288,0.30741462,0.2775189,1.2970263,84
0.087615594,1.0544596,-1.409076,0.1414718,-0.36875296,-1.0598372,-1.4564173,0.109986104,-0.05275239,-1.5937014,-0.43090728,-0.95059884,-1.1170412,0.33075073,0.3884027,1.360836,84
2.4485078,0.22018512,-2.39541,2.5891204,-0.76767457,-0.94805664,-1.3211846,-1.6636394,-0.1461324,-4.8964343,-0.8640778,0.95688725,-3.259449,0.54895574,-0.5544105,2.0559094,18
2.246617,-0.37607643,-2.103069,2.7542672,-0.58677274,-0.94064945,-0.9352605,-1.3665792,-0.23492996,-4.6501555,-0.7885488,1.1834426,-3.4569376,0.76469105,-0.04101298,1.9986688,18
2.893526,0.83526146,-2.885042,1.6480747,-0.85230696,-1.2759042,-1.2185469,-1.8020054,0.46032578,-5.121465,-0.9561707,0.4403745,-3.4259605,0.43884712,-0.9182061,1.9515086,104
3.228252,1.3441908,-3.2324865,1.3793395,-1.1533114,-1.4904623,-1.324182,-2.022289,1.0991204,-5.8906436,-1.109582,0.19815125,-3.9531581,0.01898291,-0.9634583,2.3141084,104
2.2585514,0.4163582,-2.2408576,2.521492,-0.8330926,-0.86872613,-1.2320175,-1.6511855,0.00747104,-4.575385,-0.6145358,0.65145797,-2.8038688,0.47815573,-0.59093106,1.945512,18
3.1411293,1.1770227,-2.9238825,1.6788331,-1.0091921,-1.1264981,-1.4359534,-1.8163602,0.5307706,-5.4683695,-1.1435566,0.3917104,-3.570782,0.14953828,-1.1278322,2.1976879,104
2.968253,1.6368665,-3.076368,1.2151294,-1.2426137,-1.284883,-1.309164,-1.9420633,1.2635877,-5.6541214,-0.95588964,-0.07293258,-3.495302,-0.12473966,-1.1106977,2.234879,19
3.0346522,0.7791015,-2.8248603,1.1809325,-0.777683,-1.2956549,-1.0746157,-1.8888443,0.3832026,-4.5048027,-1.0664046,0.32047927,-3.5496964,0.3748101,-1.0062625,2.0642529,104
0.03283821,1.0369071,-1.3717774,0.09428236,-0.34822607,-1.0464685,-1.5053897,-0.0038697794,-0.11024104,-1.4774593,-0.38329422,-0.93746895,-1.0189141,0.31415525,0.30918172,1.2829512,84
2.257095,1.3219798,-2.599353,1.7250365,-1.1379198,-0.8437401,-1.5657866,-1.8849773,0.7058107,-4.988595,-0.5841255,0.123061076,-2.5910718,-0.12738548,-1.1406872,1.8874629,13
2.88854,1.979269,-3.1402657,1.6587111,-1.4218286,-1.2205119,-1.5840564,-1.9468029,1.4338684,-6.2471247,-0.69573545,-0.09308301,-3.3697698,-0.2549043,-1.1235831,2.1856756,19
0.12920587,1.0561315,-1.4041313,0.1730761,-0.35632583,-1.0613055,-1.4555616,0.14744434,-0.05099322,-1.6170893,-0.4111469,-0.9455167,-1.1506016,0.32882318,0.43369842,1.3645347,84
3.04707,1.6473079,-3.297254,1.8621722,-1.3192525,-1.4108489,-1.5389016,-2.041033,1.4769814,-6.593389,-0.6851398,0.13233344,-3.8395267,-0.26447153,-0.7817917,2.279128,19
2.6231012,1.6146265,-3.0654633,1.256458,-1.1854366,-1.3018695,-1.3963237,-2.0001028,1.3034724,-5.6620383,-0.7891898,-0.116009444,-3.1483555,-0.21183267,-1.11635,2.0678449,19
-0.0959132,0.9921684,-1.2525914,0.016409308,-0.3642832,-1.0279334,-1.5363584,-0.08512585,-0.06777583,-1.3589807,-0.38749668,-0.9790536,-0.9102379,0.28044888,0.21419635,1.2216716,81
-0.045873,1.0798174,-1.3395377,0.055355847,-0.40021032,-1.0064038,-1.5021863,-0.011382431,-0.0065936893,-1.4697102,-0.4024359,-1.0125519,-0.93806535,0.2518187,0.23426482,1.2995929,84
2.4858296,0.43285248,-2.4076738,2.4734492,-0.81825244,-0.9011571,-1.3758111,-1.6874025,-0.04933916,-4.830112,-0.84605366,0.73869586,-3.0681293,0.43678105,-0.73825437,2.0396667,18
2.2048192,-0.17336838,-2.1144593,2.71205,-0.6525024,-0.91927207,-1.0416592,-1.4583156,-0.22315206,-4.5764847,-0.802085,1.005282,-3.1639862,0.65461856,-0.26637405,1.9836136,18
2.8383987,0.8999262,-2.96629,1.6658226,-0.8933935,-1.2362096,-1.278996,-1.8239081,0.5120091,-5.391659,-0.9440816,0.42168975,-3.41436,0.41357332,-0.98523194,1.931836,1
3.124469,1.3392606,-3.2921984,1.6171438,-1.1787995,-1.4701998,-1.3988137,-2.0290253,1.0969895,-6.2742944,-1.0442982,0.2886991,-3.941703,0.005172245,-0.9081826,2.2829463,104
2.2361279,0.57505924,-2.2514012,2.4245625,-0.8694594,-0.85581446,-1.291182,-1.7048407,0.08541459,-4.546267,-0.6010325,0.492584,-2.6376278,0.37408242,-0.7347799,1.9167777,8
3.0343864,1.1245158,-2.9300442,1.7830609,-1.0090829,-1.09528,-1.4936609,-1.8339027,0.5279889,-5.738724,-1.1382003,0.46222156,-3.5793817,0.14591423,-1.1264229,2.1635735,104
2.823914,1.6151596,-3.0353498,1.1445987,-1.2671632,-1.228296,-1.2922888,-1.8932359,1.3298721,-5.692549,-0.9544481,-0.09963199,-3.3869464,-0.14123677,-1.134594,2.1678936,19
3.0088606,0.7764704,-2.9582877,1.2073592,-0.79895544,-1.3424636,-1.1290497,-1.8659523,0.4886638,-4.8343544,-1.0403017,0.3693217,-3.616429,0.39349654,-0.9821922,1.9982433,104
-0.080288716,0.9884197,-1.2800472,0.050512344,-0.34616372,-1.022863,-1.5348399,-0.08756533,-0.08698933,-1.3927155,-0.35846496,-0.94750553,-0.92048854,0.27271459,0.22673717,1.2193418,81
2.2682712,1.2025597,-2.6007838,1.8959891,-1.0851123,-0.90417516,-1.5574887,-1.8766229,0.6590263,-5.174096,-0.58384335,0.2133217,-2.7005546,-0.12952557,-1.0418944,1.909116,13
2.6253843,1.7539284,-2.868631,1.4959587,-1.3586589,-1.1401573,-1.4384534,-1.8406981,1.4270761,-5.835542,-0.7203759,-0.10143234,-3.156214,-0.2859686,-1.0627632,2.0930364,13
0.0042815506,1.1070774,-1.3319545,0.061736465,-0.4015985,-0.99891746,-1.5017898,0.010031268,0.007675305,-1.4736378,-0.38691786,-1.0283309,-0.9559151,0.24398151,0.2657764,1.3046746,84
2.9678404,1.5134873,-3.274946,1.9887437,-1.2666367,-1.4271514,-1.5044312,-2.04925,1.4091661,-6.6702166,-0.6584698,0.2093889,-3.8329325,-0.2677493,-0.6916449,2.2484548,104
2.5939207,1.6024461,-3.1126773,1.4176332,-1.16726,-1.3286979,-1.4282312,-2.0092673,1.2878715,-5.864348,-0.71607614,-0.07949076,-3.1648629,-0.2067667,-1.0816325,2.0544546,19
-0.13331757,0.95799184,-1.1470212,0.023729205,-0.36005932,-1.0359024,-1.5473537,-0.14177264,-0.005663529,-1.3433485,-0.3889269,-0.9966502,-0.89397967,0.2326504,0.15632942,1.2172508,81
-0.123603016,1.038665,-1.2293957,0.01584953,-0.4127226,-0.99194473,-1.5095801,-0.115608126,0.0248321,-1.3906755,-0.3891199,-1.0378217,-0.8639292,0.2069856,0.14203545,1.2466148,81
2.5339632,0.521119,-2.4421153,2.266461,-0.8024018,-0.95417595,-1.3912401,-1.7381059,0.060237378,-4.801404,-0.8832239,0.59499985,-3.0436757,0.40685374,-0.8824417,2.0035691,8
2.2342608,0.10804758,-2.1495118,2.5330338,-0.7481406,-0.877839,-1.1144421,-1.5769111,-0.0894628,-4.486214,-0.76415014,0.7535398,-2.9118001,0.56065017,-0.5117667,1.9351232,18
2.8323567,0.97887796,-3.0609734,1.5964731,-0.8936615,-1.2703378,-1.3415439,-1.8803432,0.5838345,-5.5176115,-0.9491015,0.3398143,-3.3951752,0.39397055,-1.0994296,1.9149601,1
3.0799935,1.2578391,-3.3400533,1.7198433,-1.119807,-1.5555874,-1.4354627,-2.0646062,1.0993074,-6.487926,-1.0463021,0.35497493,-4.0192914,0.020391472,-0.87093514,2.2854328,104
2.2673,0.69695675,-2.311079,2.208704,-0.871361,-0.9167008,-1.3085625,-1.7682779,0.23178223,-4.537106,-0.62785864,0.33456802,-2.592808,0.32449308,-0.87340534,1.8793707,1
3.0411546,1.1303409,-2.9847825,1.8400635,-0.97551394,-1.1352816,-1.5704024,-1.8589848,0.5394152,-5.933991,-1.1131433,0.4781074,-3.6329055,0.15267448,-1.1740377,2.1434402,104
2.753231,1.5105512,-3.0709822,1.3235039,-1.2094271,-1.2721585,-1.3581371,-1.9260597,1.2212375,-5.9095845,-0.9251545,0.026635021,-3.4197185,-0.10485942,-1.1040294,2.1365645,19
2.9301283,0.6999376,-3.043207,1.4396149,-0.7845112,-1.3702745,-1.2239294,-1.8535368,0.46595323,-5.2129273,-1.0546193,0.47511446,-3.6651287,0.37065828,-0.9374199,2.0080888,104
-0.11343501,0.9620377,-1.1658509,0.0267694,-0.35758415,-1.0198108,-1.5344257,-0.1599602,-0.020932853,-1.3577844,-0.3555226,-0.97922885,-0.89795405,0.23260757,0.1689345,1.1971093,81
2.3427563,1.159732,-2.6356692,2.0756125,-1.0449454,-0.97740513,-1.5941324,-1.8862162,0.63080096,-5.3692284,-0.55780256,0.2664796,-2.82498,-0.14137048,-0.9970959,1.9380455,13
2.5795279,1.6326206,-2.8412292,1.5626104,-1.3126214,-1.1696265,-1.399183,-1.8140007,1.4121743,-5.8787665,-0.7187868,-0.041422978,-3.199761,-0.28042153,-0.9900138,2.082224,13
-0.08035562,1.0435483,-1.2157097,0.03115794,-0.40435964,-0.98792106,-1.5133944,-0.09780474,0.011490956,-1.3774264,-0.37266877,-1.041674,-0.8820011,0.20244077,0.1769973,1.2498405,81
3.0246007,1.5276847,-3.4071648,1.9853901,-1.190896,-1.5553757,-1.5043514,-2.0744963,1.4592737,-6.746384,-0.63469005,0.1877719,-3.8741193,-0.2785144,-0.69492173,2.2374833,104
2.5956967,1.6990842,-3.1835418,1.5351657,-1.16921,-1.3166306,-1.4415781,-1.9978144,1.3357297,-5.9478836,-0.5777558,-0.12462731,-3.1032736,-0.25392663,-1.0629301,2.0175457,19
-0.117210925,0.8871519,-1.080732,0.08443418,-0.31935167,-1.0337577,-1.5355768,-0.102879465,-0.03944783,-1.3148254,-0.36796618,-0.9814246,-0.89948714,0.18963733,0.16498688,1.2069178,81
-0.13526599,0.99448216,-1.1412889,0.02000606,-0.38704136,-0.9943058,-1.510968,-0.13970755,0.03329353,-1.3311636,-0.3755623,-1.048048,-0.84012234,0.16142264,0.10393639,1.2213471,81
2.648522,0.6806677,-2.5383668,2.1048994,-0.8082423,-1.0116624,-1.4362137,-1.765716,0.1913166,-4.8628025,-0.9170979,0.44657093,-3.052564,0.34049425,-1.042228,1.9976349,1
2.2926295,0.33854362,-2.2870927,2.3384786,-0.7988032,-0.92326725,-1.2089558,-1.6960423,0.036918372,-4.5393133,-0.7749999,0.56384295,-2.8157089,0.4779606,-0.7368005,1.9069047,8
2.839134,1.1009257,-3.150574,1.5220778,-0.87416387,-1.2630903,-1.3976898,-1.8759066,0.6451987,-5.536214,-0.88415045,0.23623665,-3.3145983,0.33785614,-1.2080493,1.8694842,1
3.1271713,1.311637,-3.4524515,1.7298795,-1.0470772,-1.6529611,-1.4775076,-2.0901213,1.1532229,-6.574954,-0.99725044,0.3088925,-4.027928,-0.0022497103,-0.9129372,2.2695096,104
2.3052785,0.79468435,-2.366175,2.0780282,-0.8555176,-0.9508109,-1.3524559,-1.7871091,0.31124192,-4.547008,-0.6404592,0.22727247,-2.5657,0.25651014,-1.0002612,1.8544232,1
3.0597363,1.226773,-3.0451097,1.8369151,-0.9653194,-1.1356933,-1.622297,-1.8433893,0.5982698,-6.0056415,-1.0036299,0.4193805,-3.6065452,0.1006193,-1.2209764,2.0787098,104
2.7581394,1.6035777,-3.1463764,1.432759,-1.2115189,-1.2421603,-1.3907514,-1.9164677,1.2449703,-6.0091667,-0.77310216,-0.0050379336,-3.3582926,-0.13827753,-1.0946803,2.0747247,19
2.9257529,0.7007231,-3.1704514,1.5904078,-0.78351676,-1.3796308,-1.293664,-1.8434565,0.47356862,-5.5833254,-1.0298996,0.5360339,-3.7547405,0.35077664,-0.9307937,2.0125213,104
-0.09875708,0.9193531,-1.0906253,0.079215735,-0.32468635,-1.0254321,-1.5295756,-0.14184223,-0.0081239045,-1.3344761,-0.3521524,-0.9880616,-0.8940259,0.17558584,0.14510608,1.206415,81
2.3964016,1.166208,-2.6180503,2.188683,-1.0105647,-0.9866638,-1.5838814,-1.8188154,0.65356064,-5.4047694,-0.49810308,0.25083005,-2.8484943,-0.1853216,-0.9584689,1.9307735,13
2.6093752,1.6423199,-2.902169,1.6548656,-1.2565515,-1.1948366,-1.410948,-1.8080631,1.3893172,-5.9155455,-0.6587626,-0.047287583,-3.1729505,-0.3047518,-0.9839999,2.0671382,13
-0.090514556,0.99546033,-1.1303977,0.027921617,-0.37873295,-0.98661166,-1.5125034,-0.1282474,0.009666353,-1.3163844,-0.35219994,-1.0444238,-0.8651599,0.16476619,0.14284018,1.2153223,81
3.0124378,1.5512975,-3.4235506,2.0515327,-1.1603454,-1.5175775,-1.503412,-2.043521,1.4556308,-6.702718,-0.5511297,0.1770717,-3.7843723,-0.33513436,-0.6785063,2.1937568,104
2.5820925,1.6484325,-3.1701684,1.707364,-1.1099567,-1.2928945,-1.446456,-1.953021,1.262328,-5.9551153,-0.48043442,-0.055808365,-3.0694888,-0.2713337,-0.99707246,1.9718568,19
-0.09041648,0.82177186,-1.0319706,0.15009147,-0.2741548,-0.9947926,-1.4721508,0.004245788,-0.093785,-1.2605455,-0.31472737,-0.9592281,-0.8971016,0.15470509,0.23026362,1.1746287,84
-0.10123704,0.9484362,-1.1101995,0.08063224,-0.3313251,-0.9830307,-1.4983068,-0.074867904,-0.015347242,-1.2838316,-0.33442855,-1.0326575,-0.83394325,0.12058891,0.120674044,1.1955819,81
2.7241492,0.8456752,-2.5915792,1.9808832,-0.8153994,-0.986051,-1.46945,-1.715819,0.29439512,-4.879635,-0.8761654,0.3329758,-3.0104651,0.26649112,-1.1591344,1.9399714,1
2.3523333,0.5881558,-2.43429,2.1416512,-0.82841957,-0.9180658,-1.248287,-1.7064353,0.1680296,-4.559885,-0.7189754,0.3681355,-2.6901882,0.38676408,-0.9080257,1.8449024,1
2.8025167,1.1490378,-3.1460495,1.511016,-0.8363404,-1.2114744,-1.4529605,-1.8411884,0.6382054,-5.4948006,-0.7985488,0.21055214,-3.2273774,0.27878696,-1.2762351,1.7974374,1
3.125713,1.3997211,-3.4700606,1.7508465,-1.0311747,-1.6252729,-1.4885201,-2.0493915,1.2248747,-6.551348,-0.8934095,0.25375038,-3.9324002,-0.050570168,-0.9325115,2.1945868,104
2.3507175,0.8929081,-2.4108138,1.9941701,-0.83084905,-0.9184381,-1.3874702,-1.7420917,0.3446259,-4.535825,-0.57874715,0.16351487,-2.523811,0.19385189,-1.0938622,1.7826568,1
3.0688133,1.244734,-3.1091497,1.8909649,-0.91182697,-1.1375062,-1.6865947,-1.8134791,0.5638077,-6.0634274,-0.93967456,0.43992138,-3.5989416,0.017994322,-1.2475245,2.0322487,104
2.7820659,1.6585138,-3.243975,1.5224695,-1.1573914,-1.2530285,-1.4365273,-1.9103961,1.250941,-6.0518713,-0.64846134,0.0019280016,-3.306844,-0.16787118,-1.0946219,1.999094,19
2.9621172,0.78716975,-3.2789378,1.6003705,-0.7842035,-1.438276,-1.3345468,-1.8757725,0.5749383,-5.749996,-1.0082805,0.45960665,-3.770075,0.31256312,-0.97661024,2.018724,104
-0.058429934,0.85667604,-1.0566863,0.1489858,-0.27716058,-0.9958255,-1.4929461,-0.043363824,-0.074060485,-1.2966719,-0.29793584,-0.95937115,-0.90582025,0.14828938,0.20090172,1.1729814,81
2.4511695,1.1211796,-2.603717,2.2822304,-0.9581994,-0.98342055,-1.5629573,-1.7426146,0.63569176,-5.41755,-0.4739658,0.28751665,-2.8838754,-0.21800973,-0.9134894,1.9030612,13
2.6379225,1.7064248,-2.9488971,1.7166032,-1.2389281,-1.1846182,-1.4081562,-1.7862291,1.4479204,-5.9721375,-0.57540256,-0.054115668,-3.1517463,-0.33571264,-0.9682312,2.0202537,19
-0.055724956,0.9541764,-1.103471,0.0901314,-0.32480004,-0.9768266,-1.4963505,-0.077862635,-0.026241124,-1.2705814,-0.31469542,-1.0340613,-0.852844,0.117595986,0.14698198,1.1980273,81
2.965372,1.4341606,-3.3493586,2.2457957,-1.0877584,-1.4067495,-1.4910512,-1.9504881,1.2661474,-6.566546,-0.4458065,0.26921088,-3.684366,-0.4006844,-0.5953884,2.1423347,104
2.5793755,1.6264664,-3.1250603,1.8789169,-1.0693144,-1.2548376,-1.4386113,-1.902422,1.2208872,-5.91862,-0.4023876,0.0036748499,-3.0146856,-0.30741864,-0.9224209,1.9374443,13
0.0069595873,0.7871218,-0.9989303,0.29074377,-0.1974064,-1.0181078,-1.4449165,0.11339893,-0.121842846,-1.2837403,-0.31088415,-0.9097864,-0.95556873,0.1419928,0.2509158,1.1866286,84
-0.048937693,0.8823995,-1.0558758,0.22348714,-0.26080316,-0.9529678,-1.4650016,0.048113063,-0.122408554,-1.2369933,-0.2905299,-0.9789693,-0.8405453,0.08332564,0.17411038,1.1881834,81
2.7962031,0.88942397,-2.6430268,1.9090182,-0.7637119,-1.010815,-1.5272477,-1.6740501,0.30219308,-4.9478292,-0.8887101,0.34823722,-3.0703902,0.233733,-1.249635,1.8929291,1
2.3754966,0.70743406,-2.513528,1.9632448,-0.78025985,-0.9344856,-1.3002632,-1.6826824,0.20890754,-4.5046997,-0.68622196,0.26928866,-2.6081738,0.33895603,-1.0636641,1.759953,1
2.8150065,1.1736563,-3.1816416,1.518215,-0.7807735,-1.2035735,-1.5215473,-1.8470211,0.5990954,-5.515246,-0.7553507,0.24903105,-3.206524,0.23409462,-1.3329892,1.7381455,1
3.0838284,1.2566255,-3.3546174,1.9292618,-0.96052754,-1.525315,-1.4988437,-1.9531574,1.0327966,-6.427632,-0.833999,0.3713001,-3.8810713,-0.084869824,-0.8863829,2.1471794,104
2.3993523,0.9357459,-2.4593399,1.910261,-0.7762741,-0.93717605,-1.4140136,-1.6984423,0.36051005,-4.55482,-0.5664027,0.15502404,-2.5471766,0.15163581,-1.1659074,1.7270405,1
3.1060703,1.2914438,-3.1690211,1.9303452,-0.8776741,-1.11804,-1.7359784,-1.7949239,0.555791,-6.114736,-0.8716496,0.48279798,-3.5959349,-0.055213947,-1.2613382,1.9631375,104
2.7558622,1.5866787,-3.1966293,1.7382501,-1.0909662,-1.2095097,-1.4786096,-1.882488,1.1099949,-5.964748,-0.56102705,0.09053622,-3.224086,-0.21246679,-1.0459366,1.9558833,19
2.98265,0.85921663,-3.3408577,1.585424,-0.7447771,-1.4523219,-1.3675718,-1.8760941,0.6262192,-5.775753,-0.93661726,0.4072628,-3.7133229,0.2809498,-1.0240903,1.9527028,104
0.011671245,0.78785515,-0.99877733,0.29109794,-0.2096592,-0.98245394,-1.4429774,0.07795117,-0.15075697,-1.2667975,-0.27536008,-0.90256906,-0.9402635,0.12684092,0.25569564,1.1791188,84
2.5057986,1.0861449,-2.556606,2.4061203,-0.93048,-0.9106459,-1.5541325,-1.6558905,0.53338605,-5.3590446,-0.4337415,0.34714282,-2.8659108,-0.25951666,-0.87557036,1.863916,13
2.6026983,1.6115923,-2.859448,1.9456793,-1.1810215,-1.0848535,-1.3986742,-1.7001635,1.2807444,-5.879011,-0.47861823,0.033721298,-3.0496256,-0.37110975,-0.88482594,1.9749397,13
-0.0032275468,0.8965894,-1.0618774,0.2326209,-0.25270915,-0.94986355,-1.4644337,0.038884245,-0.11528297,-1.23306,-0.27575186,-0.9878217,-0.852136,0.074718654,0.18239966,1.197484,84
3.0466428,1.4556777,-3.3758512,2.2439084,-1.0665724,-1.4019916,-1.4468515,-1.9203267,1.275039,-6.501961,-0.41879532,0.27730322,-3.709505,-0.40959352,-0.5781832,2.1209142,104
2.6686165,1.606952,-3.0446227,2.0231724,-1.0554281,-1.2308806,-1.4076211,-1.8457057,1.1731414,-5.842471,-0.38038054,0.051371932,-3.0293832,-0.28891212,-0.8688546,1.9112022,13
0.09052892,0.6533516,-0.91294146,0.5535518,-0.12118569,-1.0880724,-1.4055977,0.23147693,-0.22139396,-1.3240256,-0.34901896,-0.7991218,-1.067612,0.11361924,0.34926233,1.2378435,84
0.055981368,0.78890634,-0.9941651,0.41881526,-0.18562497,-1.0016155,-1.427449,0.14525229,-0.19783168,-1.254453,-0.31507385,-0.889424,-0.9386121,0.08576533,0.22237515,1.2131182,84
2.942723,0.9961867,-2.7138004,1.8560666,-0.7781631,-1.0047598,-1.5337379,-1.626945,0.35429725,-4.9958262,-0.8800855,0.32035935,-3.1456485,0.165162,-1.3121941,1.8584981,1
2.4512653,0.84659475,-2.571619,1.7673584,-0.7589289,-0.96147877,-1.3195584,-1.653094,0.33260366,-4.477931,-0.67501974,0.1605079,-2.6097295,0.28395167,-1.2010293,1.7025629,1
2.8619738,1.2698946,-3.201283,1.4896944,-0.7754369,-1.1757504,-1.5551665,-1.8533753,0.6215538,-5.4996595,-0.680923,0.25265902,-3.1915474,0.18000385,-1.3772733,1.6649729,1
3.1252847,1.263797,-3.3481164,1.9736737,-0.9297271,-1.485837,-1.4783738,-1.8787376,0.9966413,-6.3383226,-0.75617546,0.405748,-3.8682137,-0.12603635,-0.8652829,2.0896003,104
2.553142,1.0600367,-2.5597692,1.7971004,-0.7927482,-0.9924197,-1.4039891,-1.6980553,0.4851421,-4.616391,-0.58869445,0.08968498,-2.6603005,0.078775436,-1.2320862,1.7202324,1
3.1665542,1.3015971,-3.1710956,1.952855,-0.84875095,-1.1179816,-1.7544448,-1.7752639,0.53837025,-6.1169972,-0.82772,0.5410244,-3.63611,-0.0761633,-1.268851,1.8889513,104
2.8062186,1.5616441,-3.1839447,1.8314432,-1.0503792,-1.2140499,-1.4587309,-1.8598343,1.0751253,-5.9394727,-0.51190245,0.15583609,-3.2484221,-0.20453146,-1.0064847,1.8971654,104
2.9759455,0.87958056,-3.305975,1.6357254,-0.70283544,-1.3995249,-1.4142807,-1.8370842,0.5981828,-5.722366,-0.8407769,0.41920424,-3.6438153,0.23736668,-1.055784,1.8743103,104
0.12608911,0.687742,-0.94616216,0.49514997,-0.12736472,-1.0763538,-1.3987684,0.20128527,-0.19634886,-1.326627,-0.33237052,-0.8138877,-1.0764995,0.13236508,0.33360738,1.2212052,84
2.6096852,1.0870483,-2.5118582,2.4200444,-0.94046724,-0.9239933,-1.5009787,-1.5780357,0.5423228,-5.3278174,-0.4658233,0.34005648,-2.9321043,-0.24282254,-0.8709016,1.8487377,13
2.6797705,1.603691,-2.8376415,2.0720253,-1.1429626,-1.0887731,-1.3976147,-1.6765136,1.231935,-5.84706,-0.46348062,0.0831324,-3.058874,-0.37276396,-0.8533013,1.9591693,13
0.10258074,0.8024074,-1.0057005,0.4225788,-0.17936449,-0.9863245,-1.4212279,0.1388531,-0.20048226,-1.2394003,-0.290551,-0.9035126,-0.9406731,0.07528348,0.23064965,1.2187083,84
3.0915432,1.4183486,-3.2908077,2.2856808,-1.0782712,-1.3919065,-1.3671937,-1.8689222,1.2520032,-6.4042215,-0.45029548,0.27326614,-3.7375333,-0.41467062,-0.5322167,2.1487548,104
2.7177029,1.6055603,-2.8973362,2.096519,-1.103879,-1.2428839,-1.3527529,-1.7474778,1.2226293,-5.8218403,-0.45551,0.05685906,-3.0932412,-0.2887303,-0.8043806,1.962829,13
0.21932407,0.60432523,-0.86986595,0.71605265,-0.111112386,-1.2421099,-1.2986727,0.36273652,-0.096460715,-1.5353339,-0.46135062,-0.77407503,-1.2818873,0.12230423,0.499358,1.3357419,84
0.13140129,0.72326636,-0.93879414,0.6278064,-0.15427949,-1.1268677,-1.3651862,0.24637483,-0.15360986,-1.4052346,-0.4043181,-0.83270097,-1.0796101,0.064638495,0.33845466,1.300554,84
3.0232563,1.0358157,-2.7099154,1.8530947,-0.81775796,-0.9857136,-1.5146241,-1.5643415,0.40380996,-5.092744,-0.9236567,0.32354766,-3.2260098,0.13283238,-1.3391347,1.826742,1
2.545542,0.9371582,-2.6055775,1.6694318,-0.75384474,-0.9513158,-1.3109171,-1.6354133,0.38666025,-4.4453936,-0.65797615,0.09935944,-2.6412225,0.20313203,-1.2798018,1.6637841,1
2.9099956,1.2945033,-3.147639,1.4812143,-0.79896986,-1.1790311,-1.5231245,-1.8487858,0.6402553,-5.4995604,-0.67335534,0.25631487,-3.252437,0.16704059,-1.3810272,1.6500498,1
3.2078872,1.2730507,-3.305836,1.9569124,-0.9535258,-1.471619,-1.3902221,-1.8204131,1.0217203,-6.24093,-0.757326,0.38999522,-3.9173357,-0.1399148,-0.83536834,2.0770698,104
2.630354,1.0705452,-2.5512295,1.8064152,-0.8283192,-0.98093647,-1.3677616,-1.6427925,0.51703084,-4.723813,-0.64390945,0.11032523,-2.7691872,0.0485377,-1.2314873,1.7189963,1
3.1882308,1.3075941,-3.060449,2.02735,-0.89546776,-1.0658798,-1.7466772,-1.7429225,0.5259717,-6.114071,-0.8312542,0.5917714,-3.671436,-0.12141897,-1.2355518,1.875724,104
2.845456,1.5658797,-3.0791159,1.9065648,-1.0906738,-1.198124,-1.4151564,-1.8081726,1.0976824,-5.9391294,-0.5449008,0.18014725,-3.291412,-0.19593948,-0.95631677,1.9018983,104
2.989596,0.8924647,-3.2661896,1.6994969,-0.6753987,-1.3549376,-1.4628668,-1.814395,0.5603464,-5.667282,-0.7872128,0.45344996,-3.594918,0.18768364,-1.0763328,1.8222673,104
0.22520007,0.6336282,-0.88451654,0.7217064,-0.10871957,-1.2014313,-1.3133335,0.33119488,-0.114102975,-1.5118442,-0.43983978,-0.7694693,-1.2417957,0.1058549,0.46632224,1.3366692,84
2.6879113,1.1690872,-2.4642365,2.412156,-1.0310003,-0.9391451,-1.454201,-1.5344055,0.6530851,-5.363478,-0.5485114,0.29679495,-2.9911644,-0.26270157,-0.85916567,1.8817493,13
2.755047,1.5806166,-2.738612,2.15346,-1.1736885,-1.1212789,-1.3395345,-1.6306534,1.2430612,-5.824062,-0.53128535,0.09494348,-3.1494453,-0.36163473,-0.8005838,2.0105247,13
0.17989458,0.7274807,-0.9549013,0.63853705,-0.14195265,-1.1105058,-1.3514698,0.24268533,-0.16112347,-1.385422,-0.38239878,-0.8430946,-1.0806177,0.055279493,0.3384815,1.3102309,84
3.09144,1.4167725,-3.175909,2.2182693,-1.1298169,-1.3969275,-1.2564137,-1.7943212,1.3406831,-6.375829,-0.52153,0.25479573,-3.8016622,-0.41278756,-0.48440358,2.1721945,104
3.030368,1.359099,-2.7961464,2.422111,-1.1431899,-1.3260219,-1.2704983,-1.6707203,1.0931709,-6.130657,-0.5244224,0.2969095,-3.6395135,-0.23335613,-0.56453776,2.0526319,104
0.37969327,0.5609539,-0.93585074,0.9862881,-0.03505975,-1.4338017,-1.1689082,0.6592125,0.10316326,-1.9351556,-0.61884314,-0.7436701,-1.5723349,0.11817734,0.7295977,1.5641216,84
0.26916665,0.69381607,-0.94562674,0.81681824,-0.1317898,-1.3140706,-1.2480366,0.43614382,0.021084666,-1.7150041,-0.5205625,-0.82247394,-1.3418247,0.0787027,0.53508127,1.4493009,84
3.1347053,0.98846996,-2.7161143,1.987949,-0.80951643,-0.97896844,-1.5363586,-1.5601887,0.32907662,-5.3254857,-0.9083982,0.47416186,-3.4161477,0.10526168,-1.2630765,1.7763269,1
2.567362,0.96330905,-2.5892975,1.6867992,-0.78531754,-0.9432134,-1.3283162,-1.6381496,0.41169447,-4.5631742,-0.68080163,0.12620692,-2.7207513,0.1264672,-1.2974844,1.6558719,1
2.836194,1.306086,-3.0010638,1.526055,-0.85056674,-1.1127487,-1.4768488,-1.7925498,0.6718941,-5.5405407,-0.67569757,0.3001839,-3.2444859,0.13033879,-1.3275719,1.6379108,1
3.2323945,1.3142788,-3.1887202,1.9383272,-1.0289696,-1.4358001,-1.3215587,-1.7377607,1.1001252,-6.2607245,-0.8107789,0.3812129,-3.9772706,-0.17756084,-0.8034876,2.0878255,104
2.765299,0.9285008,-2.4724722,2.0536017,-0.83583343,-0.917763,-1.3573442,-1.6286091,0.3542463,-4.8963456,-0.62096953,0.3297596,-3.005134,0.021834753,-1.0789003,1.6875595,1
3.1999233,1.4047054,-3.02848,2.0694857,-0.99718916,-1.0289613,-1.7426054,-1.7136457,0.59905815,-6.2811294,-0.85734195,0.6057065,-3.7221875,-0.17951202,-1.2281833,1.8825315,104
2.884157,1.5880355,-3.0264494,1.9202918,-1.1473781,-1.2644495,-1.3704526,-1.7464983,1.1915723,-6.0251164,-0.6331825,0.16507201,-3.4071221,-0.22155483,-0.9281163,1.9754413,19
3.046253,0.91115135,-3.2010105,1.717503,-0.67301834,-1.2896925,-1.4143336,-1.7523183,0.5298338,-5.525982,-0.7242929,0.46123677,-3.5741723,0.15117787,-1.0487344,1.7650522,104
0.39909625,0.59194064,-0.9321007,0.9450563,-0.065850064,-1.4025092,-1.1709788,0.59623265,0.0882857,-1.8791503,-0.5818007,-0.7722955,-1.5448902,0.10865037,0.6910277,1.5448209,84
3.0260303,1.0091628,-2.3949296,2.709538,-1.0355705,-0.9984103,-1.4777515,-1.5498607,0.5281807,-5.748445,-0.6143208,0.6062779,-3.5439806,-0.22292909,-0.672551,1.9382472,104
2.8021076,1.576936,-2.6452081,2.1717067,-1.2368773,-1.1584778,-1.2667148,-1.5474565,1.3222997,-5.8960176,-0.6161318,0.10101147,-3.2827585,-0.3798805,-0.72968024,2.0716212,13
0.3199721,0.69899935,-0.9676208,0.8195082,-0.11745925,-1.2998022,-1.2284846,0.43041348,0.014818996,-1.690845,-0.50630575,-0.8345567,-1.3407844,0.07287195,0.52258164,1.4561509,84
3.3228548,1.1643379,-3.075888,2.5178108,-1.1315191,-1.4503584,-1.2242973,-1.7455056,1.1565632,-6.7171836,-0.5742319,0.5643411,-4.348099,-0.3676203,-0.27120128,2.2325127,104
3.1426136,1.6230785,-2.9142895,2.4121847,-1.2360119,-1.3529187,-1.3549323,-1.5787978,1.2226104,-6.4603806,-0.5785734,0.24660791,-3.7722456,-0.2664367,-0.61796117,2.1583314,104
0.6370233,0.45518973,-1.0572649,1.4551626,0.14455426,-1.6395853,-1.0679189,1.0706452,0.13591877,-2.3980205,-0.7290174,-0.61294913,-2.0152698,0.27888402,0.86829716,1.9121125,40
0.47073317,0.6234449,-1.0560503,1.0994335,-0.012025863,-1.5283093,-1.0894213,0.85999507,0.25169727,-2.170485,-0.7129153,-0.8066509,-1.7134508,0.10643835,0.79741013,1.7439001,84
3.2615962,1.0342385,-2.7212493,2.0792518,-0.78039443,-0.97516125,-1.6202402,-1.6105624,0.27583283,-5.6655755,-0.8739689,0.6481162,-3.6130111,0.08660112,-1.2211535,1.6946298,104
2.621225,0.8793106,-2.5914836,1.7973365,-0.7484658,-0.91998994,-1.3278942,-1.6234514,0.29743043,-4.702797,-0.6557677,0.26944685,-2.8666663,0.053112403,-1.2020426,1.6287777,1
2.8151486,1.3871717,-3.0171247,1.517253,-0.8873086,-1.1770006,-1.4918306,-1.7567482,0.7938645,-5.8078704,-0.73334086,0.3589729,-3.3688073,0.1173421,-1.3145351,1.6653495,1
3.5238292,1.1600624,-3.1573234,2.3110409,-1.0289341,-1.496903,-1.3440323,-1.7498182,0.93977517,-6.7404895,-0.8018902,0.6979964,-4.500355,-0.14002739,-0.5872724,2.1081948,104
2.851363,0.8807311,-2.4123478,2.1951928,-0.76549315,-0.87041277,-1.4284036,-1.6520221,0.22391301,-5.1240816,-0.55791545,0.565229,-3.163104,-0.0066814646,-0.9716898,1.5676348,104
3.2279475,1.555658,-3.1263092,2.1420398,-1.0862632,-1.0717777,-1.8309555,-1.704697,0.7255867,-6.6987243,-0.89950687,0.6713119,-3.843931,-0.17226753,-1.2505338,1.8974794,104
3.2542725,1.4097006,-2.9925065,2.3202386,-1.1609478,-1.3226978,-1.3682766,-1.6998247,1.0087731,-6.436286,-0.6600405,0.44612414,-3.9525523,-0.14542575,-0.71798605,2.0324235,104
3.0872362,0.916507,-3.0713542,1.6804398,-0.71313715,-1.2925515,-1.3150012,-1.6791489,0.61078495,-5.4798703,-0.7697556,0.4391086,-3.6401997,0.16308492,-1.017396,1.7675819,104
0.5827007,0.5211803,-1.1046802,1.1753517,0.055813715,-1.6139257,-1.0206757,1.0197608,0.35610044,-2.3544397,-0.80265653,-0.7578301,-1.8940656,0.1335104,0.9274662,1.8319994,40
3.104947,1.0672325,-2.3683584,2.7898588,-1.0466801,-0.96139395,-1.5630198,-1.5502616,0.53484446,-6.078401,-0.6003437,0.7644115,-3.7345884,-0.19695193,-0.6313379,1.9079578,104
3.1253922,1.5034078,-2.6448474,2.3833919,-1.2569786,-1.1983186,-1.2752624,-1.5266593,1.2284422,-6.3396564,-0.6332948,0.34663367,-3.815858,-0.34251347,-0.56552255,2.121684,104
0.7628587,0.5543231,-0.85173166,1.2532705,-0.096285,-1.2197763,-1.0199702,0.5799243,-0.037479267,-1.8719299,-0.48234934,-0.6979101,-1.7403054,0.21191251,0.65102464,1.6425653,84
3.5118484,1.5320747,-3.3864388,2.5481348,-1.2258021,-1.5389119,-1.4458585,-1.8191506,1.2694979,-7.2372584,-0.5835452,0.49747056,-4.5307736,-0.4182579,-0.4098603,2.3432105,104
3.3602245,2.0805266,-3.1541605,2.1892772,-1.3760228,-1.4555606,-1.5003793,-1.7895164,1.5593448,-6.9183164,-0.60419494,0.12865885,-3.968653,-0.3506657,-0.7549562,2.2289271,104
0.8692197,0.77052164,-1.067875,1.5370505,-0.026622102,-1.5292645,-1.1736661,1.0757365,0.06529792,-2.534409,-0.6131166,-0.7556769,-2.0830474,0.28201044,0.87065524,1.9186306,40
0.76210713,0.76481336,-0.94943917,1.4055247,-0.10903018,-1.361873,-1.1321547,0.7039262,0.091722146,-2.240346,-0.56598955,-0.75060004,-1.8089433,0.24902216,0.54443014,1.8175702,84
3.320954,1.040702,-2.6583378,2.1846094,-0.7604294,-0.9310665,-1.7262359,-1.6416994,0.20961495,-6.0453067,-0.85071176,0.89676976,-3.8469486,0.16115694,-1.1885889,1.629851,104
2.7856135,0.79507077,-2.6095698,1.8670124,-0.65571165,-0.910879,-1.3678396,-1.6535119,0.19855285,-5.0067987,-0.6238172,0.53839684,-3.1634161,0.0677302,-1.0914558,1.5231304,1
3.184638,1.2238426,-3.1036186,1.7412072,-0.81375706,-1.2980896,-1.5725965,-1.8119347,0.64443517,-6.3276563,-0.7967197,0.70773333,-3.9956956,0.23805082,-1.1941264,1.7117426,104
3.6650043,1.3399278,-3.305962,2.4692106,-1.0499003,-1.6134834,-1.5571122,-1.7840077,0.9986288,-7.305683,-0.85165346,0.8280772,-4.759403,-0.1349571,-0.6158494,2.1868083,104
2.8703892,0.9165951,-2.4307969,2.2269497,-0.74491143,-0.84935886,-1.582649,-1.7188334,0.17633387,-5.482196,-0.555411,0.768894,-3.32928,0.055320755,-1.0125451,1.4922335,104
3.6786704,1.4623241,-3.3098435,2.4906268,-1.0649315,-1.2538034,-1.9968739,-1.830676,0.59653383,-7.4927053,-1.0039434,1.0817027,-4.6195526,-0.0051282644,-1.138587,2.0083263,104
3.386181,1.696118,-3.1675751,2.2790537,-1.2413394,-1.4138081,-1.5279894,-1.7407374,1.1526892,-6.8396225,-0.7055038,0.43009222,-4.1235185,-0.1591315,-0.81346804,2.1071756,104
3.242734,0.6399283,-2.8264782,2.0019026,-0.6872915,-1.2492392,-1.2410445,-1.6023736,0.3970074,-5.5825763,-0.7734474,0.7239574,-3.9803367,0.22568074,-0.78141725,1.762854,104
0.7900507,0.75443673,-1.0382785,1.4343013,-0.06485141,-1.5471809,-1.1692897,1.0115716,0.091889754,-2.4559262,-0.64194643,-0.75991267,-2.04391,0.2979146,0.8312541,1.8967426,84
3.1754177,1.3161052,-2.4935668,2.8163438,-1.1570522,-0.952439,-1.7535138,-1.6727022,0.5646211,-6.37276,-0.59385115,0.7367958,-3.7535644,-0.11133747,-0.7877767,1.8893608,104
3.3095047,1.9225923,-2.9850457,2.3747783,-1.3614068,-1.3182247,-1.46052,-1.6479981,1.4048829,-6.8684177,-0.60504264,0.23333542,-3.9502256,-0.38489538,-0.6824291,2.217287,104
0.8844988,0.7442948,-0.9620249,1.6367153,-0.08131101,-1.2643039,-1.015689,0.5163846,0.09114179,-2.2774525,-0.46193904,-0.7032185,-1.732253,0.24571916,0.3902666,1.8433813,84
3.7293615,1.876891,-3.6687877,2.4319267,-1.2699114,-1.6302402,-1.6054375,-2.0076559,1.5481294,-7.6932497,-0.6098806,0.42511404,-4.740702,-0.5055271,-0.49308527,2.475531,104
3.2638001,2.131462,-2.8797884,2.3039274,-1.5367397,-1.3723929,-1.6261158,-1.8509016,1.5789264,-6.9087267,-0.64533174,0.16988902,-3.9214585,-0.21698979,-0.846238,2.2245018,104
0.7049394,0.8335894,-1.0494919,1.4643692,-0.09480799,-1.4011617,-1.2053595,0.88969755,0.13020861,-2.3904762,-0.550509,-0.81471336,-1.8689554,0.21143761,0.59875923,1.8776114,84
0.682236,1.0366058,-1.1415166,1.7679092,-0.21157624,-1.1618011,-1.1530669,0.09929672,0.30885518,-2.603519,-0.3336264,-0.78667575,-1.4157903,0.066778064,-0.21422169,1.8742201,84
3.459455,1.1947105,-2.790681,2.245183,-0.92263186,-0.95553625,-2.0053904,-1.8293266,0.14999457,-6.5246105,-0.95902526,0.97190344,-4.100391,0.28268763,-1.4340136,1.6579424,104
2.9050648,0.7741665,-2.6261253,1.926711,-0.6155052,-0.98323715,-1.5359633,-1.7629302,0.14238274,-5.48949,-0.67858684,0.82096386,-3.5183249,0.16602343,-1.1140642,1.4940342,104
3.4462204,1.360214,-3.2434835,1.8032435,-0.8695301,-1.4501212,-1.6493089,-1.8468754,0.7711645,-6.680462,-0.91257685,0.71144205,-4.286807,0.24549851,-1.1870382,1.8542829,104
3.8653808,1.6695333,-3.4998739,2.429183,-1.162928,-1.6677204,-1.7442284,-1.9555976,1.1564789,-7.743618,-0.88151175,0.7919676,-4.92767,-0.11902842,-0.75928056,2.2452917,104
2.8721845,1.0017481,-2.4582784,2.2253203,-0.8216126,-0.853293,-1.7393408,-1.8303126,0.13778615,-5.680988,-0.6159644,0.78011817,-3.365966,0.1991275,-1.203821,1.4811182,1
3.8310213,1.5801848,-3.4548314,2.4192996,-1.0694861,-1.4181052,-1.9927328,-1.9172294,0.7330015,-7.7251043,-1.0512557,1.0022712,-4.787644,0.09925595,-1.1652675,2.0698187,104
3.5065475,1.9237504,-3.242254,1.9832228,-1.302147,-1.471072,-1.6055748,-1.9451461,1.3589517,-6.955565,-0.7513281,0.33626842,-4.239942,-0.20325284,-0.94869643,2.1321707,104
3.3717475,0.60716134,-2.7654595,1.9985493,-0.6220826,-1.339217,-1.267977,-1.5631232,0.42196304,-5.8606887,-0.8581774,0.9211737,-4.3162007,0.27670193,-0.71173584,1.7617017,104
0.66261286,0.8770792,-1.1177151,1.549498,-0.096977964,-1.43093,-1.2459934,0.81047827,0.16188702,-2.5256505,-0.55531704,-0.7860154,-1.8283076,0.15977368,0.50023764,1.9078792,84
3.1462572,1.689077,-2.7707884,2.840176,-1.4281335,-0.8814547,-2.177104,-2.0323918,0.49639863,-6.8376265,-0.5247216,0.6930398,-3.6873763,-0.12267916,-1.1869557,1.7646854,104
3.499949,2.2196622,-3.1577022,2.0982928,-1.4545544,-1.4432007,-1.5816689,-1.8940172,1.6855944,-7.1449533,-0.6497545,0.13117854,-4.1706805,-0.44940853,-0.80799216,2.2779512,19
0.7479401,0.9810952,-1.0997348,1.7993265,-0.21121413,-1.0731835,-1.0422466,-0.07205923,0.3845265,-2.5053587,-0.29393762,-0.76045513,-1.333236,0.04737775,-0.28599367,1.8601279,84
3.7453086,2.0290544,-3.3692427,2.6974277,-1.4615068,-1.5674102,-1.8097167,-2.0750816,1.5898217,-7.8530746,-0.6709229,0.48494458,-4.733493,-0.3833306,-0.5698689,2.5123765,104
3.113987,1.9120909,-2.3145251,1.9296035,-1.4275577,-1.1624331,-1.4182589,-1.7900786,1.4841303,-5.6606894,-0.75900424,-0.02808316,-3.495523,-0.25457454,-0.93592334,2.17241,13
0.51128393,0.8254667,-0.8544522,0.95322955,-0.20356312,-1.2302465,-1.2107158,0.69285595,0.022558317,-1.8510863,-0.39805472,-0.9158446,-1.668876,0.23094511,0.59476054,1.6065505,84
0.40844393,1.1271242,-1.0537462,1.6180507,-0.35309094,-0.9071846,-1.08248,-0.51289326,0.5252371,-2.403028,-0.13648848,-0.82366484,-0.93384176,-0.10939012,-0.82837164,1.7042116,84
3.2904189,1.141454,-2.4794326,1.8675827,-0.8236662,-0.9366861,-1.9394567,-1.5728713,0.23716864,-5.9533596,-1.0030923,0.8374617,-3.9061437,0.41496062,-1.5288372,1.5225031,104
3.027953,0.8599421,-2.684462,2.0237904,-0.717299,-1.0584636,-1.5991163,-1.8211322,0.18230082,-5.8151164,-0.73998415,0.8295294,-3.7038352,0.25515842,-1.1500449,1.555956,104
3.5510197,1.5771791,-3.2899709,1.7916163,-1.0397832,-1.4087839,-1.7501266,-1.8890743,0.9107497,-6.9242444,-0.9629464,0.64657617,-4.3713136,0.22604373,-1.2721648,1.8996314,104
3.9109263,1.9004049,-3.590624,2.511558,-1.3972203,-1.5702692,-2.0572624,-2.0624225,1.2568903,-8.248798,-0.9016681,0.88330364,-5.1153626,-0.24861206,-0.91776294,2.2240524,104
2.9117932,1.1987576,-2.5788374,2.1368418,-0.93646276,-0.9248338,-1.8827615,-1.8431864,0.27361897,-5.9892325,-0.67020524,0.76759195,-3.4706268,0.2585815,-1.3386331,1.4363072,1
3.8359547,1.9305522,-3.8132546,2.4455223,-1.4225248,-1.2313164,-2.558714,-2.2568204,0.5847115,-8.310528,-1.0575826,1.028793,-4.844386,0.023838207,-1.6639225,1.975237,104
3.4718702,2.0256026,-2.9476435,2.140686,-1.4202653,-1.3292953,-1.7338412,-1.8933899,1.3877949,-6.931697,-0.7577809,0.37411302,-4.1565275,-0.11998764,-0.9840383,2.1103275,104
3.608767,0.75827044,-2.9268138,1.8867823,-0.67632747,-1.4128168,-1.3837883,-1.5802449,0.49951798,-6.2467637,-1.0082314,0.9524807,-4.651494,0.3554039,-0.8491425,1.8555115,104
0.42670256,0.85044736,-0.9297604,1.0284098,-0.18798073,-1.2693771,-1.2211924,0.5937556,0.0863751,-1.9645605,-0.40888155,-0.8816694,-1.6178182,0.18472281,0.49393362,1.6431011,84
3.0454676,1.63813,-2.4407413,2.513466,-1.2796143,-0.90296924,-1.9333727,-1.7253335,0.6957939,-6.2047195,-0.5749668,0.52287674,-3.4491959,-0.06814293,-1.1218839,1.7177664,104
3.3597496,2.168969,-2.8425515,2.2881165,-1.5722684,-1.3335286,-1.6743877,-1.8908949,1.5846943,-6.972896,-0.68573165,0.20500325,-4.0416403,-0.28219914,-0.86722916,2.244972,104
0.48359346,1.1547962,-0.94690174,1.7255534,-0.4622718,-0.7824514,-1.0365506,-0.75175035,0.6117931,-2.4279127,-0.089426264,-0.7788177,-0.83109784,-0.17999922,-0.973352,1.6832271,84
3.5850003,1.839964,-2.804264,2.352159,-1.3812016,-1.3778284,-1.6213729,-1.9263136,1.4554186,-6.682423,-0.76059604,0.26404774,-4.2896414,-0.3550881,-0.69426584,2.4180028,104
3.1671994,1.7944466,-2.3400812,1.6189686,-1.3075463,-1.2848696,-1.5443709,-1.9088566,1.3076369,-5.304295,-0.8802358,-0.13198361,-3.5054572,-0.13760902,-1.2460515,2.0858653,104
0.3602205,0.899257,-0.8174728,0.67468524,-0.30350873,-1.1112533,-1.4741354,0.47201937,-0.06334616,-1.7112703,-0.28320026,-0.90709317,-1.546327,0.13695641,0.45257914,1.3697213,84
0.38091105,1.2055923,-1.1049973,1.6054549,-0.44262055,-0.848809,-1.2038977,-0.7543821,0.56527233,-2.5645947,-0.03722596,-0.8066835,-0.88299406,-0.21548426,-1.0372431,1.6190192,84
3.1294234,0.72791475,-1.8919399,1.0803967,-0.27824587,-1.0154829,-1.320519,-1.0964288,0.41162688,-4.1890593,-1.0949636,0.456275,-3.4213192,0.644269,-1.3725586,1.4949118,104
2.94977,0.9873252,-2.6925979,2.2850866,-0.87015617,-1.0331703,-1.8452206,-1.787757,0.22343107,-6.20453,-0.7094414,0.91920173,-3.7390747,0.26912186,-1.178699,1.5458095,104
3.3784933,1.449245,-2.9021766,2.0481486,-1.11299,-1.1297728,-1.8517175,-1.7334858,0.7791537,-6.623281,-0.94160086,0.7227697,-4.1756535,0.2763439,-1.241039,1.9098916,104
3.886455,1.7389619,-3.0315433,2.4133296,-1.3446372,-1.4425317,-1.8603079,-1.8005614,1.2574403,-7.4247036,-1.042932,0.77153736,-4.9016266,-0.1359173,-0.856818,2.2963593,104
2.78313,0.8475812,-1.8924711,1.4953543,-0.48111296,-1.0109376,-1.3129008,-1.3318874,0.47090292,-4.379116,-0.7654207,0.39750212,-3.042698,0.49189848,-1.1603918,1.4386854,104
3.4136167,1.4773874,-2.834931,2.105113,-1.098676,-1.0741566,-2.1680298,-1.8653233,0.4708435,-6.4325204,-1.0323462,0.6837168,-4.038118,0.15708813,-1.5848355,1.8596321,104
3.4516945,1.893163,-2.5992248,1.8544208,-1.2745247,-1.28056,-1.6550393,-1.8114818,1.3333768,-6.081601,-0.8882471,0.18799503,-3.928053,-0.16207553,-1.1015462,2.1196177,104
3.7589629,1.0043149,-2.95122,1.8566269,-0.854172,-1.3591164,-1.5383294,-1.6127086,0.6296789,-6.582552,-1.0696869,0.9383408,-4.8450723,0.45108855,-0.9861242,1.8960545,104
0.30932534,0.87725705,-0.85578144,0.75533736,-0.2828766,-1.1789517,-1.4034598,0.3541386,-0.020130485,-1.7488927,-0.29886344,-0.9138737,-1.4868298,0.12176578,0.37239075,1.4180884,84
3.0513506,1.0808775,-1.7586112,1.4593401,-0.7875917,-0.9597827,-1.4297864,-1.3925709,0.56630874,-4.213312,-0.9468973,0.15380745,-3.2100654,0.19600329,-1.2895815,1.7358482,104
3.279726,1.9247007,-2.400399,1.9218718,-1.4534993,-1.2341759,-1.4632626,-1.7608613,1.4753629,-5.892707,-0.8524025,0.010829493,-3.7847636,-0.24960162,-0.9699392,2.252675,104
0.31881154,1.1152419,-0.896494,1.6010411,-0.47371003,-0.7179691,-1.2039752,-0.84840083,0.5663085,-2.2666018,-0.05071038,-0.7661334,-0.6719045,-0.32267624,-1.1407454,1.5540265,81
3.592912,1.6473284,-2.785944,1.9352714,-1.1962829,-1.4294287,-1.7579885,-1.9786847,1.2473215,-6.2263355,-0.9532827,0.26549858,-4.2843122,-0.2108756,-1.0547566,2.273496,104
3.0463004,1.6775936,-2.189698,1.4397253,-1.2573459,-1.2303075,-1.5024078,-1.8342975,1.2357379,-5.035216,-0.90571314,-0.15254718,-3.4276414,-0.10392243,-1.3141763,2.0179265,104
0.27386737,0.9807738,-0.8381012,0.4780025,-0.3348024,-1.121295,-1.6885147,0.21494572,-0.09249188,-1.5368011,-0.27523878,-0.9495014,-1.3718588,0.07750398,0.21306986,1.2299103,84
0.35869396,1.3241751,-1.1815736,1.5411372,-0.51346195,-0.8139039,-1.4367483,-1.0231351,0.57819664,-2.5953908,0.013695776,-0.8328001,-0.75183207,-0.33869773,-1.3325076,1.5368235,81
3.2301128,0.41998926,-1.5774244,0.78910923,-0.21262714,-0.89556795,-1.2746441,-0.9969932,0.18687616,-3.5263762,-1.4454412,0.5172962,-3.5653038,0.732055,-1.5005817,1.6570582,1
2.967926,0.8064221,-2.2622511,1.90578,-0.6237384,-1.0750109,-1.4910052,-1.5327094,0.3580562,-5.090631,-0.83052635,0.6345513,-3.4613903,0.35029143,-1.0898445,1.6307127,104
3.2956722,0.97782594,-2.2117662,1.4622575,-0.8076589,-0.9470672,-1.5201688,-1.4495876,0.57371265,-5.1270604,-1.1978674,0.6046068,-3.8695762,0.443604,-1.328187,1.8351808,104
3.9002337,1.4131191,-2.856957,1.7459885,-0.9892292,-1.484852,-1.8506234,-1.7848423,1.0045234,-6.433692,-1.2832866,0.6094163,-4.804053,0.032170817,-1.2287085,2.2184834,104
2.850914,0.54573244,-1.5261297,1.0454907,-0.31062332,-0.9119764,-1.2873063,-1.2479696,0.24364343,-3.460453,-1.0924875,0.36550188,-3.0570054,0.58035207,-1.377506,1.5436631,1
3.3451667,0.9666386,-2.0885384,1.244255,-0.70125353,-0.92924213,-1.6165204,-1.398731,0.3428193,-4.7684236,-1.3072358,0.5365787,-3.7831864,0.46515864,-1.5945859,1.7564691,104
3.411495,1.7921865,-2.6880763,1.7945625,-1.166729,-1.3138428,-1.9053023,-1.9257252,1.0941722,-5.9676595,-0.9565817,0.19630648,-3.8796978,-0.10200875,-1.3819585,2.06779,104
3.7506905,1.1164876,-2.6806962,2.021966,-0.9162998,-1.2805814,-1.4516542,-1.5032321,0.8487014,-6.438181,-1.0871603,0.9014863,-4.6298842,0.42970365,-0.821807,1.9656272,104
0.22970442,1.0139396,-0.8419325,0.5429955,-0.33355832,-1.0899348,-1.6745486,0.27769464,-0.119845435,-1.5175608,-0.2514778,-0.9811287,-1.3078303,0.032745644,0.23065183,1.2797292,84
3.1339755,0.9034349,-1.7825038,1.3210173,-0.7781943,-0.91161704,-1.6299014,-1.4970149,0.31228304,-4.0763264,-1.1665324,0.19834225,-3.4206665,0.25733703,-1.5593736,1.8186718,104
3.23571,1.7707171,-2.37256,1.6155871,-1.355047,-1.3167865,-1.5484235,-1.83541,1.3182172,-5.468423,-0.9863764,-0.08674414,-3.738174,-0.15536699,-1.254019,2.193188,104
0.44004393,1.2846217,-1.063299,1.5274566,-0.5837118,-0.7617912,-1.3551233,-1.1951398,0.65958965,-2.4864945,-0.004861623,-0.79103935,-0.70761174,-0.32738733,-1.3662424,1.5031773,81
3.510382,1.5055332,-2.7474272,1.7932097,-1.083054,-1.367947,-1.8393033,-1.9932134,1.039581,-5.9931164,-0.9850762,0.30784112,-4.212612,-0.23320204,-1.2087793,2.1790738,104
2.8313792,1.6483296,-2.0944188,1.4946458,-1.3178391,-1.065,-1.5553706,-1.8300915,1.1916132,-5.042716,-0.8593472,-0.11079127,-3.2801938,-0.13014051,-1.3695908,1.9703556,13
0.2392164,1.0113876,-0.85057706,0.3548929,-0.3127564,-1.0983486,-1.7359324,0.11709039,-0.07557629,-1.5028415,-0.26119292,-0.937879,-1.2662492,0.13511844,0.073527694,1.1236811,84
0.37666517,1.3784014,-1.2648666,1.4982603,-0.49517414,-0.8367816,-1.5633905,-1.2050391,0.60639405,-2.7294974,0.044938922,-0.7771927,-0.7342948,-0.3197413,-1.4607234,1.4545457,81
3.3013713,0.22970054,-1.7512784,0.73379457,-0.23498908,-0.8057707,-1.5791376,-1.1926697,-0.12834613,-3.634903,-1.646234,0.6152337,-3.8839965,0.73463535,-1.7976596,1.7558141,1
2.989368,0.6150972,-1.9716933,1.3212159,-0.38495848,-1.056747,-1.5191159,-1.4924879,0.22901003,-4.2514086,-1.0847266,0.5133468,-3.425818,0.4709437,-1.3963337,1.6570952,104
3.2494771,0.8389538,-2.2125983,1.3574007,-0.81418574,-0.8822414,-1.7724655,-1.5696186,0.31008494,-5.0753903,-1.3232536,0.6351902,-3.9457664,0.48002,-1.6535034,1.7970918,1
3.733269,1.1940081,-2.6385756,1.5146807,-0.9058416,-1.3462416,-1.863342,-1.7669978,0.82150835,-5.9242215,-1.3525988,0.6230115,-4.668052,0.06300387,-1.3691475,2.1458488,104
2.958015,0.37614,-1.6776758,0.95788586,-0.2872417,-0.8702873,-1.585532,-1.3945503,-0.058854297,-3.5329711,-1.3243115,0.48074758,-3.336444,0.62246937,-1.696778,1.6003515,1
3.2795124,0.738939,-2.070353,1.0020642,-0.6676786,-0.8484783,-1.7657933,-1.4645227,0.12882653,-4.572332,-1.4997157,0.5947124,-3.890333,0.5713037,-1.8759546,1.7461448,1
3.3250227,1.6768919,-2.614661,1.7235125,-1.0958014,-1.2597022,-1.9402137,-1.9089932,0.96341616,-5.785377,-0.9614408,0.21997638,-3.8048568,-0.0906586,-1.4521916,2.0036676,104
3.6670322,0.7099285,-2.175284,1.4944236,-0.67144835,-1.1516314,-1.372586,-1.3778455,0.57504064,-5.264437,-1.3705183,0.7788277,-4.424333,0.61142445,-1.1092503,1.9202602,104
0.20895801,1.0313838,-0.8758904,0.35836035,-0.30651188,-1.0873501,-1.7452912,0.097908095,-0.1079617,-1.4894404,-0.2221955,-0.9477329,-1.2402505,0.114050746,0.082246155,1.1320701,84
2.971357,0.6055897,-1.5039035,1.0642523,-0.62130594,-0.82998353,-1.505539,-1.3634343,0.24069524,-3.5026898,-1.2817838,0.23713629,-3.294988,0.3263491,-1.5640752,1.7448606,1
3.0590217,1.6078243,-2.1444592,1.4466543,-1.282431,-1.1925341,-1.4814501,-1.7452145,1.2202299,-5.0826654,-0.9692379,-0.10822883,-3.573384,-0.15852214,-1.2884808,2.100846,13
0.47658473,1.3306178,-1.1402613,1.4391831,-0.55834043,-0.7442656,-1.4869342,-1.309632,0.62935776,-2.5399678,0.011453897,-0.76478064,-0.66142845,-0.31195778,-1.5121005,1.4028044,81
3.2910426,1.5762092,-2.6894088,2.0561333,-1.2324978,-1.1586833,-2.0262935,-2.076794,0.9532518,-6.239522,-0.83108455,0.35196233,-4.057978,-0.33415794,-1.2614875,2.1446543,104
2.7416582,1.585893,-2.0042973,1.4436904,-1.3319589,-0.95928156,-1.4548643,-1.7095702,1.2284844,-4.9798846,-0.8942386,-0.08230183,-3.269027,-0.11993521,-1.3428812,1.9804617,13
0.19900076,1.0537871,-0.8301077,0.32352448,-0.304958,-1.0361749,-1.6974785,0.14928326,-0.03410022,-1.5341166,-0.2547465,-0.9118925,-1.2213011,0.17558387,0.027222961,1.0938222,84
0.42085433,1.4754072,-1.4128398,1.6042076,-0.49600008,-0.81424034,-1.599889,-1.2135063,0.6469779,-3.0363102,0.0976643,-0.72308946,-0.7737025,-0.32579476,-1.452467,1.4495742,81
3.1348276,0.2264016,-1.7415589,1.0762646,-0.33651578,-0.72080535,-1.7658281,-1.3305188,-0.15252478,-4.10291,-1.5552186,0.80185187,-3.8579812,0.6497035,-1.7495878,1.6973795,1
2.9776986,0.50654185,-2.0606904,1.2139171,-0.412563,-0.97695607,-1.7824094,-1.6639022,-0.011101931,-4.3283777,-1.2026072,0.5724545,-3.5841453,0.44439012,-1.6854143,1.6576821,1
3.2199037,0.80429053,-2.1702003,1.5820382,-0.86944854,-0.7820925,-1.9266927,-1.5649257,0.23392572,-5.337049,-1.3299612,0.7673354,-4.0183163,0.38234153,-1.6479826,1.8137102,1
3.4846246,1.1201587,-2.471835,1.6104304,-0.95177996,-1.1631247,-1.8997941,-1.7964755,0.7588033,-5.886622,-1.246866,0.67687005,-4.465744,0.06648265,-1.3678148,2.0609117,104
2.844968,0.28444895,-1.6035732,1.1443735,-0.34401357,-0.76913375,-1.6831298,-1.3898475,-0.07443528,-3.8045177,-1.3337072,0.6421839,-3.3946,0.56704736,-1.6487663,1.5878577,1
3.0984273,0.6238076,-1.8958037,1.153021,-0.6969398,-0.70924246,-1.8150613,-1.4477336,0.07411444,-4.5594263,-1.4632349,0.68027216,-3.776434,0.52644247,-1.8328004,1.7012147,1
3.0933726,1.5692219,-2.4666574,1.7989382,-1.1037831,-1.0554478,-1.9772882,-1.8722302,0.86185145,-5.7343864,-0.8717416,0.29577464,-3.6413507,-0.12053558,-1.4478292,1.92324,104
3.7101903,0.38292715,-2.1084483,1.2678498,-0.47006342,-1.0881093,-1.5457103,-1.3359418,0.22425848,-4.8189564,-1.6254001,0.84328866,-4.544108,0.6768995,-1.394213,1.9324449,104
0.17233591,1.0661145,-0.84803456,0.35564488,-0.30655003,-1.0051154,-1.7142704,0.1180668,-0.09500496,-1.4827687,-0.20625563,-0.9265385,-1.1616322,0.11300045,0.02596426,1.1087079,84
2.7993197,0.43534642,-1.3002104,1.0368633,-0.5180043,-0.696118,-1.3610554,-1.2156352,0.24564315,-3.2774463,-1.264463,0.3547039,-3.1309211,0.40267608,-1.4245465,1.6277915,1
2.8742592,1.4753919,-1.9852405,1.4164081,-1.2279774,-1.0414253,-1.4512968,-1.6587301,1.1528733,-4.925374,-0.9292471,-0.044912115,-3.4342952,-0.1413135,-1.2765651,2.0177774,13
0.5241377,1.4430802,-1.3053967,1.5224484,-0.5725195,-0.7499872,-1.4975364,-1.3150243,0.7126894,-2.8660471,0.058887303,-0.72033286,-0.72094864,-0.27966827,-1.4909792,1.4003822,81
3.2849076,1.4857986,-2.6633475,2.1552944,-1.1595904,-1.062695,-2.0143652,-2.0020993,0.77193296,-6.095146,-0.80225784,0.3708865,-3.9621859,-0.29985067,-1.2588317,2.1386943,104
2.7571294,1.494218,-2.043904,1.5320351,-1.237576,-0.93309236,-1.4777286,-1.6608696,1.1363592,-5.0143166,-0.8904942,0.0130793005,-3.2877667,-0.10239565,-1.301229,1.9744436,13
0.2021861,1.0524765,-0.86795956,0.29785943,-0.2552377,-1.0088181,-1.7136846,0.13576658,-0.09597315,-1.5191181,-0.26887834,-0.86325824,-1.1957375,0.20780662,-0.03464593,1.067799,84
0.49280208,1.5460787,-1.4950304,1.7199601,-0.4992194,-0.79331094,-1.5869522,-1.1569369,0.6547198,-3.217917,0.10105693,-0.6935437,-0.82759684,-0.31501672,-1.4244144,1.4978449,81
3.2095876,0.39951992,-1.9323325,1.6046789,-0.39235127,-0.7174318,-1.8485787,-1.3629639,-0.05030705,-4.710475,-1.4332638,0.99791956,-3.8549082,0.59154284,-1.5195818,1.7323577,1
2.9377785,0.59095776,-2.0451765,1.5789366,-0.6066061,-0.87042856,-1.9389272,-1.7467161,0.05604534,-4.91075,-1.1412019,0.7370344,-3.6990833,0.31701365,-1.5984919,1.696817,1
3.19227,0.8847047,-2.1279006,1.874868,-0.9423585,-0.66399777,-1.9579613,-1.521871,0.33926994,-5.6600327,-1.2331157,0.90712225,-4.0058823,0.34892112,-1.4751289,1.7910957,1
3.423008,1.1682165,-2.4586117,1.8406225,-1.0088352,-0.9793167,-1.9271066,-1.7972909,0.6987857,-6.0340233,-1.1350925,0.7375959,-4.357567,0.043474898,-1.3080096,2.0590527,104
2.862491,0.4318876,-1.7154775,1.6352667,-0.47662735,-0.6897087,-1.753087,-1.4316205,0.037085593,-4.429887,-1.1997647,0.84753776,-3.4195583,0.49874198,-1.4238026,1.6029843,1
3.067783,0.7244243,-1.9393111,1.3681678,-0.71466124,-0.66162324,-1.8331561,-1.4421633,0.22315142,-4.9214063,-1.35129,0.80983675,-3.76223,0.4845811,-1.6575594,1.6582626,1
3.048027,1.519923,-2.4096277,1.8512994,-1.0676777,-0.96505195,-1.936064,-1.7945858,0.8262584,-5.641112,-0.84960586,0.30906224,-3.5640464,-0.09105909,-1.4072185,1.92711,104
3.7085109,0.29203185,-2.0472028,1.4365776,-0.51539755,-0.96936476,-1.6422834,-1.2868198,0.11744789,-4.9519997,-1.6861746,0.96314776,-4.642958,0.61736304,-1.3995235,1.9879373,104
0.14667474,1.0708842,-0.8548683,0.32773912,-0.26608634,-0.99144405,-1.7251358,0.13938871,-0.09397386,-1.5079088,-0.2399118,-0.87242734,-1.157661,0.15237422,-0.020973355,1.094282,84
2.8826454,0.49184057,-1.446153,1.3132948,-0.5408655,-0.6605948,-1.4480171,-1.2706875,0.22860382,-3.6345153,-1.2400148,0.492724,-3.197945,0.39637065,-1.355442,1.6568538,1
2.8216906,1.4908844,-2.0104868,1.5238997,-1.2650245,-0.97017694,-1.4605613,-1.6580946,1.1672804,-5.048844,-0.9112601,-0.016859934,-3.4108818,-0.15856268,-1.262053,2.048171,13
0.60414577,1.539666,-1.4196688,1.6865894,-0.5921329,-0.7234364,-1.4923599,-1.2750491,0.7209038,-3.1046226,0.082457155,-0.687583,-0.77264917,-0.28318334,-1.4404106,1.4594977,81
3.3589072,1.4885111,-2.7847803,2.2745795,-1.0942246,-1.0550845,-2.0437407,-1.9991848,0.6887699,-6.204899,-0.798569,0.44651043,-3.98001,-0.31797355,-1.2295289,2.1561162,104
2.8568013,1.4790304,-2.151793,1.680653,-1.1947935,-0.97862184,-1.4992871,-1.6849183,1.1543237,-5.247464,-0.8894644,0.10784708,-3.411174,-0.10335752,-1.2087584,2.0159628,13
0.20119815,1.0294242,-0.9105979,0.30223942,-0.19224514,-1.021582,-1.7339652,0.17362173,-0.13905747,-1.5301435,-0.2990515,-0.8139952,-1.1946108,0.22114334,-0.013378359,1.0708802,84
0.55151355,1.5574735,-1.6111729,1.8110186,-0.45019388,-0.80574656,-1.6101744,-1.1314313,0.6140083,-3.3855634,0.08400062,-0.6327548,-0.8798837,-0.29321527,-1.424931,1.517493,81
3.507059,0.6812298,-2.3486502,2.1523404,-0.44721404,-0.8145813,-1.9832535,-1.4775172,0.011479974,-5.301466,-1.3662841,0.9951656,-3.9499023,0.51969177,-1.4141574,1.9420555,104
2.9722407,0.62849647,-2.0052397,1.8775645,-0.5816506,-0.8132064,-1.875962,-1.6397892,0.13119078,-4.989426,-1.0807872,0.8444253,-3.6048188,0.32772455,-1.3763785,1.7149273,104
3.3370318,0.93353355,-2.2493339,1.9948121,-0.8463819,-0.70344436,-1.9825013,-1.5813894,0.28299844,-5.561877,-1.2306795,0.85224426,-3.9146497,0.39492333,-1.4802766,1.8264403,104
3.548816,1.1754124,-2.620429,1.9559022,-0.8805219,-1.0356601,-1.9407728,-1.7929497,0.6546647,-6.1131964,-1.1552792,0.8103813,-4.3644,0.0458021,-1.2508278,2.0982885,104
3.0785904,0.6749899,-2.0072865,2.19201,-0.568667,-0.7594731,-1.8700175,-1.5592712,0.061490625,-4.909617,-1.1200428,0.8651289,-3.4192052,0.44221067,-1.314178,1.7518618,1
3.2837932,1.00179,-2.3325891,1.7080072,-0.730212,-0.74160445,-2.0123703,-1.6542035,0.22718436,-5.359989,-1.2597659,0.7773612,-3.7353885,0.46046746,-1.684818,1.737074,1
3.1527307,1.4711366,-2.5412881,1.9543637,-0.9579159,-1.0268568,-1.9493856,-1.8316183,0.77771026,-5.7366176,-0.86585575,0.387964,-3.6311374,-0.06754583,-1.3505375,1.9534218,104
3.603857,0.31933674,-1.9810749,1.8799924,-0.6643357,-0.74791473,-1.7058785,-1.2129499,0.17379075,-5.4417243,-1.5657662,1.2028146,-4.652196,0.5353518,-1.1800282,1.9685509,104
0.15453355,1.0317657,-0.9140269,0.2860766,-0.18635648,-1.0102246,-1.7534904,0.16388378,-0.16214852,-1.5324179,-0.26903117,-0.80598277,-1.1783609,0.20191512,-0.0077643394,1.054759,84
3.0363195,0.63303095,-1.781037,1.6750091,-0.615332,-0.7441731,-1.6264253,-1.5035655,0.23175633,-4.2236185,-1.1852185,0.55151314,-3.3260753,0.38603744,-1.3502309,1.7425847,1
2.8999646,1.5069693,-2.153656,1.6706551,-1.224681,-0.99192476,-1.506835,-1.6840994,1.1692317,-5.2789307,-0.9195126,0.07976507,-3.487792,-0.16945964,-1.2143164,2.0825944,13
0.6814251,1.5599989,-1.559292,1.8226615,-0.5529931,-0.7447741,-1.5397453,-1.2742186,0.67753327,-3.2963228,0.07586661,-0.62920105,-0.8335175,-0.29189914,-1.4253237,1.5039413,81
3.540016,1.462781,-3.0353389,2.371963,-0.9419974,-1.1530153,-2.075724,-2.024199,0.63461417,-6.416632,-0.82610625,0.53619564,-4.120201,-0.2987905,-1.1792719,2.2037306,104
2.93367,1.5285908,-2.321893,1.990414,-1.226025,-0.9961539,-1.5210264,-1.7646408,1.1631002,-5.5957255,-0.8327624,0.17851637,-3.492016,-0.16243303,-1.0809311,2.1070313,13
0.23757978,1.0392768,-0.93845594,0.34655273,-0.14565489,-1.0598358,-1.7220151,0.2899199,-0.1278613,-1.5952342,-0.35589677,-0.8099697,-1.2419934,0.22421384,0.080645755,1.1532472,84
0.6296314,1.559527,-1.6829851,1.9168836,-0.40732968,-0.8206509,-1.5888124,-1.0837332,0.5795297,-3.4487379,0.060739547,-0.6189683,-0.89713985,-0.30010742,-1.3694043,1.5865839,81
3.9097242,0.72925246,-2.7318418,2.2295952,-0.2859643,-0.95698434,-1.9146082,-1.3823112,0.13063201,-5.58551,-1.4705346,0.99632835,-4.293003,0.5862538,-1.3077483,2.1356244,104
3.2245808,0.83467555,-2.4059377,2.2834644,-0.5858226,-0.91770196,-2.0233057,-1.7979455,0.113019906,-5.453357,-1.0155249,0.8446219,-3.6655521,0.33355546,-1.3545878,1.8253316,104
3.70221,0.98953074,-2.6415863,2.0080414,-0.69655657,-0.79079366,-2.0145357,-1.6354076,0.29194552,-5.7761297,-1.2696627,0.8164201,-4.1640396,0.4647733,-1.47929,1.9264041,104
3.8552012,1.26797,-3.0497463,2.0918198,-0.7584336,-1.1621761,-2.0397441,-1.8597443,0.64590317,-6.495565,-1.202874,0.86403465,-4.5822062,0.033994146,-1.2412384,2.2139332,104
3.4988148,0.81397855,-2.4911163,2.4184585,-0.48781046,-0.92876065,-1.9014068,-1.6112398,0.11874936,-5.369098,-1.1527162,0.84128296,-3.7186666,0.48323512,-1.2532942,1.9343392,104
3.6284564,1.0476205,-2.7063901,1.8665794,-0.5788663,-0.9327433,-1.9806628,-1.7217255,0.23048787,-5.5332003,-1.2785875,0.7368014,-3.904645,0.4991991,-1.5881069,1.8764893,104
3.3478673,1.5488014,-2.7823176,2.1202965,-0.934307,-1.0882698,-1.9849629,-1.8893518,0.83786505,-6.082731,-0.8667952,0.43326628,-3.8088973,-0.08039828,-1.2730083,2.049263,104
3.7422886,0.35550246,-2.0496569,2.143731,-0.63451636,-0.6988085,-1.7127292,-1.183816,0.15889554,-5.5799317,-1.545478,1.2874568,-4.684537,0.4947757,-1.0391161,2.043519,104
0.19309889,1.0445014,-0.9534621,0.36170185,-0.14665733,-1.0220577,-1.7349093,0.26201504,-0.18615271,-1.5616708,-0.31298316,-0.8112959,-1.190119,0.17417711,0.055886135,1.1523266,84
3.278003,0.7948718,-2.1085563,2.053976,-0.6480117,-0.82360494,-1.6818507,-1.6347964,0.27899405,-4.7180586,-1.1088892,0.551172,-3.4621851,0.3341391,-1.2183938,1.8999304,104
3.080103,1.5729566,-2.4280336,1.9142941,-1.1968076,-1.0698526,-1.5756717,-1.7823344,1.1632769,-5.659799,-0.8938552,0.15406664,-3.6253517,-0.18275613,-1.1437945,2.1540601,13
0.770305,1.5921787,-1.6582783,1.934656,-0.53157747,-0.76055753,-1.528816,-1.241774,0.6699815,-3.4237087,0.065932035,-0.6200047,-0.8701424,-0.29558206,-1.3788929,1.574242,81
3.6751583,1.5241508,-3.2475603,2.602612,-0.9207386,-1.2266568,-2.050602,-2.0473607,0.7163573,-6.7390165,-0.8210867,0.55689764,-4.2318497,-0.3338191,-1.0339845,2.3191338,104
2.9932702,1.5887809,-2.460749,2.1781898,-1.2901925,-1.0380305,-1.4958797,-1.7933394,1.3116425,-5.985276,-0.88955724,0.2252949,-3.6206377,-0.1799398,-0.98183286,2.208817,13
0.28476375,1.0276498,-0.91662,0.47388405,-0.12177037,-1.135026,-1.6107776,0.4480425,-0.044399753,-1.6895411,-0.4857867,-0.8503022,-1.3162565,0.22007635,0.23130792,1.3337005,84
0.6903449,1.5731745,-1.6907072,2.0327582,-0.39705956,-0.8764002,-1.5231609,-0.95792544,0.69844663,-3.6252735,-0.045988187,-0.63780886,-0.985007,-0.28831083,-1.269248,1.728653,81
4.165557,0.66602296,-2.892541,2.3577418,-0.05320763,-1.0715352,-1.6646438,-1.0371002,0.30628952,-5.6693006,-1.5348223,1.0152513,-4.505206,0.67381996,-0.9947245,2.301459,104
3.6009676,0.89599603,-2.860973,2.5126595,-0.4528513,-1.0804045,-2.0358632,-1.7890701,0.15293688,-5.8763695,-1.0483563,0.882699,-3.9583504,0.3918666,-1.2515998,1.9686052,104
3.978261,0.9792362,-2.800379,2.1349435,-0.5733472,-0.88895905,-1.8810108,-1.4921964,0.4441425,-5.9420414,-1.3287011,0.8202591,-4.375398,0.5313818,-1.2617912,2.053299,104
4.03618,1.3528018,-3.351129,2.3269477,-0.66035384,-1.2726134,-2.0396852,-1.8611056,0.702597,-6.783135,-1.1854279,0.8740412,-4.6791277,-0.005354412,-1.1078845,2.3437684,104
3.7534044,0.8414626,-2.6544704,2.7250967,-0.40733227,-1.0469503,-1.6795728,-1.338993,0.35176176,-5.6850414,-1.1917679,0.82799923,-3.9421842,0.52807397,-0.9131959,2.157094,104
3.8158772,1.1580316,-2.7321343,2.1306748,-0.61954147,-1.0268525,-1.779031,-1.4766394,0.6072956,-5.8374357,-1.3655857,0.7084127,-4.096346,0.45905584,-1.2638044,2.1069977,104
3.4336026,1.5991814,-2.8469057,2.2889233,-0.9837185,-1.0857985,-1.8955927,-1.8580282,1.0037299,-6.3164515,-0.91587013,0.43126118,-3.9136374,-0.12269628,-1.1149359,2.187458,104
4.0520883,0.280073,-2.3136654,2.2060084,-0.41053808,-0.80756676,-1.7369735,-1.2292197,0.075319216,-5.6424394,-1.6476295,1.3533585,-4.898155,0.5286428,-0.9895855,2.1638443,104
0.23096482,1.0487163,-0.930901,0.45804274,-0.13737102,-1.108172,-1.652576,0.41221786,-0.04552777,-1.7119241,-0.458228,-0.8469224,-1.2900492,0.17907083,0.18413833,1.3200728,84
3.4249096,0.97911173,-2.3252177,2.449315,-0.7752352,-0.8902579,-1.6793346,-1.6474925,0.47038728,-5.26523,-1.104448,0.518685,-3.587989,0.27339017,-1.0514591,2.0910337,104
3.167603,1.5962882,-2.5678601,2.1228037,-1.2146811,-1.1074849,-1.5270567,-1.7994255,1.2388091,-5.923075,-0.9087314,0.19289355,-3.7300951,-0.21664554,-1.0091588,2.260166,13
0.804933,1.6090302,-1.6576755,2.0614977,-0.55235744,-0.79433304,-1.4459448,-1.1376106,0.7749014,-3.577383,-0.014498919,-0.64392734,-0.93282604,-0.30001506,-1.2664177,1.7150323,84
3.5563602,1.6154478,-3.1780965,2.6618261,-1.0538739,-1.1925716,-1.9295611,-2.0273447,1.0607173,-7.001584,-0.8739077,0.47914183,-4.2463584,-0.38355437,-0.8959922,2.42575,104
3.0736847,1.6613594,-2.5947177,2.371807,-1.3924769,-1.1275147,-1.4562738,-1.8007314,1.5082628,-6.390472,-0.9926871,0.25063068,-3.7562385,-0.13486071,-0.8870271,2.3130405,13
0.45727456,0.95229644,-0.99940956,0.6389291,-0.044484504,-1.3059809,-1.523253,0.53705055,0.040174425,-1.8794713,-0.6752362,-0.81655186,-1.4980463,0.29969296,0.35478064,1.4911526,84
0.84168404,1.4995859,-1.763931,2.1965647,-0.33907825,-1.0205737,-1.412535,-0.8606036,0.76738757,-3.8062747,-0.19731225,-0.6222732,-1.1505352,-0.21199039,-1.1335397,1.8747444,84
4.149362,0.59495556,-2.8767464,2.2659898,0.05667907,-1.0614785,-1.4555159,-0.77704155,0.5073413,-5.541678,-1.5649737,0.9390476,-4.5063334,0.7138027,-0.78173923,2.3743403,104
3.8306122,0.99864656,-3.0624988,2.8750844,-0.4472901,-1.1544299,-1.8850286,-1.5477412,0.39257216,-6.3301053,-1.0744019,0.87702096,-4.1714497,0.42692208,-0.95334893,2.1958117,104
4.0316834,0.96036273,-2.7498407,2.3613,-0.6269121,-0.86371106,-1.7239089,-1.3338934,0.62290066,-6.097888,-1.3685519,0.807961,-4.464969,0.5355281,-1.0157479,2.199188,104
3.9171681,1.5150917,-3.4125059,2.3355503,-0.7256751,-1.2457958,-2.0237231,-1.8606561,1.0145198,-7.068021,-1.1820986,0.78960645,-4.635091,-0.052704424,-1.061564,2.3928964,104
3.883875,0.7440141,-2.7195566,2.8113437,-0.34891698,-1.0497843,-1.4665458,-1.1083112,0.5180271,-5.8121796,-1.2670305,0.8278129,-4.1652637,0.5956484,-0.65004855,2.3349164,104
3.7865505,1.1662059,-2.6849308,2.309842,-0.62613666,-1.0142419,-1.6063759,-1.3282019,0.78720665,-5.8770685,-1.3218079,0.62670743,-4.033844,0.46139526,-1.0344435,2.1955252,104
3.509321,1.6767422,-2.9149528,2.484127,-1.1177876,-1.1394781,-1.780518,-1.7827834,1.280634,-6.696104,-1.0254495,0.44738197,-4.0797577,-0.111166924,-0.9542665,2.3415465,104
4.475223,0.2832514,-2.7267427,2.2741528,-0.25696337,-0.92915297,-1.7406778,-1.2653537,0.13812742,-5.95264,-1.7329061,1.3855947,-5.3093495,0.56302804,-0.89170843,2.3521774,104
0.38084406,0.9616463,-0.9969364,0.60584563,-0.05845812,-1.2908621,-1.5482047,0.4947471,0.029776424,-1.8740921,-0.6486027,-0.8285242,-1.4503562,0.26051795,0.31320426,1.4716873,84
3.591676,0.97985494,-2.510559,2.737607,-0.75722086,-0.9867633,-1.5621948,-1.4984347,0.5781375,-5.611259,-1.1503217,0.5692408,-3.761955,0.35587528,-0.83027506,2.2175395,104
3.1479561,1.6573569,-2.540279,2.248361,-1.3705682,-1.1436398,-1.4008853,-1.7502279,1.5605648,-6.2453094,-1.0429137,0.17853887,-3.8490496,-0.21290004,-0.8679474,2.4049182,13
0.96397597,1.5416096,-1.7612653,2.2201204,-0.5008212,-0.93482465,-1.3667221,-1.0664359,0.8331831,-3.7788868,-0.15711857,-0.6037106,-1.1109812,-0.22041295,-1.1544864,1.839908,84
3.5847244,1.6920936,-3.2950978,2.7149158,-1.0244937,-1.1975262,-1.8730338,-1.962415,1.1420678,-7.1259546,-0.8602126,0.45958477,-4.1951947,-0.28622535,-0.8508866,2.4064758,104
3.302335,1.5259386,-2.1920533,1.9749933,-1.3104053,-1.2263933,-0.8989775,-1.5872425,1.8407108,-5.7438817,-1.219885,0.17849948,-3.87585,-0.12832408,-0.5473268,2.3924732,13
0.73518336,0.87740386,-1.1550539,0.9524839,0.102508634,-1.4650079,-1.3693519,0.77099514,0.08915155,-2.1102278,-0.83984655,-0.7422876,-1.7384833,0.3818596,0.5055908,1.7276039,84
1.1352661,1.5094068,-1.5769377,2.177308,-0.52163386,-1.000761,-1.1584749,-1.091911,0.9880971,-3.6343277,-0.22099632,-0.60670805,-1.2859244,-0.24461623,-0.87324244,1.9383105,84
4.078106,0.3227007,-2.8193629,2.239091,0.3409054,-1.1556795,-1.0813842,-0.31096727,0.49398738,-5.068402,-1.6909347,0.8237828,-4.482539,0.8494237,-0.48651636,2.6182394,3
3.946405,0.92412907,-3.105578,2.9850917,-0.3834616,-1.1759771,-1.6802969,-1.3011978,0.5441138,-6.420234,-1.1472882,0.87804663,-4.322032,0.5198919,-0.7145649,2.330763,104
4.100945,0.8176218,-2.8370256,2.5390635,-0.58923763,-0.82693255,-1.6378555,-1.2015047,0.58854544,-6.1748157,-1.4305378,0.88714266,-4.618237,0.6056623,-0.8548343,2.3346305,104
3.7196007,1.5719148,-3.402824,2.308372,-0.7419381,-1.1442457,-1.9802365,-1.8660917,1.0303541,-6.9132504,-1.1028216,0.6833423,-4.320407,-0.004160315,-1.0915046,2.3100038,104
3.8831396,0.45897222,-2.7073755,2.6016216,-0.20241898,-0.95381194,-1.3455687,-0.935343,0.42844993,-5.4372272,-1.409123,0.85368085,-4.302013,0.70341766,-0.5817286,2.4217129,104
3.9413366,1.1113442,-2.9108505,2.5821066,-0.54785895,-1.0504385,-1.5300219,-1.1272446,0.79263407,-6.127139,-1.3454634,0.6587956,-4.2213206,0.53459924,-0.84271246,2.360765,104
3.499959,1.6687715,-2.9669669,2.7230763,-1.2036669,-1.1425973,-1.7187257,-1.7396166,1.3805501,-6.9673457,-1.0752331,0.48049778,-4.1419845,-0.046294004,-0.8235376,2.4334404,104
4.572546,0.24138185,-2.77397,2.1932392,-0.16483647,-0.9386504,-1.5727296,-1.1635382,0.36157233,-6.000792,-1.7973421,1.3275107,-5.4719496,0.6278233,-0.728601,2.4614143,104
0.68122154,0.9057551,-1.1340227,0.9083216,0.058992848,-1.4233575,-1.3974729,0.70651984,0.07459785,-2.0605454,-0.8041215,-0.77122,-1.6790804,0.34295827,0.45669425,1.6972989,84
4.0786805,0.76911473,-2.289026,2.4711661,-0.7344599,-1.3436011,-0.8020995,-1.4039532,0.94171757,-5.3704314,-1.4474535,0.5611993,-4.3507123,0.40118524,-0.27177495,2.5805016,104
3.1250396,1.6487349,-2.6395056,2.4293957,-1.3935715,-1.1531736,-1.3962562,-1.7463381,1.5676265,-6.4199057,-1.0388023,0.22746123,-3.8105597,-0.12678963,-0.8058967,2.394056,13
1.2225727,1.558536,-1.5818634,2.1502147,-0.6380988,-0.92710626,-1.140806,-1.2557428,1.0567906,-3.6198733,-0.18738881,-0.5861067,-1.244473,-0.25038671,-0.9208827,1.8951719,84
3.910778,1.4936581,-2.7026975,2.2253256,-0.9047564,-1.4674044,-1.1176871,-1.6383843,1.5365559,-6.279913,-1.2137196,0.4251325,-4.4579964,-0.26127356,-0.37199533,2.5838172,104
3.5411754,1.6424729,-2.254865,1.9216033,-1.445462,-1.2579256,-0.6749326,-1.4657516,2.0149124,-6.0281944,-1.3217099,0.19748022,-4.264055,-0.16568473,-0.33991784,2.608202,13
1.0535045,0.9394332,-1.0633196,1.2433177,-0.20419526,-1.2272437,-0.917477,0.12761138,0.27626684,-2.0120366,-0.5653595,-0.7252956,-1.5397481,0.25201446,0.44417453,1.7891481,84
1.4574808,1.6419603,-1.7314392,2.3744025,-0.6488904,-0.95275855,-1.0724429,-1.2327728,1.0295296,-3.9716966,-0.13330466,-0.5187356,-1.4328864,-0.24667057,-0.68397015,2.0056598,13
3.078149,-0.24312101,-2.180538,1.3789068,0.62822056,-1.1345937,-0.8620638,-0.18946789,0.23615958,-3.54931,-1.7698262,0.74515235,-3.8345065,1.0604613,-0.4941606,2.2911253,79
3.7995627,0.66399604,-2.9751444,2.7963772,-0.27132642,-1.0412086,-1.5388746,-1.1189253,0.4142843,-5.8830585,-1.259645,0.8580271,-4.2408743,0.6136526,-0.68133104,2.3823519,104
4.2765527,0.9787238,-3.0075288,2.6680884,-0.87427986,-1.178579,-1.1760855,-1.5937558,0.8084625,-6.663007,-1.3063161,0.8050195,-4.9097075,0.56096554,-0.41709632,2.6170185,104
4.1950274,1.3926274,-3.10867,2.1661658,-0.6887219,-1.5541571,-1.2087994,-1.6283408,1.2367017,-6.455638,-1.3890225,0.6612636,-4.6956124,0.090635166,-0.539429,2.5677166,104
3.283194,0.08651276,-2.4902494,2.0832138,0.014836669,-0.8982947,-1.3649135,-0.91249275,0.21120015,-4.7318897,-1.4848114,0.8762686,-4.006104,0.8918566,-0.7155921,2.193365,18
3.757506,0.8000269,-2.891721,2.4594178,-0.39435875,-1.0185885,-1.3977845,-1.037334,0.6524253,-5.7992077,-1.373896,0.6657442,-4.1943765,0.7151128,-0.7664077,2.3565392,104
4.1114693,1.6374102,-2.8749096,2.4250665,-1.2691034,-1.4836411,-0.98084366,-1.554564,1.8694366,-7.0387926,-1.398195,0.4925061,-4.9276686,-0.10477579,-0.26463684,2.8464506,104
4.6119075,0.25896603,-2.8799865,2.3295002,-0.1976937,-0.9241765,-1.4891021,-1.0458056,0.45824772,-6.195201,-1.8534362,1.3078183,-5.5751104,0.6819874,-0.6147264,2.6117842,104
0.8915884,0.7616669,-1.2512345,1.2697883,0.19554368,-1.535636,-1.1816082,0.9492157,0.064170316,-2.2477264,-0.9344039,-0.6681179,-1.8509853,0.41982204,0.6392101,1.9102004,84
4.148821,1.445985,-3.1201377,3.2805047,-1.1596221,-1.2906637,-1.3316989,-1.7132981,0.9415191,-7.1673512,-1.1167737,0.68848157,-4.572687,0.2135266,-0.32372898,2.7705894,104
3.5944197,1.5217369,-2.2580945,1.8982683,-1.3459651,-1.3819332,-0.6592836,-1.511158,1.988649,-5.906748,-1.3231223,0.18572383,-4.3300576,-0.19797845,-0.30574453,2.6323156,104
1.541621,1.7099622,-1.7130979,2.3029175,-0.80633545,-0.86691767,-1.0749547,-1.4086648,1.1076584,-3.9184146,-0.11445573,-0.51593935,-1.3934008,-0.27983344,-0.72531825,1.9601668,13
3.9914298,1.6761448,-2.7789252,2.1092696,-1.1481218,-1.4003978,-0.88776815,-1.5160352,1.6845622,-6.5944285,-1.2441278,0.37700576,-4.7351084,-0.25055796,-0.26347786,2.742216,104
3.4910107,1.9269855,-2.4767625,2.0521846,-1.6517369,-1.1760381,-0.7810403,-1.5691253,1.9391885,-6.394566,-1.1342556,0.0912732,-4.217015,-0.2785102,-0.37735695,2.6498632,13
0.86000043,1.1414461,-1.2110331,1.6518639,-0.33663562,-0.9835573,-0.8377734,-0.37935275,0.5785867,-2.5635095,-0.27150044,-0.6674297,-1.1298794,-0.0076481253,-0.09514862,1.848362,84
1.7059155,1.7203871,-1.9002998,2.6196275,-0.7284175,-0.846694,-1.0877862,-1.1980247,0.9546134,-4.383633,-0.02705869,-0.4015255,-1.56452,-0.2908503,-0.50410557,2.0098517,13
2.4527838,-0.6635494,-1.9275678,0.94626975,0.7376617,-1.0478177,-0.9527427,-0.31790805,0.024598807,-3.0617185,-1.7320168,0.8887917,-3.664908,1.1025662,-0.4806916,2.0096083,79
3.186553,0.26011834,-2.6516004,2.215732,-0.09253274,-0.93843615,-1.5075657,-1.110001,0.1965413,-5.0965996,-1.3427906,0.8958664,-3.9559784,0.79218006,-0.7917407,2.131978,79
4.277059,1.4730252,-3.8868816,3.6428313,-1.2436697,-1.2223177,-1.8475165,-2.0035546,0.7702173,-8.586005,-0.9518359,1.0449727,-5.2500935,0.23042285,-0.37498832,2.8576803,104
4.1578135,1.6127353,-3.1819086,2.037973,-0.91740584,-1.4246198,-1.0851672,-1.6332309,1.2159191,-6.533551,-1.206486,0.55720073,-4.66119,0.10641481,-0.48303637,2.5578191,104
2.8915846,-0.075588204,-2.0606475,2.0326176,-0.13877408,-0.99830866,-1.0119379,-1.3282335,-0.00401026,-4.2314243,-1.0605103,0.7810365,-3.6135974,0.88227457,-0.49285325,2.0455549,79
3.6124465,0.9569519,-3.0510707,2.6005583,-0.7105789,-1.2373874,-1.1938529,-1.5596342,0.57517904,-6.1402965,-0.9965447,0.65074295,-4.1602607,0.62906843,-0.50278664,2.3564243,104
4.101549,2.1409025,-3.4099321,2.8261142,-1.5937663,-1.4020784,-1.3158777,-1.765802,1.8911849,-8.15233,-1.1239041,0.48723978,-5.0402775,-0.26181883,-0.31969684,2.9332151,104
4.7527227,0.27412814,-2.825474,2.2960353,-0.39615625,-1.2663256,-0.8546991,-1.2411511,0.7241936,-6.277479,-1.9482698,1.2959234,-5.7821827,0.74081814,-0.17903534,2.9049153,104
0.9399745,0.833672,-1.2172838,1.4089028,-0.14608893,-1.265358,-0.8831498,0.35938463,0.25052607,-2.2875888,-0.58047855,-0.73072934,-1.6080025,0.26743096,0.55281687,1.8973119,84
3.9184828,1.7574878,-3.4169552,3.3584127,-1.4551011,-1.0438619,-1.5974855,-1.9456408,0.7499719,-7.6208854,-0.8747252,0.678737,-4.4496007,-0.03348758,-0.48289064,2.7785108,104
3.5279906,1.8037969,-2.4347217,2.0443544,-1.6408182,-1.1911336,-0.6922889,-1.542326,1.9747707,-6.4261556,-1.1847967,0.17325334,-4.3936615,-0.30121964,-0.28504977,2.718237,13
1.7690337,1.8186442,-1.8735816,2.5453343,-0.91106904,-0.75634915,-1.1033932,-1.397469,1.0325961,-4.3412056,-0.009140253,-0.41088766,-1.528048,-0.34054404,-0.55148846,1.9831188,13
3.6994424,1.9532143,-3.0164437,2.043264,-1.4362711,-1.211981,-1.12889,-1.8347635,1.5007724,-6.8381863,-0.9252425,0.32012928,-4.485443,-0.35448268,-0.45199412,2.595823,104
3.3748276,2.185076,-2.9920204,2.3584971,-1.8063143,-1.0120511,-1.2265699,-1.8761743,1.6469266,-7.1757646,-0.7089864,0.1957909,-4.217572,-0.4850928,-0.4726005,2.58371,13
0.9109345,1.2737076,-1.6238232,1.9776784,-0.6411128,-0.67767984,-1.0586725,-1.1616822,0.63016784,-3.2687132,-0.039599463,-0.41026422,-0.9331007,-0.2449761,-0.5887456,1.7542777,84
1.7851518,1.768555,-2.1475651,2.880303,-1.0054541,-0.58399695,-1.3763146,-1.4770974,0.80794084,-4.9930067,0.112404674,-0.15381828,-1.6496513,-0.45046058,-0.49931222,1.9178448,13
2.530142,-0.97438985,-2.1394658,0.88106143,0.30524796,-0.97140193,-0.51114476,-0.8983674,-0.23320581,-3.3862896,-1.4905089,0.9663185,-4.201942,1.0373847,-0.22043595,2.113481,79
2.9610262,0.10101511,-2.5635998,1.7059344,-0.27814615,-0.9940926,-1.0319692,-1.4587748,0.0800246,-4.743624,-1.0497768,0.80671823,-3.9693375,0.7938188,-0.5960572,2.0375977,79
3.894877,1.1479079,-3.6156032,3.5530376,-1.3938416,-1.0235987,-1.6892536,-1.981667,0.36241305,-8.051001,-0.88509804,1.1631151,-5.058749,0.20236972,-0.35293075,2.8021133,104
4.271836,1.5129616,-3.6599975,2.1111102,-1.125599,-1.336112,-1.2966013,-1.8410248,0.9524834,-7.2638125,-1.1833701,0.8245872,-5.288282,-0.03670296,-0.43850878,2.7540133,104
2.8524792,0.041919984,-2.782687,2.443542,-0.55359596,-0.9018554,-1.3075159,-1.8124079,-0.2922849,-5.4359474,-0.8404525,1.0921236,-3.992536,0.72757924,-0.51000863,2.1439865,18
3.2976289,1.1015781,-3.4971893,2.947011,-1.1349438,-1.2130674,-1.6745682,-2.1626968,0.36461273,-7.0702953,-0.7698007,0.9097698,-4.197472,0.46313977,-0.67172927,2.3238785,104
3.8930273,2.2480996,-3.6166503,2.93437,-1.7292308,-1.2454538,-1.5914626,-2.0894277,1.5993434,-8.395172,-0.7778716,0.53644234,-4.889484,-0.42395267,-0.3683371,2.8138459,104
4.7577043,1.0834818,-3.8865478,3.3147626,-0.87810695,-1.1884243,-1.6893041,-1.8043783,0.49439096,-8.224348,-1.4059777,1.3936657,-5.78373,0.48805803,-0.37606043,2.994418,104
0.70526236,1.019436,-1.4552227,1.8693866,-0.32236475,-0.95134276,-0.78897035,-0.35728854,0.5751298,-2.8574736,-0.28865546,-0.61171013,-1.0955316,-0.06880638,-0.22570887,1.9574213,84
3.8121524,1.4301397,-3.2946327,3.2559695,-1.2318475,-0.9563383,-1.4971542,-1.7902079,0.40447807,-7.0350065,-0.861336,0.7253757,-4.2716527,0.06736036,-0.47873396,2.7367532,104
3.273104,2.0279784,-2.640822,2.1660423,-1.8242707,-0.99469984,-1.0016114,-1.7918042,1.7509928,-6.776759,-0.8653828,0.18007626,-4.1894994,-0.46708754,-0.40866977,2.6147733,13
1.8444406,1.8692725,-2.1688323,2.7836504,-1.1015868,-0.5879097,-1.3919742,-1.6141207,0.8702167,-4.964075,0.12248179,-0.18259494,-1.6519084,-0.46129814,-0.55724394,1.8893234,13
3.7367907,1.7932862,-3.3730848,2.044259,-1.4543344,-1.3062375,-1.258045,-2.0176928,1.3155203,-7.2967305,-0.8565923,0.58893955,-4.8636866,-0.31338912,-0.40500674,2.628655,104
3.1481218,2.1668944,-3.2659638,2.5703025,-1.7452891,-1.0211489,-1.4302833,-2.0625331,1.4085573,-7.329303,-0.42495602,0.24744268,-3.9314306,-0.4841919,-0.46256986,2.509107,13
0.8575321,1.3595349,-1.9006246,2.0222201,-0.770344,-0.59716284,-1.2410557,-1.350443,0.5656945,-3.514016,-0.03481123,-0.36516845,-0.87676626,-0.33154845,-0.7869679,1.7580285,84
1.622337,1.6371402,-2.3584137,2.752118,-1.1509436,-0.41406938,-1.5953209,-1.7795385,0.62801665,-5.0599713,0.13703349,0.016657457,-1.5805724,-0.5185627,-0.6338228,1.7922136,13
2.759713,-0.5496233,-3.0115626,2.9739218,-0.4423464,-1.1458043,-1.7563701,-1.9337697,-0.6839158,-5.977318,-1.2292311,1.6538827,-4.6737075,0.6749932,-0.38160533,2.3277802,18
2.788519,0.2039472,-3.2497487,2.527176,-0.678848,-0.98791176,-1.6657631,-2.1182823,-0.28637898,-6.037826,-0.770352,1.1123345,-4.128562,0.5633375,-0.68189573,2.094187,79
3.6597927,0.59240234,-3.128802,3.3800254,-1.0478727,-0.94387937,-1.4394622,-1.7143642,0.081797555,-6.9051046,-0.9369814,1.142819,-4.704869,0.4200617,-0.2714191,2.6923432,104
4.1584716,1.4276007,-3.6692598,2.1593847,-1.1277077,-1.4169049,-1.6041067,-2.0771391,0.7230731,-7.2760615,-1.1991194,0.94822013,-5.2208867,-0.017174423,-0.6728752,2.67677,104
2.5352104,-0.12842679,-2.5613039,2.5948534,-0.7073659,-0.7737869,-1.4378242,-1.871513,-0.5964686,-5.0925546,-0.93217295,1.106638,-3.6820328,0.7068184,-0.70614874,2.1051393,18
3.0831084,0.7747936,-3.2788885,2.9664354,-1.0966334,-1.0691404,-1.6628551,-2.1227343,-0.07106991,-6.4790616,-0.73839986,0.9706025,-3.951717,0.4984731,-0.73529524,2.2196233,18
3.5501165,2.2625322,-3.5504928,2.6708746,-1.7866837,-1.0797439,-1.6303823,-2.1785455,1.4437654,-8.013752,-0.5543477,0.48062247,-4.498556,-0.43679744,-0.47969806,2.6717322,104
4.639326,1.1058486,-4.1167474,3.4343476,-1.1993889,-1.084244,-1.715976,-1.9564061,0.30850047,-8.710034,-1.2742672,1.560673,-6.0299854,0.34503505,-0.30088505,3.0819175,104
0.6422685,1.1604786,-1.8268216,2.0183272,-0.46370932,-0.8462177,-0.96247774,-0.74770004,0.5350149,-3.2505317,-0.16959181,-0.5274136,-0.9708356,-0.19712847,-0.53048587,1.9317715,84
3.4064653,1.2378758,-2.9731083,2.8224406,-1.0488245,-0.93788934,-1.3880963,-1.7822362,0.3206,-6.0127983,-0.8008524,0.54157484,-3.6575546,0.14996016,-0.6152398,2.5215313,104
3.1834059,2.02738,-3.013205,2.2325735,-1.800138,-0.93722653,-1.2581642,-2.0045362,1.4630351,-7.062522,-0.5823878,0.2932279,-4.168796,-0.5323092,-0.46024126,2.520908,13
1.743379,1.7986836,-2.4398272,2.8010082,-1.2308339,-0.39644668,-1.6545539,-1.854979,0.6788675,-5.201721,0.1799033,-0.03804788,-1.6216146,-0.5746382,-0.6834281,1.8247088,13
3.5160532,1.8543948,-3.4758954,2.0465488,-1.3745437,-1.3719276,-1.5403731,-2.2310457,1.1145364,-6.995706,-0.73269844,0.4317165,-4.361059,-0.28316492,-0.6931559,2.4921608,104
3.310438,2.313871,-3.5484526,2.1940002,-1.5783446,-1.3389245,-1.698596,-2.1874301,1.424725,-7.3015,-0.5441048,0.13749056,-3.9918418,-0.38530383,-0.82890636,2.46626,104
0.80721855,1.5859962,-2.0498972,1.7580239,-0.9350778,-0.5794159,-1.334584,-1.6107614,0.6427957,-3.435564,-0.031315506,-0.5419157,-0.6940549,-0.3530085,-1.0958626,1.6961794,81
1.6424314,1.781539,-2.5681036,2.5998578,-1.3126193,-0.5648197,-1.8865242,-2.098871,0.7385094,-5.3941116,0.060174584,0.03582497,-1.730557,-0.5317185,-0.9175123,1.8027045,13
2.1145036,-1.1063088,-2.4378417,2.6175637,-0.27214885,-1.1016487,-1.1813511,-1.5118631,-0.8709539,-4.896018,-1.2638798,1.631053,-4.195055,0.92588717,-0.20726308,2.1660204,18
2.6129227,-0.021321682,-3.0079231,2.9531746,-0.8689681,-0.9102605,-1.7113161,-2.0809314,-0.60740113,-5.881474,-0.8706917,1.243241,-3.9882562,0.5749521,-0.69611907,2.143566,18
3.2628736,0.5332161,-2.795995,3.119732,-0.9368869,-0.8370578,-1.2524798,-1.6247077,0.054117948,-6.041258,-0.7200701,0.96256447,-4.073978,0.47695887,-0.25538194,2.4737074,104
3.6449945,1.1857976,-3.101956,1.9790198,-1.0006688,-1.3250544,-1.4811082,-2.048736,0.5933193,-6.2187924,-1.0813799,0.756389,-4.4775414,0.043791562,-0.72986096,2.4559913,104
2.0876038,-0.2235137,-2.367584,2.45471,-0.64585984,-0.6288273,-1.2490401,-1.8002299,-0.5868727,-4.6001444,-0.75578105,1.0507134,-3.209337,0.70089346,-0.5573079,1.9800214,18
2.6139786,0.4683218,-2.6353338,2.7420254,-0.96102786,-0.90719765,-1.3566198,-1.8591341,-0.06300764,-5.346171,-0.7398511,0.7907355,-3.3639653,0.55373985,-0.6188929,2.165733,18
3.5203419,2.1752648,-3.7659132,2.3527942,-1.5055026,-1.382099,-1.7499921,-2.2581434,1.3106185,-7.5270114,-0.6029724,0.28181368,-4.235697,-0.27051032,-0.7641251,2.5394013,104
4.30751,0.59842926,-3.554397,3.4100108,-0.9515635,-0.9918278,-1.5046556,-1.7579957,-0.15661977,-7.451024,-1.2692118,1.4305543,-5.4835944,0.43689328,-0.29623085,2.9900792,104
0.5303338,1.3102293,-2.003781,1.883659,-0.60857594,-0.80680865,-1.1265976,-1.0157756,0.54740787,-3.3413146,-0.18473712,-0.55002105,-0.8226151,-0.24177647,-0.83014,1.8841507,84
3.1780367,1.2308834,-2.790474,2.4720612,-1.0919907,-0.9704446,-1.3577237,-1.8413517,0.3544513,-5.4932804,-0.82330686,0.36305404,-3.371561,0.22218913,-0.8123855,2.380265,104
3.0486765,2.0727658,-3.2612054,2.1266217,-1.6744167,-1.1401349,-1.4301143,-2.1444817,1.3755108,-6.971026,-0.49075723,0.18266807,-3.889552,-0.43835303,-0.6430524,2.4171884,104
1.8428408,1.8496902,-2.6449332,2.4783635,-1.2957418,-0.53970957,-1.8200748,-2.028454,0.71796495,-5.2646103,0.054714262,-0.025854334,-1.797087,-0.5314022,-0.9277674,1.8058723,13
3.475727,1.979265,-3.4592326,1.8560513,-1.3793293,-1.4420128,-1.6496544,-2.258869,1.2819433,-7.011341,-0.78533566,0.301727,-4.3163066,-0.28859812,-0.8664216,2.4939098,104
3.26985,2.1465034,-3.410644,2.0101342,-1.4084212,-1.4211011,-1.6300011,-2.0809247,1.401603,-6.8647423,-0.6901988,0.03524877,-3.856523,-0.29764864,-0.9155128,2.4628053,104
0.8456673,1.5789044,-2.1664386,1.6615566,-0.9430554,-0.6093028,-1.4176426,-1.8038132,0.6165228,-3.4511201,-0.012331367,-0.52187353,-0.69656014,-0.30002427,-1.2147453,1.6152848,81
1.7546479,1.8822452,-2.7386236,2.3795357,-1.3448923,-0.5806418,-1.8930035,-2.1571553,0.77448106,-5.308227,0.013271838,-0.07662836,-1.7410189,-0.49936718,-1.0943013,1.7983435,13
1.7355945,-1.1524514,-2.2763684,2.4325738,-0.21146572,-1.0321828,-0.96298647,-1.4917145,-0.7157826,-4.6958942,-1.0166514,1.6176583,-3.8879082,1.0028918,-0.029330097,2.0145268,18
2.121509,-0.35300878,-2.497655,2.6215792,-0.6605899,-0.8014305,-1.3389461,-1.8986564,-0.6535166,-4.9296494,-0.7607129,1.1972879,-3.4801219,0.7161136,-0.5088721,1.9443246,18
2.9896276,0.41886154,-2.587639,2.8707223,-0.90021825,-0.8145053,-1.140281,-1.5540664,0.059160233,-5.489649,-0.65615416,0.8839512,-3.7522151,0.515229,-0.26694417,2.2677915,18
3.440496,0.9371844,-2.7118552,1.4942459,-0.87565064,-1.2902218,-1.1721207,-1.7993132,0.62670475,-5.199662,-1.2074943,0.5228513,-4.1620855,0.12657903,-0.7791192,2.3702047,104
1.7587452,-0.098437615,-2.3356009,2.3720708,-0.6203235,-0.60858554,-1.2067709,-1.7985156,-0.49957252,-4.3082447,-0.51673996,0.9264611,-2.7322285,0.6263342,-0.5223151,1.8093373,18
2.3311844,0.5589418,-2.4660928,2.4388013,-0.927454,-0.84041345,-1.23417,-1.830391,0.05764404,-4.8021255,-0.5220648,0.62342286,-2.9012852,0.5638234,-0.6255227,1.9575189,1
3.3877766,2.1100605,-3.6094217,2.1054654,-1.4388366,-1.4454688,-1.7167265,-2.2188213,1.3380122,-7.082912,-0.68516517,0.10615493,-4.015658,-0.23679993,-0.92062825,2.4939833,104
3.7322974,0.38372472,-2.9029825,3.2281184,-0.71832883,-0.92136383,-1.2223613,-1.5511388,-0.1355078,-6.1130347,-1.1168069,1.1574153,-4.541588,0.46235585,-0.19430251,2.8087711,18
0.4476028,1.4900068,-2.099662,1.6645559,-0.68273795,-0.73908716,-1.2285626,-1.290076,0.5839788,-3.2866368,-0.0601656,-0.6111069,-0.6229125,-0.21978591,-1.0444235,1.7403336,81
3.0295103,1.23154,-2.8316426,2.2002707,-1.1108016,-0.9546183,-1.3698859,-1.910542,0.34039018,-5.3372173,-0.8059688,0.34227812,-3.2521079,0.24826467,-0.934934,2.245084,1
3.1157959,2.161302,-3.3443608,1.8645159,-1.5549879,-1.2948382,-1.5560873,-2.175013,1.4241419,-6.7278104,-0.58234334,-0.022549197,-3.7668355,-0.39632168,-0.8995265,2.4080582,19
1.9770285,1.945595,-2.8826194,2.4470592,-1.3979647,-0.59795487,-1.9715958,-2.191193,0.7897281,-5.7391086,0.020682633,0.033071697,-2.0674407,-0.5170835,-1.0547398,1.8391482,13
3.46046,1.5925043,-3.2842622,1.5739665,-1.1539011,-1.5264485,-1.4835613,-2.1099343,1.2288924,-6.3757963,-0.9945459,0.28674912,-4.291113,-0.17326578,-0.8770269,2.448308,104
3.219884,1.8428273,-3.3573625,1.5147104,-1.2118326,-1.4668803,-1.5379157,-2.0634463,1.281376,-6.198183,-0.88581556,-0.0053661913,-3.758744,-0.17152715,-1.1151537,2.3417706,104
0.90952617,1.5841427,-2.264137,1.5681016,-0.96286905,-0.6287162,-1.4731781,-1.9175045,0.66546345,-3.583105,-0.017546684,-0.49483436,-0.7792604,-0.26575577,-1.2862484,1.5790995,81
1.7648726,1.8512737,-2.7035067,2.0930257,-1.3470315,-0.62466025,-1.8227262,-2.1885445,0.8768222,-5.1252756,-0.07497056,-0.1716561,-1.7735947,-0.4957144,-1.1584237,1.8118124,13
1.4536788,-1.1110005,-2.0372145,2.3279214,-0.22634184,-1.026559,-0.93847245,-1.4442805,-0.6298005,-4.165455,-1.0352104,1.377777,-3.4511535,0.89164793,-0.10301708,2.0163443,18
1.8756729,-0.26784953,-2.4220715,2.4509563,-0.6039392,-0.7956795,-1.2331471,-1.8616455,-0.52634925,-4.63765,-0.5683471,1.1029847,-3.1246011,0.69353324,-0.45001516,1.8098103,18
2.8258555,0.38949603,-2.4162643,2.6680136,-0.87632453,-0.9156945,-1.0708668,-1.4769125,0.1671424,-5.16533,-0.69585943,0.83368707,-3.5658207,0.54487807,-0.28037113,2.1484785,18
3.4244347,1.0120293,-2.8324175,1.06477,-0.89818716,-1.3820142,-1.0805825,-1.7742274,0.78971374,-5.0263753,-1.2632666,0.2982353,-4.108435,0.18006295,-0.9416459,2.3141978,104
1.6051291,0.039052792,-2.1265156,2.2810235,-0.6717856,-0.7436656,-1.131321,-1.7027833,-0.29007035,-3.9214547,-0.56247085,0.6980759,-2.395473,0.60482806,-0.5856917,1.7916013,18
2.1290362,0.47895664,-2.301736,2.2148776,-0.86262465,-0.84793633,-1.0845268,-1.7046717,0.110813275,-4.316621,-0.4790722,0.5137099,-2.6316476,0.5740635,-0.5935123,1.8161868,1
3.2821825,1.9645337,-3.5065138,1.8387765,-1.3794496,-1.3728793,-1.6675944,-2.1739602,1.254395,-6.5673456,-0.7948778,0.0341025,-3.8096273,-0.18451451,-1.0757606,2.427251,104
3.3942978,0.30985877,-2.7316976,2.932219,-0.76525235,-0.90619946,-1.1883383,-1.6212853,-0.18265073,-5.616006,-1.0021738,1.1216143,-4.2007394,0.5535163,-0.29649004,2.5282772,18
0.4474455,1.5015163,-2.1831136,1.5174536,-0.70110714,-0.7513795,-1.3183508,-1.5074302,0.5736773,-3.3040304,-0.036711425,-0.58804244,-0.6114993,-0.16614288,-1.2012737,1.6356695,81
2.8434837,1.2104033,-2.7917116,1.8856305,-1.0655522,-1.0039833,-1.3787742,-1.8803229,0.4491162,-5.121236,-0.82652205,0.28541362,-3.0938103,0.2300022,-1.0285075,2.0900984,1
3.0890548,1.8475837,-3.2294638,1.6789578,-1.3190504,-1.3637587,-1.4552264,-2.086947,1.3136512,-6.157983,-0.74371594,-0.054915637,-3.632539,-0.27252764,-0.94691515,2.3700936,104
2.014321,1.9190565,-2.9521024,2.249566,-1.4046708,-0.65055615,-1.9738374,-2.2441292,0.85156894,-5.6576004,-0.08180384,-0.01158455,-2.1236746,-0.5082214,-1.1539779,1.8662145,13
3.3807008,1.5328376,-3.3331614,1.3692397,-1.1164163,-1.5472143,-1.4643469,-2.051845,1.3308781,-6.2281475,-1.0720582,0.18731569,-4.182995,-0.22876517,-0.9493545,2.4133494,104
2.91101,1.7050424,-3.0736558,1.2022907,-1.207177,-1.330445,-1.3961756,-1.9607713,1.3799323,-5.7472095,-0.88291323,-0.1027082,-3.4428887,-0.21405645,-1.1213703,2.1782186,19
0.9417226,1.6628859,-2.3156204,1.7001129,-0.9850763,-0.6422737,-1.5527403,-1.9319868,0.7250003,-3.7516475,-0.005318761,-0.5233915,-0.799929,-0.35750574,-1.3087809,1.6436391,81
1.7373087,1.7299163,-2.6057234,1.8465747,-1.2901145,-0.76521164,-1.7426534,-2.155374,1.0405285,-4.919978,-0.2154406,-0.23162991,-1.8361243,-0.50356805,-1.1583946,1.8349694,13
1.409924,-0.98620075,-1.8049809,2.3192825,-0.22657868,-1.0361731,-0.92266494,-1.4201641,-0.52934,-3.8585057,-0.9888187,1.2194991,-3.1281283,0.8666704,-0.1715864,1.9327576,18
1.62024,-0.36417642,-2.1294172,2.3576555,-0.4872031,-0.9224476,-1.1027391,-1.6618277,-0.49051952,-4.0422435,-0.6238459,0.95733297,-2.757824,0.6829592,-0.43985468,1.7573962,18
2.7199917,0.41155496,-2.4130886,2.609209,-0.8611145,-0.9956864,-1.1509876,-1.5300063,0.16452399,-5.1257815,-0.76578784,0.7986521,-3.4296403,0.4881273,-0.4052889,2.1140385,18
3.431921,1.0420487,-3.047204,1.2299207,-0.941584,-1.467923,-1.21457,-1.8038281,0.81928414,-5.460958,-1.3162146,0.31795645,-4.176208,0.12843561,-0.993667,2.3481681,104
1.5514048,0.032370575,-2.0559797,2.2280579,-0.5942764,-0.8467867,-1.1561188,-1.6971788,-0.3113802,-3.8044868,-0.6116855,0.6386486,-2.279616,0.6041847,-0.6806382,1.7506208,18
2.0122972,0.51303357,-2.273871,2.1484418,-0.8457229,-0.8638355,-1.0835079,-1.6613865,0.14615497,-4.231381,-0.5078643,0.4342782,-2.4575434,0.53137565,-0.6440986,1.7779142,1
3.0857024,1.8301975,-3.3622782,1.4297858,-1.3183211,-1.3404063,-1.5183437,-2.0890975,1.3791026,-6.1292124,-0.8166154,-0.06578159,-3.6084485,-0.2106325,-1.1002862,2.262355,19
3.1317632,0.2823492,-2.56125,2.6424212,-0.7836096,-0.92470264,-1.1474085,-1.5424923,-0.113008246,-5.252922,-1.0055547,1.0928631,-3.9435441,0.5950353,-0.36443692,2.3190157,18
0.4369496,1.583411,-2.2151797,1.5366112,-0.7413895,-0.74463266,-1.3852763,-1.5769709,0.66098285,-3.395853,-0.027334392,-0.63701844,-0.5794927,-0.24649955,-1.2693996,1.6577007,81
2.7563977,1.1941359,-2.833337,1.8732771,-1.0338217,-0.9904431,-1.425683,-1.869369,0.4444955,-5.217642,-0.82972544,0.28131473,-3.0144122,0.22379154,-1.0958169,2.0226042,1
3.0667574,1.737304,-3.3028064,1.3442613,-1.2247967,-1.4369646,-1.423121,-2.0835037,1.4023091,-5.952819,-0.85147136,-0.10720953,-3.6256452,-0.26607934,-1.0425698,2.3073385,19
1.9679643,1.7641078,-2.8013914,2.0138507,-1.318757,-0.76046836,-1.8452206,-2.1425526,1.0117836,-5.381862,-0.2031745,-0.066141605,-2.1596398,-0.5174494,-1.104866,1.880597,13
3.2572494,1.6742122,-3.3672898,1.5118321,-1.27161,-1.4729018,-1.5604022,-2.074327,1.4679159,-6.508022,-1.0521536,0.1146584,-4.034375,-0.37385622,-0.9749405,2.4359782,104
2.7819536,1.5966402,-3.0371196,1.3339698,-1.2026774,-1.3120786,-1.4097593,-1.941658,1.3364164,-5.863972,-0.8813595,-0.03706807,-3.4026425,-0.24476606,-1.064925,2.1626437,19
0.966638,1.6814798,-2.3508549,1.8966082,-0.9677677,-0.6751304,-1.5757248,-1.9016061,0.7674953,-4.042291,0.038158685,-0.49206394,-0.91008466,-0.3939993,-1.2622552,1.6919687,81
1.7000948,1.6446342,-2.5473883,1.940405,-1.2810638,-0.77463806,-1.68275,-2.068464,1.076561,-4.9091725,-0.21700117,-0.21359682,-1.8389399,-0.5358802,-1.0623071,1.8540963,13
1.4959924,-0.8526616,-1.761757,2.1404738,-0.21281816,-1.03385,-0.9120573,-1.4518566,-0.45205528,-3.654678,-1.0093324,1.0397823,-2.9680467,0.83233345,-0.3361172,1.8676803,18
1.6122341,-0.35467634,-2.0394926,2.2943583,-0.43795422,-0.9177273,-1.1089284,-1.6238925,-0.5039292,-3.8633265,-0.6592869,0.887305,-2.6242814,0.65921384,-0.5326811,1.7167186,18
2.6706948,0.5338094,-2.4529772,2.5022006,-0.86832285,-0.9631441,-1.2191048,-1.580189,0.17405103,-5.06401,-0.747958,0.66747314,-3.2365243,0.38642254,-0.56612235,2.063411,18
3.3317156,0.9639622,-3.1754112,1.6163956,-0.97302496,-1.427445,-1.333785,-1.7878835,0.75533384,-6.057534,-1.244273,0.5341747,-4.2701387,0.11319943,-0.89059913,2.323956,104
1.6094385,0.17928937,-2.088201,2.1251278,-0.5882366,-0.8672408,-1.2300749,-1.7889862,-0.27531594,-3.7543254,-0.6002618,0.48300958,-2.1511807,0.5203932,-0.859102,1.7297744,8
1.965706,0.587672,-2.3128145,2.0731244,-0.86114204,-0.8965389,-1.11907,-1.7076787,0.2090327,-4.248277,-0.53194624,0.31437397,-2.3505526,0.4767745,-0.7498932,1.7545564,1
2.8770232,1.7308816,-3.2365093,1.4261696,-1.3143413,-1.2916733,-1.4628263,-2.0372174,1.3834065,-6.046974,-0.78861773,-0.070280194,-3.4331553,-0.2346249,-1.0586203,2.1773217,19
3.0967734,0.35175246,-2.6545334,2.5595875,-0.7755945,-0.9912418,-1.2725811,-1.5443597,-0.07754086,-5.3306117,-1.0768853,1.0471599,-3.8736005,0.57146025,-0.52646327,2.275059,18
0.43192112,1.5853647,-2.2054677,1.6657828,-0.7324245,-0.74892575,-1.4170024,-1.5704173,0.6861846,-3.5285041,0.0050101876,-0.64594907,-0.6039831,-0.30243412,-1.2619255,1.6942761,81
2.6856897,1.1985698,-2.8429878,1.8540026,-1.0242591,-1.0268661,-1.4630616,-1.9193959,0.5003339,-5.345306,-0.83279747,0.25152743,-2.987712,0.21933982,-1.1443923,1.9830549,1
2.8556514,1.7736696,-3.2270093,1.3570267,-1.3127763,-1.3557559,-1.444572,-2.085719,1.5572997,-5.995065,-0.81437635,-0.18331206,-3.403603,-0.39315867,-1.017506,2.2621226,19
1.8694695,1.6414576,-2.6385605,1.988577,-1.2973577,-0.79286236,-1.7322006,-2.057377,1.1112776,-5.1928234,-0.2625665,-0.1192354,-2.0936146,-0.5593655,-1.0163498,1.9204454,13
3.1868405,1.5728533,-3.3759751,1.7172657,-1.2734101,-1.4643127,-1.5488586,-2.055819,1.4114212,-6.820996,-1.0171219,0.24632658,-4.1137557,-0.3523407,-0.87361735,2.4140005,104
2.8026938,1.53143,-3.150254,1.503197,-1.1545272,-1.3981482,-1.4450018,-1.9664853,1.2993528,-6.148872,-0.8418773,0.06462006,-3.5246332,-0.20878798,-1.00965,2.1526048,19
1.0182432,1.6967663,-2.3953116,2.077592,-0.9632726,-0.7648657,-1.6164756,-1.9037881,0.8292681,-4.3226805,0.034952104,-0.47679383,-1.0589808,-0.45047173,-1.2284963,1.7788693,81
1.7381221,1.600125,-2.5482008,2.2326431,-1.2797153,-0.7896064,-1.6669788,-2.0304472,1.0276405,-5.1537056,-0.1597374,-0.14005458,-1.9550638,-0.5756604,-0.9347959,1.918623,13
1.529408,-0.58066237,-1.7973883,2.1037683,-0.33604744,-1.0128927,-0.99726945,-1.5956434,-0.38580626,-3.6471102,-0.96742374,0.8364513,-2.7164006,0.7164108,-0.5510175,1.8460978,18
1.6424092,-0.13037558,-2.0385063,2.20849,-0.51258564,-0.89491314,-1.1653736,-1.687625,-0.37442482,-3.817891,-0.6526456,0.6851677,-2.4250998,0.5513663,-0.69814175,1.717693,18
2.6553524,0.6934209,-2.5116537,2.2569065,-0.8974929,-1.0089809,-1.2443244,-1.643152,0.34979784,-5.0313506,-0.7467137,0.48295712,-3.140051,0.32247198,-0.71495134,2.011304,1
3.2870517,0.9065885,-3.2481036,1.7554654,-0.94582355,-1.4776096,-1.3756638,-1.8201994,0.7811884,-6.3538156,-1.2226416,0.61200535,-4.352948,0.11856958,-0.8266222,2.3168998,104
1.7011843,0.3497507,-2.0957942,1.9500667,-0.6072719,-0.86734253,-1.2504771,-1.842738,-0.14524375,-3.6727495,-0.5682328,0.28621334,-2.0655007,0.45033067,-1.022355,1.7002841,1
1.9771298,0.73039806,-2.372551,1.9398531,-0.8963188,-0.90924823,-1.1809962,-1.7869946,0.30177158,-4.2740583,-0.5527953,0.16128571,-2.2697537,0.40117913,-0.92110026,1.7488813,1
2.7816825,1.5229659,-3.189964,1.5762457,-1.2287878,-1.3647857,-1.4390974,-2.0383816,1.277235,-6.1787343,-0.8000538,0.070831165,-3.507127,-0.16433483,-0.9667868,2.1591985,19
3.0632885,0.5060921,-2.7330854,2.461732,-0.8074542,-0.9984515,-1.4002779,-1.5852495,-0.017108485,-5.3950152,-1.1050856,0.92009497,-3.727796,0.4986506,-0.740683,2.2348657,18
0.4608904,1.5851269,-2.1708567,1.7490069,-0.737977,-0.7684578,-1.4228373,-1.5988709,0.73261714,-3.6437619,0.0373165,-0.64965147,-0.6684076,-0.3365532,-1.259687,1.7097507,81
2.6857338,1.2077335,-2.864974,1.8161579,-0.978577,-1.0777214,-1.5070312,-1.953989,0.5245786,-5.3896456,-0.8157863,0.21720712,-2.9993541,0.22897968,-1.2132101,1.9480585,1
2.775682,1.6569474,-3.2499957,1.5713627,-1.2813902,-1.395633,-1.4527104,-2.0937014,1.4977049,-6.230815,-0.77537125,-0.06972939,-3.4469614,-0.395993,-0.9060725,2.2577417,19
1.8780843,1.5425828,-2.6060228,2.2800384,-1.3015102,-0.83544743,-1.706435,-2.0232978,1.0670221,-5.372967,-0.23078251,-0.04654984,-2.1939268,-0.5863955,-0.8842618,1.9765993,13
3.2380307,1.5248626,-3.439153,1.7865912,-1.1917456,-1.5288795,-1.5058949,-2.0034378,1.3646152,-6.8457866,-0.96412915,0.2595597,-4.138757,-0.30471414,-0.8450126,2.3724692,104
2.8195226,1.590732,-3.2347023,1.6310974,-1.1306198,-1.4108392,-1.4641223,-1.969692,1.3122033,-6.2464333,-0.7248888,0.050239846,-3.4859602,-0.23687267,-0.9857494,2.1190302,19
1.065784,1.6337968,-2.3686082,2.236465,-0.91320634,-0.7797913,-1.585794,-1.7881761,0.7989143,-4.4187474,0.052176267,-0.44294327,-1.1528558,-0.48795012,-1.1563284,1.8229702,84
1.8370949,1.580796,-2.6028924,2.384706,-1.2283239,-0.8598758,-1.629956,-1.9545319,1.0322032,-5.287175,-0.14405836,-0.1413223,-2.0691056,-0.6069058,-0.8720664,1.9741513,13
1.5782864,-0.23627266,-1.8487777,2.0682364,-0.44841644,-0.9446593,-1.0949595,-1.6792642,-0.29887098,-3.5975187,-0.8448478,0.59279,-2.3925605,0.57244974,-0.77247137,1.7893529,18
1.6868163,0.08143276,-2.0418694,2.0796595,-0.56874394,-0.89001864,-1.2135305,-1.7615511,-0.22316246,-3.7779624,-0.6286938,0.4849192,-2.268509,0.4750076,-0.8658038,1.6951213,8
2.675234,0.80538505,-2.590266,2.0961084,-0.88680446,-1.0701051,-1.300041,-1.6872948,0.4529819,-5.0234118,-0.7754674,0.34435266,-3.0880797,0.24888018,-0.8650466,1.9914943,1
3.38288,0.9496057,-3.4113708,1.772091,-0.8678614,-1.6087173,-1.4428,-1.877872,0.8260282,-6.5167613,-1.198919,0.5868244,-4.428989,0.107002005,-0.87875867,2.3095133,104
1.7185631,0.39877626,-2.064616,1.8536791,-0.5812422,-0.88592166,-1.2704151,-1.8485467,-0.085810885,-3.6213555,-0.565252,0.19585128,-2.0232608,0.40168378,-1.1178229,1.6761639,1
1.993132,0.8678455,-2.4366107,1.7818729,-0.900576,-0.91972023,-1.2266085,-1.8143787,0.39912063,-4.2353635,-0.5400385,0.013620585,-2.1780381,0.3385581,-1.068778,1.7096975,1
2.8158417,1.5360211,-3.2577202,1.6500837,-1.1736144,-1.4183227,-1.4430745,-2.0403762,1.2766486,-6.253957,-0.7278975,0.07025613,-3.513974,-0.15385044,-0.95769817,2.1290882,19
3.067115,0.5894349,-2.8126085,2.2953281,-0.7769164,-1.0323036,-1.4772091,-1.6491163,0.0122920275,-5.404363,-1.1278949,0.80658615,-3.6599057,0.46016866,-0.9206135,2.18087,1
0.47574562,1.5368689,-2.1037612,1.8061179,-0.7142452,-0.78969234,-1.4145012,-1.5742674,0.73363113,-3.6400821,0.04137814,-0.6513782,-0.6971545,-0.38025492,-1.2372544,1.719843,81
2.6731534,1.2401464,-2.8621736,1.7717515,-0.90958035,-1.0560589,-1.5244608,-1.8946772,0.5423754,-5.288453,-0.718511,0.1600944,-2.9146645,0.18082625,-1.2620201,1.8643589,1
2.811291,1.6491181,-3.3333557,1.7502686,-1.2384783,-1.4523978,-1.453448,-2.0826108,1.4810401,-6.378603,-0.6844721,-0.039542302,-3.477617,-0.39782947,-0.8398061,2.2440681,19
1.9913043,1.5205613,-2.6693983,2.476131,-1.2488216,-0.8803487,-1.657557,-1.9280348,1.0263036,-5.525993,-0.17788532,-0.029622793,-2.3073974,-0.60968953,-0.79956245,2.016067,13
3.2969391,1.5594105,-3.5130293,1.847674,-1.1441059,-1.5884124,-1.4966903,-1.9705904,1.4055082,-6.869591,-0.8979169,0.24776988,-4.146946,-0.31860673,-0.816851,2.3446171,104
2.8285096,1.5814595,-3.2256343,1.7919606,-1.1025741,-1.3611455,-1.457084,-1.9190626,1.2804432,-6.248344,-0.6167469,0.08602451,-3.4438305,-0.2815943,-0.9173883,2.0752616,19
1.116288,1.5710914,-2.3282678,2.3937016,-0.8571793,-0.75772953,-1.5117443,-1.6339482,0.76566464,-4.438469,0.08260018,-0.4154215,-1.1929821,-0.52779615,-1.0611795,1.8456361,84
1.9182781,1.5688211,-2.6089869,2.586812,-1.1852112,-0.85295916,-1.6050906,-1.8290253,1.0051632,-5.3562336,-0.12008989,-0.13812281,-2.0992832,-0.6544076,-0.81946003,2.0136986,13
1.6888158,0.020471256,-1.9311577,1.9995736,-0.505682,-0.87275016,-1.1302655,-1.6878122,-0.2002983,-3.6363838,-0.71522826,0.45087367,-2.2694764,0.47241056,-0.9092684,1.7210553,8
1.73239,0.19068514,-2.0528603,2.0631967,-0.5857856,-0.85039747,-1.2741499,-1.783467,-0.18824898,-3.8152456,-0.58546007,0.42301893,-2.2062511,0.40925515,-0.9655264,1.6719078,8
2.6793728,0.89432967,-2.6419961,1.9969343,-0.84811604,-1.0339048,-1.3394723,-1.6514758,0.46290612,-4.9657283,-0.70589936,0.26888394,-2.9910495,0.18533158,-0.9741602,1.9070907,1
3.4210124,1.0221972,-3.4583533,1.7830735,-0.82891214,-1.6379611,-1.4807227,-1.8618578,0.8933943,-6.5528955,-1.1272581,0.5526044,-4.402722,0.07006584,-0.9106867,2.25039,104
1.7875144,0.50348884,-2.0926173,1.7557043,-0.56666553,-0.877207,-1.2821326,-1.8161868,-0.014584228,-3.6476474,-0.521157,0.12929724,-2.015372,0.3530201,-1.1976175,1.6196479,1
1.9787489,0.9404566,-2.4575646,1.7038888,-0.8690491,-0.8750467,-1.263813,-1.7866292,0.39443192,-4.161625,-0.47673666,-0.05188431,-2.0735517,0.27570617,-1.1656675,1.636068,1
2.8378124,1.6492416,-3.3329163,1.661652,-1.1543188,-1.4189872,-1.438297,-2.0155258,1.3817225,-6.254912,-0.6019963,0.009026453,-3.4363666,-0.19697371,-0.9548546,2.0492563,19
3.141191,0.7539963,-2.8968103,2.0878959,-0.780715,-1.0740165,-1.5119417,-1.6723418,0.14974499,-5.403392,-1.1493642,0.6282247,-3.615511,0.39822662,-1.0869943,2.1517127,1
0.49484175,1.4601408,-2.0326743,1.8806559,-0.6602489,-0.7579656,-1.3581269,-1.4599284,0.67890954,-3.5769572,0.08191481,-0.6221966,-0.703739,-0.41157854,-1.1723444,1.6976595,81
2.6445508,1.1818362,-2.8307698,1.7471858,-0.8114885,-1.0536778,-1.5585487,-1.8431731,0.4928131,-5.209205,-0.68625736,0.18945782,-2.8907635,0.13985758,-1.2987239,1.7912734,1
2.844466,1.7127191,-3.3930542,1.8817381,-1.209166,-1.4784043,-1.44486,-2.0416133,1.5428001,-6.4496717,-0.58363247,-0.05636029,-3.4562898,-0.43944344,-0.78292245,2.2244363,19
2.0956385,1.5215316,-2.7079258,2.6342702,-1.206095,-0.9028503,-1.6066651,-1.8246228,1.0368226,-5.6052375,-0.15817629,-0.036829606,-2.3641596,-0.64878243,-0.7348497,2.0489354,13
3.3343177,1.4679843,-3.475964,2.007043,-1.0699638,-1.5455785,-1.4765086,-1.8778259,1.2876526,-6.7547493,-0.8252896,0.3172124,-4.113819,-0.33539408,-0.74875724,2.2961774,104
2.8541198,1.5675873,-3.1859155,1.947457,-1.0705605,-1.3244551,-1.447299,-1.8580409,1.2432749,-6.2143116,-0.5459138,0.14050795,-3.4125795,-0.31506675,-0.85138345,2.0437489,104
1.220242,1.5301672,-2.2852714,2.5514421,-0.80819905,-0.7745269,-1.464427,-1.5045341,0.7501415,-4.487122,0.06379229,-0.3773959,-1.2763766,-0.5369295,-0.9856765,1.8807384,84
2.0119495,1.5398471,-2.5883877,2.8074827,-1.1539159,-0.8052721,-1.5691223,-1.7071384,0.92842054,-5.392776,-0.09629573,-0.092815,-2.1216927,-0.6885776,-0.7359198,2.0422068,13
1.785115,0.18358599,-2.0099347,1.886701,-0.49825785,-0.8970302,-1.1351681,-1.6641223,-0.10255329,-3.6748629,-0.64069086,0.35897195,-2.251884,0.41510898,-0.9963053,1.6590896,8
1.8289126,0.34947836,-2.119151,1.9846436,-0.593807,-0.8254059,-1.2746923,-1.7591864,-0.11053683,-3.8493543,-0.5057488,0.33527935,-2.1727762,0.34657997,-1.0357182,1.6202333,1
2.704095,0.9347267,-2.6921568,1.9419495,-0.8032141,-1.0530075,-1.4038646,-1.6445055,0.45345837,-4.999239,-0.690724,0.26951033,-3.0033846,0.13906287,-1.064224,1.8614296,1
3.4090426,0.9484783,-3.409807,1.9718028,-0.79301035,-1.568882,-1.5237799,-1.8233968,0.7681281,-6.5595694,-1.0575525,0.649374,-4.380552,0.020353474,-0.8734971,2.2207954,104
1.8471111,0.61845523,-2.1315365,1.6701628,-0.5509944,-0.8789962,-1.3014457,-1.7566189,0.05578348,-3.6651788,-0.4709915,0.07420884,-2.0037458,0.3044943,-1.2784855,1.5541328,1
2.001206,1.0092456,-2.477221,1.6002718,-0.8208231,-0.86429787,-1.2987154,-1.7614127,0.41490692,-4.0760813,-0.4286597,-0.10181232,-2.021026,0.22558358,-1.2691832,1.5652407,1
2.7803693,1.4947774,-3.1984804,1.8978442,-1.0772467,-1.296068,-1.4304674,-1.9117658,1.1583824,-6.06834,-0.4972782,0.117118075,-3.3204021,-0.23358296,-0.86845595,1.9904262,19
3.2123263,0.8616396,-2.9628572,1.9236716,-0.73921585,-1.0821394,-1.5642056,-1.6506654,0.2142662,-5.390371,-1.1321013,0.5331955,-3.5916274,0.35318872,-1.2401476,2.0725472,1
0.5743034,1.399001,-1.9672502,2.0187826,-0.6025574,-0.7386548,-1.31581,-1.346912,0.60436064,-3.5356965,0.1048255,-0.5731997,-0.736636,-0.42266762,-1.1111989,1.6948853,81
2.666892,1.1931329,-2.8413317,1.7459289,-0.75923896,-1.0230476,-1.5882106,-1.7979705,0.46272102,-5.190094,-0.6325373,0.23659332,-2.886774,0.08451262,-1.3194005,1.7136577,1
2.8564034,1.6076142,-3.304861,2.151196,-1.1407775,-1.3891386,-1.4192884,-1.9236298,1.3956549,-6.338702,-0.47624347,0.033214062,-3.3841588,-0.46840096,-0.6708093,2.1848319,19
2.1803553,1.4684815,-2.663231,2.8330736,-1.1560706,-0.8611896,-1.5838885,-1.7137415,0.9359315,-5.5734577,-0.14488387,0.0005516112,-2.3606954,-0.67529,-0.6773074,2.062496,13
3.3702939,1.4020139,-3.4101887,2.1146183,-1.0299541,-1.4917614,-1.4273307,-1.7839607,1.2161475,-6.6299257,-0.7657429,0.38063502,-4.1159954,-0.3514143,-0.67249686,2.259696,104
2.921032,1.5149014,-3.0890157,2.1141996,-1.0443901,-1.2841748,-1.4229434,-1.7830724,1.1497321,-6.0955114,-0.521381,0.21119933,-3.4102693,-0.3052268,-0.7881273,2.0206363,104
1.4536425,1.2708932,-2.099817,2.8598766,-0.7489779,-0.7840746,-1.385458,-1.4404105,0.5481575,-4.4588957,0.063052535,-0.15320013,-1.574276,-0.48656225,-0.77049875,1.902789,84
2.139553,1.4837413,-2.5365584,2.922091,-1.1166126,-0.8263093,-1.5123644,-1.5945554,0.888893,-5.37197,-0.14092487,-0.059896022,-2.2119174,-0.6660961,-0.6666533,2.0683706,13
1.9304453,0.35484442,-2.0563428,1.7904943,-0.51006925,-0.9057019,-1.1308601,-1.6224886,-0.015037283,-3.599067,-0.5837089,0.2226993,-2.2232387,0.3333368,-1.1047976,1.6134492,1
1.9418017,0.4735903,-2.1735787,1.8711776,-0.57833767,-0.85885376,-1.2875054,-1.7138242,-0.022741169,-3.85484,-0.4911071,0.2562744,-2.1984117,0.29757658,-1.128869,1.5841994,1
2.8333347,1.0463066,-2.7755344,1.8759311,-0.81802714,-1.073161,-1.4100864,-1.6444553,0.5331894,-5.0574327,-0.6906178,0.21917234,-3.0771248,0.065253556,-1.1229908,1.8531927,1
3.4768033,1.0130564,-3.4378927,2.0348263,-0.7952888,-1.547199,-1.5221491,-1.7942463,0.7709111,-6.5531106,-0.97224885,0.65705884,-4.3755813,-0.048340358,-0.85110927,2.180336,104
1.9786509,0.72116065,-2.164797,1.6062815,-0.5687786,-0.9108122,-1.2810912,-1.7093109,0.15032852,-3.6714714,-0.4693451,0.008472323,-2.0736015,0.24965721,-1.3307161,1.5386337,1
2.0831435,1.0795796,-2.5200353,1.4837791,-0.777897,-0.8873539,-1.2996294,-1.7515204,0.45917177,-4.0250216,-0.40804803,-0.14595163,-2.040707,0.19055527,-1.3552771,1.5106618,1
2.8125765,1.4731069,-3.1884205,1.9630977,-1.0203282,-1.2922463,-1.4155674,-1.8837452,1.1093853,-6.0019703,-0.44533828,0.18103714,-3.3122005,-0.23548564,-0.8363029,1.9374204,104
3.2513642,0.95681244,-3.0094924,1.79629,-0.7154107,-1.0712128,-1.6170843,-1.6211191,0.27998042,-5.449544,-1.1187894,0.4938392,-3.591501,0.29444385,-1.3522887,1.9960399,1
0.6706862,1.287506,-1.8892131,2.2025113,-0.53155744,-0.8300484,-1.279875,-1.2149992,0.543464,-3.5671194,0.0424698,-0.4880972,-0.87694067,-0.41140962,-1.0038834,1.7316682,84
2.7374456,1.2424846,-2.849189,1.7416233,-0.7680212,-1.0374651,-1.5907676,-1.7936357,0.48959464,-5.2097616,-0.6104712,0.25076407,-2.937536,0.057023257,-1.3396561,1.6671734,1
2.9287975,1.5711628,-3.2450445,2.2828088,-1.0937014,-1.3503351,-1.4025855,-1.838182,1.3386548,-6.259501,-0.45373124,0.10045318,-3.3950317,-0.46501863,-0.6195389,2.1663766,104
2.294817,1.4138826,-2.586076,2.9557,-1.1163268,-0.8695158,-1.5490031,-1.6207124,0.88578856,-5.5353465,-0.19062819,0.050240904,-2.4361224,-0.65718746,-0.6166821,2.0786042,13
3.454702,1.350709,-3.3512404,2.1259212,-1.0317655,-1.5304465,-1.3409858,-1.7201777,1.2270876,-6.5632114,-0.82478243,0.39066535,-4.22302,-0.3278569,-0.63234663,2.286001,104
2.979968,1.5152761,-2.9497385,2.127818,-1.0967463,-1.285526,-1.3455522,-1.6908981,1.2068275,-6.042665,-0.5975114,0.19893561,-3.4775794,-0.28496498,-0.74391437,2.0583742,104
1.691748,1.2080078,-1.8913819,2.9172363,-0.73881567,-0.7443415,-1.3522382,-1.4769036,0.5083593,-4.4517317,0.074429005,-0.0061768293,-1.7722629,-0.46992582,-0.6304383,1.8196859,13
2.483911,1.259321,-2.3839498,3.164968,-1.031525,-0.8663469,-1.485354,-1.6395732,0.7204176,-5.530895,-0.14131136,0.2591306,-2.7158701,-0.59452826,-0.43986213,2.0736403,13
2.0085971,0.44170833,-2.089739,1.7621223,-0.52903473,-0.9835069,-1.1216366,-1.5814147,0.090879485,-3.7004654,-0.62426716,0.16783054,-2.3133254,0.25013834,-1.1531708,1.6233552,1
2.0798633,0.5805383,-2.212259,1.8130211,-0.6046879,-0.91957533,-1.2635012,-1.6855985,0.09233409,-3.9041262,-0.50876975,0.18087305,-2.297185,0.23407078,-1.1799366,1.5959288,1
2.907231,1.0919178,-2.7792726,1.8745643,-0.8716465,-1.058171,-1.3681269,-1.6347033,0.60128564,-5.153672,-0.7098111,0.21541272,-3.1704469,-0.0007245168,-1.1150118,1.8498242,1
3.5678253,1.0394859,-3.4220114,2.033093,-0.8103242,-1.5659835,-1.4527259,-1.7507491,0.7907425,-6.4944706,-0.9692902,0.64307106,-4.4292974,-0.06972028,-0.8282923,2.1711986,104
2.0479882,0.7781351,-2.1583636,1.588302,-0.60770893,-0.9517996,-1.256983,-1.6433705,0.2596577,-3.8016245,-0.5415995,-0.0024195164,-2.1787732,0.21301731,-1.3438671,1.5426857,1
2.1337843,1.1361465,-2.5018756,1.428845,-0.7920079,-0.9102718,-1.279526,-1.7630099,0.5293443,-4.0754824,-0.42385745,-0.16214351,-2.118311,0.13514753,-1.3865211,1.4960586,1
2.8790486,1.4832072,-3.113504,1.990367,-1.0420452,-1.3098378,-1.3557708,-1.8438742,1.1564716,-5.9659925,-0.48355058,0.1829008,-3.370675,-0.22067527,-0.8035196,1.9454318,104
3.2927508,1.0077138,-3.0172334,1.7589561,-0.701619,-1.0301836,-1.6777887,-1.5872635,0.27142188,-5.500907,-1.0976985,0.5258239,-3.619777,0.23253453,-1.4274755,1.9319805,1
0.92994016,1.1208638,-1.6600769,2.4312096,-0.523479,-0.8147328,-1.2093053,-1.2480787,0.43912184,-3.569263,0.07516244,-0.29140833,-1.1704384,-0.3506927,-0.808132,1.7280046,84
2.7355247,1.2794361,-2.7462485,1.8134156,-0.8422586,-0.976385,-1.5750806,-1.7498454,0.51235384,-5.2458315,-0.6170174,0.2747833,-2.9531329,0.0061545894,-1.3068266,1.6666434,1
3.0053551,1.5352743,-3.1420262,2.3417106,-1.1116334,-1.37982,-1.346803,-1.7513413,1.35259,-6.2095513,-0.53606385,0.10578178,-3.479495,-0.4378858,-0.5856287,2.2185237,104
2.631859,1.1920686,-2.4649844,3.1094365,-1.0602143,-0.9793215,-1.4783111,-1.6192168,0.810386,-5.691328,-0.26763242,0.29059827,-2.9760187,-0.59680486,-0.40797126,2.1489828,13
3.4620426,1.3525302,-3.2465608,2.106205,-1.0983098,-1.5237074,-1.2599936,-1.6356968,1.2882767,-6.5389132,-0.903548,0.36696994,-4.2713428,-0.33208176,-0.6073896,2.3179505,104
2.989196,1.5278586,-2.881121,2.0669594,-1.1595105,-1.3572229,-1.2590461,-1.5757679,1.3664819,-6.141678,-0.70722485,0.1724117,-3.6082242,-0.30541787,-0.6997312,2.1214461,104
1.8896536,1.2739085,-1.8567392,2.9467936,-0.7863915,-0.6471682,-1.4239852,-1.5524067,0.5313718,-4.6797123,0.1130462,0.12948246,-1.91707,-0.48255447,-0.53445864,1.7450213,13
2.7166493,1.3102795,-2.3754406,3.2259889,-1.0273192,-0.88032216,-1.5659873,-1.6993562,0.7494454,-5.906774,-0.1279749,0.42356122,-3.0532136,-0.60535395,-0.35162035,2.0550444,104
2.0910227,0.41643378,-2.096317,1.8913673,-0.5666345,-1.0247514,-1.1303593,-1.5800667,0.085797995,-3.899407,-0.65702987,0.23632698,-2.4750938,0.13944452,-1.0859976,1.64126,8
2.1904442,0.58696675,-2.1886394,1.897951,-0.65412986,-0.9314567,-1.220999,-1.6523318,0.13631234,-4.0589466,-0.5298042,0.2150989,-2.473732,0.16499165,-1.1149789,1.6241654,1
3.0297444,0.957915,-2.7481341,2.0935044,-0.8785131,-1.0275037,-1.3382475,-1.6263953,0.4610327,-5.355977,-0.6862438,0.40435958,-3.4172142,-0.03685001,-0.9659597,1.8356342,104
3.5809422,1.0570209,-3.3146143,2.0715365,-0.8767532,-1.5293704,-1.393441,-1.6872275,0.82295716,-6.523387,-1.0048263,0.65409416,-4.4687195,-0.108233586,-0.7890473,2.1783764,104
2.0469258,0.81225634,-2.1242256,1.675243,-0.66912675,-0.9297822,-1.26088,-1.5752575,0.3029992,-3.9748132,-0.58821535,0.04360178,-2.2098267,0.1397041,-1.3044419,1.5235281,1
2.1336994,1.1206415,-2.4438791,1.4712887,-0.8071772,-0.91575915,-1.2672982,-1.7313321,0.5399975,-4.188003,-0.45698693,-0.10982981,-2.2034273,0.106347546,-1.3622704,1.4914993,1
2.9071276,1.500584,-2.9878914,1.990904,-1.1038868,-1.3247858,-1.2699792,-1.7504294,1.2396688,-5.970476,-0.5624844,0.15760134,-3.448673,-0.23161489,-0.75790054,1.9991366,104
3.4014745,1.1151795,-3.072625,1.6834792,-0.74348366,-1.0497775,-1.6926517,-1.5835465,0.36696962,-5.6179786,-1.1245008,0.49979454,-3.7108302,0.18606192,-1.5037313,1.8955692,1
1.2201515,1.1207315,-1.5488487,2.5097575,-0.55997205,-0.72890246,-1.212909,-1.31487,0.42005372,-3.7018685,0.10199487,-0.16373883,-1.3908334,-0.34575772,-0.7180128,1.6797556,84
2.744329,1.3933741,-2.7452261,1.8544804,-0.95077944,-0.9721723,-1.5531554,-1.7186941,0.6215108,-5.480363,-0.6489899,0.28014153,-3.031439,-0.06318162,-1.2810566,1.6929436,1
2.994207,1.4854469,-2.980273,2.2779875,-1.1803575,-1.4208649,-1.2284446,-1.6317376,1.4736876,-6.1722546,-0.6503086,0.08250506,-3.5817132,-0.4407394,-0.52891314,2.269647,13
2.8700383,1.3009566,-2.518713,3.2321768,-1.0815238,-0.963285,-1.5872362,-1.6563468,0.8023007,-6.1205235,-0.26412827,0.45059174,-3.2924492,-0.6063878,-0.35771096,2.1594632,104
3.7384956,1.1275563,-3.181093,2.469417,-1.0896076,-1.6101023,-1.3208575,-1.6237941,1.1482294,-7.0665736,-0.97415644,0.7446091,-4.9073634,-0.28971437,-0.4012118,2.39092,104
3.3395386,1.5758511,-2.9478319,2.2447047,-1.2386693,-1.4225258,-1.2835345,-1.5242543,1.3519901,-6.6417027,-0.7534363,0.31228095,-4.121448,-0.27225083,-0.60676575,2.2230968,104
2.1298926,1.4685899,-2.0497046,3.0242057,-0.8785671,-0.64921737,-1.5086207,-1.5957971,0.58575255,-5.0362053,0.12663695,0.07002677,-2.0559483,-0.4481163,-0.5703217,1.7927123,13
2.880772,1.5753498,-2.5723803,3.3488932,-1.1169952,-0.84342784,-1.6964881,-1.7524256,0.74018085,-6.258993,-0.06469686,0.36827236,-3.1046379,-0.5700408,-0.4162567,2.0764217,104
2.2277806,0.3852097,-2.1187882,1.9695505,-0.53108114,-1.0028336,-1.1589291,-1.5734648,0.0036958605,-4.0808573,-0.6609973,0.37893307,-2.6344266,0.06872493,-1.0142779,1.5913446,8
2.2524207,0.5599069,-2.10643,1.9807285,-0.61671734,-0.9008619,-1.2237229,-1.6350093,0.10799762,-4.178375,-0.4993384,0.33871084,-2.5737774,0.07757421,-1.0125897,1.5631449,1
3.1200461,0.94075185,-2.6950994,2.237636,-0.84269536,-0.98043317,-1.4033785,-1.6470543,0.37802505,-5.656546,-0.64458966,0.6337939,-3.6114225,-0.078975186,-0.8612015,1.7539159,104
3.8336396,0.88141644,-3.3033912,2.4409127,-0.9343574,-1.5478715,-1.4096894,-1.6897509,0.6735083,-7.0219927,-1.0315931,0.97184825,-5.0058637,-0.08337412,-0.5878145,2.2296028,104
2.3064756,0.5929389,-2.0569336,1.9386624,-0.6222755,-0.8524671,-1.2693646,-1.5985007,0.016691089,-4.1450233,-0.56125003,0.3509208,-2.5441792,0.16839364,-1.1399875,1.4634243,1
2.289534,0.9746372,-2.3331523,1.6557823,-0.7788148,-0.88144934,-1.2476156,-1.7088647,0.39610565,-4.328929,-0.4460761,0.11126007,-2.4759443,0.13673142,-1.2137239,1.457555,1
3.1874878,1.3073282,-2.8898501,2.2843099,-1.0948505,-1.3958586,-1.2179205,-1.7136995,1.1136614,-6.289012,-0.59175205,0.42296714,-3.9493515,-0.18934757,-0.52786374,2.0424385,104
3.417875,1.1874977,-3.026477,1.7361542,-0.84004617,-0.995252,-1.7038207,-1.5464492,0.43982327,-5.8251147,-1.151031,0.54163164,-3.7840989,0.124869704,-1.5048072,1.8803788,1
1.4510126,1.2446337,-1.6230078,2.527247,-0.6517041,-0.64345235,-1.2870507,-1.3943429,0.47704577,-3.8998091,0.11821672,-0.1441794,-1.4402233,-0.32481807,-0.7025353,1.641964,13
2.9738002,1.3021076,-2.7554722,2.1981235,-1.0147228,-0.95121753,-1.6185458,-1.752597,0.48924053,-5.976398,-0.63981277,0.57895255,-3.4584684,-0.039926343,-1.1310792,1.7097603,104
3.3146968,1.4593852,-2.9656725,2.5066433,-1.250569,-1.4541199,-1.2606955,-1.6334671,1.3841449,-6.6360464,-0.66857934,0.3033501,-4.1233153,-0.42538908,-0.3956262,2.3456855,104
3.018561,1.6515491,-2.7044713,3.2609148,-1.2020365,-0.95948166,-1.6757498,-1.7140784,0.89492697,-6.481357,-0.18325579,0.32730347,-3.3444035,-0.6115814,-0.41540545,2.2035234,104
3.9928775,1.5096521,-3.5323567,2.55658,-1.1915275,-1.7661339,-1.5160894,-1.7167923,1.3099977,-7.759215,-0.99707866,0.70785517,-5.202281,-0.30945516,-0.49358445,2.5341854,104
3.5727017,2.107634,-3.3200364,2.2091656,-1.391788,-1.5529342,-1.5204563,-1.7220006,1.6366944,-7.319236,-0.7489462,0.19558327,-4.325231,-0.37129617,-0.75335896,2.359121,19
2.2052739,1.6180059,-2.1007087,3.0937438,-0.97342396,-0.6700262,-1.564532,-1.575281,0.77119184,-5.3509297,0.11640534,0.066835,-2.1570785,-0.471516,-0.52968895,1.8532329,13
3.0163286,1.824055,-2.870409,3.494493,-1.2222435,-0.9329567,-1.8835654,-1.8709265,0.8307152,-6.820293,-0.06293769,0.3386494,-3.2673404,-0.5645493,-0.51039374,2.1605272,104
2.4460583,0.27902666,-2.0841901,2.016335,-0.4643593,-0.8879102,-1.2416859,-1.6251811,-0.16864218,-4.39727,-0.62277126,0.71783185,-2.9837325,0.1486014,-0.9464575,1.4519097,18
2.4088688,0.47663477,-2.0821316,1.971059,-0.5143756,-0.83508676,-1.2611051,-1.6731584,0.026313454,-4.4367065,-0.4581568,0.61328954,-2.8441339,0.075640425,-0.9102133,1.4163342,18
3.0838268,0.9872834,-2.6798291,2.2756124,-0.8011639,-0.9833232,-1.5404286,-1.7230636,0.3700648,-6.028105,-0.60374415,0.851423,-3.7494292,-0.049606383,-0.8547973,1.6601489,104
3.9974518,1.0108203,-3.4377878,2.5511198,-0.8760748,-1.7238842,-1.6032825,-1.7414714,0.77517825,-7.5942264,-1.1096404,1.1670895,-5.3394732,-0.07267716,-0.5776145,2.293822,104
2.4367933,0.5954873,-2.0904982,2.0101738,-0.5890091,-0.8142033,-1.4043989,-1.6855191,-0.07607485,-4.4742746,-0.53778577,0.59012103,-2.7675276,0.21266109,-1.1179869,1.3730251,1
2.5122647,0.848535,-2.330903,1.6989459,-0.66229534,-0.9258483,-1.3027551,-1.7211062,0.28785682,-4.633334,-0.4856366,0.40829754,-2.8745575,0.19477606,-1.1151013,1.4085921,1
3.3249116,1.512092,-3.0551534,2.281021,-1.1663804,-1.4458474,-1.3560481,-1.7054578,1.1622477,-6.64094,-0.6324944,0.42775005,-4.1367807,-0.19872653,-0.61080337,2.1133199,104
3.4256988,1.3442417,-3.0603783,1.8411034,-0.9543545,-0.9908646,-1.7656448,-1.5439396,0.5384141,-6.19726,-1.1673431,0.5987521,-3.8564472,0.05427243,-1.5025959,1.8802195,1
1.6218116,1.3440504,-1.6605041,2.4528542,-0.7484304,-0.66315186,-1.3442395,-1.4883608,0.5945918,-3.9523683,0.06680599,-0.24168196,-1.483353,-0.33769643,-0.76859236,1.660731,13
3.069358,1.4036491,-2.8970857,2.3574433,-0.982869,-1.1097647,-1.8358166,-1.8977065,0.5034849,-6.4383154,-0.6724727,0.75558716,-3.6642964,0.0054041,-1.1434989,1.7494868,104
3.5446334,1.9666736,-3.3395953,2.528532,-1.3983692,-1.534107,-1.4745007,-1.800139,1.5950803,-7.2623076,-0.60652614,0.1681614,-4.2846265,-0.5498016,-0.51148176,2.478376,104
3.132803,1.950646,-2.9029448,3.201353,-1.2777404,-1.0403675,-1.7544885,-1.8282931,1.0635768,-6.786466,-0.16396865,0.18999965,-3.3792953,-0.5672418,-0.52431285,2.2300584,104
4.2556977,1.9673488,-3.8841302,2.5114632,-1.2583122,-1.8714087,-1.6657012,-1.9034307,1.6026624,-8.337318,-0.9554671,0.5900933,-5.3800826,-0.32992303,-0.56174237,2.6473098,104
3.584348,2.2390876,-3.2309813,2.3737564,-1.5925456,-1.5528022,-1.8260798,-1.9165583,1.630555,-7.6754417,-0.78407735,0.33390528,-4.4989963,-0.25751728,-0.8979758,2.350007,104
2.0820954,1.3095189,-1.4339528,2.2551246,-0.82767284,-0.6416179,-1.3002813,-1.42379,0.82791656,-4.043457,-0.116398856,-0.05371216,-1.9934485,-0.31039023,-0.657794,1.6796473,13
2.9341938,1.9535288,-2.6436176,3.289577,-1.4020187,-0.8700165,-1.9420419,-1.9137642,0.9556124,-6.6805797,-0.15452296,0.33677435,-3.198015,-0.57996947,-0.6363236,2.091557,104
2.440388,0.27624866,-2.0292377,2.0722585,-0.46305874,-0.930967,-1.4560976,-1.6803434,-0.2603327,-4.515935,-0.6513308,0.77792984,-3.040632,0.2868763,-1.071043,1.4345033,18
2.4238613,0.5156069,-2.1669824,1.9659275,-0.5073118,-0.81311005,-1.4005513,-1.7643372,0.001579687,-4.8553557,-0.43677342,0.8049979,-3.0257623,0.13156456,-0.94919693,1.311459,79
3.127461,1.03815,-2.7593865,2.3608994,-0.8484312,-1.0471454,-1.7083349,-1.8720928,0.3380092,-6.3758044,-0.6581942,0.93590117,-3.8907042,0.06975767,-0.97459334,1.6691544,104
4.276366,1.2096561,-3.6515067,2.5899806,-0.9385506,-1.855831,-1.7589886,-1.8300835,0.9259907,-8.168063,-1.2580597,1.2538784,-5.723071,0.039946705,-0.6505226,2.437671,104
2.471992,0.56207424,-2.0334847,2.0796928,-0.6313162,-0.8054855,-1.576947,-1.6785787,-0.18896388,-4.6480207,-0.60952985,0.6695226,-2.9145625,0.4398812,-1.2536042,1.3931999,1
2.6161606,0.8959154,-2.4256918,1.6189841,-0.6721531,-0.94330996,-1.4670985,-1.7879715,0.29742825,-4.9593496,-0.56418794,0.5420508,-3.1094074,0.25735667,-1.2092829,1.4048637,1
3.520225,1.7980016,-3.2433496,2.081256,-1.2213126,-1.550148,-1.4674935,-1.8761575,1.401637,-6.9357843,-0.6848605,0.34305632,-4.322433,-0.23030356,-0.7192551,2.2005591,104
3.7052515,1.3910851,-3.0884216,2.1465077,-1.0317385,-1.0278991,-1.8830893,-1.602964,0.4881282,-6.83183,-1.1986415,0.8357618,-4.3254356,0.040821373,-1.3984427,1.9719715,104
1.5606024,1.2215458,-1.122864,2.1300159,-0.80445945,-0.5319813,-1.1887941,-1.345565,0.76995474,-3.447424,-0.029475093,-0.22157879,-1.4202951,-0.20344417,-0.7147418,1.5466496,13
3.2618358,1.5516672,-2.9925535,2.33981,-1.0559889,-1.2102469,-1.834281,-1.9476886,0.6638964,-6.665282,-0.7512783,0.6712877,-3.824538,0.087492645,-1.1733108,1.8461016,104
3.606277,2.1595318,-3.292571,2.6391401,-1.5482334,-1.594618,-1.7248614,-1.9897537,1.7092634,-7.604789,-0.6629107,0.2396731,-4.43191,-0.38525423,-0.63169324,2.529018,104
3.02613,2.0725245,-2.5885978,3.1011147,-1.4934222,-0.93121874,-1.8706002,-1.9150126,1.1560566,-6.637642,-0.25108072,0.21761106,-3.2774165,-0.6105614,-0.64962065,2.1661506,104
4.196396,2.0352888,-3.6280715,2.3793697,-1.4245152,-1.7723427,-1.7892382,-2.0084276,1.6381042,-8.227135,-0.9966698,0.6390822,-5.37995,-0.37024763,-0.686344,2.5284302,104
3.4759715,2.1243942,-2.783724,2.2018833,-1.6620605,-1.3250964,-1.6373925,-1.9628301,1.5762383,-6.817454,-0.8658617,0.18978636,-4.1817455,-0.29737723,-0.94790435,2.3362978,104
2.112919,1.0889969,-1.1619662,1.5910455,-0.78529847,-0.58549625,-1.3578644,-1.4909912,0.6976853,-3.2604113,-0.3920958,-0.110730685,-2.0637186,-0.24252096,-1.0188173,1.6093664,13
2.803826,1.5239913,-1.9206256,2.2988024,-1.1587678,-0.7978839,-1.6926985,-1.7224926,0.8332798,-4.9756203,-0.46167105,0.10725917,-2.9810023,-0.43090793,-0.9292865,1.9607959,104
2.482214,0.56156415,-2.1427333,2.3686996,-0.67637265,-0.8700887,-1.8059945,-1.8683505,-0.32143146,-4.862093,-0.57624185,0.75434995,-2.9572117,0.24178109,-1.2718837,1.3858483,18
2.4032593,0.6330479,-2.2100523,2.1390285,-0.6643219,-0.7423082,-1.5513904,-1.8636876,-0.0540473,-5.126372,-0.43153638,0.8209652,-2.9927742,0.19176728,-1.0605584,1.308396,18
3.1498907,1.2870607,-2.921049,2.5146928,-1.0569936,-1.0180281,-2.0033123,-1.9076493,0.38918868,-6.9410205,-0.67671824,1.027785,-4.012609,0.104385555,-1.1315937,1.6248598,104
4.289293,1.6733135,-3.9534805,2.8524323,-1.3319328,-1.7181094,-2.3337479,-2.116196,0.95203525,-9.058799,-1.1809028,1.3168718,-5.8328767,-0.12806305,-0.9837436,2.363691,104
2.4339054,0.7877431,-2.134091,2.1966834,-0.826812,-0.69689876,-1.8997998,-1.8988969,-0.29330224,-4.7784986,-0.5567577,0.5754105,-2.7282548,0.40137926,-1.5489936,1.2897445,1
2.8126051,1.0180972,-2.4525952,1.6870884,-0.83334136,-1.0097882,-1.380903,-1.7555715,0.45994318,-5.1611667,-0.6439149,0.44561434,-3.30319,0.25762725,-1.1285238,1.5647197,104
3.5381825,1.9425443,-2.9637773,2.1864252,-1.3679446,-1.4700917,-1.6241212,-1.8876839,1.4899993,-7.01927,-0.7383316,0.38544768,-4.3479276,-0.1639427,-0.78010297,2.220761,104
3.9057035,1.4002551,-3.0301812,2.3569674,-1.0383143,-1.1581091,-1.99085,-1.7072273,0.48348743,-7.273767,-1.2684866,1.0493958,-4.7259135,0.15537423,-1.3193374,2.0504074,104
1.5740111,1.085811,-1.0223472,1.7017273,-0.83948755,-0.49449807,-1.3218377,-1.5515233,0.6951207,-3.0534978,-0.19189674,-0.23388726,-1.4915816,-0.20608953,-0.9967857,1.4918731,13
3.1151967,1.675765,-3.0143406,2.4598403,-1.2710073,-1.0472748,-2.2381678,-2.088273,0.4870175,-6.9229302,-0.7018232,0.76339746,-3.755345,0.094667226,-1.4457753,1.7094469,104
3.4674532,2.138345,-2.9199286,2.5770512,-1.6682273,-1.4034029,-1.6080079,-2.0570447,1.6332892,-7.027878,-0.67921674,0.12529497,-4.132026,-0.40398222,-0.69781625,2.4733768,104
2.9342754,1.7533641,-2.0568197,2.4534435,-1.4349903,-0.8958977,-1.6464374,-1.8072093,1.0710661,-5.507909,-0.48120487,0.047658697,-3.2009792,-0.42172998,-0.8332439,2.1150806,13
3.9686909,1.8662931,-2.8938763,2.3760996,-1.5002512,-1.5763899,-1.6297953,-1.8285687,1.5517244,-7.2774134,-1.0870405,0.49810338,-4.964963,-0.26968038,-0.6978759,2.5324569,104
3.4097614,1.970327,-2.5205839,1.6913029,-1.4599359,-1.3540797,-1.5449874,-1.8910518,1.529495,-5.9484477,-0.9931987,-0.019669145,-3.9663177,-0.1818038,-1.1758254,2.236091,104
2.231364,0.94500935,-1.1815734,1.3850617,-0.7934543,-0.6051737,-1.472501,-1.5638167,0.5578055,-3.0902493,-0.6115171,-0.090940006,-2.2585096,-0.2072385,-1.2423158,1.6359136,13
2.7901227,1.2541624,-1.7977794,1.8619365,-1.048319,-0.82631993,-1.7593062,-1.7764721,0.64374715,-4.4468937,-0.68874633,0.09004916,-3.0678823,-0.34503344,-1.2106235,1.9164679,104
2.4097755,0.5700554,-2.0904436,1.7023946,-0.29233748,-1.1944449,-1.4569738,-1.6997734,0.07320668,-4.1395326,-0.5923958,0.35755843,-2.7244518,0.26823685,-1.2520893,1.3450428,1
2.5702372,0.68016696,-2.3115003,2.138856,-0.6947491,-0.8603861,-1.7007897,-1.7650067,0.0015467107,-5.359829,-0.58393824,0.8542285,-3.2334208,0.25589672,-1.154707,1.3393285,18
3.2363048,1.0354488,-2.659619,2.0802746,-0.6629143,-1.1341366,-1.6568832,-1.4788369,0.4876548,-5.9464855,-0.82036173,0.81734014,-3.8761597,0.28797585,-1.0380816,1.6737279,104
4.1481566,1.5350089,-3.3485057,2.618949,-1.2427379,-1.5300545,-2.0380983,-1.7788047,0.9872217,-7.9673285,-1.2283841,1.108619,-5.379704,-0.096546695,-0.90695715,2.3259752,104
2.2207925,0.70421875,-1.7600096,1.5033703,-0.4519166,-0.87620187,-1.4701419,-1.5856746,0.03606005,-3.6501987,-0.579967,0.19738849,-2.2622447,0.47129756,-1.4899027,1.1768571,1
2.671449,0.9992675,-2.2029843,1.8984436,-0.8708252,-0.948668,-1.3911779,-1.621255,0.48545635,-5.0395193,-0.59879947,0.45286882,-3.0897539,0.39147988,-1.0420325,1.5168434,104
3.4756866,1.8059053,-2.5224257,2.0408044,-1.3306637,-1.3069451,-1.5148818,-1.768478,1.4202986,-6.226429,-0.84762335,0.24984731,-4.0872,-0.195063,-0.83181924,2.229022,104
4.0588994,1.6260043,-3.357168,2.2587967,-1.2982658,-1.0753524,-2.4399135,-1.882174,0.32946277,-7.823002,-1.3789296,1.0696064,-5.0777764,0.20993942,-1.7722032,2.0231717,104
1.6659242,1.0643965,-1.1262696,1.5096127,-0.8026737,-0.58633804,-1.5220561,-1.7002245,0.62590635,-2.9593563,-0.34297246,-0.24930432,-1.5836909,-0.21972007,-1.2737794,1.474481,13
2.846745,1.2633367,-2.209375,1.9568442,-0.8987299,-0.94220173,-1.7657478,-1.632878,0.46091652,-5.162708,-0.7832167,0.4412217,-3.1163397,0.23251209,-1.3602428,1.6326344,1
3.3321512,1.9909004,-2.5601175,2.1712584,-1.5492812,-1.3430681,-1.5197184,-1.9587202,1.5273453,-6.157094,-0.7894296,-0.0477653,-3.8523626,-0.31885815,-0.9178532,2.3529956,104
2.915655,1.4701084,-1.9016566,2.0077157,-1.24802,-0.9400243,-1.6657505,-1.7916956,0.8887986,-4.8403473,-0.69153905,0.011890605,-3.215459,-0.36809927,-1.0719388,2.0606742,13
3.9529958,1.667858,-2.769291,1.9621817,-1.2900693,-1.5984389,-1.6507564,-1.814725,1.2989987,-6.4978466,-1.2260675,0.34484524,-4.7760367,-0.13419063,-1.0055848,2.4209423,104
3.2114284,1.8353746,-2.4078636,1.421911,-1.4107611,-1.3537112,-1.5497832,-1.9265368,1.4154623,-5.5508137,-1.0155993,-0.12653603,-3.8087883,-0.15966251,-1.3552163,2.1507163,19
2.2397945,0.7574638,-1.1089696,1.2378049,-0.7237668,-0.59775025,-1.4098518,-1.5118456,0.5507567,-2.9679506,-0.73456955,-0.013763905,-2.3749022,-0.15257122,-1.2353034,1.6381056,37
2.7435684,1.0345732,-1.6068718,1.5420221,-0.934535,-0.7720041,-1.6368818,-1.6624432,0.6204702,-4.0241275,-0.8137219,0.101744816,-3.089951,-0.28115252,-1.2432787,1.8851798,104
2.462975,0.6180655,-1.9984299,1.3595339,-0.1719978,-1.2949458,-1.501668,-1.7559694,0.0706943,-3.655315,-0.72287345,0.12184413,-2.6330903,0.29624933,-1.4749198,1.4552703,1
2.5240743,0.3793438,-1.8192668,1.4937688,-0.2089984,-1.0382812,-1.1771536,-1.3006523,0.20460299,-3.9268956,-0.687968,0.5006852,-2.8984156,0.5166048,-1.00911,1.349554,1
3.2348533,0.4655665,-1.7484581,1.2308295,-0.2251925,-1.0312994,-1.1617413,-0.96870744,0.4239335,-4.041504,-1.2072239,0.6326007,-3.7104373,0.4719966,-1.0158134,1.7702087,104
4.13383,0.99134666,-2.6768692,1.5415332,-0.7749734,-1.4918234,-1.5972183,-1.4707673,0.8501177,-6.1199474,-1.5395472,0.7732828,-5.172294,0.23995414,-1.1213768,2.2583873,104
2.274578,0.59735805,-1.519531,0.9554763,-0.2826307,-0.9218702,-1.3811107,-1.5682534,0.0015307069,-2.8339524,-0.82023376,-0.009984508,-2.1458495,0.61073935,-1.7294011,1.2414465,1
2.6446354,0.7999796,-1.8322229,1.4370483,-0.61270463,-0.90775543,-1.3639226,-1.5661372,0.39582175,-4.0630846,-0.8233568,0.30314422,-2.8450854,0.5031406,-1.2826731,1.5089865,1
3.5101066,1.6790491,-2.583591,1.7999228,-1.1928289,-1.3604887,-1.7085648,-1.856769,1.220556,-5.9391522,-0.9992749,0.21186088,-4.0921836,-0.11111929,-1.1560862,2.1799538,104
3.4652476,1.0884758,-2.4087176,1.5843041,-0.8124075,-0.9669252,-1.8317537,-1.4058431,0.39248735,-5.6241555,-1.2183473,0.5959057,-4.099529,0.37493443,-1.6168165,1.7771381,104
1.6966596,1.1087122,-1.2789909,1.5478365,-0.83753586,-0.5793791,-1.6882899,-1.7966733,0.5763083,-3.136966,-0.3659952,-0.23141454,-1.6316339,-0.26644206,-1.4050024,1.478694,13
2.8760214,0.9467584,-1.9244802,1.3139511,-0.6897578,-0.8745834,-1.6532512,-1.5867064,0.22097938,-4.235143,-1.0489587,0.3292358,-3.087528,0.45666146,-1.6727364,1.5898337,1
3.2311263,1.8908308,-2.5146093,1.826594,-1.450021,-1.4003692,-1.602431,-2.06807,1.3891644,-5.729185,-0.8470709,-0.14184508,-3.7076943,-0.2588179,-1.1851752,2.2100172,104
2.796603,1.3239281,-1.7988176,1.7073768,-1.1176736,-0.90636206,-1.6811955,-1.7944824,0.8281521,-4.415957,-0.77294064,-0.028390005,-3.081927,-0.3407269,-1.2333257,1.9788213,13
3.8425555,1.4586987,-2.6254456,1.6731366,-1.0971775,-1.5356069,-1.6460543,-1.7598497,1.1544782,-5.9932504,-1.3043797,0.36700565,-4.6481276,-0.096219204,-1.1338248,2.3307476,104
2.9783635,1.723393,-2.2360818,1.4343458,-1.4291658,-1.1580511,-1.5555985,-1.9093654,1.3342153,-5.4680085,-0.9404247,-0.0596956,-3.65777,-0.17853749,-1.3628578,2.0661817,13
2.245263,0.73356724,-1.1339468,1.3452684,-0.738166,-0.54698306,-1.3783252,-1.4576396,0.5905875,-3.172249,-0.7345044,0.1187733,-2.4628303,-0.15981513,-1.120842,1.6428248,37
2.6435525,0.86486775,-1.4508901,1.4287381,-0.8289387,-0.688793,-1.5195215,-1.5351415,0.59930426,-3.7658532,-0.84873307,0.17915471,-3.019731,-0.20470083,-1.1801004,1.8155646,104
2.6274145,0.86903507,-2.441639,1.2883153,-0.34342104,-1.3885717,-1.9685588,-2.159709,0.016446173,-4.2015214,-0.805741,0.013999984,-2.9318686,0.19870156,-1.9030766,1.5983919,1
2.7443423,0.38077265,-1.7684418,1.0502841,-0.14398502,-1.0411814,-1.3739448,-1.4601448,0.11771173,-3.5135934,-0.98625135,0.39989138,-3.0669951,0.53296226,-1.3855238,1.5007006,1
3.3392773,0.31493187,-1.8819104,1.0999544,-0.2539795,-0.93270004,-1.5594339,-1.1982951,0.09267807,-4.1080446,-1.4635723,0.7414668,-4.0292187,0.48768514,-1.4269011,1.8596178,104
4.0978036,0.78459054,-2.621622,1.2413319,-0.71003294,-1.3499901,-1.7123296,-1.5111432,0.62292093,-5.7918377,-1.6977271,0.81571984,-5.2771096,0.280863,-1.3699665,2.2572727,104
2.3995147,0.6165581,-1.7497361,0.876678,-0.3531173,-0.9135343,-1.6946082,-1.7584963,-0.2087517,-3.046143,-0.97430724,-0.020884514,-2.3731525,0.61012924,-2.078834,1.336959,1
2.6360724,0.67837507,-1.8334191,1.2923056,-0.5046748,-0.8904283,-1.6429706,-1.6426814,0.11462924,-3.8085594,-0.98573077,0.3049873,-2.8279705,0.5504334,-1.6382089,1.493139,1
3.4544322,1.5817373,-2.604581,1.7130767,-1.1222438,-1.3251481,-1.8162982,-1.8840432,1.06133,-5.839472,-1.0311807,0.24573018,-4.0663033,-0.12587672,-1.3012965,2.1204097,104
3.3081963,0.794007,-1.9100642,1.0613616,-0.54311174,-0.7913284,-1.6153271,-1.2049599,0.2233088,-4.340026,-1.3898166,0.49366343,-3.6974506,0.54069245,-1.7230694,1.7122067,1
1.6785634,1.1356767,-1.4015098,1.704707,-0.9134283,-0.52939296,-1.7803345,-1.8710352,0.60568625,-3.5590076,-0.31742847,-0.11258733,-1.7482053,-0.29673314,-1.3762512,1.4755449,13
2.8157394,0.79865754,-1.9278572,1.2048934,-0.6851312,-0.7920376,-1.8289893,-1.6507726,0.011422858,-4.1836176,-1.1835955,0.39786714,-3.1407027,0.5051835,-1.918129,1.5546129,1
3.0841532,1.8678749,-2.466606,1.723188,-1.4483804,-1.3075516,-1.6514452,-2.1115484,1.3588774,-5.6751733,-0.80223864,-0.14868024,-3.6157374,-0.2966855,-1.2795455,2.1440952,13
2.6347237,1.2588645,-1.7127955,1.6732892,-1.0969133,-0.80343974,-1.6569719,-1.7353765,0.83475953,-4.3972087,-0.724463,0.021412596,-2.9925482,-0.30860358,-1.2144258,1.8906261,13
3.5634258,1.3780618,-2.454736,1.6739253,-1.0829415,-1.3557241,-1.6910362,-1.7325919,1.0988857,-5.882344,-1.1973591,0.40178794,-4.4263916,-0.082858615,-1.1643038,2.2222862,104
2.907172,1.6234479,-2.1652656,1.394664,-1.3905983,-1.09007,-1.4745994,-1.7866759,1.3681633,-5.4442654,-0.9828193,0.00032758713,-3.6679094,-0.10862647,-1.3301051,2.0634565,13
2.321461,0.78149986,-1.3042902,1.7213267,-0.816442,-0.5164734,-1.4896979,-1.454559,0.5728002,-3.7988765,-0.7234011,0.36306083,-2.6669247,-0.16272971,-1.0082735,1.6816456,37
2.6798496,0.8493648,-1.5083472,1.6039485,-0.8454803,-0.65621924,-1.5401123,-1.5009207,0.58846277,-4.0461664,-0.8693777,0.328044,-3.134845,-0.18243118,-1.1054518,1.840862,37
2.5559456,0.788862,-2.357637,1.1543151,-0.34746128,-1.2205267,-1.9994802,-2.0888913,0.07854739,-4.311371,-0.8313757,0.14254285,-3.0461805,0.16552135,-1.903512,1.550541,1
2.8721042,0.33967096,-1.9151561,0.9305353,-0.20544288,-0.98104113,-1.7118437,-1.6778535,-0.11239685,-3.6726754,-1.1950419,0.44845074,-3.3340855,0.5483627,-1.7611952,1.5569539,1
3.1899207,0.22842869,-1.8154031,1.2406008,-0.3116578,-0.8187795,-1.6740892,-1.3336127,0.019974336,-4.2170076,-1.4329578,0.8226142,-3.9709578,0.40031087,-1.4452031,1.8446577,104
3.7590652,0.64150774,-2.2747118,1.1931968,-0.6827502,-1.1463776,-1.6856778,-1.4770242,0.5449286,-5.295607,-1.6269292,0.7905842,-4.8825603,0.28599074,-1.3941336,2.1509998,104
2.380794,0.52715,-1.6338756,0.7849798,-0.3426491,-0.8371385,-1.6632144,-1.6179677,-0.105863705,-3.1454065,-1.0522802,0.07017483,-2.517604,0.6340813,-2.0306554,1.3208485,1
2.6371996,0.5539981,-1.7747443,1.3052325,-0.5163356,-0.7799774,-1.7171915,-1.5956362,-0.022726566,-3.8870487,-1.0589361,0.39729482,-2.9581542,0.52322376,-1.7006917,1.5071908,1
3.2167578,1.5861871,-2.5876281,1.977439,-1.2343892,-1.1228265,-2.0002947,-1.9791877,0.9552664,-6.1314287,-0.8737247,0.34419638,-3.9367092,-0.22706565,-1.3276358,2.0644891,104
3.4832988,0.4581446,-1.9440079,0.72521055,-0.43536142,-0.7462528,-1.6731923,-1.1691236,-0.050812438,-4.025273,-1.7472183,0.559235,-4.0791025,0.6893595,-1.9598751,1.8602821,1
1.7567321,1.2399389,-1.532708,1.8557771,-0.9451833,-0.5201811,-1.8070214,-1.8450999,0.59066015,-3.8053093,-0.27355927,-0.07884729,-1.7888331,-0.29744518,-1.3489592,1.4901872,13
2.7231867,0.7134848,-1.7836103,1.1353005,-0.66037554,-0.68120974,-1.7541358,-1.5274694,0.08399621,-4.1582146,-1.1863546,0.48266822,-3.1453655,0.5060333,-1.8314672,1.4918485,1
2.9127388,1.6457592,-2.1730285,1.5436703,-1.3541472,-1.1707298,-1.4758916,-1.865881,1.3467369,-5.281718,-0.8589031,-0.0962929,-3.528757,-0.2249582,-1.2216468,2.0900712,13
2.5757713,1.2733768,-1.7608012,1.8643688,-1.1327623,-0.7408004,-1.711194,-1.7310448,0.8059285,-4.625123,-0.6920879,0.1059681,-2.9888074,-0.3330655,-1.181206,1.9079111,13
3.408521,1.4338878,-2.4509172,1.89052,-1.1768816,-1.1125715,-1.781847,-1.7776158,1.0031676,-6.079356,-1.0350474,0.43291748,-4.2724805,-0.14297113,-1.1775012,2.1910617,104
2.934212,1.6074622,-2.172648,1.4153873,-1.3699055,-1.0507976,-1.4125533,-1.70919,1.4117632,-5.508536,-1.0288165,0.06147392,-3.7416224,-0.110038206,-1.2734149,2.1131585,13
2.5625646,0.9338274,-1.8021678,2.16675,-0.8930712,-0.6387054,-1.7545917,-1.7224094,0.49606025,-4.68165,-0.66171044,0.5090725,-2.9813678,-0.1706806,-1.0266438,1.8081026,37
2.8263364,0.95252484,-1.856364,1.9501909,-0.9072051,-0.7498398,-1.7236388,-1.6834106,0.55862236,-4.716427,-0.84521836,0.45101136,-3.3351953,-0.17684123,-1.1054138,1.9226339,104
2.3958895,0.65560097,-2.1668808,1.2927299,-0.2846154,-1.044772,-1.8817394,-1.8934329,0.10477722,-4.238674,-0.75868213,0.3132193,-2.899941,0.17685091,-1.6925044,1.4649154,1
2.738692,0.0998443,-1.6067003,0.8731396,-0.15857771,-0.7812685,-1.5641294,-1.4509873,-0.095168576,-3.4899285,-1.243187,0.6053312,-3.3565407,0.5240431,-1.5916212,1.5092305,1
3.1231008,0.3494055,-1.8274565,1.7282671,-0.43879133,-0.700229,-1.7061737,-1.3525393,0.13701653,-4.7223797,-1.2871041,1.0400125,-3.877996,0.32228637,-1.1889498,1.8233485,18
3.670469,0.77945447,-2.321621,1.5427376,-0.80388296,-0.9629667,-1.7618053,-1.5118946,0.5901931,-5.758881,-1.4593211,0.9369291,-4.7923994,0.23863307,-1.271862,2.1169252,104
2.3353155,0.50600237,-1.5767388,1.0263131,-0.33873412,-0.7855353,-1.6211817,-1.4991379,0.023710608,-3.3908603,-1.0138588,0.22416614,-2.5090253,0.6492609,-1.8261697,1.2884179,1
2.5780501,0.54513663,-1.6700182,1.5593541,-0.61741054,-0.6163633,-1.7397225,-1.4929055,0.071950465,-4.2318707,-1.0268209,0.58339536,-3.0303748,0.45299733,-1.532929,1.500987,1
3.201155,1.4945554,-2.4800723,1.9992048,-1.1712954,-1.0065372,-1.9264786,-1.8616966,0.86088866,-5.9268622,-0.8606878,0.35939008,-3.8649354,-0.19032596,-1.2831166,2.0622926,104
3.388109,0.44235185,-1.9719445,0.9047458,-0.57539856,-0.6615561,-1.8631523,-1.3342625,-0.12909223,-4.441557,-1.7298232,0.6603724,-4.1987576,0.6414931,-2.0326898,1.8590292,1
1.8795182,1.240689,-1.6819777,2.0530477,-0.9304557,-0.5448691,-1.8507583,-1.8557506,0.5081166,-4.0384727,-0.27909023,0.017487407,-1.8993636,-0.28226995,-1.3073833,1.5314809,13
2.7267408,0.78156805,-1.7888958,1.3597745,-0.6648085,-0.6471729,-1.7367017,-1.4877381,0.18879387,-4.3189507,-1.1109395,0.52505803,-3.0704565,0.510835,-1.682761,1.4851271,1
2.8712308,1.564912,-2.162271,1.684383,-1.3239189,-1.0650538,-1.4709687,-1.7690009,1.2418101,-5.3388705,-0.8391751,-0.007831246,-3.5154176,-0.2216122,-1.1729305,2.1063519,13
2.7536237,1.2601131,-2.0107372,1.9786624,-1.053824,-0.83091086,-1.751919,-1.7705476,0.72903115,-4.8749185,-0.7297758,0.17643757,-3.1526196,-0.30100936,-1.1751509,1.966541,13
3.4604626,1.443018,-2.5939646,2.031911,-1.1013372,-1.1203661,-1.8226571,-1.801003,0.93530875,-6.1941867,-1.021339,0.49976504,-4.247113,-0.16464859,-1.1473188,2.2183478,104
3.0376368,1.6228848,-2.3213143,1.5925493,-1.3236508,-1.0974152,-1.4343278,-1.7286379,1.4407598,-5.7847595,-1.0267364,0.1638941,-3.8434594,-0.10421017,-1.180407,2.1549106,13
2.754657,1.0487373,-2.1744437,2.5220299,-0.88795793,-0.7068253,-1.8755801,-1.8392797,0.44371396,-5.2863116,-0.6121304,0.63826764,-3.1512206,-0.1847853,-0.96349645,1.8909723,37
3.062929,1.0618815,-2.2622774,2.2548914,-0.89465666,-0.8357283,-1.8172109,-1.8009992,0.51847535,-5.3092937,-0.80325437,0.56114215,-3.5471513,-0.18864846,-1.0402212,2.014665,104
2.459607,0.8854318,-2.3809736,1.7924973,-0.39210165,-1.042979,-1.9883821,-1.9536207,0.16753706,-4.7655563,-0.628809,0.3599797,-2.8626027,0.14813296,-1.596345,1.5373328,1
2.7333665,0.2988028,-1.7097771,1.4999526,-0.32895178,-0.7610778,-1.6820955,-1.5009447,0.024812162,-4.144403,-1.1014837,0.7784846,-3.3081052,0.46739358,-1.3772266,1.5490226,1
3.3580787,0.5623695,-2.1170008,2.2219467,-0.48439974,-0.7655121,-1.812767,-1.4618993,0.14383388,-5.2216196,-1.232257,1.1178775,-3.9360754,0.25199223,-1.0610678,1.9625916,104
3.7315948,0.920928,-2.5269065,1.8441182,-0.801041,-0.9484416,-1.9062741,-1.6501232,0.5177777,-6.0326476,-1.377762,0.9954101,-4.6990733,0.16199073,-1.2562704,2.154784,104
2.414813,0.73347056,-1.7490351,1.6181616,-0.4489999,-0.8196475,-1.7411256,-1.5605303,0.08725491,-3.9088376,-0.8955843,0.26853806,-2.4447043,0.6129616,-1.6932855,1.3733404,1
2.7418833,0.584156,-1.7550406,1.7711333,-0.5642344,-0.58363056,-1.7400348,-1.4722242,0.021413594,-4.2802906,-1.0107938,0.6231741,-3.0281568,0.46693194,-1.4479403,1.546317,1
3.2752173,1.4398171,-2.575801,2.0903974,-1.0509092,-1.0305779,-1.9412053,-1.8666295,0.7558149,-5.9141517,-0.8786121,0.43096673,-3.8569944,-0.17666419,-1.254807,2.0754585,104
3.4080644,0.64651006,-2.120695,1.3458018,-0.66015935,-0.6607367,-2.0066652,-1.409498,-0.009272337,-5.0826535,-1.5783764,0.8234122,-4.2058067,0.56351286,-1.872895,1.8321412,1
2.0433416,1.260617,-1.8979114,2.2573466,-0.8996091,-0.579772,-1.9074321,-1.8876946,0.42342964,-4.3347373,-0.27679494,0.10599722,-2.0411797,-0.26745808,-1.2707925,1.5921037,37
2.9172473,1.022617,-2.1351087,1.7065166,-0.71677613,-0.74429154,-1.9049153,-1.6803854,0.23520496,-4.781119,-1.0291092,0.46679312,-3.1049247,0.47663158,-1.6976852,1.5881946,1
2.9431953,1.5193648,-2.2969847,1.8456117,-1.2333474,-1.0803964,-1.5233889,-1.796503,1.1442757,-5.507465,-0.82683957,0.11118941,-3.5668468,-0.22975112,-1.1253717,2.1179593,13
2.9389622,1.3236755,-2.3550377,2.2349787,-1.0213373,-0.8885507,-1.8505766,-1.8696655,0.6488643,-5.3128095,-0.6923762,0.24324386,-3.2957249,-0.33042204,-1.15026,2.0388582,104
3.6793008,1.5090107,-2.9285467,2.1600938,-0.98676395,-1.2036763,-1.9161165,-1.8556094,0.8972535,-6.5119295,-1.0361133,0.56335884,-4.3909965,-0.18605721,-1.1345367,2.2918346,104
3.194895,1.6598934,-2.5717442,1.83644,-1.2690572,-1.1731218,-1.4772947,-1.7928048,1.4096376,-6.078601,-1.0072035,0.2343476,-3.9475577,-0.13218576,-1.0911194,2.2395456,13
2.94548,1.2683476,-2.5408633,2.8476954,-0.945413,-0.77037144,-1.9393389,-1.898042,0.52996224,-5.9053855,-0.5619067,0.6449153,-3.3046877,-0.18960741,-0.89621353,2.0271227,37
3.2378464,1.2512901,-2.5974271,2.5420341,-0.9259101,-0.89831316,-1.9152699,-1.8926451,0.5760468,-5.852199,-0.7701485,0.5890978,-3.6697044,-0.21047387,-1.0018418,2.115039,104
2.7158155,1.0848954,-2.793868,2.2342696,-0.3957127,-1.1808606,-2.0841753,-2.0161257,0.17186292,-5.329172,-0.5802166,0.35038197,-2.983755,0.1456267,-1.5403535,1.6921393,1
2.9732358,0.584846,-2.102677,2.1302671,-0.44045746,-0.8538869,-1.8679616,-1.6831536,0.03633383,-4.820379,-0.9899978,0.80438256,-3.38062,0.40147644,-1.2873046,1.720848,1
3.747752,0.6990508,-2.6433053,2.465961,-0.40832263,-0.9419938,-1.8758574,-1.5654027,0.19214915,-5.7638435,-1.2581333,1.144597,-4.2518253,0.2696552,-0.99463576,2.1502943,104
4.027238,1.073299,-2.9896622,1.9477144,-0.7051784,-1.084372,-2.010431,-1.7565571,0.56252354,-6.4587507,-1.4025193,1.0049983,-4.8969727,0.14327003,-1.2641227,2.2737892,104
2.6654882,0.8494812,-2.0507374,1.9870337,-0.40893936,-0.91997665,-1.8133414,-1.5818626,0.05781807,-4.308012,-0.88533443,0.3019675,-2.5375834,0.67322624,-1.642421,1.4654672,1
2.9415958,0.6989176,-2.0147474,2.1043372,-0.53485286,-0.66799515,-1.8834457,-1.6074451,-0.062739,-4.5395784,-0.97581697,0.60334885,-3.050959,0.47339505,-1.4540963,1.6280794,1
3.478399,1.4785483,-2.7970562,2.1615062,-0.9657208,-1.1109598,-1.9503055,-1.8771315,0.7985591,-6.158619,-0.9243892,0.49228168,-4.0229855,-0.15368778,-1.1983037,2.142368,104
3.5439603,0.96141577,-2.4510882,1.9733757,-0.72203517,-0.75702363,-2.1339548,-1.4578203,0.13553683,-5.667359,-1.4458846,0.84528995,-4.0949545,0.5316561,-1.714633,1.9435284,1
2.1795032,1.4172561,-2.135452,2.6099634,-0.9805676,-0.61460984,-1.9793267,-1.9162316,0.4608829,-4.841807,-0.24347624,0.12515016,-2.170655,-0.30653858,-1.1869569,1.7404535,37
3.1711712,1.1098523,-2.4288552,1.9587003,-0.6365125,-0.8860599,-1.9155736,-1.7386848,0.29510066,-5.1038895,-0.9873486,0.44643736,-3.224754,0.5073527,-1.5832419,1.681333,1
3.033244,1.6110975,-2.509392,2.0711627,-1.2202994,-1.0879242,-1.6094232,-1.8728873,1.1436591,-5.8694305,-0.7650387,0.17692076,-3.613565,-0.25795928,-1.0796473,2.1516771,13
3.1014872,1.4721355,-2.6392882,2.5180469,-1.0402378,-0.92664176,-1.9051487,-1.9239347,0.6947293,-5.785038,-0.64435935,0.2704953,-3.4118562,-0.3613323,-1.0737147,2.138925,104
3.8312697,1.5437984,-3.1929832,2.3925323,-0.864761,-1.3060336,-1.9277396,-1.8924029,0.86199427,-6.743597,-1.0184615,0.5932235,-4.447517,-0.22527568,-1.0287077,2.3970034,104
3.2247393,1.6846621,-2.694313,2.0175438,-1.299682,-1.2007438,-1.4298928,-1.7877749,1.5230807,-6.3877892,-1.0508742,0.29571706,-4.05223,-0.1618886,-0.97038895,2.3426158,13
3.1306472,1.372841,-2.8214612,3.0241709,-0.9210905,-0.9176682,-1.8702743,-1.873123,0.6566457,-6.294687,-0.61858714,0.6012039,-3.44979,-0.13398221,-0.80455387,2.1576428,104
3.3584342,1.365164,-2.7856672,2.7022038,-0.92706335,-1.0202274,-1.8707123,-1.8791636,0.7569902,-6.215559,-0.83387834,0.5593733,-3.7793188,-0.194143,-0.91245854,2.2315466,104
2.986233,1.1801496,-3.101838,2.710875,-0.35306847,-1.3337134,-2.0939999,-1.9024477,0.2376331,-5.850063,-0.6027328,0.42231542,-3.1786597,0.1771769,-1.3462741,1.8722566,8
3.3566074,0.70334077,-2.613516,2.5452018,-0.34597105,-1.0476155,-1.932616,-1.7417812,0.043354973,-5.4280467,-0.97940385,0.8524523,-3.663928,0.40683413,-1.1635675,1.9050622,104
4.0415998,0.72391164,-3.009524,2.6682706,-0.27100867,-1.0826747,-1.7551935,-1.4347099,0.34780803,-6.1555066,-1.2726607,1.1909986,-4.5665417,0.31552726,-0.74884015,2.3390596,104
4.3194103,1.1534991,-3.381114,2.1682262,-0.53793406,-1.2623045,-2.004491,-1.7545725,0.5926399,-6.7504544,-1.4094367,1.0269314,-5.0602493,0.09684792,-1.1166899,2.4297326,104
2.8987005,0.8160983,-2.1902752,2.3759222,-0.32139975,-1.0317807,-1.6909561,-1.3784662,0.13612787,-4.559612,-0.91805047,0.3824823,-2.6810026,0.7294644,-1.3584487,1.5983918,1
3.2065878,0.7537849,-2.2022786,2.34376,-0.5092217,-0.74435675,-1.8311133,-1.5328348,0.047425643,-4.8349786,-0.9899917,0.59254634,-3.252508,0.5199795,-1.2887347,1.7543573,1
3.6640718,1.572001,-3.0401976,2.4273539,-0.9723656,-1.1829104,-1.9251492,-1.9014771,0.88998765,-6.544624,-0.93293613,0.52251,-4.182636,-0.18951786,-1.0451231,2.2907212,104
3.9460669,0.9932301,-2.7983518,2.0819721,-0.56192285,-0.87030375,-2.0922847,-1.3937644,0.19624698,-5.856891,-1.548856,0.8285016,-4.3656797,0.6131276,-1.6376107,2.1184475,1
2.3777804,1.4902993,-2.3523448,2.9195752,-1.048457,-0.7127713,-1.9377885,-1.900254,0.5582427,-5.3028708,-0.3129214,0.13570754,-2.3818882,-0.27105874,-1.0608338,1.9199362,37
3.3193722,1.1874284,-2.4703183,2.3206005,-0.72068226,-0.92990744,-1.7693658,-1.5812846,0.55263466,-5.4538474,-1.0120316,0.42622727,-3.3714397,0.4611709,-1.2760305,1.8849063,104
3.073989,1.6088182,-2.682262,2.254158,-1.1440932,-1.1490966,-1.5902686,-1.935175,1.1056206,-6.0407405,-0.7330086,0.2078845,-3.6007195,-0.2719751,-0.9936136,2.197043,13
3.251729,1.550543,-2.866752,2.7656531,-1.0033349,-1.0787256,-1.866106,-1.9158278,0.8246598,-6.2006907,-0.7044202,0.2709943,-3.5368102,-0.334229,-0.95643765,2.2732046,104
3.7849581,1.6854596,-3.2836933,2.4320178,-0.9174696,-1.334863,-1.8809524,-1.8901248,1.1553395,-7.036249,-1.0557035,0.5182265,-4.460067,-0.28553545,-0.9575984,2.48814,104
3.1902907,1.728276,-2.7110522,2.021206,-1.3550863,-1.2543477,-1.3600168,-1.7835749,1.7416933,-6.5652785,-1.1413475,0.26199174,-4.065908,-0.1041204,-0.928417,2.3745928,13
3.2642682,1.4589446,-3.040074,3.1877909,-0.92955613,-0.9865811,-1.7467637,-1.7547574,0.76707417,-6.596476,-0.65142035,0.5623964,-3.5361636,-0.0029247701,-0.6890287,2.2522812,104
3.4510176,1.450028,-2.9436827,2.917593,-0.933689,-1.1154454,-1.7352684,-1.785297,0.9048329,-6.5109625,-0.84768534,0.5091092,-3.8317528,-0.1307012,-0.7499713,2.340769,104
3.1804051,1.1865268,-3.1707613,3.0580812,-0.3080451,-1.480494,-1.8914435,-1.5892975,0.5191842,-6.2012,-0.71796215,0.45177925,-3.377688,0.24378881,-1.0101178,2.0728974,8
3.610496,0.79940206,-2.8969688,2.8922715,-0.30215728,-1.1947532,-1.8008564,-1.545681,0.2613694,-5.933712,-1.0237043,0.83470464,-3.8968365,0.45035237,-0.8875679,2.1319027,104
3.951324,0.7665908,-3.10416,2.610321,-0.24122597,-1.0262765,-1.6567383,-1.3520188,0.50670654,-6.189824,-1.2228343,1.0848914,-4.4794407,0.3282515,-0.6568578,2.3574107,104
4.223827,1.2924647,-3.4847353,2.1065135,-0.5113827,-1.2489938,-2.0236056,-1.7718186,0.8514665,-6.9210167,-1.3817711,0.93625987,-4.9998217,0.030196786,-1.0944829,2.4568987,104
3.0217457,0.54609567,-2.057663,2.5049262,-0.24076694,-1.0420283,-1.4318459,-1.0529124,0.28379923,-4.453441,-1.0970702,0.45784563,-2.8951492,0.78461844,-1.0189526,1.7641402,1
3.4032753,0.6191761,-2.1446075,2.5210934,-0.463483,-0.74782103,-1.5639138,-1.2683284,0.2311222,-4.8955026,-1.0764909,0.62277174,-3.4815562,0.5726351,-0.9389022,1.9121398,104
3.5943928,1.6472446,-3.0261807,2.50319,-1.1015704,-1.1537594,-1.8173916,-1.88637,1.1925783,-6.8257475,-0.99096936,0.4835142,-4.242086,-0.21447466,-0.9201821,2.3957498,104
4.3444114,0.86963487,-2.975977,2.2617884,-0.29189634,-1.0600593,-1.8067415,-1.0376364,0.37636006,-5.999464,-1.697671,0.9384476,-4.731357,0.74425066,-1.276916,2.3186731,104
2.6730945,1.3974525,-2.0374753,2.7371259,-0.93054676,-0.85920256,-1.5130303,-1.7364719,0.88434976,-4.897389,-0.5126682,0.13767476,-2.512375,-0.24956144,-0.72360337,1.9985048,13
3.5271852,1.1637914,-2.5489266,2.6786537,-0.73678505,-1.0113868,-1.614516,-1.2942046,0.76028115,-5.8244386,-1.1271621,0.53518075,-3.6482031,0.49606365,-0.96613353,2.085083,104
3.0652509,1.6679885,-2.7325022,2.2657666,-1.2022616,-1.2212158,-1.5120046,-1.9279885,1.3675065,-6.3066134,-0.8673057,0.19406264,-3.6963227,-0.26654363,-0.9321899,2.2945867,13
3.3580256,1.622494,-3.0339718,3.015221,-0.9931947,-1.2159419,-1.7269611,-1.791353,1.0113895,-6.568635,-0.74679816,0.24099569,-3.6315663,-0.2797588,-0.7731731,2.4008563,104
3.6488736,1.7167981,-3.2185493,2.2736268,-0.915244,-1.3128039,-1.740758,-1.8334862,1.3660115,-6.9550333,-1.0878098,0.44117796,-4.3450236,-0.24806367,-0.9190319,2.4603252,104
3.0957477,1.745078,-2.7685583,2.2393966,-1.4030778,-1.2476717,-1.3432841,-1.8018551,1.7202157,-6.631552,-1.0875435,0.23659138,-3.881992,-0.03434425,-0.8745734,2.3500082,13
3.650534,1.1282148,-2.4415045,2.4902258,-0.7236551,-1.2084241,-1.0082971,-1.4589629,1.0301305,-5.522531,-1.0814278,0.50179756,-3.8805022,0.061450854,-0.32550317,2.4329038,104
3.83912,1.1601756,-2.5911756,2.498477,-0.82170236,-1.3003567,-1.1197801,-1.5032241,1.135486,-5.9046926,-1.2516564,0.5518991,-4.262527,-0.09044049,-0.38077033,2.531078,104
3.3613787,1.0355735,-3.1356144,3.301237,-0.26973206,-1.501686,-1.6094961,-1.197384,0.6290679,-6.149225,-0.8975871,0.40404892,-3.556077,0.2779957,-0.7023217,2.3537745,104
3.8622198,0.74233824,-2.9987156,3.1122408,-0.22406334,-1.3150991,-1.4907725,-1.197492,0.49108583,-6.15934,-1.160119,0.81659555,-4.1711965,0.5734905,-0.5430027,2.3851435,104
3.957075,0.8138765,-3.2378986,2.584477,-0.21336564,-1.011429,-1.5794353,-1.2087181,0.5026397,-6.0894556,-1.2643435,0.9338231,-4.4136353,0.39273292,-0.64347863,2.4651055,104
3.940196,1.3901085,-3.4463282,1.9809211,-0.5134377,-1.1213342,-2.0000546,-1.7981466,0.9205076,-6.696385,-1.2573313,0.78533953,-4.596106,0.03336469,-1.1582355,2.3329499,104
3.0560951,0.31633228,-2.0158703,2.4657955,-0.19857535,-0.97026443,-1.3691595,-0.9522364,0.24675107,-4.2504272,-1.2253402,0.50581753,-3.056059,0.78039134,-0.9004854,1.861291,1
3.460316,0.27011755,-1.9928973,2.3523688,-0.33639896,-0.69023067,-1.3832173,-1.0529583,0.26487917,-4.5760093,-1.311569,0.7110895,-3.7383277,0.6868067,-0.7843801,2.0261889,104
3.576186,1.7196584,-3.078652,2.6434379,-1.1673633,-1.1583337,-1.7468107,-1.8250645,1.3375012,-7.045649,-1.0290294,0.47548032,-4.235025,-0.1395574,-0.841878,2.4509401,104
4.33196,0.76106495,-2.9193532,2.3694043,-0.19564009,-1.0678649,-1.5968237,-0.7906769,0.593437,-5.985472,-1.7084831,0.9376452,-4.7714906,0.76256925,-0.98022634,2.4219584,104
3.129933,1.6758257,-2.2910724,2.8424683,-1.0867054,-0.91191906,-1.390024,-1.7152859,1.1156439,-5.466435,-0.58059835,0.16787909,-2.952845,-0.3005051,-0.5166873,2.2382488,104
3.5749502,0.9141324,-2.6306722,2.620593,-0.6459639,-0.94941336,-1.5825696,-1.1979494,0.6685787,-5.731037,-1.2482841,0.61596996,-3.8545532,0.59491444,-0.9161804,2.1500652,104
2.9831126,1.7093312,-2.7473369,2.2410808,-1.2528615,-1.236096,-1.4243863,-1.9288139,1.5005577,-6.361753,-0.8924646,0.1378342,-3.6218522,-0.19276942,-0.9065777,2.281319,13
3.690838,1.3801728,-2.6264403,2.550898,-0.9447787,-1.4022206,-1.1024175,-1.605677,1.3241394,-5.952611,-1.0987585,0.28239763,-3.9995759,-0.25952324,-0.38227183,2.5303788,104
3.5104666,1.723017,-3.3028543,2.2085314,-0.8839474,-1.2384236,-1.7418084,-1.8621179,1.2291119,-6.716846,-1.0160999,0.3580042,-4.059755,-0.12733111,-1.0200129,2.3396306,104
3.5838473,1.5975709,-2.3429887,1.7239665,-1.3807139,-1.4608215,-0.5614395,-1.5217205,2.0452836,-5.931876,-1.4097835,0.10445468,-4.354491,-0.09711963,-0.40181997,2.6277564,104
3.6752417,1.5132015,-2.6877494,2.4442363,-0.9276049,-1.1330986,-1.0805106,-1.5272313,1.0323707,-5.908373,-0.93038327,0.39095926,-3.8517077,0.021311007,-0.41601443,2.427423,104
4.1015315,1.3680935,-2.7961466,2.3000083,-0.907128,-1.3888961,-0.9479199,-1.4422766,1.3243835,-6.2009597,-1.2967246,0.50233215,-4.609446,-0.045827042,-0.27912396,2.6791008,104
3.3789241,0.8266587,-3.1641572,3.3041043,-0.122740015,-1.5094613,-1.5432642,-1.0220485,0.5178969,-6.0341244,-1.0263071,0.43225884,-3.672648,0.37447286,-0.59993625,2.428743,8
3.6770427,0.45072478,-2.815061,2.7298775,-0.12181455,-1.1596352,-1.4046624,-1.1159431,0.3278881,-5.450192,-1.307788,0.8070426,-4.0714755,0.6658475,-0.59719646,2.3498003,104
3.529033,0.46807292,-2.9350016,2.1157427,0.17607409,-1.0528934,-1.2348139,-0.7910652,0.3638229,-5.099767,-1.356833,0.77875197,-4.0216646,0.68196815,-0.590886,2.393968,3
4.212579,1.1526508,-3.0434537,1.9856049,-0.39956594,-1.5638756,-1.2034843,-1.5457132,1.0808309,-6.073834,-1.4592339,0.76568925,-4.675826,0.18701443,-0.5645515,2.5064635,104
2.8489676,0.04266989,-2.0763488,2.3974738,-0.1026541,-0.8583147,-1.4635339,-0.9380938,0.024648502,-4.226432,-1.2094886,0.6716204,-3.1810007,0.81741285,-0.848658,1.7984802,18
3.4380627,0.39985755,-2.0025365,2.554048,-0.66531265,-0.9752849,-0.9069606,-1.4448701,0.5285765,-4.9162965,-1.0971594,0.56993437,-3.8419042,0.5837236,-0.32042742,2.2991645,104
4.124628,1.556275,-2.8068533,2.2512512,-1.0808016,-1.5102705,-0.9826777,-1.5529946,1.742802,-6.69897,-1.3994323,0.4959607,-4.8443923,-0.11410897,-0.31122148,2.7539506,104
4.418006,0.557058,-3.0337517,2.5722456,-0.07374103,-1.1136513,-1.4116437,-0.5154774,0.63645226,-5.9935145,-1.7997059,0.9330931,-4.9502063,0.7864859,-0.71757823,2.671565,104
3.3193164,1.9291431,-2.5022013,2.9356556,-1.1943464,-0.8687324,-1.3881087,-1.6593776,1.1717377,-5.988267,-0.5251165,0.14838932,-3.1914418,-0.3537801,-0.4332593,2.3766832,104
3.6007295,0.8177789,-2.5104609,3.0498137,-0.76571596,-1.2855905,-1.2121222,-1.4443356,0.6306595,-5.876382,-1.0287716,0.5751249,-3.9182124,0.58491915,-0.43896753,2.3192866,104
3.3952608,1.4340582,-2.1792836,1.5723094,-1.069684,-1.4452418,-0.65612173,-1.6011837,1.7941029,-5.29528,-1.253321,0.060981438,-3.9166403,-0.14398271,-0.48607364,2.392944,104
3.9376621,1.4523182,-2.7385385,2.3262157,-0.9522977,-1.4612703,-0.8956767,-1.4642162,1.4814028,-6.1731434,-1.1786151,0.33376503,-4.406097,-0.2170613,-0.22423941,2.6509955,104
3.9960623,1.396964,-2.6603208,1.5513504,-0.85250294,-1.6662877,-0.65492415,-1.4972018,1.593891,-5.8297687,-1.4280343,0.3313766,-4.666373,-0.015638672,-0.35330623,2.5917766,104
3.416468,1.8515488,-2.431734,1.7899524,-1.5976185,-1.25458,-0.65329266,-1.598504,1.9606907,-6.1411414,-1.1892173,0.05134967,-4.17094,-0.21670127,-0.4271998,2.5914948,13
3.6137567,1.8018147,-3.155829,2.6019044,-1.333511,-0.8731713,-1.4598029,-1.843248,0.85875595,-6.9251366,-0.74360716,0.6254285,-4.15174,-0.19809142,-0.5302911,2.461206,104
3.9267964,1.7461511,-3.0902367,2.4168115,-1.2412467,-1.1663563,-1.2333808,-1.6918007,1.1744534,-6.7205143,-1.0318158,0.4836225,-4.4771504,-0.22347419,-0.4403588,2.6279676,104
2.887121,0.48549646,-3.012821,2.8032064,-0.03431411,-1.348676,-1.7649593,-1.2492636,0.1201294,-5.4324183,-1.0230757,0.62250954,-3.4832654,0.5119779,-0.822607,2.0712342,79
2.978144,0.09741081,-2.5589714,2.0584888,0.03519647,-1.0666006,-1.506016,-1.1614225,0.06618409,-4.675479,-1.3999456,0.8631778,-3.739782,0.82102984,-0.8377737,2.0243096,79
3.1091998,0.58668834,-2.7709858,1.7731842,-0.21677333,-0.98679656,-1.1054742,-1.5447851,0.067730755,-4.7525563,-0.9136317,0.705193,-3.5497487,0.6526678,-0.69625026,2.0402381,104
4.250415,1.2362379,-3.1589987,1.9265922,-0.5062082,-1.5247427,-0.94373065,-1.4661604,0.9526864,-5.985795,-1.3066622,0.6279946,-4.6309876,0.31725052,-0.43625674,2.5347168,104
2.4054313,-0.5031573,-1.5676013,2.2896504,-0.21980835,-0.8408343,-0.9211015,-1.2495531,-0.16195156,-3.633667,-0.9293035,0.63269496,-3.098942,0.8220826,-0.43413243,1.8232716,18
3.4313908,0.7421106,-2.7120426,3.1662164,-0.9169738,-0.9552834,-1.4554515,-1.7830007,0.38127142,-6.2519965,-0.8100982,0.73430175,-4.074426,0.39579478,-0.42285663,2.4057248,104
4.154523,1.947131,-3.1792934,2.3897133,-1.4114487,-1.3976978,-1.0454073,-1.6107568,1.8014631,-7.447434,-1.2529724,0.45298684,-5.013924,-0.17490917,-0.32193363,2.8620179,104
3.941781,0.038477063,-2.7062054,2.1879754,0.25456503,-1.0812759,-1.0820398,-0.28693664,0.41621616,-4.954145,-1.8156161,0.89493334,-4.605195,0.99306077,-0.5293622,2.5829558,3
3.2238324,2.1325305,-2.8128293,2.9288893,-1.4091952,-0.6541575,-1.6796882,-1.8595482,0.994941,-6.5800705,-0.32481125,0.2578472,-3.3265686,-0.5069822,-0.5803368,2.3537683,104
3.2805073,0.8622828,-2.7056959,2.982123,-1.015272,-1.1320473,-1.1669085,-1.7022612,0.6550338,-6.0987926,-0.8346527,0.54709435,-3.8699713,0.47020465,-0.3545041,2.4457057,104
3.3824654,1.5497764,-2.1015599,1.390374,-1.2637017,-1.2935992,-0.42937416,-1.4308898,1.8830405,-5.3320265,-1.2413157,0.034115747,-4.040265,-0.16494972,-0.36677194,2.457594,104
3.6055799,1.7463268,-2.768007,2.3272886,-1.2827268,-1.1824832,-1.0642843,-1.6658162,1.3528398,-6.303453,-0.9384461,0.26520866,-4.083063,-0.37027317,-0.37625802,2.5477433,104
3.8759003,1.7406018,-3.2056563,1.6945671,-1.2448616,-1.4183068,-0.93382704,-1.7774196,1.4004995,-6.6696906,-1.1290951,0.43180043,-4.7549286,-0.13714983,-0.4744304,2.5849235,104
3.262587,1.962303,-2.755933,1.8201622,-1.6908915,-1.1515768,-0.94403374,-1.8708736,1.6976101,-6.501293,-0.8605388,0.12076573,-4.122075,-0.34054747,-0.50229454,2.4686399,13
3.557637,1.7017162,-3.320164,2.610528,-1.3587375,-0.88057536,-1.6988969,-2.0041015,0.587382,-7.0872326,-0.78918016,0.78364855,-4.261133,-0.21059512,-0.7012808,2.5133963,104
3.8057518,1.7118659,-3.2902927,2.5465488,-1.4306933,-1.0382423,-1.3894422,-1.8652477,0.9754498,-7.2079773,-0.90225077,0.7046711,-4.695132,-0.3331222,-0.41105184,2.7264378,104
2.4144907,-0.07107145,-2.6579287,1.8585488,-0.18970717,-1.2509794,-1.2421608,-1.648118,-0.111622885,-4.4549246,-0.9320594,0.62607396,-3.4512186,0.7026694,-0.7284937,1.8213362,79
2.7078602,-0.26221567,-2.2603936,1.5775622,-0.011457354,-1.1166424,-0.96455956,-1.3909111,-0.19442053,-3.976444,-1.1280208,0.7694218,-3.6314409,0.943216,-0.63185906,1.8738871,79
3.1303074,0.8906823,-3.5651813,2.4690332,-0.8092849,-0.89362705,-1.7571344,-2.198246,-0.15179949,-6.4547687,-0.7230679,1.0353881,-4.038092,0.407307,-0.8441639,2.1791344,79
4.401016,1.3271914,-3.7786539,2.1185288,-0.91014767,-1.3642884,-1.3164349,-1.8461349,0.6892746,-7.046953,-1.2412517,0.89439774,-5.2825637,0.099580556,-0.4892174,2.7168632,104
2.4035923,-0.52942777,-2.1484385,2.4504952,-0.28525728,-0.8275788,-1.1026001,-1.5628358,-0.3386277,-4.3005776,-0.7455002,0.81639194,-3.4119678,0.78403926,-0.4100489,1.9321605,18
3.252409,0.69561666,-2.8950143,3.2030787,-1.1323173,-0.7629621,-1.5209129,-1.9221191,-0.0065113306,-6.414988,-0.7017925,0.90903544,-4.086922,0.34531966,-0.51786125,2.4156916,18
3.8798184,2.1800437,-3.487466,2.4953399,-1.6685044,-1.2114089,-1.3996632,-1.9784422,1.5521401,-7.898034,-0.8968831,0.46944195,-4.8654585,-0.39489865,-0.44855353,2.773265,104
3.0267653,-0.51912487,-2.1667614,1.4940536,0.5561801,-1.050248,-0.9615762,-0.18689646,0.089200124,-3.6283696,-1.7998172,0.9079536,-4.022681,1.1012013,-0.4893046,2.24082,18
3.0863304,2.0390294,-3.0542395,2.9525409,-1.4326794,-0.63082594,-1.8365133,-1.944983,0.8006942,-6.760928,-0.31841075,0.39234042,-3.3580394,-0.527334,-0.64463985,2.4286337,13
3.0655522,0.732699,-2.7645094,3.062251,-1.0310866,-0.9000142,-1.2628548,-1.8082948,0.16123722,-5.9159417,-0.6426469,0.6838604,-3.6279433,0.46550524,-0.4389976,2.2940536,104
3.138648,1.7379673,-2.3059042,1.3279908,-1.4601775,-1.1479175,-0.6295227,-1.6642056,1.7356237,-5.601832,-0.99075544,0.00626643,-3.9104576,-0.2942152,-0.48935804,2.3773656,13
3.3367152,1.8357986,-2.9262702,2.27,-1.4502705,-0.9765485,-1.201839,-1.8969786,1.152909,-6.489478,-0.64876664,0.3014663,-3.9504344,-0.4683586,-0.4539919,2.4697297,104
3.8001273,1.6712464,-3.5767508,1.8378445,-1.3790687,-1.4139676,-1.2443101,-2.1103978,1.2348169,-7.3307967,-0.993076,0.69906646,-5.0862145,-0.25760546,-0.46643296,2.6587703,104
3.1285133,1.9151398,-2.9502847,1.9339105,-1.7277002,-1.1049759,-1.1282718,-2.0346563,1.539598,-6.801291,-0.6678235,0.28664166,-4.175386,-0.40180066,-0.44935814,2.4737265,104
3.243161,1.5671375,-3.0076296,2.4516335,-1.2425573,-0.82033503,-1.7604027,-1.9943452,0.4219818,-6.2830963,-0.80306727,0.6345585,-3.6828656,-0.1685324,-0.9134672,2.3762994,104
3.5386455,1.6256229,-3.2686887,2.4268408,-1.2909706,-1.1039095,-1.5900421,-2.081656,0.7260277,-6.691466,-0.82202816,0.6188995,-4.185577,-0.25166583,-0.65514064,2.5601604,104
1.9740101,-0.24920611,-2.657391,2.131991,-0.3021143,-1.1223896,-1.4371088,-1.9095314,-0.3854754,-4.483371,-0.7466447,0.70485294,-3.1630988,0.5940811,-0.7337937,1.8012698,79
2.5449631,-0.21543573,-2.966417,2.2731767,-0.35830003,-1.0425335,-1.4251978,-1.9430363,-0.52174634,-5.1853533,-0.8853288,1.0685833,-3.8483207,0.76712304,-0.6330824,1.9909524,79
2.9346747,0.7110016,-3.378723,2.774407,-1.0523219,-0.88245094,-1.9200943,-2.3288817,-0.50291836,-6.376248,-0.85737485,1.1414425,-3.9280987,0.3541693,-1.0118961,2.1724622,18
4.3009744,1.2148583,-3.8282235,2.2583132,-0.99243295,-1.3811563,-1.6174614,-2.078927,0.45207405,-7.2763295,-1.2849011,1.0994874,-5.3713403,0.059585243,-0.6680455,2.7150033,104
2.061878,-0.6384709,-1.9327542,2.4050913,-0.4631233,-0.6090538,-0.9789171,-1.4494922,-0.53619987,-4.1328006,-0.72240263,0.94065654,-3.2107592,0.8735072,-0.43074396,1.8202596,18
3.0696006,0.3508283,-2.6581988,3.0516644,-0.9439424,-0.6323622,-1.4428947,-1.7684646,-0.19915394,-5.8949857,-0.7516536,1.0072728,-3.9751716,0.48663402,-0.50507814,2.366257,18
3.7964091,2.0298615,-3.6705303,2.426467,-1.6418362,-1.234772,-1.5434289,-2.1283982,1.3444054,-8.008675,-0.783625,0.66086113,-4.969701,-0.37577486,-0.45928693,2.7164898,104
2.553709,-1.0236347,-2.0806565,1.0431596,0.6397381,-1.0102493,-0.8618095,-0.22260182,-0.14855279,-3.1514204,-1.8696457,0.9692141,-4.071331,1.0696816,-0.39896694,2.1509025,18
3.1316233,2.0332332,-3.161234,2.5359054,-1.4004049,-0.8091454,-1.9789262,-2.067141,0.7211121,-6.633164,-0.50127316,0.37601238,-3.4723086,-0.41357243,-0.98185736,2.370696,104
2.7769039,0.48535964,-2.5473545,2.8025599,-0.89787185,-0.7217168,-1.0923979,-1.6579549,0.018947095,-5.2053175,-0.62023914,0.584511,-3.292424,0.520097,-0.43968225,2.251122,1
3.1032004,1.6459578,-2.621944,1.4574407,-1.5018489,-1.105646,-0.77616334,-1.8103259,1.5341808,-6.0187645,-0.81387013,0.18615432,-4.1351986,-0.37606964,-0.4102771,2.439573,104
3.1488106,1.6984797,-3.0561643,2.1920571,-1.3522596,-1.0876262,-1.304234,-2.0525587,1.0024177,-6.25259,-0.5963242,0.3125627,-3.7059066,-0.38802975,-0.5272201,2.4085028,104
3.7774007,1.7130932,-3.708244,1.7106398,-1.2455847,-1.5927386,-1.557734,-2.3355174,1.0949188,-7.206831,-1.0101593,0.6541437,-4.907164,-0.19124353,-0.7691781,2.5478964,104
3.0962641,1.9911864,-3.1771762,1.8009883,-1.5424746,-1.3261565,-1.3733227,-2.1733878,1.4064959,-6.5509124,-0.61825633,0.12635975,-3.8594081,-0.31393677,-0.73386693,2.333623,104
3.1427214,1.3319489,-2.7847848,1.9539922,-1.1195993,-0.8692677,-1.6007469,-1.8714944,0.42277193,-5.605983,-0.9860257,0.54875636,-3.6128333,-0.05410854,-1.0403244,2.263593,104
3.5388381,1.6884512,-3.2807062,1.9870561,-1.2435732,-1.2918929,-1.6309004,-2.182382,0.8384084,-6.5831614,-0.92829543,0.49555618,-4.2136602,-0.13590048,-0.91490453,2.4666204,104
1.8693036,-0.28968966,-2.5543184,2.4857593,-0.5718988,-0.9305962,-1.3829224,-1.8253038,-0.59240913,-4.5678964,-0.72671604,0.86289465,-3.0909503,0.61261827,-0.7080569,1.8472834,18
2.2615292,-0.42585662,-2.644925,2.57015,-0.58009136,-0.96084416,-1.4178123,-1.8794706,-0.80034864,-4.8751607,-1.0203279,1.1137056,-3.5915673,0.7561862,-0.7185241,2.0184011,18
2.4697685,0.27325425,-2.7540293,2.6888328,-0.8177134,-0.82878363,-1.592242,-2.0483344,-0.63503695,-5.11502,-0.93213683,1.0072631,-3.317028,0.39121845,-0.83782417,2.1329195,18
3.7196455,0.8181568,-3.1542678,2.1068506,-0.7925701,-1.2296013,-1.4849129,-1.9949901,0.20176318,-5.968728,-1.1969221,0.9680141,-4.5398793,0.11125341,-0.69839346,2.4682205,104
1.8218611,-0.6726033,-1.9701608,2.2479444,-0.49898812,-0.5135877,-0.8293499,-1.3925778,-0.47829133,-4.174118,-0.5640132,0.9914336,-3.1320767,0.9273284,-0.30369103,1.7270443,18
2.7478027,0.3960504,-2.4677167,2.8154345,-0.9103011,-0.4994565,-1.3241057,-1.7462895,-0.10753541,-5.415643,-0.53879786,0.9038125,-3.5299065,0.5070942,-0.4628288,2.200951,18
3.5744116,2.0422685,-3.706758,2.3379216,-1.5050567,-1.3854554,-1.7404745,-2.3235884,1.2099243,-7.5906916,-0.67594653,0.4627794,-4.463821,-0.29620883,-0.707042,2.5573044,104
2.906464,-0.9462533,-2.7091901,2.5748868,-0.254177,-1.1336168,-1.1078975,-1.4456089,-0.49597174,-5.1278954,-1.35781,1.4140724,-4.8054185,0.8647427,-0.05088625,2.4762695,18
3.1144886,1.7958317,-3.005007,2.3023543,-1.3057568,-0.86657786,-1.8576126,-1.9771638,0.6559789,-6.2212524,-0.679121,0.34944046,-3.478982,-0.2977571,-1.0559222,2.3393722,13
2.5100968,0.46859965,-2.5307868,2.6535673,-0.8179803,-0.6609933,-1.0690506,-1.6424803,-0.033707246,-4.862625,-0.42361104,0.54002404,-2.9551065,0.53787184,-0.4621865,2.0815277,1
3.0097349,1.710527,-2.965847,1.5666455,-1.3675125,-1.2590482,-1.1594316,-2.075836,1.2523794,-5.986732,-0.6557441,0.16460226,-3.7767549,-0.32723135,-0.6577235,2.264617,104
3.252652,1.8951536,-3.3553646,1.8678061,-1.3184533,-1.3193778,-1.5580556,-2.271683,1.0318843,-6.394259,-0.7045622,0.1871918,-3.7645369,-0.28019404,-0.91758835,2.375412,104
3.486814,1.6032263,-3.3325293,1.501524,-1.1230199,-1.6289641,-1.47944,-2.2850056,1.1123325,-6.346054,-1.0164248,0.34775263,-4.30018,-0.1257139,-0.90644693,2.3848877,104
3.0179725,1.8734516,-3.0760787,1.6885492,-1.3773637,-1.3770753,-1.3726084,-2.1189027,1.3586943,-6.149098,-0.67571783,0.011848897,-3.6269095,-0.25549412,-0.82109284,2.2987657,104
3.047942,1.1159072,-2.7886074,1.5436488,-0.99438834,-0.97205657,-1.4695678,-1.8258431,0.44581598,-5.2794576,-1.0970688,0.48705834,-3.638793,0.010297485,-1.1149597,2.1991553,104
3.3878202,1.3941798,-3.0165133,1.6778787,-1.1038376,-1.281952,-1.4174833,-1.9595518,0.7914577,-5.8527346,-1.0990574,0.37738383,-4.02983,-0.08036613,-0.9576725,2.4368472,104
1.56801,-0.4749826,-2.163814,2.0278368,-0.43940726,-0.80962473,-1.0170996,-1.6768103,-0.54280543,-3.9295604,-0.62832433,0.8265208,-2.7565444,0.82193446,-0.6245757,1.6330111,18
1.8470813,-0.54542476,-2.3674378,2.3568835,-0.48281756,-0.79082465,-1.1886606,-1.7898418,-0.7878437,-4.3855906,-0.80389476,1.1051726,-3.1560516,0.825785,-0.5663035,1.8147639,18
1.965181,0.23384637,-2.375168,2.271049,-0.726614,-0.741282,-1.3479693,-1.9383361,-0.4850797,-4.1725607,-0.745675,0.7765746,-2.6687167,0.36199003,-0.7749506,1.9648951,18
3.5074606,0.650474,-2.828279,1.7343274,-0.72028196,-1.2119952,-1.3251936,-1.8246063,0.24539988,-5.3759756,-1.2431555,0.8478582,-4.385343,0.17100742,-0.7552955,2.3687806,104
1.5431738,-0.647266,-1.9074439,2.0874457,-0.4108679,-0.5951656,-0.7934397,-1.3895204,-0.4113202,-3.7659054,-0.49966824,0.81517375,-2.7860827,0.8410789,-0.32398474,1.6783292,18
2.5647316,0.32684,-2.3290322,2.5787115,-0.85826683,-0.5548562,-1.2289321,-1.6934319,-0.09412487,-4.92872,-0.5119054,0.7723996,-3.291943,0.5274027,-0.49324104,2.060479,18
3.4975483,1.979221,-3.4974337,1.9975675,-1.4057473,-1.4683186,-1.6690919,-2.2264326,1.313587,-7.0774097,-0.80320454,0.26935625,-4.2937636,-0.24705774,-0.85320306,2.5301034,104
2.6399522,-0.9811459,-2.7779067,3.1083775,-0.5094725,-1.1628634,-1.1888947,-1.4989507,-0.71096283,-5.6033096,-1.306674,1.6376971,-4.7404203,0.82037985,0.017176822,2.479205,18
3.045832,1.5264417,-2.8996663,1.9263941,-1.1635468,-0.9465811,-1.7016587,-1.9021916,0.6480404,-5.751872,-0.8353621,0.31777447,-3.4732134,-0.1741189,-1.1223055,2.2762427,104
2.3881774,0.62247074,-2.3940334,2.3369489,-0.9007925,-0.73207456,-0.9996926,-1.6278204,0.17833225,-4.5313587,-0.44324788,0.3416654,-2.7135434,0.57018626,-0.5857266,1.9626199,1
3.0886908,1.8759924,-3.1361146,1.4515132,-1.3290994,-1.397287,-1.379776,-2.1588492,1.3248484,-6.1125097,-0.7403201,0.029964268,-3.75921,-0.29987544,-0.91532713,2.2868044,104
3.2119482,1.7569646,-3.3114552,1.7784435,-1.1983259,-1.3750942,-1.5404646,-2.2032382,0.9930605,-6.2036357,-0.8049677,0.15770362,-3.691148,-0.19941366,-0.9911206,2.344819,104
3.4315934,1.3880141,-3.1698053,1.2653501,-0.9937135,-1.6493613,-1.3086953,-2.1198633,1.1738975,-5.898015,-1.1108546,0.26658624,-4.2285733,-0.06369157,-0.8881254,2.3469908,104
3.043811,1.6080314,-3.1367264,1.3559886,-1.1568784,-1.4497598,-1.3041797,-2.0741966,1.269193,-5.653544,-0.8516897,-0.029675826,-3.5716739,-0.12455428,-0.95872235,2.2522283,104
2.9348774,1.1590228,-2.7682216,1.5230808,-1.0380123,-1.0419611,-1.5005846,-1.7857192,0.6226198,-5.398674,-1.1329563,0.40810823,-3.558132,-0.06017693,-1.1348758,2.1859164,104
3.2366269,1.3570303,-2.9881566,1.3809135,-1.121473,-1.2671794,-1.3123527,-1.8770461,0.956359,-5.594907,-1.1781907,0.19767691,-3.8564713,-0.10599076,-1.0284009,2.396184,104
1.3019379,-0.43417186,-2.135418,2.0058975,-0.4488655,-0.8175515,-1.0188496,-1.7035019,-0.50535816,-3.8437912,-0.5453142,0.79510677,-2.4865804,0.7484467,-0.6133609,1.5851016,18
1.5491458,-0.4753841,-2.365433,2.2556248,-0.42624912,-0.80865407,-1.1614952,-1.8132007,-0.7183057,-4.169158,-0.6218712,1.0302225,-2.7991188,0.7533211,-0.5369472,1.7002875,18
1.9106232,0.18178745,-2.397457,2.164536,-0.70357895,-0.89456254,-1.3173032,-1.9058268,-0.33843666,-4.2557306,-0.751359,0.80052656,-2.7092288,0.47111416,-0.7448292,1.8711883,18
3.5315585,0.6637435,-2.859449,1.2617791,-0.73452735,-1.3251684,-1.1527693,-1.7419637,0.393883,-5.030443,-1.3669556,0.6080467,-4.3640347,0.24727052,-0.8988845,2.3432999,104
1.3757771,-0.54766524,-1.5915184,1.904517,-0.42125213,-0.68256557,-0.6388547,-1.2449278,-0.23309286,-3.1118684,-0.59426606,0.50379854,-2.3763535,0.7843214,-0.383586,1.6825469,18
2.406274,0.34169576,-2.1834288,2.5261564,-0.8559463,-0.6692119,-1.1736796,-1.6081673,-0.009361029,-4.642391,-0.5693835,0.6764604,-3.0363784,0.5102762,-0.50946295,2.007007,18
3.4230084,1.6848819,-3.3624203,1.7047225,-1.2507899,-1.4873065,-1.5465553,-2.1249769,1.2283245,-6.448099,-0.96969515,0.21824814,-4.1734476,-0.15638265,-0.9373601,2.4736738,104
2.056643,-1.3453405,-2.3515096,2.701964,-0.2860521,-1.2017962,-0.72105384,-1.1849171,-0.5665218,-4.9932957,-1.2228999,1.6967732,-4.4199123,1.0681629,0.32771254,2.2675898,18
2.8608155,1.2767446,-2.7512167,1.6843446,-1.0262613,-1.0222611,-1.577297,-1.823118,0.7097101,-5.507801,-0.88722837,0.35443908,-3.4114523,-0.114201196,-1.0695242,2.1394594,104
2.2016914,0.66720146,-2.321383,2.2431908,-0.9236789,-0.80091256,-1.0165825,-1.6164385,0.22220509,-4.394941,-0.457072,0.29032236,-2.4995594,0.54503363,-0.65328133,1.8712652,1
3.1355326,1.581438,-3.0672345,1.2941267,-1.1116996,-1.4862646,-1.2799165,-2.0367181,1.2983004,-5.7672515,-0.8921551,0.056096002,-3.7758303,-0.16804384,-0.90196735,2.2497911,104
3.1517541,1.5814184,-3.2732797,1.5572089,-1.1395609,-1.346943,-1.4509249,-2.1077406,1.0270058,-5.8731117,-0.9525388,0.09638436,-3.638727,-0.20029223,-1.039265,2.3534658,104
3.4058838,1.4114377,-3.341071,1.112105,-1.0614284,-1.6264892,-1.3371043,-2.0634675,1.2870587,-5.8667297,-1.219651,0.11944346,-4.1552176,-0.15469491,-1.0108433,2.400242,104
2.9590096,1.6687313,-3.2298694,1.121215,-1.1950141,-1.4771212,-1.3244667,-2.1148264,1.471026,-5.6854553,-0.8814404,-0.1747821,-3.4841402,-0.19079265,-1.0499544,2.2162173,19
2.925815,1.1403481,-2.8649957,1.7140299,-1.0437906,-1.1057652,-1.5838726,-1.8242702,0.6347522,-5.8107915,-1.1305637,0.4923051,-3.663303,-0.043827232,-1.1142552,2.194393,104
3.1306112,1.4055973,-3.0897083,1.390581,-1.1755546,-1.2983301,-1.411803,-1.9216936,1.0587727,-5.8774624,-1.1917173,0.18319862,-3.8043623,-0.15998678,-1.0886536,2.3497827,104
1.051152,-0.39918998,-1.9136702,1.873793,-0.3525527,-0.98535454,-0.9271702,-1.5728908,-0.4423809,-3.2475498,-0.6050828,0.5445662,-2.0519598,0.6712286,-0.6974005,1.5659587,8
1.3439425,-0.36782303,-2.0331125,2.1330142,-0.43460798,-0.9088429,-1.0405498,-1.6558896,-0.5241914,-3.6038983,-0.6655495,0.77109957,-2.368119,0.72134185,-0.5926992,1.6731036,18
1.9538823,0.15941098,-2.4023876,2.2885933,-0.66481566,-0.94311595,-1.3853309,-1.8689615,-0.36772406,-4.4127836,-0.7400785,0.8534142,-2.7668693,0.48336864,-0.74982864,1.8561915,18
3.5566888,0.70532596,-3.0333443,1.4349158,-0.77113974,-1.4240049,-1.2746782,-1.721625,0.45097423,-5.4439554,-1.4113802,0.63411134,-4.4445696,0.22225404,-0.92811763,2.3705878,104
1.2410502,-0.41134652,-1.5191468,1.9029614,-0.3866733,-0.7495469,-0.651037,-1.2446866,-0.2247803,-2.939578,-0.5614147,0.39226222,-2.0411475,0.7305382,-0.47283056,1.6148001,18
2.3038402,0.39193034,-2.1527848,2.5053644,-0.80957437,-0.7869832,-1.2298253,-1.6236658,-0.022254497,-4.497667,-0.6181715,0.5958432,-2.8014746,0.45515364,-0.6280506,1.9674757,18
3.325563,1.6519846,-3.3915162,1.4068435,-1.2201098,-1.5187695,-1.4978261,-2.0865824,1.3758619,-6.3027678,-1.026964,0.10816012,-4.065719,-0.20885155,-1.0054,2.4026103,104
1.838961,-1.2968997,-2.192516,2.5853,-0.26381683,-1.1553403,-0.6450238,-1.1785139,-0.51745003,-4.5629463,-1.0835825,1.5310013,-4.005052,1.002423,0.2864733,2.159312,18
2.8105335,1.1505545,-2.7806141,1.9297603,-1.0217415,-1.0273217,-1.6014845,-1.8084072,0.648732,-5.759166,-0.87322104,0.48367834,-3.4699433,-0.13204522,-0.96020806,2.1346364,104
2.0468416,0.7385522,-2.3221848,2.1258392,-0.8924657,-0.8460881,-1.0677993,-1.6612478,0.21576549,-4.163734,-0.46336228,0.14099033,-2.194223,0.45355362,-0.7927015,1.7975546,1
3.1826675,1.5852149,-3.2516258,1.0414518,-1.1077323,-1.5419185,-1.2737601,-2.0161424,1.4629095,-5.673427,-1.0292203,-0.11090052,-3.7611568,-0.20913279,-1.0354027,2.3014975,104
3.021503,1.6615103,-3.3531592,1.3810726,-1.208128,-1.3606926,-1.5130973,-2.1282403,1.269742,-6.0099344,-0.981355,-0.002453357,-3.5455537,-0.28586406,-1.1136271,2.3092098,104
3.3075163,1.4973553,-3.3785837,1.1907729,-1.1529707,-1.5781829,-1.3860571,-2.0012188,1.4353939,-6.159595,-1.2065065,0.06544037,-4.095008,-0.29078656,-1.0003383,2.4109864,104
2.8082635,1.7192363,-3.260189,1.3029648,-1.2664294,-1.4029452,-1.3978744,-2.127106,1.508813,-5.952756,-0.79765946,-0.1583221,-3.353356,-0.28506613,-1.0043609,2.185985,19
2.9252782,1.0617353,-2.9105778,1.9129118,-1.0085667,-1.1766124,-1.6446619,-1.8729613,0.6190609,-6.1535497,-1.1086122,0.6052048,-3.8002915,-0.002772525,-1.0671775,2.1983807,104
3.0142288,1.3287671,-3.0943282,1.6660169,-1.180453,-1.2548546,-1.490587,-1.9457984,0.98716533,-6.277735,-1.1273003,0.35196728,-3.8335376,-0.14170852,-1.0159266,2.3131907,104
0.9982566,-0.32184198,-1.8094062,1.7496737,-0.3068689,-0.98363775,-0.8798996,-1.5374265,-0.34883696,-3.0459495,-0.59049165,0.42894572,-1.8756161,0.6505731,-0.76380616,1.5042292,8
1.2972502,-0.3240023,-1.9587723,2.0458775,-0.3780926,-0.9190115,-1.0512998,-1.6348667,-0.5214914,-3.4514484,-0.67972386,0.6896057,-2.1933997,0.708997,-0.7010048,1.6127553,18
2.0072563,0.19954935,-2.3919396,2.2953868,-0.6470205,-0.9487944,-1.4246614,-1.8797662,-0.33534402,-4.450966,-0.7774242,0.76466244,-2.7442777,0.40254855,-0.8315355,1.9111109,18
3.4914641,0.59678787,-3.161491,1.788901,-0.78947926,-1.4226984,-1.3668537,-1.6776831,0.41970885,-6.0762477,-1.4012197,0.8531848,-4.61926,0.23108605,-0.8216222,2.3835266,104
1.2077433,-0.10275369,-1.646962,1.910791,-0.4497658,-0.8312188,-0.8374296,-1.440226,-0.14151423,-3.0419817,-0.49829552,0.24236359,-1.7880793,0.61400014,-0.6984757,1.5792546,8
2.3123753,0.51218,-2.221867,2.4582672,-0.7987193,-0.85185575,-1.3274152,-1.6892098,-0.0021673143,-4.5169287,-0.61864984,0.51739615,-2.696706,0.3701134,-0.7685927,1.9329228,8
3.1500099,1.6400659,-3.3644702,1.5817217,-1.2885579,-1.4360428,-1.5484478,-2.0728633,1.3823295,-6.5181274,-0.9708335,0.14621268,-3.9302661,-0.2814654,-0.9666526,2.3525586,104
1.6323506,-1.2330042,-1.8548472,2.640221,-0.23928337,-1.1032555,-0.6231991,-1.1438503,-0.4759823,-4.1373377,-0.9960272,1.4182402,-3.5473368,0.9651521,0.28701156,2.049366,18
2.8508186,0.9576406,-2.8330696,2.149332,-0.9386406,-1.1236746,-1.613545,-1.8018528,0.56275237,-6.047537,-0.9012423,0.63554794,-3.6968102,-0.11199295,-0.8510921,2.1879787,104
1.9326018,0.8130482,-2.2796128,1.9788498,-0.8893821,-0.8365175,-1.1069386,-1.733923,0.25766298,-3.9940312,-0.4499482,0.0013335049,-1.9931501,0.36876214,-0.9298121,1.7411565,1
3.0163307,1.6982203,-3.273718,1.1240532,-1.2168628,-1.4774431,-1.3558588,-2.0345452,1.6171668,-5.903037,-0.9700195,-0.18136625,-3.583132,-0.3375893,-1.0329342,2.2808626,19
2.886996,1.6695472,-3.365545,1.5332851,-1.2615615,-1.31117,-1.5932753,-2.1480436,1.2783579,-6.303663,-0.94452703,0.05305794,-3.487398,-0.34665176,-1.0975115,2.2916315,19
3.2197454,1.4849238,-3.376187,1.3960062,-1.2081376,-1.5475626,-1.3991199,-1.9695668,1.4555547,-6.55721,-1.1596658,0.15840824,-4.1619034,-0.30935174,-0.91880727,2.4083874,19
2.7827744,1.640038,-3.3888013,1.5142753,-1.2111436,-1.5242772,-1.4671712,-2.1797729,1.4591441,-6.3236117,-0.77627766,-0.029159427,-3.4850023,-0.26550764,-0.9405744,2.1966195,19
2.9888072,1.093553,-2.9714525,2.011201,-0.9923699,-1.2276305,-1.666357,-1.8737954,0.67762524,-6.351914,-1.0526452,0.6053184,-3.878901,-0.024760976,-1.0389184,2.19612,104
3.0105188,1.2955292,-3.1061597,1.8769706,-1.1539164,-1.2503556,-1.5344191,-1.9398048,0.918616,-6.4288673,-1.0342481,0.40624642,-3.8488724,-0.13666637,-0.97308177,2.2923975,104
0.9842326,-0.15639251,-1.843174,1.6866978,-0.33994186,-0.9996804,-0.9219732,-1.5882343,-0.24317871,-3.0610375,-0.5877221,0.28919202,-1.7417804,0.56415814,-0.8628428,1.5042892,8
1.3236988,-0.11121368,-1.9796616,1.9688634,-0.4415923,-0.9043224,-1.1218195,-1.7189853,-0.4156785,-3.434142,-0.66075873,0.51230973,-2.0220833,0.6192709,-0.8720226,1.6046063,8
2.097348,0.26655713,-2.3683388,2.138041,-0.63127255,-0.9832269,-1.4149675,-1.8981657,-0.21034224,-4.4165807,-0.81889266,0.6219303,-2.7593849,0.37022704,-0.9445509,1.9170328,8
3.4535358,0.48202792,-3.2420466,1.9723109,-0.77168715,-1.472589,-1.4053786,-1.6835213,0.45343292,-6.5117383,-1.3971462,1.0102204,-4.8081613,0.2733843,-0.72237,2.376455,104
1.1868075,0.16700198,-1.7059773,1.8421975,-0.51286006,-0.8182172,-0.9304615,-1.549623,-0.033977464,-3.0227265,-0.41505054,0.051776946,-1.551579,0.49192226,-0.87413925,1.5441288,8
2.2983463,0.59350985,-2.2188952,2.3501687,-0.7792156,-0.8690301,-1.359427,-1.7124782,0.061845914,-4.4823503,-0.6049028,0.42301977,-2.619621,0.28602812,-0.8588832,1.8970945,8
3.0583923,1.4765061,-3.3138878,1.7332059,-1.2351581,-1.4620332,-1.5059912,-2.0408094,1.3155984,-6.6722555,-0.9676235,0.26020467,-3.9861002,-0.23274092,-0.8623672,2.3400462,104
1.6441231,-1.1014454,-1.7483535,2.393465,-0.20019373,-1.0452588,-0.57558906,-1.1440889,-0.42836475,-3.6932197,-1.0084386,1.1698505,-3.207953,0.9119962,0.10789317,1.9563675,18
2.9823837,0.91890126,-2.9433732,2.2535286,-0.8816272,-1.1951908,-1.6358535,-1.7790161,0.55478257,-6.2265596,-0.8763504,0.67600393,-3.851052,-0.11157064,-0.82770413,2.1899953,104
1.8393523,0.8791419,-2.2553954,1.7909335,-0.86755884,-0.8506158,-1.1120441,-1.7749377,0.35459885,-3.8562346,-0.43238243,-0.13474521,-1.8519042,0.31518486,-1.0388768,1.687168,1
2.9331222,1.6717683,-3.3392303,1.3659828,-1.2439127,-1.4983947,-1.4143355,-2.06972,1.6056839,-6.297829,-0.9145237,-0.07536,-3.630006,-0.36699942,-0.9455668,2.2819452,19
2.8249426,1.5492725,-3.3255725,1.8088585,-1.2351848,-1.2600528,-1.5979373,-2.098931,1.1037024,-6.4360147,-0.8566142,0.17684816,-3.4980056,-0.3306305,-1.0111413,2.2651575,13
3.233213,1.4131936,-3.487609,1.5732336,-1.1437418,-1.6625975,-1.4230878,-2.0083742,1.3987111,-6.839834,-1.1252048,0.27674484,-4.2837563,-0.24938725,-0.86135703,2.3996487,104
2.8114052,1.7196854,-3.48854,1.624031,-1.1836568,-1.5511857,-1.4645867,-2.1758556,1.4943708,-6.4409404,-0.6628866,-0.07029584,-3.4513345,-0.28405225,-0.91732943,2.1779294,19
3.0509698,1.1073222,-2.997478,2.1447277,-0.9650972,-1.2319645,-1.69539,-1.8368479,0.68531954,-6.433617,-0.99383485,0.6224891,-3.9060402,-0.09583933,-1.0042646,2.186244,104
3.1031332,1.3751339,-3.2512245,1.9446357,-1.1233282,-1.3052979,-1.5635221,-1.9279408,0.96505296,-6.528033,-0.92531204,0.37108493,-3.873191,-0.17827855,-0.9703659,2.2476783,104
1.0088135,0.013992977,-1.8622539,1.6098193,-0.3677203,-0.9784051,-0.96660435,-1.6263152,-0.15123643,-3.0265322,-0.55539584,0.14003195,-1.5990547,0.48977995,-0.9896698,1.4901999,8
1.3703198,0.10408699,-1.9624285,1.8526503,-0.49919268,-0.86015004,-1.1428547,-1.7546902,-0.2745117,-3.3432307,-0.617785,0.29775447,-1.8437842,0.53051513,-1.0200207,1.5865046,8
2.1556091,0.26847523,-2.338978,2.0385628,-0.59384274,-1.0024403,-1.4109392,-1.8882794,-0.1436931,-4.408837,-0.8293505,0.56672084,-2.8023353,0.3655823,-1.009217,1.8916848,8
3.559806,0.5277983,-3.3764153,1.9912504,-0.7113433,-1.5810264,-1.4663796,-1.7158798,0.50287056,-6.664899,-1.3881615,0.97157,-4.8816314,0.26645976,-0.77538675,2.376143,104
1.1208327,0.29640913,-1.7079833,1.7645758,-0.522188,-0.8020176,-0.9606479,-1.566998,0.039406836,-2.98216,-0.3573764,-0.049614906,-1.3962386,0.41571152,-0.9618086,1.502202,89
2.3190854,0.6645537,-2.2433598,2.220572,-0.74943924,-0.9282763,-1.3889842,-1.7258247,0.16470599,-4.4973545,-0.61451775,0.3460372,-2.6161373,0.22917381,-0.9457997,1.865025,1
3.1305292,1.4482976,-3.4025476,1.7597655,-1.1537621,-1.557282,-1.4762912,-2.0206327,1.3227385,-6.7359943,-0.9314574,0.26673585,-4.0569506,-0.19057322,-0.8448766,2.3138418,104
1.597307,-0.80750066,-1.8403779,2.2730255,-0.32268965,-1.039366,-0.687478,-1.3443819,-0.34756696,-3.7103848,-0.9392549,0.96284497,-2.901244,0.81509316,-0.16075751,1.8606322,18
3.050176,0.8901121,-2.9844382,2.3872638,-0.85680485,-1.22291,-1.6532536,-1.7432542,0.54604715,-6.3187695,-0.858783,0.7108445,-3.926,-0.18405062,-0.7760731,2.2074263,104
1.8239659,0.95247865,-2.3087037,1.654503,-0.8349569,-0.88605887,-1.1539087,-1.7890232,0.41697907,-3.8315456,-0.41820765,-0.21503954,-1.8039258,0.26303935,-1.1493297,1.6361121,1
2.964618,1.6657108,-3.4443493,1.5871594,-1.2066056,-1.5658987,-1.4355192,-2.0887892,1.5737644,-6.5502677,-0.82279134,-0.010942772,-3.696869,-0.3533294,-0.87537426,2.2778082,19
2.8616374,1.4966887,-3.3942945,1.871837,-1.1566067,-1.339018,-1.5375044,-2.0657005,1.0835735,-6.4603534,-0.7624115,0.19267325,-3.5546184,-0.30384532,-0.9502098,2.202209,104
3.2908645,1.4999857,-3.5996554,1.6500574,-1.1188633,-1.7186787,-1.4017067,-2.0107653,1.4896463,-6.9442606,-1.0006654,0.24333452,-4.270702,-0.25419223,-0.81122035,2.3460202,19
2.8449216,1.7810119,-3.5364828,1.746334,-1.158511,-1.5438125,-1.4603872,-2.1314056,1.5372447,-6.46933,-0.55876416,-0.089837946,-3.4116085,-0.3316309,-0.88097745,2.1498885,19
3.124605,1.1179999,-2.9906583,2.2708988,-0.9310957,-1.1737115,-1.7017927,-1.7462778,0.6573526,-6.42282,-0.9144866,0.669157,-3.8992355,-0.16880828,-0.9554327,2.1302853,104
3.153713,1.3639752,-3.3353102,2.0295372,-1.0363028,-1.336822,-1.5982704,-1.8988516,0.913481,-6.50824,-0.85602283,0.40075684,-3.8589897,-0.22884059,-0.96366304,2.1938434,104
1.0194011,0.086897686,-1.821615,1.6120213,-0.37891465,-0.89985406,-0.9970832,-1.6138873,-0.14136313,-3.0048087,-0.4993779,0.10832147,-1.508469,0.43695652,-1.0501784,1.4509107,8
1.4125042,0.20481369,-1.9557636,1.808333,-0.5128321,-0.8181465,-1.1727655,-1.7549089,-0.20894442,-3.3667448,-0.5723965,0.23481174,-1.7944148,0.48862475,-1.1080039,1.5508015,8
2.2611034,0.3631842,-2.3742485,1.9566592,-0.5847706,-0.9960581,-1.3945055,-1.8537146,-0.051319763,-4.435833,-0.7835808,0.48818588,-2.8176,0.32317078,-1.0573962,1.8521577,8
3.631118,0.60781145,-3.4179811,1.9521517,-0.67195725,-1.6199008,-1.4877238,-1.6821576,0.59429246,-6.6764073,-1.3413146,0.90032244,-4.869018,0.22710669,-0.8204479,2.3281384,104
1.0996888,0.35600108,-1.7122185,1.7138778,-0.4893332,-0.8070784,-0.97515,-1.5586486,0.061903,-2.9595766,-0.30796045,-0.08905286,-1.3239771,0.3533614,-1.0137204,1.4514867,8
2.3430388,0.71361613,-2.2577543,2.1607752,-0.7144613,-0.91015506,-1.4083645,-1.6758096,0.18577665,-4.4983864,-0.57866085,0.31661946,-2.5964055,0.1754286,-1.0085633,1.8106325,1
3.1800492,1.5371488,-3.4863465,1.7926177,-1.12409,-1.5819224,-1.482846,-1.9900291,1.3968918,-6.745781,-0.8313152,0.22346066,-4.0112214,-0.21838892,-0.84508437,2.2512946,104
1.5628959,-0.40707955,-1.9633152,2.1266184,-0.4678664,-1.0006542,-0.8172506,-1.543311,-0.25272578,-3.656977,-0.83805287,0.6422131,-2.4935899,0.6464989,-0.47290552,1.7955706,18
3.111661,0.8258903,-2.9737413,2.4971037,-0.80814195,-1.1871464,-1.6149738,-1.6617965,0.4785624,-6.2732005,-0.8094181,0.7697161,-3.9473364,-0.25510338,-0.6907431,2.175478,104
1.7980947,1.013489,-2.3107898,1.590411,-0.7919487,-0.8565391,-1.1964197,-1.7439469,0.4251177,-3.762607,-0.33406496,-0.25700682,-1.7317609,0.19473037,-1.2319918,1.5587872,1
3.010745,1.7382828,-3.5261393,1.7249161,-1.1817839,-1.5858421,-1.4154503,-2.0536244,1.6304362,-6.6280437,-0.70375025,-0.031392694,-3.6758842,-0.38919458,-0.8125673,2.2515366,19
2.8882306,1.5115783,-3.464256,2.0211263,-1.110282,-1.3632132,-1.5647917,-2.061725,1.0476838,-6.4509,-0.65764785,0.19892712,-3.5107322,-0.36242312,-0.9131727,2.1674128,104
3.2984755,1.4558064,-3.5673573,1.8311409,-1.0737838,-1.6569059,-1.3921869,-1.9303141,1.4223516,-6.8656783,-0.8772512,0.294711,-4.1922445,-0.277052,-0.7355618,2.2728443,104
2.8547978,1.701933,-3.441335,1.9632694,-1.107209,-1.463498,-1.4353087,-2.0153584,1.4308054,-6.369319,-0.47560441,-0.017487273,-3.3582582,-0.35500666,-0.7952862,2.1211922,19
3.18509,1.1207079,-2.9690123,2.3570638,-0.89915967,-1.1222278,-1.694979,-1.645941,0.6157576,-6.4049807,-0.8551893,0.7369423,-3.903742,-0.19772837,-0.91598487,2.0610406,104
3.167424,1.302942,-3.307538,2.1582837,-0.97972083,-1.294779,-1.6032326,-1.8296227,0.821696,-6.442207,-0.7848004,0.48635417,-3.8326457,-0.24676402,-0.9184561,2.1185827,104
1.0840477,0.1696159,-1.7989305,1.6099929,-0.37312913,-0.8380471,-1.0045571,-1.5716753,-0.13156097,-2.9884918,-0.40802002,0.0977243,-1.4756461,0.40305108,-1.0808985,1.3941495,8
1.4796537,0.33043572,-1.9628414,1.775123,-0.52676606,-0.7787807,-1.1964943,-1.7258701,-0.1452422,-3.392276,-0.51087344,0.17287995,-1.754336,0.4187709,-1.1713502,1.5094938,1
2.3717484,0.46090645,-2.4498155,1.9067997,-0.5623332,-1.0219533,-1.4199073,-1.8160709,0.004884541,-4.470654,-0.7458734,0.44408214,-2.8386142,0.27693582,-1.1214769,1.8077201,1
3.6767302,0.5984233,-3.434227,2.034618,-0.6294805,-1.6110016,-1.5478079,-1.6635729,0.54564935,-6.7211256,-1.3154429,0.9410176,-4.883825,0.16887999,-0.8448963,2.303775,104
1.1059351,0.4463543,-1.7187947,1.6558284,-0.46349004,-0.79554623,-0.9730131,-1.5027984,0.12122937,-2.9451375,-0.22834016,-0.1385934,-1.2851351,0.2881078,-1.0665503,1.3892555,8
2.3963704,0.7707787,-2.2902083,2.112031,-0.7073817,-0.89507234,-1.411927,-1.6246217,0.21757849,-4.5328054,-0.558427,0.29250515,-2.6181815,0.11456773,-1.055666,1.7713636,1
3.1423285,1.414791,-3.3797333,2.0114727,-1.0622156,-1.4617726,-1.4593527,-1.87246,1.2182764,-6.5855975,-0.7259297,0.31291866,-3.9083395,-0.26750046,-0.7504439,2.19659,104
1.6167748,-0.030281203,-2.1312702,1.9351972,-0.5536814,-0.9261857,-0.9111943,-1.6289642,-0.13865028,-3.613922,-0.67853415,0.3705176,-2.198119,0.51707923,-0.73314214,1.6881342,8
3.210206,0.7944487,-2.9675276,2.5255537,-0.7794976,-1.1557605,-1.5633023,-1.5907958,0.44151586,-6.2307205,-0.7698338,0.8229122,-4.0075803,-0.2518423,-0.6475249,2.1163557,104
1.7681398,1.0019313,-2.280101,1.5598509,-0.7200247,-0.832248,-1.2084188,-1.6941798,0.3881713,-3.6697779,-0.27489442,-0.25065377,-1.679341,0.13309474,-1.2638626,1.4931122,1
3.0215366,1.6393676,-3.4388597,1.9895939,-1.126058,-1.5038856,-1.3913608,-1.9226325,1.4997579,-6.536658,-0.6157099,0.05174534,-3.62813,-0.4203447,-0.70611984,2.2333915,19
2.892747,1.4252126,-3.4142983,2.25007,-1.0356835,-1.3123986,-1.5495253,-1.9969437,0.909955,-6.3242574,-0.527631,0.2770074,-3.426955,-0.3805626,-0.8112465,2.0990174,104
3.3263073,1.3639576,-3.4965222,2.0127492,-1.0092641,-1.5892438,-1.3786569,-1.8391601,1.2784365,-6.6982164,-0.7931799,0.38090062,-4.149596,-0.30138516,-0.66069895,2.2293565,104
2.9119937,1.6536269,-3.370837,2.1471968,-1.0704302,-1.4071295,-1.4088447,-1.9134886,1.3445069,-6.283141,-0.4391331,0.06624366,-3.356485,-0.36570105,-0.7145853,2.112051,104
3.3035548,1.1814767,-2.9936037,2.3531938,-0.9204203,-1.1523396,-1.675977,-1.6089265,0.64903075,-6.4280286,-0.8734466,0.74652463,-3.9975967,-0.22377321,-0.9151507,2.0556223,104
3.2412174,1.321128,-3.2744656,2.2028103,-0.989277,-1.2734538,-1.5775156,-1.7838402,0.82087356,-6.3649325,-0.75334466,0.5169018,-3.8627732,-0.26227474,-0.88731,2.0684364,104
1.2013263,0.261108,-1.8040392,1.5530736,-0.3405279,-0.85771686,-0.9822624,-1.517961,-0.07774858,-2.904147,-0.3539884,0.029632047,-1.4800586,0.3725912,-1.1477609,1.3480115,8
1.5677453,0.43951887,-2.0037541,1.6818467,-0.49093837,-0.76880413,-1.1893959,-1.6307458,-0.089927986,-3.3588083,-0.44601473,0.11264263,-1.74078,0.38194275,-1.2468932,1.4322537,1
2.5516279,0.5685574,-2.532979,1.882644,-0.55731773,-1.0641849,-1.4218509,-1.7632059,0.057901368,-4.491865,-0.72959745,0.39979255,-2.913754,0.22037673,-1.1724305,1.7840669,1
3.7852552,0.7073396,-3.4965684,2.0452008,-0.627999,-1.6152364,-1.5722437,-1.6403452,0.5857244,-6.752126,-1.2552414,0.9311304,-4.896171,0.106395274,-0.86721647,2.250893,104
1.1711631,0.5193254,-1.7242223,1.6296407,-0.46067393,-0.8062721,-0.9531917,-1.4836347,0.17343608,-2.937628,-0.18023671,-0.17905532,-1.325709,0.20281497,-1.0888941,1.3815607,8
2.497631,0.8254343,-2.3499575,2.0640645,-0.7221278,-0.9192825,-1.3818302,-1.5885842,0.26209503,-4.5698023,-0.5825124,0.2525301,-2.6950648,0.033391297,-1.079607,1.7746656,1
3.1862724,1.3853694,-3.3551943,2.1006088,-1.0181087,-1.4386631,-1.4380798,-1.8104348,1.1718879,-6.511737,-0.6714713,0.37645018,-3.9117618,-0.28676683,-0.70058054,2.152897,104
1.6467865,0.1798041,-2.248158,1.7569424,-0.554958,-0.9556552,-0.9635062,-1.6692094,-0.034903064,-3.6007378,-0.58897245,0.20817785,-2.0708094,0.45038444,-0.8947952,1.6090766,1
3.311614,0.8128429,-2.9401214,2.514885,-0.79992485,-1.2141179,-1.5402973,-1.5713717,0.48456818,-6.2059307,-0.832418,0.82329345,-4.1060452,-0.25806022,-0.64552176,2.1295984,104
1.853449,1.084505,-2.323926,1.4679463,-0.714308,-0.89396226,-1.2032757,-1.7217505,0.50629616,-3.726756,-0.2857473,-0.27936822,-1.7787882,0.069457114,-1.3076751,1.4784365,1
3.0745707,1.5663381,-3.3799078,2.1410136,-1.065695,-1.4763591,-1.3595879,-1.825687,1.4244767,-6.4419746,-0.58853513,0.13227035,-3.6495328,-0.42323726,-0.6318942,2.2239513,104
2.9838705,1.4080904,-3.3419807,2.2961125,-1.0082448,-1.3382237,-1.5050085,-1.9365764,0.90930384,-6.2052746,-0.50754416,0.31275892,-3.4808762,-0.33666557,-0.75824904,2.0532093,104
3.362312,1.2962136,-3.4049046,2.064927,-0.9859531,-1.5657914,-1.3012326,-1.7456372,1.2244428,-6.5531507,-0.78773886,0.42017615,-4.184984,-0.2852124,-0.60571885,2.222427,104
2.986046,1.6304936,-3.2425897,2.203886,-1.1038824,-1.4102274,-1.3392,-1.8122413,1.3818226,-6.223654,-0.51298267,0.06418006,-3.426321,-0.34976757,-0.66611344,2.157904,104
3.3311286,1.2878819,-2.9610102,2.3467522,-1.0249865,-1.1373395,-1.6602437,-1.5743017,0.7418162,-6.5140853,-0.92429703,0.70918185,-4.02712,-0.25758234,-0.9369373,2.0746863,104
3.2821078,1.3809397,-3.2380712,2.156372,-1.0499082,-1.3027487,-1.5410995,-1.7589121,0.89085287,-6.357375,-0.81738085,0.47706747,-3.9068496,-0.29194903,-0.90501004,2.0868063,104
1.22017,0.31940606,-1.735743,1.5216507,-0.35986984,-0.90255874,-0.9496066,-1.4606841,0.035038054,-2.9505193,-0.38236064,-0.008610249,-1.5338465,0.3368609,-1.1616087,1.3449485,8
1.6780093,0.5127206,-2.012597,1.630622,-0.48694903,-0.7973134,-1.1600543,-1.5687203,-0.020245343,-3.3705184,-0.44010416,0.07437633,-1.825926,0.33885583,-1.2930799,1.4198778,1
2.6707942,0.62856805,-2.5195537,1.8690952,-0.5994923,-1.0732352,-1.3692455,-1.6687337,0.12998027,-4.540286,-0.7840033,0.36323142,-2.9941554,0.19375435,-1.1859927,1.7815107,1
3.8946652,0.7224931,-3.481166,2.0663576,-0.61364996,-1.6006404,-1.5241396,-1.5851375,0.54370874,-6.6591606,-1.2228222,0.94204724,-4.9169126,0.09322786,-0.85141927,2.2058725,104
1.2016122,0.53462815,-1.7039286,1.6313242,-0.46182495,-0.85770404,-0.937645,-1.4688842,0.2328564,-3.0262833,-0.21002278,-0.17273507,-1.4215636,0.13572983,-1.0813818,1.3909768,8
2.598623,0.8939399,-2.363548,2.0505962,-0.79475415,-0.9127368,-1.3448296,-1.5527676,0.34800875,-4.668476,-0.64273524,0.21854462,-2.7908466,-0.038033172,-1.0858283,1.7971834,1
3.2670717,1.3883879,-3.2931192,2.121265,-1.0407438,-1.4608393,-1.3816369,-1.7708057,1.2073884,-6.449901,-0.7166202,0.3735649,-3.9833093,-0.28754497,-0.67810035,2.1755087,104
1.7034396,0.33354074,-2.273926,1.6224211,-0.5517741,-0.94700664,-0.97064954,-1.6756039,0.045182347,-3.4765909,-0.5015984,0.054943815,-1.9660232,0.3574933,-1.010761,1.5513481,1
3.3522427,0.94038296,-2.910977,2.4727893,-0.8987688,-1.2396401,-1.4979093,-1.5439208,0.6137968,-6.2530384,-0.88379735,0.7422528,-4.1235614,-0.2821384,-0.6614718,2.1593368,104
1.8665575,1.0806717,-2.2700224,1.5147015,-0.7425461,-0.887964,-1.1817701,-1.7040129,0.5229147,-3.8310137,-0.299668,-0.23713613,-1.8599946,0.03821738,-1.2845726,1.4690838,1
3.166113,1.5374093,-3.2969048,2.2087817,-1.0865253,-1.5014731,-1.3045447,-1.7377647,1.4381157,-6.396564,-0.6675761,0.13833086,-3.7487187,-0.4037224,-0.59903467,2.2834551,104
3.029613,1.4747152,-3.2463367,2.2605338,-1.07577,-1.4080356,-1.4551115,-1.8719941,1.0371351,-6.18118,-0.59093773,0.24710451,-3.5322902,-0.32871094,-0.7640131,2.0856133,104
3.3868754,1.3047323,-3.3134983,2.0187693,-1.0476257,-1.5834196,-1.2149274,-1.6736847,1.314894,-6.525878,-0.8723923,0.39196485,-4.2581773,-0.28052443,-0.5813262,2.2640913,104
2.967436,1.5989785,-3.0925784,2.12928,-1.1602151,-1.4655942,-1.2241771,-1.6797028,1.5391872,-6.219923,-0.6264405,0.04222724,-3.5330558,-0.36062425,-0.60519147,2.2085512,19
3.7859824,1.1415393,-3.0088873,2.6437416,-1.02032,-1.2037544,-1.7240136,-1.5785668,0.65609604,-7.1598406,-1.0253127,1.1062555,-4.7858467,-0.18360671,-0.7469426,2.1501906,104
3.5759273,1.1626458,-3.1539907,2.4778342,-1.0387341,-1.3336223,-1.5185969,-1.7060956,0.7316181,-6.732445,-0.84701157,0.7829231,-4.4255342,-0.20568123,-0.70403445,2.1046534,104
1.2704655,0.27229962,-1.6351209,1.5960779,-0.35076782,-0.9386019,-0.9343886,-1.4461943,0.033292636,-3.029294,-0.38960105,0.051972747,-1.6754253,0.283825,-1.1008548,1.3489239,8
1.6687186,0.55358917,-1.958028,1.6678227,-0.51951027,-0.8360171,-1.1736896,-1.5145074,0.06680706,-3.4953449,-0.49178028,0.07860045,-1.8906376,0.2587447,-1.2952356,1.4307191,1
2.6923816,0.714643,-2.5044606,1.8898281,-0.67227817,-1.0914114,-1.3590941,-1.6006038,0.24850798,-4.6905212,-0.8404159,0.34894937,-3.012391,0.15157406,-1.1857824,1.7565284,1
3.89603,0.70884866,-3.3517077,2.1256118,-0.6604848,-1.5392042,-1.4551139,-1.5244521,0.5199943,-6.624512,-1.2318465,0.970443,-4.9177394,0.054726213,-0.80322725,2.1883204,104
1.2050489,0.42762962,-1.6211594,1.7943445,-0.46957806,-0.8215619,-0.93181014,-1.4602739,0.12974888,-3.0944514,-0.19227053,-0.05657123,-1.5148672,0.061102837,-0.9784677,1.3914297,8
2.626717,0.9295181,-2.3806276,2.1004071,-0.8295958,-0.8951016,-1.3613739,-1.5099388,0.3662777,-4.8331428,-0.6786561,0.2710771,-2.8376544,-0.07323226,-1.0810757,1.763458,13
3.3161569,1.4145986,-3.1916895,2.103682,-1.1206721,-1.4579376,-1.2996833,-1.6901027,1.2773046,-6.4495635,-0.7994289,0.33507258,-4.0643187,-0.30840668,-0.6576405,2.2287474,104
1.7915472,0.5004033,-2.303815,1.4998136,-0.57364494,-0.94388855,-0.9384557,-1.6781727,0.1638273,-3.3903034,-0.42584956,-0.09477899,-1.9279013,0.255619,-1.1088536,1.5150863,1
3.8112547,0.6187543,-2.9013815,2.683269,-0.8083447,-1.2839413,-1.5124934,-1.4879943,0.49317694,-6.8444104,-1.0359087,1.251374,-5.0352907,-0.12868592,-0.43554482,2.2179503,104
1.9034868,0.88438064,-2.1163893,1.7986878,-0.7398323,-0.78238136,-1.1577842,-1.6640977,0.29980493,-3.9028914,-0.24483225,-0.00937517,-2.007745,0.02255486,-1.1060213,1.4324124,1
3.1677516,1.5147786,-3.1536198,2.1521826,-1.1534178,-1.5333157,-1.2125883,-1.6119545,1.5750588,-6.4014163,-0.7828649,0.12265052,-3.8549793,-0.40703684,-0.5533555,2.3358195,104
3.3508258,1.146329,-3.0700617,2.5819602,-1.0440407,-1.4455487,-1.3703578,-1.7948462,0.82215655,-6.414274,-0.6410334,0.56458974,-4.1085334,-0.233963,-0.52246165,2.1259494,104
3.6787488,1.0407877,-3.1918583,2.347259,-1.0311342,-1.665585,-1.2195437,-1.6421343,1.1496753,-6.925445,-0.9417221,0.74559826,-4.885354,-0.21888858,-0.3631213,2.3202293,104
3.2985463,1.6762513,-3.1313865,2.3171854,-1.2557076,-1.521622,-1.2513492,-1.6671802,1.5188047,-6.6971006,-0.64164996,0.16014276,-4.017299,-0.36754993,-0.5104578,2.3130178,104
3.9602547,1.1878177,-3.0882692,2.7455454,-0.97649515,-1.3371488,-1.8386152,-1.6002594,0.74210304,-7.6659894,-1.1083589,1.3134762,-5.161618,-0.111751,-0.6915019,2.2157104,104
3.677503,1.271571,-3.2030392,2.608807,-1.0430722,-1.4132758,-1.6610565,-1.7514492,0.7763137,-7.1826663,-0.85098004,0.9477428,-4.671769,-0.17018558,-0.67701113,2.1041412,104
1.4527823,0.20607403,-1.541593,1.7045463,-0.33760247,-0.8519619,-0.95997435,-1.4875103,-0.08904816,-3.092103,-0.3576259,0.21193846,-1.8443438,0.22600213,-0.9955003,1.2890875,8
1.7492639,0.5121841,-1.9354432,1.8045102,-0.55012417,-0.8365545,-1.1839752,-1.4994092,0.037697896,-3.6713989,-0.50852174,0.17634736,-2.0540204,0.17638275,-1.211602,1.4408919,1
2.941284,0.55079603,-2.456856,2.1181684,-0.62260187,-1.1091985,-1.3969982,-1.6449497,0.06030734,-4.981976,-0.83751494,0.63745207,-3.4125004,0.18943381,-1.0526333,1.7082776,8
3.8453383,0.8598978,-3.309629,2.0923028,-0.76933396,-1.5155293,-1.4377704,-1.4956031,0.63214177,-6.741697,-1.2576423,0.9290297,-4.864693,0.018064924,-0.840243,2.1738925,104
1.3431971,0.30101332,-1.5193315,1.9631628,-0.45436937,-0.72170365,-0.9326846,-1.4888098,-0.07241301,-3.1374524,-0.15126729,0.14119832,-1.6733487,0.01906997,-0.8383798,1.349188,8
2.8450165,0.7741379,-2.2871513,2.3977475,-0.8236891,-0.83441234,-1.4080629,-1.5609356,0.1366089,-5.119906,-0.6455518,0.58330923,-3.2090223,-0.060348213,-0.9223555,1.7345486,37
3.6105726,1.1709427,-3.1143174,2.4971013,-1.1045735,-1.5039327,-1.3277049,-1.6744365,1.0809263,-6.9437633,-0.8299363,0.7248088,-4.683949,-0.26227567,-0.4182385,2.2656608,104
1.7684098,0.53650385,-2.2639866,1.5048236,-0.5882044,-0.9783365,-0.94844496,-1.689137,0.21394865,-3.4395297,-0.4332018,-0.11065481,-1.9556307,0.16276771,-1.1256422,1.5194972,1
3.9101186,0.8199972,-2.9688628,2.7596889,-0.8691652,-1.3310089,-1.6842427,-1.531322,0.6118755,-7.303251,-1.069588,1.3281597,-5.2411065,-0.1073529,-0.4791089,2.2680137,104
2.058276,0.82638377,-2.071573,1.9116088,-0.7011268,-0.7655797,-1.1942475,-1.685456,0.217059,-4.0988936,-0.23291513,0.1933784,-2.2377856,0.00831227,-0.9857283,1.3870687,1
3.5066416,1.4743559,-3.1513975,2.4207582,-1.2202443,-1.5929719,-1.2309599,-1.5941159,1.4731805,-6.8871713,-0.79856783,0.32507163,-4.4136496,-0.39086357,-0.4087542,2.4290087,104
3.492902,1.4142121,-3.2140326,2.6049304,-1.1417316,-1.4740281,-1.5175815,-1.822361,0.9533338,-6.881309,-0.63953125,0.58404416,-4.3104506,-0.24823338,-0.5764251,2.153737,104
3.8943024,1.368691,-3.4390802,2.3983178,-1.1356908,-1.7808172,-1.3916411,-1.7195284,1.2868997,-7.471385,-0.961214,0.7172043,-5.1340733,-0.24203746,-0.44972026,2.4133694,104
3.5320544,2.1818316,-3.4783921,2.3093743,-1.4016625,-1.6085385,-1.4962838,-1.8439047,1.7761256,-7.3635917,-0.6239325,0.0649427,-4.2261696,-0.50050944,-0.63533914,2.446551,19
4.1437464,1.3848228,-3.226533,2.8441186,-1.1645279,-1.3370528,-2.0426364,-1.6986322,0.69357103,-8.054871,-1.1918776,1.3308204,-5.3542147,0.053117603,-0.8785466,2.220708,104
3.846846,1.4929256,-3.3194146,2.647471,-1.124318,-1.4962301,-1.7990727,-1.8270551,0.8868907,-7.4990225,-0.91005415,0.92200303,-4.817832,-0.072251,-0.7703763,2.1721072,104
1.6658539,0.09902168,-1.5222265,1.6695184,-0.2778834,-0.742855,-0.9869597,-1.5310766,-0.19626872,-3.2856212,-0.33811483,0.46820349,-2.1218636,0.25690272,-0.9043663,1.172358,8
1.9787647,0.46516827,-1.9387578,1.8986751,-0.52952313,-0.7844332,-1.1916509,-1.5456991,-0.07195242,-3.8370993,-0.47889078,0.34883767,-2.2774515,0.14956005,-1.1086497,1.3846843,1
3.0171158,0.57328326,-2.4267871,2.2392383,-0.60679066,-1.0408131,-1.5157006,-1.6942704,-0.028129593,-5.316361,-0.79242146,0.8608011,-3.5945444,0.20519826,-1.0135936,1.6306328,79
4.3084273,0.7403551,-3.468758,2.3652897,-0.713513,-1.6857803,-1.5407484,-1.5585822,0.5666868,-7.5493116,-1.3842387,1.3617101,-5.7015157,0.1432822,-0.6770919,2.2796764,104
1.5660514,0.21606703,-1.4808277,1.9527112,-0.41733477,-0.62655294,-0.98974466,-1.5456778,-0.17216997,-3.314781,-0.1533219,0.39747852,-1.9630235,0.06727217,-0.75858474,1.2555472,18
2.8472722,0.7321047,-2.21237,2.4283438,-0.7161957,-0.8237485,-1.5032465,-1.6214254,0.02990055,-5.284789,-0.5984133,0.7890727,-3.3174372,-0.0007688552,-0.8995152,1.6175052,18
3.773874,1.4791197,-3.3698945,2.5724144,-1.1838663,-1.6096984,-1.5272942,-1.7338375,1.2029514,-7.5063186,-0.84564495,0.72162545,-4.892961,-0.29309708,-0.5055642,2.3563118,104
1.7622437,0.441825,-2.1733673,1.599589,-0.54023707,-1.004668,-0.93766844,-1.6805183,0.1376726,-3.4839573,-0.40800968,-0.005823523,-2.0669806,0.09159954,-1.0284941,1.5038058,1
4.0568495,1.1911604,-3.190856,2.8381314,-1.1316243,-1.2959687,-1.9484766,-1.7117043,0.58088434,-7.712687,-1.0744244,1.2250687,-5.2822905,0.070979014,-0.7804927,2.2373214,104
2.208779,0.78243876,-2.0976565,1.8718001,-0.65896106,-0.80854,-1.3102095,-1.7441014,0.19421838,-4.3881783,-0.31004196,0.4125917,-2.549227,0.087112606,-0.9921372,1.3683065,1
3.7059278,2.0713255,-3.525272,2.334216,-1.39992,-1.6824629,-1.4288476,-1.7600414,1.793932,-7.508311,-0.74774784,0.13191707,-4.5335264,-0.52485013,-0.55490386,2.542856,104
3.6914592,1.7672645,-3.4109588,2.5307293,-1.245907,-1.5365998,-1.6590736,-1.9517708,1.1780156,-7.195502,-0.6733804,0.4450053,-4.4131384,-0.2672189,-0.7017545,2.258926,104
4.15191,1.7338382,-3.7375813,2.2912712,-1.2067182,-1.908752,-1.5242038,-1.9144707,1.514939,-7.913359,-0.9939908,0.6112485,-5.331898,-0.2540759,-0.56305337,2.5426605,104
3.6229243,2.428282,-3.364963,2.4750905,-1.6771429,-1.6140524,-1.8167093,-2.0644338,1.9007591,-7.8312497,-0.7282196,0.18022932,-4.4552784,-0.39360636,-0.7947431,2.5144296,104
3.9910712,1.7356277,-3.5223536,3.176064,-1.5172076,-1.1947709,-2.6674442,-2.0409226,0.46594462,-8.64596,-1.0640215,1.3568931,-5.1887937,-0.08620719,-1.3101184,2.0639424,104
3.8718028,1.7623253,-3.417225,2.5967088,-1.2898194,-1.4458125,-1.9844139,-2.0162177,0.9211686,-7.708913,-0.86083806,0.84320605,-4.743211,-0.03164164,-0.9899998,2.0636866,104
1.7794943,0.20708528,-1.645432,1.7028006,-0.3973377,-0.715066,-1.1622518,-1.6536628,-0.1875173,-3.6296337,-0.37120277,0.52845824,-2.2570155,0.25039572,-0.98324436,1.1720445,8
2.1192813,0.4186188,-1.9248482,1.9271697,-0.4907941,-0.7031554,-1.2953322,-1.6011611,-0.16963895,-4.1051717,-0.46012735,0.6065516,-2.5102243,0.18953547,-1.0529838,1.2829496,1
3.1152856,0.8039932,-2.5436442,2.1688313,-0.765118,-0.991005,-1.720048,-1.8473619,-0.023851424,-5.6593676,-0.8432655,0.8303261,-3.6948931,0.2905054,-1.2671399,1.6226711,1
4.533523,0.8648405,-3.662547,2.4285393,-0.7012789,-1.8865055,-1.7353377,-1.6903446,0.6670582,-8.152589,-1.5399396,1.521713,-6.1173496,0.18854046,-0.729373,2.4207263,104
1.6717649,0.06747194,-1.4708192,2.1395054,-0.4061327,-0.6699633,-1.193558,-1.5491717,-0.36162865,-3.5073335,-0.20676781,0.56923836,-2.1865456,0.28613096,-0.79998845,1.2658027,18
2.794387,0.8346703,-2.2938492,2.319624,-0.7506032,-0.7867604,-1.7107508,-1.7671975,-0.012962133,-5.429133,-0.60426074,0.789723,-3.2943633,0.09801464,-1.1328058,1.5418148,18
4.0158806,1.8774021,-3.649416,2.419746,-1.2532085,-1.7155687,-1.6961544,-1.9491856,1.4624398,-7.940111,-0.86051184,0.62022007,-5.0649443,-0.29599893,-0.64713895,2.4292796,104
1.9695851,0.24851218,-2.07496,1.6471084,-0.40297598,-1.0022626,-0.9260218,-1.7101573,-0.004801959,-3.638276,-0.38323513,0.28746152,-2.4151607,0.15337335,-0.8854816,1.4011803,1
3.9447494,1.5805906,-3.434009,3.2330885,-1.5144966,-1.1950731,-2.517265,-2.079434,0.5566502,-8.509852,-0.94671166,1.3205043,-5.2455015,-0.12821175,-1.0561736,2.1595705,104
2.3383155,0.9250622,-2.1903472,1.8536848,-0.7822472,-0.84435296,-1.4015694,-1.8115462,0.288126,-4.6769667,-0.38398188,0.39332545,-2.7133698,0.114742056,-1.0646973,1.4457875,1
3.8852162,2.3049362,-3.50271,2.4133277,-1.6105622,-1.7291579,-1.7218695,-1.9968438,1.9419255,-7.955476,-0.86703837,0.2473035,-4.8394732,-0.4349429,-0.6921366,2.6291242,104
3.713578,1.9128417,-3.197027,2.3278995,-1.3602022,-1.5005004,-1.6482086,-1.9879048,1.4118555,-7.1838827,-0.7301284,0.41088724,-4.455309,-0.29671025,-0.73313916,2.2344549,104
4.135679,1.8179743,-3.3854973,2.161325,-1.3414054,-1.7687633,-1.5726259,-1.9242327,1.6448666,-7.7818236,-1.0504937,0.6391234,-5.3467603,-0.31491858,-0.6020707,2.4929593,104
3.4450233,2.186831,-2.7629027,2.1972647,-1.7352886,-1.3587087,-1.5156693,-2.0179358,1.8121871,-6.842397,-0.84615564,0.10002209,-4.1881814,-0.36432338,-0.80541587,2.4553063,104
3.6670363,0.9992885,-2.336542,1.8401784,-0.67038524,-1.2753623,-1.5307407,-1.2382238,0.6262434,-5.5323415,-1.2088727,0.66565526,-4.2535496,0.26166332,-1.0775896,1.9223946,104
3.8313394,1.8474042,-3.2061079,2.6098447,-1.3732924,-1.3648864,-2.0345528,-1.9385986,0.96716535,-7.56276,-0.92770207,0.81359184,-4.624459,-0.08147014,-1.0429926,2.0841136,104
1.8551694,0.11755374,-1.5996355,2.1108317,-0.44000623,-0.7880721,-1.2565763,-1.5577013,-0.31910753,-3.6946135,-0.41303283,0.55992836,-2.2735608,0.41462332,-0.9436213,1.2348002,18
2.1594582,0.37129232,-1.9185165,1.9825143,-0.4747533,-0.7794126,-1.4637074,-1.599277,-0.2059427,-4.251386,-0.5663488,0.6617377,-2.5938537,0.34506857,-1.1527166,1.3035976,1
2.988966,0.92182374,-2.4837446,2.3082309,-0.94037604,-0.9535049,-2.0668097,-1.9363084,-0.08678983,-5.868756,-0.80377823,0.8417686,-3.6690152,0.36340296,-1.4926541,1.5350085,1
4.6553345,1.2498125,-3.988088,2.8017292,-1.0921844,-1.752495,-2.2733018,-1.9054236,0.52112013,-9.04865,-1.5380356,1.6144409,-6.3322754,0.28162807,-1.085669,2.4024396,104
1.8160937,0.30769464,-1.7999362,2.4247847,-0.5088863,-0.7666757,-1.5315366,-1.8027873,-0.32711118,-3.9998267,-0.243346,0.54425067,-2.2177312,0.14599577,-0.96303535,1.3484871,18
2.6997552,0.82505685,-2.2909527,2.086854,-0.7336339,-0.7884806,-1.8582325,-1.8129159,-0.13219331,-5.196627,-0.63607013,0.70127946,-3.1775517,0.21708366,-1.4100451,1.4037285,1
3.97404,2.0202131,-3.4700606,2.532041,-1.4363043,-1.6530464,-1.957665,-2.0271783,1.5299639,-8.208106,-0.8933783,0.73283494,-5.165781,-0.28580046,-0.7543767,2.4175103,104
2.1560013,0.06288926,-2.0377474,1.5873961,-0.2598987,-1.0428991,-1.0168166,-1.7432815,-0.07323055,-3.9719446,-0.4659673,0.6470168,-2.869233,0.26746973,-0.8208756,1.3295608,79
3.6663055,1.0029267,-2.2857168,2.0849385,-0.8560027,-1.1733726,-1.5664387,-1.3412178,0.6199314,-5.697743,-1.1237249,0.71564305,-4.340231,0.15508465,-0.93151224,2.0050952,104
2.3249671,0.94192827,-2.0683534,2.135807,-0.87562644,-0.88655174,-1.397296,-1.7242068,0.3528943,-4.783848,-0.35894293,0.39717066,-2.6979885,0.2163614,-0.92963386,1.5024694,1
3.6795645,2.239261,-3.007185,2.3569398,-1.7812289,-1.5096785,-1.6099262,-2.0766213,1.8864034,-7.3799567,-0.9087611,0.18678002,-4.5634847,-0.4109974,-0.757668,2.5693126,104
3.4818375,1.8143781,-2.5906048,2.2367764,-1.3771058,-1.3102989,-1.6151967,-1.8455901,1.2878484,-6.3727665,-0.7790376,0.27825588,-4.0363803,-0.19542676,-0.8544482,2.1677341,104
3.965425,1.7700263,-2.8190994,2.2027555,-1.4247427,-1.5627941,-1.5312035,-1.7727637,1.5972387,-7.1460075,-1.1026381,0.5326735,-5.0122843,-0.22503398,-0.6473281,2.488583,104
3.3135812,1.9792458,-2.463512,1.7752181,-1.5580652,-1.3361789,-1.4212418,-1.9314482,1.6787425,-5.979033,-0.92048556,-0.062132046,-3.9228005,-0.24231282,-1.0051056,2.3012335,104
3.7645721,0.77547586,-2.1947522,1.1648729,-0.5993552,-1.18844,-1.485785,-1.3486093,0.3993029,-4.8296533,-1.5245955,0.5469869,-4.377674,0.42720348,-1.451258,1.9718539,104
3.781043,1.26675,-2.4319303,1.7476453,-0.9228662,-1.2585676,-1.6183126,-1.5590491,0.6746072,-5.6447973,-1.2499869,0.53871155,-4.30927,0.21132076,-1.2340655,2.0386841,104
1.9398113,0.2045475,-1.7288184,1.953803,-0.34707865,-0.969352,-1.2072988,-1.5057245,-0.09017889,-3.741853,-0.5062177,0.45586383,-2.337019,0.3992824,-0.94365716,1.28612,8
2.2285376,0.5193202,-1.9101335,2.2969213,-0.6440052,-0.75551146,-1.6285598,-1.6617097,-0.28316706,-4.4529343,-0.5292866,0.6515101,-2.5546453,0.38291508,-1.2278805,1.2788347,1
2.7120457,0.83572215,-1.9822363,1.4202458,-0.48197967,-1.0521009,-1.4752412,-1.5553228,0.29088935,-4.228879,-0.74041665,0.29504532,-2.9236708,0.46944302,-1.4198997,1.3523544,1
4.4676447,1.6008016,-4.1280475,3.215282,-1.4016657,-1.6020501,-2.6962092,-2.1785636,0.53878725,-9.400551,-1.3227429,1.5372485,-5.9978867,0.018902272,-1.2541955,2.3472917,104
1.874154,0.42410582,-1.8655849,2.1871228,-0.39798582,-0.960364,-1.4566255,-1.747619,-0.020515636,-3.9619327,-0.34601957,0.35811585,-2.2295244,0.09770648,-0.96064925,1.4376549,8
2.457718,0.6591059,-1.6424615,1.5072167,-0.3133132,-0.9431122,-1.2957816,-1.287602,0.2230048,-3.740943,-0.61968666,0.26873058,-2.6003335,0.36649603,-1.1835508,1.344263,1
3.9036016,1.9299377,-2.9726067,2.4417892,-1.4544309,-1.4799446,-1.8291357,-1.8651366,1.4440148,-7.3738647,-1.005965,0.5743734,-4.836438,-0.3169394,-0.80990857,2.4215996,104
2.390596,0.20790245,-2.2425134,1.5864564,-0.38489652,-1.0965854,-1.1496646,-1.8176408,0.038376853,-4.428368,-0.5432998,0.6512402,-3.1975956,0.24048454,-0.8775031,1.4268634,79
3.8331332,0.77098167,-2.2208972,1.3518512,-0.71524405,-1.1363382,-1.5817316,-1.4581618,0.3891543,-4.9638076,-1.4820904,0.5562921,-4.5301332,0.32324955,-1.3790116,2.070202,104
2.3337188,0.93555975,-1.8951218,1.9016286,-0.7634387,-0.87292874,-1.4130018,-1.7097877,0.3739066,-4.2708964,-0.5061325,0.2433073,-2.500253,0.2671308,-1.0996583,1.5209708,1
3.464773,2.0696445,-2.6184294,1.9744195,-1.640666,-1.4139907,-1.5065227,-1.9951057,1.6995332,-6.360374,-0.9364877,-0.023044407,-4.131872,-0.33038908,-0.970004,2.402208,104
3.5356991,1.6825316,-2.637698,1.8902637,-1.1957083,-1.3338515,-1.8219247,-1.9689732,1.0277863,-5.9487066,-0.9330792,0.21824844,-4.027608,-0.12473152,-1.2329574,2.1079075,104
4.0643826,1.6696432,-2.9267678,1.9605767,-1.2696309,-1.6055671,-1.7304726,-1.8790338,1.3095938,-6.774697,-1.2354553,0.44391078,-4.975536,-0.15251529,-1.0078418,2.4258754,104
3.2064943,1.9021033,-2.4502103,1.5754998,-1.5197039,-1.3643767,-1.4830112,-2.017859,1.5650369,-5.7234263,-0.9344665,-0.15202612,-3.8064344,-0.23597445,-1.1964438,2.205717,19
3.749998,0.5550247,-2.1076014,0.9227835,-0.5834664,-1.0220053,-1.5953729,-1.3625246,0.20405743,-4.5388956,-1.7174367,0.5818662,-4.5234556,0.48836535,-1.6722517,2.0238507,104
3.7097247,1.0220759,-2.2656462,1.458044,-0.8442998,-1.12043,-1.6917186,-1.5076953,0.4965955,-5.265873,-1.4150726,0.58849823,-4.368958,0.29843992,-1.4372101,2.0170174,104
1.903514,0.17447287,-1.481671,1.5043968,-0.106515035,-1.0220811,-1.2692268,-1.4848038,-0.047870025,-3.0621052,-0.65714043,0.23633511,-2.1440594,0.4301617,-1.2048364,1.3005396,8
2.2241552,0.47507584,-1.7901711,1.8533577,-0.40457803,-0.9574923,-1.3899093,-1.4962302,-0.02835983,-3.8700216,-0.6336568,0.39106244,-2.4468048,0.38418573,-1.1984935,1.3289704,1
2.8074646,0.73614335,-1.7525896,0.93811595,-0.38558334,-1.0807574,-1.4663174,-1.6049758,0.19039541,-3.4911866,-1.0616689,0.1591328,-2.882756,0.60488796,-1.7096312,1.4595672,1
4.1381025,0.8536266,-2.7266505,1.7488762,-0.5807334,-1.5093296,-1.5895612,-1.3483717,0.6297441,-6.06227,-1.533001,0.8978852,-5.016579,0.41324544,-1.1154032,2.1417632,104
1.8792886,0.32132903,-1.7145658,1.7073983,-0.18851987,-0.9932216,-1.44123,-1.7041116,-0.07809545,-3.3369591,-0.50414705,0.18949907,-2.130929,0.20919627,-1.2241766,1.4319304,8
2.5133257,0.54457,-1.4308093,1.215801,-0.2709677,-0.86805576,-1.3505762,-1.321452,0.10118874,-3.1957128,-0.86553395,0.23499621,-2.5999792,0.41088367,-1.3788354,1.4598314,1
3.9135475,1.7584385,-2.9426732,2.0851097,-1.2280746,-1.5386071,-1.9287772,-1.8911734,1.2080363,-6.77804,-1.1498213,0.44382823,-4.7232103,-0.1787588,-1.1372714,2.3580651,104
2.542515,0.14441046,-2.2622328,2.1764083,-0.5061119,-1.1703119,-1.2074575,-1.6800096,0.06640074,-4.904659,-0.5791409,0.7876847,-3.4648786,0.32143715,-0.63425213,1.6157172,79
3.8095539,0.44904244,-2.0515785,1.0548127,-0.56477046,-0.9620679,-1.5783403,-1.3720235,0.14446223,-4.400463,-1.6547121,0.5708674,-4.5868297,0.38721922,-1.5272939,2.0944672,104
2.3223457,0.75765705,-1.7321414,1.5713282,-0.54346013,-0.8663834,-1.601974,-1.7266747,0.15712991,-3.7146869,-0.7164607,0.21558236,-2.4212139,0.375439,-1.4521656,1.4832783,1
3.3039145,1.9514896,-2.5342417,1.6824538,-1.5763904,-1.4317292,-1.536439,-2.0580068,1.5697911,-5.923513,-0.97764355,-0.13492508,-3.9525614,-0.28521466,-1.1975291,2.2868397,19
3.4419122,1.557184,-2.5491266,1.7085251,-1.0864995,-1.2854577,-1.9079597,-1.9657342,0.898287,-5.6320605,-1.0238098,0.23277597,-3.918257,-0.08778639,-1.413172,2.037346,104
3.957779,1.5062642,-2.855411,1.8014733,-1.1056546,-1.5309795,-1.8358872,-1.8549778,1.1317095,-6.479628,-1.302135,0.52551085,-4.8659425,-0.12605967,-1.1673098,2.3306847,104
3.0058854,1.8365113,-2.369742,1.6210126,-1.5873643,-1.202789,-1.5309973,-2.0190985,1.5515769,-5.8595123,-0.8928494,-0.05258237,-3.7789104,-0.27587858,-1.2150726,2.1686776,13
3.4691546,0.33724067,-1.8094112,0.8250458,-0.48266974,-0.8916426,-1.5106144,-1.2845806,0.16733292,-4.121355,-1.6828169,0.6116149,-4.2860928,0.52930343,-1.615427,1.9252728,104
3.5670583,0.6667019,-1.9494643,1.2036669,-0.69094276,-0.97204286,-1.5252283,-1.2773497,0.4391914,-4.7349863,-1.5406327,0.6928891,-4.352809,0.36396146,-1.3758154,1.978915,104
2.1293945,0.27048236,-1.8258139,1.271455,-0.083352655,-1.110425,-1.6929781,-1.8501333,-0.23411442,-3.2373824,-0.8018527,0.1839592,-2.3506298,0.46188694,-1.6946685,1.319802,1
2.2722094,0.4364997,-1.6474282,1.3552965,-0.2355622,-1.017892,-1.4122853,-1.577856,-0.06397836,-3.2579124,-0.7876824,0.18192436,-2.3659878,0.46576482,-1.4874818,1.3591043,1
2.8992252,0.65295553,-1.882656,0.7880018,-0.40904117,-1.0702668,-1.7378454,-1.7497582,-0.0682192,-3.4901145,-1.2822897,0.15580799,-3.1022265,0.65054953,-2.06316,1.5575594,1
4.1876683,0.5852553,-2.655605,1.1238848,-0.44767505,-1.4191523,-1.6786029,-1.4279786,0.36279243,-5.491165,-1.8303415,0.874789,-5.229087,0.5747368,-1.5005481,2.1844773,104
2.0009892,0.41120437,-2.0141718,1.6629878,-0.21655509,-1.0121894,-1.7824152,-1.9410079,-0.24832608,-3.60484,-0.5602169,0.19302891,-2.252403,0.17134842,-1.5612619,1.436117,1
2.6518493,0.44296524,-1.5701786,1.0608362,-0.2856864,-0.8668393,-1.6591973,-1.5515759,-0.19403578,-3.1205711,-1.1328558,0.25518847,-2.8088698,0.47108585,-1.7828238,1.5506729,1
3.8035476,1.5775952,-2.8572426,1.8624867,-1.0688171,-1.4832519,-1.979728,-1.8725201,1.0365357,-6.3923874,-1.2063341,0.4678887,-4.622922,-0.15998133,-1.2810235,2.281621,104
2.6615515,0.28409094,-2.361933,2.1115384,-0.40570396,-1.306847,-1.267628,-1.774446,0.21365294,-4.8111124,-0.6924405,0.65109885,-3.3789973,0.29495117,-0.7285875,1.7257301,79
3.5096953,0.21075949,-1.7217096,0.9072175,-0.44050616,-0.796272,-1.4693551,-1.2551793,0.1069954,-3.8782887,-1.6250029,0.58237725,-4.302897,0.42984605,-1.4788113,1.9829243,104
2.37827,0.59864235,-1.7568251,1.3954045,-0.45951894,-0.8536379,-1.7237232,-1.7689713,-0.07071839,-3.567946,-0.8611794,0.25467414,-2.5142078,0.4218073,-1.6765423,1.4576336,1
3.0756292,1.9298564,-2.4444108,1.5885124,-1.651411,-1.2678806,-1.5131459,-2.0521436,1.6308296,-5.958299,-0.9320606,-0.10346745,-3.8690543,-0.30487162,-1.2335441,2.228512,13
3.1872199,1.4023963,-2.2820463,1.5254794,-1.0214341,-1.1143537,-1.8322866,-1.8559693,0.8207361,-5.20564,-0.98996896,0.2158009,-3.6760843,-0.045445506,-1.4546537,1.9155066,104
3.742197,1.4591339,-2.766593,1.7567135,-1.08592,-1.4103587,-1.9091432,-1.8892457,1.070263,-6.4019513,-1.2163821,0.5346978,-4.6999245,-0.10197499,-1.2502596,2.2345724,104
2.9306667,1.691033,-2.250979,1.5360321,-1.5182443,-1.1275507,-1.4731464,-1.8622129,1.5144289,-5.695502,-0.95926577,-0.013249069,-3.7644286,-0.20487233,-1.2366247,2.1504378,13
3.4385338,0.5019221,-1.9269657,1.1612183,-0.51833373,-0.8082562,-1.587532,-1.2849411,0.26157802,-4.5751147,-1.5369362,0.7782449,-4.205989,0.4990992,-1.463289,1.8873045,104
3.333632,0.5741701,-1.768918,1.3048134,-0.67599106,-0.7712144,-1.4794195,-1.209816,0.41670686,-4.575907,-1.4386945,0.7622571,-4.088355,0.3770024,-1.2798579,1.8876786,104
2.071823,0.20560513,-1.6922141,1.1789824,-0.13773036,-0.95458674,-1.6866994,-1.8190799,-0.29214507,-3.0998147,-0.83615327,0.21374609,-2.3049645,0.45268893,-1.7531431,1.2850254,1
2.4059005,0.5350429,-1.9368502,1.2885197,-0.3467329,-1.0208081,-1.7914562,-1.8647159,-0.22750778,-3.594813,-0.9008386,0.16777684,-2.5848868,0.4323516,-1.8686459,1.4216412,1
2.8091755,0.5458381,-1.7456262,0.7574353,-0.42357117,-0.90554756,-1.7116516,-1.6108165,-0.008325756,-3.624752,-1.2843328,0.28845572,-3.2286677,0.62014353,-1.9709399,1.5275178,1
3.9363136,0.43914008,-2.4284694,1.1020212,-0.47591576,-1.1848518,-1.7969954,-1.5348523,0.13521802,-5.087742,-1.7903202,0.8049555,-4.9828086,0.50843495,-1.6533895,2.1697984,104
1.9457239,0.36396757,-1.953266,1.5128658,-0.17926352,-0.9037526,-1.8740187,-1.9593902,-0.22868766,-3.6161833,-0.5756459,0.25921917,-2.2783997,0.1324586,-1.6433985,1.3578807,1
2.6416893,0.22533543,-1.4617375,0.8854077,-0.19533369,-0.76785624,-1.5933528,-1.4186372,-0.19898744,-3.0522096,-1.2556618,0.3958475,-2.9754736,0.5010787,-1.7496321,1.5250914,1
3.5341203,1.6093268,-2.8056865,1.9965614,-1.1673312,-1.3061683,-2.1222072,-2.0001917,1.002355,-6.574564,-1.0353216,0.49229366,-4.4397454,-0.22103788,-1.3331487,2.2041616,104
2.6144602,0.20701857,-2.1150167,1.6890537,-0.17158452,-1.2697048,-1.3708112,-1.7132927,0.08371419,-4.082821,-0.8289976,0.4818871,-3.1556733,0.38481766,-1.0690498,1.6671659,79
3.520406,0.28020576,-1.8157449,1.1684313,-0.43703297,-0.74355805,-1.4949095,-1.2375035,0.17276558,-4.260247,-1.5479376,0.76634836,-4.2990227,0.44163454,-1.3253696,1.9543737,104
2.293169,0.62404823,-1.6318897,1.5305965,-0.60279,-0.69817215,-1.7678823,-1.7456586,0.022223473,-3.8251202,-0.8315556,0.35197866,-2.5539932,0.3392143,-1.608407,1.4458905,1
2.9243488,1.7441083,-2.246124,1.4076946,-1.5569066,-1.1711134,-1.4266851,-1.9062302,1.5683094,-5.663556,-0.9720723,-0.086672984,-3.7838504,-0.20521578,-1.2787457,2.1533003,13
3.038963,1.3225901,-2.1961482,1.5767236,-1.0098902,-0.89511526,-1.816292,-1.7944205,0.6711725,-5.090229,-0.89569736,0.25110477,-3.511729,-0.029770967,-1.4573154,1.8501009,104
3.546138,1.4734967,-2.6998055,2.0293427,-1.189245,-1.1113465,-2.0272293,-1.9076109,0.89310557,-6.55121,-1.0382544,0.5859823,-4.513964,-0.16767785,-1.2699234,2.1990898,104
2.9541135,1.6271195,-2.2260692,1.5587666,-1.4666559,-1.061639,-1.4036753,-1.7474297,1.4793972,-5.6946177,-0.981361,0.06511973,-3.8194454,-0.19516659,-1.1704395,2.170683,13
3.6182098,0.7804507,-2.3096132,1.5985556,-0.61400163,-0.8594849,-1.8137035,-1.513209,0.3112592,-5.249068,-1.4482181,0.8527305,-4.275227,0.40339908,-1.4402883,1.985384,104
3.387311,0.674118,-1.9226341,1.545204,-0.71233964,-0.7360582,-1.5898032,-1.3338923,0.41348428,-4.920179,-1.3756782,0.8417324,-4.108503,0.33117577,-1.2448039,1.9204533,104
2.0118313,0.22068287,-1.6186438,1.307479,-0.17533796,-0.85609794,-1.6464055,-1.7149417,-0.1734538,-3.2435534,-0.7999403,0.30854815,-2.282925,0.42569816,-1.6140919,1.2608379,1
2.3086324,0.46356827,-1.7442961,1.1842217,-0.35137963,-0.9152436,-1.7380202,-1.7586672,-0.104404196,-3.5631044,-0.9304421,0.24067266,-2.5980048,0.4262334,-1.8023787,1.3648549,1
2.7490928,0.59275126,-1.7665762,1.1265359,-0.42960215,-0.8922962,-1.7172983,-1.562839,0.101271264,-3.9806125,-1.1768873,0.44353426,-3.153749,0.63004154,-1.7627294,1.5035926,1
3.7330759,0.42009717,-2.30343,1.2609973,-0.4805474,-0.9770761,-1.8127341,-1.5167829,0.15885746,-5.1943817,-1.6521618,0.9460162,-4.7823715,0.48955452,-1.5452852,2.0612855,104
1.9415108,0.43388775,-1.9273274,1.6009927,-0.21321212,-0.85054356,-1.83869,-1.9032693,-0.12555502,-3.7246904,-0.5387024,0.29367584,-2.2403295,0.093319684,-1.5514896,1.3454072,1
2.5558403,0.32096016,-1.4884726,1.329089,-0.3135548,-0.70999116,-1.6701155,-1.4642915,-0.09501876,-3.5820117,-1.1125124,0.576457,-2.9342177,0.4692605,-1.5587335,1.4928885,1
3.4602556,1.5199192,-2.6913068,2.0865421,-1.1187962,-1.118023,-2.0541112,-1.8928165,0.90232956,-6.45085,-0.9643347,0.55236393,-4.314238,-0.18418463,-1.2537405,2.1649566,104
2.669323,0.2309951,-2.3334005,1.5691742,-0.15806417,-1.2665213,-1.7582581,-1.9585803,-0.09876202,-4.3205853,-0.898322,0.4975536,-3.3096375,0.32992604,-1.43525,1.6287118,79
3.6552005,0.4810731,-2.072406,1.5553056,-0.51563406,-0.7654604,-1.6376028,-1.3630197,0.20723876,-4.7971954,-1.4919711,0.8745835,-4.3424664,0.37651518,-1.2595062,2.0289328,104
2.319334,0.63423175,-1.5773706,1.7332331,-0.5823922,-0.6092576,-1.7155566,-1.6435924,0.032348946,-3.827719,-0.77870893,0.4103235,-2.4751103,0.32017958,-1.4641442,1.4498981,1
2.867891,1.651249,-2.1660323,1.4339873,-1.5301193,-1.0624261,-1.3318415,-1.785189,1.5134829,-5.6025186,-0.9661618,-0.033639953,-3.7641697,-0.19832122,-1.2135134,2.1555412,13
2.9753602,1.2923512,-2.2601163,1.7121118,-0.96415615,-0.8499578,-1.8846138,-1.83849,0.57703,-5.1425366,-0.8395665,0.29581702,-3.4083617,-0.025671385,-1.4603441,1.8303878,104
3.5261436,1.4301233,-2.7542217,2.1344228,-1.1007559,-1.0541615,-2.0469797,-1.909931,0.7738925,-6.5350523,-0.994555,0.6560139,-4.41256,-0.1625994,-1.2445931,2.1826851,104
3.0275655,1.5868659,-2.3441033,1.7142714,-1.3734622,-1.0872668,-1.4488857,-1.7671245,1.4165357,-5.87582,-0.9656129,0.18882878,-3.873556,-0.18630274,-1.1012604,2.1703162,13
3.935893,0.8952734,-2.7068796,1.8626419,-0.5562395,-1.0243769,-1.8750207,-1.6202064,0.37122867,-5.712304,-1.4746083,0.8994678,-4.5114417,0.36409017,-1.3391175,2.1576312,104
3.6181688,0.7894002,-2.3179383,1.786719,-0.66444695,-0.8690068,-1.7446232,-1.5556179,0.37933248,-5.3866863,-1.3518776,0.8971541,-4.261579,0.31332853,-1.2466815,2.0156672,104
2.1676373,0.42398942,-1.8716655,1.7339271,-0.23459235,-0.88409775,-1.7822196,-1.76914,-0.19766478,-3.7084413,-0.73393166,0.36354274,-2.307778,0.4070761,-1.5705976,1.3274558,1
2.2739325,0.5016413,-1.7497891,1.422295,-0.3501776,-0.8640337,-1.7279305,-1.6940353,-0.0054459125,-3.7879314,-0.85900396,0.34491938,-2.5455022,0.43141794,-1.6471009,1.3398657,1
2.8728147,0.8154416,-2.0109813,1.6828715,-0.4930086,-0.9363483,-1.8062708,-1.5992346,0.19759353,-4.5051103,-1.0698519,0.50865793,-3.1433244,0.56671274,-1.5912089,1.6257322,1
3.7320204,0.6080322,-2.4215345,1.6471146,-0.480335,-0.9233971,-1.8657577,-1.5109795,0.2013876,-5.473406,-1.5227542,1.0568645,-4.5697403,0.4215924,-1.3906531,2.0531757,104
2.102036,0.6660718,-2.096462,1.9945911,-0.28513923,-0.8848339,-1.9001482,-1.8950603,-0.13240628,-4.021309,-0.47841957,0.26786852,-2.20727,0.06397031,-1.4903047,1.4517593,1
2.6837292,0.5602588,-1.7567432,1.9370021,-0.39594322,-0.7807128,-1.7837532,-1.5708436,-0.028739363,-4.161091,-0.9857686,0.6586654,-2.9074032,0.40261254,-1.3858154,1.6112903,1
3.5473971,1.5042588,-2.8078556,2.1998777,-1.0092149,-1.1371739,-2.0760932,-1.8839397,0.8233653,-6.4854054,-0.98637724,0.61343133,-4.2967305,-0.1783539,-1.2240646,2.1988587,104
2.570639,0.20445481,-2.1901584,1.6625003,-0.26865324,-1.0365825,-1.8513501,-1.9517889,-0.118271515,-4.474825,-0.85451984,0.61935645,-3.3306603,0.21729106,-1.427412,1.6052428,79
3.919816,0.6253867,-2.4524128,1.836732,-0.51884866,-0.8982265,-1.7322371,-1.5043898,0.26975068,-5.330457,-1.4989288,0.9199562,-4.548404,0.34899545,-1.1945546,2.1751058,104
2.4622166,0.7436845,-1.7963881,2.087154,-0.55777884,-0.66468805,-1.85866,-1.7262905,-0.07070492,-4.0739927,-0.7369628,0.42416942,-2.460714,0.3047527,-1.4578934,1.5204878,1
2.8969312,1.6194292,-2.2669854,1.5866755,-1.4535538,-1.0705094,-1.3599932,-1.8101013,1.4466455,-5.7371106,-0.9302787,0.05774395,-3.766548,-0.21284664,-1.1500201,2.1597285,13
3.077421,1.3217522,-2.4769626,1.8458077,-0.89818263,-0.9185404,-1.9582238,-1.9447343,0.55826527,-5.417568,-0.81201553,0.3557726,-3.492263,-0.04046053,-1.4347272,1.86,104
3.6411877,1.3561213,-2.960405,2.1354542,-0.9127699,-1.1140877,-2.077214,-1.9517148,0.64785814,-6.555139,-1.036713,0.7364948,-4.441374,-0.1474045,-1.2531028,2.188259,104
3.1240346,1.6723353,-2.5282555,1.9054755,-1.3751552,-1.0984355,-1.4947424,-1.818921,1.4459641,-6.186137,-0.9290177,0.24302433,-3.9443798,-0.22199494,-1.0350549,2.2319908,13
4.206525,1.0431681,-3.0073524,2.1817408,-0.51774615,-1.1625872,-1.8148646,-1.5524133,0.56094664,-6.1866665,-1.4940356,0.92803705,-4.733773,0.30982614,-1.1022859,2.377633,104
3.8620186,0.9098528,-2.651364,1.9651746,-0.61327857,-0.965807,-1.7647018,-1.6311078,0.44691986,-5.736341,-1.3400139,0.88974917,-4.425108,0.26325747,-1.1490533,2.1524174,104
2.303315,0.51991326,-2.0491388,2.182168,-0.21474758,-0.97751504,-1.8341286,-1.728305,-0.2311226,-4.014041,-0.71626115,0.39456058,-2.316045,0.38653955,-1.4480202,1.450657,1
2.3868268,0.7155888,-1.9658015,1.9329501,-0.42176425,-0.89360183,-1.8750284,-1.781081,-0.015990108,-4.2335587,-0.75221694,0.371462,-2.5003252,0.39976427,-1.5777125,1.4193562,1
3.1578813,0.99096996,-2.4406965,2.06138,-0.44741252,-1.0588254,-1.9118702,-1.6442524,0.266763,-5.1217895,-1.0468796,0.5591691,-3.3426838,0.5695229,-1.5198708,1.7632937,1
4.073252,0.8443558,-2.9106796,1.899362,-0.45799208,-1.03063,-1.9969361,-1.6366988,0.2697522,-6.0137286,-1.5315919,1.0678993,-4.786706,0.34563327,-1.3654277,2.2365513,104
2.2989864,0.7972466,-2.3368535,2.2989902,-0.24066366,-0.9944912,-1.9209719,-1.8162569,-0.13595639,-4.308009,-0.49570063,0.2512713,-2.2499623,0.09986855,-1.4404907,1.5628775,1
3.0707705,0.80681574,-2.3106098,2.4228911,-0.40766504,-0.98058677,-1.8812821,-1.6746894,0.04577355,-4.919352,-0.9478556,0.6540373,-3.1835227,0.3946357,-1.2933552,1.8340105,1
3.7958205,1.5673494,-3.1293688,2.2956133,-0.8845482,-1.2458994,-2.129451,-1.9062295,0.8223281,-6.765884,-1.0375974,0.6645767,-4.4645095,-0.16973966,-1.199759,2.2910984,104
2.5175743,0.17403644,-2.0437813,1.7481164,-0.25382274,-0.87846595,-1.7299654,-1.7765412,-0.084236756,-4.357246,-0.78686357,0.6759142,-3.2273514,0.18146673,-1.2592099,1.5877964,79
4.1934114,0.7830782,-2.756481,2.17096,-0.5116893,-1.0239264,-1.6873641,-1.4944934,0.40713182,-5.7914724,-1.5085368,0.9278041,-4.7310414,0.30167055,-0.99143064,2.3792782,104
2.7211282,0.8433688,-2.0622866,2.367568,-0.51229817,-0.79006016,-1.88376,-1.7100275,-0.022155404,-4.426757,-0.7399336,0.42079747,-2.6254911,0.33199227,-1.3589411,1.6425686,1
2.9777915,1.6802236,-2.4304028,1.7399539,-1.4204645,-1.0918708,-1.3797569,-1.8471507,1.4712389,-5.986721,-0.88483894,0.10556422,-3.8106844,-0.23203088,-1.0783163,2.19698,13
3.2168207,1.4406805,-2.7367113,2.0898137,-0.89537287,-0.9595809,-1.9980214,-2.0556922,0.57248646,-5.7760653,-0.7440349,0.35469222,-3.5594459,-0.09409671,-1.3532794,1.9523805,104
3.7894657,1.463869,-3.2275634,2.3450785,-0.8625183,-1.1644927,-2.1111584,-2.001838,0.66700244,-6.8476615,-1.0002391,0.7470766,-4.5001063,-0.21096814,-1.1669827,2.2937756,104
3.1728349,1.6783875,-2.7151337,2.0870748,-1.322504,-1.1572406,-1.4849381,-1.864265,1.4308834,-6.419584,-0.9310501,0.3002249,-3.9829865,-0.2418135,-0.9521456,2.299489,13
4.1403947,1.1411175,-3.141977,2.183063,-0.51301706,-1.1709505,-1.7866092,-1.5467455,0.7804002,-6.3988504,-1.4630718,0.84920955,-4.6886454,0.31545013,-1.0532043,2.3950613,104
4.0147214,1.1068895,-2.8449464,2.13475,-0.6776093,-1.0490791,-1.7068315,-1.5855906,0.74362683,-6.166278,-1.3904481,0.8461218,-4.5818863,0.21149641,-0.997546,2.3212197,104
2.5692866,0.54548055,-2.2867124,2.5955005,-0.14167812,-1.1147628,-1.8036952,-1.6039279,-0.15780886,-4.436134,-0.777245,0.42968476,-2.5437677,0.38084754,-1.2285495,1.6666765,8
2.6472623,0.7995938,-2.306224,2.2907028,-0.3343033,-1.0203613,-1.9474046,-1.774772,-0.051884964,-4.625482,-0.7527975,0.40930867,-2.6217477,0.4426477,-1.5056498,1.5309685,1
3.4496992,1.0325587,-2.7374606,2.366251,-0.32479936,-1.1985754,-1.8369174,-1.5105476,0.3473465,-5.4971657,-1.0737274,0.5977778,-3.547268,0.62356764,-1.3164136,1.916138,104
4.432763,0.9053489,-3.283781,2.0818987,-0.2526391,-1.2415386,-1.9407189,-1.5445024,0.37603492,-6.317798,-1.6121587,1.1312859,-5.036735,0.318489,-1.1774044,2.4253511,104
2.4442337,0.82349944,-2.4705932,2.598918,-0.22370924,-1.0887251,-1.8465762,-1.6814764,-0.03635849,-4.580658,-0.54740465,0.26202548,-2.36348,0.12505588,-1.2613008,1.7098594,8
3.3613358,0.8925499,-2.5869987,2.7860746,-0.32804585,-1.1597807,-1.6769125,-1.4375929,0.2760934,-5.3618608,-0.9516245,0.6070775,-3.427827,0.4194367,-0.9597296,2.0785718,104
3.9830217,1.6518085,-3.3991394,2.5703964,-0.8073417,-1.3495073,-2.1101112,-1.8903835,0.8891531,-7.111948,-1.0377505,0.68380666,-4.5816207,-0.20303102,-1.046208,2.440106,104
2.683302,0.2979646,-2.2722359,2.1053352,-0.26179257,-0.9060341,-1.8324118,-1.8439277,-0.15717079,-4.6682577,-0.7323185,0.7005403,-3.2644725,0.16478896,-1.2188699,1.6658942,79
4.163126,0.86312586,-2.8981466,2.2359743,-0.51052344,-1.0790589,-1.6207602,-1.5070822,0.59587383,-6.0149164,-1.4870483,0.84430623,-4.7021694,0.31272095,-0.90597594,2.4211612,104
2.9618213,0.81186867,-2.2298265,2.6791735,-0.4703432,-0.85928226,-1.7498348,-1.562705,0.09653488,-4.7633514,-0.7759591,0.45205986,-2.882118,0.36179158,-1.0731019,1.826499,1
3.0457377,1.6851041,-2.5975115,1.9082521,-1.3412155,-1.159664,-1.351948,-1.8751272,1.443678,-6.1412997,-0.8819348,0.14675738,-3.8214428,-0.24814731,-0.98996234,2.2614784,13
3.292452,1.5922992,-2.86698,2.3001204,-0.97668636,-1.0295844,-1.9524164,-2.0501723,0.83745617,-6.220355,-0.7949467,0.33619887,-3.6584973,-0.13240895,-1.2123599,2.0877266,104
3.776556,1.6024301,-3.3711014,2.4416819,-0.8710338,-1.2348135,-2.1010377,-2.0591848,0.9125397,-7.168482,-1.021358,0.65846556,-4.4979744,-0.27761474,-1.0897355,2.3919928,104
3.1452384,1.7406601,-2.7926946,2.0555615,-1.3577003,-1.219838,-1.4513776,-1.8923316,1.648227,-6.6678877,-1.0186706,0.28385323,-4.0351634,-0.2045716,-0.940505,2.3278172,13
3.9808688,1.1545794,-3.1361241,2.2474847,-0.51249576,-1.145426,-1.7025204,-1.5452935,0.8208857,-6.274328,-1.3861905,0.72677803,-4.4160833,0.3623697,-0.9867046,2.367355,104
3.9222808,1.2012875,-2.8350694,2.1884952,-0.6906034,-1.0491335,-1.6217029,-1.5276732,0.9226792,-6.197762,-1.3643043,0.7373905,-4.43133,0.22190803,-0.9173767,2.3465044,104
2.7973485,0.4933237,-2.4157162,2.956573,-0.118954554,-1.2761581,-1.6261697,-1.3524989,0.11505721,-4.938714,-0.9316885,0.43528944,-2.913751,0.40179774,-0.88132447,1.9473875,8
2.8743913,0.78237605,-2.5145733,2.6960921,-0.24595512,-1.1609578,-1.8671107,-1.5914341,0.07564509,-5.0540338,-0.80896163,0.4723897,-2.8460202,0.47170287,-1.2237229,1.7172239,8
3.6461825,1.0142782,-2.8117874,2.7650204,-0.2951159,-1.3058314,-1.5822897,-1.1826729,0.60093313,-5.8598156,-1.1504928,0.62960345,-3.7748983,0.6623939,-0.9106185,2.1661687,104
4.369371,0.88565713,-3.3414848,1.8404793,-0.08164271,-1.2005433,-1.8597405,-1.4587607,0.5508826,-6.130471,-1.5799621,1.0572019,-4.971821,0.27750877,-1.1115136,2.398611,104
2.4890983,0.75872207,-2.43445,2.8922648,-0.27526525,-1.1559104,-1.6579065,-1.4721419,0.1762862,-4.8315835,-0.6527306,0.27343082,-2.5161476,0.14642088,-0.9644138,1.8908906,8
3.6373103,0.83394676,-2.7238617,3.1261473,-0.24403521,-1.2869669,-1.3761022,-1.0640215,0.537674,-5.7200265,-1.0713115,0.6164302,-3.7701561,0.48498523,-0.5441035,2.3989713,104
3.9386663,1.7872746,-3.4724157,2.641777,-0.8755231,-1.3798337,-2.0420108,-1.8756771,1.2239982,-7.463159,-1.0882866,0.609111,-4.6288953,-0.25239137,-0.94145125,2.5549242,104
2.9589243,0.45550478,-2.6190784,2.5143995,-0.23240212,-1.0604346,-1.9270353,-1.8778493,-0.17024653,-5.1193686,-0.7125275,0.6893077,-3.4095156,0.15425435,-1.145186,1.8306409,79
4.1197667,0.9303359,-3.0210948,2.3705268,-0.5005335,-1.0818782,-1.5768027,-1.4840882,0.6225665,-6.0981765,-1.4112861,0.7870499,-4.5479407,0.39979675,-0.8435045,2.3980405,104
3.1629782,0.6742046,-2.252587,2.9320087,-0.44949114,-0.9130366,-1.5584881,-1.3226032,0.2311913,-4.9321523,-0.92395246,0.52793145,-3.1547954,0.42365748,-0.77526766,2.023025,104
3.00129,1.7048962,-2.6698983,1.8474082,-1.311147,-1.2188597,-1.3118658,-1.886559,1.6025426,-6.307492,-0.9548902,0.15481062,-3.8403478,-0.21682629,-0.9750448,2.2619896,13
3.4162753,1.748651,-3.0010283,2.6153178,-1.0518398,-1.1821489,-1.8437471,-1.9532247,1.1146487,-6.683994,-0.86798227,0.3149991,-3.766184,-0.11597765,-1.0102502,2.257017,104
3.730236,1.7383509,-3.4602118,2.4210625,-0.8689784,-1.2456046,-2.0352702,-2.011715,1.142678,-7.306812,-1.0039225,0.5739129,-4.442225,-0.303328,-1.0287136,2.4184165,104
3.0692074,1.7926582,-2.8363936,2.1400185,-1.4090478,-1.2207022,-1.3968749,-1.9124165,1.6958929,-6.724473,-1.0017016,0.22859384,-3.8947794,-0.12524348,-0.91934717,2.3071766,13
3.8217998,0.95183593,-3.0897555,2.2440233,-0.33708656,-1.1533723,-1.4828949,-1.3331195,0.6585552,-5.8164716,-1.3936242,0.63724744,-4.187788,0.5760686,-0.88446367,2.3981128,104
3.9538426,1.3039263,-3.1062226,2.3891697,-0.6950543,-1.0115312,-1.640948,-1.4890628,0.82824504,-6.375394,-1.2880841,0.6631965,-4.367687,0.29866314,-0.91091955,2.4009545,104
2.825721,0.33127302,-2.392649,2.9765725,-0.12240742,-1.2705202,-1.568429,-1.2662603,0.08793916,-4.802799,-1.0958904,0.47369313,-3.0297987,0.42288154,-0.7744348,2.042099,8
3.0103426,0.5972335,-2.4683948,2.907467,-0.2009588,-1.2232535,-1.6439276,-1.3283052,0.22045685,-5.1122494,-0.97478455,0.50159264,-3.0604038,0.52327454,-0.9116119,1.91362,8
3.7811139,0.76386124,-2.816216,2.8294706,-0.16804448,-1.2880847,-1.3769963,-0.876455,0.62573034,-5.7039585,-1.308852,0.6712251,-3.9652882,0.7307879,-0.670936,2.3450067,104
4.0884824,0.96025753,-3.2780936,1.6987253,-0.067428865,-1.1279213,-1.7855563,-1.4241699,0.6968752,-5.9351597,-1.482199,0.8943802,-4.625287,0.28788635,-1.1058028,2.3063934,104
2.5054872,0.56151897,-2.3721502,2.9611797,-0.28890812,-1.1452398,-1.5474842,-1.3597965,0.12005765,-4.6472597,-0.79516035,0.30312663,-2.6073568,0.19011137,-0.8268274,1.9934,8
3.7273388,0.5694885,-2.721476,3.041533,-0.11416909,-1.2408365,-1.1795313,-0.79394513,0.5269503,-5.4703145,-1.2354124,0.6451198,-3.9821641,0.57172126,-0.36700606,2.5552022,104
3.850974,1.8290412,-3.446814,2.5700822,-0.877746,-1.3543383,-1.9181688,-1.8088666,1.3807234,-7.413654,-1.1118863,0.5383274,-4.510772,-0.1825461,-0.90107816,2.5402644,104
3.2220325,0.5695555,-2.86619,2.856255,-0.20934792,-1.1672969,-1.8870165,-1.7229735,-0.036615774,-5.5625005,-0.7488198,0.697868,-3.6209939,0.1897724,-0.95608336,2.01397,79
4.496589,0.7712395,-2.8272731,2.2641025,-0.47544476,-1.4908572,-0.82348967,-1.3315046,0.89265585,-5.9236693,-1.6310607,0.8033287,-4.9852877,0.47531897,-0.26915306,2.7179816,104
3.0319288,0.42949352,-2.1877582,2.6992202,-0.4033323,-0.8030623,-1.5345278,-1.3023373,0.15104932,-4.634244,-1.0631135,0.6228653,-3.2120233,0.51338464,-0.7862996,1.9995872,18
2.9250958,1.7173651,-2.6735392,1.7653359,-1.2945004,-1.2543538,-1.2177896,-1.893872,1.6862115,-6.2314982,-0.9692882,0.082180515,-3.7107446,-0.14796668,-0.9667808,2.2097433,13
3.526219,1.7786616,-3.1823692,2.952363,-1.0151935,-1.2257162,-1.7577043,-1.7841022,1.1255298,-6.969416,-0.85372835,0.32582378,-3.8202858,-0.038366504,-0.8287665,2.3619888,104
3.5773656,1.7761761,-3.443926,2.2756162,-0.8510723,-1.1411813,-1.9792922,-1.979804,1.12266,-7.0330944,-0.9641032,0.4583621,-4.186222,-0.21181232,-1.0984521,2.3348513,104
3.4904234,1.6188198,-2.3407605,1.5785621,-1.280009,-1.4324514,-0.63639194,-1.6052777,1.9858981,-5.805543,-1.3121557,0.084016845,-4.172385,-0.10463852,-0.49935696,2.4728177,104
3.6915498,1.0192086,-3.0683336,2.1802893,-0.44927084,-1.3800007,-1.0267544,-1.5926738,0.5113484,-5.590209,-1.0909219,0.50265825,-3.938178,0.6196704,-0.6071606,2.3481772,104
4.336235,1.1962582,-3.0459127,2.3245735,-0.7361846,-1.4335086,-0.8455722,-1.3797314,1.0348694,-6.275794,-1.4179968,0.6178271,-4.7713,0.418177,-0.3304283,2.699051,104
2.5696802,0.15849952,-2.4346344,2.777907,-0.15142854,-1.1600097,-1.7109382,-1.4035778,-0.090232566,-4.6886196,-1.1473489,0.6160264,-3.0351493,0.45371723,-0.8548539,1.917099,18
2.9286535,0.41004956,-2.3904388,2.8190765,-0.21624301,-1.1024877,-1.6393294,-1.337343,0.1259009,-4.8468037,-1.0612619,0.56278807,-3.0968568,0.5200936,-0.86773586,1.9315687,18
3.4710329,0.3875864,-2.634018,2.436893,-0.05114139,-1.1209162,-1.294514,-0.8330928,0.42997783,-5.06731,-1.3941271,0.7068694,-3.9035325,0.82636285,-0.6520597,2.2777522,104
3.8156657,0.88978887,-3.1739516,1.6535121,0.08308604,-1.2080619,-1.5283005,-1.2016228,0.60461354,-5.359453,-1.4454125,0.6796716,-4.1740894,0.46311772,-1.0211189,2.3178594,3
2.3402295,0.4028876,-2.4319823,2.8110266,-0.23148337,-1.096132,-1.631571,-1.3952338,-0.04038237,-4.5197697,-0.8587174,0.3681324,-2.6317086,0.2222501,-0.8653416,1.9383224,8
3.2517686,0.24688494,-2.5109494,2.4920597,0.015093952,-1.1052963,-1.2174468,-0.8361694,0.29107592,-4.6897836,-1.3149492,0.65950733,-3.6815617,0.71231514,-0.54813087,2.2962906,18
4.192469,1.5400422,-2.943008,2.07683,-0.7730504,-1.6432198,-1.1542615,-1.5919842,1.6178795,-6.518249,-1.4489716,0.5320452,-4.77171,-0.08885005,-0.46337435,2.6603765,104
3.3870509,0.6057154,-2.914885,3.1497755,-0.18386997,-1.2864689,-1.6598127,-1.3960689,0.20216663,-5.8298216,-0.84485555,0.6828262,-3.7607677,0.2796624,-0.65699154,2.196758,104
4.4078164,1.4975667,-3.5807605,2.8312783,-0.93553424,-1.2719731,-1.3600414,-1.6884761,0.6675983,-7.142681,-1.1888816,0.7733622,-4.806776,0.22789097,-0.49737564,2.7182398,104
2.9470894,0.5711701,-2.1996093,2.9601874,-0.63004094,-0.96927625,-1.257967,-1.6398541,0.21711922,-4.8651567,-0.7237712,0.45725614,-3.092943,0.41434324,-0.49282327,2.1243718,104
2.7815394,1.7434081,-2.7235687,1.8298892,-1.3309733,-1.1960881,-1.1972868,-1.86983,1.6039348,-6.1429415,-0.91640866,0.0358807,-3.482815,-0.06706134,-0.9904523,2.1481762,13
4.1018314,1.6615744,-3.017782,2.5868726,-1.0670612,-1.5576053,-0.9846886,-1.5850537,1.5249252,-6.804984,-1.2115561,0.31457806,-4.556325,-0.03790123,-0.28837115,2.7451925,104
4.007662,1.4897234,-2.7855344,1.7748824,-0.7654977,-1.5972866,-0.95044255,-1.6119529,1.4702929,-6.1203113,-1.3351929,0.4405955,-4.5833735,-0.056365468,-0.44107756,2.5298352,104
3.4007156,1.785665,-2.3145862,1.5201787,-1.467327,-1.2566996,-0.53205717,-1.5247594,1.9816731,-5.8581247,-1.2093441,0.027653605,-4.1220956,-0.15532759,-0.44196913,2.4969082,13
3.5353255,1.3171883,-3.7220702,2.5610056,-0.96105623,-1.2214434,-1.7766352,-2.2604632,0.22868665,-6.9481187,-0.8415239,0.8775002,-4.226777,0.33943295,-0.88215804,2.2828445,104
4.1415358,1.7996802,-3.8757458,2.6570106,-1.1408262,-1.2487168,-1.6199422,-1.9795704,0.69873965,-7.497739,-0.9617481,0.7088237,-4.6555853,0.2013888,-0.7420664,2.5264814,104
2.1309829,-0.24256639,-2.0077252,2.5491543,-0.21581033,-1.1674091,-1.2908952,-1.6082457,-0.27179438,-3.9670818,-0.9370609,0.53716725,-2.7925284,0.55423695,-0.64532834,1.8499814,18
2.6259506,0.111760244,-2.3509302,2.582652,-0.17994148,-0.9688228,-1.7152936,-1.4003065,-0.110549435,-4.6175294,-1.0807619,0.7389414,-3.1290047,0.5956441,-0.8908574,1.781476,18
2.7988884,-0.14390619,-2.3517356,1.8158482,0.24659899,-1.0854976,-1.32773,-0.7981406,0.06547706,-4.2037373,-1.4361665,0.8252468,-3.6563025,0.9871153,-0.72642756,1.9576952,79
3.284106,0.53820777,-2.7835798,1.2544917,0.3686376,-1.2829349,-1.024989,-0.788662,0.4950555,-4.2775717,-1.4882532,0.45568973,-3.6903841,0.77130055,-0.83529055,2.276097,3
2.0649884,0.35042885,-2.3767636,2.793714,-0.28611398,-1.1598247,-1.4343348,-1.5994819,-0.12182309,-4.34385,-0.61877453,0.23323686,-2.4169223,0.19347352,-0.753593,1.960385,8
2.81838,0.23290922,-2.3164527,2.1677575,-0.24693489,-1.0625632,-1.0094233,-1.3855033,0.0591923,-4.309448,-0.9201805,0.628526,-3.3156013,0.6712771,-0.5068177,2.0345867,79
4.2526855,1.5984274,-3.0142417,1.8930768,-0.96926177,-1.5651437,-0.8539691,-1.4797101,1.6530409,-6.626438,-1.4311723,0.5120223,-4.9966764,0.002186209,-0.31637704,2.7408965,104
3.3614712,0.40276542,-2.8429084,3.1283913,-0.09452331,-1.3232431,-1.4953587,-1.2038878,0.17855449,-5.543847,-1.0520625,0.65962595,-3.8093078,0.36055034,-0.53219557,2.3415143,79
4.37388,1.5218217,-4.0691385,2.9411016,-1.2540975,-1.0360045,-1.7590857,-2.051062,0.351035,-8.035799,-1.0861784,1.1226594,-5.3104563,0.011343278,-0.60057926,2.7863674,104
2.6982172,0.7723545,-2.4957702,3.0423765,-0.96137404,-0.6968249,-1.4091549,-1.880841,0.08482848,-5.4250607,-0.48982495,0.5472768,-3.0849006,0.25485003,-0.5512812,2.167024,37
3.2416337,1.4954398,-2.166652,1.1755843,-1.2477074,-1.400514,-0.3306864,-1.5290747,1.8417102,-5.138683,-1.2426476,-0.110611066,-3.8947506,-0.071011655,-0.5048648,2.3543208,13
4.0823445,2.1567981,-3.6816616,2.8684025,-1.4224979,-1.4681349,-1.4243588,-1.8856273,1.4380739,-7.88614,-0.96201366,0.36335933,-4.6567545,-0.18762901,-0.49262205,2.7209358,104
4.0260024,1.7119365,-3.195663,1.7090629,-1.0119487,-1.5133168,-0.99742264,-1.7176473,1.3777051,-6.620199,-1.1607924,0.49525797,-4.763065,-0.005338043,-0.48639596,2.4982724,104
3.2333674,1.9116007,-2.5748963,1.4499897,-1.5958762,-1.1800463,-0.75752544,-1.7569313,1.794845,-6.1436353,-0.9644923,0.038752332,-4.094914,-0.28061616,-0.5460634,2.41575,13
3.4061668,1.1637133,-3.6356986,2.8126287,-1.1985584,-1.0272099,-1.8668597,-2.3348558,-0.075993314,-7.076525,-0.82726055,1.069047,-4.296291,0.22763672,-0.8856042,2.3112042,104
3.9268441,1.7320044,-3.9161522,2.794135,-1.4239575,-1.1904738,-1.8090186,-2.239794,0.5871167,-7.9242983,-0.94165057,0.92474973,-4.8272443,0.05259967,-0.7593889,2.6152627,104
1.797671,-0.5692569,-2.0176196,2.1794372,-0.14165552,-1.0156177,-1.0787363,-1.5988454,-0.5667279,-3.541755,-0.88068855,0.58962905,-2.7051022,0.68026435,-0.61330163,1.78788,18
2.1892025,-0.6428064,-1.7794703,2.3921418,-0.062485836,-1.032428,-1.2444944,-1.3308371,-0.30405098,-3.8727124,-1.0603731,0.8259313,-3.1815903,0.72514224,-0.529574,1.7930862,18
2.4931984,-0.8121355,-1.8533137,1.5172464,0.16272837,-1.108369,-0.6149911,-1.0886276,-0.20120151,-3.310132,-1.182231,0.7509908,-3.6034667,1.077883,-0.306006,1.9272741,79
2.8448007,0.32832962,-2.5680795,1.4041423,0.069286466,-1.3675429,-0.8755142,-1.4819459,0.057519644,-3.9784803,-1.0539124,0.47031993,-3.2291548,0.9315985,-0.7499408,1.9532151,3
1.7106295,0.2111554,-2.4491942,2.3789845,-0.2436429,-0.979449,-1.4370468,-1.6702001,-0.32905012,-4.0245814,-0.5414511,0.20359378,-2.2307746,0.25481474,-0.87732494,1.8577613,8
2.5935645,0.29190537,-2.735907,2.3371863,-0.44675875,-0.98535615,-1.3586907,-1.83978,-0.2335776,-4.855065,-0.69624436,0.7028403,-3.2814608,0.5565398,-0.68207145,2.0001886,79
4.0599437,1.801565,-3.4180593,2.0392747,-1.3350866,-1.3741623,-1.101298,-1.8172396,1.4014403,-7.2025304,-1.1320752,0.5360757,-5.013725,-0.18495591,-0.38422963,2.7658672,104
2.8704443,0.21091212,-2.6827817,2.6286883,-0.06851781,-1.2311649,-1.6378815,-1.3909581,-0.0076934546,-5.013857,-1.133776,0.71514535,-3.5586457,0.45104784,-0.7563154,2.0900192,79
4.237457,1.3158582,-3.9036722,3.0745678,-1.2341187,-1.0603017,-1.880866,-2.1364992,0.113082826,-7.9148026,-1.1298178,1.2595326,-5.219491,0.06949319,-0.6879159,2.7626877,104
2.657512,0.64046943,-2.6369805,2.954576,-0.92214787,-0.5250077,-1.4511826,-1.8996506,-0.27219558,-5.32284,-0.4603177,0.65408087,-3.094248,0.30656603,-0.6555733,2.136542,1
3.0384257,1.7548176,-2.4229689,1.1290976,-1.4635259,-1.1845738,-0.553306,-1.6818337,1.6966112,-5.4777083,-1.0033579,-0.08344344,-3.7787707,-0.18763289,-0.64836115,2.2603374,13
3.6572113,2.308172,-3.8889713,3.072279,-1.6756958,-1.2230201,-1.8538458,-2.2393973,1.2225822,-8.396216,-0.6492692,0.52042556,-4.4526486,-0.39358068,-0.6382654,2.6364326,104
4.0339866,1.7231566,-3.7000902,1.9600424,-1.25491,-1.4883931,-1.3677247,-2.0900319,1.1805694,-7.4955683,-1.0626764,0.773204,-5.2008567,-0.18473984,-0.4964629,2.6687763,104
3.172496,1.824417,-2.8647676,1.6648799,-1.6298712,-1.1117746,-0.98240846,-1.8867946,1.5697302,-6.544085,-0.79271233,0.2639088,-4.2629943,-0.3865558,-0.4678447,2.4576,104
3.0863626,0.69827473,-3.0088167,2.852284,-0.9917095,-0.9786234,-1.6510065,-2.0821187,-0.23829971,-5.962785,-0.93991214,1.0186085,-3.806702,0.32591385,-0.74640703,2.2651453,18
3.730862,1.4235708,-3.4865606,2.6109757,-1.2712607,-1.2045407,-1.6948364,-2.1412957,0.4219513,-7.0571527,-1.0344667,0.84105897,-4.4840097,0.17833954,-0.83577585,2.5249946,104
1.7157418,-0.5907381,-2.1953013,2.3438497,-0.28577304,-0.85529083,-1.1129165,-1.583138,-0.81823695,-3.7797132,-0.8358394,0.76129174,-2.7297866,0.69540817,-0.6409475,1.780174,18
2.0572796,-0.7839992,-2.0740554,2.1771202,-0.08011385,-0.9662644,-1.080759,-1.6534543,-0.4341793,-3.9542239,-0.8493233,0.82984173,-3.305638,0.7598787,-0.39973935,1.8526938,18
2.5449724,-0.63752383,-2.6484618,2.6211615,-0.32971585,-1.1328703,-1.2105978,-1.6158363,-0.44310045,-5.094859,-1.0280724,1.2229121,-4.131254,0.8308251,-0.2543085,2.1904285,18
2.7599418,0.30440947,-2.9349854,1.6921276,-0.27678752,-1.2370839,-1.0217586,-1.8303952,-0.21389462,-4.5978694,-0.86431533,0.73686445,-3.4167473,0.8675557,-0.71896935,1.916136,79
1.49312,0.12071787,-2.4027114,2.3854055,-0.4420891,-0.7715741,-1.4025664,-1.7839862,-0.5696695,-3.9918914,-0.44936955,0.4258234,-2.1083043,0.30459273,-0.86801195,1.7045887,8
2.4466827,0.1560483,-2.6774447,2.593738,-0.6899055,-0.83064014,-1.4817195,-1.9377458,-0.59128386,-4.9060855,-0.7351446,0.8742527,-3.2433972,0.5688492,-0.8128935,1.9973289,18
3.9275603,1.6629274,-3.5402596,2.013174,-1.4005595,-1.4208198,-1.2892582,-2.090085,1.2447051,-7.393143,-1.061659,0.72725964,-5.1408544,-0.20454049,-0.43283698,2.7509685,104
2.4158828,0.07007041,-2.4610431,1.984377,-0.19492346,-1.2111174,-1.2581477,-1.703554,-0.13615485,-4.327923,-0.9035799,0.6022555,-3.210413,0.59107214,-0.7348481,1.8337375,79
3.7816272,0.95567703,-3.2506773,2.7738304,-1.0012432,-1.0405227,-1.6384857,-1.9993725,0.048279956,-6.619066,-1.1409872,1.0866935,-4.5307317,0.17453358,-0.68435264,2.579933,104
2.4857166,0.41430488,-2.4773705,2.706738,-0.8003619,-0.5091201,-1.3369684,-1.7756991,-0.31350148,-4.832683,-0.5861271,0.6443671,-2.9585357,0.36924994,-0.6681155,2.1390755,18
2.8172572,1.8090764,-2.7609956,1.2334962,-1.5779946,-1.0521084,-0.8664068,-1.9033241,1.5259566,-5.976123,-0.7583655,0.052572146,-3.8200486,-0.36601505,-0.6877195,2.2625017,13
3.5514996,2.0988927,-3.823649,2.7587729,-1.5722165,-1.2818093,-1.8505375,-2.3081377,1.0825984,-7.997482,-0.6407141,0.60927093,-4.384014,-0.2831136,-0.69531906,2.5296142,104
3.9761133,1.7453077,-3.8089807,1.849522,-1.2059448,-1.6558548,-1.645694,-2.2957761,1.0789915,-7.456104,-1.1024412,0.7698935,-5.111911,-0.15722832,-0.76734287,2.620962,104
3.080332,1.9768993,-3.2258995,1.7354869,-1.5230482,-1.3253026,-1.3784733,-2.1886666,1.3797102,-6.6486793,-0.6190959,0.20739822,-3.9372234,-0.33255476,-0.7399284,2.27059,104
2.6287746,0.59636414,-2.5926566,2.1823902,-0.8398899,-0.9349536,-1.3402157,-1.9791093,-0.116414234,-4.6524706,-0.8602278,0.6401629,-3.0979204,0.3779839,-0.845583,2.079405,1
3.2393262,1.1183071,-2.8097084,2.0501356,-1.037262,-1.1621172,-1.3355584,-1.9685872,0.49661338,-5.5686145,-1.0059247,0.5322135,-3.7286506,0.28852963,-0.82475436,2.2914972,104
1.5397847,-0.6053278,-2.1217208,2.1789956,-0.32402122,-0.7582317,-0.9952644,-1.5327779,-0.78344214,-3.6855602,-0.7540356,0.80693924,-2.5929472,0.77213407,-0.60514,1.690548,18
1.8974985,-0.7986769,-2.0985484,2.4371037,-0.31662905,-0.8334996,-1.0828536,-1.5604241,-0.69691414,-4.108139,-0.8528082,0.9847859,-3.2128892,0.7665271,-0.44299462,1.8546181,18
2.0553482,-0.8431973,-2.142892,2.4766812,-0.4397977,-0.9515266,-0.9623382,-1.4632918,-0.60338944,-4.396965,-1.0222983,1.1741749,-3.629961,0.9135489,-0.26953018,2.0278435,18
2.5121086,0.15544677,-2.8969054,2.2249174,-0.5058836,-1.2923056,-1.292963,-2.017777,-0.591924,-4.7566333,-1.0038679,0.8987582,-3.3209333,0.6997002,-0.8131673,1.944338,79
1.246188,0.02036918,-2.1174088,2.0547762,-0.4271651,-0.7044493,-1.1958382,-1.6242975,-0.6258633,-3.3369265,-0.5442568,0.33922344,-1.8037238,0.39217043,-0.9397945,1.6632813,8
2.0850313,-0.0142859295,-2.3691406,2.3637633,-0.60841304,-0.69672704,-1.3284936,-1.8401966,-0.62692165,-4.269272,-0.75213414,0.8056942,-2.8695164,0.60329384,-0.81197673,1.9505581,18
3.5982356,1.6186094,-3.4764478,1.9540912,-1.2351986,-1.4456902,-1.5114489,-2.3127017,0.98508626,-6.7601237,-0.88037497,0.551121,-4.428441,-0.13713822,-0.7003778,2.478665,104
2.0335252,-0.13348256,-2.6941576,1.8885194,-0.19673742,-1.1411014,-1.4025235,-1.9562454,-0.42312413,-4.3473225,-0.8112606,0.646558,-3.102709,0.56988823,-0.8149259,1.7975343,79
3.5117617,0.82763076,-2.8802438,2.1609259,-0.91599023,-1.0534528,-1.3600929,-1.8464609,0.11121545,-5.4931955,-1.2116147,0.7518486,-4.0830593,0.2458404,-0.82673377,2.4348125,104
2.1949513,0.5803109,-2.378627,2.4505873,-0.8207792,-0.488529,-1.3162239,-1.8151877,-0.25696534,-4.3691297,-0.42239758,0.4392643,-2.473331,0.35702747,-0.80285907,1.9817827,1
2.9414182,1.8263237,-3.1760662,1.2811823,-1.4541266,-1.2326332,-1.2025626,-2.1297832,1.3514897,-6.286154,-0.6926133,0.19006322,-3.9431617,-0.3422573,-0.81914073,2.2268612,19
3.37952,1.9966599,-3.6736176,2.3542385,-1.3942423,-1.4234016,-1.7796187,-2.3203924,1.1150237,-7.2763214,-0.65107703,0.37206239,-4.0037117,-0.12390736,-0.86199015,2.3590589,104
3.6436198,1.5594951,-3.383618,1.6028384,-1.0554085,-1.6709467,-1.5413816,-2.2766497,1.0270319,-6.5115104,-1.0604323,0.52373666,-4.475619,-0.03734801,-0.88071394,2.3738241,104
3.113798,2.0010624,-3.2286863,1.5829853,-1.3878782,-1.4173508,-1.4763353,-2.169048,1.411124,-6.443477,-0.7025093,0.064678445,-3.801335,-0.2950823,-0.9134741,2.2703195,104
2.49998,0.48191944,-2.5547016,1.9546777,-0.799701,-0.934703,-1.2270691,-1.9159243,-0.06769042,-4.4576,-0.777984,0.64271134,-3.0142612,0.4909531,-0.8198619,1.8945917,1
3.0902948,1.1065149,-2.6520786,1.5603905,-1.0058763,-1.1666275,-1.1689044,-1.8773354,0.5602489,-4.871186,-1.0290238,0.27693754,-3.4576676,0.3451648,-0.99010587,2.1823976,104
1.2321583,-0.5507155,-2.0363162,2.0205045,-0.27323177,-0.7601619,-0.9507407,-1.5255365,-0.72681415,-3.4071825,-0.6052487,0.71884066,-2.2588391,0.7300378,-0.61438966,1.600436,18
1.687793,-0.8277907,-2.0666263,2.2432613,-0.36236247,-0.7116422,-0.9413456,-1.5081047,-0.68951154,-4.0626674,-0.734735,1.0254121,-3.0889904,0.8447479,-0.3943705,1.7272018,18
1.7449282,-0.90078574,-2.1759727,2.4162703,-0.40869173,-0.8571637,-0.82828903,-1.4649621,-0.5624037,-4.4788866,-0.75788665,1.2991362,-3.4667134,0.9634518,-0.064002894,1.843604,18
1.9889177,-0.10491481,-2.32841,2.1452146,-0.38963482,-1.1799036,-1.0547212,-1.7336866,-0.6136231,-3.7836466,-1.0418262,0.7493859,-2.7791843,0.6250027,-0.7068436,1.966702,18
1.0005667,0.07889721,-2.0751867,1.8352665,-0.41430792,-0.6453371,-1.1458012,-1.6758071,-0.58772695,-3.0873563,-0.40451878,0.2884403,-1.5180255,0.40030214,-0.99547553,1.5444659,8
1.686428,0.15759954,-2.2528892,2.2956676,-0.65817475,-0.6082161,-1.2379332,-1.837633,-0.47798133,-4.054111,-0.47556564,0.722248,-2.3658056,0.5328202,-0.6991621,1.7947118,18
3.4534366,1.5880656,-3.2381892,1.7112771,-1.1882018,-1.4615012,-1.4515536,-2.1952977,1.1262759,-6.4453173,-0.9462689,0.4052264,-4.2867775,-0.12339054,-0.7771051,2.4566376,104
2.0728042,-0.0063694566,-2.872929,2.4714456,-0.5736675,-0.96448976,-1.6195054,-2.0907574,-0.66036826,-4.948511,-0.7132981,0.88496244,-3.2066946,0.46511388,-0.8303809,1.8959265,18
3.3851848,0.78843004,-2.9112115,1.7456919,-0.87641716,-1.1683612,-1.2800474,-1.8578213,0.23712607,-5.3351507,-1.2117534,0.67565,-4.031065,0.34322667,-0.91119736,2.2554173,104
2.0682156,0.5801135,-2.3155825,2.268426,-0.8470372,-0.5929491,-1.2809439,-1.8730994,-0.16797997,-4.2119284,-0.42826736,0.39561313,-2.3607879,0.42583543,-0.85680836,1.8560166,1
2.8954797,1.9135077,-3.2291913,1.2505025,-1.3125877,-1.4380351,-1.4383719,-2.3073559,1.2938994,-6.000207,-0.67520016,-0.024245098,-3.532072,-0.25200176,-1.072201,2.0848413,19
3.1927948,1.838551,-3.3333158,1.8892874,-1.3520272,-1.4080393,-1.5611978,-2.1527157,1.1899744,-6.5505347,-0.79594105,0.19223757,-3.8018353,-0.06085769,-0.97581667,2.30766,104
3.5339055,1.3464466,-3.0773864,1.3450068,-0.97837067,-1.6017697,-1.315335,-2.0091898,1.1094228,-5.9834504,-1.1770335,0.41559905,-4.384128,-0.009447373,-0.8535182,2.3750496,104
3.134111,1.6167266,-3.148807,1.2564398,-1.1003826,-1.5258228,-1.3306546,-2.0498574,1.3248044,-5.786532,-0.90625256,0.046082854,-3.7510312,-0.12774141,-0.9727743,2.2097044,104
2.492559,0.49431032,-2.6619093,1.9845806,-0.785084,-1.0352044,-1.2805517,-1.8699293,-0.00070270896,-4.706574,-0.791441,0.6848553,-3.0743048,0.50001365,-0.80360514,1.8421307,1
2.931482,1.1508862,-2.698473,1.4466988,-1.0521119,-1.1623169,-1.2093246,-1.8443168,0.6850272,-4.8805485,-0.9772161,0.23746492,-3.3079646,0.30256635,-1.0195074,2.0562165,104
1.116943,-0.48693645,-1.8854485,1.7914568,-0.24557024,-0.87532824,-0.8755381,-1.527349,-0.6375657,-2.961526,-0.65505517,0.51119906,-1.994812,0.75957835,-0.7385156,1.5312867,72
1.6392275,-0.86243,-2.220039,2.0070062,-0.26649544,-0.78990287,-0.8604812,-1.5927329,-0.67908716,-3.951421,-0.65480864,0.97136307,-3.0432324,0.87293446,-0.42243063,1.6557419,18
1.4072475,-0.8461609,-1.9733441,2.371457,-0.3453611,-0.94681937,-0.7754422,-1.3932157,-0.46948558,-3.9602687,-0.69672203,1.0948145,-2.9739811,0.8613214,-0.07183194,1.8127437,18
1.6675812,-0.032869577,-2.1934247,1.9258279,-0.45740733,-0.9882781,-0.990203,-1.795485,-0.41960877,-3.5353074,-0.74101293,0.7201923,-2.407823,0.6154201,-0.61813724,1.772722,18
0.9037582,0.04326372,-1.934133,1.6816815,-0.40138304,-0.73945713,-1.0478821,-1.6840857,-0.48293668,-2.909,-0.43967193,0.21474804,-1.4484317,0.450481,-1.0065446,1.4930094,8
1.5051476,0.12027723,-2.1425953,2.2367868,-0.6289348,-0.73718643,-1.1851168,-1.8053762,-0.39711797,-3.7727294,-0.4914751,0.6266186,-2.1660967,0.5240939,-0.69821936,1.7472775,18
3.498421,1.4194171,-3.2655778,1.3946269,-1.0934477,-1.5853256,-1.3512998,-2.1146939,1.1671513,-6.047538,-1.1291837,0.2943349,-4.3067327,-0.040721644,-0.8787818,2.440319,104
1.7297877,-0.24281402,-2.3926435,2.1588569,-0.4563944,-0.8566719,-1.3048258,-1.8701172,-0.7633171,-3.988957,-0.7710439,0.7658499,-2.7456157,0.58336395,-0.84905845,1.8143969,18
3.3066678,0.7800356,-3.0730445,1.857608,-0.8541877,-1.2564914,-1.4355793,-1.8335718,0.2489441,-5.7312555,-1.2379122,0.77174956,-4.0694294,0.35162666,-0.9700927,2.2114756,104
1.9380175,0.60011905,-2.3002622,2.281147,-0.81823385,-0.7028002,-1.3132675,-1.8450401,-0.13038884,-4.186313,-0.41954532,0.39441597,-2.2167299,0.38817495,-0.86706305,1.7849112,1
2.8656545,1.6925288,-3.0602572,1.0141937,-1.0942539,-1.4701777,-1.2743134,-2.122593,1.3447398,-5.546944,-0.7631801,-0.09112643,-3.4242136,-0.1457235,-1.0513425,2.037661,19
2.9935007,1.67327,-3.1895373,1.5313307,-1.3419061,-1.2729574,-1.4369879,-1.9837105,1.1435329,-5.949778,-0.91799814,0.063944474,-3.5655172,-0.0834445,-1.1154822,2.2562926,104
3.4869955,1.3050091,-3.127952,1.1389738,-1.0339851,-1.5522978,-1.2776773,-1.8583269,1.2057203,-5.8073616,-1.32638,0.2602899,-4.3208413,-0.09378593,-0.97300524,2.4292448,104
3.1100955,1.6574934,-3.2723978,0.9458648,-1.112521,-1.5830898,-1.3180447,-2.0612698,1.5217474,-5.745813,-1.0042491,-0.12953569,-3.7038534,-0.16771644,-1.1073277,2.2156549,19
2.4633322,0.56381583,-2.7028258,2.003955,-0.81286156,-1.0674163,-1.3146672,-1.8625631,0.11155614,-4.899631,-0.8393972,0.59788656,-3.0481653,0.44490737,-0.84689087,1.8860486,1
2.8455155,1.2418143,-2.787088,1.5034864,-1.09126,-1.1006703,-1.2912638,-1.8185629,0.756283,-5.156603,-0.95631546,0.19957097,-3.212755,0.24483496,-1.0705619,2.021721,104
0.97776014,-0.33003315,-1.7855166,1.6981505,-0.2456485,-0.8917118,-0.8919052,-1.5187775,-0.5436245,-2.7908478,-0.6510469,0.35853106,-1.6988797,0.689915,-0.86740696,1.4949548,8
1.332973,-0.66905195,-1.9081326,1.8904833,-0.31120604,-0.87446505,-0.8508307,-1.5538738,-0.5184737,-3.366259,-0.6668399,0.67172307,-2.4822967,0.79261285,-0.5463289,1.6114876,18
1.3131679,-0.73002154,-1.6341174,2.251709,-0.31220353,-0.95342946,-0.6253693,-1.233324,-0.367337,-3.3434603,-0.6993597,0.8493253,-2.5574906,0.8387027,-0.13286418,1.756424,18
1.6604705,0.05072029,-2.1696692,1.8979691,-0.4841194,-1.0520843,-0.9765418,-1.7516993,-0.29933155,-3.5485568,-0.73517394,0.64614546,-2.3417485,0.6746585,-0.64676857,1.7339325,8
0.8445882,0.070721,-1.9430094,1.7064692,-0.33429486,-0.8464263,-1.0976362,-1.6974816,-0.43677646,-2.9438667,-0.41815382,0.20924495,-1.3913915,0.40095088,-1.0367856,1.4638435,8
1.4193689,0.12522408,-2.0593073,2.212718,-0.579486,-0.8298239,-1.1963668,-1.7769668,-0.36115754,-3.6611035,-0.5230018,0.5609224,-2.0506408,0.50084543,-0.7447235,1.7280984,8
3.4526143,1.5201908,-3.4083104,1.2267158,-1.1504437,-1.6036379,-1.3820047,-2.0980446,1.3263903,-6.069871,-1.1843572,0.11604847,-4.1772847,-0.12897232,-1.0031238,2.4399412,104
1.4045691,-0.17769374,-2.326391,2.058834,-0.4345862,-0.7877915,-1.2644479,-1.9318993,-0.7006125,-3.8529193,-0.556967,0.7832994,-2.371645,0.56556773,-0.81211483,1.6543367,18
3.26045,0.8390508,-3.1513574,1.9096287,-0.89271843,-1.2353579,-1.5043201,-1.8039467,0.33174485,-6.0517273,-1.2370807,0.77096766,-4.082514,0.33337075,-1.0145329,2.1927252,104
1.8984438,0.6202024,-2.3124177,2.2571688,-0.753567,-0.8089835,-1.3806129,-1.8693995,-0.14038114,-4.117385,-0.46231622,0.32632607,-2.1084256,0.3049643,-0.9646139,1.7814656,1
2.9272985,1.5857129,-3.255831,0.82753325,-1.0591838,-1.5170506,-1.2905631,-2.0881495,1.3799216,-5.4102902,-0.9435364,-0.17524317,-3.4654102,-0.1625513,-1.1816788,2.1172655,19
2.7885087,1.6282536,-3.03818,1.2500335,-1.3344194,-1.178568,-1.338129,-1.849571,1.3254658,-5.7304697,-0.9354759,-0.03712468,-3.3855975,-0.14606825,-1.1248713,2.1565888,19
3.426034,1.3906703,-3.1991289,1.2223282,-1.1355191,-1.5076365,-1.3342316,-1.7885853,1.3422419,-6.156597,-1.3455882,0.22282656,-4.318803,-0.22102518,-0.97929347,2.4593742,104
2.9411619,1.7440015,-3.2826736,1.133516,-1.2348579,-1.4544675,-1.3951828,-2.0445254,1.5924001,-6.009972,-0.91055626,-0.15367237,-3.5364273,-0.30191767,-1.077656,2.200472,19
2.495209,0.67216116,-2.7448492,1.9465691,-0.826789,-1.0987948,-1.3877034,-1.9082904,0.19108179,-4.9909782,-0.8734295,0.47963923,-3.022369,0.40818635,-0.99907887,1.9081361,1
2.8081837,1.2490901,-2.8646574,1.6035355,-1.1070366,-1.0958148,-1.3929505,-1.8480252,0.74790204,-5.4749517,-0.97506225,0.25013655,-3.2661936,0.24018145,-1.1333507,2.0213847,1
0.9742448,-0.098731354,-1.8436178,1.6318198,-0.2936225,-0.9373737,-0.9962306,-1.6279849,-0.42517084,-2.823154,-0.63278246,0.202024,-1.5413944,0.59483796,-1.0532281,1.4967535,8
1.2071111,-0.54856783,-1.7612019,1.8319339,-0.27446616,-0.86067575,-0.8392352,-1.5048325,-0.493936,-3.0396407,-0.656368,0.50967985,-2.1036558,0.7119199,-0.6523704,1.5604721,18
1.2738248,-0.5056537,-1.6352172,2.13729,-0.35533363,-0.9481037,-0.68299913,-1.3186387,-0.29517108,-3.255543,-0.67661726,0.66004306,-2.276826,0.7572534,-0.32363313,1.6906818,18
1.6745725,0.11536475,-2.254514,1.9886132,-0.47468448,-1.0701908,-1.0857315,-1.7311317,-0.30950606,-3.768259,-0.74363923,0.61998194,-2.3399596,0.6267993,-0.7329488,1.7507874,8
0.87627786,0.15947923,-1.9585387,1.6928362,-0.32684916,-0.9104291,-1.1496248,-1.758488,-0.33762866,-3.0095205,-0.41124782,0.12814848,-1.3835926,0.3111312,-1.1120307,1.4891741,8
1.4339218,0.1528491,-2.0636268,2.1407251,-0.5346475,-0.88851666,-1.2346883,-1.8173304,-0.3166232,-3.679928,-0.55742836,0.48861867,-2.02504,0.45592356,-0.84135705,1.717806,8
3.289192,1.5600387,-3.3715088,1.3442417,-1.2574025,-1.4919126,-1.3974483,-2.0237815,1.363242,-6.2682705,-1.1543598,0.09320085,-4.041772,-0.21405053,-1.0000732,2.4237332,104
1.2616606,-0.26190728,-2.1570811,1.9982189,-0.33943152,-0.9541377,-1.1806059,-1.8336228,-0.697168,-3.5507038,-0.6290426,0.709102,-2.229483,0.5887766,-0.8362739,1.6423309,18
3.2393498,0.84109664,-3.2021844,1.88719,-0.8737267,-1.2599874,-1.5435331,-1.837994,0.37903723,-6.217301,-1.2506999,0.7541672,-4.1102858,0.34205464,-1.0668628,2.1746447,104
1.9000715,0.641615,-2.2646308,2.1850815,-0.72219753,-0.8362935,-1.3817651,-1.8808262,-0.08937107,-4.0778675,-0.46478972,0.25401253,-2.090762,0.2320145,-1.0209024,1.7729062,1
2.8157268,1.732687,-3.281753,0.7700819,-1.1693195,-1.4620649,-1.3366644,-2.0583382,1.636262,-5.601226,-0.9378565,-0.32014206,-3.3428342,-0.30594867,-1.2137668,2.1369889,19
2.723262,1.6084496,-3.0416765,1.2960262,-1.3412278,-1.1671529,-1.3656049,-1.8492103,1.3435714,-5.913297,-0.9205707,-0.0034534186,-3.3826902,-0.124991626,-1.1337497,2.1109252,19
3.3658636,1.3937445,-3.2432046,1.4509141,-1.1936182,-1.4964292,-1.3902872,-1.7801563,1.3564627,-6.6406884,-1.312603,0.34316605,-4.4271326,-0.23958218,-0.9145723,2.4636078,104
2.9050372,1.6664524,-3.393717,1.334576,-1.1924783,-1.5505804,-1.4453416,-2.0819552,1.5526273,-6.3878,-0.88510525,-0.020612344,-3.6561384,-0.2706806,-1.0016968,2.1949687,19
2.5245469,0.72459465,-2.7975967,1.8350078,-0.79179406,-1.1372514,-1.4109232,-1.9210677,0.24458441,-5.013027,-0.87362844,0.39073837,-3.018883,0.4002805,-1.1062827,1.885439,1
2.8540342,1.32993,-2.9790847,1.591016,-1.101833,-1.1511296,-1.483396,-1.897676,0.7882501,-5.6741004,-0.98591,0.21670718,-3.3202333,0.22918329,-1.2473786,2.0214102,1
0.98995537,0.07123313,-1.8132708,1.587853,-0.3459385,-0.873568,-1.0218542,-1.6690092,-0.33347845,-2.819798,-0.5530227,0.08096425,-1.4325669,0.50723904,-1.1474237,1.4792589,8
1.2059791,-0.28396276,-1.8266121,1.7867986,-0.33430648,-0.92787004,-0.942319,-1.613282,-0.3631934,-3.0992856,-0.60756946,0.3631025,-1.9171991,0.6310359,-0.8244006,1.5290285,8
1.2940788,-0.1561507,-1.773894,1.9723581,-0.46019387,-0.97192013,-0.811712,-1.4989886,-0.13682239,-3.2580392,-0.6518586,0.37939465,-2.0213435,0.6359313,-0.60838974,1.6816459,8
1.7652507,0.24296264,-2.2957637,1.7995228,-0.48609453,-1.1181668,-1.1024003,-1.7806997,-0.15398996,-3.7913873,-0.80632526,0.4198799,-2.3567135,0.58094025,-0.9011053,1.795243,8
0.8973593,0.19400762,-1.8788044,1.6884271,-0.3410376,-0.9040839,-1.1461858,-1.7720263,-0.26681566,-3.0081325,-0.406601,0.06351663,-1.3880918,0.24184716,-1.1391053,1.5234848,8
1.5335176,0.32319716,-2.1073549,1.9942869,-0.5653236,-0.91492444,-1.2601717,-1.8850763,-0.16283576,-3.7120667,-0.5380941,0.31210625,-1.9948951,0.3789285,-0.9816311,1.7091738,8
3.1797876,1.4325398,-3.3297753,1.5006897,-1.2361574,-1.4938718,-1.3704295,-1.9806707,1.3324872,-6.5209126,-1.1335837,0.21573673,-4.1055474,-0.166991,-0.9018065,2.3874178,104
1.2938905,-0.24601202,-2.1077592,1.976005,-0.28498116,-0.9928278,-1.1884735,-1.7827693,-0.64930904,-3.5042782,-0.6674727,0.67384106,-2.2092168,0.55105525,-0.89187837,1.6480505,8
3.2844307,0.92813724,-3.2955337,1.820829,-0.819309,-1.3045722,-1.6054959,-1.8415344,0.42405045,-6.2403846,-1.1999161,0.6574202,-4.0684056,0.3208424,-1.1751151,2.131498,104
1.8751124,0.6400121,-2.174265,2.0642567,-0.68309593,-0.8835455,-1.3532293,-1.8638613,0.02850464,-4.0463448,-0.46884477,0.19752817,-2.1139414,0.21147934,-1.0456148,1.7431475,1
2.7485194,1.7790072,-3.386359,1.0203588,-1.2324601,-1.4359956,-1.4307382,-2.0772743,1.6371231,-6.0401425,-0.84762925,-0.23275675,-3.3541265,-0.3455346,-1.162447,2.1197188,19
2.7376122,1.573114,-3.1062183,1.4561555,-1.2888867,-1.2399371,-1.4475207,-1.9129682,1.2637614,-6.12264,-0.89450383,0.07843633,-3.4432073,-0.08934201,-1.1410134,2.0995295,19
3.3869915,1.3313243,-3.3629682,1.6093584,-1.1303798,-1.5923352,-1.4299347,-1.8298998,1.303006,-6.9419994,-1.2779102,0.45972067,-4.545957,-0.17633948,-0.87323517,2.4412863,104
2.9488304,1.6934736,-3.4934325,1.4703493,-1.149337,-1.615646,-1.4404399,-2.0959637,1.551218,-6.5353117,-0.8014231,-0.018197715,-3.6830447,-0.26085025,-0.96379155,2.1911302,19
2.5367107,0.84035033,-2.8131094,1.691902,-0.7761558,-1.1046219,-1.3847516,-1.8616426,0.35344017,-4.931481,-0.8000431,0.2509756,-2.9185414,0.34993523,-1.1782839,1.8107632,1
2.8280752,1.4401528,-3.0094109,1.6011665,-1.1110282,-1.0845655,-1.5162151,-1.8651206,0.84307545,-5.6999893,-0.8713433,0.1482416,-3.2215261,0.15827283,-1.2891862,1.9587729,1
0.98538524,0.16956502,-1.781468,1.5789932,-0.35355225,-0.82540107,-1.046041,-1.6470453,-0.27312398,-2.7928033,-0.49606168,0.009537309,-1.3363363,0.4175132,-1.2015939,1.4644014,8
1.1695336,-0.11508666,-1.7847403,1.7763313,-0.3822481,-0.8927787,-0.9931117,-1.6640291,-0.2910955,-3.0331316,-0.56252587,0.22302867,-1.7174761,0.511941,-0.9318785,1.53231,8
1.2914925,0.098214015,-1.8434353,1.8639513,-0.5170156,-0.90215516,-0.9251292,-1.6019341,-0.0724373,-3.1879172,-0.564355,0.18150304,-1.7618519,0.52150846,-0.8357007,1.6277889,8
1.8029554,0.24467704,-2.2513988,1.63841,-0.44719017,-1.120542,-1.1208745,-1.8228035,-0.1288117,-3.7073789,-0.8564526,0.31252515,-2.3587003,0.56275284,-1.0545826,1.7975823,8
0.9215514,0.19799007,-1.7988709,1.6765312,-0.32523566,-0.86946476,-1.1202531,-1.7225507,-0.2210492,-2.985867,-0.36445218,0.046700343,-1.3997693,0.22205809,-1.1427729,1.5034359,8
1.5474936,0.35764623,-2.075429,1.9094819,-0.53804934,-0.9272317,-1.2767742,-1.8998775,-0.12209253,-3.6443233,-0.5208645,0.22052635,-1.9454978,0.320106,-1.0653229,1.6903627,8
3.2314003,1.4240743,-3.4311404,1.5933952,-1.1639744,-1.5723816,-1.404535,-1.991077,1.31358,-6.655635,-1.0679812,0.24746202,-4.1616564,-0.13448536,-0.8985473,2.3553834,104
1.3432015,-0.1524949,-2.0848215,1.9081248,-0.28918964,-0.9996122,-1.2185643,-1.7843457,-0.5321506,-3.5260446,-0.67126775,0.5794961,-2.1810668,0.47203487,-0.964014,1.653324,8
3.289714,0.9845235,-3.312922,1.7330226,-0.7622304,-1.3147216,-1.6334062,-1.8034668,0.4846683,-6.192213,-1.131783,0.5782685,-4.01209,0.28762367,-1.2468734,2.054249,104
1.8947407,0.62285155,-2.140573,2.0262232,-0.62000155,-0.89634997,-1.3725655,-1.8133438,0.043451026,-4.0302315,-0.45272887,0.20239823,-2.137635,0.19126114,-1.0855583,1.6967633,1
2.751056,1.735749,-3.4864738,1.2970458,-1.1883867,-1.5251528,-1.4735451,-2.1259594,1.546351,-6.335512,-0.7762317,-0.118078664,-3.4320867,-0.31437325,-1.0824509,2.1286342,19
2.7479587,1.6700878,-3.1627789,1.554126,-1.282583,-1.2190915,-1.4866877,-1.9141891,1.2978702,-6.2081494,-0.7661164,0.04887846,-3.381404,-0.12676753,-1.143512,2.0407753,19
3.4756985,1.4051702,-3.5077968,1.6942652,-1.0892732,-1.687789,-1.456312,-1.8807592,1.3662108,-7.1009407,-1.1934643,0.4463519,-4.5807066,-0.17815852,-0.85834074,2.4103067,104
2.9776018,1.7366647,-3.5306334,1.5901392,-1.1281456,-1.6042929,-1.4166,-2.049753,1.5860704,-6.5604362,-0.70092976,-0.02257292,-3.651164,-0.28908902,-0.91231173,2.1580894,19
2.55966,0.88533926,-2.8019106,1.5985295,-0.72079086,-1.0930269,-1.428354,-1.8083897,0.38213247,-4.844533,-0.7641907,0.20683856,-2.8784437,0.3149978,-1.2794464,1.7394938,1
2.8035238,1.4793808,-3.0208223,1.6031352,-1.0545833,-1.0459511,-1.5688624,-1.8117992,0.83892924,-5.657981,-0.7841528,0.14389713,-3.1460361,0.09544928,-1.3415201,1.8753195,1
1.000723,0.21986452,-1.745105,1.5623552,-0.3386832,-0.81262875,-1.0549471,-1.6054772,-0.21897696,-2.787734,-0.4522671,-0.023506671,-1.3072457,0.35627303,-1.2274103,1.4315892,8
1.161842,0.052159436,-1.7458905,1.761624,-0.42854598,-0.8254351,-1.0138085,-1.6439903,-0.1843246,-3.0023053,-0.46113887,0.12022488,-1.5729481,0.4268765,-0.99105746,1.4954333,8
1.2949984,0.2605317,-1.8778877,1.7897366,-0.5535207,-0.8330689,-0.9602646,-1.6282815,-0.01269865,-3.1840076,-0.45770448,0.06881206,-1.6262627,0.44333202,-0.94016665,1.5619807,8
1.8778805,0.29893464,-2.264553,1.5041219,-0.4205596,-1.103554,-1.1071473,-1.8054216,-0.05647202,-3.6752067,-0.8245555,0.22166239,-2.360416,0.5558533,-1.1451936,1.7515726,1
0.9443069,0.19833805,-1.7388995,1.7063824,-0.29571185,-0.8247051,-1.1230521,-1.6568408,-0.23657022,-2.9311934,-0.30676338,0.056536242,-1.3665394,0.19630295,-1.1498208,1.4565364,8
1.6074651,0.4033151,-2.0445495,1.8428687,-0.5086667,-0.89780813,-1.2616978,-1.8477448,-0.086816594,-3.5800383,-0.4624855,0.16164123,-1.9285077,0.27529645,-1.1154616,1.6414727,8
3.2710671,1.524903,-3.5520856,1.6283191,-1.1348795,-1.6252261,-1.4303024,-1.9982982,1.4098113,-6.732777,-0.9571724,0.20787354,-4.127153,-0.15949705,-0.89823514,2.2880564,104
1.3852919,-0.11764054,-2.0247214,1.8316509,-0.27365994,-1.0095705,-1.2204247,-1.8055861,-0.45290202,-3.485076,-0.6811619,0.48968774,-2.1604643,0.4267764,-1.026583,1.6613042,8
3.312567,0.9726636,-3.3203225,1.7133816,-0.69414973,-1.3168445,-1.6914563,-1.7749615,0.4630533,-6.195351,-1.1238812,0.61204785,-4.023585,0.25502923,-1.3058488,1.9971529,104
1.928959,0.65452397,-2.1030738,2.0007634,-0.601527,-0.8583195,-1.352751,-1.7312466,0.08722806,-3.995882,-0.39857876,0.17465337,-2.1301413,0.13645329,-1.0969898,1.6424305,1
2.7846541,1.7865224,-3.545522,1.4568487,-1.1733398,-1.5493612,-1.4225895,-2.1152823,1.5949471,-6.4315295,-0.6464132,-0.12191781,-3.4296145,-0.32539713,-0.98613465,2.1032145,19
2.767469,1.7090659,-3.2198372,1.6321923,-1.2148582,-1.2124853,-1.532949,-1.8902404,1.2798562,-6.2074723,-0.6587372,0.069361165,-3.3231885,-0.15445974,-1.157371,1.9588006,19
3.523747,1.4369525,-3.5341468,1.8182014,-1.0647593,-1.6310092,-1.4668486,-1.8245306,1.3622216,-7.0757723,-1.0750685,0.45894533,-4.507981,-0.20523763,-0.8214317,2.3287024,104
2.963646,1.6230876,-3.3781002,1.8548132,-1.089646,-1.4812435,-1.3840141,-1.9078472,1.4408405,-6.4281425,-0.60687125,0.07386084,-3.5799174,-0.31182328,-0.7993632,2.1251125,19
2.6142106,0.9441288,-2.811005,1.5499979,-0.67906475,-1.0837423,-1.4707873,-1.7727182,0.38830656,-4.7822943,-0.7369324,0.19334339,-2.8591244,0.26259568,-1.3605986,1.6806743,1
2.8092406,1.5172243,-3.0348184,1.5975652,-1.0060222,-1.050207,-1.6326592,-1.819309,0.828104,-5.6545124,-0.76344454,0.16590665,-3.1260333,0.030831061,-1.4088902,1.8303064,1
1.0312071,0.2607886,-1.7074794,1.5785947,-0.3095454,-0.7606427,-1.0726537,-1.5260782,-0.2294737,-2.7474642,-0.35585156,-0.011277795,-1.2808788,0.3150014,-1.2566459,1.3583955,8
1.155698,0.11557806,-1.7273482,1.7510332,-0.40663925,-0.8209198,-1.0460299,-1.6185876,-0.15418635,-3.0183601,-0.40827602,0.10965361,-1.5223176,0.3779692,-1.036108,1.4448076,8
1.3476624,0.40459314,-1.94768,1.6417843,-0.5434371,-0.8518939,-0.9704326,-1.6233748,0.082616866,-3.1641212,-0.41678065,-0.053845316,-1.5620979,0.3849539,-1.0534427,1.5029154,1
1.9148968,0.37161613,-2.2756176,1.4256978,-0.40090495,-1.0885669,-1.1269372,-1.7893239,-0.013451248,-3.6434462,-0.773012,0.14400513,-2.3010776,0.50787735,-1.2236621,1.6880803,1
1.016183,0.22117962,-1.7215486,1.7022249,-0.26271468,-0.8173526,-1.1179597,-1.5915465,-0.24837331,-2.85513,-0.2541312,0.051508084,-1.3608975,0.18228683,-1.1716561,1.397976,8
1.6648028,0.45048612,-2.0527437,1.7943321,-0.47053975,-0.8892349,-1.2673757,-1.7796007,-0.0743974,-3.5392373,-0.4178087,0.13397981,-1.9212441,0.22800457,-1.166873,1.586677,1
3.2403543,1.4219103,-3.4987872,1.8184596,-1.0653569,-1.5532426,-1.4327602,-1.9152877,1.2666256,-6.6414146,-0.8616295,0.29156095,-4.0526423,-0.19679165,-0.8313655,2.2303305,104
1.479124,-0.053155534,-2.0125961,1.7914351,-0.25994402,-0.98385245,-1.2335236,-1.78055,-0.38631296,-3.4885778,-0.6427085,0.44037646,-2.1580505,0.40325415,-1.0895948,1.6364497,8
3.3788,1.0452621,-3.3497503,1.6912602,-0.6596801,-1.2720464,-1.7326989,-1.7429671,0.44238228,-6.14702,-1.0374906,0.6373531,-3.9946277,0.2079578,-1.3484769,1.8949448,3
1.9911574,0.63385165,-2.118294,2.0048785,-0.5585722,-0.8646417,-1.3442564,-1.6579787,0.057552055,-3.9799867,-0.39020324,0.194099,-2.175851,0.07890786,-1.1009022,1.6099997,1
2.7938356,1.7023647,-3.4447486,1.7305092,-1.1219761,-1.468008,-1.3954172,-1.9968345,1.4890525,-6.340055,-0.5396844,-0.030985504,-3.3689744,-0.33502936,-0.8743246,2.0588336,19
2.7614052,1.6369207,-3.1635013,1.7953504,-1.1325135,-1.162843,-1.5691264,-1.8571521,1.115856,-6.0767565,-0.5900911,0.15204535,-3.2426765,-0.18684356,-1.1356759,1.9078004,19
3.5305579,1.3086128,-3.4299018,2.0392575,-0.99495614,-1.5137091,-1.481019,-1.7096791,1.1446394,-6.9037304,-0.99386215,0.57772017,-4.445977,-0.23464769,-0.75933415,2.2774727,104
3.0061731,1.5619099,-3.303605,2.0164065,-1.052954,-1.4414654,-1.3476112,-1.8179706,1.3559983,-6.3185782,-0.573644,0.15113656,-3.5757682,-0.3204226,-0.71881336,2.115526,104
2.6969733,0.99396193,-2.8111103,1.5190027,-0.66679263,-1.0729094,-1.473073,-1.7337481,0.38402545,-4.747766,-0.7117018,0.19392817,-2.8835208,0.24941406,-1.4108307,1.6164471,1
2.8661942,1.5419866,-3.0563352,1.5866067,-0.9645432,-1.0654272,-1.6717515,-1.8262248,0.7977896,-5.695082,-0.73479235,0.22703911,-3.1805265,0.023772195,-1.4579828,1.7596595,1
1.0689647,0.2596681,-1.6804996,1.6238793,-0.27519262,-0.75286454,-1.0628495,-1.4508859,-0.26601082,-2.7174685,-0.30580014,0.014276639,-1.3007364,0.26637292,-1.2563627,1.3199148,8
1.1933703,0.18052414,-1.7223841,1.747121,-0.37712866,-0.8078473,-1.0507698,-1.5570481,-0.14322756,-2.9940689,-0.32696047,0.092667446,-1.503424,0.3124509,-1.0678351,1.3952199,8
1.4135134,0.53060204,-1.9539366,1.5393331,-0.53503096,-0.84639084,-0.9660905,-1.5773069,0.16438954,-3.0903323,-0.34521782,-0.15154424,-1.5369792,0.31681874,-1.143795,1.4581763,1
1.9885865,0.49389064,-2.3099458,1.330987,-0.38784254,-1.0933169,-1.1445082,-1.7483552,0.08046979,-3.6173131,-0.69940746,0.05847369,-2.2812204,0.46392453,-1.3200047,1.6242628,1
1.0690943,0.21066824,-1.6665114,1.7033154,-0.25593334,-0.8506389,-1.0710243,-1.5210464,-0.22812895,-2.7982814,-0.2646957,0.036773592,-1.3999797,0.16657284,-1.1609352,1.3857955,8
1.7837566,0.5319801,-2.1025596,1.7522959,-0.4682609,-0.9457652,-1.257458,-1.738411,-0.009140164,-3.5214355,-0.40956083,0.07049824,-1.9687726,0.16322508,-1.2105658,1.5685115,1
3.2680235,1.4000958,-3.4932086,1.9234725,-1.0201849,-1.5350901,-1.4265752,-1.8602976,1.2234421,-6.5841365,-0.7823716,0.35110396,-4.0402336,-0.22782835,-0.7850152,2.1748257,104
1.5282255,-0.023947528,-1.9438225,1.7907501,-0.2508689,-0.94172275,-1.2173061,-1.7193469,-0.35317755,-3.4780304,-0.58967364,0.4332412,-2.155094,0.37964693,-1.0898175,1.5933214,8
3.441721,1.0690519,-3.316732,1.67464,-0.6511607,-1.2653532,-1.7235582,-1.7123799,0.42713708,-6.0861382,-1.0095496,0.66244256,-4.022922,0.19423777,-1.3669512,1.8361696,104
2.0882115,0.66419125,-2.1278563,1.9902948,-0.5891824,-0.8914518,-1.300128,-1.6018639,0.124248855,-4.033889,-0.4346346,0.17456166,-2.2745316,0.032023333,-1.093448,1.6187533,1
2.830522,1.5886381,-3.3040617,2.0151963,-1.0679255,-1.3882663,-1.3684821,-1.880358,1.3127722,-6.1740627,-0.48381624,0.08227314,-3.3274112,-0.34178647,-0.7562344,2.0553477,19
2.818475,1.6146733,-3.1486177,1.8219362,-1.0802501,-1.1888237,-1.548415,-1.8378857,1.0781152,-6.0432887,-0.5677631,0.20288725,-3.282748,-0.15284334,-1.1339636,1.848269,19
3.6133497,1.266518,-3.4244,2.0437121,-0.9446285,-1.5485928,-1.4262693,-1.6504278,1.1197882,-6.82623,-0.9938033,0.6143718,-4.526951,-0.21451057,-0.7320628,2.2564943,104
3.084756,1.5458183,-3.1862838,2.057136,-1.0852538,-1.457963,-1.2755935,-1.7258644,1.3964669,-6.2371926,-0.64604944,0.13774492,-3.6488693,-0.29963082,-0.6811878,2.1628232,104
2.7114465,1.0289693,-2.7476754,1.5236422,-0.71588504,-1.0561341,-1.4344585,-1.6804507,0.44420224,-4.7997756,-0.7382431,0.19806458,-2.923749,0.22503972,-1.3971524,1.6027477,1
2.9102974,1.5779998,-3.0137768,1.5770237,-1.0053397,-1.0591892,-1.6406443,-1.803653,0.86374545,-5.8017397,-0.7538241,0.25485355,-3.2868152,-0.0063800886,-1.4425023,1.7494828,1
1.0632508,0.27370384,-1.5983837,1.6406034,-0.29747456,-0.77167195,-1.0406449,-1.3651245,-0.19317193,-2.7721803,-0.34577727,0.016492873,-1.3486155,0.23218155,-1.2371228,1.3150598,8
1.2564914,0.2810008,-1.7207024,1.7289742,-0.40284592,-0.8254885,-1.0165074,-1.5135187,-0.042894527,-3.0310462,-0.28329372,0.039609775,-1.5452521,0.24745077,-1.0805745,1.3874565,8
1.4819701,0.57754815,-1.9526153,1.5299838,-0.5316278,-0.8900712,-0.94616747,-1.5655015,0.21375576,-3.1249394,-0.33724314,-0.17780437,-1.6153425,0.24408036,-1.1706958,1.4595842,1
2.0565975,0.54061824,-2.2780716,1.301291,-0.3681242,-1.0722568,-1.1257142,-1.6759698,0.08487429,-3.5096385,-0.65771145,0.022897184,-2.2689984,0.41701704,-1.3705549,1.574362,1
1.0874386,0.24003021,-1.5913595,1.688536,-0.2879545,-0.9174973,-1.0114665,-1.4204221,-0.092441365,-2.8596342,-0.33220902,0.0009121895,-1.4599713,0.15680988,-1.1310232,1.3879613,8
1.878471,0.56959915,-2.06868,1.7320074,-0.5084394,-0.98232,-1.1925082,-1.6577924,0.09284091,-3.578959,-0.46837676,0.03741449,-2.0739164,0.13933375,-1.2007849,1.5777698,1
3.3395464,1.3790332,-3.4481444,1.9673387,-1.0210925,-1.5515964,-1.3666925,-1.814871,1.2245054,-6.512029,-0.7914234,0.37278742,-4.107383,-0.22890645,-0.7447405,2.1787004,104
1.6649834,0.020244285,-1.9796052,1.7737368,-0.20741634,-0.9500337,-1.2181034,-1.6607094,-0.38414556,-3.3965013,-0.54878867,0.4068169,-2.1731849,0.33533797,-1.1506536,1.552328,8
3.4155006,1.0820013,-3.1767623,1.7074333,-0.70615005,-1.1997001,-1.6890776,-1.6672843,0.4151093,-6.0617943,-1.0281851,0.6918501,-4.0070577,0.15869506,-1.3565524,1.8190224,104
2.1671846,0.7351015,-2.132014,1.9619492,-0.65703917,-0.91021377,-1.2417905,-1.53188,0.2576943,-4.163239,-0.50064933,0.14840542,-2.3636782,0.012514479,-1.074707,1.6230553,1
2.913706,1.5535433,-3.2022643,2.1040382,-1.064987,-1.4252446,-1.2993135,-1.7806042,1.3159127,-6.1207066,-0.53571403,0.10208468,-3.4123156,-0.31255198,-0.69426036,2.0984116,104
2.8601253,1.6370295,-3.0721803,1.8369473,-1.1172185,-1.2009244,-1.5060585,-1.7952344,1.1315273,-6.078209,-0.6152165,0.21342112,-3.3618,-0.14620116,-1.1077912,1.8607239,19
3.657958,1.2884835,-3.3589222,1.9983784,-1.0032367,-1.5432931,-1.3539133,-1.5869905,1.199584,-6.7982006,-1.0607347,0.59564817,-4.601432,-0.21900794,-0.71447736,2.2763445,104
3.0894184,1.5330807,-3.0439756,2.0213032,-1.1491913,-1.497412,-1.1903715,-1.5934188,1.5412633,-6.2541013,-0.7612312,0.117950246,-3.7558892,-0.31460202,-0.62875295,2.2275074,19
2.9153588,0.8981239,-2.6723516,1.6912683,-0.7077315,-1.08791,-1.3904314,-1.6688693,0.3572212,-5.030414,-0.7611526,0.40061265,-3.2805626,0.24601436,-1.2487731,1.5989528,1
2.952188,1.6343176,-3.0302792,1.5800279,-1.0559593,-1.0757523,-1.6332955,-1.7676709,0.9428923,-6.024839,-0.8125795,0.29731077,-3.4285882,-0.05788797,-1.4338024,1.7709123,19
1.1324697,0.23079866,-1.5053744,1.7084912,-0.31171644,-0.7746436,-1.0163898,-1.335083,-0.17898594,-2.8753572,-0.3468983,0.092227474,-1.5015744,0.21503308,-1.1588356,1.3088006,8
1.2361796,0.318608,-1.6747123,1.7465681,-0.42451453,-0.875748,-1.0041966,-1.4634293,0.04899749,-3.144805,-0.3211693,0.03647527,-1.6019733,0.19106093,-1.068326,1.3965617,8
1.4831914,0.55690634,-1.9165682,1.5971507,-0.540604,-0.94077057,-0.9480103,-1.562938,0.24796325,-3.2640243,-0.35392958,-0.1267238,-1.7359625,0.15830854,-1.1231301,1.4636532,1
2.114268,0.5757697,-2.2647605,1.2815217,-0.37238622,-1.1521506,-1.1103609,-1.6182548,0.1585918,-3.5591533,-0.7157297,0.0022202581,-2.3423193,0.39157212,-1.3995941,1.5567544,1
1.3639613,0.103770286,-1.4671601,1.8639599,-0.3248396,-0.89780754,-0.9640893,-1.4332879,-0.16441955,-3.0058093,-0.3544945,0.17287426,-1.8117121,0.19819322,-0.9970216,1.3994709,8
1.9082006,0.60795265,-2.0294425,1.790234,-0.5695046,-0.9952614,-1.1805549,-1.5786331,0.17689209,-3.7437463,-0.5410378,0.06532352,-2.1323416,0.10552378,-1.169718,1.5698112,1
3.387161,1.4064775,-3.3546154,1.9473966,-1.0905226,-1.5443158,-1.2837996,-1.7435374,1.2961321,-6.5071926,-0.85682225,0.34412956,-4.182906,-0.24743856,-0.72010726,2.2148035,104
1.7713243,0.09024577,-1.9422807,1.7150563,-0.24643168,-1.0011342,-1.1595654,-1.5867792,-0.2660817,-3.3907871,-0.5977875,0.32502472,-2.2325807,0.32082102,-1.1755517,1.5555738,8
3.4023297,1.2479646,-3.176224,1.6844393,-0.8185686,-1.1903659,-1.6962838,-1.671193,0.5546298,-6.295878,-1.0583714,0.6862425,-4.039632,0.12161142,-1.3881524,1.810598,104
2.356822,0.53841335,-2.001205,2.2487974,-0.66639936,-0.832548,-1.2172828,-1.5078815,0.05125077,-4.3015413,-0.48412532,0.40206593,-2.6533132,0.013867684,-0.8902987,1.5969102,8
2.9169917,1.5268004,-3.058884,2.095343,-1.1156651,-1.4760922,-1.2152536,-1.645939,1.452878,-6.1482816,-0.65100074,0.101453796,-3.523278,-0.30049723,-0.6250924,2.1621869,104
2.8840125,1.6553236,-3.0106735,1.8051552,-1.1606327,-1.2452534,-1.4510329,-1.7271372,1.2235745,-6.140933,-0.6986394,0.20007984,-3.4646807,-0.16353787,-1.0904541,1.9041817,19
3.6693242,1.3556631,-3.318543,1.9730629,-1.0936788,-1.5893104,-1.3179286,-1.5165209,1.3165532,-6.930076,-1.1520269,0.5515774,-4.688667,-0.23013139,-0.7335149,2.330267,104
3.4053113,1.5467068,-3.064503,2.2240453,-1.2272784,-1.5666919,-1.1895382,-1.5582633,1.5090313,-6.724506,-0.7868724,0.26437426,-4.2599387,-0.2979645,-0.50523984,2.3188975,104
3.0404742,0.9075202,-2.6275012,1.7883929,-0.67359185,-1.0771465,-1.4694576,-1.6908917,0.32921407,-5.372127,-0.7610193,0.6307261,-3.5283198,0.2557369,-1.1733634,1.5443494,104
3.292367,1.5333953,-3.1150188,1.8955313,-1.1167356,-1.1087297,-1.7066276,-1.7846186,0.8239204,-6.603019,-0.87658465,0.60695404,-3.999071,-0.034290902,-1.2924874,1.837086,104
1.3557051,0.19194795,-1.4162227,1.829434,-0.3356123,-0.6628044,-1.0260842,-1.3833051,-0.2730363,-2.9604132,-0.3031376,0.25200498,-1.6939867,0.16911218,-1.0335939,1.2590207,8
1.3364123,0.22699149,-1.5536324,1.8936688,-0.4179622,-0.83221865,-0.9771987,-1.4773484,-0.04639022,-3.1999266,-0.26716623,0.16881977,-1.772524,0.13717668,-0.9360751,1.3831728,8
1.5499383,0.5055208,-1.8383002,1.6914552,-0.5266743,-0.9256119,-0.95653456,-1.5844605,0.17549878,-3.3315,-0.33033127,-0.024844185,-1.8375193,0.079541504,-1.0332919,1.4275699,8
2.227133,0.42146194,-2.0888839,1.3727827,-0.30215728,-1.1700925,-1.0439777,-1.5578836,0.10403399,-3.5977716,-0.72269255,0.16119091,-2.5624094,0.38710245,-1.2509136,1.512897,1
1.575874,0.051788606,-1.4031969,1.9896384,-0.32813787,-0.8073868,-0.9863164,-1.4527743,-0.25653213,-3.1454349,-0.33686867,0.35898155,-2.0068345,0.17048699,-0.8666933,1.3481407,8
2.1848996,0.3642482,-1.8974934,2.101334,-0.5584192,-0.9227174,-1.1722143,-1.5857102,-0.08929686,-3.9099472,-0.53938174,0.3794443,-2.507696,0.13743013,-0.9747035,1.5353118,8
3.63721,1.1623317,-3.251965,2.3506837,-1.0904465,-1.5947913,-1.2885866,-1.7193383,1.0999975,-6.914053,-0.87679917,0.6820732,-4.7205048,-0.2118249,-0.48261914,2.2527473,104
1.8336188,0.1717319,-1.9078752,1.6988531,-0.31729758,-1.073276,-1.1169635,-1.4944733,-0.09749697,-3.5172193,-0.6930344,0.27270126,-2.2992399,0.3008945,-1.1688075,1.5684963,8
3.7590249,1.1923592,-3.3450074,2.049952,-0.90967214,-1.2874635,-1.8219659,-1.7400554,0.48549992,-7.1344533,-1.1568574,1.0350941,-4.741254,0.17564937,-1.2658019,1.9443691,104
2.4592474,0.5514407,-1.9681565,2.3627386,-0.6461992,-0.7921923,-1.3202555,-1.5621778,-0.022051021,-4.5451927,-0.46150059,0.5934328,-2.8085296,-0.012020819,-0.8324428,1.5285872,18
3.2417407,1.4261488,-3.0080338,2.3577118,-1.1955886,-1.5477518,-1.2007899,-1.609146,1.369019,-6.5000143,-0.71044046,0.27109748,-4.0353537,-0.2569809,-0.49088022,2.263255,104
3.28609,1.4952233,-3.006865,2.118473,-1.1244519,-1.2869023,-1.4767616,-1.7242678,1.0282304,-6.5253,-0.7132281,0.5081105,-4.0099597,-0.06599167,-0.90758294,1.9145368,104
4.122591,1.2791082,-3.4016678,2.3003426,-1.0901961,-1.7276528,-1.4148753,-1.5736647,1.2209884,-7.660114,-1.2164788,0.9061136,-5.44477,-0.13072635,-0.5753521,2.409139,104
3.6218948,2.1209095,-3.4424667,2.189447,-1.4079956,-1.6527673,-1.4295106,-1.6986179,1.8259562,-7.4207125,-0.7853129,0.112105235,-4.433091,-0.44257808,-0.6589977,2.4724154,19
3.1437814,1.0052966,-2.738058,1.8369657,-0.71742606,-1.1494623,-1.6367345,-1.7987425,0.37297624,-5.870791,-0.8297732,0.78285027,-3.7964556,0.29911035,-1.2326293,1.5809245,104
3.4890654,1.5789485,-3.310866,2.0972705,-1.0503608,-1.3288337,-1.9156597,-1.9114239,0.8098492,-7.184408,-0.94653463,0.8456689,-4.34779,0.07463755,-1.2754159,1.8857172,104
1.5488192,0.14630671,-1.4205831,1.7988917,-0.30666363,-0.58628273,-1.0479839,-1.4417931,-0.31984693,-3.1162958,-0.27606773,0.42537963,-1.8851622,0.19553715,-0.9564124,1.1627012,8
1.5690131,0.14783594,-1.5004882,1.9216627,-0.37356278,-0.72508985,-0.98137784,-1.5581275,-0.16847242,-3.3001266,-0.21525292,0.36994344,-1.9871243,0.10658905,-0.8144696,1.27883,8
1.7681887,0.3245512,-1.7220724,1.7471539,-0.4328723,-0.7736233,-0.94625545,-1.6016504,-0.026372164,-3.4494946,-0.25680858,0.29790854,-2.1283994,0.12933208,-0.8669527,1.276704,8
2.4569159,0.31347853,-2.0357566,1.3351845,-0.19384894,-1.1824919,-1.0503726,-1.6137733,0.078787625,-3.7821126,-0.71202016,0.38971132,-2.8731368,0.4087821,-1.1340065,1.3799769,1
1.6403867,0.1263529,-1.39664,1.9780957,-0.38976726,-0.66213435,-1.1053544,-1.5382539,-0.27060914,-3.2987578,-0.2907034,0.46384162,-2.0290008,0.1623657,-0.86619633,1.2410265,18
2.3117287,0.36482188,-1.9244245,2.151801,-0.531927,-0.88814616,-1.3028436,-1.648902,-0.17298777,-4.2143774,-0.5429767,0.6028756,-2.7264802,0.18490979,-0.9663911,1.461156,18
3.7887013,1.3844478,-3.3988812,2.434659,-1.1438413,-1.7001741,-1.4662066,-1.741964,1.194569,-7.4081492,-0.91789246,0.7354591,-4.9641995,-0.23198473,-0.533797,2.3220844,104
2.185378,-0.017765062,-1.7970392,1.9051119,-0.2894271,-1.0687186,-1.0842917,-1.5021703,-0.21352248,-3.7375607,-0.7142463,0.54190534,-2.7799752,0.32716277,-0.9774349,1.570034,8
3.9596057,1.2550532,-3.4531333,2.4214616,-0.91284096,-1.4962802,-1.9657106,-1.8005487,0.5109555,-7.689993,-1.2469504,1.2324504,-5.0582705,0.24134398,-1.1569245,2.086142,104
2.4464428,0.62771755,-1.9640788,2.331882,-0.67114806,-0.7409413,-1.4594908,-1.6337453,-0.039202884,-4.740457,-0.46988636,0.6758647,-2.8399835,0.06585145,-0.93561924,1.4640555,18
3.4406555,1.9467875,-3.3239634,2.1607356,-1.3821793,-1.6074141,-1.3383248,-1.6828928,1.690806,-7.0059724,-0.74659085,0.081946716,-4.196009,-0.3518244,-0.6601743,2.3882453,19
3.462833,1.6811148,-3.2288134,2.03935,-1.1508703,-1.4243019,-1.6181176,-1.7976952,1.1250474,-6.91272,-0.76959026,0.51707214,-4.255356,-0.042350817,-0.9955118,1.9709547,104
4.359184,1.6589739,-3.7118685,2.2332745,-1.1574167,-1.9357371,-1.5729821,-1.7676097,1.4125746,-8.186263,-1.2410558,0.81513965,-5.6530614,-0.10190803,-0.7062905,2.4965901,104
3.7476418,2.3932698,-3.4381328,2.3249054,-1.6553054,-1.7213264,-1.7899122,-1.9764068,1.9430945,-7.9615803,-0.873441,0.22786002,-4.7134247,-0.32673877,-0.8420883,2.5385573,19
3.234446,1.1790468,-2.7210846,1.9461197,-0.9108083,-1.0745201,-1.7026544,-1.8498961,0.37687016,-6.037216,-0.84674025,0.7053553,-3.7884612,0.3976465,-1.3314714,1.5755599,104
3.6318169,1.6520294,-3.2474453,2.2715597,-1.1361161,-1.3186343,-1.8727314,-1.8443797,0.87035197,-7.295937,-0.97450763,0.80935216,-4.4230146,0.1462197,-1.1845088,1.9720263,104
1.6293277,0.08419582,-1.3782344,1.8963832,-0.34146127,-0.590724,-1.2010074,-1.4473904,-0.38533384,-3.2335536,-0.3520585,0.5068209,-1.9794834,0.36710766,-1.0281229,1.1487848,8
1.6700467,0.13483274,-1.5500597,1.8538536,-0.3646676,-0.64744717,-1.076971,-1.6262764,-0.19817896,-3.5641687,-0.21230426,0.5511082,-2.1852446,0.12575574,-0.80426323,1.1847847,18
1.8999158,0.31972855,-1.8253237,1.7023648,-0.42323786,-0.79637915,-1.1232476,-1.7160612,-0.06785844,-3.7897706,-0.3130661,0.48429316,-2.3816297,0.15455846,-0.9091287,1.2466378,8
2.5756116,0.21861894,-2.0211475,1.3301218,-0.11733608,-1.1409137,-1.1253417,-1.6401905,0.018749028,-4.107748,-0.71067905,0.6755834,-3.1633997,0.48199427,-1.0718373,1.2664915,79
1.6198273,0.089709155,-1.3063135,2.084118,-0.42919338,-0.58104795,-1.2879632,-1.5656345,-0.46774453,-3.1887105,-0.296004,0.44825983,-1.9102541,0.36389238,-1.0497428,1.178529,8
2.3041542,0.3954371,-1.8797735,2.2024603,-0.5576173,-0.8357585,-1.4990714,-1.6807623,-0.2849369,-4.3003464,-0.54572076,0.6512621,-2.7409394,0.38430476,-1.1147449,1.436686,8
4.0166116,1.7770089,-3.6566691,2.321803,-1.2205589,-1.8085419,-1.6220126,-1.9316351,1.4160062,-7.8336406,-0.9273496,0.6390295,-5.113558,-0.22167948,-0.6694691,2.4013355,104
2.327891,-0.08834576,-1.740897,2.0145364,-0.22708371,-0.99643004,-1.1525958,-1.5572212,-0.33237088,-3.9094603,-0.67130196,0.77616775,-2.9481456,0.29313168,-0.8635199,1.4585563,18
4.0803943,1.496482,-3.5592287,2.3919382,-1.1090353,-1.4427426,-2.0427783,-1.8208355,0.6572652,-8.017582,-1.2737808,1.1730217,-5.178973,0.31300747,-1.2477171,2.0858295,104
2.4189057,0.7376606,-2.0358098,2.1677089,-0.748706,-0.69503057,-1.6483276,-1.7779125,-0.14228652,-4.738908,-0.51206094,0.60962814,-2.758885,0.19097662,-1.2358234,1.3766392,1
3.5399175,2.2597554,-3.3101194,2.0561895,-1.5698106,-1.688265,-1.5395458,-1.873668,1.9299432,-7.3172817,-0.84375006,0.040499613,-4.386886,-0.2617837,-0.827109,2.498124,19
3.5465345,1.7900933,-3.1885548,1.9271115,-1.2042671,-1.4256287,-1.6283667,-1.8460276,1.2255907,-6.854612,-0.8307528,0.4117564,-4.274461,-0.05740298,-1.0465955,2.048157,104
4.4534636,1.8160332,-3.721977,2.0888915,-1.2524147,-1.9006001,-1.7365401,-1.9217241,1.454927,-8.241115,-1.282373,0.78130054,-5.739451,-0.0921638,-0.87398916,2.484508,104
3.5509372,2.1791937,-2.8233085,2.0958543,-1.7361299,-1.4331665,-1.5210092,-1.9501045,1.8592018,-6.992328,-0.9690003,0.14434166,-4.395541,-0.31152332,-0.8625054,2.4669006,19
3.0869558,1.3337055,-2.6758292,2.201397,-1.0723829,-0.9777468,-1.9422312,-1.7735665,0.46831173,-6.3839617,-0.7802919,0.8112254,-3.7182753,0.4015881,-1.3461325,1.5245844,104
3.5513213,1.9136063,-3.453246,2.2829843,-1.3915539,-1.1515299,-2.2844112,-2.0664444,0.75815433,-7.676626,-0.9248536,0.8168433,-4.3577285,0.083224386,-1.5430024,1.8288187,104
1.7118411,0.14166461,-1.4202288,2.190055,-0.4034021,-0.6722837,-1.3332698,-1.4547457,-0.48046678,-3.379854,-0.39183292,0.50088763,-1.9518801,0.42939192,-1.0850606,1.157292,8
1.7236286,0.10083363,-1.5808598,2.0869727,-0.42512685,-0.6478593,-1.2787733,-1.6727414,-0.34084493,-3.70997,-0.23473763,0.5942044,-2.2203796,0.25282532,-0.89244664,1.1966132,18
1.9994801,0.30816093,-1.8483285,2.0409303,-0.50063336,-0.8601086,-1.3008409,-1.7245361,-0.1631235,-3.9604144,-0.34869307,0.498367,-2.4382346,0.28573525,-0.956605,1.3276697,8
2.6514375,0.26197627,-2.0219247,1.3662893,-0.2246784,-1.0728976,-1.2710373,-1.6945193,-0.03213896,-4.328406,-0.7788584,0.71555394,-3.273711,0.5667431,-1.216882,1.2575476,79
1.5405184,0.10870512,-1.2708591,2.0801263,-0.382848,-0.650581,-1.3108745,-1.4731622,-0.4203729,-3.0678172,-0.31492138,0.3689434,-1.7445229,0.34514353,-1.0881255,1.1064682,8
2.3273723,0.62354356,-2.096597,2.289661,-0.7246542,-0.79700744,-1.8219883,-1.9267132,-0.36918253,-4.5675187,-0.49840406,0.5781972,-2.666345,0.3836002,-1.4148018,1.3389579,1
4.0568633,1.9565365,-3.5510964,2.1537004,-1.3684994,-1.7626247,-1.735446,-2.0043464,1.6107272,-8.02459,-0.9740986,0.65930086,-5.264773,-0.29607996,-0.76443917,2.3615549,104
2.3731556,-0.0208498,-1.7390008,1.904549,-0.2577152,-0.8808707,-1.25914,-1.5987594,-0.339154,-4.044507,-0.6658639,0.8247678,-2.9998224,0.34689447,-0.9646671,1.3528564,79
3.946845,1.6307758,-3.7970793,2.4637513,-1.2375661,-1.249756,-2.5007422,-1.9931226,0.46218973,-8.243207,-1.2202511,1.1952744,-5.0432067,0.20557952,-1.6145246,1.9667541,104
2.2540963,0.7707299,-1.7582171,2.0311632,-0.6324532,-0.82169276,-1.5074339,-1.5449305,0.11644779,-4.316779,-0.42777574,0.4234854,-2.494041,0.25051895,-1.1301289,1.290768,1
3.3598745,2.1707716,-2.7697911,1.9001335,-1.7235159,-1.4318508,-1.4173889,-1.9305983,1.8889061,-6.635341,-0.9513888,-0.037161052,-4.130713,-0.25051114,-0.9413919,2.4351106,19
3.527894,1.8536474,-2.860116,1.972711,-1.316148,-1.2723445,-1.713414,-1.7875978,1.2518607,-6.739515,-0.8612793,0.45195878,-4.217946,0.024358109,-1.0780442,2.005418,104
4.390884,2.1435525,-3.6933568,2.494409,-1.6172076,-1.6941471,-2.171282,-2.1052902,1.3946805,-8.602962,-1.2513769,0.8287256,-5.611082,-0.26041916,-1.095062,2.4663455,104
3.4067519,1.9992876,-2.5064774,1.7432953,-1.5772609,-1.3668408,-1.4302635,-1.9127433,1.7002778,-6.077283,-0.99870884,-0.04875721,-4.043331,-0.22581562,-1.0479603,2.323994,19
3.0869367,0.8499822,-2.049436,1.4006778,-0.58671653,-1.0744306,-1.3725817,-1.364212,0.512333,-4.6159596,-1.0518875,0.48832905,-3.422628,0.6452082,-1.2942233,1.5562366,104
3.3191996,1.4513474,-2.5778062,2.059184,-1.1383739,-1.0050893,-1.8685682,-1.6253747,0.70084363,-6.2058477,-1.0191188,0.66563255,-3.9227297,0.25086284,-1.3371732,1.8511888,104
1.7119956,0.1390974,-1.3652475,1.8477079,-0.21540283,-0.84992903,-1.1432037,-1.289301,-0.24356063,-3.0134392,-0.5085757,0.29353243,-1.8808906,0.4314409,-1.0633895,1.2149138,8
1.8456136,0.21735175,-1.7891113,2.4485202,-0.5012038,-0.7810369,-1.463933,-1.686409,-0.31311357,-4.171649,-0.2893531,0.6255284,-2.3282635,0.24252307,-0.9066174,1.2790974,18
2.1621072,0.46016553,-2.075809,2.1849012,-0.5214679,-1.0288985,-1.3772271,-1.756828,0.039993986,-4.391927,-0.4097942,0.48227686,-2.6278071,0.20472145,-0.91311044,1.4430414,8
2.5777647,0.05201812,-1.62811,1.652932,-0.24192607,-1.0143677,-1.1838155,-1.2914022,-0.15393363,-3.9587157,-0.81361496,0.7096411,-3.1578379,0.7532867,-1.0723336,1.2486511,79
1.5121189,0.07979601,-1.0639598,1.4670933,-0.09196548,-0.8412141,-1.0416678,-1.2564522,-0.15834324,-2.2732263,-0.4702691,0.03674808,-1.5565296,0.4260592,-1.1431253,1.1417974,8
2.0846617,0.60197014,-1.6904274,1.6006739,-0.40210432,-0.93882483,-1.4234786,-1.6208988,-0.034084603,-3.4462047,-0.5046631,0.16204925,-2.142161,0.39341426,-1.393141,1.1977681,1
3.978314,1.9587111,-3.0499644,2.2969503,-1.4838916,-1.5710169,-1.7467129,-1.8482091,1.6032614,-7.588174,-1.0726521,0.609684,-5.0543594,-0.24694821,-0.78228825,2.4361491,104
2.2927854,-0.15722907,-1.5749382,1.9605225,-0.28880936,-0.66844857,-1.4564044,-1.5185578,-0.69823134,-3.7274516,-0.6812636,0.81350946,-2.8489325,0.57169604,-1.20668,1.2329865,18
3.5633504,0.76060915,-2.2404706,1.4983537,-0.62338406,-1.1297508,-1.4575539,-1.1829036,0.48389232,-5.2896967,-1.4017967,0.7633847,-4.2589107,0.58668077,-1.2686119,1.8614165,104
2.2471879,0.61697495,-1.3534644,1.4004477,-0.33619738,-0.8927569,-1.2373614,-1.3629894,0.17322521,-3.0757287,-0.63027525,0.068423316,-2.2094765,0.3522015,-1.2594929,1.3701055,1
3.1943648,1.9960259,-2.4087875,1.6121083,-1.5953503,-1.3203237,-1.3023858,-1.8947659,1.7809584,-5.779187,-0.9520074,-0.19783135,-3.7770782,-0.21553794,-1.0538864,2.2989428,13
3.4348993,1.7144278,-2.448115,1.7622408,-1.1976849,-1.1947255,-1.6084487,-1.6884102,1.1700284,-5.90964,-0.9447154,0.29008675,-3.9139252,0.064527124,-1.1525385,1.9890243,104
4.3628306,1.774992,-2.9698784,1.9632522,-1.2685114,-1.618726,-1.6905172,-1.5792351,1.4379346,-7.195876,-1.4356294,0.63006425,-5.371158,-0.086401716,-0.9540224,2.4987679,104
3.2677205,1.9043964,-2.465454,1.5513176,-1.5506104,-1.3968941,-1.4827986,-2.0004287,1.5696983,-5.775239,-1.0129863,-0.15370764,-3.900925,-0.20372614,-1.2427225,2.2330177,19
3.110091,0.5587689,-1.7540208,0.9342921,-0.39904666,-0.9700671,-1.4123671,-1.3173598,0.22276264,-3.8095384,-1.3323797,0.4440211,-3.434364,0.7601017,-1.6002259,1.5866735,1
3.2584734,0.9366039,-2.1131861,1.2644209,-0.77612233,-0.90511715,-1.5991421,-1.4264878,0.40256265,-4.9011335,-1.2804153,0.5473893,-3.798171,0.54508835,-1.5872495,1.7334515,1
1.6562009,0.09833298,-1.1852916,1.4458055,-0.050364047,-0.8652816,-1.2495513,-1.3353211,-0.28937358,-2.4532242,-0.6532418,0.12636425,-1.7038579,0.4899037,-1.3544195,1.2138139,8
1.8941756,0.22721617,-1.6986618,1.994778,-0.23816168,-0.9805493,-1.2626464,-1.498563,-0.047799513,-3.6174934,-0.44809014,0.35663694,-2.2324495,0.2893958,-0.9259635,1.3687583,8
2.1482935,0.39800227,-1.8491415,1.6629113,-0.20675647,-1.156479,-1.2559216,-1.6440803,0.13668188,-3.6095927,-0.5669953,0.22946365,-2.4301956,0.26456147,-1.0685894,1.4698201,8
2.487077,0.18502647,-1.6176735,1.0592836,-0.015737444,-1.1683378,-0.99333197,-1.2065735,0.19434905,-3.3149676,-0.8062782,0.34797293,-2.846071,0.763981,-1.1576548,1.2011052,1
1.6500025,0.19018383,-1.1844778,1.09174,-0.12755676,-0.8307351,-1.3522215,-1.5701653,-0.27302355,-2.1923995,-0.6512464,-0.06358512,-1.611967,0.49803638,-1.6318405,1.15267,1
2.0964434,0.57813424,-1.5092032,1.1565574,-0.26615754,-0.99283063,-1.4309998,-1.6762294,-0.06679557,-2.814115,-0.7013465,-0.05961868,-1.9778684,0.5329515,-1.6896129,1.2519647,1
4.0419636,1.8000904,-3.052002,1.9529694,-1.2541653,-1.601788,-1.859328,-1.8921912,1.3317288,-7.004451,-1.1989185,0.47934836,-4.9542603,-0.12775671,-1.1082127,2.3676314,104
2.02184,-0.26610863,-1.169519,1.5283146,0.008070052,-0.81767005,-1.0896949,-1.132953,-0.39510685,-2.8706887,-0.6509359,0.5670701,-2.4310243,0.6310524,-1.0583508,1.0701102,72
3.7247708,0.5172681,-2.2948203,0.9280299,-0.49473277,-1.0013778,-1.612452,-1.3366657,0.13131487,-4.9085913,-1.6773126,0.7492653,-4.5300307,0.7886374,-1.737783,1.8343005,1
2.3503346,0.5911821,-1.4918905,1.2163852,-0.3686379,-0.8872404,-1.6387868,-1.6664668,-0.11326216,-3.0567565,-0.88193643,0.09873192,-2.3497887,0.427733,-1.7429748,1.4208395,1
3.1991937,1.8993585,-2.4727073,1.4551084,-1.5467904,-1.4253781,-1.3483784,-1.9821281,1.6610175,-5.615263,-0.9993702,-0.25629282,-3.7837965,-0.16226509,-1.2083228,2.2241733,19
3.3944397,1.650545,-2.568073,1.6722611,-1.0932232,-1.1642421,-1.8955297,-1.8046101,0.9265094,-5.8188257,-1.0101945,0.3073727,-3.8651342,0.07954274,-1.4610012,1.948749,104
4.2105775,1.5519342,-2.9852533,1.6869308,-1.0506153,-1.5839586,-1.8749709,-1.6516796,1.1428937,-6.7572045,-1.4971604,0.63521165,-5.248361,-0.022262014,-1.2374856,2.4163947,104
3.0337262,1.888537,-2.372507,1.538987,-1.6306441,-1.215404,-1.5316026,-2.0094352,1.5897045,-5.8826976,-0.9586676,-0.08537169,-3.8171403,-0.23716664,-1.2956069,2.171289,13
3.1254716,0.40380844,-1.8219756,0.98759747,-0.42652866,-0.84620184,-1.6549125,-1.3989226,-0.046339348,-3.9541352,-1.4514462,0.56019926,-3.6292472,0.743942,-1.7975633,1.6165298,1
3.2500124,0.75899684,-2.132989,1.1497238,-0.7752987,-0.8170149,-1.7902436,-1.4974295,0.18438941,-4.912646,-1.4523604,0.65226746,-3.9666271,0.58079964,-1.8346398,1.7305881,1
1.8360568,0.2013745,-1.452565,1.2400367,-0.113807164,-0.8756089,-1.5793784,-1.6607003,-0.45554364,-2.5839677,-0.7702925,0.077378824,-1.8398567,0.5029633,-1.779463,1.2231655,1
1.9057366,0.22042905,-1.6123015,1.54299,-0.09186727,-1.0022916,-1.4296389,-1.6334578,-0.15401192,-3.110426,-0.58211434,0.18454193,-2.1185296,0.3517467,-1.3128467,1.3454237,8
2.2213697,0.48056585,-2.0021124,1.3816315,-0.1587192,-1.212356,-1.5891349,-1.8751117,0.00066924095,-3.528772,-0.6789115,0.12210299,-2.451303,0.29673317,-1.5087333,1.4532547,1
2.744186,0.20706515,-1.6520385,0.6452912,0.12076512,-1.2639346,-1.1032257,-1.3211313,0.15021563,-2.9616416,-1.1073804,0.26843262,-2.9771645,0.8766039,-1.442908,1.3498112,1
1.8004079,0.21722859,-1.299166,0.82263064,-0.09444118,-0.8536973,-1.5078449,-1.6863418,-0.37097257,-2.10358,-0.79634434,-0.11650197,-1.7085732,0.5408328,-1.9225309,1.165883,1
2.246597,0.5761652,-1.6771675,0.9013071,-0.25112432,-1.0368848,-1.6401534,-1.8210799,-0.22468938,-2.7414052,-0.8775735,-0.14412403,-2.13734,0.5658951,-2.0291936,1.33137,1
3.961362,1.6022555,-2.9947214,1.7623879,-1.0718491,-1.5774618,-1.9460568,-1.8739179,1.1446344,-6.6412115,-1.291845,0.5312245,-4.886946,-0.10559101,-1.2649567,2.3133185,104
2.149997,-0.15683077,-1.2267627,1.0300931,0.12141502,-0.95335066,-1.045181,-1.2018384,-0.2615453,-2.386148,-0.83500856,0.27904373,-2.3369405,0.7101881,-1.2876148,1.1668546,1
3.679907,0.28387746,-2.1094892,0.8123865,-0.44907436,-0.81845576,-1.6342597,-1.2374465,0.0013879687,-4.615738,-1.8234487,0.8197676,-4.5902267,0.7743532,-1.8023608,1.8578974,1
2.4457307,0.46005455,-1.5170375,0.9809065,-0.2763775,-0.90440035,-1.661438,-1.6505872,-0.23035158,-2.8977094,-1.0574219,0.12429629,-2.4843047,0.4975478,-1.8946497,1.4342018,1
2.940658,1.9490197,-2.4385526,1.5820478,-1.7146319,-1.224163,-1.4737899,-2.038913,1.6506057,-5.8587933,-0.91321146,-0.19360408,-3.677642,-0.27366096,-1.2768333,2.1924353,13
3.3408191,1.4916815,-2.5334227,1.5484061,-0.9958019,-1.1312466,-1.9594178,-1.8105437,0.7320934,-5.561295,-1.0844576,0.31419504,-3.8093176,0.107424706,-1.6166177,1.9093376,104
3.9856062,1.511329,-2.96115,1.7395667,-1.0447563,-1.4931474,-2.0433674,-1.8148592,1.028655,-6.6657023,-1.3862633,0.60560626,-5.0219164,-0.07177143,-1.3596661,2.3539016,104
2.891526,1.7326949,-2.2010107,1.3864641,-1.5636858,-1.1187686,-1.4247179,-1.8524048,1.580135,-5.6508703,-1.0069568,-0.056101233,-3.7547827,-0.15270808,-1.3063748,2.1269484,13
3.0753222,0.4032322,-1.7953653,1.2451386,-0.53025436,-0.723047,-1.710819,-1.3575366,0.026581407,-4.429616,-1.4044049,0.7395861,-3.7530472,0.68329084,-1.6632214,1.6093534,1
3.1452982,0.6171136,-1.9213232,1.175371,-0.7129359,-0.7352029,-1.7606838,-1.3633683,0.17039803,-4.767015,-1.4946451,0.7379193,-3.9057512,0.57683814,-1.7643344,1.698805,1
1.8086715,0.15576546,-1.3751173,1.073296,-0.089886494,-0.8295868,-1.5730221,-1.6199673,-0.3862201,-2.5672052,-0.8370488,0.12807061,-1.8784616,0.5355616,-1.8148208,1.1667023,1
2.0737495,0.2809408,-1.867957,1.3478436,-0.10229902,-0.99563324,-1.7810719,-1.922152,-0.35341716,-3.2182925,-0.69932604,0.1645997,-2.2615862,0.34706435,-1.7337689,1.3424132,1
2.1706939,0.5037336,-2.0763102,1.4340315,-0.2443839,-1.0607437,-1.8423305,-2.0056758,-0.10224496,-3.8022547,-0.64406204,0.19675367,-2.499035,0.20350462,-1.6712208,1.4181769,1
2.8567698,0.26869103,-1.8104315,0.5566753,-0.07265071,-1.1505535,-1.4991705,-1.6003999,-0.07117395,-3.2057192,-1.29464,0.26021063,-3.2290688,0.85368335,-1.8652105,1.463353,1
1.7149521,0.18922697,-1.2075452,0.733891,-0.065713644,-0.80478233,-1.4871249,-1.6098765,-0.2797281,-2.0906568,-0.8220712,-0.07019131,-1.6789802,0.5513835,-1.9024935,1.1124771,1
2.176671,0.4709519,-1.524818,0.7659341,-0.22022863,-0.9351454,-1.5969152,-1.6757878,-0.16370536,-2.6719012,-0.93619573,-0.08509041,-2.1748776,0.58776075,-2.0040727,1.2961074,1
3.6892152,1.527962,-2.8339121,1.7863766,-1.0703856,-1.4122036,-2.0159578,-1.9051981,1.0642352,-6.499055,-1.1777521,0.5404422,-4.649077,-0.13226357,-1.3097208,2.2225938,104
2.3677008,0.007749359,-1.3826522,0.7526691,-0.020784989,-0.91892415,-1.4404955,-1.5786976,-0.38872027,-2.4277682,-1.0861641,0.15169095,-2.524664,0.7245493,-1.8145442,1.3052282,1
3.5388904,0.24577709,-1.8999239,0.97466576,-0.42793486,-0.7410371,-1.5553849,-1.0770161,0.08445248,-4.495022,-1.7773104,0.87182355,-4.388522,0.7492166,-1.622067,1.8233418,1
2.2794569,0.38975024,-1.311291,0.9965944,-0.2870823,-0.75344706,-1.5726018,-1.5031376,-0.13520105,-2.8597603,-1.0190467,0.20843361,-2.4004598,0.48764598,-1.7593074,1.3656305,1
2.8237436,1.7958755,-2.2612774,1.344479,-1.6224995,-1.1652399,-1.3699505,-1.9039168,1.6322893,-5.5451465,-0.9620242,-0.20072345,-3.621375,-0.18394236,-1.3250136,2.1216242,13
3.1235976,1.4021187,-2.4013305,1.680879,-1.0293044,-0.93615174,-1.9855669,-1.7845814,0.6702291,-5.601868,-0.9697355,0.40667987,-3.6806498,0.032158077,-1.5497437,1.8367658,104
3.7945502,1.4364754,-2.866045,1.8406657,-1.055623,-1.2564889,-2.0630982,-1.7754648,1.0104117,-6.854219,-1.2591424,0.7552833,-4.947744,-0.0780485,-1.2867756,2.2475576,104
2.876864,1.6685241,-2.1364484,1.3602602,-1.5410603,-1.0361483,-1.3226657,-1.7359077,1.5791456,-5.6138673,-1.0342283,-0.006709829,-3.793242,-0.1438645,-1.2477164,2.1467528,13
3.1892285,0.5182418,-1.8781363,1.5282737,-0.5367365,-0.701134,-1.6740103,-1.253234,0.16287929,-4.671895,-1.3680139,0.812647,-3.75543,0.676961,-1.4711418,1.6630148,1
3.1521611,0.8042758,-1.9386758,1.5018634,-0.81222117,-0.6725302,-1.7715216,-1.36131,0.33856177,-5.103662,-1.357973,0.8043529,-3.8497276,0.50492543,-1.5646527,1.7138798,1
1.8331991,0.25605595,-1.4280939,1.2779118,-0.13749062,-0.8150663,-1.5724325,-1.5600541,-0.23884471,-2.8976197,-0.8028205,0.20804043,-1.919717,0.5226692,-1.6834235,1.1731522,1
1.9526802,0.19452912,-1.6442603,1.1722062,-0.09169942,-0.87294805,-1.7042685,-1.8348069,-0.2780475,-3.0100644,-0.73465085,0.1992564,-2.1826897,0.35135058,-1.7196884,1.266531,1
2.0427618,0.42593545,-1.9082443,1.4374456,-0.23737007,-0.905674,-1.7936535,-1.9224124,-0.063161924,-3.7294168,-0.60215676,0.28269988,-2.4175458,0.15761241,-1.5806139,1.3598813,1
2.8750582,0.13612022,-1.7143644,0.55850667,-0.11900977,-0.95548683,-1.4841506,-1.455527,-0.05998437,-3.4018364,-1.3620261,0.42037678,-3.4700406,0.8094679,-1.7936609,1.4932716,1
1.7056972,0.37139353,-1.3185205,1.086644,-0.14669427,-0.78995836,-1.5566068,-1.5858063,-0.15659754,-2.5432863,-0.72944665,0.02258718,-1.6461927,0.48939145,-1.7665792,1.1189778,1
2.1188617,0.48199564,-1.4901696,0.9859774,-0.23288429,-0.85492134,-1.5782139,-1.57238,-0.041530564,-2.9461963,-0.8811623,0.05764346,-2.1622603,0.5870733,-1.8343513,1.256989,1
3.5157602,1.5697069,-2.790126,2.0608764,-1.1810176,-1.1363741,-2.105276,-1.9486325,0.95456433,-6.7303553,-0.99050146,0.6045128,-4.4892325,-0.19025435,-1.2871153,2.1806233,104
2.5504968,0.035072207,-1.5138383,0.5184059,-0.029556945,-0.97410566,-1.5329552,-1.6439189,-0.38628167,-2.5135016,-1.2644255,0.1118591,-2.7665672,0.7562109,-2.0178459,1.3728296,1
3.6307728,0.54493046,-2.130877,1.4324609,-0.5714868,-0.7163863,-1.7135918,-1.2217337,0.19907993,-5.0783534,-1.6224132,0.92474604,-4.3541365,0.6511873,-1.5173464,1.8674189,104
2.3188465,0.5289713,-1.4144187,1.3898518,-0.35523766,-0.7163443,-1.5982542,-1.4919491,-0.029732913,-3.2418923,-0.9117688,0.3074087,-2.3718042,0.46375656,-1.5782368,1.399017,1
2.7108111,1.6554238,-2.1040125,1.30772,-1.56034,-1.0230759,-1.2716289,-1.7630901,1.529623,-5.2936773,-0.9477256,-0.16885796,-3.5153182,-0.19551727,-1.2837961,2.0879462,13
3.104206,1.3498195,-2.3429346,1.6628445,-0.94585943,-0.8624754,-1.9482112,-1.7396817,0.62728006,-5.4007816,-0.9503293,0.38073397,-3.5702074,0.0777401,-1.5392988,1.8171011,104
3.7430966,1.5446943,-2.9407327,1.995896,-1.0701481,-1.116285,-2.138999,-1.8539085,0.93199474,-6.918826,-1.1333278,0.72944665,-4.7569423,-0.12544438,-1.312633,2.23122,104
2.9075084,1.6285025,-2.2184548,1.4787929,-1.469848,-1.0494999,-1.3427153,-1.754302,1.5434548,-5.7620397,-1.0108678,0.09046422,-3.828839,-0.14448392,-1.1800628,2.1442578,13
3.4938989,0.7185557,-2.2820346,1.891617,-0.55812216,-0.77241045,-1.8406041,-1.3934419,0.15276995,-5.1644616,-1.3428663,0.7850083,-3.8997009,0.6776654,-1.4916704,1.8006035,1
3.396282,0.99935275,-2.3167338,1.8279363,-0.7793001,-0.79847753,-1.9464567,-1.5752759,0.29985678,-5.4371734,-1.3088049,0.7778735,-3.8518815,0.50309724,-1.59337,1.8108737,1
1.9949795,0.4682798,-1.6655005,1.7304002,-0.17054465,-0.88336366,-1.6894646,-1.5694293,-0.24777602,-3.3183508,-0.7456874,0.23378976,-1.9353421,0.50700206,-1.6181362,1.2755197,1
1.9626523,0.310693,-1.6488911,1.4095359,-0.15057334,-0.83343726,-1.6791265,-1.7533013,-0.19023274,-3.1930566,-0.6775429,0.24547176,-2.1186957,0.31754777,-1.5832622,1.2785718,1
2.1262171,0.5977105,-2.0228662,1.741666,-0.30212912,-0.874341,-1.8405559,-1.9129333,-0.035768345,-4.007225,-0.5314435,0.31379402,-2.3795898,0.11465508,-1.5028698,1.4043427,1
2.8865006,0.20110379,-1.7466589,0.9516517,-0.12677968,-0.95731235,-1.4973807,-1.3384733,0.038910598,-3.7823687,-1.3045917,0.5789224,-3.4625256,0.79317415,-1.5828965,1.5197072,1
1.8490485,0.6324158,-1.5826234,1.6007847,-0.21574768,-0.8717426,-1.7033677,-1.6225394,-0.13796835,-3.0615296,-0.65228385,0.055419073,-1.6509804,0.44173408,-1.695065,1.2343065,1
2.173244,0.6724287,-1.6311201,1.5591258,-0.31094825,-0.8766645,-1.6794283,-1.6006861,-0.0018551797,-3.4120865,-0.7668712,0.13118516,-2.0956275,0.5384129,-1.6804078,1.336214,1
3.559584,1.551831,-2.8675818,2.1598773,-1.0871761,-1.1307207,-2.1097138,-1.9371028,0.8852211,-6.704273,-0.9932869,0.64633965,-4.4205174,-0.18732509,-1.25388,2.202634,104
2.475553,-0.05162362,-1.3671876,0.47489434,0.022111282,-0.89755064,-1.3965895,-1.4313344,-0.24189045,-2.487204,-1.2799417,0.20276938,-2.7807744,0.7741279,-1.8497283,1.330441,1
3.9790497,0.75329286,-2.606532,1.6848298,-0.5637448,-0.7992325,-1.8832757,-1.4177091,0.22464348,-5.5783763,-1.5865456,0.89291465,-4.5578322,0.6436764,-1.5401521,2.005168,104
2.5267618,0.72817117,-1.7805028,1.9516486,-0.43234876,-0.83164155,-1.7834053,-1.6632844,-0.019975409,-3.896485,-0.83311355,0.35737377,-2.4882677,0.40043032,-1.4999874,1.5429573,1
2.6768897,1.5883906,-2.1126375,1.3809451,-1.4864013,-0.9994097,-1.2838333,-1.7369484,1.4836525,-5.335143,-0.91499734,-0.099356435,-3.4975865,-0.19866848,-1.2323165,2.0756674,13
3.235647,1.3697776,-2.5408354,1.7518071,-0.83336425,-0.9672344,-1.974546,-1.824981,0.5989065,-5.487961,-0.95634997,0.39696372,-3.5932245,0.09428571,-1.5127475,1.8514377,104
3.9256506,1.5838602,-3.2007942,2.030497,-0.9078884,-1.2327809,-2.1456368,-1.8590423,0.8823392,-6.950277,-1.1885698,0.7339676,-4.7673144,-0.09680298,-1.3129632,2.2970572,104
2.9896927,1.6860311,-2.3864522,1.6692883,-1.4593925,-1.079924,-1.3646324,-1.8052406,1.5600281,-6.023353,-0.96460915,0.13337506,-3.8823571,-0.17903602,-1.0968308,2.1998982,13
3.818903,0.7283111,-2.534374,2.1317244,-0.43138537,-0.89435846,-1.803051,-1.3346249,0.19720621,-5.398909,-1.38703,0.81142855,-4.084416,0.73300403,-1.3378952,1.9219526,104
3.6809475,1.0578425,-2.6463954,1.9987863,-0.6733502,-0.918343,-1.9711967,-1.6292887,0.35039455,-5.708754,-1.3102413,0.7752493,-4.020367,0.5204248,-1.5044091,1.9187074,104
2.1905034,0.5596205,-1.9001195,2.1031861,-0.1061787,-0.99895114,-1.7402775,-1.5020658,-0.25439465,-3.6477075,-0.76681423,0.26428932,-2.0156715,0.52747595,-1.5307927,1.4041579,1
2.1153538,0.530159,-1.8970764,1.8795828,-0.19519193,-0.90820134,-1.8064897,-1.7641165,-0.2160957,-3.6248188,-0.62865293,0.26899356,-2.1136754,0.29535452,-1.5340693,1.3804095,1
2.2732065,0.7570109,-2.2365427,2.1089783,-0.3111242,-0.9382019,-1.9079566,-1.9051547,-0.06710155,-4.330803,-0.4897703,0.3117516,-2.380704,0.1090398,-1.4508986,1.4938968,1
3.010073,0.4006919,-1.9987881,1.4909858,-0.16213955,-0.99237645,-1.6051526,-1.3498875,0.08816314,-4.2660356,-1.2087855,0.6372087,-3.46123,0.7550578,-1.4415228,1.6439999,1
2.0713706,0.76940656,-1.9044065,2.0598779,-0.1776684,-0.99656785,-1.7782667,-1.5978218,-0.14307846,-3.5464401,-0.63365644,0.097151116,-1.7688854,0.42074364,-1.5869758,1.3933986,1
2.3717008,0.80211234,-1.8876367,1.9694461,-0.271928,-1.0084096,-1.7286012,-1.584786,-0.00057569146,-3.8010025,-0.75547385,0.15693893,-2.156862,0.55766016,-1.5904243,1.4519054,1
3.7944882,1.5940502,-3.1735442,2.2029195,-0.934157,-1.2303827,-2.1522107,-1.9440179,0.84927183,-6.8869615,-1.0506709,0.6889349,-4.551934,-0.18664937,-1.246728,2.2788007,104
2.4535613,0.12916821,-1.5015659,0.95127714,-0.039679788,-0.91894525,-1.4685109,-1.3805995,-0.088084266,-3.0153573,-1.1607971,0.33446413,-2.7318206,0.73330677,-1.6446588,1.3578495,1
4.3069177,0.6926025,-2.8752806,1.7665848,-0.35057408,-0.9389904,-1.8061137,-1.3662624,0.27308923,-5.712454,-1.6319776,0.93118954,-4.803451,0.7105333,-1.3693748,2.1118307,104
2.8285823,0.8973512,-2.1591399,2.3940248,-0.43726432,-0.97169626,-1.8165812,-1.6490269,0.07811995,-4.506626,-0.79832095,0.3670959,-2.7065399,0.39211947,-1.3392437,1.7233243,1
2.7294748,1.5709686,-2.2459521,1.5488244,-1.3976448,-1.0377647,-1.3372314,-1.7953728,1.416791,-5.5105734,-0.85502243,-0.021146417,-3.5012236,-0.21569134,-1.1644778,2.0677557,13
3.3894277,1.4539986,-2.7703738,1.9181312,-0.81371677,-1.025086,-1.9939706,-1.9174938,0.65724766,-5.7665777,-0.91669506,0.39196724,-3.700262,0.06680517,-1.4278276,1.9383366,104
4.196767,1.6880668,-3.5304399,2.2309046,-0.81724596,-1.3791583,-2.166707,-1.8733877,0.93522114,-7.2646003,-1.2444441,0.76496726,-4.9291224,-0.124387026,-1.2211483,2.4530065,104
3.041026,1.7036029,-2.5551026,1.8770498,-1.4277121,-1.1291475,-1.3356183,-1.8359029,1.5606341,-6.2533007,-0.9496099,0.18072574,-3.9192429,-0.22375055,-0.9838153,2.2808669,13
4.0336666,0.7114776,-2.620139,2.431189,-0.426325,-0.92673945,-1.615597,-1.0991172,0.41777092,-5.730746,-1.4356102,0.85776997,-4.3333087,0.76432043,-1.0012691,2.1079695,104
3.845941,1.1373576,-2.6688936,2.1995707,-0.6879556,-0.97603154,-1.761951,-1.4202658,0.6831597,-5.9337716,-1.3466047,0.7297962,-4.1905556,0.47429782,-1.1839907,2.1212087,104
2.402132,0.5447715,-2.097205,2.5106988,-0.03043376,-1.1344068,-1.6414866,-1.3152547,-0.13864978,-4.061137,-0.82015586,0.31217718,-2.2419102,0.5428675,-1.2488315,1.609794,8
2.3729577,0.64915377,-2.2120924,2.3300529,-0.13987617,-1.0409824,-1.8405046,-1.6827685,-0.20379294,-4.082344,-0.6255028,0.28882664,-2.2630014,0.28133604,-1.3930197,1.5643325,8
2.5170097,0.80184174,-2.5243273,2.4295163,-0.2234832,-1.0646728,-1.9315722,-1.8366994,-0.1010146,-4.6501555,-0.5245454,0.34179252,-2.5206907,0.1452755,-1.3568666,1.6278156,8
3.2874322,0.5467435,-2.344082,1.9147266,-0.13323426,-1.1098882,-1.6730704,-1.3696934,0.13763124,-4.7617683,-1.2001576,0.6578037,-3.6231387,0.75831765,-1.3462024,1.8070261,1
2.2480927,0.8143093,-2.1038406,2.5100522,-0.16009144,-1.0964682,-1.6949363,-1.4232355,0.00035952032,-4.031806,-0.6605662,0.11797933,-1.9707562,0.3766114,-1.3078985,1.6311836,8
2.6261997,0.8242591,-2.140611,2.3936162,-0.18895376,-1.1413575,-1.6613038,-1.4247628,0.060132936,-4.210162,-0.77748513,0.23148574,-2.3475924,0.6013132,-1.3518941,1.6092807,1
4.0169096,1.6739731,-3.49907,2.4458022,-0.81883335,-1.3507365,-2.1826477,-1.9620335,0.8601557,-7.2311587,-1.0556548,0.7351229,-4.6857915,-0.21495329,-1.1371486,2.4062808,104
2.6080453,0.34278503,-1.7896831,1.6093947,-0.120946296,-1.0488085,-1.6223166,-1.4851965,-0.06152822,-3.6164753,-1.0691516,0.38167244,-2.769047,0.6605398,-1.5094714,1.5242308,1
4.32584,0.80013496,-2.8363252,2.1007943,-0.44726157,-0.95163214,-1.6735065,-1.214737,0.55298704,-5.982453,-1.6080475,0.90399504,-4.808868,0.65996087,-1.0771961,2.2568014,104
3.0637615,0.93866575,-2.3616188,2.808597,-0.44115788,-1.0736759,-1.6767681,-1.4620756,0.28826335,-5.020829,-0.8311615,0.39536017,-2.9738984,0.41228902,-1.0137868,1.9493032,104
2.7363935,1.6379364,-2.3611465,1.7702192,-1.4404122,-1.0339024,-1.3311687,-1.8706597,1.4445293,-5.7583003,-0.79168004,-0.007840857,-3.5004363,-0.29607165,-1.0698173,2.1391726,13
3.463696,1.529553,-2.7474911,2.0617948,-0.9278755,-1.0283631,-1.8422396,-1.8515615,0.9639715,-6.016396,-0.9888175,0.32662195,-3.8238442,0.023740448,-1.2192051,2.107455,104
4.1867642,1.7834562,-3.6316965,2.264073,-0.7993679,-1.4158258,-2.1092832,-1.8756734,1.1612355,-7.4591856,-1.254997,0.6802069,-4.9307513,-0.17395866,-1.1278896,2.536632,104
3.0356627,1.734863,-2.650472,1.8558277,-1.4267206,-1.2088716,-1.3078353,-1.8696773,1.7265412,-6.4774933,-1.0348539,0.18608557,-3.978609,-0.18503028,-0.9675986,2.3021166,13
4.09313,0.42380384,-2.5330522,2.3852706,-0.28559873,-0.9006225,-1.4212294,-0.8541091,0.4766795,-5.545805,-1.575909,0.9475117,-4.513762,0.85993385,-0.79769135,2.182796,104
3.9146614,1.1690233,-2.7103744,2.4159584,-0.69406116,-0.97123516,-1.6568613,-1.2912261,0.8295601,-6.09277,-1.3328837,0.694886,-4.2416635,0.46712714,-0.9796027,2.2508674,104
2.5516937,0.41760004,-2.1363614,2.8483691,-0.00013513863,-1.2618067,-1.4384923,-1.039918,0.057399586,-4.3561325,-0.9779924,0.33853763,-2.521095,0.55028254,-0.88487715,1.8656756,8
2.547079,0.65466034,-2.3712099,2.7633076,-0.12440463,-1.1610266,-1.7311606,-1.483888,-0.042551264,-4.53693,-0.68500435,0.31320804,-2.4817188,0.27259266,-1.0928565,1.795331,8
2.6676052,0.86480683,-2.5896595,2.8128858,-0.29283583,-1.1530199,-1.8017392,-1.6488341,0.12178069,-5.0322576,-0.59748924,0.33403313,-2.6852207,0.16790813,-1.0814159,1.8386995,8
3.663544,0.5867194,-2.6695628,2.326202,-0.01860328,-1.2987455,-1.6141641,-1.256132,0.19287427,-5.2027397,-1.2613218,0.731888,-3.888734,0.81210023,-1.1040399,1.9995472,104
2.3913794,0.7166518,-2.135492,2.7984834,-0.1592078,-1.2120883,-1.5076647,-1.191305,0.21297409,-4.3268623,-0.81553185,0.14167108,-2.2327874,0.4082427,-0.99120915,1.8589832,8
2.7642102,0.7061039,-2.1217687,2.737234,-0.163749,-1.2203376,-1.4288967,-1.1125059,0.2892514,-4.433069,-0.90716475,0.2699597,-2.5696902,0.60769254,-0.9665827,1.8500488,8
4.005055,1.8589315,-3.6244476,2.541224,-0.88309216,-1.3796204,-2.1519463,-1.9582722,1.1771747,-7.5978007,-1.0734866,0.64013666,-4.7188907,-0.29050887,-1.0452086,2.5277045,104
2.9328501,0.4822235,-2.158417,2.1697755,-0.12462628,-1.177071,-1.682306,-1.4989177,-0.037924245,-4.217151,-1.0434301,0.4463333,-2.9802468,0.6380952,-1.3309081,1.725346,1
4.377154,0.76921046,-2.876306,2.3663096,-0.4460295,-0.93960285,-1.5508401,-1.0532255,0.63971704,-6.1457887,-1.5938032,0.9358827,-4.879038,0.6798942,-0.8407325,2.3802648,104
3.2565873,0.7792058,-2.4125555,3.0984292,-0.40380996,-1.1440886,-1.4732957,-1.1763998,0.41082394,-5.1914763,-0.9971557,0.48676842,-3.25113,0.4658565,-0.70206106,2.1768527,104
2.755128,1.6686184,-2.449436,1.8179635,-1.4532408,-1.1226572,-1.3069758,-1.9100933,1.6080098,-6.052295,-0.89549565,0.01201041,-3.5981965,-0.28227943,-1.028317,2.202924,13
3.556417,1.6172959,-2.7970388,2.377771,-1.0903482,-1.0555072,-1.7695315,-1.7490726,1.2022802,-6.40147,-1.0651331,0.36775106,-3.9869573,0.00035562366,-1.0248369,2.2862709,104
4.1082044,1.8816255,-3.612326,2.1882272,-0.83080935,-1.3950611,-2.0079072,-1.8167754,1.4406692,-7.520955,-1.2938641,0.59408087,-4.884127,-0.18609372,-1.0698868,2.581347,104
2.9623916,1.7821456,-2.67689,1.915609,-1.4819576,-1.2111613,-1.2475104,-1.880682,1.8014693,-6.512671,-1.033247,0.12693514,-3.8508303,-0.13067275,-0.9443228,2.2882662,13
3.8052287,0.15635708,-2.4107034,2.1681366,-0.21637723,-0.7641948,-1.3769975,-0.85372335,0.32599413,-5.1104827,-1.6146522,0.94108176,-4.4402485,0.9239059,-0.7909416,2.1942918,104
4.0592084,1.0562937,-2.9609723,2.7173724,-0.6017398,-0.9800629,-1.6108892,-1.1223401,0.75993097,-6.3545756,-1.3648287,0.7462274,-4.4729776,0.53522825,-0.7946306,2.4586716,104
2.442941,0.2592271,-2.0919392,2.7852168,-0.098752335,-1.1712162,-1.5079224,-1.1693757,-0.00924021,-4.2084484,-1.0747511,0.43587714,-2.5733542,0.5092818,-0.8549862,1.8638045,8
2.7288043,0.5749814,-2.4630826,3.0850396,-0.098995656,-1.2891864,-1.5476384,-1.203073,0.15589401,-4.897868,-0.8389969,0.34435642,-2.7755663,0.3265625,-0.7798117,2.0267954,8
2.7849536,0.73315,-2.5857623,3.066618,-0.26026443,-1.2307642,-1.6022575,-1.3707436,0.24042249,-5.162882,-0.7379586,0.37656152,-2.8697076,0.24982095,-0.795177,2.005852,8
3.901125,0.54254144,-2.7546794,2.675569,0.046058297,-1.4367094,-1.3381956,-0.8909652,0.47975373,-5.5883293,-1.3800153,0.78777117,-4.1841316,0.8793951,-0.69294554,2.2432945,104
2.3777163,0.522805,-2.0604687,2.791607,-0.20522542,-1.1386456,-1.4724038,-1.1606348,0.12767896,-4.090562,-0.9655626,0.21602674,-2.2980509,0.42012107,-0.9019408,1.9187548,8
2.8129086,0.4449199,-2.0418394,2.7640486,-0.1611385,-1.1632218,-1.3161988,-0.97321916,0.26133472,-4.2289553,-1.0855677,0.34263372,-2.7262745,0.6288713,-0.7955902,1.9653647,8
3.8469114,1.9073141,-3.5306168,2.3853111,-0.90433764,-1.3270183,-2.0226762,-1.8996108,1.4085566,-7.5237827,-1.1096344,0.56392777,-4.5929084,-0.2596255,-1.0143479,2.5067012,104
3.1958358,0.4956221,-2.3694644,2.6427279,-0.074369706,-1.3138902,-1.5743923,-1.3195643,0.086107984,-4.667369,-1.0819834,0.52127415,-3.207185,0.6442683,-1.0074213,1.9307951,8
4.139515,0.53995,-2.8484168,2.2925153,-0.31554416,-0.8584117,-1.4940429,-1.058754,0.4824152,-5.834805,-1.5423012,0.95253384,-4.7242064,0.8009308,-0.7872128,2.3426328,104
3.1918278,0.5664525,-2.4399107,2.9390936,-0.39163515,-1.0283146,-1.4632349,-1.1577257,0.3069332,-4.9953012,-1.1179365,0.56661016,-3.3521428,0.53908896,-0.7013793,2.1816087,18
2.8041193,1.735219,-2.544853,1.8732983,-1.5076654,-1.167886,-1.2677815,-1.9137833,1.7226757,-6.220283,-0.94762766,-0.0029248148,-3.632797,-0.24201989,-0.9975,2.237295,13
3.8793068,1.4418312,-2.4376824,2.218629,-1.1227871,-1.3022816,-1.0547127,-1.5543118,1.6794069,-6.1501355,-1.3515791,0.4029513,-4.407921,-0.051757604,-0.42610556,2.5911818,104
3.918229,1.8854532,-3.5615363,2.1764593,-0.8516121,-1.2850682,-1.9458742,-1.8183137,1.4058675,-7.2809453,-1.2279625,0.4978854,-4.589408,-0.12403363,-1.0880628,2.5121863,104
3.2797554,1.6336259,-2.233898,1.446647,-1.3536904,-1.3555064,-0.61981887,-1.6287862,2.0411782,-5.621452,-1.2784407,-0.014752403,-3.9736514,-0.10981889,-0.6078219,2.3880675,13
3.5100095,0.21140514,-2.3091185,2.5537267,-0.4553525,-1.0447236,-1.1079868,-1.3767526,0.3022285,-5.293086,-1.1228907,0.8315115,-4.1871905,0.8734906,-0.3843129,2.2689726,104
3.7660644,0.6909249,-2.8623514,2.460733,-0.44021603,-0.88423115,-1.4928436,-1.0790149,0.58368194,-5.9056334,-1.3717992,0.8034773,-4.393381,0.74168426,-0.75219613,2.3622587,104
2.1718435,0.019047853,-2.1726809,2.570745,-0.110713884,-1.0337716,-1.659092,-1.3007355,-0.2275054,-4.1356764,-1.0710843,0.63548315,-2.6415284,0.538356,-0.9020455,1.7000204,18
2.6458719,0.43325326,-2.4450994,2.9821239,-0.15885767,-1.1956621,-1.604805,-1.3024416,0.036783457,-4.6798196,-0.9458107,0.3925321,-2.8080475,0.31161144,-0.79361606,2.0335996,8
2.7028832,0.56561184,-2.5610757,2.9691105,-0.2503548,-1.1603961,-1.6575835,-1.3995414,0.10561044,-4.91638,-0.8692057,0.41114068,-2.8957782,0.2608079,-0.8200198,2.0321844,8
3.7931688,0.32299173,-2.6352086,2.5106964,0.04328412,-1.3023466,-1.2696428,-0.86597556,0.40441573,-5.1554365,-1.4895521,0.79265606,-4.145749,0.87327754,-0.6483145,2.2873738,104
2.1909409,0.32845584,-2.1598356,2.641871,-0.19661662,-0.9806385,-1.5862556,-1.1822579,-0.08801232,-3.9934518,-0.98952514,0.3722921,-2.3499966,0.45570385,-0.93212557,1.8139591,8
2.634264,0.22787578,-2.0791948,2.624825,-0.1298379,-1.033805,-1.4029715,-1.0040839,0.08025803,-4.0909796,-1.1056457,0.463367,-2.7814019,0.6505245,-0.79165155,1.8891838,18
3.7450283,1.9521992,-3.675813,2.3463998,-0.89611685,-1.2437716,-2.0560975,-1.9374709,1.2738674,-7.3742933,-1.0497983,0.48122376,-4.3449974,-0.1261942,-1.1515291,2.4081821,104
3.354715,0.36954543,-2.3935957,2.8887367,-0.081974424,-1.3531233,-1.3773069,-1.0458719,0.2342002,-4.8177266,-1.2478821,0.55307156,-3.4433405,0.6775506,-0.723966,2.147708,8
3.9277563,0.50508773,-2.8857741,2.2942877,-0.5469131,-1.0536379,-1.1171228,-1.5100474,0.4245007,-5.980413,-1.2333419,0.92602503,-4.7397914,0.8206806,-0.44608888,2.391181,104
2.8096995,0.2582994,-2.053468,2.762415,-0.41576952,-1.104993,-1.0791951,-1.3929111,0.14807302,-4.377611,-0.9066069,0.5030369,-3.0592568,0.63807476,-0.465739,2.06726,18
3.005863,1.6291987,-2.133691,1.4678603,-1.457753,-1.2129862,-0.71205276,-1.671765,2.0319748,-5.5329247,-1.1574931,-0.10684479,-3.7413926,-0.27302527,-0.67588395,2.3280013,13
4.256361,1.8909539,-3.2870262,2.7925987,-1.3868948,-1.3858465,-1.2704606,-1.6505721,1.7144411,-7.643475,-1.2238317,0.48465288,-4.972226,-0.14144678,-0.33344537,2.884447,104
4.3249693,1.5017959,-3.0365963,1.7639209,-0.7454219,-1.720701,-0.9469239,-1.5144278,1.6616524,-6.4981017,-1.5302653,0.5602493,-5.0443296,0.014224686,-0.3950331,2.6989465,104
3.2750838,1.7275783,-2.164047,1.3680435,-1.4817181,-1.2718191,-0.4309418,-1.495366,2.055008,-5.5863204,-1.2543936,-0.0641633,-4.0008116,-0.12327265,-0.48690638,2.443569,13
3.362972,0.25487587,-2.8855314,2.947854,-0.8699107,-0.89191574,-1.2722595,-1.7354797,0.07168868,-6.35358,-0.87740725,1.1673504,-4.5517764,0.7010275,-0.26108664,2.3966658,18
3.6562996,0.6327165,-2.8064783,2.792153,-0.62419856,-1.2700093,-1.2828939,-1.5153613,0.45992535,-6.1773486,-1.0164118,0.85456705,-4.420254,0.73728406,-0.3823583,2.350759,104
1.8158681,-0.6597456,-1.6939416,2.5082874,0.010984257,-1.0576991,-1.2853172,-1.1743957,-0.42781907,-3.5852358,-1.0028768,0.79327095,-2.736036,0.6448064,-0.53816205,1.6913741,18
2.3092542,0.24513872,-2.4950364,2.704163,-0.15639436,-1.0902331,-1.795052,-1.4345014,-0.16997908,-4.548029,-0.9858699,0.5369981,-2.7900858,0.35654092,-0.9339955,1.8546982,18
2.3770237,0.34490278,-2.5966263,2.665924,-0.18295643,-1.0645901,-1.8268034,-1.4816078,-0.12734644,-4.731992,-0.90112776,0.5496481,-2.8891025,0.35139832,-0.9576537,1.8479402,18
3.2636175,0.03342735,-2.4582155,2.0884385,0.11729661,-1.1661533,-1.3069692,-0.9530289,0.17017841,-4.573131,-1.4828517,0.82073987,-3.9034038,0.9345781,-0.71830356,2.1045096,79
1.8991088,-0.06424139,-2.2541366,2.3625765,-0.076371096,-0.8968076,-1.723999,-1.2011211,-0.3700487,-3.8742366,-1.0541778,0.62073576,-2.5105987,0.5226384,-0.9764715,1.662812,18
2.0583942,-0.35801098,-1.5600939,2.4047337,-0.11979455,-1.075636,-1.0733279,-1.107161,-0.059463486,-3.4128387,-1.0268171,0.5285696,-2.6779697,0.7391365,-0.5282217,1.8484654,18
4.24493,1.61202,-3.127068,1.8251404,-0.89504635,-1.6886146,-0.9447969,-1.5993989,1.5767671,-6.5710163,-1.4420003,0.470214,-4.923269,0.015455708,-0.44842976,2.6783943,104
3.2399285,0.2294813,-2.3981721,2.803915,-0.14645201,-1.2136667,-1.3991547,-1.07554,0.1358777,-4.662132,-1.3452301,0.6216928,-3.4558096,0.6844017,-0.72898066,2.1495626,18
3.7947385,0.7098066,-3.592217,3.0539484,-0.98662806,-1.0509706,-1.7490656,-2.0391912,0.24166901,-7.507001,-0.9751094,1.2700521,-5.112642,0.5281289,-0.46815193,2.522863,104
2.4511244,0.11047863,-2.1274822,2.380406,-0.3955744,-0.91141564,-1.0150504,-1.5077213,-0.088354126,-3.9197674,-0.76581115,0.34107196,-2.8184235,0.6053507,-0.57150894,2.0422695,1
3.1302872,1.7021902,-2.030332,1.3288212,-1.5406892,-1.2080806,-0.47085822,-1.4935783,2.1552758,-5.5136385,-1.23124,-0.10591213,-3.9417691,-0.28507584,-0.50494766,2.4306514,13
4.275006,2.1885738,-3.737194,3.1343603,-1.5784315,-1.2882868,-1.5791504,-1.7630597,1.6489903,-8.530169,-1.0004504,0.5164667,-5.200475,-0.3175521,-0.34875992,2.9980934,104
4.279474,1.6865417,-3.336042,1.7817031,-1.0030044,-1.5979733,-0.93470263,-1.6039848,1.5043684,-6.847891,-1.3051518,0.539481,-5.086977,0.055409566,-0.38933042,2.6775696,104
3.1194172,1.8599555,-2.3090513,1.2147833,-1.5675035,-1.1891587,-0.5769128,-1.6396216,1.909756,-5.6355586,-1.0461833,-0.12022774,-3.8863242,-0.22652695,-0.5970297,2.3432193,13
3.0964708,-0.11462648,-2.6557934,3.0859432,-0.85378265,-0.8170076,-1.2657084,-1.6843969,-0.3369245,-5.863188,-0.95404595,1.2293822,-4.3507104,0.7466442,-0.32104307,2.3822396,18
3.5263379,0.9292041,-3.5807803,3.058385,-1.0648562,-1.1912374,-1.7191463,-2.1382747,0.338438,-7.3630867,-0.7551281,1.081403,-4.639364,0.4847275,-0.51965725,2.4210763,104
1.6639243,-0.9256793,-1.8430043,2.1680918,0.09528959,-1.005791,-1.0332054,-1.362236,-0.559766,-3.3928876,-0.8976215,0.7766039,-2.8527193,0.7345307,-0.3887109,1.7527596,18
1.9263698,-0.039668836,-2.2473793,2.4342308,-0.16819818,-1.1056497,-1.3898749,-1.637531,-0.312918,-3.8939855,-0.75476277,0.33837336,-2.511846,0.40028426,-0.77384067,1.8709874,8
1.9821554,0.045804247,-2.4171557,2.3337526,-0.201619,-1.1352949,-1.4531643,-1.7976638,-0.29277837,-4.1260834,-0.6941371,0.36380798,-2.6193528,0.423203,-0.83743364,1.8089277,8
2.7080588,-0.48302066,-2.3019369,1.4784104,0.42464975,-1.1895756,-1.2727263,-0.8700475,-0.14850722,-3.8754866,-1.5121711,0.9272319,-3.8069925,1.0242376,-0.72182524,1.8681731,79
1.4907552,-0.72091407,-1.7584132,1.841288,0.06727332,-0.99724966,-1.0437315,-1.2803297,-0.51336306,-2.8309438,-0.9809781,0.42403972,-2.3945687,0.6991361,-0.67948204,1.7066981,72
1.9145895,-0.65598035,-1.619315,1.9428977,0.054023117,-1.0314378,-0.79808205,-1.285013,-0.2886114,-2.9264824,-0.86149544,0.41966426,-2.675009,0.8654496,-0.45426136,1.8140907,18
4.108499,1.9831736,-3.6570497,1.9592053,-1.3336558,-1.4516406,-1.2475972,-1.9307816,1.3872342,-7.4229455,-1.1209173,0.5388537,-5.015704,-0.114188,-0.58826995,2.6793823,104
2.8163702,-0.042364307,-2.4494712,2.4677315,-0.08317119,-1.0839332,-1.5921144,-1.175939,-0.17213796,-4.443733,-1.37596,0.7883654,-3.4143631,0.7542351,-0.8711742,1.9431753,18
3.6146226,0.37961462,-3.5332332,3.3633685,-1.1136355,-1.0037477,-1.7239652,-2.025322,-0.17947029,-7.488959,-0.9559761,1.5079594,-5.1633544,0.53687525,-0.4018082,2.5347102,18
2.2457511,-0.0069513973,-2.2976322,2.509138,-0.5453159,-0.69232285,-1.110179,-1.6269257,-0.49328816,-4.1772914,-0.64865905,0.62710243,-2.8265755,0.6020983,-0.5883539,1.943498,18
3.0588996,1.8699228,-2.1317139,1.2933365,-1.6674988,-1.1752782,-0.52463937,-1.5503498,2.1085653,-5.6518188,-1.1177757,-0.17335963,-3.9057617,-0.31622028,-0.5654701,2.4075782,13
4.2142277,2.2847862,-4.091495,3.4294906,-1.6292988,-1.2932477,-1.9714622,-2.1316996,1.3593817,-9.093911,-0.67420685,0.6769341,-5.2002254,-0.39954275,-0.4001334,2.917493,104
4.2057204,1.7682588,-3.8467484,2.0312052,-1.2781984,-1.5489012,-1.3615165,-2.0741363,1.2666613,-7.6768484,-1.0950662,0.76503634,-5.3647385,-0.13024174,-0.4501517,2.7479916,104
3.0299473,1.884003,-2.6901016,1.511118,-1.65856,-1.0650854,-0.8792957,-1.8335996,1.6679884,-6.2507863,-0.7638564,0.09782638,-4.036905,-0.4117516,-0.52055025,2.386677,13
2.7076693,-0.26805034,-2.361369,2.9732113,-0.8252064,-0.6358491,-1.037036,-1.5455362,-0.3189137,-5.4123297,-0.77761424,1.2253091,-3.9945984,0.7905044,-0.11697224,2.2462647,18
3.0331414,0.45297948,-2.9979985,2.9358153,-1.0506568,-0.9075694,-1.556911,-1.9497683,-0.1413035,-6.2768936,-0.8022596,1.1045095,-4.13423,0.57458836,-0.6071454,2.2524252,18
1.4125468,-1.0830984,-1.7203223,2.2063532,-0.038747415,-0.8902128,-0.86082506,-1.1737641,-0.8018689,-3.234635,-0.9343619,0.9096565,-2.7357767,0.83703697,-0.3811909,1.7220066,18
1.6242416,-0.31372735,-2.254556,2.2368302,-0.20964581,-0.8921532,-1.219917,-1.6546361,-0.60510194,-3.738408,-0.66569984,0.54277885,-2.4690022,0.5016919,-0.6932961,1.753953,18
1.7388529,-0.11910102,-2.4991755,2.2920814,-0.33781904,-0.9108778,-1.3896976,-1.8670733,-0.52626324,-4.2335315,-0.58447134,0.61065847,-2.6299238,0.44876218,-0.75291276,1.7374014,18
2.4354737,-1.2188889,-2.2359357,0.8669021,0.73685,-1.2065204,-1.0532771,-0.61748487,-0.36403728,-3.3670218,-1.7548244,1.1218348,-4.237341,1.1204998,-0.52986664,1.8526205,79
1.2917742,-0.9286424,-1.6659489,1.8226999,0.050511166,-0.8559217,-0.79065514,-1.0571058,-0.76204246,-2.6017694,-0.92036873,0.5562837,-2.3520718,0.83358794,-0.61257976,1.6866248,72
1.7509736,-0.7691119,-1.7104115,2.077825,-0.11356099,-0.8362483,-0.7747231,-1.2255981,-0.6173564,-3.1154103,-0.8243078,0.6785727,-2.69961,0.91125333,-0.4725125,1.7737068,18
4.0343223,1.8402143,-3.924544,1.9512569,-1.4012997,-1.4964218,-1.5160723,-2.2690852,1.25074,-7.8595624,-1.0295565,0.8015873,-5.334772,-0.19328009,-0.5840837,2.7052362,104
2.477538,-0.56056345,-2.476455,1.880428,0.19699752,-1.0668197,-1.5900934,-1.0486653,-0.45834422,-4.0477896,-1.5129625,0.95286167,-3.6336038,0.8564345,-0.90764034,1.8153664,18
3.0953228,-0.20012227,-2.7884278,3.1934738,-0.8857994,-0.8707174,-1.368923,-1.7799791,-0.37999105,-6.2124605,-0.9724734,1.4635469,-4.622384,0.70427275,-0.21959755,2.3991375,18
2.0306616,-0.042896174,-2.252752,2.4119248,-0.5641316,-0.62573683,-1.1089716,-1.5759763,-0.52555627,-4.008465,-0.6932509,0.6046262,-2.6545026,0.58216053,-0.6528325,1.9664394,18
2.9147513,1.9582354,-2.323844,1.3095123,-1.7420177,-1.0487919,-0.71065766,-1.6978691,1.9503524,-5.912583,-0.86205965,-0.13950634,-3.8958542,-0.46617442,-0.597303,2.3906672,13
3.7699127,2.1940126,-3.9059262,3.2417483,-1.5163859,-1.2253726,-1.8893385,-2.110305,1.18358,-8.265365,-0.49359772,0.4364636,-4.4367237,-0.32461298,-0.51599526,2.7761793,104
4.068748,1.7129921,-3.825009,1.9895757,-1.2671878,-1.6274662,-1.5794551,-2.2542107,1.1507053,-7.6037474,-1.082396,0.815953,-5.2570634,-0.1299167,-0.6083516,2.6977935,104
2.9019227,1.958151,-3.0676692,1.7015513,-1.5477929,-1.2177958,-1.2791595,-2.115163,1.4102181,-6.4278717,-0.55404663,0.14291872,-3.737884,-0.37452152,-0.7009064,2.2270925,19
2.4443824,-0.32724652,-2.311724,2.8087888,-0.6056542,-0.6530784,-0.8993159,-1.4431679,-0.3031729,-4.961139,-0.5605303,1.1649264,-3.6108384,0.7981229,0.0064010024,2.026541,18
2.6104238,0.269315,-2.6678057,2.70408,-0.9568101,-0.76771396,-1.3606789,-1.8531616,-0.14109804,-5.5081882,-0.6981219,0.9883505,-3.628904,0.6091453,-0.5231252,2.1225445,18
1.3242043,-0.9421356,-1.9134914,2.093896,-0.18681486,-0.7666369,-0.894529,-1.2910404,-0.77088404,-3.5639296,-0.79630756,0.955032,-2.6961524,0.8536855,-0.4415454,1.6166248,18
1.4966837,-0.31164858,-2.1824148,2.2894106,-0.36398342,-0.7947229,-1.2061219,-1.6130655,-0.74532795,-3.6481628,-0.709901,0.57825226,-2.3508298,0.5319805,-0.78556955,1.7569603,18
1.5655491,-0.13042828,-2.2776299,2.330998,-0.52429575,-0.75122,-1.3090398,-1.7458558,-0.65107524,-3.9343684,-0.63691926,0.58818597,-2.4068792,0.46197236,-0.82415736,1.7540176,18
2.6742513,-1.5396379,-2.6619534,0.9630672,0.7971271,-1.2369192,-1.2684891,-0.6314816,-0.48590487,-4.1028543,-1.9447842,1.4766589,-5.0545826,1.0680869,-0.4090408,1.9996182,86
1.1884071,-0.78988594,-1.7096754,1.7849406,-0.081328355,-0.725429,-0.8130063,-1.0950166,-0.694673,-2.8739712,-0.80488074,0.64149815,-2.2679486,0.8448831,-0.6315694,1.595398,72
1.5991526,-0.666597,-1.7507058,1.9883937,-0.28004158,-0.6688496,-0.7518215,-1.2244451,-0.5334855,-3.3227732,-0.74024576,0.733866,-2.6322982,0.903293,-0.45360613,1.7157055,18
3.9681692,1.8239853,-3.9641323,1.7606035,-1.2224152,-1.6797879,-1.7817805,-2.483473,1.1019022,-7.5388727,-1.0567055,0.714194,-5.058375,-0.102920085,-0.8997082,2.5486205,104
2.1605299,-1.2843202,-2.0562212,1.7148374,0.22030905,-1.0558822,-0.8458842,-1.214622,-0.6347565,-3.4200385,-1.2805978,0.95307946,-3.6991313,1.0226555,-0.35459235,1.9010001,18
2.6844199,-0.1898981,-2.6026108,3.0274334,-0.78212845,-0.7595715,-1.2127514,-1.7016709,-0.28709787,-5.7156262,-0.6550435,1.4059663,-4.0661197,0.7280334,-0.074762195,2.145112,18
1.6560103,0.022676686,-2.214126,2.2862062,-0.54840696,-0.5222452,-1.0461661,-1.5674587,-0.5037968,-3.801826,-0.474078,0.5971632,-2.2584445,0.5491369,-0.591468,1.8218385,18
2.7461498,1.9370157,-2.7087367,1.6670719,-1.7181432,-0.9622187,-1.0121062,-1.8198041,1.6283267,-6.216252,-0.5714853,-0.004760027,-3.7104402,-0.5423405,-0.58787525,2.3312993,13
3.6729624,2.1517997,-3.8634121,2.6002603,-1.4562776,-1.4307287,-1.7998393,-2.1114893,1.267777,-7.7346644,-0.6090621,0.25392044,-4.350138,-0.17579523,-0.77131337,2.6262176,104
3.6698318,1.5261432,-3.4685564,1.8016454,-1.1153529,-1.6272789,-1.5226381,-2.3063285,1.0303341,-6.669899,-0.97876835,0.56905234,-4.5419593,-0.034389757,-0.7400838,2.442965,104
3.06074,2.1077495,-3.2639155,1.5373493,-1.4402274,-1.4129794,-1.5209789,-2.2045639,1.4595482,-6.502504,-0.6554305,0.016489163,-3.7526443,-0.3331288,-0.97473276,2.242476,19
2.275017,-0.26797786,-1.9499502,2.586348,-0.58795905,-0.76714754,-0.6687604,-1.187506,-0.076254085,-4.307766,-0.6350655,0.91576743,-3.2359111,0.8166217,0.02491802,1.984453,18
2.248726,0.31728512,-2.5525732,2.5721984,-0.8962103,-0.6797351,-1.2729306,-1.8143514,-0.10287352,-5.0088515,-0.43193907,0.84686947,-3.0888848,0.55986285,-0.4807743,1.9272395,18
1.3070178,-0.9950438,-2.0354235,1.8415214,-0.10895665,-0.81143624,-0.7829396,-1.3752431,-0.7776764,-3.4473398,-0.7338477,0.8898784,-2.6930997,0.8953583,-0.4799712,1.5762799,18
1.2847962,-0.3996796,-2.120008,2.072804,-0.3196553,-0.7394581,-1.0784291,-1.5963213,-0.76739377,-3.460075,-0.62848955,0.64803934,-2.1742425,0.6297248,-0.7579759,1.6275544,18
1.3572668,-0.23438701,-2.1848338,2.0809393,-0.4338372,-0.70483714,-1.1379037,-1.7135477,-0.6709262,-3.6463387,-0.55532044,0.6320922,-2.2007926,0.57881886,-0.7854837,1.6215025,18
2.6706245,-1.8328972,-2.2192972,2.0361257,0.5160297,-1.3768582,-0.8262065,-0.793152,-0.36636305,-4.542532,-1.4775631,1.7598617,-5.220161,1.0870354,0.36710107,2.1732502,18
1.0790433,-0.81337124,-1.7874036,1.634422,-0.08933101,-0.71319157,-0.7167069,-1.1756978,-0.6467247,-2.9908028,-0.6996739,0.6946351,-2.2334964,0.91117525,-0.5814576,1.4985102,72
1.4733338,-0.65863466,-1.9132073,1.8437351,-0.27294588,-0.6275104,-0.6722324,-1.3275404,-0.53897184,-3.354456,-0.56588304,0.7375768,-2.5371668,0.9036223,-0.4065524,1.6008251,18
3.5063117,1.6066113,-3.364764,1.5187562,-1.0934947,-1.5801837,-1.5575244,-2.307747,1.0688142,-6.3611712,-1.0231428,0.37627828,-4.275725,-0.07179713,-0.96400136,2.3761396,104
2.0437799,-1.4887414,-2.0958843,2.0477529,0.116431385,-1.1099472,-0.76191634,-1.1232322,-0.8752371,-3.5589712,-1.353342,1.1433034,-3.802836,1.1143432,-0.27668202,2.0187614,18
2.4937873,-0.31739426,-2.3557413,2.7681012,-0.628965,-0.86125165,-1.0076632,-1.5059096,-0.22037257,-5.101751,-0.6603159,1.2692268,-3.796504,0.77880764,-0.024908751,2.0205925,18
1.5364711,0.16122946,-2.0775306,2.035759,-0.6049712,-0.60498524,-1.0078751,-1.6475825,-0.35830808,-3.4602275,-0.44764918,0.39263558,-1.985919,0.59219015,-0.73898107,1.7053008,1
2.9743955,2.1512854,-3.2142298,1.440201,-1.5953777,-1.442186,-1.381011,-2.1269457,1.6972343,-6.660649,-0.6467142,-0.044628218,-3.902641,-0.4034842,-0.9147608,2.2845533,19
3.422592,1.9510673,-3.5362713,2.1881661,-1.4228259,-1.3487772,-1.6340146,-1.9980571,1.191029,-6.9075017,-0.71697104,0.109540775,-4.009752,-0.08745338,-0.92973983,2.4884427,104
3.566152,1.3657267,-3.2236068,1.5783439,-1.0558808,-1.6213657,-1.3605831,-2.1264005,1.1713935,-6.3341503,-1.0687754,0.49582458,-4.5054135,-0.01091139,-0.6958074,2.4256501,104
3.0938158,1.7341703,-3.1408124,1.3144817,-1.1465454,-1.5230793,-1.3826251,-2.0699568,1.37867,-5.9405565,-0.83029896,0.02469796,-3.7103722,-0.16361298,-0.98025227,2.1828449,104
2.161879,-0.15704453,-1.8884708,2.5774674,-0.59209204,-0.8499354,-0.73697966,-1.1994468,-0.09411685,-4.1810384,-0.6635821,0.81751597,-2.9642677,0.7808362,-0.13469751,1.9315184,18
2.1636999,0.38506284,-2.3688579,2.3701663,-0.9021561,-0.75906086,-1.142672,-1.66844,0.07170439,-4.5690193,-0.5033088,0.65735066,-2.825147,0.5603801,-0.5280371,1.881664,18
0.9676513,-0.77770567,-1.7095088,1.75416,-0.14969271,-0.8564761,-0.81931376,-1.3883735,-0.65390104,-2.8940322,-0.7121196,0.61530495,-2.1222088,0.80449164,-0.63606673,1.5432012,72
1.0253619,-0.32334796,-1.9465239,1.8821486,-0.30908382,-0.74276096,-1.0098786,-1.5874319,-0.6861779,-3.0641603,-0.5316334,0.48581064,-1.8234568,0.6036303,-0.8259988,1.5485373,8
1.116618,-0.18307514,-2.0597124,1.8963147,-0.4228832,-0.7726187,-1.1076117,-1.7561179,-0.5848154,-3.3416555,-0.5013797,0.50546426,-1.9179454,0.56428874,-0.86238074,1.5445797,8
2.384957,-1.9641769,-2.3260226,1.9717933,0.5750842,-1.5468385,-0.5817337,-0.8110239,-0.42188329,-4.6799264,-1.3803376,1.8916316,-5.1990666,1.4021649,0.43377382,2.0832057,18
0.71149105,-0.6866995,-1.5162171,1.53351,-0.084422074,-0.8219855,-0.70581603,-1.1233884,-0.5756333,-2.4316692,-0.7220657,0.41602987,-1.7525928,0.794796,-0.7062197,1.5263097,72
1.2060133,-0.4280212,-1.6875798,1.7436856,-0.333094,-0.731058,-0.6982621,-1.3308634,-0.3579036,-2.9156666,-0.56693804,0.45122975,-2.0810974,0.8084601,-0.5523972,1.59145,18
3.460529,1.4062098,-3.1890814,1.2167133,-1.0197889,-1.6172446,-1.3396039,-2.1278422,1.1723857,-5.8854394,-1.1444784,0.2682405,-4.2521753,-0.017272532,-0.945036,2.3526006,104
1.7673765,-1.3184059,-2.0578039,1.9632596,-0.042253487,-0.9776611,-0.72508276,-1.234135,-0.792282,-3.736646,-1.0832222,1.1518418,-3.4899068,1.1422529,-0.3095609,1.7957449,18
2.442612,-0.21876784,-2.223459,2.667749,-0.6175524,-0.95979196,-0.9667351,-1.4050803,-0.14082451,-4.821864,-0.72001326,1.1221056,-3.5664177,0.7647861,-0.11008329,1.9839431,18
1.332542,0.21386065,-1.9947424,1.9878882,-0.58221036,-0.7338532,-1.0373741,-1.6535912,-0.2970615,-3.2853968,-0.4738429,0.301436,-1.7309258,0.557909,-0.8135482,1.6483448,8
3.1281734,2.2004879,-3.2759006,1.2947627,-1.4414892,-1.5271677,-1.4339316,-2.0535338,1.7280571,-6.5014563,-0.7274065,-0.20831734,-3.8190386,-0.31029117,-1.0754471,2.2964404,19
3.2219758,1.8123232,-3.359135,1.8940016,-1.3940551,-1.3047272,-1.58441,-1.9718039,1.1988441,-6.4649334,-0.7901821,0.05327876,-3.8106515,-0.08384156,-1.0438335,2.3893435,104
3.605255,1.3470813,-3.392405,1.3716149,-1.0896387,-1.6561673,-1.3685346,-2.0898206,1.2239286,-6.2100434,-1.2193772,0.3571062,-4.4955373,-0.03529263,-0.85736376,2.4579701,104
3.1089444,1.6727431,-3.2553923,0.96125185,-1.0854787,-1.5932468,-1.3504305,-2.0553458,1.49944,-5.7513175,-0.9813278,-0.12071481,-3.700814,-0.16350879,-1.1320559,2.1928537,19
2.1086934,0.09315107,-1.9341397,2.4546938,-0.6582424,-0.8795432,-0.87737954,-1.3542695,-0.044557765,-4.063633,-0.6561723,0.6002991,-2.655411,0.6725383,-0.41064313,1.8766131,18
2.0649343,0.43405178,-2.279842,2.3546834,-0.9010869,-0.8384813,-1.121295,-1.6210712,0.1353716,-4.474387,-0.5363204,0.55746377,-2.6525922,0.5188319,-0.556475,1.8475149,18
0.85180885,-0.5820111,-1.5658889,1.6878163,-0.16306381,-0.8418583,-0.8259464,-1.3821185,-0.58122516,-2.604629,-0.6872885,0.41463935,-1.7373352,0.71854025,-0.7728527,1.4953017,72
0.8535803,-0.31066582,-1.7786456,1.7255975,-0.26484582,-0.849545,-0.93366075,-1.5475625,-0.59742063,-2.7473972,-0.5815869,0.3629641,-1.6001353,0.611281,-0.87042063,1.4863292,8
0.9964439,-0.15126273,-1.9282293,1.7613174,-0.36788934,-0.8707853,-1.0229932,-1.6807979,-0.4947151,-3.0481195,-0.52871156,0.37528622,-1.7086861,0.5642402,-0.90755385,1.4920232,8
2.2707427,-2.030747,-2.356228,1.6186191,0.59071827,-1.6337522,-0.4416378,-0.7434151,-0.45769042,-4.596417,-1.4662789,1.8036649,-5.1406684,1.5839925,0.24492928,1.9918704,18
0.5760241,-0.53364795,-1.3547878,1.4047723,-0.08441468,-0.84745806,-0.6496471,-1.1211601,-0.4618119,-2.0909805,-0.70830107,0.20311667,-1.4415058,0.74015814,-0.8185157,1.4862227,72
1.0197812,-0.29629746,-1.5648062,1.7071809,-0.31786138,-0.7933133,-0.69318,-1.3069096,-0.29494047,-2.66988,-0.5765062,0.2824002,-1.736213,0.7302561,-0.66122913,1.5707424,8
3.406308,1.4499153,-3.3437674,1.0338972,-1.0966698,-1.5935304,-1.3467772,-2.0767503,1.3018798,-5.8528595,-1.2119961,0.11103009,-4.1400733,-0.09797461,-1.0608398,2.3561177,104
1.677634,-1.3673503,-2.1831021,1.8280803,-0.028127387,-0.9792338,-0.6119645,-1.3002017,-0.7357503,-3.9212964,-0.975441,1.212497,-3.5323997,1.2023911,-0.23735148,1.7193767,18
2.363748,-0.02082173,-2.212759,2.588953,-0.683208,-0.9663478,-1.0272325,-1.4525495,-0.07135393,-4.7228065,-0.748836,0.92163396,-3.2671847,0.65887094,-0.2990837,1.964795,18
1.2544335,0.3074083,-2.0164857,1.9093841,-0.52836955,-0.80434954,-1.1094387,-1.7004095,-0.28210455,-3.2074907,-0.4708457,0.18755718,-1.5465692,0.49598563,-0.9605518,1.6058799,8
3.2044363,1.8382969,-3.1948514,1.1692976,-1.1901253,-1.5634896,-1.3511128,-1.9038029,1.6305169,-6.0173426,-0.92042744,-0.18882245,-3.8055851,-0.23208949,-1.0933948,2.2904677,19
2.9959812,1.664501,-3.2173994,1.6525928,-1.3224303,-1.2699721,-1.4861643,-1.912854,1.2651844,-6.1044836,-0.7763084,0.027244434,-3.572994,-0.12605946,-1.0246509,2.2235527,19
3.4991698,1.4456909,-3.447707,1.353227,-1.176999,-1.6183084,-1.3825009,-2.011354,1.3642093,-6.355648,-1.2373168,0.22964527,-4.3664384,-0.16811538,-0.90380794,2.480548,104
2.9518497,1.7604356,-3.2733328,1.0663041,-1.1993701,-1.486162,-1.418998,-2.0473537,1.6093594,-5.965328,-0.91159964,-0.1732733,-3.5320876,-0.2947757,-1.1209025,2.171566,19
2.0490415,0.3212884,-1.9744674,2.2482824,-0.70231843,-0.8392723,-0.962978,-1.4663295,0.033562183,-3.9106438,-0.61117065,0.38084048,-2.3688793,0.5732909,-0.64403456,1.7997859,8
2.0192313,0.5605752,-2.2806928,2.270979,-0.926754,-0.8766024,-1.185669,-1.7131169,0.19736299,-4.400958,-0.56061935,0.37940222,-2.4650793,0.41834664,-0.70452845,1.8393439,1
0.8629344,-0.33204597,-1.6578846,1.6353616,-0.20636894,-0.9004519,-0.93086535,-1.5086594,-0.47400624,-2.6963868,-0.63535,0.2898035,-1.586722,0.6603466,-0.9486719,1.4565502,72
0.83001095,-0.20643735,-1.7354714,1.6876131,-0.24953142,-0.86412734,-0.9533528,-1.5454973,-0.5189115,-2.6979797,-0.55909324,0.2771086,-1.4764853,0.5571909,-0.95349354,1.4664261,8
0.98207194,-0.10161375,-1.9150965,1.7299317,-0.30226022,-0.9007413,-1.0502199,-1.6695886,-0.4634428,-3.0131006,-0.5077662,0.33190936,-1.6252046,0.5099237,-0.9737794,1.4633032,8
2.0800474,-2.0086005,-2.3372984,1.494345,0.6576234,-1.5536561,-0.4902789,-0.7893742,-0.5608363,-4.3274884,-1.4621398,1.6905656,-4.7666373,1.5413964,0.055104196,1.9042541,18
0.49483395,-0.3974874,-1.3316923,1.3816093,-0.10056555,-0.87388104,-0.69057506,-1.1826862,-0.38907844,-2.1346583,-0.6787869,0.12932082,-1.2973287,0.70020473,-0.9021752,1.4449593,72
0.9631677,-0.081043415,-1.652353,1.6946505,-0.3185894,-0.8685696,-0.80957955,-1.4274923,-0.23046379,-2.7489593,-0.5115862,0.17401303,-1.548104,0.6572527,-0.8189918,1.5185465,8
3.2894225,1.4933105,-3.3689907,1.1849732,-1.1825571,-1.5453207,-1.3938701,-2.02279,1.3751254,-6.158951,-1.1999896,0.09164439,-4.0803657,-0.21838005,-1.0397366,2.3759274,104
1.1293931,-1.2942647,-1.8128022,1.8083287,0.010007173,-1.0618986,-0.6454536,-1.2197472,-0.68731135,-3.2147415,-0.98931414,0.96475744,-2.810096,1.0443594,-0.32935053,1.6918215,72
2.359701,0.26661095,-2.255121,2.4250894,-0.7977953,-0.9481797,-1.1052096,-1.5688201,0.09825024,-4.691847,-0.72567797,0.6753066,-3.0300283,0.5551354,-0.5241163,1.9292297,18
1.2706151,0.46774295,-2.0620015,1.7849542,-0.55196774,-0.8365981,-1.1752126,-1.8104005,-0.1749763,-3.2262888,-0.43963796,0.04109581,-1.4658344,0.4167797,-1.1215768,1.5812836,1
3.1278827,1.8324771,-3.186564,1.0017474,-1.1916611,-1.5338935,-1.3413286,-1.8432288,1.8328233,-6.025632,-0.96339524,-0.2378682,-3.7524107,-0.31424224,-1.09761,2.2469776,19
2.7986493,1.5020387,-3.0935833,1.7250248,-1.2687116,-1.2460164,-1.4226482,-1.9050627,1.221209,-6.0306044,-0.7053366,0.08417411,-3.4347239,-0.12913784,-0.90879995,2.118896,19
3.3421888,1.4218347,-3.392552,1.5108317,-1.2340733,-1.5500542,-1.3616784,-1.9418175,1.3700588,-6.598478,-1.1858354,0.2645107,-4.3103194,-0.1895585,-0.8449668,2.4541504,104
2.9044633,1.6870763,-3.3901334,1.3010042,-1.1813037,-1.555836,-1.4795437,-2.081774,1.5708146,-6.388932,-0.88184106,-0.0286216,-3.6486194,-0.2893282,-1.0313187,2.1746886,19
2.0072913,0.5100129,-2.063607,2.0692263,-0.7286918,-0.8564327,-1.06695,-1.5739759,0.12910083,-3.886027,-0.6055162,0.216464,-2.1924076,0.5003967,-0.8566127,1.7514385,1
2.0604668,0.68324935,-2.3260329,2.1427393,-0.9401678,-0.8883755,-1.2451017,-1.7858967,0.2608655,-4.372945,-0.5652565,0.23972224,-2.396301,0.34077224,-0.8687677,1.8279247,1
0.8504471,-0.13416453,-1.6569577,1.6476656,-0.26801348,-0.86780286,-1.005363,-1.5807397,-0.40006083,-2.7211657,-0.58031416,0.16836269,-1.4204623,0.5429002,-1.0691749,1.4644642,8
0.855213,-0.047713563,-1.7455305,1.6709698,-0.29295975,-0.88313293,-1.0246861,-1.6253753,-0.4101733,-2.7657738,-0.5388298,0.17134647,-1.4082003,0.46735865,-1.0681083,1.4849341,8
1.0143377,0.05855547,-1.9177744,1.6814529,-0.34553325,-0.93775874,-1.0936248,-1.7312889,-0.31133556,-3.0668466,-0.50657284,0.19238122,-1.5772932,0.41415632,-1.066619,1.5038458,8
1.7148653,-1.7325656,-2.029743,1.4382743,0.6018338,-1.4317529,-0.5648309,-0.88290894,-0.39022154,-3.8508046,-1.3228416,1.4463851,-4.073378,1.4034243,-0.05177837,1.8029476,18
0.47679406,-0.1732613,-1.398748,1.360454,-0.15770307,-0.8981021,-0.78906214,-1.2869012,-0.29061538,-2.2320619,-0.6323873,0.001707077,-1.1504602,0.61893463,-1.0511322,1.4286749,89
0.9464409,0.18651581,-1.7378327,1.6542748,-0.38460922,-0.8834392,-0.9305345,-1.5583812,-0.11322184,-2.8045034,-0.450667,-0.014059275,-1.3612605,0.52005,-0.9996224,1.5180742,8
3.2263005,1.4359723,-3.379522,1.4133182,-1.2149541,-1.5281161,-1.3939037,-1.9907229,1.3491569,-6.5595956,-1.1657817,0.21376501,-4.187315,-0.19580019,-0.95195854,2.3741596,104
1.0066186,-1.1118675,-1.5785488,1.6101896,0.03979504,-1.0108926,-0.52958375,-1.1126584,-0.5825638,-2.6649861,-0.95438516,0.6918951,-2.3497436,0.98938996,-0.44292173,1.6075988,72
2.3827364,0.46938634,-2.3652174,2.2680988,-0.8446108,-0.98723644,-1.209985,-1.6821796,0.20801866,-4.719968,-0.74501276,0.50097024,-2.912916,0.4639582,-0.7333425,1.914835,8
1.2583793,0.55916435,-1.999699,1.6461357,-0.55654645,-0.83775985,-1.1718827,-1.8426706,-0.061474368,-3.1334562,-0.42411715,-0.10735886,-1.3802632,0.35195342,-1.2223787,1.5691226,1
3.0111332,1.8143897,-3.2740192,1.1911114,-1.2419792,-1.5026455,-1.4114449,-1.8927777,1.8127445,-6.2694416,-0.9187738,-0.1770021,-3.6694767,-0.41288307,-1.0314627,2.2370577,19
2.7420926,1.4255465,-3.0756984,1.869718,-1.226359,-1.2925801,-1.4427097,-1.948221,1.1913677,-6.1501045,-0.67093205,0.14047344,-3.449572,-0.13633533,-0.8523286,2.111381,19
3.298893,1.3381475,-3.454486,1.6256789,-1.1885195,-1.6429266,-1.3637722,-1.9759288,1.3765259,-6.8922486,-1.1684538,0.37114632,-4.423429,-0.124014296,-0.78076124,2.427229,104
2.9440355,1.6983172,-3.4977946,1.4950501,-1.1434176,-1.6207266,-1.4928238,-2.1065247,1.5503204,-6.6134696,-0.7971922,0.007947281,-3.7016578,-0.2782992,-0.9746078,2.181612,19
1.9972764,0.66056174,-2.137387,1.8873404,-0.72563624,-0.83631843,-1.112016,-1.593836,0.19172128,-3.838368,-0.5652282,0.07825588,-2.0588925,0.4397691,-1.0260713,1.664385,1
2.0920658,0.80591947,-2.3727667,2.0028944,-0.9346541,-0.91973615,-1.273011,-1.8065684,0.36501366,-4.3333673,-0.56422794,0.098152414,-2.331859,0.26287806,-0.99265146,1.8129909,1
0.84640306,0.044246696,-1.5911143,1.6474966,-0.32564962,-0.7871045,-1.0137019,-1.5425847,-0.28800035,-2.680894,-0.48021144,0.05597101,-1.2802284,0.44117528,-1.1203327,1.4452139,89
0.86027616,0.054872103,-1.685462,1.6658288,-0.32584047,-0.8407298,-1.0396144,-1.6410556,-0.32394195,-2.7808743,-0.49279588,0.09072952,-1.3380042,0.38349834,-1.1107612,1.4853737,8
1.0489005,0.14102693,-1.8728019,1.6616689,-0.351281,-0.8957313,-1.1069887,-1.736212,-0.24910586,-3.037666,-0.4577778,0.11115007,-1.5156057,0.34645405,-1.1250336,1.4989265,8
1.7092817,-1.5592884,-1.9070641,1.1605691,0.6166884,-1.3561183,-0.42013273,-0.89323115,-0.31091696,-3.250811,-1.2996794,1.1016272,-3.6664445,1.3310964,-0.18685693,1.7260813,18
0.50126827,0.064775206,-1.4063317,1.344586,-0.23284574,-0.8080677,-0.8414515,-1.3110396,-0.1884131,-2.2366884,-0.5058141,-0.13092802,-0.9968199,0.5050947,-1.1609051,1.3928661,89
0.9213219,0.35186175,-1.7216737,1.5786021,-0.4133653,-0.8487776,-0.9607884,-1.5774919,-0.018945307,-2.7113726,-0.3816582,-0.16972554,-1.1937615,0.40750277,-1.1062863,1.5045813,89
3.2435818,1.340395,-3.488501,1.5883741,-1.1241531,-1.645545,-1.4332047,-2.0222192,1.2812696,-6.8395405,-1.1273581,0.3545701,-4.3259115,-0.120267704,-0.8946274,2.3498514,104
0.88739496,-0.93332803,-1.5696911,1.5188278,0.007877007,-1.0336624,-0.5627898,-1.1736307,-0.48610133,-2.6779265,-0.92941797,0.5782768,-2.1186335,0.95422524,-0.56941515,1.5296581,72
2.4192607,0.6717233,-2.4849012,2.1048856,-0.8543849,-0.9738166,-1.2474544,-1.6850129,0.30033037,-4.7047043,-0.6919066,0.33535653,-2.780425,0.37948066,-0.8838837,1.8562816,1
1.2631022,0.5738463,-1.9644619,1.5999765,-0.5156007,-0.8263959,-1.1853793,-1.8102189,-0.052144006,-3.0667593,-0.37996003,-0.14912723,-1.3429948,0.30523223,-1.2805264,1.5243175,1
3.0196855,1.7865247,-3.3803604,1.3930359,-1.2216933,-1.5051038,-1.4214203,-1.9010429,1.7365849,-6.531509,-0.84359777,-0.08046914,-3.726722,-0.42233536,-0.95137113,2.2315469,19
2.785909,1.5012748,-3.17765,1.9042269,-1.1836349,-1.3764863,-1.500525,-1.9946933,1.2542799,-6.2376513,-0.62086517,0.10829078,-3.4469864,-0.17587882,-0.8924385,2.0955229,19
3.3962886,1.4250879,-3.5860646,1.6411809,-1.1362077,-1.7336483,-1.3837767,-2.000584,1.4355663,-6.98139,-1.1029638,0.3180228,-4.4367056,-0.11803352,-0.8130348,2.39208,104
2.9854724,1.764655,-3.556688,1.6263262,-1.1273618,-1.6226957,-1.469954,-2.0698848,1.6023972,-6.6827955,-0.6891905,-0.0047591627,-3.6816564,-0.30751562,-0.91565245,2.15911,19
2.008929,0.8379896,-2.2023206,1.6940037,-0.73592615,-0.81342113,-1.146869,-1.5712557,0.31231645,-3.8143637,-0.5180417,-0.060029373,-1.972393,0.36160514,-1.182416,1.5854876,1
2.1203337,0.92022246,-2.426501,1.8770705,-0.9064249,-0.9087654,-1.2947061,-1.7848889,0.4294649,-4.313797,-0.5155506,0.012655333,-2.261567,0.20355943,-1.0935203,1.7327267,1
0.85946375,0.11326626,-1.5708333,1.6495785,-0.30503005,-0.77137774,-1.0425897,-1.49953,-0.25699508,-2.6893485,-0.4171507,0.043543264,-1.238586,0.3809591,-1.1606708,1.3967091,89
0.89184254,0.13788949,-1.6360291,1.6565453,-0.34164518,-0.79032975,-1.033817,-1.595888,-0.23752476,-2.7856648,-0.4241392,0.039795533,-1.3060181,0.32990992,-1.129689,1.4593159,89
1.0681343,0.19907326,-1.8260446,1.6573735,-0.35189056,-0.8470318,-1.1170039,-1.6906568,-0.19132848,-3.0519147,-0.39289743,0.08809663,-1.4850655,0.3156206,-1.1504133,1.4570236,8
1.5629215,-1.2895874,-1.9233085,1.2241311,0.42607972,-1.26625,-0.50939643,-1.0463269,-0.3628413,-3.1962552,-1.1873375,0.913334,-3.1832411,1.188515,-0.39588508,1.6240982,72
0.49936277,0.16822118,-1.3640126,1.3657498,-0.24745226,-0.72688395,-0.8608406,-1.2586432,-0.15706925,-2.2085018,-0.41009682,-0.17479186,-0.9016861,0.40631756,-1.1860547,1.3507562,89
0.8919508,0.38370097,-1.6607807,1.5224903,-0.38666588,-0.8323118,-0.95335996,-1.5446007,0.0058599412,-2.6290631,-0.32520446,-0.2160267,-1.1267781,0.34875098,-1.1445732,1.4583246,89
3.2915697,1.4109702,-3.5875335,1.6490072,-1.0824679,-1.6910039,-1.4431922,-2.0212302,1.3419868,-6.9109664,-1.0187467,0.33273882,-4.302609,-0.12505744,-0.8755541,2.2896712,104
0.78990096,-0.68374175,-1.5952845,1.4890151,-0.07726411,-1.0233746,-0.67468715,-1.2726407,-0.41042668,-2.6881075,-0.8934254,0.41370773,-1.827446,0.85100234,-0.77177966,1.498517,72
2.431667,0.7788806,-2.5435069,1.9867679,-0.81579995,-0.96166545,-1.31316,-1.6648381,0.30935162,-4.6506104,-0.6417099,0.26068497,-2.6904967,0.3168206,-1.0232381,1.7789615,1
1.285105,0.64282286,-1.9497864,1.5346814,-0.49681345,-0.80544347,-1.1824181,-1.7450755,0.009915605,-3.0440195,-0.31047285,-0.19742538,-1.322065,0.2537386,-1.3273711,1.4576312,1
3.0738983,1.8258388,-3.5065563,1.5582515,-1.1783631,-1.5664376,-1.4188488,-1.9260707,1.745275,-6.701096,-0.7409756,-0.054660544,-3.7614627,-0.44259408,-0.88219756,2.2179914,19
2.7633977,1.5334948,-3.1843898,1.9649314,-1.1576645,-1.3332722,-1.5088336,-1.9612753,1.2515788,-6.2184153,-0.523533,0.11156906,-3.367679,-0.23013452,-0.8820568,2.0296984,19
3.3891535,1.4973366,-3.6170762,1.7114044,-1.1172988,-1.7015679,-1.3890162,-1.9584649,1.4807738,-6.9326806,-0.9689987,0.27708393,-4.310983,-0.16801628,-0.7938962,2.3062904,104
2.974737,1.6576827,-3.414884,1.8810436,-1.0827734,-1.5079596,-1.4299204,-1.9276524,1.4721453,-6.5577545,-0.59206325,0.08635633,-3.6112792,-0.32717502,-0.7973343,2.123058,19
2.018152,0.91216743,-2.2139726,1.5763296,-0.70361423,-0.7933194,-1.1787932,-1.5453417,0.33509487,-3.7647548,-0.4906382,-0.10429173,-1.945201,0.29514822,-1.2846229,1.5381899,1
2.1336637,0.9662151,-2.4261663,1.7901088,-0.8459165,-0.8954078,-1.3298929,-1.7307446,0.41825452,-4.232397,-0.46398237,-0.016799748,-2.2142367,0.16384476,-1.1909072,1.6516453,1
0.8921084,0.14392094,-1.5561289,1.6715721,-0.26129764,-0.7496446,-1.0521097,-1.433794,-0.28608108,-2.6612277,-0.32896543,0.059972778,-1.2205895,0.32707378,-1.1736472,1.334932,8
0.9319219,0.19578648,-1.612642,1.6757058,-0.32967952,-0.7693976,-1.0568385,-1.5413617,-0.21396844,-2.7726216,-0.37342247,0.017086327,-1.2738951,0.27431014,-1.1595323,1.423009,8
1.1205121,0.23892795,-1.7890782,1.6612872,-0.3389452,-0.8251863,-1.1309543,-1.6450518,-0.18206455,-3.0077596,-0.35154673,0.06736095,-1.4610978,0.2753244,-1.1800299,1.4188241,8
1.3728194,-0.9510729,-1.8048766,1.3365641,0.18767416,-1.1313426,-0.6130022,-1.2270794,-0.39404315,-2.9924037,-0.9823087,0.66548365,-2.5850627,0.98534924,-0.6308643,1.5065457,72
0.54495686,0.22907212,-1.3875967,1.3803499,-0.20877352,-0.7002373,-0.8852665,-1.1988597,-0.17456912,-2.1841457,-0.3259329,-0.17169279,-0.8657502,0.33765674,-1.2062035,1.2851498,89
0.8871613,0.40714046,-1.6256903,1.4974155,-0.34426785,-0.8181541,-0.94842136,-1.4808997,0.011574239,-2.5716996,-0.25434202,-0.2291532,-1.0909314,0.28876755,-1.1721265,1.3894554,8
3.2949097,1.374785,-3.578666,1.7643777,-1.0145218,-1.6410815,-1.4401796,-1.9468031,1.2764914,-6.8078275,-0.9046446,0.3688519,-4.2147393,-0.14968687,-0.8329164,2.205094,104
0.75964737,-0.39248478,-1.6086899,1.4603997,-0.18125086,-0.91927826,-0.74910563,-1.311011,-0.3141446,-2.6618948,-0.7670417,0.24716367,-1.5547684,0.73132133,-0.9251738,1.4384679,72
2.5051582,0.92235357,-2.6042097,1.818009,-0.80193937,-0.98956615,-1.3393767,-1.6465319,0.42650425,-4.6224823,-0.62836695,0.15332995,-2.6818855,0.24405098,-1.1507819,1.7343271,1
1.3043424,0.6350329,-1.9217252,1.5673844,-0.45160276,-0.79227877,-1.2040772,-1.6767862,-0.027551949,-2.9989746,-0.2653654,-0.17323549,-1.3208176,0.19006631,-1.3454466,1.4160092,1
3.0947442,1.7750162,-3.4331675,1.8469242,-1.1436181,-1.4736017,-1.3999109,-1.8240929,1.6579131,-6.685479,-0.62992156,0.027332291,-3.704899,-0.4580896,-0.7625594,2.1835887,19
2.7215252,1.4404039,-3.1198254,2.125616,-1.0905226,-1.2190928,-1.5035641,-1.8776592,1.0642873,-6.0861325,-0.41237533,0.20153473,-3.2660694,-0.2838865,-0.8212003,1.9632365,104
3.347029,1.3723093,-3.5144804,1.9004656,-1.0414219,-1.5923603,-1.3932521,-1.8526963,1.2791765,-6.7349973,-0.87062365,0.36862856,-4.1993217,-0.20709197,-0.74196965,2.241688,104
2.9933817,1.58145,-3.2840016,2.0630403,-1.0480833,-1.4249296,-1.383467,-1.8091443,1.3701122,-6.3918247,-0.5467758,0.1624157,-3.5647635,-0.33549428,-0.7062084,2.1070275,104
2.107265,1.0018673,-2.2713325,1.4930134,-0.71531224,-0.8306878,-1.18664,-1.5559382,0.43622148,-3.8361835,-0.5134256,-0.15293288,-2.0400105,0.2020973,-1.3592434,1.5363375,1
2.2486567,1.0722364,-2.4838014,1.6584486,-0.83955884,-0.94099075,-1.3184726,-1.7437192,0.52607405,-4.2308903,-0.47276437,-0.08361027,-2.2802653,0.11005792,-1.2736137,1.6304508,1
0.9364663,0.18517846,-1.514875,1.6798762,-0.2683711,-0.74878365,-1.0152407,-1.371411,-0.23140614,-2.6610506,-0.28519416,0.04052563,-1.2523868,0.27065632,-1.167284,1.3089088,8
0.99708027,0.20377943,-1.6243557,1.7194203,-0.27232352,-0.7638027,-1.079169,-1.4670216,-0.28474385,-2.737438,-0.30852157,0.05430405,-1.2816529,0.24492419,-1.184243,1.3704726,8
1.1978623,0.25488627,-1.7892551,1.6534036,-0.29625484,-0.833596,-1.1155362,-1.5701401,-0.20121382,-2.9617867,-0.31303468,0.07180984,-1.4836713,0.2680255,-1.2121651,1.367337,8
1.3308907,-0.68051326,-1.7285054,1.395024,0.040999636,-0.98515815,-0.6938471,-1.3049124,-0.3993088,-2.852741,-0.7880194,0.51070493,-2.2278898,0.81284785,-0.7857071,1.4121189,72
0.603542,0.23959306,-1.3642946,1.3992249,-0.18092726,-0.6956154,-0.87209517,-1.1491832,-0.18223141,-2.1658936,-0.26537475,-0.15539426,-0.89035994,0.3051635,-1.2151418,1.222466,89
0.93148166,0.4573504,-1.611315,1.4898945,-0.33628672,-0.8212891,-0.93631554,-1.4397938,0.044469267,-2.534252,-0.20053914,-0.2583217,-1.1009803,0.21256742,-1.1931121,1.3598914,8
3.3019803,1.3113137,-3.5051985,1.90141,-0.95831287,-1.5794991,-1.434766,-1.8662654,1.1667018,-6.6545835,-0.8310854,0.43232995,-4.155553,-0.18700081,-0.7854197,2.1560712,104
0.75302994,-0.20133783,-1.6027678,1.4515635,-0.23598436,-0.8312337,-0.79031503,-1.2955211,-0.25381547,-2.6400037,-0.64971966,0.15942575,-1.388195,0.6370545,-1.0011721,1.3716904,89
2.5972369,1.0139874,-2.6401746,1.7085563,-0.80316436,-0.98967606,-1.3122575,-1.6436028,0.5011042,-4.6044044,-0.61776185,0.094274715,-2.723625,0.16802695,-1.2132344,1.69851,1
1.37887,0.6770918,-1.8870023,1.5725962,-0.46851265,-0.82239765,-1.1826108,-1.6181772,0.060404614,-3.0567353,-0.26955828,-0.17788182,-1.414305,0.1476104,-1.340761,1.4011778,1
3.1127567,1.6253767,-3.2845817,2.1691208,-1.07757,-1.3767526,-1.3871601,-1.7196416,1.4511006,-6.559797,-0.5718582,0.17165689,-3.6799216,-0.45959643,-0.6257169,2.196568,104
2.7994509,1.4869622,-3.1515405,2.0801468,-1.0735501,-1.2621889,-1.473136,-1.892426,1.1071322,-6.045055,-0.40771505,0.18985994,-3.3005173,-0.29247183,-0.8371966,1.9393426,104
3.3841271,1.3483381,-3.4954693,1.96078,-1.0001224,-1.5825558,-1.3788011,-1.803623,1.2343463,-6.635954,-0.82190955,0.41794252,-4.209533,-0.22236247,-0.71394414,2.2053337,104
3.0754223,1.5371617,-3.1681914,2.120685,-1.0551187,-1.4387375,-1.3114471,-1.7127366,1.3623183,-6.269019,-0.608372,0.17006977,-3.630762,-0.30196148,-0.6614631,2.1457822,104
2.1111922,1.0256257,-2.2640233,1.5579305,-0.7500926,-0.8059618,-1.2112792,-1.5427905,0.44818646,-3.9874806,-0.52785885,-0.11006378,-2.1054027,0.10336675,-1.3519127,1.5319222,1
2.3050983,1.1017364,-2.4733393,1.6433352,-0.86212194,-0.9539576,-1.2946546,-1.7232095,0.58740336,-4.3503113,-0.51427966,-0.068682045,-2.3886175,0.072649956,-1.2850909,1.623248,1
0.9315087,0.21483032,-1.4572984,1.6925935,-0.2910717,-0.78607786,-0.9987289,-1.2969395,-0.13486792,-2.7622957,-0.32261837,0.03962621,-1.310413,0.22313708,-1.1441119,1.3031081,8
1.0337394,0.2429191,-1.5702788,1.7154974,-0.28552803,-0.79727256,-1.022966,-1.3854148,-0.1880198,-2.76546,-0.30576742,0.022862107,-1.3383064,0.21234712,-1.1648889,1.3586124,8
1.235957,0.30513382,-1.7224264,1.6484939,-0.33346424,-0.87467,-1.0741255,-1.5015484,-0.09266646,-3.0007455,-0.3445487,0.037668258,-1.544925,0.23734066,-1.199553,1.3772715,8
1.3910421,-0.43921405,-1.7347404,1.395466,-0.04262723,-0.9498337,-0.71168154,-1.3581567,-0.3334989,-2.7767694,-0.6064985,0.38892633,-2.0525186,0.7169814,-0.88134545,1.3419842,8
0.59598994,0.2556533,-1.2926768,1.401146,-0.19485083,-0.7281282,-0.85757095,-1.0814493,-0.10635887,-2.2388053,-0.29971823,-0.1511999,-0.9382358,0.27190667,-1.196531,1.2012632,81
0.94742936,0.46554443,-1.5525391,1.4856815,-0.34335423,-0.85893285,-0.90796536,-1.3995059,0.1106157,-2.5823169,-0.22606851,-0.25699314,-1.1670122,0.17197311,-1.1815872,1.3521001,8
3.3577828,1.2721323,-3.452819,1.9465402,-0.93356216,-1.5643004,-1.370379,-1.7874238,1.1234316,-6.5572643,-0.801717,0.47847396,-4.2036877,-0.1751377,-0.73890233,2.1310012,104
0.81114376,-0.08110219,-1.6537467,1.446683,-0.20679873,-0.7996029,-0.833001,-1.2588569,-0.27750313,-2.5653038,-0.55311435,0.119687006,-1.2864021,0.5631268,-1.075144,1.2961905,8
2.6228735,1.0189568,-2.6259022,1.7399937,-0.83299875,-0.97838014,-1.3140042,-1.6457552,0.5099689,-4.7331867,-0.63867414,0.13576625,-2.8161871,0.10584746,-1.2143145,1.6912197,1
1.4135463,0.6979569,-1.8244613,1.5976262,-0.50255597,-0.851582,-1.1577771,-1.5472181,0.15653583,-3.199445,-0.32454982,-0.1406912,-1.5205312,0.1389313,-1.3076911,1.3927572,1
3.2224073,1.5527978,-3.1913612,2.2709436,-1.0572861,-1.4332017,-1.3281038,-1.6465148,1.4216071,-6.484939,-0.64588857,0.20585044,-3.8000996,-0.40578938,-0.56227314,2.2639263,104
2.8429573,1.4952232,-3.0621638,2.065205,-1.1090844,-1.2675667,-1.4011798,-1.8542768,1.1580642,-6.004663,-0.4587051,0.17651589,-3.356909,-0.29447743,-0.8131749,1.9579482,104
3.4272323,1.3303577,-3.429288,1.949267,-1.0233496,-1.5919476,-1.2847931,-1.7538929,1.2774707,-6.562157,-0.85258573,0.40713853,-4.265185,-0.2152918,-0.67704755,2.2135327,104
3.0936205,1.5236104,-3.0317235,2.0724673,-1.1118561,-1.4898093,-1.2155735,-1.579599,1.5039811,-6.267699,-0.7289896,0.14181508,-3.7438722,-0.3083705,-0.6096785,2.2150848,104
2.2068543,0.944239,-2.262983,1.6805121,-0.7307582,-0.7852221,-1.2159278,-1.5608611,0.34212482,-4.156814,-0.49441773,0.04665798,-2.2965314,0.022958621,-1.2389519,1.5132823,1
2.4269426,1.0139815,-2.3957527,1.7958676,-0.8568628,-0.93263143,-1.2674639,-1.6937762,0.50057703,-4.5311937,-0.5059376,0.09768234,-2.6276088,0.044354737,-1.1566193,1.6034272,1
1.0101345,0.17804511,-1.406247,1.8098794,-0.33018982,-0.7788826,-0.9947013,-1.3066698,-0.1549236,-2.882995,-0.31866917,0.11486958,-1.4525042,0.15904608,-1.0623441,1.3164592,8
1.0202311,0.28167352,-1.5267574,1.739988,-0.3185986,-0.87198967,-1.0206869,-1.3017186,-0.064152285,-2.914651,-0.37920338,0.018185362,-1.4091183,0.1666874,-1.1444981,1.372067,8
1.3933805,0.23018026,-1.621547,1.7428664,-0.35368565,-0.91259664,-1.0227617,-1.4704169,-0.06775929,-3.1490273,-0.37593436,0.13282342,-1.8117352,0.24687693,-1.1000669,1.3888832,8
1.4153473,-0.2858911,-1.7625834,1.3439201,-0.070347995,-1.0222123,-0.7367533,-1.4052596,-0.24557392,-2.761557,-0.5829407,0.28564608,-1.9720604,0.62598747,-0.97560966,1.3146869,8
0.57272655,0.2725883,-1.2431597,1.4553449,-0.21874487,-0.7895884,-0.8865455,-1.0429105,-0.04333876,-2.3609278,-0.36770678,-0.12219885,-1.0034562,0.20281357,-1.1650314,1.2164671,81
0.9173358,0.4494082,-1.4867157,1.5393417,-0.3546164,-0.8893434,-0.90143925,-1.339394,0.14398617,-2.6863847,-0.27378494,-0.20873503,-1.2272738,0.110247985,-1.1302567,1.3463856,8
3.3991277,1.3048174,-3.3774433,1.8961357,-0.9900098,-1.5640779,-1.2820063,-1.7267375,1.2091078,-6.51466,-0.8577208,0.44234812,-4.254611,-0.17438516,-0.71814936,2.1497557,104
0.8834837,0.0067163412,-1.6371187,1.3914312,-0.18627945,-0.7696288,-0.7936605,-1.2013005,-0.24562936,-2.487122,-0.46872696,0.07145913,-1.2582864,0.531653,-1.126423,1.2197154,8
2.7029967,0.90177333,-2.5988572,1.9037949,-0.81739354,-0.94284135,-1.2954209,-1.6336417,0.37457758,-4.8907585,-0.61437166,0.311664,-3.0188224,0.04406607,-1.0819564,1.6762388,1
1.3716438,0.6587234,-1.7365769,1.7329293,-0.5373334,-0.815226,-1.1650302,-1.4609269,0.12757832,-3.31219,-0.364316,-0.045410857,-1.5355816,0.07484588,-1.2232332,1.3693819,8
3.2248914,1.4882025,-3.0413432,2.234231,-1.0841303,-1.4919751,-1.2310927,-1.4916241,1.5323672,-6.466297,-0.77563167,0.21089251,-3.9299545,-0.3861485,-0.49558556,2.332527,104
2.8492026,1.5033443,-2.928089,2.0569177,-1.1658864,-1.2436396,-1.3161068,-1.7807522,1.2143247,-6.02595,-0.50959635,0.1917692,-3.4289494,-0.3089229,-0.7508621,1.9697814,104
3.4497159,1.344015,-3.340428,1.9141763,-1.0897194,-1.6016555,-1.2040548,-1.6781746,1.3556491,-6.6012473,-0.9247042,0.39244235,-4.3669896,-0.23219304,-0.6504172,2.2476993,104
3.3931289,1.4609339,-3.015633,2.293912,-1.1881729,-1.5705332,-1.192188,-1.5210174,1.4566343,-6.691793,-0.7824433,0.30700004,-4.2618203,-0.27029806,-0.4712531,2.3094394,104
2.3999493,0.8596968,-2.2729115,1.75814,-0.6483718,-0.73805434,-1.2532458,-1.6087927,0.22983144,-4.4585953,-0.42801762,0.33207458,-2.5999615,0.035795756,-1.1078887,1.3830185,1
2.5545044,0.9022532,-2.3213358,1.9141651,-0.7654617,-0.866813,-1.2827866,-1.6837204,0.3524562,-4.7174835,-0.44849533,0.35176617,-2.8308918,0.030046724,-1.0063083,1.4747887,1
1.2381423,0.103061765,-1.3625798,1.9246556,-0.33774108,-0.6694208,-0.98492014,-1.3461643,-0.30866665,-2.9835715,-0.2874912,0.28989607,-1.6667165,0.14353646,-0.9526804,1.2830908,8
1.2389985,0.20633714,-1.4286062,1.8909298,-0.3471654,-0.8125806,-1.0132811,-1.3527683,-0.1556062,-3.0261273,-0.35158974,0.17135875,-1.6656214,0.15236425,-1.0387174,1.3759742,8
1.6076002,0.18555279,-1.5193565,1.8759392,-0.35950017,-0.8387208,-1.0232952,-1.4870467,-0.1458878,-3.2422862,-0.35221398,0.2833796,-2.0040765,0.19593552,-0.96773934,1.3472841,8
1.4070182,-0.19367428,-1.7162765,1.3672413,-0.12329796,-1.058094,-0.7309345,-1.4344637,-0.15192564,-2.804089,-0.5162115,0.21717773,-1.9751313,0.50977373,-0.95940113,1.3068318,8
0.7769524,0.17755857,-1.1570233,1.5729681,-0.22784108,-0.6716246,-0.8722871,-1.0998013,-0.21396802,-2.392552,-0.30209476,0.02490446,-1.1947906,0.2313618,-1.0970414,1.1901138,89
1.129428,0.24983266,-1.3065013,1.7622756,-0.3404724,-0.73030627,-0.8705297,-1.3606944,-0.1219642,-2.6690133,-0.19993824,0.032732874,-1.4549023,0.120549306,-0.9642464,1.3015327,8
3.3698993,1.3185289,-3.2661867,1.8402842,-1.0528809,-1.5776931,-1.209718,-1.63054,1.3101068,-6.5337486,-0.9418174,0.4131757,-4.309797,-0.19628978,-0.70643127,2.1819148,104
0.84286577,0.047587752,-1.5533026,1.397668,-0.19481067,-0.77320564,-0.80911887,-1.1507604,-0.20140834,-2.5128393,-0.4767476,0.059855893,-1.2450738,0.47137362,-1.1485844,1.1959001,8
2.8675008,0.7906808,-2.6009276,1.9765908,-0.70215046,-0.9449132,-1.3243568,-1.6566433,0.25477672,-5.173027,-0.58467793,0.5955111,-3.327836,0.06900971,-0.9572328,1.5656868,104
1.7213016,0.49991056,-1.6786869,1.91842,-0.5359738,-0.69426274,-1.152065,-1.5101731,-0.07781513,-3.5105507,-0.3218845,0.24399199,-1.9322524,0.1440911,-1.0671973,1.3145862,8
3.5250304,1.3440086,-3.018907,2.4977074,-1.1797415,-1.5800564,-1.2201188,-1.423839,1.4403944,-6.868372,-0.8749301,0.40414065,-4.4922633,-0.32725042,-0.36793882,2.4539812,104
3.1314352,1.2835466,-2.881755,2.4244013,-1.1188043,-1.2716432,-1.3311143,-1.7575117,0.9712892,-6.417746,-0.49695623,0.5414818,-3.9429965,-0.25182816,-0.5267135,1.9854556,104
3.7899272,1.131641,-3.2931576,2.2859588,-1.0335665,-1.678144,-1.2746236,-1.7023369,1.1414346,-7.135203,-0.9432995,0.8042234,-5.0138545,-0.15568498,-0.44152892,2.253889,104
3.5756793,2.0134015,-3.35573,2.2153554,-1.3721838,-1.6323284,-1.3996763,-1.5943781,1.7728193,-7.3052907,-0.81353396,0.14144708,-4.4002733,-0.40023032,-0.6368201,2.4603164,19
2.4330065,0.81687796,-2.295093,1.8449606,-0.6139368,-0.757105,-1.419265,-1.7025621,0.12646112,-4.8598027,-0.4491346,0.5945863,-2.8250682,0.094057664,-1.1176691,1.3248217,1
2.6348565,0.89365923,-2.3659134,1.9245905,-0.71582544,-0.8698024,-1.4468362,-1.7551953,0.30734465,-5.122314,-0.46198177,0.6124047,-3.098155,0.08756827,-1.0169454,1.3911608,104
1.3467684,-0.17123541,-1.1937044,2.0243402,-0.21357635,-0.58065766,-1.0488555,-1.210994,-0.51668304,-2.9301496,-0.31794822,0.5653201,-1.8491284,0.28144544,-0.8277943,1.2004029,18
1.4987613,0.15945557,-1.3986659,1.926026,-0.32781953,-0.67408,-1.0180407,-1.4263295,-0.27250075,-3.1173418,-0.2848019,0.3494435,-1.8496398,0.12988424,-0.9244774,1.2692512,8
1.7160109,0.14441292,-1.5092862,1.8547863,-0.32106984,-0.72531015,-1.0530376,-1.5313985,-0.20090263,-3.3985386,-0.29856133,0.47424752,-2.1297307,0.17695552,-0.871039,1.2189119,8
1.4209173,-0.20213692,-1.6313093,1.33636,-0.06923368,-1.083871,-0.74169105,-1.4587599,-0.18195714,-2.7452745,-0.5058526,0.23491843,-1.9903365,0.42833155,-0.9469657,1.2658237,8
1.0112625,0.14266369,-1.1421143,1.6378287,-0.2568167,-0.5113399,-0.914346,-1.1551831,-0.36490816,-2.5114198,-0.2590917,0.20417245,-1.3894225,0.27999493,-1.0610974,1.132774,8
1.3960059,0.141001,-1.2652919,1.7592705,-0.29270124,-0.63596076,-0.9022213,-1.4139246,-0.23259865,-2.8219874,-0.1975,0.28934282,-1.7372292,0.18674195,-0.8597882,1.1948198,8
3.787199,1.2614777,-3.325984,2.1869555,-1.0674249,-1.6926574,-1.3226097,-1.6695126,1.1951035,-7.161482,-0.9886314,0.7199895,-4.9620986,-0.13261618,-0.57006466,2.2543447,104
0.8589173,0.046624914,-1.514904,1.461121,-0.19797665,-0.8169825,-0.85371673,-1.1640906,-0.19415684,-2.5611372,-0.48510826,0.07833134,-1.3065791,0.37431887,-1.1246593,1.2121843,8
2.9475868,0.8040281,-2.660641,2.0213752,-0.67516136,-1.0269157,-1.5226326,-1.7627819,0.22806263,-5.6641397,-0.6578736,0.84099114,-3.6343038,0.1271224,-1.0089427,1.5599012,104
1.8789192,0.5674426,-1.7450817,1.8915812,-0.55769175,-0.6756317,-1.3139021,-1.6306027,-0.117312446,-3.7716167,-0.3461437,0.3767686,-2.1049373,0.19403595,-1.1341226,1.2676952,1
3.6396048,1.9329572,-3.3356006,2.271018,-1.3745538,-1.6305486,-1.3914039,-1.5047369,1.8049538,-7.362181,-0.8941755,0.19118495,-4.534111,-0.43458194,-0.57342446,2.537851,19
3.298005,1.5419571,-3.1785297,2.4382582,-1.1562797,-1.38317,-1.5577116,-1.8710332,1.0578164,-6.9171023,-0.5115644,0.56279224,-4.153811,-0.28598148,-0.62873685,2.051627,104
3.99014,1.4041493,-3.5413077,2.291782,-1.0807304,-1.8327767,-1.4602666,-1.827346,1.2506737,-7.638018,-0.9630165,0.7986284,-5.2546186,-0.14033441,-0.5416604,2.3153858,104
3.6718085,2.3898804,-3.3992095,2.205493,-1.6370445,-1.7512672,-1.7059662,-1.8865306,1.9975246,-7.8316555,-0.8821262,0.1441689,-4.639264,-0.30155784,-0.8469184,2.532067,19
2.5238652,0.83276576,-2.315202,1.9873472,-0.6885725,-0.84228146,-1.5207546,-1.7844473,0.09299035,-5.1039457,-0.5363891,0.6393841,-2.961497,0.17816857,-1.1670525,1.392212,1
2.66259,1.0204018,-2.4914334,1.956901,-0.82245433,-0.8817921,-1.6500456,-1.9045868,0.29823864,-5.478364,-0.50906956,0.6473784,-3.2014763,0.15042308,-1.1891518,1.4218687,1
1.5150701,0.07662686,-1.3070177,2.2240396,-0.39184237,-0.50978297,-1.3265905,-1.4354811,-0.60200524,-3.1376023,-0.28746387,0.5022274,-1.773383,0.31384024,-1.0674651,1.1774188,8
1.5367945,0.050632283,-1.3239839,1.9473225,-0.2842487,-0.6029301,-1.127202,-1.4038942,-0.37297815,-3.1591806,-0.2876142,0.50281286,-1.9175317,0.2288552,-0.91102904,1.1666157,18
1.7019662,0.06938393,-1.4165541,1.9132961,-0.3388335,-0.6417636,-1.1942244,-1.5284014,-0.30226016,-3.467498,-0.3253409,0.58297575,-2.1615467,0.3176804,-0.93435663,1.1453964,18
1.6519089,-0.40896103,-1.4749491,1.3102,0.0314036,-0.97120255,-0.70276946,-1.4574499,-0.32555717,-2.845661,-0.4721166,0.5292583,-2.3716812,0.5357429,-0.8235246,1.1208671,79
1.2165613,0.1303082,-1.1815877,1.7187899,-0.27457097,-0.5151358,-1.0874405,-1.1955898,-0.47858483,-2.4894338,-0.29929778,0.2205198,-1.4204822,0.43660104,-1.1743555,1.1275432,8
1.4825691,0.037719622,-1.275251,1.7870337,-0.24384433,-0.6659455,-1.0844615,-1.449962,-0.34456122,-2.8746316,-0.25093767,0.40606278,-1.8396816,0.3594078,-0.92529905,1.1577294,8
4.0295734,1.6043955,-3.6703796,2.0937085,-1.1101874,-1.8923509,-1.5130188,-1.870296,1.3535308,-7.7001934,-1.0305997,0.66245705,-5.213573,-0.13914989,-0.7205694,2.360647,104
1.0030354,0.018150866,-1.424426,1.4936155,-0.1863785,-0.7563955,-0.85393333,-1.1813331,-0.2651587,-2.5764608,-0.44950387,0.16922806,-1.4609848,0.3806434,-1.0954258,1.1801211,8
3.0720422,0.9218277,-2.7191608,2.095553,-0.79343045,-1.0851253,-1.5721488,-1.818342,0.28590333,-5.957956,-0.7121024,0.81961596,-3.7887404,0.2142854,-1.0531578,1.6197823,104
1.9129599,0.5569802,-1.7287778,1.9736737,-0.5870843,-0.64506435,-1.5086069,-1.655255,-0.274176,-3.7400038,-0.3879481,0.36448532,-2.0776525,0.4184931,-1.3335166,1.2606834,1
3.6134334,2.26219,-3.231967,1.9732677,-1.588106,-1.7724158,-1.4767387,-1.6786356,2.1905732,-7.6069956,-0.99216914,0.097932115,-4.7157655,-0.3176267,-0.7140954,2.620206,19
3.4839718,1.8021116,-3.410653,2.3570333,-1.2151682,-1.4557639,-1.6745112,-2.01189,1.2593493,-7.253572,-0.55501556,0.46731138,-4.321022,-0.33579293,-0.7149889,2.1919873,104
4.221678,1.6328917,-3.696048,2.1996226,-1.1356469,-1.8873804,-1.5910423,-1.9804707,1.3637207,-7.8558245,-1.0392858,0.71312404,-5.4238157,-0.1209003,-0.6761943,2.4343455,104
3.4448104,2.2003362,-2.7718163,1.9496142,-1.7505656,-1.455198,-1.4291866,-1.8718969,1.9708902,-6.8970413,-0.98945665,0.04287666,-4.323476,-0.27722168,-0.88929874,2.4640045,19
2.4509819,0.8525838,-2.194962,2.1415877,-0.72513545,-0.8752876,-1.6547558,-1.6466867,0.14160573,-5.134113,-0.5272453,0.6636928,-2.9181225,0.26717672,-1.1616583,1.3602421,1
2.741458,1.1370326,-2.508615,1.9716753,-0.9521755,-0.93526554,-1.5656734,-1.845524,0.44651246,-5.681553,-0.54437816,0.5776662,-3.3021429,0.23846227,-1.146133,1.4595612,104
1.6363676,0.16897625,-1.4607582,2.4022613,-0.39655602,-0.69580424,-1.4601359,-1.4380966,-0.5496456,-3.4655716,-0.38178322,0.51271194,-1.8764561,0.32591274,-1.1079481,1.2137119,8
1.6171651,0.15706627,-1.364426,2.0965724,-0.3981832,-0.5437291,-1.3741145,-1.5402355,-0.55255777,-3.2132795,-0.30826342,0.45547444,-1.8142582,0.3689121,-1.1878831,1.1090479,1
1.6802437,0.13784003,-1.3862165,2.170382,-0.44055462,-0.58758307,-1.3858709,-1.5787535,-0.49787015,-3.4452133,-0.315772,0.53780216,-1.9498652,0.4112841,-1.1147614,1.0819145,8
1.9017717,-0.4222344,-1.5758533,1.2583904,0.022198454,-0.9839054,-0.8022552,-1.4971652,-0.3386224,-3.0922453,-0.565427,0.62100524,-2.6743386,0.5370683,-0.8467881,1.1613506,79
1.375929,0.20959958,-1.360114,1.9247204,-0.33758605,-0.59890753,-1.2599156,-1.329363,-0.4922868,-2.7243013,-0.3613609,0.20383702,-1.4943941,0.3998757,-1.2902348,1.1956886,8
1.6308887,0.14918815,-1.4820509,1.9858176,-0.3575216,-0.70683235,-1.3195157,-1.6501448,-0.4503913,-3.1073012,-0.2930575,0.34642416,-1.8740226,0.3522024,-1.1291553,1.2037961,8
4.108689,1.7915926,-3.6108696,1.9657003,-1.2240657,-1.8253951,-1.6438043,-1.9935789,1.4737965,-7.8035316,-1.0588205,0.6433644,-5.309071,-0.1808238,-0.82519597,2.3677952,104
1.2160672,-0.12105453,-1.3176004,1.5030185,-0.16713358,-0.5944368,-0.8933226,-1.192557,-0.4506262,-2.6053157,-0.44360548,0.38746744,-1.6820395,0.4430598,-1.0562495,1.0937426,72
2.9436905,1.0358518,-2.6823294,2.3236384,-0.8854327,-1.0733819,-1.751034,-1.7468449,0.38273907,-6.3006134,-0.6423719,0.9105191,-3.7742586,0.27490735,-1.0180998,1.5899546,104
1.9474865,0.76146996,-1.883323,2.000987,-0.6980486,-0.694355,-1.6730115,-1.8146181,-0.17560746,-3.9289582,-0.36710638,0.2609939,-2.033525,0.30769807,-1.4704666,1.2297949,1
3.37133,2.1641934,-2.6750102,1.7325703,-1.795834,-1.5269215,-1.2304542,-1.7162713,2.2262423,-6.797312,-1.130929,-0.103539765,-4.420931,-0.29953218,-0.8575537,2.6046388,19
3.5595584,1.9122411,-3.2186317,2.1588373,-1.2992563,-1.4332258,-1.6209407,-1.9702206,1.4485488,-7.194851,-0.63559127,0.41908342,-4.40694,-0.355126,-0.727118,2.1934395,104
4.212188,1.8028092,-3.5337157,2.233519,-1.3098987,-1.74715,-1.7631755,-1.9706845,1.4852326,-8.048955,-1.0755202,0.7904855,-5.4668226,-0.16427788,-0.7562701,2.3866794,104
3.2922266,1.990479,-2.4083836,1.6055276,-1.6014903,-1.3669302,-1.3096359,-1.8710175,1.8106719,-5.8831077,-1.0228043,-0.1569336,-3.9349208,-0.21007274,-1.0542905,2.327593,13
2.4480054,0.60462487,-1.7438897,1.4657277,-0.31854624,-0.9980951,-1.1294329,-1.2869078,0.31767952,-3.701159,-0.6733921,0.2818104,-2.616986,0.40473917,-1.0725057,1.4240948,1
2.7795727,1.1647689,-2.3426082,1.9256834,-0.9065602,-0.9627254,-1.602572,-1.7255678,0.5547958,-5.4324393,-0.6091019,0.52316254,-3.2288103,0.3641556,-1.1656642,1.4860494,104
1.5349425,0.093730755,-1.3123813,1.9283222,-0.08935838,-0.9265146,-1.1821504,-1.2113665,-0.3256563,-2.7857592,-0.48434627,0.19354708,-1.6873943,0.33726096,-1.0691018,1.2703424,8
1.5759861,0.1188963,-1.3299526,1.9795016,-0.2512039,-0.7208586,-1.3060973,-1.3759953,-0.41907614,-3.044849,-0.38165992,0.38063818,-1.7517142,0.3848021,-1.1575027,1.074142,8
1.6802838,0.040959112,-1.3012084,1.7610871,-0.18807304,-0.78681874,-1.1698558,-1.2947592,-0.27991682,-2.9921966,-0.4491235,0.36965233,-1.9227238,0.4925685,-1.0896802,1.0713879,8
2.0788581,-0.5262878,-1.5545936,1.8251702,-0.025546446,-1.0493544,-0.9848304,-1.3510097,-0.4222107,-3.3476846,-0.66729176,0.7828696,-2.8841236,0.60605603,-0.7072872,1.3419461,79
1.2224822,0.17308302,-1.1304094,1.6360077,-0.14412618,-0.7581351,-1.099429,-1.158746,-0.3061537,-2.2572162,-0.46459973,0.015979394,-1.2984849,0.34041038,-1.2252798,1.215263,8
1.5731128,0.23085584,-1.3975106,1.8352891,-0.28889668,-0.8347286,-1.2505236,-1.5165206,-0.19486503,-2.993345,-0.3779707,0.20793031,-1.7654799,0.30818465,-1.0909445,1.2190745,8
4.0689774,1.9722551,-3.2932954,2.3410401,-1.5160807,-1.5868617,-1.8835042,-1.9737992,1.5049897,-7.9550524,-1.0935557,0.7301781,-5.2516565,-0.19643307,-0.86987627,2.425116,104
1.4541649,-0.22248656,-1.3444784,1.5480541,-0.10938685,-0.63040733,-0.98180777,-1.1110421,-0.5690444,-2.4772823,-0.5164748,0.3870641,-1.7644385,0.6039334,-1.1248696,1.107811,72
3.037734,0.8540813,-2.3005135,1.9909796,-0.7005712,-1.0710586,-1.5127101,-1.5592393,0.41679245,-5.333706,-0.8427336,0.7209462,-3.6088367,0.34918925,-1.0140347,1.6789845,104
1.7778826,0.5931139,-1.3445399,1.3676163,-0.3419784,-0.7611298,-1.3118081,-1.480573,-0.04706405,-2.6799655,-0.51299524,-0.061743945,-1.6043172,0.4056848,-1.5074704,1.1870275,1
3.2489607,1.9629704,-2.3369532,1.600415,-1.6877384,-1.4110203,-1.126164,-1.7434541,2.0348632,-5.931666,-1.1183597,-0.21790607,-4.0328965,-0.25199026,-0.93356365,2.459889,13
3.389912,1.6988229,-2.5799997,2.0556998,-1.2260332,-1.2340524,-1.5852308,-1.7337072,1.2917358,-6.318763,-0.736641,0.36546504,-4.0844765,-0.17914987,-0.80564916,2.1412892,104
4.2315044,1.7272441,-3.0845804,2.0096455,-1.3086083,-1.5260633,-1.7377055,-1.7485168,1.378607,-7.3149786,-1.2858841,0.7055816,-5.3006754,-0.13414715,-0.92288405,2.4023337,104
3.2412927,1.871568,-2.39716,1.4238619,-1.5497122,-1.4474003,-1.332149,-1.9367781,1.6923612,-5.6145062,-1.0700505,-0.23406336,-3.8844824,-0.15620464,-1.2044528,2.255176,19
2.4984407,0.6271444,-1.7053349,1.2045739,-0.32874596,-0.95045257,-1.4865336,-1.5332935,0.1414994,-3.5179517,-0.8771915,0.26068354,-2.680384,0.4063985,-1.4995863,1.4824644,1
2.8242753,0.78223544,-1.7978908,1.2529815,-0.5088102,-0.9621385,-1.4054532,-1.4872452,0.41559923,-4.0160494,-0.9360106,0.34269565,-3.0688665,0.5220364,-1.3506725,1.54336,104
1.5987041,0.15329662,-1.3337665,1.5740223,0.030996725,-0.9649555,-1.2746835,-1.3141396,-0.3770793,-2.4572463,-0.57459897,-0.0042936504,-1.6132715,0.39899105,-1.3860714,1.310826,8
1.5377196,0.10131556,-1.127456,1.4504871,0.014949173,-0.9162125,-1.033947,-1.1735083,-0.18327333,-2.2722483,-0.50176156,0.040415347,-1.5599176,0.4359768,-1.1604407,1.1571609,8
1.7280389,0.060681246,-1.1111847,1.2043439,-0.0033426285,-0.8845092,-1.0620778,-1.2370275,-0.15890293,-2.2379894,-0.63870406,0.0676807,-1.7512679,0.580709,-1.2837238,1.1499823,1
2.2809703,-0.4391426,-1.6712192,2.0514083,-0.06627915,-1.2140325,-0.998962,-1.3890227,-0.2730083,-3.6304574,-0.7805129,0.75060815,-3.0664337,0.5203576,-0.6173324,1.5465697,18
1.2547679,0.17437106,-1.0848627,1.3314155,-0.05218374,-0.7971697,-1.1431241,-1.2653291,-0.35446203,-2.0159366,-0.5351405,-0.102038555,-1.2347745,0.436094,-1.4467907,1.1801404,8
1.6129671,0.27177286,-1.3639371,1.5210088,-0.10805833,-0.92232543,-1.3287768,-1.5392524,-0.1498122,-2.7005227,-0.505465,0.047328234,-1.6868318,0.37204713,-1.3262432,1.2614933,8
4.191429,1.8566668,-3.0943017,2.0930042,-1.3438247,-1.5459808,-1.8140459,-1.7795628,1.4093257,-7.3318305,-1.2658149,0.6307522,-5.1863008,-0.15858766,-0.9736287,2.4545774,104
1.5268043,-0.030983856,-1.3517003,1.6430148,-0.14314267,-0.681898,-1.0337908,-1.1255869,-0.39016742,-2.53697,-0.524693,0.27719867,-1.7253233,0.49922454,-1.1440749,1.1904993,8
3.069026,0.66247183,-2.041991,1.4004375,-0.47035065,-1.0759718,-1.5966775,-1.5835743,0.2502897,-4.4751472,-1.1079562,0.5529982,-3.555293,0.48198462,-1.408947,1.6887913,104
1.8077046,0.5463196,-1.3241073,1.0488378,-0.2546,-0.8162447,-1.4604454,-1.6018735,-0.18742572,-2.3699193,-0.67966986,-0.14854255,-1.5821517,0.5233278,-1.829493,1.1899481,1
3.2876291,1.8274087,-2.3680508,1.4923811,-1.6041389,-1.523261,-1.1583893,-1.8367501,1.8661841,-5.6724033,-1.1615386,-0.24456333,-4.0136743,-0.16134292,-1.0398681,2.3818798,19
3.4832902,1.5097916,-2.633044,1.7441021,-1.0598013,-1.2483392,-1.7698152,-1.8206608,1.044943,-5.9248023,-0.9552127,0.34556377,-4.151223,-0.11157949,-1.1603258,2.117722,104
4.159264,1.4052407,-2.8901427,1.717404,-1.0606529,-1.4969853,-1.7633414,-1.6701257,1.1150085,-6.6847577,-1.416644,0.68717515,-5.234322,0.029620185,-1.1125731,2.356366,104
3.015288,1.8744538,-2.341328,1.4760512,-1.6520175,-1.2895586,-1.4160678,-1.9702034,1.681055,-5.748894,-1.0116832,-0.18182594,-3.7955952,-0.22400036,-1.2688551,2.214924,13
2.5811062,0.5548885,-1.842954,1.1113702,-0.3702098,-0.9103874,-1.7344816,-1.7114935,-0.07424222,-3.6839898,-1.01564,0.31592,-2.892656,0.41526765,-1.785234,1.4897732,1
2.7712216,0.5830078,-1.7591399,1.104822,-0.43601835,-0.8996088,-1.6524601,-1.5679532,0.076267004,-3.7041807,-1.112483,0.34964556,-3.0738199,0.55454135,-1.6884878,1.5454596,1
1.7147979,0.20398453,-1.4927901,1.278354,0.020306006,-1.0036107,-1.5819931,-1.6402732,-0.47330785,-2.4952838,-0.6882993,-0.009515658,-1.7087183,0.44685996,-1.7713501,1.2419761,1
1.7084929,0.26362333,-1.3232498,1.1523976,-0.051606543,-0.91745657,-1.3798912,-1.537831,-0.29030257,-2.3166742,-0.6376518,-0.064977214,-1.6542757,0.4486385,-1.6393492,1.2065072,1
1.9469751,0.20135309,-1.3685777,0.91797054,-0.05567886,-0.90624076,-1.440244,-1.6145766,-0.3329168,-2.3018618,-0.8144129,-0.024272144,-1.9029297,0.6005147,-1.7970123,1.2091374,1
2.3023891,-0.4551131,-1.5793567,1.7397207,0.14563575,-1.3329334,-0.94207627,-1.3258771,-0.22182886,-3.208686,-0.93834096,0.5742357,-2.958452,0.60131973,-0.7722623,1.6081387,79
1.3874118,0.26347196,-1.270386,1.2105722,-0.10324073,-0.78828204,-1.4249742,-1.4970361,-0.46575767,-2.1318617,-0.6039285,-0.11316423,-1.3011593,0.43520612,-1.7641251,1.171545,1
1.7950463,0.3429671,-1.6565925,1.3767582,-0.10098228,-0.9518036,-1.6444788,-1.7807916,-0.32925636,-2.8376582,-0.60204124,0.03594683,-1.8272269,0.36603183,-1.689842,1.2820029,1
4.0060854,1.6754484,-3.0874166,1.8928167,-1.148842,-1.5565426,-2.014188,-1.8844337,1.1520014,-6.932872,-1.2971348,0.59703815,-4.990187,-0.10862385,-1.2640982,2.3538558,104
1.5718774,0.12770738,-1.4189621,1.6212298,-0.089009844,-0.89780766,-1.1228037,-1.2517002,-0.2147822,-2.7483287,-0.58458996,0.17893143,-1.7704896,0.38156125,-1.1767712,1.2943637,8
3.025548,0.47962996,-1.9972035,1.3027533,-0.44365075,-0.9666326,-1.7466643,-1.6180651,0.002830878,-4.359833,-1.2273159,0.6201396,-3.637728,0.45608908,-1.6049843,1.6836466,1
1.9238712,0.58936906,-1.4787527,0.93005025,-0.2604378,-0.8162912,-1.6368027,-1.681571,-0.25847983,-2.4812598,-0.76562,-0.175788,-1.7090958,0.5197799,-2.0436716,1.2206184,1
3.0712557,1.9070054,-2.382689,1.6422235,-1.7324157,-1.3642833,-1.3342638,-1.9312782,1.817712,-5.9136457,-1.0581853,-0.19618993,-3.8858528,-0.25255024,-1.1390073,2.337767,13
3.4202538,1.3039666,-2.5297663,1.6258832,-0.9430617,-1.1776472,-1.8241823,-1.7843467,0.8398236,-5.5848255,-1.0682304,0.4090988,-4.081946,-0.10537358,-1.2989206,2.071927,104
4.054233,1.2321823,-2.819546,1.6393238,-0.97823846,-1.4226328,-1.841677,-1.6929557,0.95624495,-6.437354,-1.4601241,0.7200568,-5.1735344,0.013867386,-1.2213056,2.343363,104
2.8852215,1.7326672,-2.1620977,1.2604779,-1.5774878,-1.1944846,-1.2965391,-1.8179132,1.680987,-5.4640126,-1.0659145,-0.1696687,-3.7320004,-0.1468317,-1.296071,2.1587968,13
2.4716692,0.49498585,-1.6723299,1.2647414,-0.44961113,-0.7510081,-1.7163255,-1.6133934,0.021108627,-3.8962488,-0.9930135,0.485583,-2.9452622,0.32605967,-1.6179335,1.4696088,1
2.7821748,0.4156521,-1.6397878,1.0067894,-0.4021272,-0.7687984,-1.6183529,-1.442033,0.05081901,-3.6988158,-1.2208387,0.4673369,-3.2410707,0.52820057,-1.6668859,1.550932,1
1.6336677,0.16661525,-1.3532536,1.0889082,0.04675941,-0.94470876,-1.5317934,-1.5619385,-0.35562193,-2.4087222,-0.7388403,0.03125152,-1.6785234,0.47112787,-1.7711527,1.1562898,1
1.8232216,0.27247435,-1.4440684,0.91025305,-0.030625448,-0.9412689,-1.5736089,-1.7177265,-0.3715539,-2.3331356,-0.75810313,-0.07335533,-1.7667897,0.49127638,-1.9133766,1.1830444,1
1.9553877,0.12734231,-1.3221084,0.72193646,-0.00731799,-0.88094455,-1.4921861,-1.6177644,-0.37182403,-2.1920922,-0.9184746,-0.007269174,-1.9422017,0.655008,-1.922097,1.1717298,1
2.470573,-0.23547688,-1.8657953,1.6411215,0.076334015,-1.3089256,-1.3780382,-1.6331154,-0.32017565,-3.5343978,-0.9859738,0.49813896,-3.0703516,0.5783155,-1.1895087,1.6098616,79
1.3654443,0.3373703,-1.2727915,1.1576982,-0.1146173,-0.7662129,-1.5554512,-1.518327,-0.34454626,-2.3367825,-0.62637854,-0.051918313,-1.3382956,0.38756177,-1.8235369,1.1236918,1
1.7719976,0.32491654,-1.6142707,1.2421883,-0.111034125,-0.86168,-1.7106464,-1.7850724,-0.3098836,-2.847704,-0.6356206,0.07277991,-1.8509493,0.35920358,-1.7730787,1.2306869,1
3.852538,1.6338354,-3.0971656,1.9385484,-1.1412238,-1.4786733,-2.1623693,-2.0187986,1.026387,-6.927751,-1.206547,0.5926482,-4.858753,-0.16301313,-1.3697214,2.3014476,104
1.7248957,0.3195403,-1.6764305,1.5612519,-0.099031344,-0.97477835,-1.4055581,-1.5373528,-0.3122133,-3.0193427,-0.59748715,0.10237889,-1.8427334,0.35265812,-1.4725947,1.3335998,8
2.9614959,0.58119786,-2.0180387,1.6787962,-0.6360294,-0.8446537,-1.9309349,-1.7147467,0.054386795,-4.947252,-1.1469315,0.775314,-3.7108445,0.3219742,-1.5426235,1.7136421,1
1.809614,0.53688514,-1.3234745,0.9711758,-0.28098723,-0.7379179,-1.617749,-1.5794066,-0.12470205,-2.5988045,-0.7790333,-0.068882,-1.7119296,0.5193059,-1.9439595,1.1710416,1
2.8411422,1.8175331,-2.2043555,1.4493294,-1.6990868,-1.2338616,-1.2666547,-1.8133086,1.8045762,-5.645493,-1.0541022,-0.21068768,-3.714356,-0.18689758,-1.2125409,2.2467587,13
3.2277188,1.1403507,-2.2960465,1.5931377,-0.91347575,-0.9777468,-1.8030963,-1.6954248,0.7105904,-5.3284597,-1.0368347,0.4687338,-3.9258587,-0.100938305,-1.3061163,1.978557,104
3.7886755,1.133223,-2.587446,1.6643261,-0.99748874,-1.1663358,-1.8633654,-1.6620723,0.87997276,-6.2386026,-1.3684443,0.77106553,-4.910196,0.010767423,-1.237016,2.2313337,104
2.8068006,1.649378,-2.087726,1.2963983,-1.5427144,-1.0695696,-1.2531657,-1.7041367,1.5959002,-5.3786154,-1.0409545,-0.121965155,-3.6664722,-0.150354,-1.2602148,2.1496174,13
2.5560753,0.6623501,-1.7610736,1.7031804,-0.51516074,-0.7333851,-1.7632263,-1.6073531,0.11146741,-4.2359743,-0.8916734,0.5475137,-2.8939314,0.31772596,-1.4527783,1.5369264,1
2.741716,0.45063838,-1.6306603,1.4139442,-0.5086558,-0.6593671,-1.6642358,-1.4342682,0.1249808,-4.1670933,-1.126231,0.66706157,-3.2658803,0.47854078,-1.4614222,1.5402828,1
1.6690352,0.34168276,-1.4732755,1.3986101,-0.041194417,-0.93561554,-1.5515585,-1.518724,-0.22044398,-2.8543673,-0.6629691,0.09159158,-1.7094357,0.44473994,-1.6353369,1.1901066,1
1.7146177,0.24186565,-1.3115692,0.90869343,-0.032184586,-0.89119613,-1.525054,-1.6189266,-0.2332346,-2.3813336,-0.772949,-0.0021945238,-1.7365092,0.47995925,-1.8194652,1.1342951,1
1.9027244,0.14549062,-1.2583731,0.8352095,-0.026952207,-0.8400939,-1.4589105,-1.5243187,-0.22789545,-2.3626065,-0.9074287,0.0788946,-1.9462115,0.6326602,-1.7873905,1.1540693,1
2.5529127,-0.11520161,-2.0336356,1.7358807,-0.03037946,-1.1626135,-1.6574197,-1.7629936,-0.35437673,-4.0486984,-0.9431044,0.59118253,-3.2610044,0.46437484,-1.3303442,1.6051143,79
1.4594666,0.52710205,-1.4522381,1.3832607,-0.16798875,-0.790679,-1.6265926,-1.5385507,-0.20234574,-2.8430028,-0.56972194,0.013895467,-1.4312389,0.34170228,-1.7567949,1.1404885,1
1.7556453,0.38070038,-1.5987792,1.3693357,-0.1516966,-0.80438215,-1.7140269,-1.7298892,-0.20096646,-3.0634856,-0.60574484,0.1402146,-1.8630487,0.31963408,-1.6776354,1.2217916,1
3.642799,1.6386234,-2.994643,2.1584282,-1.2385993,-1.2055304,-2.2457254,-2.0312946,0.98372185,-7.175557,-1.0337949,0.6959057,-4.7387295,-0.22552907,-1.3198547,2.236172,104
1.8126105,0.4558271,-1.9275775,1.5990832,-0.21329956,-0.9853954,-1.758678,-1.7864716,-0.35413492,-3.5018134,-0.62568086,0.17079617,-2.0090559,0.2946625,-1.7252796,1.3280324,1
3.0156987,0.6098431,-1.9642798,1.9557046,-0.606658,-0.77927727,-1.8464401,-1.5952871,0.11021659,-4.952979,-1.0960734,0.86431634,-3.6085048,0.33141023,-1.3217721,1.7364866,104
1.8590938,0.65949255,-1.411876,1.362392,-0.34572935,-0.7030394,-1.641736,-1.5314425,-0.023682967,-3.0350637,-0.6977271,0.04169917,-1.7367871,0.50197345,-1.7679546,1.199766,1
2.7008235,1.6999573,-2.0548153,1.4454695,-1.6537195,-1.0645145,-1.2195294,-1.7152534,1.6527164,-5.3874364,-0.99913406,-0.18620147,-3.5411828,-0.19427404,-1.2070954,2.1837647,13
3.1767747,1.158363,-2.363655,1.8344225,-0.9645932,-0.83875406,-1.951307,-1.8416474,0.511983,-5.4464703,-0.93027985,0.48245424,-3.802433,-0.12141165,-1.3808954,1.9656291,104
3.7171938,1.1290694,-2.539294,1.8088092,-1.032301,-0.96366614,-1.8800793,-1.6723052,0.7618978,-6.288177,-1.2681117,0.81806016,-4.7985177,0.009626113,-1.2200005,2.1960497,104
2.804019,1.5975603,-2.145498,1.4144343,-1.4727451,-1.0525167,-1.2979407,-1.7136495,1.5397596,-5.5026765,-1.00297,-0.018720895,-3.6793509,-0.16484636,-1.2038405,2.1365116,13
2.814089,0.93703896,-2.2156227,2.2403922,-0.58407676,-0.8475601,-1.968921,-1.7726109,0.1245404,-4.9550743,-0.79887223,0.56981164,-3.0200953,0.30590788,-1.4275372,1.6696627,1
2.8778067,0.5864181,-1.76536,1.8478686,-0.55023885,-0.68604445,-1.7355669,-1.503187,0.118261,-4.410993,-1.065681,0.7081779,-3.2149432,0.44578236,-1.3450603,1.6270348,1
1.8362263,0.54986966,-1.738913,1.7889482,-0.04946275,-1.0097543,-1.658546,-1.4921043,-0.22919618,-3.278022,-0.6467919,0.10625376,-1.7540685,0.46069926,-1.6186161,1.3027301,1
1.7763629,0.46267658,-1.510897,1.3251605,-0.11847019,-0.90483296,-1.6052043,-1.6021613,-0.12496407,-2.9337614,-0.67563176,0.0763316,-1.7680938,0.44740003,-1.6923819,1.1848841,1
1.9737707,0.35293412,-1.4629797,1.3187867,-0.07978862,-0.8859873,-1.5694098,-1.5226836,-0.17729501,-2.8711355,-0.81985873,0.17151971,-1.9286438,0.5977948,-1.6607246,1.2102281,1
2.5358891,-0.0899707,-1.9644831,1.6736525,-0.041891232,-1.0859797,-1.6730294,-1.7174811,-0.30020308,-4.0275793,-0.9664612,0.6271504,-3.236493,0.4324196,-1.351728,1.5709574,79
1.6117077,0.75372183,-1.7001259,1.7373723,-0.18670517,-0.8738825,-1.7205684,-1.5123639,-0.14984648,-3.3084133,-0.541343,0.01596737,-1.4985421,0.34784183,-1.7245007,1.24388,1
1.9065305,0.5690724,-1.7845379,1.7760051,-0.18543623,-0.8594009,-1.783026,-1.6925402,-0.18314089,-3.463495,-0.5700692,0.18917193,-1.8922035,0.29881033,-1.5827584,1.3115911,1
3.6434402,1.5756432,-2.9226754,2.151772,-1.1131681,-1.12765,-2.1471407,-1.918606,0.917512,-6.8970265,-1.0309062,0.6987419,-4.592004,-0.17964387,-1.2633042,2.2275963,104
1.810876,0.5251469,-1.9005289,1.5940096,-0.24673486,-0.92378885,-1.8283141,-1.7970184,-0.24384712,-3.6644247,-0.61111414,0.23833655,-2.0308096,0.23021215,-1.7280862,1.2817432,1
3.218615,0.76013565,-2.2901118,2.3468037,-0.5966256,-0.86080545,-1.9753819,-1.7395345,0.081242144,-5.338181,-1.0302765,0.88218665,-3.6422389,0.3277351,-1.2748117,1.8300041,104
1.9647447,0.79177743,-1.5664717,1.7770663,-0.3516537,-0.78251064,-1.7158208,-1.5083975,-0.031418696,-3.3622444,-0.6710614,0.07501672,-1.7309004,0.49110532,-1.6847184,1.2850516,1
2.6939116,1.5891267,-2.0644364,1.4527209,-1.49027,-1.022238,-1.2809746,-1.690905,1.46778,-5.2114315,-0.96774936,-0.12887079,-3.4414945,-0.1921174,-1.2314847,2.1216483,13
3.238873,1.1705087,-2.4924,1.9885801,-0.91214776,-0.86531186,-1.9741523,-1.9132357,0.4461531,-5.5282536,-0.89091575,0.5246896,-3.7635107,-0.12188235,-1.3362262,1.9741277,104
3.7317414,1.0541769,-2.59452,1.8560568,-0.8786218,-0.9803409,-1.8787386,-1.713665,0.61377645,-6.122866,-1.2761339,0.8641474,-4.6582017,0.054206386,-1.2198064,2.178722,104
2.8726268,1.6552702,-2.319931,1.6150821,-1.4621238,-1.0654651,-1.3687689,-1.7914188,1.5271046,-5.7977505,-0.942605,0.047814637,-3.7241905,-0.20217167,-1.148241,2.16542,13
3.1573362,1.0847259,-2.6769876,2.6962352,-0.5535222,-1.0226395,-2.0403655,-1.7808019,0.18217587,-5.6200275,-0.7853957,0.60720074,-3.2806425,0.34809083,-1.3010635,1.8475409,1
3.212255,0.77502924,-2.2464461,2.23555,-0.5353344,-0.82787323,-1.892844,-1.6697133,0.10348775,-4.990144,-1.0254577,0.7171066,-3.4032936,0.46108818,-1.3304055,1.7599974,1
2.0254133,0.62658924,-2.0005794,2.1415114,0.055957288,-1.1487701,-1.6682351,-1.3734663,-0.22219966,-3.6164238,-0.67236173,0.12300132,-1.8617952,0.49296725,-1.5166845,1.4569815,8
1.9284972,0.67136407,-1.7785263,1.8165368,-0.13224187,-0.99472773,-1.7088375,-1.5796578,-0.13917054,-3.3897326,-0.6272897,0.10086016,-1.7881451,0.43498266,-1.6193752,1.319447,1
2.1360016,0.5486829,-1.6874455,1.8385347,-0.115166984,-0.9782104,-1.6661379,-1.5100049,-0.17394097,-3.2944787,-0.77841365,0.18733679,-1.9448694,0.56317854,-1.5589879,1.359615,1
2.575105,-0.05430527,-2.0160477,1.9052187,-0.01815486,-1.0393059,-1.6773,-1.6706485,-0.34342206,-4.0808916,-0.9240886,0.6601016,-3.1467667,0.44083375,-1.2710719,1.5894765,79
1.78184,0.8531518,-1.9306213,2.0696945,-0.090258576,-1.021343,-1.7359571,-1.3817022,-0.1206602,-3.6594691,-0.58184576,0.0070028305,-1.5984683,0.3900258,-1.6450078,1.3930736,8
2.125425,0.72121155,-2.0213432,2.1655908,-0.14438532,-0.98890924,-1.8026662,-1.5939608,-0.17993404,-3.8021858,-0.58747524,0.17263885,-1.9589615,0.3195271,-1.4974482,1.4654237,1
3.8448715,1.5804869,-3.1629412,2.1502595,-0.92727256,-1.2224482,-2.1472957,-1.8910217,0.85421,-6.912493,-1.1103485,0.7317335,-4.6474824,-0.15474269,-1.2594895,2.287459,104
1.9066013,0.65374434,-2.0175529,1.7596275,-0.24734277,-0.93801314,-1.8654706,-1.814306,-0.17062165,-3.920853,-0.5703542,0.27283925,-2.0619695,0.21245912,-1.6788721,1.3073993,1
3.6039913,0.82102734,-2.7527487,2.545004,-0.45324674,-1.0226572,-1.9899504,-1.7536008,0.12596563,-5.747595,-1.0519767,0.9045458,-3.9480326,0.37203556,-1.1723406,1.9778965,104
2.1715493,0.82809466,-1.7694944,2.07857,-0.26733285,-0.87939614,-1.699341,-1.3930613,-0.04609932,-3.628286,-0.7079717,0.12255494,-1.8247279,0.5759656,-1.5837827,1.3721341,1
2.737026,1.5934856,-2.1744087,1.5488403,-1.404072,-1.0296171,-1.352814,-1.7183421,1.4083997,-5.32069,-0.92313987,-0.08613372,-3.4247036,-0.19820341,-1.2184331,2.1161406,13
3.432305,1.2501695,-2.8450294,2.1343217,-0.8416488,-0.974535,-2.067427,-2.0414596,0.44783926,-5.920471,-0.87832636,0.5806848,-3.9186423,-0.10560231,-1.3189137,2.0237286,104
3.9774523,1.1817623,-2.944625,2.0176964,-0.8199817,-1.0855633,-1.9347994,-1.7709615,0.65133816,-6.482559,-1.3064868,0.9028748,-4.80605,0.03421185,-1.1714461,2.296273,104
2.8981395,1.6682699,-2.4783473,1.8282784,-1.4316101,-1.0870461,-1.3723009,-1.8700742,1.4715997,-5.998463,-0.8789492,0.088904366,-3.7175713,-0.25650477,-1.0617146,2.210035,13
3.3939183,1.071283,-2.8587615,3.0439215,-0.50890255,-1.1124884,-1.8807003,-1.5512702,0.3565446,-6.01757,-0.8372818,0.6622696,-3.535596,0.4083164,-0.9788032,2.0424948,104
3.4540615,0.8414683,-2.4265308,2.5661998,-0.51838017,-0.9146021,-1.7673581,-1.5164438,0.2674521,-5.336052,-1.0297493,0.710111,-3.5808923,0.47787976,-1.0654047,1.9310927,104
2.210323,0.6066886,-2.1771119,2.5789614,0.14630568,-1.3236352,-1.5382102,-1.1079205,-0.039634362,-4.1028185,-0.76709294,0.15520136,-2.1237102,0.49096066,-1.1911514,1.7176974,8
2.1729681,0.7713237,-2.1271245,2.3147187,-0.04949116,-1.1526282,-1.7508235,-1.4710228,-0.1084003,-3.9568176,-0.6298115,0.16345103,-1.9840032,0.42853147,-1.4525795,1.5164914,8
2.401325,0.6074129,-1.9990269,2.328977,-0.044784322,-1.1054941,-1.6638186,-1.4064406,-0.15768789,-3.7882824,-0.7793578,0.2620784,-2.1427834,0.5557828,-1.3496592,1.5490448,8
2.756483,0.015809504,-2.2214825,2.1608152,0.058488384,-1.1256229,-1.7187967,-1.6483762,-0.38061744,-4.2486987,-0.93323123,0.6291702,-3.189443,0.4560722,-1.2316866,1.6908058,79
1.9604024,0.84958905,-2.0863628,2.4603434,-0.00926058,-1.1973559,-1.6197834,-1.1441015,0.072308764,-4.110087,-0.6876889,0.003461942,-1.8383476,0.39802307,-1.3709395,1.6435274,8
2.3651738,0.78095466,-2.2454603,2.5897536,-0.0689319,-1.1519556,-1.7245584,-1.3881181,-0.0581903,-4.249282,-0.6493024,0.17552303,-2.1643848,0.3361297,-1.2656317,1.6957897,8
4.1248927,1.703983,-3.5320737,2.3287792,-0.83734584,-1.3466381,-2.208562,-1.9178379,0.9108461,-7.2966895,-1.1545898,0.7683045,-4.8407326,-0.17633212,-1.1979175,2.4273272,104
2.042678,0.8149375,-2.225719,2.0572953,-0.22619294,-1.014697,-1.9356742,-1.7950184,-0.13820119,-4.2627134,-0.54392743,0.25865453,-2.1138375,0.22584817,-1.64359,1.4014461,1
3.8226457,0.91908383,-2.9699945,2.8831673,-0.4617763,-1.0951666,-1.8331811,-1.5633606,0.3547538,-6.205844,-1.0620071,0.87808454,-4.160793,0.40817273,-0.879906,2.1968594,104
2.342874,0.7463231,-1.8214267,2.4471107,-0.22815275,-0.9594994,-1.5238907,-1.1510642,0.0888682,-3.8778777,-0.79772675,0.17353185,-2.015557,0.6086891,-1.2575564,1.5709249,8
2.7642248,1.6049356,-2.2964706,1.7721213,-1.3771576,-1.0349051,-1.3542073,-1.7993935,1.3556824,-5.497047,-0.85279953,-0.049040064,-3.4020307,-0.25997937,-1.1213346,2.1602116,13
3.5227704,1.3259422,-2.9661684,2.3006163,-0.871263,-1.006762,-1.9997933,-2.0526707,0.6233296,-6.210193,-0.8757833,0.5596743,-4.0186906,-0.13833703,-1.1531839,2.1282825,104
4.0046635,1.2028483,-3.1413562,2.0692105,-0.7097758,-1.1306633,-1.9246724,-1.8548543,0.6700781,-6.5628586,-1.257837,0.8611239,-4.761605,-0.0070750043,-1.1098323,2.3227978,104
2.9390707,1.7287518,-2.591653,1.8894168,-1.4783752,-1.1755015,-1.3507674,-1.8983605,1.6747061,-6.345284,-0.9922997,0.1101013,-3.8526626,-0.24205753,-1.0160758,2.2939377,13
3.5327325,0.8359096,-2.7861562,3.10784,-0.43601143,-1.1230371,-1.61625,-1.248704,0.46191335,-5.8811646,-1.026043,0.7164759,-3.7406375,0.5253833,-0.7232417,2.204103,104
3.7519152,0.8142109,-2.5710049,2.8943262,-0.5103272,-0.9873519,-1.545531,-1.2336069,0.49697053,-5.7544265,-1.1453509,0.7599437,-3.9589498,0.536736,-0.7085865,2.207626,104
2.4291892,0.50849605,-2.2684927,2.9906974,0.21231636,-1.4823095,-1.309309,-0.7424275,0.16626158,-4.4766283,-0.9299922,0.16657077,-2.4591334,0.48742688,-0.78780967,2.038964,8
2.4068856,0.76164454,-2.352074,2.8050685,0.035020024,-1.3274865,-1.6043756,-1.182777,0.09406896,-4.5424023,-0.72133243,0.19061531,-2.3019886,0.4152065,-1.0894065,1.8198301,8
2.5834694,0.53972876,-2.130258,2.7490926,-0.02164951,-1.2226412,-1.4899313,-1.1516273,0.029092193,-4.2361665,-0.8793986,0.3124922,-2.4231129,0.5594582,-0.9854911,1.7961737,8
3.0102267,0.049127236,-2.4040806,2.353869,0.13788575,-1.2369221,-1.6734967,-1.5390013,-0.32689637,-4.4153337,-1.0212579,0.60807073,-3.3426824,0.51302373,-1.1204095,1.8313882,79
2.1734426,0.68561935,-2.1384537,2.7839684,0.094317496,-1.3436716,-1.3930769,-0.81916213,0.2298054,-4.334301,-0.8433934,0.04688251,-2.140764,0.43989247,-0.9967086,1.8919283,8
2.5800326,0.7060998,-2.3604488,2.9906454,-0.0006169528,-1.3150771,-1.510824,-1.0638165,0.1789428,-4.692491,-0.79100007,0.2001297,-2.497401,0.3633495,-0.89185995,1.9838194,8
4.135763,1.8347561,-3.6741922,2.4018726,-0.84120834,-1.3753545,-2.1645746,-1.920502,1.1443901,-7.5617104,-1.1493235,0.6784807,-4.8614383,-0.2282281,-1.1027222,2.5259743,104
2.218744,0.8475069,-2.4257169,2.3373141,-0.10824123,-1.1497949,-1.9016149,-1.6727443,-0.14211108,-4.4699497,-0.5728905,0.25164926,-2.1837575,0.28349155,-1.5291057,1.5164485,8
3.9212184,0.84147877,-2.9923398,2.9781203,-0.4021128,-1.1192192,-1.6361194,-1.3152826,0.50661176,-6.2849317,-1.1530154,0.88881445,-4.304662,0.5108232,-0.6585607,2.3268669,104
2.5201154,0.5340863,-1.8482335,2.6959023,-0.190893,-1.003948,-1.3789566,-0.9269804,0.1553568,-3.9760556,-0.9684018,0.28078926,-2.284189,0.63167036,-0.9737227,1.7580287,8
2.7752836,1.6712605,-2.4016278,1.8740567,-1.4317166,-1.1047455,-1.3683329,-1.878151,1.526918,-5.8730526,-0.9260597,-0.031292945,-3.499486,-0.27099013,-1.0858277,2.2305617,13
3.5159755,1.4440588,-2.8807578,2.5178142,-1.0312847,-0.99208015,-1.8431809,-1.9668868,0.9275261,-6.446579,-0.92207086,0.4750604,-4.0291805,-0.16816145,-0.94217616,2.283772,104
3.9428406,1.3823385,-3.168873,2.049529,-0.8071494,-1.1129229,-1.8524783,-1.8549643,1.0130701,-6.7668347,-1.2753179,0.71904576,-4.742584,-0.09055641,-1.0314667,2.4165974,104
2.8766298,1.7715904,-2.6139889,1.9554118,-1.5414761,-1.1895862,-1.299911,-1.916048,1.7814589,-6.4483037,-1.009762,0.070574984,-3.7753143,-0.19055253,-0.98270214,2.29284,13
3.2903643,0.5154453,-2.5607865,2.6993575,-0.31306088,-0.9305029,-1.553529,-1.1612045,0.30109984,-5.203902,-1.162035,0.75354636,-3.6440535,0.62717414,-0.7777025,2.121249,18
3.8344898,0.5397066,-2.6153903,2.7809968,-0.36991727,-0.9073667,-1.4636915,-1.0624638,0.41694558,-5.557332,-1.3081812,0.8478023,-4.204724,0.62869966,-0.62370795,2.3289351,104
2.3342605,0.33925724,-2.239821,2.939993,0.101222664,-1.4064059,-1.4046597,-0.9084587,0.05546172,-4.319538,-1.0165911,0.28758776,-2.4916298,0.46160698,-0.7595625,1.9955792,8
2.594371,0.635552,-2.388723,3.102592,0.056789666,-1.4451094,-1.3930554,-0.8992543,0.26566797,-4.769866,-0.904716,0.2041897,-2.580928,0.45464236,-0.7600791,2.075754,8
2.6051428,0.38610914,-2.0621996,2.8443089,-0.09000874,-1.2135209,-1.39382,-1.0449759,0.10782939,-4.2021084,-1.0553727,0.36088634,-2.5617058,0.5682221,-0.80576223,1.9252033,8
3.10496,0.033863503,-2.3271167,2.608768,0.12039128,-1.3334801,-1.4562263,-1.298166,-0.13938941,-4.482555,-1.1377863,0.5648854,-3.3989713,0.5573751,-0.8455035,1.9955429,79
2.06166,0.42262816,-1.9900901,2.6738992,0.04076603,-1.2945875,-1.4013162,-0.91999614,0.13514926,-4.005122,-0.97264427,0.17309012,-2.1571264,0.46700305,-0.9085687,1.8434039,8
2.6294622,0.5038213,-2.3347647,3.0507407,-0.011529386,-1.3176808,-1.4214053,-0.9889058,0.15793993,-4.588284,-0.9409835,0.26064748,-2.658955,0.40048435,-0.72912747,2.0906398,8
4.0330567,1.9386184,-3.6462448,2.3252072,-0.8903712,-1.3466388,-2.0750914,-1.862729,1.4303186,-7.6519823,-1.2020596,0.608055,-4.8106184,-0.23090117,-1.0641615,2.565228,104
2.3534338,0.83125156,-2.4698272,2.6698995,-0.10192166,-1.2573315,-1.7473269,-1.4510305,0.056096718,-4.7591324,-0.6750457,0.24437948,-2.3408005,0.30611125,-1.2445319,1.7177765,8
3.7372625,0.6086375,-2.849112,2.742979,-0.30184698,-0.97575366,-1.5369709,-1.1978219,0.37272966,-5.7397456,-1.250109,0.87812567,-4.1849875,0.6042762,-0.6685348,2.3331099,104
2.3892324,0.2876901,-1.8301145,2.5833163,-0.22580296,-0.89892215,-1.4409359,-1.0154744,0.0340299,-3.8305836,-1.0555148,0.40550923,-2.377682,0.6211595,-0.93694115,1.7271888,18
2.7644837,1.7097075,-2.4638367,1.9480983,-1.4927939,-1.156516,-1.3373699,-1.923142,1.6475124,-6.0860505,-0.9695088,-0.035988122,-3.5213497,-0.23988067,-1.0455999,2.2478607,13
3.622678,1.4947101,-3.0522413,2.7873454,-1.0219786,-1.0003577,-1.8218195,-1.8678644,0.9200408,-6.6994143,-0.8999704,0.5215495,-4.080814,-0.069902495,-0.8230107,2.344122,104
3.8004618,1.4613918,-3.1766796,2.0678616,-0.7911037,-1.0264685,-1.8109705,-1.8039169,1.0297718,-6.638153,-1.1909373,0.6288746,-4.480583,-0.055722956,-1.0255446,2.3690274,104
3.172305,1.6544086,-2.1594844,1.4150847,-1.4012635,-1.2919527,-0.6777727,-1.6245886,2.097335,-5.5930395,-1.2478995,-0.047292918,-3.9111176,-0.20537463,-0.64089096,2.3777578,13
3.01283,0.4038155,-2.4523447,2.4838119,-0.48533857,-0.97911686,-1.220092,-1.5320076,0.18448973,-5.026413,-0.90306914,0.7171353,-3.5613675,0.63208914,-0.5649023,2.0582526,104
3.5502858,0.3884818,-2.3538494,2.520464,-0.52901065,-1.0045251,-0.946954,-1.3956167,0.4381335,-5.1574097,-1.1394383,0.734897,-4.0495653,0.6934419,-0.31786233,2.343909,104
2.0310595,0.09764568,-2.2750595,2.7220044,0.04053861,-1.2635161,-1.5955026,-1.0962417,-0.1562893,-4.2163377,-1.0198925,0.5111856,-2.5192263,0.47161454,-0.81608915,1.7953268,18
2.413939,0.45055637,-2.2808485,2.971918,-0.07065203,-1.2727921,-1.5015905,-1.060563,0.08611062,-4.4308844,-0.9869625,0.3217867,-2.5005996,0.42706972,-0.7955213,1.9844154,8
2.367847,0.17148559,-2.0615902,2.609405,-0.13897601,-1.0166868,-1.5240619,-1.1766766,-0.095859066,-3.9737563,-1.1141801,0.5099948,-2.5668643,0.5741531,-0.8743141,1.8079937,18
2.9689295,-0.120890394,-2.262697,2.4798694,0.12527233,-1.2994603,-1.416141,-1.2871948,-0.17271917,-4.2430487,-1.2344813,0.62123966,-3.3537126,0.60516393,-0.826053,1.9384006,79
1.8632036,0.18845466,-2.0315793,2.5750346,0.007383764,-1.1719949,-1.5055101,-1.0102394,-0.05826147,-3.901963,-0.9751358,0.36008984,-2.214828,0.4846717,-0.88432527,1.7304102,8
2.3475025,0.31120765,-2.3086555,2.7980018,-0.05682441,-1.17917,-1.5465753,-1.1496165,-0.029444188,-4.33004,-0.97243434,0.38171107,-2.5988655,0.41543895,-0.8014781,1.9328431,8
3.8957734,1.9937222,-3.701643,2.3191404,-0.93402743,-1.2556262,-2.0678802,-1.8980496,1.3890594,-7.5457873,-1.1628358,0.5166992,-4.5795717,-0.14947402,-1.1413181,2.5142527,104
2.4889023,0.6859626,-2.4478981,2.970902,-0.070933916,-1.3418818,-1.5184114,-1.1496441,0.19211295,-4.880516,-0.82118195,0.27583128,-2.5346856,0.35637087,-0.91081744,1.9247347,8
3.3915112,0.5032959,-2.5876033,2.3959575,-0.45481372,-1.0387676,-1.105457,-1.547036,0.2967549,-5.2772913,-1.0224881,0.77410835,-3.9198406,0.6740493,-0.47555357,2.2079694,104
1.972848,-0.25624055,-1.4140806,2.6019044,-0.20374706,-0.9542271,-1.1515784,-0.989117,-0.072032824,-3.4652412,-0.9465283,0.5360849,-2.4348252,0.6712979,-0.5855297,1.7377232,18
2.9841514,1.5890279,-2.043165,1.4598223,-1.3819755,-1.2002287,-0.7635207,-1.6325341,1.9962771,-5.372856,-1.1696701,-0.0971165,-3.653572,-0.2708822,-0.69807225,2.3035045,13
4.266864,1.5136205,-3.0540566,2.639977,-1.0455697,-1.4192011,-1.158864,-1.6326462,1.3946927,-6.9718137,-1.224061,0.5611227,-4.8991184,-0.13608113,-0.25329423,2.7978628,104
