0,1,2,3,4,5,6,7,8,9,10,11,12,13,14,15,pred_class
0.96757025,-3.1376975,0.9460897,-0.22190642,-0.3902725,-2.8466215,1.5047079,0.916867,-1.481026,-0.09245223,2.8701012,-2.4437733,1.3915735,0.63696545,2.0102394,-0.043903306,80
0.96757036,-3.1376975,0.9460897,-0.22190642,-0.3902725,-2.8466215,1.5047079,0.91686714,-1.4810262,-0.09245214,2.8701015,-2.4437733,1.3915735,0.63696533,2.0102394,-0.043903455,80
0.96757025,-3.1376972,0.94608957,-0.22190645,-0.39027244,-2.8466215,1.5047079,0.916867,-1.4810262,-0.09245224,2.8701012,-2.443773,1.3915735,0.63696533,2.0102394,-0.043903187,80
0.96757025,-3.1376975,0.94608945,-0.22190636,-0.39027256,-2.8466213,1.5047079,0.916867,-1.481026,-0.09245223,2.8701012,-2.4437733,1.3915737,0.6369652,2.0102394,-0.043903396,80
0.96757025,-3.1376972,0.94608945,-0.22190651,-0.39027244,-2.8466215,1.5047077,0.916867,-1.4810259,-0.092452124,2.8701012,-2.4437733,1.3915734,0.63696545,2.0102394,-0.043903425,80
0.96757025,-3.1376972,0.94608945,-0.22190654,-0.39027238,-2.8466215,1.5047079,0.916867,-1.481026,-0.09245223,2.8701012,-2.4437733,1.3915734,0.6369656,2.0102394,-0.043903485,80
0.96757025,-3.1376972,0.94608945,-0.22190648,-0.3902725,-2.8466213,1.5047079,0.9168668,-1.4810259,-0.0924522,2.8701012,-2.443773,1.3915735,0.63696545,2.0102394,-0.043903366,80
0.96757025,-3.1376972,0.94608945,-0.22190648,-0.39027244,-2.8466215,1.5047079,0.9168668,-1.4810259,-0.09245211,2.870101,-2.443773,1.3915735,0.63696545,2.0102396,-0.043903366,80
0.96757025,-3.137697,0.94608945,-0.22190654,-0.39027244,-2.8466215,1.5047078,0.9168669,-1.4810259,-0.09245223,2.870101,-2.443773,1.3915734,0.63696545,2.0102391,-0.043903485,80
0.9675701,-3.137697,0.94608945,-0.22190648,-0.39027244,-2.8466215,1.5047079,0.9168668,-1.4810258,-0.09245211,2.870101,-2.4437728,1.3915735,0.63696545,2.0102396,-0.043903247,80
0.7647697,-2.8386726,0.4171056,0.44402516,0.33711112,-2.5326452,0.5890548,2.498592,-2.4650083,-0.5172926,2.8642578,-3.3266778,1.3573123,-0.6649764,0.3110577,-0.7461466,80
0.75835073,-2.8449693,0.40267465,0.45047504,0.36168304,-2.5049238,0.5795787,2.5245745,-2.4749608,-0.5510514,2.8615024,-3.3386383,1.3450071,-0.6661763,0.2987421,-0.74446005,80
0.7695823,-2.8454924,0.4051048,0.45159417,0.3583036,-2.5005026,0.5808037,2.5260773,-2.4787858,-0.55180144,2.8654091,-3.3406153,1.3479395,-0.6616993,0.29327872,-0.7519384,80
0.7536312,-2.846307,0.39995047,0.45127743,0.36568552,-2.5034068,0.57801545,2.5275233,-2.4748023,-0.5546214,2.8605697,-3.3403144,1.3416951,-0.6684399,0.29902533,-0.7410135,80
0.7408604,-2.8729188,0.36086994,0.4722029,0.4368322,-2.4012291,0.5416684,2.6071916,-2.4751053,-0.65090483,2.8759341,-3.400375,1.2515974,-0.68061143,0.24552387,-0.70972383,80
0.7590464,-2.8425388,0.40542853,0.44853145,0.35706365,-2.5116522,0.5815697,2.518126,-2.472431,-0.5439406,2.861381,-3.3344522,1.3475138,-0.6651136,0.30174944,-0.74445945,80
0.758149,-2.8446538,0.40330166,0.45016778,0.36079854,-2.506061,0.58006907,2.5234792,-2.47439,-0.54945236,2.8616207,-3.3379076,1.3458035,-0.66646224,0.29954702,-0.7440306,80
0.75415474,-2.8294451,0.40906784,0.43989748,0.34906802,-2.5377557,0.5870532,2.493247,-2.4597843,-0.52298343,2.8584213,-3.3136506,1.3450125,-0.6594093,0.31424272,-0.7344938,80
0.7645448,-2.8293598,0.41368026,0.4391942,0.34286165,-2.5366964,0.5899709,2.490477,-2.4617996,-0.52012485,2.8618684,-3.311672,1.3517427,-0.65343636,0.31318435,-0.74253803,80
0.7667337,-2.8453918,0.4050599,0.45110577,0.35789892,-2.5031903,0.5809566,2.524447,-2.4774513,-0.55001897,2.864484,-3.3395689,1.3479166,-0.66284853,0.29560652,-0.75017416,80
0.80164266,-2.2325184,0.34922463,0.34786558,0.5005447,-1.9583305,0.3571205,2.7035747,-2.6405005,-0.40968752,2.4550884,-3.1022005,1.2343746,-0.87608767,-0.16316038,-1.1902966,80
0.6689337,-2.1989994,0.3115316,0.36551863,0.6347417,-1.9531883,0.22113185,2.8320642,-2.63618,-0.50568444,2.4334838,-3.1423256,1.1623951,-0.96647227,-0.29357633,-1.0849388,80
0.6495707,-2.0889473,0.30900228,0.35151988,0.6413152,-1.9030267,0.19629039,2.7809207,-2.5735722,-0.4239511,2.3808205,-3.108148,1.1786778,-1.0193491,-0.3796914,-1.0868069,80
0.6770093,-2.171258,0.2985109,0.3579914,0.6478862,-1.930229,0.22199295,2.796121,-2.6190503,-0.505335,2.3938634,-3.0998611,1.1542025,-0.93114024,-0.31591755,-1.0837624,80
0.5258738,-2.2898507,0.26024675,0.40676624,0.78944445,-1.8682855,0.22391424,2.8598294,-2.580234,-0.6245925,2.367052,-3.2281635,1.0830492,-0.9090933,-0.34459597,-0.9484777,80
0.59569347,-2.0329723,0.07281037,0.41589385,0.80010533,-1.649893,0.22446385,2.706921,-2.6492722,-0.67759496,2.212112,-2.79486,1.0510169,-0.7240921,-0.3715504,-0.9064309,80
0.6562572,-2.0641267,0.28690186,0.36314058,0.66242975,-1.8914273,0.19713213,2.7892962,-2.5927155,-0.39857936,2.387653,-3.0984383,1.1879379,-1.0311133,-0.41530988,-1.0915726,80
0.6022652,-2.127149,0.16882917,0.48649144,0.6765579,-1.7726765,0.2565726,2.7588918,-2.7321115,-0.52267003,2.2616613,-2.895515,1.1260442,-0.84237313,-0.31110188,-0.92698866,80
0.7003368,-2.0803087,0.26696593,0.31637037,0.63005847,-1.8991654,0.21912785,2.723945,-2.6061585,-0.48867738,2.3799028,-2.9432313,1.1749587,-0.8804153,-0.2861517,-1.112667,80
0.614183,-2.104949,0.12136449,0.48807007,0.6829503,-1.673264,0.26339483,2.6966012,-2.6864114,-0.524615,2.2458358,-2.8444116,1.1450802,-0.8340127,-0.32819906,-0.9157475,80
0.6987516,-1.7539308,0.26289788,0.13467962,0.830346,-1.4329464,0.2545615,2.702541,-2.5433953,-0.08889733,2.1112971,-2.9045405,1.0976721,-0.9255818,-0.6159274,-1.5514102,80
0.23263311,-1.9335402,0.16008048,0.33441228,1.1522745,-1.7097691,-0.025374468,3.2085235,-2.935259,-0.25915962,2.142311,-2.7403,0.914628,-0.9007687,-0.71403444,-1.0993843,80
0.5053109,-1.7982979,0.23216085,0.18499488,0.96627593,-1.5860409,0.01583315,2.9966729,-2.7737675,0.015788529,2.197848,-2.7054136,0.990513,-1.0471218,-0.72773254,-1.3973355,80
0.54703766,-1.8439378,0.19484921,0.13641804,0.9932855,-1.5149133,0.027405549,2.9697342,-2.7359776,-0.18395834,2.1885223,-2.690364,1.0065626,-0.93169355,-0.6666577,-1.4353347,80
0.42256832,-1.951754,0.19312619,0.20053494,1.1623404,-1.4647961,0.014204547,3.1165445,-2.720624,-0.1864935,2.2105556,-2.9227529,0.9861695,-0.9967055,-0.8411659,-1.3286109,80
0.33009434,-1.7374653,0.09367019,0.30020583,1.1392622,-1.5463989,-0.011757214,3.0532444,-2.7177367,-0.6361099,2.0567825,-2.7350898,0.85076684,-0.7784149,-0.7487262,-0.9482168,80
0.2778116,-1.8483068,0.1221366,0.3506698,0.9934428,-1.6484305,0.09444784,3.032002,-2.9178274,-0.18538354,2.0958054,-2.6192446,1.047908,-0.91981435,-0.5483306,-1.08801,80
0.31323576,-1.7898804,0.16976464,0.36187822,0.959812,-1.8113215,0.051245518,3.103536,-2.8657277,-0.4533093,2.1548285,-2.7333484,0.993895,-0.9675801,-0.525503,-0.9059041,80
0.32426116,-1.8082362,0.10750659,0.21072358,1.0683086,-1.5874792,0.008312367,3.0183072,-2.86333,-0.29280835,2.0787208,-2.5046725,0.9887952,-0.79120016,-0.5973878,-1.2239547,80
0.348156,-1.70475,0.13323912,0.35176218,0.8992989,-1.6806939,0.04651166,2.9717011,-2.8150113,-0.36868,2.0923643,-2.5713022,1.0270727,-0.9414314,-0.5434517,-0.9439648,80
0.67778283,-1.825112,0.34233934,-0.04447055,1.3102589,-1.2831259,0.13974167,3.1148143,-2.6433835,0.3568561,2.2974012,-2.473063,0.9305127,-1.0503578,-0.8067128,-1.6393578,43
0.39998662,-1.5078999,0.34077418,0.0007299185,1.5927604,-1.3586186,-0.09007676,3.3134198,-2.4047742,0.27986574,2.4165196,-2.287037,0.88048106,-1.2090749,-0.9782983,-1.0349734,80
0.4796344,-1.730216,0.34253642,-0.09166029,1.3808421,-0.9994321,-0.04046384,3.1991794,-2.6915894,0.6823642,2.2978728,-1.8587219,0.7352664,-1.1845788,-0.7950554,-1.6178517,43
0.4991386,-1.8017373,0.29169565,-0.12603503,1.5701643,-1.0183676,-0.12167001,3.334288,-2.6263852,0.47258782,2.4347055,-2.021766,0.8149236,-1.138842,-0.9563222,-1.5766673,43
0.4863981,-1.7560027,0.41054073,-0.13389644,1.666472,-1.0461092,-0.08091432,3.4590766,-2.5552804,0.7414437,2.5170112,-2.1859953,0.87194854,-1.3132119,-1.1131704,-1.5270476,43
0.39752406,-1.3397073,0.2008369,-0.13662523,1.601854,-0.96801555,-0.14423168,3.127339,-2.1353788,0.04635088,2.352949,-2.1334596,0.7839378,-1.0983984,-1.0455751,-1.1644448,80
0.43136615,-1.4925021,0.14498256,0.040236324,1.2078829,-1.2339069,-0.038236152,3.1784482,-2.6970017,0.15660441,2.4269216,-2.0718272,1.0838071,-1.0975231,-0.6750107,-1.3488886,80
0.2259013,-1.5296366,0.1847071,0.019687146,1.2234974,-1.5353327,-0.10248324,3.1700823,-2.48801,-0.4780156,2.3294656,-2.462824,0.8973685,-0.9704365,-0.58083946,-1.0349557,80
-0.028624132,-1.8236524,-0.037632093,0.006197542,1.3971624,-1.3341792,-0.05502269,3.3188741,-2.8184237,-0.5305779,2.3306694,-2.354799,1.0182989,-0.7919616,-0.41741034,-1.2944362,80
0.50559115,-1.291571,0.2878068,-0.058117807,1.029572,-1.445268,-0.033487614,2.914198,-2.3802068,-0.13099258,2.2554107,-2.183689,0.99979156,-1.0103323,-0.5766147,-1.1789534,80
0.32156393,-1.5859514,0.6518386,-0.16904664,2.2719553,-1.4107121,-0.0012073629,3.9113557,-2.591628,1.1055129,2.5124986,-1.9367123,0.7462785,-1.5524137,-1.1732948,-1.1508121,43
0.2047664,-1.0606415,0.32200754,-0.16263011,1.6587508,-1.1600906,-0.0043359473,3.0053535,-1.9115202,0.204853,2.253086,-1.7973207,0.9611647,-1.3026044,-0.69083035,-0.8785823,80
0.28842866,-1.6236484,0.55702686,-0.29442573,1.95318,-1.1254236,0.017221592,3.7026362,-2.542006,1.4486775,2.7233057,-1.3468397,0.5763117,-1.5958613,-0.8199065,-1.4309788,43
0.1454671,-1.5177387,0.28526998,-0.28498775,2.1506975,-0.93008375,-0.19917157,3.7214732,-2.4582653,1.2170473,2.7245836,-1.3019302,0.69320077,-1.5306873,-1.1171702,-1.3406601,43
0.010774523,-1.69673,0.1905722,-0.22032778,1.893521,-0.8149673,0.027644908,3.6999717,-2.5437262,0.67781603,2.7363114,-1.8714011,1.0556251,-1.3874938,-0.78798443,-1.5777802,43
-0.027940147,-1.6546204,-0.088909045,-0.39062375,1.964701,-0.51896876,-0.040925507,3.1919222,-2.092874,0.33979762,2.5488038,-1.3366656,0.89771754,-1.0176071,-0.5583695,-1.3778071,43
0.3175572,-1.329378,0.2526282,-0.25216287,1.2949607,-1.0053202,0.024420477,3.0698683,-2.341401,0.3432337,2.4699626,-1.5181082,1.1505601,-1.1938583,-0.3901125,-1.4541562,43
0.07662444,-0.9388031,0.06676661,-0.29683393,1.4861939,-1.0033723,-0.26452193,2.9420502,-2.0632584,-0.15527521,2.2349255,-1.268773,0.9840786,-0.968854,-0.5824385,-1.0327668,80
-0.060715266,-1.8557314,-0.10516012,-0.22797956,1.5972018,-0.77615607,0.11632146,3.372522,-2.458945,0.09228034,2.7839649,-1.9048498,0.88189536,-1.1002479,-0.25597867,-1.6580753,43
0.3953148,-0.92477345,0.20374551,-0.31558806,1.2079448,-0.94021773,-0.034604464,2.7033176,-2.0522969,0.11828237,2.234577,-1.2052383,1.1818651,-0.9709771,-0.38788867,-1.2531533,80
0.093625695,-1.5051992,0.42412147,-0.20081404,1.9323953,-1.4561967,-0.064128116,3.748824,-2.564544,0.51189697,2.5494902,-2.0338662,1.0344257,-1.3900661,-0.8356228,-1.2152562,80
0.050612703,-1.4601976,-0.06397672,-0.21595538,1.8358893,-0.54622275,-0.038681913,3.1004782,-2.026025,0.615526,2.5254695,-1.4485648,1.0113676,-1.3733916,-0.7614634,-1.3316312,43
0.053170428,-1.7654823,0.4683218,-0.26104927,1.8416252,-1.2401018,0.1598886,3.6884005,-2.523429,1.2151802,2.780705,-1.6389269,0.9399058,-1.6501112,-0.49854425,-1.3929267,43
-0.051710412,-1.6092583,0.16589814,-0.3031562,2.1092145,-0.9889883,-0.06666894,3.64533,-2.4202137,1.0871117,2.719252,-1.3766048,0.7421619,-1.5446633,-0.7981394,-1.2905262,43
-0.038463317,-1.9146264,-0.13355711,-0.29486609,1.4177258,-0.5432222,0.18419729,3.391215,-2.5961869,0.05964087,2.8475685,-1.932937,1.4439888,-1.0688292,-0.12577602,-1.9158432,43
-0.039917067,-0.9341028,0.0009186268,-0.31368938,2.141093,-0.776026,0.022549989,3.0369995,-1.910941,0.7531847,2.0631106,-1.3975978,0.73284805,-1.3677651,-0.9683317,-1.0620203,43
0.15704852,-1.4336553,0.1430953,-0.26745373,1.2835618,-0.78169596,0.053732466,2.9397714,-2.2418246,0.5175931,2.4577708,-1.3469679,1.110658,-1.2024215,-0.30862448,-1.5637894,43
-0.19697443,-0.6542064,-0.17137003,-0.2570247,1.8471097,-0.7026744,-0.27638403,2.9196172,-2.0158098,0.3067429,2.0779712,-0.75233305,1.0836185,-1.2378514,-0.75887454,-0.84685373,80
-0.2392382,-1.4324598,-0.10873225,-0.28431714,1.7910955,-0.7311533,-0.0232363,3.161608,-2.1956725,0.38325644,2.2981548,-1.7262418,0.6160349,-1.1999913,-0.6575308,-1.4841657,43
0.25410444,-1.1975291,0.039922364,-0.23160854,1.3222584,-0.6038792,0.18301097,2.813199,-2.1650925,0.59917915,2.4110548,-1.1362315,1.3217847,-1.2385652,-0.30257455,-1.4854896,43
-0.038927026,-0.9233571,0.16084062,-0.27849394,1.852169,-1.3340589,-0.2341173,3.4094927,-2.3990412,0.060577765,2.310768,-1.4959579,1.1183057,-1.2655613,-0.73457676,-1.1063733,80
-0.22009122,-1.4149779,-0.4217242,-0.27178872,2.0686624,-0.22287668,0.034881935,3.0545266,-2.0286472,0.45748925,2.3576348,-1.2621552,0.9152897,-1.3450401,-0.62722224,-1.3267465,43
-0.14893556,-1.4612865,0.14116748,-0.31604484,1.8420649,-0.8688626,-0.005115006,3.4375205,-2.3872693,0.78916866,2.6171176,-1.2333505,1.0092574,-1.4618258,-0.45574597,-1.4414818,43
-0.22259471,-1.4572886,-0.09709041,-0.34012908,2.0565646,-0.78609514,-0.08233406,3.3897674,-2.3036895,0.82270813,2.5549023,-1.1767033,0.6523259,-1.4271171,-0.60964304,-1.3486221,43
-0.14294152,-1.2389398,-0.4116062,-0.35700932,1.4060704,-0.19506538,0.19506474,2.8254364,-2.2969916,-0.18678717,2.3393414,-1.3316724,1.332648,-0.94014263,0.0028723255,-1.7654765,43
-0.08416511,-0.51943654,-0.012925178,-0.32137278,2.0828419,-0.87435555,0.15569681,2.821165,-1.7171377,0.65665495,1.7979174,-1.4983649,0.640632,-1.5339022,-0.87173057,-0.9242625,43
-0.012252912,-1.7470412,0.022756279,-0.27884823,1.4133952,-0.6627728,0.32931715,3.0663345,-2.3210235,0.72299564,2.5990746,-1.3825018,1.0039892,-1.2915921,-0.024175309,-1.6942999,43
-0.12677117,-0.6735263,-0.30772758,-0.17802685,2.0921412,-0.5633043,-0.20770493,3.1575317,-2.0190883,0.62124926,2.2915397,-1.0435834,0.92220503,-1.6425989,-1.074202,-0.89065486,43
-0.17347324,-0.87274694,-0.23129693,-0.29930484,1.9674376,-0.344863,-0.11233319,2.9298396,-1.9586949,0.24934952,2.0239162,-1.1372911,0.65107304,-1.2632072,-0.7565143,-1.2258079,43
0.19305122,-1.15797,0.011197984,-0.31578615,1.5330111,-0.6546489,0.25421876,2.9057472,-2.1404746,0.7084364,2.423398,-1.0895323,1.2204387,-1.3389856,-0.28842956,-1.4392483,43
0.024711981,-1.1243798,-0.1447525,-0.24337713,1.8109953,-0.76873374,-0.028753813,3.2250392,-2.3833752,0.22056766,2.4935052,-1.1011932,1.2214465,-1.3216267,-0.45127526,-1.3953891,43
-0.3111343,-1.4741402,-0.6331315,-0.35260868,2.0589294,-0.35971087,0.15859415,3.0016465,-2.096183,0.2507918,2.361573,-1.2719626,0.7575541,-1.2825551,-0.30266097,-1.3572197,43
-0.18399054,-1.404902,0.009813726,-0.31317732,1.8611189,-0.8287921,-0.083778456,3.4207158,-2.4593098,0.5559199,2.6277018,-1.0115348,0.9911611,-1.334161,-0.39297187,-1.4736073,43
-0.32790732,-1.4698721,-0.26691762,-0.35377526,2.0582392,-0.6797271,-0.110070944,3.2553914,-2.2819462,0.68844926,2.4459538,-1.0115305,0.46215042,-1.3012708,-0.48182532,-1.3557601,43
-0.25051847,-1.1851267,-0.6540701,-0.4677657,1.5041975,0.110826254,0.23072836,2.5740395,-2.2278857,-0.34872234,2.1187143,-0.8225037,1.2033175,-0.7764143,0.2968617,-1.7717578,43
-0.1470483,-0.43143108,-0.07005192,-0.238573,2.017183,-1.062018,0.118974924,2.900125,-1.7647053,0.57664824,1.8636076,-1.7175521,0.64190185,-1.734325,-0.91851413,-0.8994476,43
-0.041452534,-1.6867169,0.11679072,-0.3647849,1.4666733,-0.94057775,0.50369614,3.0624566,-2.2883584,0.83716017,2.5346704,-1.4286865,0.8256113,-1.3699142,0.17515877,-1.6133506,43
-0.21222028,-0.8996484,-0.41695076,-0.22460783,2.085027,-0.6484412,-0.13853247,3.252275,-2.123482,0.5965572,2.4749386,-1.1681752,0.8118128,-1.6369907,-0.9041122,-1.0273907,43
0.09302771,-0.74300325,-0.21044242,-0.16278586,1.9013016,-0.34655437,0.08171957,2.9456487,-1.966762,0.17892715,2.0896955,-1.2329906,0.750656,-1.4902322,-0.6676126,-1.1581025,43
0.106752664,-1.2798831,-0.0873407,-0.475125,1.5733905,-0.75950253,0.25364393,2.9385543,-2.2551599,0.653303,2.4666753,-0.87379,1.1343681,-1.2114838,-0.064838804,-1.5499649,43
0.07986571,-1.364784,-0.5049946,-0.12929678,1.3208859,-0.59889454,0.22420217,2.873506,-2.5230834,-0.025054432,2.6488297,-1.017824,1.3926519,-1.2497717,0.21156085,-1.6737423,43
-0.18368837,-1.7307322,-0.6465445,-0.3022901,2.052968,-0.49601108,0.1349936,3.124007,-2.2025704,0.29269594,2.5669065,-1.309752,0.5089215,-1.3328773,-0.25674194,-1.3241663,43
-0.22199892,-1.413075,-0.077283636,-0.29072684,1.8915272,-0.74149203,-0.033413764,3.3381748,-2.4460762,0.38044447,2.5300841,-0.9682249,1.0063157,-1.2673178,-0.26769182,-1.4304962,43
-0.39052707,-1.5967913,-0.33717394,-0.3981449,2.099429,-0.55063087,-0.06652364,3.1763518,-2.1857939,0.6509867,2.4043925,-1.0039932,0.4055666,-1.2541127,-0.38414347,-1.3288116,43
-0.22635277,-1.8465681,-0.7333735,-0.5971159,1.4815048,0.14405093,0.3261109,2.6259632,-2.358842,-0.3935508,2.361488,-0.5819093,1.0411125,-0.61914545,0.8393999,-1.8981483,43
-0.31782314,-0.123511,-0.117693335,-0.24047382,1.9611152,-1.1849616,0.033484675,2.7863786,-1.612726,0.48244178,1.7621197,-1.7459819,0.63936156,-1.8490763,-0.9516784,-0.75152904,80
0.13224219,-1.7312843,0.18122962,-0.32625943,1.3245869,-0.9253441,0.6270683,2.9591088,-2.3264742,0.9258391,2.5248482,-1.2401354,0.6907878,-1.3633852,0.40838015,-1.5867772,43
-0.28349805,-0.90466547,-0.5329667,-0.1886473,1.9474461,-0.57758665,-0.013636168,3.0632021,-2.0561006,0.4943484,2.371234,-1.3406314,0.8396662,-1.6280048,-0.766648,-1.1281204,43
0.055688187,-0.7060154,-0.46352535,-0.063311666,1.7509271,-0.3423081,0.16033018,2.936329,-2.0352237,0.12211347,2.3088412,-1.3999966,0.95130956,-1.6228224,-0.59816873,-1.2939923,43
0.078122705,-1.1734393,-0.07721388,-0.51051307,1.671085,-0.7843132,0.30129564,2.8825002,-2.1693025,0.673479,2.3131578,-0.8523003,1.0349276,-1.1847595,-0.11691288,-1.4776328,43
-0.005194202,-1.5798699,-0.60320646,-0.1682429,1.0114886,-0.4338817,0.5038696,2.5396183,-2.477871,0.048223555,2.5681267,-0.9448458,1.362815,-1.1657604,0.7680968,-1.8325863,43
-0.19091493,-1.6206664,-0.6643267,-0.30430973,2.027394,-0.5504372,0.14935772,3.0101693,-2.094665,0.39135134,2.4647028,-1.3608391,0.30608395,-1.3895416,-0.30867907,-1.2624328,43
-0.17295396,-1.4105424,-0.21686906,-0.25211996,1.8555195,-0.57116544,-0.014775362,3.2433977,-2.403637,0.28197438,2.505074,-0.8872733,1.0635778,-1.2866292,-0.22485301,-1.3535035,43
-0.34129566,-1.5694854,-0.3357113,-0.36834496,2.093494,-0.4331842,0.010071028,3.0547292,-2.035295,0.66427755,2.3377066,-0.9185014,0.34594816,-1.2979873,-0.3183919,-1.1472489,43
-0.240937,-2.1315048,-0.7114085,-0.57269615,1.3610419,0.013687551,0.5296357,2.654379,-2.3718526,-0.26807082,2.4824324,-0.7839871,0.7725509,-0.64638615,1.0616674,-1.9589849,43
-0.41014495,-0.15423873,-0.02968271,-0.27011132,1.812749,-1.3318821,0.012457281,2.6514199,-1.3998702,0.27323407,1.8093728,-1.760933,0.6363832,-1.8937137,-0.6413656,-0.5199717,80
0.18119404,-1.6123949,0.2457774,-0.26688063,1.1943108,-0.95706,0.7014174,2.827971,-2.2683077,1.0168946,2.396251,-1.2851791,0.5338864,-1.4120159,0.41694295,-1.5449672,79
-0.3232124,-0.85365903,-0.6041632,-0.14839277,1.9633256,-0.59165365,0.05208446,2.99372,-1.9588133,0.44794595,2.2569396,-1.6433285,0.82845706,-1.7003044,-0.8672216,-1.1175723,43
-0.076014355,-0.25770414,-0.62828743,-0.086254776,1.8015829,-0.29009634,0.014457475,2.764477,-1.9801412,0.12965623,2.105906,-0.9648237,0.94164664,-1.6897087,-0.6355761,-1.0964651,43
0.10594307,-1.0946788,-0.024070218,-0.507167,1.7889849,-0.8815687,0.35852283,2.9097524,-2.1313813,0.7659283,2.22898,-0.9290724,0.99171466,-1.2491045,-0.21191877,-1.3700058,43
-0.058873866,-1.2564989,-0.54811406,-0.21742849,1.033953,-0.42673415,0.42957255,2.4099202,-2.2709355,0.15413097,2.3399928,-0.9406359,1.1891915,-1.2665576,0.5465046,-1.755929,43
-0.23332216,-1.5047016,-0.62041074,-0.2735477,2.028241,-0.46886188,0.18453227,2.8704019,-2.0183446,0.37169802,2.2113533,-1.2535013,0.20022303,-1.3718444,-0.27056724,-1.1216941,43
-0.095030494,-1.2377506,-0.30074126,-0.21449402,1.7311518,-0.41606355,0.01727591,3.062949,-2.3069253,0.2864607,2.4116702,-0.7605543,1.1409541,-1.3502085,-0.23417538,-1.3059752,43
-0.26208317,-1.5696114,-0.32465693,-0.32132274,2.0374064,-0.43368226,0.049275964,3.033305,-2.0106504,0.7028024,2.3632488,-0.8969387,0.29386026,-1.3387556,-0.31697747,-1.0869067,43
-0.21549994,-1.8933039,-0.7275948,-0.4305359,1.2099763,0.16842404,0.553515,2.5600214,-2.2911057,-0.26747376,2.4549236,-0.83004427,0.8476357,-0.7802185,0.95238113,-2.0013764,43
-0.5268056,-0.046313897,-0.15001431,-0.24733028,1.8069549,-1.2713207,-0.15538236,2.5908806,-1.2978783,0.065073654,1.8582952,-1.4957949,0.6506366,-1.9185725,-0.5611696,-0.2901983,80
0.26248994,-1.5750465,0.35372454,-0.18607801,1.1064469,-1.0393078,0.85054344,2.8103654,-2.2944837,1.0539967,2.3350093,-1.4172887,0.47961444,-1.4654379,0.4765026,-1.5028682,79
-0.3183893,-0.65836,-0.62674457,-0.09181845,1.9867014,-0.65875006,0.087155595,2.9286869,-1.8724134,0.44471812,2.1338708,-1.7726666,0.8170707,-1.8223184,-0.9670024,-0.99423826,43
-0.1926938,-0.14068386,-0.73405,-0.075194895,1.6900365,-0.2691859,-0.12083213,2.5860815,-1.9778047,0.004799515,2.037242,-0.57881564,0.8866875,-1.621184,-0.48187205,-0.98484564,80
0.04580632,-1.0381513,-0.05897808,-0.5119739,1.8427367,-0.7717625,0.3570381,2.8265936,-2.0777316,0.73552907,2.0893052,-0.7618824,0.99046594,-1.2214447,-0.1786449,-1.2590461,43
0.008585557,-1.0427593,-0.2805699,-0.19554844,0.9944058,-0.51766825,0.49676475,2.2623465,-2.059978,0.45249587,2.078597,-1.053269,1.0853707,-1.3596392,0.3574435,-1.6172805,43
-0.24127595,-1.5283406,-0.5861349,-0.22922914,2.0608606,-0.41950092,0.23891579,2.8345878,-2.0326848,0.312127,2.0220013,-1.3133917,0.098631,-1.3359686,-0.27495793,-1.0620097,43
-0.08887687,-0.9769672,-0.36223364,-0.17886636,1.6229113,-0.26098612,0.04829166,2.805375,-2.1747723,0.27803645,2.2006288,-0.6247933,1.1591389,-1.3987541,-0.25220582,-1.2561336,43
-0.21857451,-1.5366899,-0.31493664,-0.24851905,1.9909966,-0.40208527,0.08830188,2.98893,-2.0290344,0.64788467,2.296796,-0.8860854,0.22843662,-1.358841,-0.30588397,-1.0277152,43
-0.0358001,-1.4609168,-0.63671696,-0.35563725,1.1586349,0.28199378,0.5441004,2.3077316,-2.1027744,-0.26339823,2.2905097,-0.53565294,1.0140723,-0.89408404,0.88657403,-1.7990015,43
-0.72880924,0.005260378,-0.2808059,-0.24636757,1.7617118,-1.2333932,-0.2801451,2.5080123,-1.1928425,-0.14402172,1.9793493,-1.2634181,0.78218025,-1.8936065,-0.38459736,-0.11846314,80
0.27751985,-1.4653023,0.33774716,-0.17091024,1.0473108,-0.9120257,0.94377023,2.6132104,-2.2131653,0.92781085,2.1842513,-1.2382,0.38810375,-1.3717916,0.651192,-1.4121294,79
-0.33839363,-0.47140306,-0.66272867,-0.02071637,2.021847,-0.683244,0.012158353,2.831786,-1.7685326,0.36712933,2.0040538,-1.7547082,0.78391904,-1.9019371,-1.0795088,-0.79739463,80
-0.30626583,-0.33185348,-0.91042536,-0.11677042,1.5659658,-0.13159163,-0.1785077,2.4726372,-2.0367708,-0.26000386,2.1009202,-0.29670903,0.9109203,-1.4188591,-0.18828583,-1.0093834,80
0.0071711987,-0.9679469,-0.07914969,-0.51047826,1.9512937,-0.7488687,0.28056267,2.8200247,-2.077653,0.65450245,1.9853477,-0.61928856,0.9105412,-1.1959205,-0.22958812,-1.1318052,43
0.057199612,-0.7082726,-0.09201695,-0.19691828,1.2057278,-0.46108854,0.5583858,2.1977525,-1.825214,0.53392154,1.784759,-1.0011958,0.90210414,-1.4070776,0.14320435,-1.3842132,43
-0.20914185,-1.5580249,-0.5487876,-0.21517637,2.0241203,-0.35967207,0.33836633,2.7359755,-1.9914222,0.30360985,1.8413769,-1.4182206,0.00310193,-1.2937248,-0.25056216,-1.0705392,43
-0.073201895,-0.78006816,-0.39832723,-0.14522484,1.5151025,-0.13292246,0.10578333,2.556229,-2.0471609,0.32154334,2.017903,-0.47633564,1.1212994,-1.4224551,-0.21363848,-1.1975768,43
-0.15631828,-1.4890889,-0.28916815,-0.15294847,1.8773797,-0.33644056,0.1768925,2.8478203,-1.9882098,0.6049096,2.1740222,-0.87606585,0.14301871,-1.3872533,-0.23322213,-0.9461265,43
0.07633777,-1.0908948,-0.56624794,-0.24146241,1.1838878,0.08400449,0.466905,2.325827,-2.0960298,-0.27299666,2.2350354,-0.49108756,1.1089973,-1.0630509,0.6600718,-1.5457466,43
-0.8936416,0.12557602,-0.22463462,-0.39187425,1.7509109,-1.1670368,-0.3357708,2.2540243,-0.8224546,-0.11789937,1.7384392,-1.2116579,0.5452959,-1.8285184,-0.3769606,0.049671978,80
0.37067902,-1.309353,0.2817859,-0.03834042,0.8773191,-0.85051787,1.0200763,2.43143,-2.1836843,0.7647087,2.0838866,-1.3216043,0.32299304,-1.36841,0.6829793,-1.4104943,79
-0.37908998,-0.3153762,-0.6979507,0.050359726,2.0473464,-0.7339766,-0.048510354,2.7622895,-1.7199728,0.29801416,1.8532668,-1.7317936,0.7418826,-1.9767545,-1.1608077,-0.60404366,80
-0.32691786,-0.64318395,-0.9728984,-0.15117371,1.468772,-0.032179594,-0.119745776,2.4471042,-2.0180306,-0.32302427,2.2360334,-0.3396129,0.9374829,-1.334559,-0.0077642947,-1.0691534,80
0.049833372,-0.9804698,-0.07108195,-0.46008068,1.9451805,-0.7726736,0.27532646,2.8352358,-2.08823,0.6440506,2.0297132,-0.613451,0.92826945,-1.268047,-0.22692043,-1.0641382,43
0.22351325,-0.50714993,0.0428216,-0.17108917,1.2670909,-0.34331864,0.60690105,2.1307528,-1.7022265,0.6249912,1.657885,-0.84588015,0.90361065,-1.4621884,0.018978782,-1.2818558,43
-0.16163641,-1.5982276,-0.44224524,-0.11220974,1.9955431,-0.24977936,0.5235947,2.59289,-1.8510536,0.3319764,1.6605822,-1.5323077,-0.13515908,-1.3482739,-0.19289887,-0.9745135,79
-0.07404832,-0.6359199,-0.41741437,-0.10469562,1.4587898,0.017420948,0.17388335,2.3247457,-1.9126334,0.34990692,1.8158991,-0.35506094,1.0315061,-1.4440264,-0.18023884,-1.1218596,43
-0.12840998,-1.4475155,-0.30658582,-0.055780828,1.78492,-0.18088666,0.25332457,2.6477258,-1.8985673,0.55291593,1.9845965,-0.88581717,0.048412096,-1.43014,-0.2024155,-0.8617714,43
0.05449964,-0.6519264,-0.54357266,-0.28418478,1.2006207,-0.10002607,0.2966583,2.1954362,-1.9860748,-0.2981457,2.0623405,-0.23167628,1.120495,-1.0770082,0.47615525,-1.3192692,43
-0.9506578,0.14032403,-0.34052083,-0.34961286,1.8724933,-0.9189049,-0.3963994,2.2105627,-0.7012824,-0.25091976,1.7568057,-1.0824738,0.50017804,-1.8462284,-0.38098377,0.24373296,80
0.48481613,-1.2952008,0.34610698,0.07810086,0.7265382,-0.8713802,1.1111248,2.3623734,-2.198182,0.71455884,2.0353103,-1.5666201,0.20708022,-1.4036005,0.6635197,-1.4406669,79
-0.46100497,-0.19699833,-0.7421381,0.090676785,2.0540025,-0.6729541,-0.07708292,2.6469483,-1.6159728,0.24984638,1.6321276,-1.7850398,0.70564103,-2.0635343,-1.2510762,-0.46693265,80
-0.25969785,-0.73718643,-0.90688163,-0.13201338,1.411051,-0.038365126,-0.017241951,2.404395,-1.9200494,-0.28655833,2.3141804,-0.48846972,1.0058533,-1.3722742,0.03612195,-1.0655221,80
0.032014266,-0.89578676,-0.11490023,-0.43841505,1.9622129,-0.6594792,0.23474458,2.758794,-2.0251684,0.60732216,1.9791118,-0.48086685,0.9302708,-1.3041496,-0.2504289,-0.98591286,43
0.30407733,-0.39499828,0.27490383,-0.19790378,1.2189683,-0.5119344,0.6343399,2.0165775,-1.55655,0.8949264,1.579957,-0.8734833,0.8161054,-1.4623599,-0.07806677,-1.1860921,43
-0.1313478,-1.5734651,-0.37842458,-0.118225306,1.9242973,-0.1356205,0.65583783,2.3873456,-1.6736495,0.25963724,1.4710166,-1.5647475,-0.29466805,-1.2990351,-0.05875445,-0.9134217,79
-0.09073642,-0.48018578,-0.44898242,-0.1232377,1.4367484,0.18764561,0.22182307,2.068102,-1.7380699,0.35659558,1.5864017,-0.19468129,0.9006303,-1.4188534,-0.13228244,-1.0493939,43
-0.17282423,-1.2556002,-0.43892527,-0.037901312,1.6988634,0.14933121,0.3104134,2.2603557,-1.6768408,0.42607683,1.5991393,-0.8026265,-0.04687541,-1.4019346,-0.16700211,-0.7884579,43
-0.20480344,-0.1007196,-0.6470553,-0.4335711,1.3357201,0.0026034415,-0.028516788,1.904152,-1.7164327,-0.29228467,1.6818209,0.30576602,0.9553452,-0.9869997,0.22825482,-0.97294253,80
-1.161747,0.4199849,-0.38051128,-0.54753983,1.8200498,-0.63216126,-0.35321677,1.7618148,-0.29181832,-0.24369358,1.3852783,-0.79866374,0.36506537,-1.6621513,-0.22818592,0.37170815,80
0.4603986,-1.0731729,0.38078538,0.05364871,0.6586166,-0.64540076,1.1886142,2.030993,-2.002439,0.6585468,1.6344143,-1.421876,-0.033756696,-1.2855437,0.71529484,-1.344549,79
-0.6279379,-0.0022806823,-0.8000722,0.030210495,2.0300705,-0.52119446,-0.14027734,2.4087324,-1.3870181,0.1265103,1.3419358,-1.6357883,0.61196727,-2.036932,-1.2181976,-0.29577285,80
-0.27642608,-0.5734733,-0.87491363,-0.12932429,1.4331498,0.052574277,0.035632264,2.2298594,-1.698453,-0.17551784,2.1390464,-0.5098352,0.92499346,-1.4418571,-0.037715472,-0.96751523,80
0.0032956451,-0.80406,-0.15604383,-0.4433882,1.9705958,-0.57772815,0.19873524,2.6780422,-1.94963,0.590017,1.9423807,-0.3524127,0.9323251,-1.3128399,-0.2575429,-0.92587596,43
0.24854112,-0.44726205,0.309959,-0.02583021,1.205615,-0.4873601,0.7701817,1.9763285,-1.5152653,0.84963834,1.5379857,-1.0111436,0.7796592,-1.4872378,-0.057760455,-1.0849459,43
-0.046500582,-1.67145,-0.30439466,-0.10215613,1.8180296,-0.13082178,0.78566915,2.3153582,-1.6182014,0.16088523,1.4757863,-1.7265141,-0.4191087,-1.2570306,0.107793644,-0.92018306,79
-0.063672274,-0.45013624,-0.44679815,-0.13114703,1.3923668,0.24462888,0.27662107,1.9226141,-1.6339198,0.3939342,1.5166706,-0.17009026,0.7640722,-1.4020818,-0.080572106,-1.0458004,43
-0.12834777,-1.1869357,-0.49453068,-0.055286467,1.5614948,0.371433,0.3853613,1.9781016,-1.532563,0.35121626,1.3425424,-0.88176715,-0.1619547,-1.359617,-0.11462767,-0.8581398,79
-0.39349937,-0.16519281,-0.7403179,-0.29330117,1.3882256,0.19052705,-0.015563395,1.8148682,-1.6140047,-0.23673232,1.5116503,0.11375567,0.99933016,-1.1579847,0.16301045,-0.75283164,80
-0.94534975,0.03143558,0.05120454,-0.62924,2.0028162,-0.65889466,0.34803006,1.6219026,-0.18849216,0.06705988,1.1641374,-0.81153905,0.3901105,-1.4610765,0.3292168,0.60575306,80
0.6017288,-1.106286,0.53528976,0.07236117,0.5362708,-0.64291525,1.3648893,1.9313583,-1.987797,0.622683,1.4860686,-1.5819728,-0.3175405,-1.1672969,0.815448,-1.3690586,79
-0.73962146,0.08047283,-0.7762354,-0.089461386,1.9486117,-0.5447898,-0.16337624,2.2495954,-1.264466,0.019610383,1.1364312,-1.649977,0.5611109,-1.9255154,-1.115921,-0.29169035,80
-0.314968,-0.42132375,-0.79592884,-0.052744925,1.4018576,0.022646874,0.21589631,1.9971001,-1.3904152,-0.015302695,1.9121052,-0.80799615,0.80254316,-1.5807797,-0.12710312,-0.83537585,43
-0.033164993,-0.81658626,-0.19726616,-0.41931078,1.9810848,-0.5334134,0.16085614,2.6928208,-1.9406922,0.563945,1.9844109,-0.37208167,0.94566965,-1.3435254,-0.29914016,-0.90997136,43
0.35423806,-0.4130403,0.48266882,-0.0018932223,0.9850138,-0.4686497,0.8468893,1.760189,-1.3673247,0.9779485,1.5490563,-0.8044691,0.8548367,-1.4388008,0.059836164,-1.047564,43
-0.052701544,-1.7278988,-0.33958697,-0.1616695,1.7326733,-0.03351605,0.8374266,2.172117,-1.512002,0.053788662,1.5221134,-1.6110544,-0.5952188,-1.1185559,0.34675384,-0.9014188,79
-0.05351679,-0.44260436,-0.45289028,-0.1289402,1.3393998,0.30803606,0.3440464,1.7725004,-1.532648,0.39441472,1.4354575,-0.1640214,0.601128,-1.3666656,-0.004480295,-1.029546,43
-0.05595075,-1.1451563,-0.5306211,-0.08414757,1.4257586,0.56748974,0.5119823,1.7137957,-1.4060849,0.2739329,1.0971091,-0.9979154,-0.31795853,-1.2910429,-0.02450896,-0.95389915,79
-0.37871534,-0.07339454,-0.7089245,-0.16242787,1.3032292,0.39402482,0.17034991,1.497245,-1.3438376,-0.16851285,1.2360046,-0.02518326,0.90031254,-1.2405728,0.19397934,-0.5794306,80
-0.7454475,-0.32562244,0.6206211,-0.924229,1.9189988,-0.9439752,1.0662812,1.267059,0.016910538,0.44932443,0.6071508,-1.1789054,-0.0003190413,-1.1178172,0.99625,0.6160449,105
0.7708864,-1.1996347,0.71054596,0.030933052,0.46701443,-0.65839154,1.5761327,1.8838152,-2.0160255,0.5093759,1.3239462,-1.7757657,-0.721167,-0.9442387,0.97551954,-1.4133856,36
-0.8379576,0.13195151,-0.75032395,-0.22265548,1.9636773,-0.5360582,-0.13693336,2.1554575,-1.2176783,-0.08964561,0.8710731,-1.7408502,0.51345867,-1.791909,-1.0508034,-0.3156184,80
-0.2765212,-0.3703893,-0.6247506,-0.017831862,1.3167251,-0.10606021,0.39008108,1.7927562,-1.1404287,0.09887238,1.7378066,-1.090444,0.64057434,-1.6087692,-0.13463694,-0.72637826,43
-0.14028041,-0.74190867,-0.27971023,-0.42325652,1.9859387,-0.46210837,0.12683557,2.6107306,-1.8934909,0.5404745,1.9343708,-0.24818887,0.9036397,-1.3131778,-0.2760447,-0.8667646,43
0.3202981,-0.22700764,0.44062054,-0.07038218,0.9403817,-0.33707267,0.81310344,1.5572343,-1.273487,0.90318316,1.3840414,-0.45559758,0.88704556,-1.3344574,0.16783342,-0.9223572,43
-0.14252234,-1.9053324,-0.60894585,-0.28239977,1.8292314,0.53771734,0.8605649,1.8979318,-1.4366529,-0.095107645,1.546216,-0.797307,-0.4708064,-0.79903287,0.77903444,-0.8681274,79
-0.039896846,-0.39503306,-0.43609536,-0.14721897,1.2616462,0.4222285,0.435094,1.5887969,-1.3953146,0.3692913,1.2921914,-0.13947175,0.45453104,-1.3015375,0.09997389,-0.9913633,43
0.02411677,-0.978282,-0.5250918,-0.19250542,1.3435336,0.6042069,0.64600056,1.4996992,-1.2885526,0.19233084,0.8476182,-1.13174,-0.51627094,-1.1532893,0.05221209,-1.0815585,79
-0.17576343,0.12366137,-0.5401223,-0.11588845,1.2456383,0.44331852,0.26107228,1.3500999,-1.2030022,-0.08482006,1.0898721,0.07058829,0.8695933,-1.31291,0.16171296,-0.4793627,43
-0.9994988,-0.28958073,0.38771534,-0.8829689,2.1821475,-1.0923493,0.7863568,1.4401269,-0.10103937,0.40573722,0.42129022,-1.0753918,-0.0474165,-1.320997,0.8551928,1.1033854,105
0.7185486,-0.96416664,0.67091495,-0.09929663,0.5125646,-0.39960998,1.7328258,1.5873374,-1.9032822,0.29016042,0.8882043,-1.4284909,-1.0756122,-0.5696303,1.2230711,-1.3158307,36
-0.7002632,0.19029468,-0.5560428,-0.18655139,2.2456694,-0.408271,-0.10803309,2.2631614,-1.2588229,0.13177727,0.6842588,-1.7652423,0.48706573,-1.8183886,-1.3533106,-0.3164581,80
-0.15153003,-0.36404294,-0.23408675,-0.11152375,1.2523128,-0.3483633,0.56487423,1.5358164,-0.7602428,0.26218423,1.506095,-1.2698137,0.25983864,-1.5221574,-0.066484146,-0.4742044,43
-0.20688632,-0.73515797,-0.33656606,-0.43392035,1.9861867,-0.3897851,0.1012955,2.5743666,-1.8721576,0.49880505,1.9072447,-0.20443314,0.8819208,-1.2708725,-0.26012096,-0.85233593,43
0.29466146,-0.33080503,0.5089085,-0.02356714,0.7918223,-0.43227142,0.95606583,1.5245365,-1.3120047,0.79230136,1.3528149,-0.68461347,0.87908715,-1.2869785,0.37820944,-0.89015365,79
-0.32362753,-2.4077322,-0.76445526,-0.2953137,1.8769453,0.6261103,0.5362981,2.2715287,-1.6504626,-0.19793229,2.1284559,-0.6647903,0.034845844,-0.872614,0.76198614,-0.97272885,43
-0.033859342,-0.4164573,-0.37332475,-0.2029936,1.1850407,0.43628857,0.5002632,1.4793783,-1.2812399,0.37415802,1.241195,-0.21962494,0.3199523,-1.2293434,0.1882212,-1.0111026,43
0.0722176,-0.84157753,-0.47904712,-0.3452135,1.3543361,0.50346506,0.72982484,1.3988646,-1.2415186,0.11176053,0.698316,-1.227075,-0.6587806,-0.9559834,0.105772786,-1.2414911,79
0.15748042,0.172647,-0.34179392,-0.17329708,1.2412714,0.32327595,0.46808004,1.2610819,-1.0693855,0.005563058,1.1460317,0.2356855,1.0710145,-1.2923502,0.29277617,-0.37914282,43
-1.4067824,0.11251813,0.034098692,-0.82730293,2.292437,-0.68980294,0.2566577,1.6018574,-0.20454983,-0.10310508,0.35430363,-0.71156394,-0.14710495,-1.3694732,0.58524936,1.3167744,105
0.9269735,-1.509272,1.3042719,-0.19943962,0.48663783,-0.117452174,1.9334302,1.4736193,-1.4169707,0.8497752,0.83933854,-1.6731327,-1.1223226,-0.60899985,1.1473169,-1.5237255,36
-0.49805698,0.11667144,-0.41064686,-0.09274939,1.9346439,-0.5084867,-0.20631072,2.2441137,-1.3499744,0.048452184,0.8495984,-1.7532365,0.6178715,-1.7844614,-1.3084239,-0.39737064,80
-0.16491422,-0.32651168,-0.060601592,-0.20335168,1.2969372,-0.4535702,0.5473806,1.4529339,-0.60101104,0.2787668,1.2745745,-1.245431,0.10644956,-1.485091,-0.069078244,-0.231073,43
-0.30212474,-0.8009696,-0.37418443,-0.4570085,2.014365,-0.35792813,0.08450665,2.586496,-1.8710722,0.45921862,1.8973155,-0.24445774,0.84669447,-1.226344,-0.24203348,-0.8627596,43
0.30122367,-0.3025079,0.56762135,-0.10892302,0.60407096,-0.32862434,0.96974397,1.2449785,-1.1398972,0.748605,1.189419,-0.54448473,0.6676125,-1.1020265,0.5615684,-0.90340286,79
-0.28855774,-2.193612,-0.6719191,-0.18571287,2.105586,0.4045979,0.30119422,2.4920683,-1.6052668,0.13494095,2.3222394,-0.5125216,-0.076870374,-1.1205187,0.3354194,-0.6927378,43
-0.15043752,-0.602684,-0.378366,-0.31747526,1.1928731,0.46068206,0.55330735,1.4271393,-1.2383972,0.32160312,1.2415485,-0.21755123,0.20937559,-1.0565436,0.39142084,-1.0748919,79
0.20243934,-1.4556493,-0.1895167,-0.35998398,1.3690814,0.41202483,0.6595141,1.670836,-1.3043485,0.446149,1.0896857,-1.3075986,-0.68871284,-0.9436714,0.006769091,-1.5234606,79
0.305322,-0.058423996,-0.14415169,-0.20669922,1.245869,0.21678725,0.7248772,1.1942879,-0.9635829,0.054152906,1.1477194,0.03826672,0.87456995,-1.1745272,0.51293045,-0.36540896,43
-1.5036376,-0.14304207,0.23098063,-0.5374621,2.0800817,-0.6468929,0.33069655,1.5265462,-0.096640386,0.0048256367,0.31528968,-0.5674795,-0.17302588,-1.4271979,0.6529985,1.8723884,105
0.8949739,-1.8329089,1.4379013,-0.31893045,0.671618,-0.04429832,2.029559,1.5124866,-1.3126225,0.8959823,0.7956714,-1.6895062,-1.2511024,-0.5809193,1.2784445,-1.5649409,36
-0.3652547,0.4342344,-0.4361155,-0.23017019,1.7681752,-0.59566367,-0.30826348,1.8747936,-1.1396893,0.18102793,0.74656105,-1.4145393,0.38105524,-1.6262416,-1.3450054,-0.5726862,80
-0.29461095,-0.26091737,0.072876185,-0.2492048,1.288822,-0.3799324,0.5237295,1.3419499,-0.4633964,0.24882993,0.8741834,-1.2575611,0.0485791,-1.436352,-0.094010405,-0.039061815,43
-0.46462166,-0.80821705,-0.42987293,-0.5130273,2.0780525,-0.31571746,0.08834852,2.4865975,-1.8171667,0.42481297,1.7611543,-0.11308341,0.71757287,-1.1073239,-0.13262165,-0.8241128,43
0.19412008,-0.20658748,0.6597393,-0.12284428,0.4906159,-0.21092248,1.1454005,0.9015064,-0.87982917,0.8593333,0.85959685,-0.4389041,0.5621896,-1.0702734,0.79412824,-0.733474,79
-0.33322462,-2.081839,-0.7657584,-0.12387362,2.1449592,0.33352295,0.154082,2.5329251,-1.5570576,0.09866328,2.4305205,-0.4447955,-0.106119655,-1.1633704,0.18761808,-0.49930546,43
-0.31537873,-1.1596609,-0.383148,-0.3746106,1.2886189,0.7757741,0.5113379,1.5233113,-1.2911795,0.42876673,1.3585175,0.07522452,0.29528016,-0.9125925,0.56107575,-1.188801,79
0.32205185,-1.6435007,-0.0074433833,-0.15945798,1.4756689,0.2994558,0.63680625,2.0189183,-1.5690485,0.4415474,1.2770314,-1.3822832,-0.5903329,-1.1038338,-0.057637878,-1.4444923,79
0.1852453,-0.34660855,-0.16563249,-0.19935018,1.2197742,0.14789951,0.9144616,1.2372131,-1.035606,0.014586292,1.1618397,-0.23250216,0.880865,-1.0939932,0.74878603,-0.4749313,43
-1.411777,-0.5841266,0.60233986,-0.5709516,1.6859044,-0.9284724,0.6111999,1.4447094,-0.1590626,0.1810023,0.32540917,-0.75090826,-0.17229885,-1.1889892,1.0004956,1.8189962,45
0.7264395,-1.8476017,1.326524,-0.36722577,0.83001035,-0.11784303,1.9774221,1.5661172,-1.3425697,0.90322465,0.81605524,-1.565886,-1.299467,-0.58029854,1.328447,-1.6219907,36
0.15836993,0.46063498,-0.31853044,-0.15475562,1.7540946,-0.428043,-0.21009296,1.697527,-1.0474716,0.57661504,0.94130486,-1.1455148,0.0026526004,-1.5276809,-1.5682518,-0.82934856,43
-0.48585892,-0.21357083,0.10365392,-0.16941008,1.2329348,-0.19000466,0.51274604,1.2823966,-0.49401546,0.12760568,0.46525294,-1.2787919,-0.033530064,-1.3979439,-0.06333829,0.12141383,43
-0.5052419,-0.95959437,-0.40695983,-0.54543394,2.099656,-0.27333266,0.12188153,2.4901419,-1.8551797,0.40662807,1.6565858,-0.12865013,0.6118933,-1.0137181,-0.044079162,-0.8209675,43
0.22003242,-0.28483805,0.96995014,-0.15392664,0.41927132,-0.25120512,1.4583527,0.67512554,-0.6310798,1.0433894,0.590698,-0.6007825,0.396425,-1.0329742,1.0452952,-0.6272068,113
-0.26560235,-1.9902606,-0.7099321,-0.10185954,2.1576493,0.22598109,0.052312333,2.5748131,-1.5778667,0.036050573,2.4195795,-0.524988,-0.13447857,-1.1501237,0.02753346,-0.47062436,43
-0.2568447,-1.5716676,-0.21846727,-0.34569037,1.2469683,0.53632534,0.36428824,1.8785561,-1.499708,0.5223328,1.7360653,-0.109865546,0.2504136,-0.9241366,0.48924476,-1.3281465,79
0.31992796,-1.8928062,-0.025310874,-0.05645886,1.5808249,0.038532168,0.49485493,2.4377658,-1.8330374,0.3682446,1.6881765,-1.5213296,-0.51491964,-1.1638999,-0.17623824,-1.5006309,79
-0.027331196,-0.6866181,-0.20468518,-0.20748654,1.1297159,0.16309941,1.0900805,1.2522472,-1.1198736,-0.04028464,1.137091,-0.4007435,0.93273604,-0.9754484,1.0767708,-0.59879273,43
-0.93415195,-1.1718552,1.1640458,-0.73025674,1.401736,-1.1707282,1.0205873,1.1692971,0.09854174,0.54611534,0.2883393,-1.393252,-0.70557886,-0.8849476,1.210286,1.5399709,105
0.6873824,-2.1604106,1.2377672,-0.3943277,0.93014115,-0.28347313,1.8030798,1.9196123,-1.5430883,0.88248026,1.2228875,-1.6975331,-1.1402997,-0.6515095,1.2567406,-1.7691107,36
0.5443774,0.17187545,-0.2525602,-0.19236553,1.6833581,-0.19502245,-0.042357523,1.5489032,-0.9887514,0.51812524,1.1638775,-1.1287824,-0.25841105,-1.2282919,-1.439179,-1.1600175,43
-0.5719129,-0.22913411,0.14163493,-0.10108599,1.1577189,-0.1569829,0.38015547,1.3955846,-0.5885512,-0.0071817487,0.52038723,-1.2219356,0.13026044,-1.404499,0.012659498,0.26577026,43
-0.42400172,-1.1104563,-0.33568335,-0.5617206,2.0896688,-0.022527903,0.16095944,2.4812863,-1.8915257,0.4335959,1.5245651,-0.09809914,0.74748456,-0.9802317,-0.057220362,-0.9373746,43
0.2200073,-0.30494374,1.1354334,-0.26292264,0.4192596,-0.17892522,1.6647854,0.43385297,-0.35642236,1.1406937,0.31932598,-0.66181123,0.19322072,-0.9279325,1.1884007,-0.5885408,113
-0.15766332,-1.8467346,-0.57526976,-0.017918289,2.201982,0.19419825,-0.028200958,2.5926652,-1.5579625,0.1604274,2.3373365,-0.5160481,-0.32735273,-1.1622214,-0.24740782,-0.31851536,43
-0.21579537,-1.9191581,-0.03652723,-0.2936912,1.4142946,0.2399908,0.22675596,2.4107857,-1.7195626,0.7275474,2.1243834,-0.36956987,0.17816617,-1.1247423,0.29910156,-1.2568452,43
0.25590566,-2.0537577,-0.055256635,-0.017839074,1.7508721,-0.25726393,0.35858765,2.8392797,-2.0435095,0.43361062,1.9679596,-1.7376798,-0.42024055,-1.2956829,-0.38785464,-1.4736202,79
-0.1323122,-0.9605143,-0.16261154,-0.22777371,0.9465567,0.35112497,1.2683477,1.0983697,-1.0688139,-0.056741938,0.96215814,-0.41065192,0.84451514,-0.80409133,1.4087172,-0.7112288,79
-0.66020674,-1.6351867,1.3920352,-0.9163686,1.15085,-1.4434463,1.4436896,0.60963434,0.5031985,0.79339874,0.15350328,-1.8234124,-1.3901829,-0.43415523,1.5387279,1.4847641,105
0.7344584,-1.9262735,1.1660321,-0.42446443,1.1452844,-0.2705665,1.4801426,2.1388147,-1.4920074,1.0782157,1.4018809,-1.6546062,-1.1630588,-0.8268103,0.6988309,-1.668885,36
0.51305413,-0.29718027,-0.6109444,-0.29745096,1.4064126,0.045416057,0.098891385,1.3062651,-1.0725982,0.0690085,1.4510356,-1.1065682,-0.009598769,-0.74761087,-0.92366195,-1.5639296,43
-0.74486613,0.057928145,-0.018132001,-0.09638533,1.24976,-0.005321741,0.17937812,1.3626757,-0.50135815,-0.14956032,0.5172024,-0.75463593,0.32771483,-1.4166248,0.057137616,0.5902911,80
-0.35390186,-1.4919046,-0.38385218,-0.70059395,1.9695338,0.10212082,0.1856053,2.4186883,-1.8657886,0.3840502,1.6133263,-0.19595093,0.59506655,-0.7986954,0.12369251,-1.1907327,43
0.11124407,-0.52841854,1.1271874,-0.30447668,0.5367348,-0.1566938,1.8506161,0.44181946,-0.30937234,1.1671339,0.14038552,-0.7777523,0.10593121,-0.9187397,1.3639687,-0.55315775,113
-0.16343878,-1.7007592,-0.5687979,-0.008912116,2.2497303,0.14542699,-0.025126714,2.5534275,-1.5264671,0.14770326,2.1969953,-0.6368464,-0.35604683,-1.1489958,-0.38638198,-0.2983265,43
-0.1555176,-2.0071354,0.038760483,-0.29530698,1.5022131,0.07356858,0.22608577,2.68851,-1.8147807,0.7662242,2.2658381,-0.6783191,0.21820256,-1.2385379,0.15653539,-1.2585101,43
0.27696007,-1.9655877,-0.0011709034,-0.0070795715,1.9639115,-0.4788028,0.22662084,3.1239269,-2.1122327,0.6262176,2.0787323,-1.8540395,-0.40123567,-1.497492,-0.71236,-1.3322303,79
-0.05793321,-1.3637594,-0.057192028,-0.1713408,0.82108337,0.4084092,1.4589468,1.163857,-1.208068,-0.16337541,0.95385057,-0.5623524,0.8021581,-0.6240817,1.6797696,-0.8336097,79
-0.33244783,-2.2877557,1.7042253,-1.1891527,0.77754605,-2.0310867,2.1478508,0.009203911,0.8312061,1.0872737,0.12269731,-2.4275146,-2.1366582,0.20310207,2.2199605,1.4399433,105
0.6346255,-1.7985009,1.0812777,-0.4293239,1.2764453,-0.43213046,1.3074951,2.4157424,-1.6032094,1.1120065,1.550754,-1.8200017,-0.9432401,-0.9695401,0.39460897,-1.650136,36
0.47061938,-0.82488465,-0.7881195,-0.26407897,1.2564051,0.0527398,0.229755,1.4836767,-1.3946922,-0.1686841,1.8513082,-1.2557818,0.3076103,-0.59162676,-0.53010315,-1.8290875,43
-0.89263093,0.3507597,-0.2077598,-0.1436378,1.3990568,0.09630412,0.05878681,1.2669388,-0.44430727,-0.32437575,0.35063884,-0.3211759,0.419468,-1.3392315,0.11627175,0.82909805,80
-0.3198713,-1.8319782,-0.5724502,-0.7009718,1.7495875,0.28941998,0.16943443,2.3416684,-1.8521653,0.18397295,1.8708177,-0.21937406,0.65819055,-0.6654186,0.33034447,-1.3819613,43
-0.046996918,-0.8321892,0.9589489,-0.27020365,0.5423494,-0.090609714,1.9182897,0.54761374,-0.47576767,0.8868602,0.056466922,-0.8704119,0.22955707,-0.85781443,1.6750027,-0.51038104,113
-0.22855487,-1.6436112,-0.69165105,0.02893731,2.2702918,0.24904963,-0.027093057,2.4238825,-1.422486,0.05363687,2.0196095,-0.805308,-0.39694148,-1.1458443,-0.52418613,-0.25481826,43
-0.036950544,-2.025303,0.022027835,-0.24503885,1.5744878,-0.046095997,0.20650844,2.9003258,-1.8952352,0.74183655,2.4053571,-0.99322,0.19845246,-1.3420798,-0.09229768,-1.2480905,43
0.11990291,-2.0279663,-0.15191874,-0.1058332,2.13154,-0.40013626,0.15605977,3.2218738,-2.1393318,0.64441985,2.1672447,-1.7783655,-0.29230866,-1.487734,-0.74278414,-1.3615217,79
0.030226424,-1.4840201,-0.06026748,-0.1455299,0.7167458,0.664847,1.5684154,1.007787,-1.1439482,-0.28451395,0.8261789,-0.5391867,0.8634999,-0.47812217,1.8375024,-0.85135293,19
0.20515472,-3.0686653,2.2582965,-1.5739844,0.13083982,-2.6570387,2.8777092,-0.5787438,1.3970149,1.6633801,0.40826863,-3.332656,-3.0117507,0.74665296,2.9114473,1.0904686,105
0.4775182,-1.6525996,0.8788347,-0.40023258,1.343976,-0.47919518,1.0816823,2.5497794,-1.7007388,0.98059416,1.5854346,-1.8251878,-0.68853635,-1.0895774,0.1900757,-1.5518367,36
0.34082246,-0.96427953,-0.9244545,-0.38112834,1.2829977,0.34099767,0.23844051,1.3922089,-1.381641,-0.30154675,1.8546847,-0.98571634,0.39523125,-0.37720245,-0.3070435,-1.9763408,43
-0.9729261,0.48004392,-0.35920548,-0.1833627,1.5491239,0.10162002,-0.004253667,1.2958008,-0.54254866,-0.5121665,0.2335943,-0.13426808,0.4632779,-1.2378833,0.12558086,0.8945429,80
-0.38265592,-1.9254256,-0.67516744,-0.67493284,1.6515611,0.4146684,0.0958218,2.2659762,-1.8010389,0.1375351,1.9262286,-0.06350468,0.66948503,-0.633117,0.4001612,-1.3579128,43
0.05133976,-1.0482852,0.84197193,-0.3042967,0.46546865,-0.034015357,1.9572556,0.59188277,-0.647323,0.62988967,0.16452485,-0.8421688,0.3334306,-0.6710423,1.9673278,-0.5592635,113
-0.21055663,-1.4191265,-0.7332523,0.121685445,2.2384045,0.3078117,0.04215496,2.2383425,-1.2629077,0.008631043,1.7865278,-0.9743713,-0.49289963,-1.2052969,-0.661148,-0.11921648,43
-0.0004965067,-1.7608823,0.09829771,-0.2070814,1.7451552,-0.2516976,0.2287368,2.9883187,-1.8122377,0.89715385,2.3512275,-1.1628319,0.041541662,-1.4768958,-0.379451,-1.0388411,43
0.043815345,-1.9895262,-0.27916327,-0.14771539,2.190731,-0.21503465,0.08148974,3.1295037,-2.0852497,0.63044304,2.132476,-1.4886105,-0.3296445,-1.4125551,-0.7197375,-1.301779,79
0.14845005,-1.6656946,0.13362405,-0.13597852,0.60500896,0.83340573,1.8158553,0.8910854,-1.0958608,-0.30565476,0.6451511,-0.7269248,0.8435001,-0.34716296,2.0620353,-0.92602444,19
0.31522828,-3.375596,2.4381204,-1.8258175,0.11975577,-3.0482888,3.2515671,-0.578511,1.1778084,1.7585055,0.14250462,-3.7420695,-3.096253,1.0925187,3.2325823,0.77782327,105
0.20552734,-1.47744,0.57796526,-0.364635,1.443916,-0.31387258,0.8721546,2.5093272,-1.7358271,0.80884326,1.4516402,-1.4879065,-0.55037516,-1.1154413,0.13953827,-1.3890867,79
0.20253554,-1.0513228,-1.05692,-0.55854,1.2613726,0.66729724,0.2649095,1.1465306,-1.2405201,-0.471296,1.764164,-0.60253125,0.37858954,-0.07309689,0.009457611,-2.1204278,43
-1.0458403,0.52771115,-0.46361804,-0.1936787,1.6216315,0.15733805,-0.07268399,1.285987,-0.5804504,-0.6144648,0.14599968,-0.071549505,0.4615664,-1.1817247,0.054373816,0.9090944,80
-0.3856915,-2.181529,-0.65584904,-0.7244997,1.7125825,0.41936198,-0.015309554,2.4149563,-1.856878,0.25265312,2.1068792,0.0012816191,0.5302822,-0.6047348,0.34849003,-1.3836751,43
0.096577406,-1.0701456,0.8765242,-0.2894448,0.30792016,-0.012246072,1.9907864,0.5938294,-0.81765103,0.5196018,0.18388727,-0.6910665,0.56631154,-0.5668493,2.1986866,-0.5808731,19
-0.16579066,-1.1492693,-0.6915486,0.1723749,2.2252035,0.3242106,0.15107475,2.0470974,-1.1168375,-0.059549898,1.5314387,-1.0864114,-0.6111554,-1.2029196,-0.7230968,-0.012092337,43
0.02450125,-1.734468,0.029734075,-0.2479842,1.8709604,-0.1286221,0.24047758,2.9157162,-1.7042631,0.8832132,2.2844524,-1.1514362,-0.13503659,-1.3986818,-0.4846035,-1.021775,79
-0.062067695,-1.9225879,-0.44022077,-0.25415468,2.2430124,0.09294799,-0.0045661815,2.89217,-1.9326123,0.56968045,1.9898564,-1.0945866,-0.42876974,-1.2211151,-0.6717371,-1.2757382,79
0.12800243,-1.7988617,0.333253,-0.13936266,0.56363064,0.9059484,1.9317693,0.83078504,-1.0009941,-0.28122604,0.4280972,-1.0205853,0.9832545,-0.2764501,2.0776646,-0.93517065,19
-0.12852433,-2.9117205,2.1566238,-1.8997871,0.55284184,-2.971002,2.9258595,-0.06564483,0.78604674,1.5063102,0.37427437,-3.1057243,-2.3020048,0.9232277,3.2452023,0.9175629,105
-0.0032797232,-1.4940705,0.40819117,-0.35639936,1.6079782,-0.28164178,0.742207,2.606575,-1.8148408,0.66446877,1.4476386,-1.374248,-0.34241948,-1.1318628,0.111970514,-1.2729347,79
0.26961145,-1.2008218,-1.0450299,-0.67668205,1.211267,0.86681247,0.40825683,1.0221697,-1.2183214,-0.60476756,1.7705133,-0.27021605,0.43906915,0.17163102,0.3911453,-2.228889,43
-1.07442,0.5190629,-0.5073883,-0.21288507,1.7148026,0.17131102,-0.117519155,1.2651191,-0.55717427,-0.67129153,0.12429601,-0.061518073,0.36214498,-1.1268742,-0.012139082,0.9277411,80
-0.43714723,-2.2270694,-0.61213386,-0.7098142,1.8549991,0.3875089,-0.039701026,2.53931,-1.8110182,0.31705463,2.1020951,-0.19436133,0.35733205,-0.67213523,0.16594839,-1.3131771,43
-0.03864467,-0.9998888,0.7108592,-0.30745384,0.20435172,0.024396956,1.9580864,0.5812675,-0.96954894,0.41698408,0.16819468,-0.4496646,0.8765582,-0.48635894,2.372621,-0.57921195,19
-0.1640835,-0.8985622,-0.6852897,0.17402035,2.1547978,0.4332311,0.25329986,1.7509547,-0.89726675,-0.08266756,1.248952,-1.0583881,-0.7226331,-1.1670903,-0.7018421,0.11996177,43
0.050609022,-1.8324211,-0.08890991,-0.24564748,1.8438914,0.016960561,0.26921993,2.8002815,-1.6563723,0.7837447,2.256825,-1.1130701,-0.210017,-1.3205688,-0.41617474,-1.0280113,79
-0.091112405,-2.1116707,-0.47062844,-0.30242205,2.222464,0.15272883,-0.013843123,2.8708084,-1.9243882,0.5477336,2.02355,-1.1507518,-0.46678057,-1.1005528,-0.6578921,-1.366615,79
-0.03044089,-1.6741285,0.25691286,-0.16917256,0.53125054,1.1581677,1.8568143,0.7443655,-0.9394736,-0.42844713,0.2302586,-0.9348453,1.2508464,-0.24790287,2.0842745,-0.90618795,19
-0.17070562,-2.64145,1.7776332,-1.5357664,0.73259705,-2.5177255,2.5844493,0.18219142,0.46385494,1.1597401,0.45117807,-2.7249334,-2.0685444,0.6522393,2.9057648,0.9568569,105
-0.13921842,-1.5344808,0.24162722,-0.34906113,1.6900755,-0.20663905,0.6490368,2.6401484,-1.8304558,0.61421156,1.4622198,-1.2790388,-0.21166402,-1.1584074,0.07838234,-1.1708498,79
0.3813164,-1.3071835,-0.9885053,-0.7426702,1.2073877,1.0372736,0.57906127,0.9344212,-1.2470316,-0.69815695,1.6985424,0.06327647,0.5448693,0.3518234,0.74187577,-2.2291963,43
-1.0840642,0.46071157,-0.4405632,-0.24930105,1.72521,0.13296905,-0.1447067,1.2705253,-0.5062139,-0.65295196,0.18809731,-0.12534457,0.31009203,-1.1109238,-0.04667888,0.9264068,80
-0.51839936,-2.088113,-0.6498227,-0.6645706,1.8961903,0.48254076,-0.03521992,2.4528878,-1.6674551,0.41462773,1.9346787,-0.2079965,0.23767498,-0.7677283,0.045266017,-1.1260619,43
0.0064551085,-0.88506556,0.6880054,-0.32404488,0.120587446,0.04013902,1.9583935,0.48507676,-1.0099821,0.34754038,0.03661397,-0.33071813,0.96415055,-0.3784023,2.427896,-0.5834975,19
-0.15507835,-0.71562105,-0.62149245,0.15123516,2.0597394,0.49885228,0.37746492,1.503496,-0.7774484,-0.08846483,0.9416508,-1.0374085,-0.76464826,-1.1018846,-0.61658657,0.17529967,43
0.01690615,-1.7620766,-0.23876119,-0.26552057,1.8216578,0.2227656,0.28737465,2.5829685,-1.5514659,0.64259297,2.054795,-1.0043453,-0.2349388,-1.2417969,-0.35786635,-0.99365026,79
-0.157732,-2.0095296,-0.50977075,-0.36537305,2.1521459,0.34746012,0.012918055,2.6191888,-1.7453438,0.55833435,1.8095422,-1.0011487,-0.51782,-1.0030652,-0.60547537,-1.342597,79
-0.06860706,-1.4518821,0.26931876,-0.23971523,0.57311594,1.2365586,1.7678038,0.70103014,-0.8893012,-0.52502465,0.096859604,-0.752391,1.421305,-0.16742563,2.0429387,-0.8240122,19
-0.11552003,-2.6564848,1.8247905,-1.4250802,0.7461799,-2.5000682,2.554687,0.22878079,0.3956178,1.0701379,0.483504,-2.626165,-2.0325017,0.6676591,2.9270804,0.9716845,105
-0.3329206,-1.2373941,0.0004004836,-0.40868542,1.7086341,0.19010419,0.5493224,2.2820518,-1.5709767,0.60433984,1.1367863,-0.7317536,-0.20277435,-1.1142404,0.11420375,-0.93330675,79
0.4330082,-1.1486276,-0.9276671,-0.8096745,1.2333578,1.247064,0.70781654,0.7354862,-1.1573466,-0.71169686,1.4375224,0.47360972,0.6371215,0.4693491,0.9775396,-2.103995,79
-1.080847,0.35861036,-0.3977781,-0.24676083,1.7393163,0.1107178,-0.12296437,1.2452153,-0.47519603,-0.6600494,0.28742024,-0.08731677,0.24216741,-1.0677364,0.031764068,1.0107648,80
-0.5049647,-1.8578845,-0.51701456,-0.601513,1.9447551,0.45430592,0.0057812966,2.4460585,-1.5671812,0.6103507,1.7215948,-0.33857614,0.16682142,-0.9336836,-0.16435918,-0.9181705,43
0.13889664,-0.7729541,0.8157034,-0.38898832,0.1267,-0.004484713,1.9787782,0.37909812,-0.91845083,0.39320493,-0.08666459,-0.28645784,1.0297043,-0.3095134,2.4204478,-0.5259268,2
-0.23096693,-0.6252945,-0.5648199,0.077712536,2.012974,0.54306865,0.47025692,1.3307691,-0.68174994,-0.093932256,0.6711541,-1.0220369,-0.8156986,-1.0085573,-0.5093617,0.24483338,79
-0.009902924,-1.6826286,-0.37077034,-0.2706032,1.7954415,0.37795916,0.29951906,2.3584216,-1.4184009,0.52684855,1.8858727,-0.9698063,-0.30139107,-1.1798319,-0.34835035,-0.9720524,79
-0.19733766,-1.902894,-0.4916876,-0.3942558,2.0955262,0.44589075,0.07343295,2.4168906,-1.5963892,0.57493573,1.6074042,-0.95062566,-0.57600516,-0.9378458,-0.5798912,-1.2852383,79
-0.08069722,-1.2206354,0.312643,-0.3128295,0.5601073,1.2100662,1.6489567,0.6536938,-0.8213692,-0.5656756,0.052867815,-0.6159489,1.5242816,-0.10249068,1.9583904,-0.78411347,19
-0.0015407801,-2.9095545,2.068828,-1.6239874,0.7364513,-2.7700293,2.8215659,0.23888865,0.43839583,1.2591122,0.57554066,-2.8220437,-2.174685,0.8442,3.208736,0.77460605,105
-0.38576704,-1.185235,-0.07565315,-0.41578433,1.7131221,0.31927505,0.48407397,2.160174,-1.4586332,0.57682073,1.0525682,-0.62689865,-0.2194753,-1.0809197,0.057115015,-0.8388855,79
0.48756552,-1.0435504,-0.8222601,-0.81964934,1.2803268,1.3110735,0.81462526,0.66391826,-1.0705146,-0.64788485,1.2872868,0.51233387,0.71740913,0.45601493,1.0149231,-2.0005405,79
-1.1283963,0.31889442,-0.32779825,-0.27622235,1.7311801,0.061709076,-0.038010646,1.2448771,-0.5348692,-0.66930515,0.1978176,-0.10163079,0.27171734,-1.0146711,0.18136305,1.0052238,80
-0.45737955,-1.7120894,-0.39505398,-0.56432813,1.9856086,0.41242066,0.041767284,2.432607,-1.4475486,0.8226982,1.6048101,-0.5702679,0.04583183,-1.0605026,-0.41886392,-0.82036865,79
0.33892623,-0.7761823,0.90245545,-0.43186137,0.11323486,0.09069291,1.9654907,0.3042991,-0.86172235,0.38997012,-0.09836042,-0.2668482,1.1139498,-0.23205402,2.3592477,-0.5967401,2
-0.27279234,-0.6713416,-0.51800746,0.077430606,1.9432126,0.570977,0.55292493,1.2112206,-0.58270574,-0.092866674,0.5747372,-1.1544974,-0.89647675,-0.9310269,-0.48408857,0.29725683,79
-0.005662225,-1.6670915,-0.47219694,-0.2747552,1.7663182,0.48530897,0.33413956,2.1718535,-1.2935253,0.43981695,1.7941546,-1.0161797,-0.38442692,-1.1298722,-0.33131808,-0.9848792,79
-0.23580104,-1.8252343,-0.475886,-0.42499298,2.056488,0.5354105,0.14669561,2.2457402,-1.4701594,0.5724715,1.423958,-0.93962026,-0.6131875,-0.8720489,-0.5475011,-1.2431877,79
-0.045512997,-1.090637,0.39362466,-0.3151974,0.54028964,1.1281879,1.5592587,0.6523855,-0.80797946,-0.57240444,0.045763135,-0.5354406,1.5468663,-0.08658242,1.8908421,-0.7261353,19
0.28380522,-3.1368358,2.2060125,-1.5981798,0.59491086,-2.850524,2.8987997,0.23782194,0.40003636,1.3637625,0.5759505,-3.1382656,-2.499135,0.8436547,3.13363,0.43041056,105
-0.3675832,-1.3017824,-0.10397014,-0.3694313,1.6824529,0.3547925,0.46409175,2.1187177,-1.4055562,0.5593936,1.0982286,-0.7704601,-0.31077838,-1.040854,-0.044036247,-0.8508961,79
0.5488896,-1.0146087,-0.6932319,-0.8467746,1.3222154,1.348884,0.8924101,0.6468572,-1.002515,-0.6192765,1.1932557,0.44911608,0.78511846,0.45444697,1.0258898,-1.9485815,79
-1.1100807,0.25129405,-0.31773642,-0.30177665,1.7150649,0.10020223,0.010981962,1.1988851,-0.50585103,-0.6567221,0.16208594,-0.25730705,0.19432601,-0.9938399,0.19206643,0.9262698,80
-0.467432,-1.4999799,-0.39963305,-0.6021188,1.9760089,0.6284895,0.040810198,2.2280247,-1.2187669,0.94617975,1.3974634,-0.5676521,-0.07246523,-1.0862676,-0.5933536,-0.7769226,79
0.47204125,-0.7370328,1.0360675,-0.51959294,0.13115853,0.16753107,1.9778938,0.25652185,-0.7880291,0.46442413,-0.124477684,-0.25777364,1.1545713,-0.19134867,2.2974877,-0.7230314,2
-0.33703727,-0.6123376,-0.4581219,0.049718976,1.8967307,0.5758765,0.62045676,1.1042011,-0.5224458,-0.111311406,0.42509088,-1.1577077,-0.9161287,-0.8485014,-0.41185203,0.3661164,79
-0.05309864,-1.6058792,-0.5198695,-0.3263806,1.7768723,0.5277282,0.41936335,1.989835,-1.1812786,0.37174064,1.59849,-1.0230095,-0.41657186,-1.0676004,-0.23240104,-0.94950855,79
-0.32032585,-1.6668231,-0.44312096,-0.46644855,2.039679,0.6375371,0.22554359,2.0517595,-1.338825,0.57524884,1.142985,-0.8328881,-0.61187047,-0.81373703,-0.47710136,-1.1357777,79
0.17745078,-0.8401972,0.7093194,-0.45935684,0.5192302,0.9433328,1.5394932,0.5269935,-0.58275855,-0.35815823,-0.0938766,-0.59114486,1.3020422,-0.017808601,1.6560982,-0.7567874,19
0.606084,-3.1925776,2.6138482,-1.4204195,0.83434534,-2.8226297,3.150682,0.5805563,-0.13780218,1.4047512,-0.2247585,-3.6892774,-2.4055867,0.6265054,2.8515859,0.060083404,105
-0.41190636,-1.1615298,-0.1635777,-0.39052105,1.6550627,0.58878076,0.49951312,1.8469281,-1.2032598,0.5326345,0.8548239,-0.60438144,-0.3594348,-0.97583073,-0.0098501,-0.74812835,79
0.57206833,-0.9586474,-0.57070744,-0.88754153,1.3960502,1.3681508,0.94360536,0.6283461,-0.92609537,-0.61952597,1.056155,0.4381828,0.820423,0.48323172,1.035417,-1.8600209,79
-0.875708,-0.056811765,-0.41111505,-0.36306575,1.6744084,0.05843824,0.44761404,1.0006866,-0.45183024,-0.66304886,0.1810829,-0.49357748,-0.2537046,-0.71521723,0.4729451,0.888398,105
-0.42720073,-1.5666806,-0.35156468,-0.5964988,1.941618,0.67186797,0.11678697,2.2273755,-1.2137077,0.94920975,1.3749846,-0.74393547,-0.07405212,-1.0897924,-0.59938157,-0.82331383,79
0.6017658,-0.76177824,1.1681125,-0.5725657,0.12650326,0.26779738,1.9967813,0.21829739,-0.71383,0.56615365,-0.1344252,-0.3329056,1.2336665,-0.21775126,2.2074077,-0.8516757,2
-0.38635844,-0.51207924,-0.43490726,0.018410504,1.8513029,0.5865859,0.64976,1.0164121,-0.47750974,-0.124504626,0.32398802,-1.1232588,-0.88961935,-0.8017924,-0.3687609,0.39924413,79
-0.09174182,-1.6529504,-0.5550776,-0.35413852,1.7355568,0.56093717,0.47458512,1.8589442,-1.1030732,0.33861548,1.4740556,-1.1174499,-0.44711992,-1.025573,-0.17394423,-0.9518566,79
-0.3612232,-1.6010706,-0.3858583,-0.47891793,1.9969493,0.6753452,0.28184772,1.9474185,-1.2609577,0.58980197,0.9803508,-0.87111926,-0.6174406,-0.7812905,-0.46515563,-1.0860562,79
0.51181304,-0.79515135,1.1154449,-0.5484381,0.38068327,0.57899356,1.6261357,0.52909416,-0.49863568,-0.04714021,-0.019184113,-0.8997048,1.1089149,-0.06966223,1.5593686,-0.87098193,36
0.66667765,-2.811543,0.45511052,0.40280604,0.27281585,-2.1517081,0.70664054,2.3079104,-2.2465518,-0.4824844,2.714761,-3.2055173,1.4564742,-0.6890127,0.51634777,-0.4459421,80
-0.33079046,-1.2747803,-0.1091249,-0.3901608,1.6265765,0.55812263,0.5540178,1.8375864,-1.1705815,0.53407466,0.88732666,-0.8318101,-0.38339517,-0.947439,-0.050082423,-0.7997126,79
0.54683036,-1.0244533,-0.433908,-0.9241559,1.4512854,1.3705117,1.0034721,0.6610241,-0.8757006,-0.6192121,0.931124,0.33027652,0.8357769,0.5202811,1.0728878,-1.7858429,79
-0.6408329,-0.26852143,-0.20596427,-0.7405649,1.6088406,-0.41616657,1.0684673,0.7973589,-0.33930343,-0.56338274,0.2902448,-0.7114297,-0.9512531,-0.056526624,0.9885592,0.8006606,105
-0.43191937,-1.5831453,-0.31592163,-0.61628544,1.8658559,0.7520293,0.19234309,2.145677,-1.158182,0.9689146,1.281939,-0.8292254,-0.06270289,-1.0801579,-0.546612,-0.84393334,79
0.690921,-0.7948657,1.315139,-0.57313955,0.11685395,0.31659386,2.0646236,0.17225891,-0.64820504,0.6999742,-0.17770857,-0.39320877,1.2541119,-0.25434488,2.1635687,-0.931397,2
-0.4643957,-0.40829518,-0.52171344,-0.0055067837,1.8563697,0.6185516,0.67933816,0.93295705,-0.44260922,-0.17079243,0.24006042,-1.0783032,-0.87396884,-0.7720896,-0.3253219,0.42738968,79
-0.13505648,-1.7213974,-0.546202,-0.35253468,1.7217335,0.53099287,0.5649192,1.7906561,-1.1058826,0.30932546,1.3314081,-1.2367692,-0.4543613,-0.982692,-0.09062865,-0.96243864,79
-0.4094274,-1.5589503,-0.32121965,-0.4709117,1.9574233,0.6827804,0.3554909,1.8894289,-1.240527,0.57910424,0.8417544,-0.91825473,-0.5762156,-0.7536134,-0.40817007,-1.0460601,79
0.830453,-0.6313994,1.6001854,-0.7053711,0.37617984,0.27872828,2.0201726,0.35912836,-0.34245396,0.43032825,-0.2663129,-1.0032713,0.57421625,-0.015330128,1.6650051,-0.88355714,36
0.80606437,-2.2300792,0.55682313,0.34632683,0.54075265,-1.9248153,0.31407663,2.867293,-2.5313208,-0.3795752,2.4354968,-3.4533331,1.1987125,-1.1102415,-0.30880678,-1.1165575,80
-0.3877267,-1.278112,-0.16473797,-0.40100658,1.5698042,0.68002677,0.6208201,1.6498793,-1.0437105,0.54326135,0.74013686,-0.79215467,-0.4363787,-0.8940001,0.023166142,-0.73992074,79
0.48487115,-1.0852417,-0.27569023,-0.9870605,1.4499652,1.3226659,1.1169575,0.65455115,-0.814142,-0.59119934,0.77403796,0.21106216,0.74278075,0.58293205,1.1979878,-1.716183,79
-0.41568354,-0.6366193,0.4446223,-0.98019105,1.5020001,-0.89384294,1.7521427,0.61501145,-0.17442127,-0.06500882,-0.0034509301,-1.0975496,-1.5810796,0.1902393,1.508304,0.88547426,105
-0.42167646,-1.5752214,-0.27098864,-0.6473163,1.8060141,0.82034075,0.28406408,2.0316749,-1.0873625,1.005233,1.1695689,-0.9015199,-0.09762233,-1.0373634,-0.48913166,-0.8983133,79
0.72551554,-0.7416221,1.4218628,-0.6079266,0.15022105,0.33522967,2.167071,0.113226995,-0.571728,0.8172721,-0.32095373,-0.4022175,1.2187542,-0.26796725,2.1641195,-0.9151457,2
-0.5835478,-0.29492104,-0.6310996,-0.07896787,1.8930454,0.5666243,0.65281034,0.93202686,-0.47996908,-0.24995427,0.15126702,-1.0516338,-0.8064655,-0.7523401,-0.2809261,0.41329616,79
-0.19351435,-1.8076929,-0.5347217,-0.37474743,1.7469106,0.48488858,0.6531883,1.7660234,-1.1307077,0.27307427,1.2038596,-1.4073997,-0.47573695,-0.9107037,-0.04150646,-0.99920017,79
-0.42604023,-1.5177358,-0.3362283,-0.4913636,1.8985476,0.785913,0.41216,1.783834,-1.1838235,0.53880763,0.7509761,-0.9388157,-0.5828242,-0.6822137,-0.3636711,-1.062684,79
1.2224493,-0.86306965,2.0724454,-0.7625774,0.45320022,0.10899246,2.594826,0.24150279,-0.2739793,0.80774206,-0.53621566,-1.232893,-0.21176535,0.1364963,1.9146831,-0.8931338,126
0.600728,-1.5542825,0.20395336,0.3565452,1.0221627,-1.5140578,0.09984511,3.1191561,-2.8713255,-0.22062854,2.1744914,-2.6155794,1.0665069,-1.1757677,-0.65003175,-1.05565,80
-0.40116185,-1.3146921,-0.11765632,-0.44447792,1.5834476,0.680866,0.6991782,1.5767845,-0.99192417,0.5620856,0.63397527,-0.8719157,-0.48046294,-0.8197732,0.070018746,-0.74569875,79
0.5410397,-1.146064,-0.031937957,-1.0091262,1.336005,1.193523,1.3190947,0.6315192,-0.78916574,-0.41441888,0.6322093,0.046919137,0.5432341,0.5544633,1.3722053,-1.6247122,36
-0.1239025,-1.027882,1.177537,-1.0792217,1.295502,-1.1774487,2.343206,0.49558073,-0.127638,0.5561354,-0.5218195,-1.6720303,-2.0473614,0.15623964,1.8505353,0.7399815,105
-0.43476084,-1.603548,-0.18659136,-0.7015614,1.7885557,0.77822685,0.40353084,1.9973159,-1.0702868,1.0344185,1.073022,-1.044994,-0.10832053,-0.9915203,-0.39346233,-0.95281225,79
0.78630024,-0.6494889,1.5531266,-0.6780969,0.20559934,0.32199535,2.2338302,0.03827074,-0.42076454,0.915507,-0.4607883,-0.5009714,1.0004807,-0.23270024,2.048568,-0.9294834,2
-0.7411873,-0.1521714,-0.7628359,-0.1358906,1.9413148,0.5256226,0.54736644,1.0446161,-0.6181692,-0.31333822,0.061916515,-1.0402083,-0.6105312,-0.8079089,-0.32203963,0.36297345,43
-0.25823992,-1.785451,-0.6005714,-0.40890563,1.7052127,0.6612005,0.69368464,1.6109637,-1.0962187,0.22137238,0.9996137,-1.3547734,-0.5240709,-0.79345447,0.018245861,-1.0258198,79
-0.42029244,-1.5539417,-0.38007486,-0.4916151,1.8200518,0.9041282,0.5076048,1.6997975,-1.1845316,0.4187311,0.70400155,-0.98473835,-0.5978521,-0.571005,-0.25208455,-1.1141555,79
1.4955282,-1.2131907,2.3794386,-0.80227625,0.52326936,0.04714334,3.0718234,0.14939298,-0.20393898,1.0628927,-0.7129619,-1.4494421,-0.89895374,0.28610408,2.1649184,-0.98054457,126
0.6671633,-1.2702457,0.26592582,0.037885755,1.475167,-1.1743839,-0.06897722,3.2535956,-2.551784,0.16678825,2.3829021,-1.9487064,1.0701146,-1.2366867,-0.8476828,-0.93663764,80
-0.40247872,-1.377339,-0.055394858,-0.49356347,1.6025211,0.66602457,0.7615669,1.5618542,-0.9839878,0.57813555,0.5655577,-0.9867599,-0.5264878,-0.7471563,0.10298828,-0.78206265,36
0.6456101,-1.0436795,0.1086953,-0.8295815,1.2001711,1.0388594,1.3482378,0.7027163,-0.86161125,-0.23780318,0.58444417,0.004245341,0.4190545,0.30177498,1.3069513,-1.3790851,36
-0.14078441,-1.0599139,1.2025812,-0.92082894,1.3087382,-1.1179179,2.3782787,0.6388322,-0.38482368,0.42582357,-0.7719897,-1.6781775,-2.0015373,0.12350893,1.8818417,0.7125875,105
-0.49959153,-1.6181498,-0.15602383,-0.76969916,1.7484385,0.8088261,0.51242095,1.8980628,-1.0070237,1.0487348,0.9354574,-1.1151855,-0.16240323,-0.9161811,-0.27598554,-0.9939643,79
0.824091,-0.59080595,1.663167,-0.72823215,0.34537286,0.18534654,2.3125324,0.009888977,-0.33018735,0.9901928,-0.575301,-0.54353356,0.59336865,-0.15865332,1.9740018,-0.955909,2
-0.55209094,-0.19028375,-0.92291075,-0.06369609,1.9775903,0.64008486,0.94939995,0.9800118,-0.6737089,-0.63099194,0.2441209,-0.79774225,-1.0593294,-0.40610653,0.012275375,0.5492987,105
-0.33267277,-1.7055453,-0.6429005,-0.4445769,1.6651788,0.8469112,0.77676857,1.4262437,-1.0690517,0.17412594,0.74651265,-1.205987,-0.60404164,-0.6215706,0.14287864,-1.042104,79
-0.44630656,-1.5575726,-0.42912412,-0.4910237,1.7611742,1.0491809,0.6432553,1.5711662,-1.1789204,0.29363894,0.5847503,-0.94260085,-0.6367022,-0.42180586,-0.06751975,-1.1451485,79
1.6934464,-1.3734052,2.4594345,-0.88765454,0.63854706,0.10104039,3.3522985,0.074992865,-0.21745478,1.018169,-0.8518522,-1.4022951,-1.3803473,0.55801594,2.37519,-1.0704423,126
0.4084378,-1.3854312,-0.033381045,-0.1838718,1.5228806,-0.57220864,0.034295797,3.090955,-2.376411,-0.057058245,2.5125387,-1.2941182,1.2745724,-1.0971602,-0.3005429,-1.1996143,80
-0.3421067,-1.3806175,-0.14576244,-0.46568334,1.5825152,0.8235426,0.8927459,1.4309579,-0.9115474,0.38133496,0.554667,-0.8808862,-0.8057052,-0.5741214,0.2565868,-0.6840931,36
0.6264322,-0.43212736,0.051286712,-0.5488407,1.1149579,0.8024584,1.1361507,0.6805314,-0.8032255,-0.082008824,0.5264076,0.0538868,0.53962404,-0.11283676,0.8802321,-0.9425891,79
-0.4820407,-0.9938607,0.8784077,-0.8843806,1.4885237,-1.2416424,2.2448387,0.83082235,-0.71309996,0.14275661,-0.8530464,-1.3835992,-1.5830516,0.14808056,1.9065682,0.92588013,86
-0.5710925,-1.676381,-0.12453517,-0.81926787,1.7240381,0.8049998,0.6439322,1.8197985,-0.9642087,1.0467927,0.7987538,-1.240796,-0.23805305,-0.8194129,-0.16410497,-1.0605624,79
0.73536205,-0.6790353,1.6571808,-0.7931141,0.5770638,0.083987296,2.3231149,0.12114005,-0.3574478,0.9146695,-0.62339807,-0.52838194,0.3523784,-0.09352866,2.0136197,-0.91921586,2
-0.49555406,0.037474304,-1.0573599,-0.0958187,2.087026,0.6322683,1.1318054,1.0187892,-0.7572206,-0.7580711,0.30662933,-0.6747545,-1.2747357,-0.16535237,0.072184384,0.55071276,86
-0.34800828,-1.7271135,-0.60421413,-0.50504494,1.6420391,0.9055654,0.8315144,1.3627099,-1.037365,0.20563245,0.62962496,-1.3194214,-0.72226506,-0.48079234,0.11943654,-1.1283698,36
-0.44056183,-1.6060181,-0.45718664,-0.49850732,1.6756753,1.1502753,0.7341983,1.5007864,-1.17154,0.20461978,0.530011,-1.1106608,-0.6608787,-0.3167877,-0.021912731,-1.2409723,79
1.7816234,-1.4613272,2.3981235,-0.87758744,0.6711092,0.22003141,3.4433367,-0.04427421,-0.15381356,0.9889527,-0.9215454,-1.5719862,-1.424588,0.6730651,2.3151293,-1.1539704,126
0.2140319,-1.8304495,-0.10705724,-0.31350553,1.0219363,-0.51280785,0.29858106,2.8253248,-2.3237123,0.1591481,2.7656634,-1.5081571,1.5855532,-0.94876134,0.18740991,-1.9500916,43
-0.37075287,-1.3534287,-0.05814551,-0.5038553,1.6816958,0.70208013,0.8067142,1.5019922,-0.8151165,0.39086032,0.6158388,-0.99080586,-0.8844595,-0.6094927,0.15761584,-0.59391755,36
0.7643257,0.040270567,-0.00392507,-0.36319715,0.9566485,0.7705519,1.0282,0.5543016,-0.7597934,0.01692646,0.5251491,0.087789,0.66104406,-0.34578538,0.6163058,-0.74759054,79
-0.5856632,-1.0516343,0.778284,-0.9045433,1.6078169,-1.3025479,2.2378592,0.83956563,-0.7619288,0.10039505,-0.94847476,-1.3807272,-1.394134,0.17841743,1.8804983,1.011888,86
-0.6578192,-1.7611216,-0.07033126,-0.8792411,1.675753,0.7906213,0.75194025,1.7910004,-0.91426015,1.0714645,0.6785164,-1.5176841,-0.24798664,-0.75244164,-0.144927,-1.1675367,36
0.8301616,-0.7910476,1.5377223,-0.6021002,0.5507325,-0.08458142,2.4047961,0.24028495,-0.5340096,0.72464895,-0.30567706,-0.61792755,-0.20270503,0.025636442,2.1187303,-1.0071328,36
-0.27070364,-0.2590103,-0.7212999,-0.24577412,1.954784,0.3807008,1.5537186,0.9398079,-0.72850025,-0.43187594,0.1422578,-0.98872495,-1.59554,-0.04348423,0.4017977,0.45328683,85
-0.4325221,-1.6601192,-0.5559298,-0.54405916,1.5777189,0.9867079,0.8816569,1.2756771,-0.9954243,0.27591306,0.43158937,-1.3793335,-0.7611932,-0.40233266,0.102482915,-1.1433575,36
-0.51065564,-1.6025487,-0.41252792,-0.4706802,1.5698618,1.2035258,0.87196636,1.4275117,-1.1791067,0.14118609,0.35170648,-1.3114917,-0.6012715,-0.2628286,0.05779483,-1.2904816,36
1.7103732,-1.3366537,2.3813117,-0.9041514,0.78320974,0.19781628,3.3713176,-0.12268692,-0.03586887,1.0265911,-1.1751062,-1.6694493,-1.412426,0.67359376,2.0403283,-1.0851262,126
-0.11712788,-1.5359027,-0.3641581,-0.41409326,1.2050596,-0.29149973,0.32330513,2.6570942,-2.2052157,0.109512985,2.5246382,-1.0926301,1.430268,-0.90879315,0.3035149,-1.9213943,43
-0.4449312,-1.3029718,-0.022186697,-0.4706449,1.7464786,0.5969765,0.72326183,1.5686902,-0.72971714,0.35572177,0.7499922,-0.9461752,-0.9102799,-0.6719413,0.1465128,-0.37749833,36
0.9774566,0.13734123,0.114542305,-0.23104754,0.7336477,0.70662475,1.2104303,0.3733279,-0.8237138,0.14433491,0.4856091,0.10348496,0.65607464,-0.26088727,0.7272574,-0.6717184,79
-0.64317447,-1.1268251,0.8903774,-0.9732533,1.6092482,-1.4967518,2.2337422,0.9463481,-0.8714483,0.048269127,-0.9695455,-1.3688762,-1.2518839,0.24715163,1.9943386,1.124862,86
-0.6863078,-1.6430255,-0.10091655,-0.83775854,1.6930642,0.8411646,0.8971706,1.7326506,-0.8382492,0.94425374,0.51031613,-1.7002372,-0.3980166,-0.7281701,-0.18354508,-1.1522402,36
0.9459086,-1.1254956,1.2708223,-0.62491536,0.6378684,-0.010842085,2.4388163,0.3724472,-0.7375908,0.5443968,-0.031523436,-0.44479135,-0.73631895,0.29752177,2.2437022,-1.2117472,36
-0.3367263,-0.502609,-0.22683018,-0.29838473,1.837189,0.037020594,1.8614806,0.97455156,-0.85519874,-0.15097745,-0.38741285,-1.148046,-1.6271083,-0.08248274,0.79695725,0.5763728,86
-0.5265659,-1.668425,-0.47222865,-0.6283983,1.472722,1.0133921,0.9840349,1.2387089,-0.9794464,0.33099115,0.30893618,-1.5423014,-0.6827222,-0.3222121,0.17500313,-1.2421603,36
-0.5638299,-1.554766,-0.2861779,-0.5140166,1.4773262,1.2056446,0.97062695,1.3878545,-1.1190567,0.22752944,0.20329903,-1.5414256,-0.5831386,-0.25404906,0.048369363,-1.3908503,36
1.4963763,-1.0344144,2.3858027,-1.040437,0.981447,-0.034562588,3.1695592,-0.12302497,0.03815618,1.0532467,-1.4532212,-1.5295582,-1.3194828,0.64786494,1.7922901,-0.8783757,49
-0.051655676,-1.4309754,-0.29088148,-0.42500213,1.2220436,-0.5644847,0.4398064,2.7264605,-2.1841094,0.21594822,2.582186,-1.3440624,1.2644622,-0.96962243,0.23993945,-1.8965471,43
-0.5793514,-1.1193863,-0.016787544,-0.49920014,1.8384203,0.50376153,0.5721264,1.6863939,-0.64725995,0.40875053,0.98142743,-0.66965556,-0.64705724,-0.8192451,0.16529614,-0.067651786,79
1.1859026,0.04029411,0.4108136,-0.18069145,0.51036453,0.538587,1.5202397,0.16266993,-0.82442856,0.318301,0.39493382,-0.016706765,0.517399,-0.045788053,0.98303545,-0.6386722,36
-0.69215316,-1.1503155,1.037225,-0.9461189,1.6604937,-1.5915208,2.1943216,1.1700537,-1.0759661,-0.07072149,-1.0332358,-1.3480343,-1.354272,0.2717712,1.9493991,1.239454,86
-0.74236804,-1.8035151,-0.41319245,-0.7523486,1.6579928,1.0987378,0.8401046,1.8802909,-1.1101781,0.7261894,0.7686731,-1.4560804,-0.3593335,-0.55739945,-0.06664295,-1.3096266,79
0.79705316,-1.1282421,0.97220427,-0.6292064,0.6263765,0.12794814,2.3246326,0.38165042,-0.8471699,0.30835283,0.08412379,-0.23686685,-0.6058115,0.34358096,2.3575606,-1.2508817,36
-0.5946311,-0.53063625,-0.28268206,-0.34524718,1.8461477,-0.07010491,1.8340383,0.98572385,-1.050973,-0.36672968,-0.5849239,-0.90282464,-1.2832174,0.017826766,1.0971615,0.5974627,86
-0.60220915,-1.7999165,-0.34414053,-0.7269273,1.4038373,1.0601286,1.0565104,1.3250331,-0.9897219,0.43761432,0.29876527,-1.7797109,-0.5920642,-0.27763098,0.18400398,-1.4366457,36
-0.62294054,-1.3999295,-0.061459452,-0.5751952,1.487188,1.086203,1.0171463,1.4820416,-1.0413259,0.44835818,0.08647922,-1.8070844,-0.49505296,-0.3823377,-0.12148283,-1.3988516,36
1.3796792,-0.8090192,2.3055656,-1.1295211,1.0916094,-0.18840954,2.922189,-0.084828764,0.02629885,0.98012626,-1.5129296,-1.3225412,-1.2110333,0.6401204,1.6203258,-0.7364179,49
-0.016567312,-1.4968455,-0.3925737,-0.43220636,1.2698607,-0.4874885,0.56701905,2.6437578,-2.191355,0.25201494,2.5484576,-1.041126,1.0789868,-0.89809823,0.46268857,-1.809844,43
-0.52652884,-0.7809553,-0.42583895,-0.32280537,1.9975053,0.8841307,0.47492385,1.7910167,-0.8045896,0.11616078,1.1070852,-0.47952417,-0.4330062,-0.7998003,-0.19376883,-0.039137676,79
1.3386548,-0.120342255,0.7714983,-0.1948396,0.34039807,0.3939109,1.9030231,0.02735424,-0.8282962,0.43826264,0.28504148,-0.15064283,0.4045044,0.18401851,1.3862991,-0.5988145,31
-0.7069813,-1.092113,1.1102055,-0.89493436,1.6979811,-1.6178247,2.1241708,1.3689985,-1.2804621,-0.2209041,-1.069536,-1.2706567,-1.4385616,0.30211538,1.8525994,1.2671087,86
-0.73385924,-1.6732688,-0.62730116,-0.6934581,1.6491983,1.1468601,0.736071,1.8659621,-1.2049755,0.6158934,0.85988426,-1.239981,-0.2204248,-0.5717461,-0.082506396,-1.2954357,79
0.58132815,-0.79079247,0.55483174,-0.57630676,0.6339085,0.23586747,1.9235382,0.4191587,-0.91894877,0.055084247,0.36261383,0.13193569,-0.096315704,0.23720829,2.1900284,-1.2005167,31
-0.8904981,-0.6403125,-0.43279374,-0.40876073,1.8928509,-0.1761072,1.7866478,1.0761663,-1.2973837,-0.5253331,-0.6411339,-0.6853168,-0.92660886,0.032739922,1.3757541,0.61073995,86
-0.71136826,-1.6213925,-0.23506996,-0.80242085,1.4071741,0.9934684,1.0711797,1.384512,-0.9299238,0.57748586,0.22630706,-1.8923407,-0.42157522,-0.36059576,0.09128463,-1.4973826,36
-0.5263044,-1.200198,-0.121037096,-0.5161515,1.5798606,1.1155866,1.0187138,1.6272578,-1.0767777,0.5869399,0.21257573,-1.7175274,-0.64917386,-0.490878,-0.37945727,-1.3749485,36
1.2122493,-0.771186,2.0992527,-1.1355082,1.1764718,-0.22440152,2.735619,-0.03978911,-0.094797425,0.7345853,-1.4670024,-1.1663455,-1.0950345,0.74730957,1.5752283,-0.70302945,49
-0.1764984,-1.4186759,-0.44660664,-0.47037795,1.4893594,-0.52119315,0.43016675,2.7578225,-2.1659813,0.45936722,2.4674978,-0.9651574,0.83310664,-0.9951264,0.19291006,-1.6710789,43
-0.5220498,-0.38852274,-0.34780186,-0.26027834,2.2556338,0.61861205,0.45551357,1.833761,-0.68679667,0.36701846,0.97070676,-0.5257262,-0.42970726,-0.9637449,-0.53673303,0.29761073,43
1.4224102,-0.2381846,1.0382934,-0.24938682,0.2420049,0.22670367,2.240125,-0.046574682,-0.8685056,0.5127791,0.20408845,-0.20770773,0.3079447,0.40381277,1.7638706,-0.59365296,31
-0.7243996,-1.1502482,1.1432765,-0.8325931,1.7126137,-1.641952,2.0601254,1.4893711,-1.4238399,-0.33544868,-1.1031618,-1.3446841,-1.5475751,0.3452087,1.7327619,1.159755,86
-0.7695041,-1.5846711,-0.66921526,-0.700245,1.7597039,1.0504211,0.5643376,1.9800048,-1.2760955,0.7405847,1.0126066,-0.9494387,-0.12503174,-0.61597556,-0.20362243,-1.200701,79
0.45868027,-0.22961259,0.27613485,-0.45725432,0.66715103,0.1096378,1.4932771,0.47412664,-0.9637426,-0.0130634755,0.601406,0.5183172,0.2750547,-0.020910367,1.8648585,-0.9494803,31
-0.86700886,-0.59124076,-0.30354032,-0.42803147,1.9591544,-0.21799801,1.8521942,1.1500943,-1.3861805,-0.5064456,-0.8057709,-0.7294661,-0.963479,-0.034543578,1.4037801,0.62519634,86
-0.5118208,-1.4610267,-0.4506659,-0.57939047,1.4711953,1.2120733,1.1022625,1.5418572,-1.1166323,0.55063015,0.39873785,-1.6702809,-0.71051526,-0.42597556,-0.1204939,-1.4345081,36
-0.62268084,-1.035282,-0.3574885,-0.5594521,1.6777295,1.1697873,0.89641315,1.6786152,-1.1338325,0.5197881,0.35289904,-1.3942298,-0.5417066,-0.44058847,-0.42314312,-1.3906367,79
1.0667403,-0.74232554,1.865509,-1.15419,1.2138774,-0.22974145,2.5423267,0.013334662,-0.1925476,0.54039884,-1.3095944,-0.9842957,-0.83691907,0.7527213,1.6037065,-0.6558022,49
-0.27475798,-1.1992291,-0.34687698,-0.38004616,1.696801,-0.67917,0.36886457,2.8992057,-2.1777782,0.6298294,2.2897701,-1.0236202,0.7560799,-1.1960826,-0.09602351,-1.3902302,43
-0.49451023,-0.033797935,-0.18452728,-0.36003208,2.5368834,0.2496486,0.39520848,1.9113659,-0.57280135,0.7516741,0.8476621,-0.43218702,-0.547464,-1.057053,-0.8474921,0.51860553,43
1.2686327,-0.5284676,1.2565706,-0.34587854,-0.018035635,-0.26220676,2.1622896,-0.051644742,-0.9096323,0.61323667,0.34050226,-0.38465434,0.32755196,0.45095813,2.0620456,-0.6653131,31
-0.7496245,-1.2098602,1.167145,-0.7808701,1.7058116,-1.6517788,2.0425935,1.4961282,-1.4927032,-0.39808255,-1.1540658,-1.3844714,-1.572161,0.38564032,1.7295461,1.0261126,86
-0.8097118,-1.3223964,-0.619797,-0.6670373,1.9334482,0.91489637,0.38757265,2.1552398,-1.349545,0.8689032,1.0504756,-0.69555956,-0.018017784,-0.7544661,-0.42923376,-1.0280466,79
0.3927262,0.08467138,0.17613864,-0.40490827,0.62264216,-0.0594396,1.3522663,0.46432173,-1.0590823,-0.051387742,0.6543906,0.71022725,0.47537252,-0.045321327,1.7725434,-0.80899996,31
-0.8446499,-0.5469087,-0.19363353,-0.44081977,1.9157162,-0.28620726,1.8454355,1.2479527,-1.5040163,-0.49991304,-0.8694705,-0.77728736,-1.0625421,-0.049482457,1.3196758,0.59423816,86
-0.5992729,-1.3521848,-0.61401606,-0.6099747,1.6190228,1.2108033,0.9707693,1.701424,-1.2172939,0.565375,0.5643538,-1.373679,-0.6192591,-0.39291763,-0.20972165,-1.329457,79
-0.690719,-0.95628345,-0.5528478,-0.5688631,1.8550545,1.1822318,0.6635877,1.9182332,-1.3706536,0.4049883,0.60462916,-0.92834806,-0.37946588,-0.3371051,-0.49887022,-1.2749858,79
1.0104897,-0.734662,1.6034396,-1.1615345,1.1396656,-0.15414159,2.3005152,0.037767053,-0.2508604,0.3767761,-1.0281094,-0.88809276,-0.639889,0.74155426,1.5435423,-0.751383,49
-0.2814626,-1.0187757,-0.24398434,-0.2665672,1.9322702,-0.7466172,0.26678032,3.0185518,-2.1593482,0.728372,2.1654792,-1.0727409,0.67307746,-1.4114962,-0.4106508,-1.1006187,43
-0.5261282,-0.012647569,-0.25215074,-0.31118482,2.686299,0.20168486,0.3848401,1.9303848,-0.6474774,0.6904593,0.64821965,-0.4326102,-0.6154008,-1.0659313,-0.8955502,0.55902374,43
1.1973174,-0.64593977,1.5281172,-0.4904833,-0.10913585,-0.40210024,2.2993853,-0.379266,-0.54614127,0.9065815,0.08406973,-0.5679501,0.1810987,0.6768059,2.0190382,-0.77639616,126
-0.7487207,-1.277964,1.127535,-0.72514355,1.6468346,-1.5870484,2.0195835,1.397293,-1.4594797,-0.3989309,-1.1330593,-1.433996,-1.5071596,0.3849315,1.7459935,0.9038119,86
-0.9404457,-1.1286763,-0.67532873,-0.6764625,2.1168594,0.80022144,0.16529755,2.3603613,-1.5242853,0.93113166,1.098299,-0.3501451,0.074297056,-0.8520307,-0.5404393,-0.9089087,79
0.40598333,0.31494465,0.14161478,-0.38929492,0.5805899,-0.18092433,1.2924603,0.41856205,-1.1291795,-0.07339178,0.63825655,0.7672683,0.5531801,-0.013128936,1.6950941,-0.7487593,35
-0.84419346,-0.6657522,-0.07338682,-0.46301195,1.8859012,-0.2984234,1.908408,1.3099697,-1.6307245,-0.54623646,-0.9477558,-0.7819818,-1.1924224,0.06721437,1.4005911,0.46356255,86
-0.6545533,-1.2123938,-0.75493926,-0.5736603,1.7475976,1.1711156,0.76128244,1.9155366,-1.4435263,0.50651795,0.7292615,-0.9743854,-0.4894813,-0.33699763,-0.3422763,-1.1451786,79
-0.71136993,-0.7411233,-0.6089954,-0.5356453,2.0020647,1.0065188,0.41682607,2.12496,-1.5173715,0.52509,0.74974453,-0.6069654,-0.27377298,-0.37588602,-0.7778569,-1.049165,79
0.9351061,-0.7278691,1.3810132,-1.2081841,1.0575225,-0.1120452,2.0891502,0.03180632,-0.2795508,0.2294508,-0.7721938,-0.7432508,-0.46180955,0.7666705,1.551956,-0.846658,49
-0.28074408,-1.0171285,-0.23980051,-0.21375182,1.9845109,-0.7318524,0.27712625,2.9949088,-2.124369,0.7196763,2.1282716,-1.0491002,0.62850434,-1.4716734,-0.40262803,-0.97907007,43
-0.45639014,-0.09332314,-0.25456917,-0.2973243,2.745954,0.16213125,0.28600514,2.0554671,-0.8579886,0.5826182,0.6559098,-0.22049676,-0.6234363,-1.0837327,-0.8090493,0.580177,43
1.5227301,-0.84958947,1.9154797,-0.4146806,-0.27460915,-0.48331884,2.9510689,-0.5177436,-0.6281562,1.1604509,0.04684201,-0.5569351,-0.06106799,0.91840225,2.619276,-0.8469065,31
-0.6996696,-1.3082839,1.0733755,-0.6897404,1.6784407,-1.4758655,1.9910417,1.3439994,-1.4036275,-0.4137379,-1.0975611,-1.49439,-1.5574265,0.3783161,1.6767018,0.80046684,86
-1.002209,-0.8889644,-0.69112295,-0.5718989,2.1513565,0.7097033,0.053142168,2.426477,-1.6375043,0.942903,1.1013854,-0.045189038,0.27466145,-0.9881026,-0.55795836,-0.68252236,43
0.4298979,0.41373023,0.17528634,-0.34105855,0.56009865,-0.24503341,1.3718338,0.36889783,-1.1573662,0.03989675,0.58561975,0.731243,0.635418,-0.06691543,1.7038535,-0.6742885,35
-0.87701935,-0.9900503,0.02146548,-0.5087595,1.802683,-0.25067896,2.0139866,1.2670642,-1.6858702,-0.59963965,-0.9987447,-0.7615787,-1.2742394,0.23926462,1.6855623,0.2581569,86
-0.72180843,-1.0280097,-0.79965925,-0.5689492,1.9215442,1.0023079,0.6025126,2.0754838,-1.510892,0.6315078,0.7566198,-0.86005497,-0.42153516,-0.4016831,-0.61734295,-0.95266986,79
-0.7579557,-0.7768724,-0.6948607,-0.5278256,2.0592697,0.9766985,0.18755461,2.3319852,-1.6855098,0.58258504,0.90044415,-0.4535948,-0.06254224,-0.47496867,-0.9266169,-0.95437706,43
0.8552698,-0.782776,1.1392894,-1.2405984,0.99314207,-0.03675732,1.8946611,0.058762908,-0.33348763,0.046114594,-0.48798162,-0.62126654,-0.28947836,0.8060566,1.5812118,-0.9652211,49
-0.28211492,-0.9368001,-0.21331215,-0.17161992,1.9989305,-0.66216993,0.30351523,2.9255605,-2.094025,0.7174194,2.0007033,-0.9408525,0.6322082,-1.5149072,-0.36314112,-0.8549917,43
-0.45758247,-0.106178,-0.22358519,-0.29328793,2.7313526,0.0072523355,0.24044263,2.1323147,-1.0324035,0.5489793,0.5524068,-0.1935713,-0.6594707,-1.1013242,-0.8054765,0.56927574,43
1.7410097,-1.222215,2.17283,-0.40607393,-0.37435156,-0.3671966,3.2822163,-0.43459126,-0.6876533,1.191366,0.2539229,-0.67407036,-0.07807738,1.0033633,3.0661778,-0.93601334,31
-0.7097258,-1.2680042,0.98771346,-0.66079664,1.7870846,-1.388498,1.9565471,1.3215576,-1.3739978,-0.49325627,-1.0720954,-1.4131991,-1.6131824,0.39736325,1.6232222,0.750053,86
-1.0642772,-0.7963908,-0.81915826,-0.5161326,2.2052085,0.71367216,-0.06710495,2.4692729,-1.7305294,0.84200704,1.1259847,0.12138316,0.41379052,-1.0143173,-0.5976948,-0.579574,43
0.4579463,0.427682,0.17796609,-0.29905564,0.546574,-0.18829091,1.4419804,0.33516562,-1.1653378,0.12921633,0.5521252,0.6575166,0.7305766,-0.13619578,1.6899053,-0.66973436,35
-0.905901,-1.1954162,0.03335674,-0.5281794,1.6892333,-0.22894788,2.0215924,1.1505266,-1.6246992,-0.58958256,-0.9831052,-0.75768685,-1.2842172,0.31586236,1.8419793,0.13649458,86
-0.78427196,-1.0683719,-0.8562321,-0.56978035,1.9744171,0.95413256,0.39801377,2.2895687,-1.6919289,0.6637945,0.8720601,-0.7330466,-0.2880202,-0.5087859,-0.71715724,-0.88444555,79
-0.94774157,-0.9186908,-0.9139406,-0.56249714,2.1459327,0.9296354,0.021815225,2.4993613,-1.8655123,0.5220953,1.0290103,-0.329955,-0.0041411296,-0.4433453,-0.9433054,-0.95415914,43
0.7570577,-0.85931396,0.8363647,-1.2601948,0.92596674,0.062990606,1.6679851,0.09375015,-0.3988818,-0.18545888,-0.17200342,-0.54864,-0.1922861,0.88303846,1.5450585,-1.12043,49
-0.35364714,-0.85246325,-0.25925085,-0.19096479,2.022028,-0.4892841,0.25631854,2.742973,-1.9530039,0.72834283,1.8362108,-0.75466406,0.5571739,-1.495705,-0.37722114,-0.78212494,43
-0.45079526,-0.17085749,-0.17188478,-0.32827866,2.7701335,-0.10319704,0.18307039,2.2068424,-1.0081675,0.7084885,0.5438378,-0.38232213,-0.7097561,-1.1962292,-0.9917079,0.561446,43
1.8582253,-1.4543324,2.2913752,-0.43752295,-0.43277675,-0.3562511,3.3378665,-0.5728303,-0.5487616,1.3019575,0.10497846,-0.8456682,-0.0654844,1.0508912,3.0430136,-0.932417,31
-0.7316006,-1.217925,0.879696,-0.6497951,1.8596418,-1.3202899,1.9085912,1.2990859,-1.3332436,-0.5386836,-0.99288356,-1.3506626,-1.6250087,0.37926352,1.5791472,0.7243712,86
-1.0798243,-0.8208977,-0.9681178,-0.540292,2.217028,0.7823118,-0.16356872,2.4762645,-1.7229872,0.7404915,1.217886,0.1060437,0.50050163,-1.0160052,-0.6562913,-0.5978352,43
0.5050774,0.4178839,0.16394897,-0.2570697,0.5590824,-0.08400878,1.5587732,0.30650946,-1.185494,0.2248127,0.51467294,0.6303314,0.8522155,-0.20047331,1.7107987,-0.6514244,31
-0.92277795,-1.2549136,0.07068678,-0.50186354,1.6321989,-0.2730779,1.9884222,1.1020248,-1.5771708,-0.5720342,-0.9381263,-0.7373997,-1.2175245,0.2994672,1.9035126,0.1590043,86
-0.89684737,-1.1402422,-0.925003,-0.5723095,2.0161235,0.8872179,0.28163835,2.4078052,-1.8233032,0.64536387,0.9478058,-0.5996314,-0.25279135,-0.50977826,-0.7052169,-0.8714447,79
-1.062039,-0.9590721,-1.0211186,-0.611475,2.1984072,0.90389633,-0.06922214,2.5680676,-1.8819158,0.54397243,1.1082646,-0.3032138,0.08932561,-0.5080076,-0.9747615,-0.96616215,43
0.61031467,-0.879629,0.5913625,-1.2840385,0.93284136,0.11083311,1.4868307,0.15161982,-0.46154708,-0.38707,0.028961748,-0.4631927,-0.0745764,0.93128675,1.5199689,-1.1603212,49
-0.34538087,-0.9380628,-0.2788291,-0.1849894,1.9846601,-0.3944319,0.27498564,2.713021,-1.9451162,0.68688303,1.8260316,-0.8184384,0.5735265,-1.4942256,-0.34490848,-0.82516134,43
-0.4299,-0.22868131,-0.11671296,-0.35522372,2.762003,-0.15690757,0.22374271,2.1506202,-0.905498,0.752984,0.53248864,-0.46186996,-0.7392615,-1.2039899,-0.9742348,0.58877087,43
2.2278042,-1.8968582,2.557326,-0.35069937,-0.4381953,-0.21074386,4.016994,-0.74211514,-0.5984354,1.5470377,-0.14237395,-1.1889945,-0.26448834,1.3414335,3.3063562,-0.8964289,31
-0.7720144,-1.1547709,0.77153456,-0.6435282,1.8682263,-1.2325139,1.8357507,1.2586671,-1.2851193,-0.5756669,-0.88988507,-1.2632641,-1.5142196,0.35063565,1.5450989,0.6929369,86
-1.084887,-0.8712305,-1.0093832,-0.526901,2.2134385,0.81276214,-0.17992488,2.4706779,-1.7432989,0.6504356,1.2247448,0.100336015,0.5639314,-1.0340673,-0.61884964,-0.5666815,43
0.60099775,0.4056414,0.1484758,-0.2361802,0.57634073,0.02401498,1.6864475,0.27456743,-1.2143149,0.29168385,0.48843563,0.66519415,0.9108379,-0.21068421,1.7551988,-0.6288897,31
-0.93216395,-1.3247877,0.031042226,-0.5122938,1.5996788,-0.31218755,1.9582717,1.0421355,-1.5353731,-0.5893932,-0.86767423,-0.7212099,-1.1999531,0.32928795,1.9564826,0.1430577,86
-0.9461061,-1.155833,-0.9557045,-0.62977064,2.1043463,0.8374959,0.19182059,2.46472,-1.8107363,0.71089154,1.0131761,-0.5298256,-0.20329407,-0.55737793,-0.7553766,-0.88014936,79
-1.0903556,-0.9611746,-1.08325,-0.687082,2.2359445,0.84353435,-0.15439318,2.5761027,-1.8334521,0.62468773,1.1999669,-0.23115656,0.1554265,-0.58116376,-0.9873357,-0.9801353,43
0.46627843,-0.89060056,0.3501606,-1.270031,0.95505023,0.19356489,1.3171607,0.22521195,-0.5211149,-0.5595642,0.18474491,-0.43450588,0.046143256,0.9218764,1.4396459,-1.1490774,120
-0.3690564,-0.96859515,-0.31242973,-0.20507185,1.9723327,-0.2730252,0.29235616,2.6353765,-1.964518,0.5936414,1.6931347,-0.7497171,0.5288847,-1.4090154,-0.24719024,-0.85750496,43
-0.397068,-0.2052648,-0.08691238,-0.39231774,2.7378504,-0.21200472,0.2881903,2.0462987,-0.842643,0.70566434,0.45413405,-0.46047568,-0.7560503,-1.1660601,-0.87860113,0.6201675,43
2.599683,-2.5108416,2.956012,-0.39130715,-0.42290598,-0.49738815,4.5825057,-0.7484729,-0.766001,1.6676942,-0.3603894,-1.4388405,-0.37207454,1.596121,3.9210696,-0.56760895,31
-0.7834897,-1.0364115,0.6373075,-0.6353989,1.8075775,-1.1127074,1.7317857,1.1371753,-1.1889687,-0.57831675,-0.7980586,-1.1480259,-1.349137,0.2998634,1.4953978,0.6396451,86
-1.0440094,-0.9371619,-1.050142,-0.55189484,2.2101996,0.8208233,-0.18320926,2.4381588,-1.7065377,0.5992319,1.2583323,0.047839046,0.5688013,-1.0360401,-0.59934366,-0.57109666,43
0.68704623,0.35624388,0.15564892,-0.25009742,0.5917363,0.10221529,1.7817665,0.26884007,-1.2298402,0.32324365,0.5099886,0.6693305,0.8814176,-0.18230917,1.7884591,-0.6483542,31
-0.9428787,-1.3825566,-0.043835312,-0.5750659,1.5673351,-0.37185118,1.9474705,0.93571186,-1.4447405,-0.6059534,-0.7832593,-0.70374376,-1.2377735,0.3907315,2.0313435,0.084300905,86
-0.9987287,-1.1953812,-1.0553617,-0.7232421,2.1812677,0.7705811,0.062485177,2.485032,-1.7439647,0.7693176,1.1478274,-0.47820467,-0.15671268,-0.6010255,-0.8267134,-0.91123766,43
-1.0992243,-0.9696126,-1.1602178,-0.7919879,2.2657018,0.7643192,-0.27588972,2.5637338,-1.7176762,0.701507,1.3445466,-0.23641372,0.2030046,-0.63928795,-1.0750213,-1.0170212,43
0.31710228,-0.92620504,0.1506716,-1.2203202,0.9854185,0.2648376,1.1877165,0.30982724,-0.5904137,-0.67861015,0.28023502,-0.41708553,0.16402027,0.86592114,1.349576,-1.0489624,120
-0.43664083,-1.1050148,-0.3827557,-0.24765156,1.9242678,-0.16127507,0.30435738,2.5470235,-1.940407,0.5450144,1.5953277,-0.78525096,0.38625246,-1.3064994,-0.17437413,-0.9386876,43
-0.42682943,-0.2370756,-0.13272798,-0.4471813,2.6825917,-0.25336775,0.3330338,1.9373243,-0.74454737,0.6534792,0.42062086,-0.5849111,-0.79797095,-1.1431845,-0.82233685,0.5965497,43
2.7661219,-2.6969452,3.0692549,-0.37120822,-0.6885173,-0.42051998,4.6881933,-1.0457472,-0.53352,1.82208,-0.44798315,-1.6108568,-0.32119444,1.7588588,3.8558824,-0.66148937,31
-0.7831378,-0.8638747,0.46990377,-0.6356739,1.7834588,-1.021207,1.641864,0.95736945,-1.090614,-0.6055515,-0.7809113,-0.9809085,-1.1717145,0.30025667,1.4619203,0.5780505,86
-0.98201036,-1.0123854,-1.0747333,-0.6310067,2.1782541,0.78469944,-0.2119532,2.3804917,-1.5715146,0.6545752,1.3546133,-0.09041771,0.5096117,-1.0573714,-0.6578942,-0.6388137,43
0.7491576,0.24964818,0.20110255,-0.2670044,0.6085619,0.14688948,1.896673,0.27284712,-1.2256244,0.40551758,0.53529614,0.62934864,0.8334177,-0.17686757,1.8372928,-0.6570167,31
-0.9239622,-1.3217705,0.014207274,-0.57094675,1.6364387,-0.46124977,1.9534733,0.9292854,-1.358519,-0.5639578,-0.7959261,-0.7747959,-1.3070607,0.31719744,1.9599977,0.112020195,86
-1.0114737,-1.2037104,-1.1211715,-0.7999804,2.2493622,0.658741,-0.056772884,2.437578,-1.6445508,0.81513065,1.2529786,-0.37801963,-0.17202494,-0.60842866,-0.8835723,-0.9007818,43
-1.0921474,-0.96014297,-1.2038262,-0.84657294,2.2895699,0.68479955,-0.35231435,2.5020359,-1.5967065,0.7663808,1.420733,-0.23212336,0.21690035,-0.6932461,-1.1404272,-1.0153598,43
0.2837966,-1.0404875,0.08038611,-1.1705774,1.0521736,0.3502206,1.1156489,0.4173778,-0.6401782,-0.7655847,0.32234514,-0.4569314,0.16658476,0.85422355,1.2288342,-0.95264596,120
-0.40726095,-1.2522485,-0.39209533,-0.4025151,1.8888994,-0.06817673,0.285368,2.4711208,-1.8656983,0.52463686,1.5621642,-0.8577254,0.25884718,-1.1501645,-0.14888406,-1.1189793,43
-0.44926217,-0.29297093,-0.139602,-0.4935331,2.586871,-0.3387592,0.39781162,1.797972,-0.6347226,0.6382414,0.38848078,-0.6868957,-0.8751389,-1.1211494,-0.71894807,0.57809615,43
2.969376,-3.1141958,3.4923322,-0.4861294,-0.79223895,-0.35388947,4.8318496,-1.2086444,-0.19123025,2.002539,-0.6347411,-1.994143,-0.47302833,1.9036404,3.838071,-0.68793935,126
-0.7866459,-0.7495154,0.36096084,-0.6544389,1.8028246,-0.9746996,1.5424359,0.8905926,-1.0402668,-0.6252732,-0.83079875,-0.9750459,-1.0299792,0.29015577,1.3257902,0.53065896,86
-0.93790036,-1.0936059,-1.0378687,-0.66335833,2.14996,0.7283907,-0.20524698,2.3366656,-1.4519006,0.75391245,1.4062058,-0.23564407,0.44555652,-1.1189158,-0.70158637,-0.66845465,43
0.80322933,0.20364553,0.23367512,-0.2938736,0.6070088,0.17609477,1.9849017,0.2447328,-1.2072963,0.43269145,0.53691083,0.58622515,0.7495014,-0.13033402,1.871702,-0.67674524,31
-0.891504,-1.2118416,0.05413837,-0.6095799,1.6819999,-0.57851297,1.9262156,0.8338289,-1.2099894,-0.5212177,-0.7838768,-0.76495135,-1.3731302,0.30299234,1.9054574,0.108327776,86
-1.0174658,-1.1853226,-1.184134,-0.85787773,2.3337083,0.58008444,-0.15007038,2.3797643,-1.5363388,0.7866909,1.3136181,-0.34541005,-0.17011094,-0.62260264,-0.9473108,-0.8761646,43
-1.0867102,-0.91590345,-1.2289894,-0.90816534,2.3444047,0.58364534,-0.40230966,2.4211152,-1.4776402,0.7661852,1.442414,-0.22578704,0.20364165,-0.7047314,-1.1698039,-1.0056667,43
0.3150868,-1.0892688,0.11087853,-1.100244,1.12167,0.37511435,1.0550458,0.52683896,-0.6540556,-0.7595615,0.30684462,-0.55731815,0.10805314,0.800144,1.0110741,-0.8223734,36
-0.44551605,-1.1903853,-0.36497134,-0.6129966,2.0414796,0.0013307035,0.31583592,2.3260496,-1.8519318,0.4560299,1.2193,-0.5596707,0.015075944,-0.8341103,-0.003991276,-1.1966839,79
-0.4658907,-0.30751932,-0.10312605,-0.5536993,2.5182567,-0.39510697,0.4860096,1.6911106,-0.52301025,0.6112236,0.3395694,-0.80330825,-0.8964144,-1.1065742,-0.61552674,0.54687893,79
2.5770369,-3.5123787,4.4789376,-1.1010368,-0.7464029,-1.0267415,5.2661514,-1.4737856,0.4736503,2.618212,-1.2366813,-2.813643,-0.54934514,2.004755,4.2153687,-0.6262753,73
0.36085302,-1.3845016,1.2268963,-0.55032384,1.6043992,-0.41305912,2.613597,0.199461,-0.48838463,-0.061635673,-1.0504336,-1.2073964,-1.5651456,0.6624787,1.8930709,0.41113305,86
-0.8932682,-1.1512762,-1.0217214,-0.7114282,2.1384032,0.6737503,-0.1877435,2.2864947,-1.3488249,0.8169758,1.4248507,-0.36773372,0.37387845,-1.1462375,-0.7271114,-0.7042939,43
0.77905095,0.21958959,0.26137477,-0.33781126,0.61985636,0.16790262,2.0755599,0.19120121,-1.1769817,0.41954106,0.4533615,0.52844656,0.67256564,-0.064906746,1.9268554,-0.68322825,31
-0.8650625,-1.07627,0.10628271,-0.6357936,1.6726598,-0.7101303,1.8811371,0.728936,-1.0848533,-0.45185018,-0.77413964,-0.6955122,-1.3716642,0.26749843,1.880981,0.12070483,86
-1.0085232,-1.1363609,-1.2240491,-0.89752793,2.3982656,0.4798949,-0.2121323,2.288404,-1.4460518,0.73799425,1.3178767,-0.28912216,-0.19265789,-0.6185173,-0.96817315,-0.83613443,43
-1.0580899,-0.86516666,-1.2053266,-0.950674,2.414203,0.45416215,-0.4182237,2.335807,-1.4008226,0.74007434,1.4121822,-0.16762525,0.15418476,-0.68861616,-1.1408654,-0.9681177,43
0.4309731,-1.2396151,0.30794984,-1.0442901,1.2688907,0.39189473,1.1466177,0.6515753,-0.6189607,-0.599188,0.26529533,-0.70011187,-0.020570934,0.7289665,0.8746983,-0.64550376,36
-0.33847055,-1.5568041,-0.20471066,-0.59366095,1.9274578,0.07366693,0.27039915,2.443151,-1.7657541,0.75042385,1.4577521,-0.8146194,0.07299986,-1.004583,-0.18455178,-1.4024708,79
-0.4535411,-0.31967923,-0.05380559,-0.56563324,2.4604168,-0.4595794,0.5590249,1.6056781,-0.46474683,0.6364289,0.27908495,-0.85500073,-0.9516563,-1.1189481,-0.5360643,0.5653113,79
2.4015682,-3.7223501,4.9204893,-1.6168483,-0.8247082,-1.4959532,5.412578,-1.6209209,0.77394915,2.673916,-1.1466837,-3.03013,-0.70942736,2.5303538,4.518459,-0.8115277,73
0.6374076,-1.1738081,1.3123479,-0.50586,1.9358327,-0.19573481,3.0424378,0.12920117,-0.5623723,0.19394742,-1.5043025,-1.1356082,-1.4834834,0.59241825,1.8610927,0.40537226,86
-0.878595,-1.2178904,-0.98272973,-0.7432338,2.1240451,0.62168336,-0.14468625,2.2417877,-1.2779068,0.856801,1.391464,-0.50796723,0.32103735,-1.1671499,-0.72022367,-0.7361513,43
0.7077507,0.19983059,0.3134148,-0.35777694,0.6122782,0.17485082,2.184819,0.13101892,-1.1249232,0.46081388,0.33103544,0.38355145,0.628397,-0.052858908,1.9613742,-0.6875478,31
-0.8444466,-0.94268465,0.09208755,-0.62555313,1.6625518,-0.72110176,1.7654588,0.68607676,-1.0051733,-0.42939794,-0.72386336,-0.62182605,-1.2650247,0.18083681,1.7770146,0.12359083,86
-0.9671466,-1.087109,-1.2158515,-0.8955288,2.4551678,0.42515907,-0.2566926,2.2111242,-1.3808842,0.67733145,1.2987258,-0.2416274,-0.18819734,-0.6443982,-0.9860914,-0.79230565,43
-0.9798479,-0.90624416,-1.1693542,-0.92995954,2.4346292,0.428404,-0.43121877,2.2878494,-1.3578949,0.7367489,1.4214603,-0.14684331,0.13519737,-0.74095666,-1.1348478,-0.92377275,43
0.48016363,-1.3590348,0.46349916,-0.9536187,1.3693676,0.37637374,1.2385534,0.73872626,-0.5989307,-0.5012249,0.16887741,-0.92139924,-0.17431724,0.7022368,0.71994656,-0.4636467,36
-0.09769299,-1.9502734,-0.060302705,-0.41952592,1.877107,-0.08576591,0.22822466,2.804274,-1.9984205,0.7149251,1.8570732,-1.243146,0.09295142,-1.1841754,-0.3212568,-1.576124,79
-0.43385604,-0.34988597,-0.03602749,-0.55473393,2.4015117,-0.40768772,0.64576256,1.4898666,-0.40587568,0.5858746,0.20907654,-0.90966356,-0.9555312,-1.0978452,-0.4516478,0.5413603,79
2.4896612,-4.1362467,5.5513773,-2.0515752,-1.0948029,-2.2155142,5.407675,-1.5157259,0.83709884,2.6216078,-0.76021624,-3.1923862,-1.4454066,3.1911488,4.8023024,-1.07043,73
0.6479539,-1.0675546,1.126191,-0.4054686,2.0891695,-0.15943196,3.0646152,0.11592737,-0.5893059,0.37816393,-1.4505029,-0.89974225,-1.363313,0.4155904,1.755025,0.50693077,86
-0.84656894,-1.2969036,-0.92760366,-0.7618084,2.093593,0.5858866,-0.092582926,2.1814904,-1.2266557,0.8889831,1.3386807,-0.62142795,0.25687054,-1.1719253,-0.69288677,-0.7857851,43
0.65849614,0.16825742,0.4067386,-0.3716307,0.58766425,0.17575014,2.3518338,0.029937625,-1.0615909,0.5432809,0.17300862,0.2608818,0.60648745,-0.022427581,2.0532546,-0.67093754,31
-0.48799857,-1.2780747,0.30450118,-0.48304564,1.5739375,-0.31262523,2.1538548,0.38735774,-0.6916363,-0.20267807,-0.699156,-0.6084795,-1.1958122,0.11042854,2.0503707,0.17843527,86
-0.91692877,-1.1134369,-1.2181635,-0.8785219,2.4371955,0.42654994,-0.29551387,2.1478918,-1.3257015,0.6534418,1.3283896,-0.24067986,-0.16814283,-0.69291675,-0.9978026,-0.79245687,43
-0.91622686,-1.0270799,-1.1695619,-0.91908777,2.425946,0.45687374,-0.4606446,2.2542481,-1.3133358,0.7196913,1.4787799,-0.18284956,0.1050271,-0.7810734,-1.1402776,-0.9368584,43
0.44494826,-1.6537125,0.9050173,-0.7548349,1.2624862,0.18286648,1.541799,0.53831065,-0.35399833,-0.37318707,-0.10351348,-1.3753954,-0.5342304,0.82555413,0.8280754,-0.1503673,105
-0.10179938,-1.9323574,-0.120746136,-0.34770653,1.8465172,-0.051129013,0.09534781,2.8050396,-1.999565,0.62627333,1.8851767,-1.0583923,0.016651437,-1.203831,-0.3311974,-1.5011415,79
-0.44370875,-0.39851755,-0.039072663,-0.53862625,2.3428588,-0.33582377,0.7022472,1.3964342,-0.3579716,0.5641701,0.118257225,-1.0388618,-0.96460074,-1.0883716,-0.4473826,0.48915386,79
2.5049229,-4.62021,5.593452,-1.92412,-0.9988725,-2.0905592,5.903613,-1.4582108,0.70770454,2.7854896,-0.7523521,-3.3420453,-1.3375641,3.0338326,5.416249,-0.9781645,73
0.3231785,-1.318536,0.6230792,-0.35312146,2.1248891,-0.23342177,2.8635926,0.19235778,-0.73443604,0.30792028,-1.0572269,-0.55335903,-1.1829518,0.4082272,1.9152771,0.5695656,86
-0.76628584,-1.313772,-0.8550455,-0.6154367,2.098082,0.68612087,0.06568735,2.0359917,-1.1320807,0.84775674,1.234091,-0.580647,0.16563076,-1.2579125,-0.570415,-0.6686961,43
0.6712442,0.07552999,0.5258427,-0.3645115,0.54999954,0.22210059,2.5528667,-0.08493653,-0.9792477,0.6938824,0.060417354,0.08900705,0.5944253,-0.03210826,2.146498,-0.65604806,31
-0.18178199,-1.3657767,0.5498053,-0.4495526,1.5025506,-0.25306207,2.4333131,0.2747769,-0.598481,0.008099563,-0.7352152,-0.608742,-1.0705757,0.04213527,2.2624438,0.26528007,86
-0.85837626,-1.1797881,-1.2354922,-0.85631037,2.3741632,0.5022539,-0.3115629,2.0799747,-1.2627608,0.6439874,1.3895692,-0.26092303,-0.13057372,-0.7561136,-0.9798485,-0.8385697,43
-0.86309576,-1.1218768,-1.1657147,-0.8953019,2.3987865,0.50679505,-0.47403532,2.21384,-1.2784977,0.70153636,1.5178068,-0.20566651,0.07536157,-0.8256144,-1.1180105,-0.96803486,43
0.28059345,-1.6477609,1.340826,-0.9367402,1.2169427,-0.34771496,1.8279798,0.40057218,-0.083432555,-0.057286724,-0.29649532,-1.7164127,-0.72405374,0.8908882,1.1410034,-0.059091575,105
-0.106529914,-2.0065672,-0.17186624,-0.33953375,1.8328748,-0.15876919,0.035838008,2.9033492,-1.9848133,0.6133403,2.0505762,-1.1793396,0.07380721,-1.2760333,-0.39591432,-1.4232795,43
-0.18391177,-0.7331803,0.07042835,-0.3621545,2.1410913,0.12414098,1.260626,0.88375056,-0.07214266,0.46959054,0.083813205,-0.8784032,-1.0214134,-0.88218415,0.16805708,0.5157357,105
2.6869388,-5.201579,5.844383,-1.8585688,-0.9831965,-2.2024515,6.1395206,-1.3492206,0.6119466,2.8325975,-0.68929845,-3.4542522,-1.2347821,2.9667115,6.043764,-0.82115334,73
0.1537844,-1.3594369,0.41140926,-0.34943724,1.88391,-0.2149276,2.587729,0.17604016,-0.75586116,0.17716345,-0.955431,-0.6447451,-1.1202289,0.424262,1.8294321,0.4054246,86
-0.655204,-1.3277434,-0.6967615,-0.55086195,2.0780756,0.59879124,0.112483,2.0192664,-1.0950869,0.83312076,1.2534432,-0.5319728,-0.029359981,-1.2913837,-0.47055277,-0.55941916,79
0.73011637,-0.06808056,0.6668676,-0.34501845,0.5254629,0.29253045,2.7703958,-0.1668289,-0.9309466,0.8432823,-0.045136094,-0.09356539,0.55277747,-0.03369067,2.2489026,-0.6226927,31
-0.20225886,-1.2192689,0.53178227,-0.39760876,1.5881585,-0.32737774,2.390621,0.29169175,-0.56997156,0.09334532,-0.7444391,-0.38615474,-0.861446,-0.10102771,2.2427633,0.527192,86
-0.8187625,-1.2482013,-1.2355664,-0.81335354,2.339034,0.57853436,-0.29513797,2.0367153,-1.2399051,0.6311982,1.4015696,-0.28122297,-0.11614516,-0.81611246,-0.9406682,-0.8737413,43
-0.83506286,-1.203938,-1.1480293,-0.8576,2.3748019,0.54618955,-0.4592479,2.1756094,-1.2559323,0.688443,1.506522,-0.25189948,0.030140936,-0.86885136,-1.0832032,-0.99033433,43
0.08773087,-1.5809773,1.3852055,-1.0134873,1.0986278,-0.5663624,2.1307619,0.15673558,0.042843655,0.07418235,-0.32173014,-1.6687033,-0.51226425,0.933415,1.7005678,0.027769819,105
-0.10503845,-1.8313003,-0.12124026,-0.33247104,2.0724313,-0.2503194,-0.072723076,3.0448456,-1.9218597,0.7587584,2.0305796,-1.2258428,0.010480627,-1.4064777,-0.7359967,-1.17535,43
0.095706075,-0.91734695,0.24898885,-0.30672866,1.995383,0.23501655,1.6391804,0.6482239,-0.01604034,0.4693303,-0.026526958,-0.8505621,-0.8955593,-0.80937463,0.5819132,0.6022294,105
1.9790869,-3.1094017,0.6112895,0.41622162,-0.570055,-2.293499,0.61305153,1.9775499,-2.175667,-0.42154342,3.355433,-3.7789567,1.3482797,-0.002840884,-0.14460313,-1.4063883,80
-0.03438715,-1.175741,0.30664608,-0.31727177,2.0652442,-0.31234354,2.4819987,0.32297122,-0.8754817,0.03414858,-1.2403691,-0.76984096,-1.2743108,0.3674962,1.6723242,0.5098099,86
-0.58545494,-1.3933643,-0.55748177,-0.50190943,2.0875518,0.51681757,0.14637427,2.016298,-1.0115768,0.8301668,1.3591566,-0.46325964,-0.27152523,-1.2841748,-0.34705004,-0.4035233,79
0.75245744,-0.18459904,0.76323557,-0.31860858,0.5189688,0.29104027,2.905901,-0.14375061,-0.97417486,0.9125167,-0.09864184,-0.26643708,0.4731197,-0.04875207,2.346677,-0.5641284,31
-0.08363442,-1.0797211,0.45298594,-0.31213865,1.5585152,-0.257732,2.4241786,0.17833938,-0.5096184,0.20952708,-0.65685844,-0.2723584,-0.73509514,-0.14285937,2.1801665,0.60099685,86
-0.7837003,-1.3008189,-1.1929572,-0.785146,2.3341532,0.6122433,-0.25868598,2.0253704,-1.2355196,0.6405142,1.3726431,-0.30777237,-0.13668025,-0.8649643,-0.892082,-0.8937177,43
-0.8090902,-1.2701827,-1.1120133,-0.8251469,2.3597767,0.57557356,-0.41871694,2.14496,-1.2345319,0.69670856,1.4618933,-0.32310855,-0.03509815,-0.91223925,-1.0457728,-1.0064111,43
0.024383724,-1.5038714,1.2432306,-0.85808086,1.414249,-0.5113874,2.2157114,0.27589744,-0.18452023,-0.04127016,-0.49357176,-1.4179465,-0.44257578,0.8086138,1.8550106,0.24712852,105
-0.20574813,-1.7183772,-0.20691368,-0.32114106,2.142779,-0.099729985,-0.1522016,3.0166633,-1.8261436,0.86792916,1.9733858,-1.1880424,-0.03112837,-1.463333,-0.9227834,-1.0971437,43
0.115604594,-0.9891777,0.14847417,-0.2649856,1.9255209,0.19444239,1.6858729,0.5789876,-0.04162544,0.3783003,0.07813765,-0.6885183,-0.7364074,-0.7735352,0.79713684,0.7396779,105
1.5733902,-2.7030408,0.42305124,0.13760614,-0.13772272,-1.7099483,0.5019786,2.1544778,-2.2483258,-0.5698903,3.0518365,-3.039097,1.3528917,-0.10416479,0.099622294,-1.548409,80
-0.20878659,-0.91640925,0.17254506,-0.34604126,2.2176218,-0.3922693,2.297166,0.48970127,-0.9940386,-0.1058383,-1.3228749,-0.62095684,-1.1867111,0.27638322,1.6130465,0.64891946,86
-0.5630724,-1.3777947,-0.45252162,-0.56436026,2.1068227,0.3875732,0.14032477,1.9955422,-0.9127672,0.8343571,1.5010391,-0.28930056,-0.47987112,-1.1847728,-0.18607572,-0.28576857,79
0.8277292,-0.27219117,0.79935265,-0.27315846,0.50871766,0.28752604,2.9358742,-0.015521109,-1.1187432,0.8800229,-0.063777536,-0.38180226,0.33467647,-0.061379187,2.379928,-0.5844929,31
-0.018960096,-1.2020894,0.32977462,-0.34803423,1.4797999,-0.042902946,2.4486024,0.11634441,-0.61222637,0.15360957,-0.6310192,-0.21337715,-0.67381465,0.05232221,2.2545943,0.2709173,86
-0.74672973,-1.4023246,-1.1267917,-0.76974607,2.3448124,0.64796066,-0.19813591,2.0435925,-1.2468258,0.67294383,1.3267423,-0.36344668,-0.19775176,-0.89100575,-0.8391548,-0.9134243,43
-0.7754279,-1.3325226,-1.0512848,-0.8209319,2.3342464,0.5788114,-0.33967423,2.0980787,-1.1970408,0.7494889,1.3969996,-0.3994865,-0.13188767,-0.923947,-0.985806,-1.0314094,43
-0.113620386,-1.8789372,1.5735967,-0.95500433,1.6663955,-0.74150455,2.876408,0.19811842,-0.08587039,0.24040273,-0.9672227,-1.833448,-0.6245458,0.95147294,2.3365495,0.44815862,105
-0.22270906,-1.7651118,-0.31091923,-0.37317786,2.1782687,0.10564071,-0.15281567,2.8857431,-1.7209852,0.8152664,1.9263357,-1.0576087,-0.15828744,-1.342278,-0.8877443,-1.0882955,43
0.13615228,-1.0294616,0.03789098,-0.19978288,1.898759,0.22801867,1.7561163,0.5245895,-0.11102103,0.36018682,0.16015229,-0.5556252,-0.5665961,-0.7218271,0.92078274,0.81890213,105
1.4494414,-2.1275382,0.28737885,-0.07438278,0.15203054,-1.2170507,0.29804233,2.1979234,-2.2089398,-0.54629105,2.6910696,-2.7027698,1.2362072,-0.22491872,-0.21263802,-1.9035807,80
-0.43693852,-0.73143977,0.09170018,-0.4163146,2.345765,-0.4381149,2.1586783,0.6605155,-1.1250595,-0.23433848,-1.3997142,-0.44626915,-0.9603388,0.18204646,1.7051513,0.77136153,86
-0.48572794,-1.3742032,-0.5952329,-0.41452983,2.2342358,0.7505251,0.07626396,1.9846905,-0.94274366,0.63418967,1.713303,0.17475256,-0.20381999,-1.219427,-0.08609178,-0.10266189,114
0.9589811,-0.44460785,0.93624395,-0.22744662,0.51195693,0.27315232,3.0136986,0.17506565,-1.31263,0.8585707,-0.14030212,-0.5808705,0.17469534,-0.045515392,2.4216597,-0.62370384,31
-0.26270533,-1.2318496,0.16903809,-0.38577154,1.6461487,0.003530711,2.4413345,0.19561274,-0.82239413,-0.17215107,-0.8904607,-0.16220157,-0.6586189,0.35736185,2.381534,0.19133005,86
-0.70781165,-1.5537708,-1.0478394,-0.8001131,2.3253026,0.6721215,-0.117064476,2.036155,-1.2044108,0.7533998,1.3032966,-0.4744583,-0.3031493,-0.8739493,-0.7877831,-0.9700996,79
-0.71158814,-1.3822708,-0.93440765,-0.83931726,2.2822475,0.5599098,-0.22836185,2.0495186,-1.1393716,0.8648469,1.3119488,-0.5159614,-0.22923705,-0.9327378,-0.9413729,-1.0588422,43
-0.45479086,-2.067783,1.8173442,-1.1633885,1.7157816,-0.95165586,3.2409322,0.16369715,0.009801909,0.42343372,-1.4981114,-2.4682271,-0.6679956,1.1266725,2.4580996,0.40682584,105
-0.23592527,-1.8240228,-0.3620301,-0.40097287,2.1826406,0.19089091,-0.13387562,2.8051722,-1.6861403,0.7831275,1.8725652,-1.0157769,-0.23302206,-1.249856,-0.8445717,-1.0815053,43
0.1344821,-1.1795248,-0.042761043,-0.16456965,1.9465295,0.36590043,1.7796551,0.5680844,-0.295021,0.35344112,0.12908779,-0.4965335,-0.49030575,-0.60000366,0.9124113,0.704471,105
1.1368241,-2.462932,0.013222292,-0.42093533,0.42168754,-0.38517916,0.12136249,2.3937576,-2.2486925,-0.41657847,2.8360786,-1.9004985,1.3405046,-0.07920703,0.016246751,-2.2431376,43
-0.5713972,-0.6528021,0.12508577,-0.48783928,2.4012034,-0.5091952,2.0616791,0.83943594,-1.2644356,-0.3077321,-1.4214811,-0.30990756,-0.82356495,0.124068946,1.819765,0.8139936,86
-0.5907775,-1.4558449,-0.95795745,-0.46327525,2.2073226,0.94267535,0.014491681,1.8497746,-0.96081936,0.3252466,1.8642911,0.45425382,-0.048875637,-1.0324463,0.113000974,-0.23350386,43
1.0742717,-0.5987268,1.091877,-0.2768147,0.6151091,0.09887737,3.1668756,0.42547202,-1.6113648,0.8702858,-0.10119784,-0.6159897,0.055268712,0.0815403,2.6187463,-0.56747794,31
-0.59205544,-1.0477175,-0.026519984,-0.39603007,1.8396219,-0.1662937,2.2976885,0.34312344,-0.9536593,-0.42173612,-1.0647875,-0.021974742,-0.49052188,0.35648638,2.465693,0.4566077,86
-0.6182277,-1.660508,-0.9179302,-0.83451194,2.2507942,0.6531867,-0.023962822,1.9954326,-1.1587672,0.8617284,1.2727107,-0.5610024,-0.42886767,-0.8339869,-0.7190088,-1.0396165,79
-0.62722164,-1.4495012,-0.7947936,-0.90230703,2.2052813,0.50155616,-0.15341122,2.017713,-1.0779648,1.0122362,1.2812233,-0.6257786,-0.3728267,-0.9062345,-0.91774285,-1.124335,79
-0.6264446,-2.0042136,1.7371969,-1.3145875,1.5363477,-0.9718852,3.0836434,0.18181007,0.048940554,0.42735493,-1.4493749,-2.739177,-0.4224635,1.1547348,2.3004282,0.15841952,105
-0.26865137,-1.8649486,-0.40543717,-0.37343365,2.0936124,0.3471211,-0.1165677,2.6799173,-1.6369455,0.770906,1.7827555,-0.9789094,-0.22945616,-1.2027417,-0.80233204,-1.0742245,79
-0.13575323,-1.4938825,-0.15706652,-0.22285421,2.0219276,0.4099374,1.7897333,0.6914431,-0.51877755,0.18380103,-0.013758808,-0.6039945,-0.5656993,-0.29502764,1.0356852,0.49198306,105
0.90147513,-1.9909064,-0.07392496,-0.48547608,1.2102106,-0.18883455,0.20197287,2.4456255,-1.9164002,0.41270012,2.808984,-1.1057618,1.3066654,-0.5915002,-0.16494933,-1.7492695,43
-0.66560143,-0.57826567,0.13442104,-0.53161144,2.4565265,-0.5325764,1.9803153,0.96367455,-1.3487647,-0.30466193,-1.4727114,-0.19429046,-0.75053096,0.046016544,1.8288794,0.83123666,86
-0.5304819,-1.2662697,-1.0155604,-0.5101878,2.2551613,0.9181446,0.06157726,1.7115816,-0.79620945,0.32665467,1.8469976,0.45777854,-0.07351234,-1.0033311,0.056813706,-0.2366027,43
1.4105756,-0.9110389,1.5722468,-0.35397023,0.658717,0.19790217,3.4193,0.32872522,-1.3469826,1.193229,-0.31343222,-0.84671795,-0.3823507,0.17483683,2.5121999,-0.49438083,31
-0.8022345,-0.86719155,-0.14814585,-0.44321328,1.9691521,-0.22082391,2.1573558,0.49576783,-1.0695386,-0.59491956,-1.1568711,0.10569349,-0.32396793,0.29427242,2.5103555,0.5898047,86
-0.51942897,-1.7530745,-0.77191883,-0.88556856,2.1592877,0.6704005,-0.0148941465,1.9305936,-1.0322691,0.9286305,1.3523346,-0.5050866,-0.5800833,-0.75904524,-0.6442235,-1.0762146,79
-0.3804221,-1.4866056,-0.6481804,-0.8301729,2.1716528,0.70100737,-0.050138425,1.942626,-0.9607034,1.158263,1.3198332,-0.5359521,-0.36707345,-0.9934698,-0.90103763,-1.0634242,79
-0.64822996,-1.9058139,1.6144865,-1.3909088,1.370093,-1.0899109,2.6114767,0.36551866,-0.14603443,0.16690308,-1.1218925,-2.6006138,-0.27243492,1.2388722,2.1251266,0.021599695,105
-0.31324062,-1.7862165,-0.44684273,-0.45172143,2.0101223,0.5080471,-0.11327009,2.4594061,-1.4532739,0.80131334,1.6432847,-0.90302944,-0.26566276,-1.1285645,-0.784375,-1.0546103,79
-0.4834593,-1.3396808,-0.38569438,-0.23765312,2.1382723,0.3734636,1.5869148,0.80154616,-0.6094364,-0.09202562,-0.079027325,-0.44209543,-0.40521744,-0.23493034,1.0935599,0.6685868,45
0.14529791,-1.0591829,0.20454769,-0.32064986,2.147628,-0.5576927,-0.05070911,3.1418805,-1.9869012,0.894606,2.1610575,-1.080535,0.7076118,-1.3319073,-1.0352134,-1.0521529,43
-0.7569087,-0.4980408,0.10827984,-0.57989496,2.4993577,-0.48960346,1.8685155,1.0627401,-1.392883,-0.28375787,-1.4989378,-0.08201021,-0.6430431,-0.04363353,1.7666031,0.809757,86
-0.47602046,-1.1779282,-0.95130235,-0.55043393,2.2673092,0.8986465,0.042461634,1.6669693,-0.6422421,0.34444797,1.8245137,0.40491638,-0.20337105,-0.9698023,-0.032606043,-0.20150143,105
1.3683193,-0.8864131,1.4817278,-0.33830035,0.8056393,0.28715214,3.3949237,0.34087545,-1.3726368,1.1598951,-0.40883243,-0.77906805,-0.44772443,0.19622777,2.3926432,-0.50037813,31
-0.958852,-0.6105362,-0.17523253,-0.46882185,2.0849264,-0.23284185,2.0706635,0.64682174,-1.2190902,-0.71160626,-1.3185419,0.28050593,-0.15292913,0.2085994,2.5387218,0.69541067,86
-0.35006493,-1.8149331,-0.83704555,-0.7758471,2.1432774,0.98972774,-0.035951044,1.8425444,-1.0242772,0.7604778,1.4762594,-0.16878729,-0.38440913,-0.77303445,-0.5115269,-1.0494702,79
-0.32751808,-1.5310689,-0.7233781,-0.77868867,2.1543987,0.7842741,-0.20430145,1.9304249,-0.9752145,1.0246733,1.5205499,-0.16020025,-0.33491546,-0.98900765,-0.82266456,-0.983649,79
-0.57835007,-1.7840331,1.5740592,-1.3602288,1.3163248,-1.1245548,2.1539006,0.52678394,-0.30328548,-0.07502031,-0.93493295,-2.4145334,-0.27847612,1.2885379,1.8152044,0.010752708,105
-0.3413365,-1.7907311,-0.49715286,-0.44720474,1.9484209,0.6849822,-0.07615903,2.2817156,-1.3048759,0.8051,1.5433948,-0.94340694,-0.35498682,-1.0789664,-0.81551766,-1.0511458,79
-0.79707134,-1.0300114,-0.5399068,-0.21365552,2.32441,0.2963765,1.4124632,0.9550544,-0.7081834,-0.29811364,-0.25483644,-0.2592703,-0.24501598,-0.37266994,1.1295519,0.9773002,86
-0.03927301,-1.1261272,-0.09549463,-0.4131876,2.2295954,-0.23977786,-0.15273592,3.079075,-1.9357411,0.7439639,2.1911454,-0.8557291,0.64414066,-1.2179861,-0.97900665,-1.2237892,43
-0.87590617,-0.50231993,0.06933224,-0.6251878,2.5061176,-0.4499025,1.7409122,1.1542073,-1.4302083,-0.22992001,-1.4633403,0.031155199,-0.48163375,-0.13516447,1.7394944,0.7845522,86
-0.4191755,-1.2637442,-0.98305947,-0.57923234,2.1539927,0.9858277,0.001022838,1.6155188,-0.6759701,0.17011413,1.7807901,0.29816738,-0.26472858,-0.83115184,-0.02760116,-0.4127771,43
1.181081,-0.698799,1.3093634,-0.400399,0.9625882,0.36154088,3.107807,0.38936692,-1.2941512,1.0208021,-0.4641075,-0.7015475,-0.23226976,0.11535691,2.1406658,-0.50279987,31
-1.031983,-0.5464494,-0.13025889,-0.5271101,2.1211827,-0.22697237,2.0459158,0.7460648,-1.2860364,-0.6790607,-1.4287416,0.28880367,-0.120586805,0.12371889,2.5543215,0.6843539,86
-0.3359685,-1.3767754,-0.93463296,-0.6513235,2.185773,0.9592657,-0.17536566,1.8073115,-0.9388112,0.6078219,1.4629576,-0.034417868,-0.21026966,-0.9516282,-0.69859684,-0.8007617,43
-0.326567,-1.1141238,-0.82987833,-0.64769286,2.1964579,0.726578,-0.3218678,1.9057528,-0.9169824,0.88195753,1.5093732,-0.0592411,-0.17586535,-1.1433828,-0.9972124,-0.7459484,43
-0.44585577,-1.790017,1.7750561,-1.2926774,1.2435921,-1.1362165,2.0388849,0.44338334,-0.17200325,-0.013046451,-1.0043857,-2.4130425,-0.37559035,1.2543567,1.6857538,0.13595265,105
-0.35821176,-1.6979214,-0.4726326,-0.47234875,1.8957332,0.823118,-0.0088889785,2.0939834,-1.2039953,0.7711589,1.3336173,-0.8439003,-0.3718061,-1.007473,-0.7266458,-1.0008507,79
-0.9574917,-0.7722274,-0.47736043,-0.23372963,2.424581,0.22775337,1.2950863,1.1010343,-0.8085197,-0.38658476,-0.43025696,-0.15074159,-0.24112812,-0.49024087,1.1680349,1.1080251,86
-0.14714336,-1.1247668,-0.22219324,-0.4126246,2.311041,-0.26519197,-0.24722007,3.1102655,-1.9859104,0.5708846,2.1716037,-0.79698455,0.48196936,-1.1259338,-0.9931997,-1.2398715,43
-0.99348557,-0.61021304,-0.01806967,-0.66325057,2.5215092,-0.36757615,1.6166341,1.2441094,-1.4714259,-0.21665885,-1.3621206,0.09227824,-0.38362318,-0.15722077,1.7012631,0.71693414,86
-0.44888225,-1.3563738,-0.87143606,-0.6005156,2.206255,0.82800996,-0.012362417,1.74261,-0.76634,0.29255116,1.6943889,0.17414582,-0.39153546,-0.8506807,-0.086592846,-0.37643585,43
1.1598587,-0.5526259,1.3417616,-0.47275195,1.0859551,0.47693774,2.9140022,0.3887577,-1.0413541,1.0131569,-0.6202935,-0.77889407,-0.3321374,-0.044892203,1.8082157,-0.46736968,31
-1.0292605,-0.6917722,-0.04456258,-0.61441356,2.1317244,-0.17509699,2.0879638,0.8120668,-1.3219875,-0.6274205,-1.5043807,0.22579202,-0.22637427,0.14900386,2.597539,0.5658971,86
-0.4382668,-1.0806867,-1.0233943,-0.64117956,2.2236633,0.88149905,-0.19887367,1.7862133,-0.8821119,0.5084775,1.3418449,-0.07124689,-0.042765304,-1.0355742,-0.763988,-0.65444183,43
-0.4525179,-1.0144769,-0.99214286,-0.6590531,2.2252889,0.73553956,-0.36803928,1.9139843,-0.951831,0.6931704,1.4568074,-0.013335645,-0.010831453,-1.1297524,-0.9520055,-0.67746466,43
-0.17610699,-2.28393,2.1821923,-1.1243024,1.0761162,-1.2343085,2.5060537,0.22721332,-0.09505832,0.35090095,-1.2324327,-2.6191788,-0.3730278,1.0494982,2.285294,0.4348156,105
-0.34515706,-1.711954,-0.38109547,-0.49169415,1.8485678,0.7838415,0.09514651,2.068107,-1.2008708,0.7815357,1.2462392,-0.9921547,-0.35088295,-0.98755383,-0.67194164,-1.0231657,79
-1.0501139,-0.5088019,-0.31134745,-0.28242064,2.4593084,0.10778615,1.2797709,1.1851491,-0.9625213,-0.42092896,-0.8031415,-0.14646767,-0.29523975,-0.53557223,1.2086833,1.087815,86
-0.26245064,-1.5043437,-0.35572833,-0.4347967,2.354591,-0.33533525,-0.29611725,3.3672514,-2.160958,0.41459858,2.4609056,-1.1041799,0.60098094,-1.1251193,-0.95703363,-1.4283013,43
-1.0213616,-0.71140015,-0.10864401,-0.6708171,2.4887218,-0.2508086,1.4818462,1.276691,-1.4823732,-0.29624236,-1.1844361,0.1132189,-0.37260073,-0.1059115,1.6099746,0.57404685,86
-0.4950017,-1.30739,-0.75112414,-0.5987262,2.338541,0.7451992,-0.005276736,1.8428239,-0.84507036,0.39515615,1.4873865,0.09719831,-0.43306002,-0.8932213,-0.18508244,-0.29889917,43
1.115896,-0.49214983,1.4103246,-0.57742846,1.0847347,0.4327117,2.686468,0.39885128,-0.7992412,0.95411426,-0.5679178,-0.7908913,-0.45481327,-0.12798175,1.6839108,-0.45198727,31
-1.056779,-0.90478253,0.017385513,-0.72103584,2.1238463,-0.11149369,2.1389093,0.8690295,-1.3783625,-0.60872114,-1.5304443,0.26627383,-0.23924807,0.22749193,2.7494462,0.4413507,86
-0.55553585,-0.9349234,-1.0845962,-0.70131075,2.3027136,0.81463337,-0.21389914,1.8264552,-0.91248536,0.46687353,1.2250525,-0.036649078,0.08100299,-1.0506239,-0.7444891,-0.5866641,43
-0.58684397,-1.1247543,-1.1454377,-0.7056423,2.2731507,0.81946695,-0.45639336,1.9893864,-1.060205,0.54541576,1.4456415,-0.0062692463,0.097423896,-1.060709,-0.9395199,-0.76627666,43
0.26619068,-3.0767822,2.7265844,-1.1118152,0.88898027,-1.55513,3.2867305,0.018737406,-0.19444418,0.7161509,-1.4279493,-2.9689162,-0.56059843,1.2523632,3.1952899,0.47678816,105
-0.36498526,-1.7249155,-0.32002118,-0.49650422,1.8052975,0.8108541,0.21976376,2.0169556,-1.1725833,0.8188558,1.125753,-1.1085835,-0.3276009,-0.9820254,-0.6023679,-1.0189314,79
-1.1065133,-0.38567838,-0.19179401,-0.33528113,2.5125632,0.048225254,1.3026901,1.2434976,-1.0249195,-0.3707971,-1.070868,-0.18607208,-0.3699188,-0.55771184,1.1758918,1.0519557,86
-0.3083117,-1.5378621,-0.5355295,-0.45830202,2.4264376,-0.21904016,-0.3390564,3.3055415,-2.1452346,0.2737251,2.4434144,-0.9497472,0.55508643,-1.0753895,-0.8973577,-1.3542924,43
-1.0278387,-0.68597305,-0.18671516,-0.6619882,2.4537673,-0.16156426,1.3498724,1.2705866,-1.4510635,-0.42708308,-1.006384,0.16629484,-0.33206052,-0.054074414,1.5080798,0.49880773,86
-0.5948665,-1.2265303,-0.681425,-0.6029174,2.4118571,0.7085041,0.045059424,1.8622681,-0.8317332,0.45400286,1.259036,-0.045428127,-0.4268686,-0.9297246,-0.25340906,-0.2175849,79
0.763189,-0.2964265,1.3736944,-0.74295795,1.1725277,0.2814645,2.5364614,0.52985317,-0.749737,0.9182837,-0.69040906,-0.71624446,-0.3148653,-0.2522264,1.6790161,-0.3759678,31
-1.1128907,-1.282007,-0.027398467,-0.82184744,2.064406,0.03555739,2.1553135,0.90677536,-1.4295845,-0.63510823,-1.4170744,0.29083517,-0.23694384,0.33913386,2.9349833,0.2488758,86
-0.6606758,-1.0126153,-1.1102989,-0.77134705,2.3999038,0.84333646,-0.25311175,1.9208274,-1.0000446,0.4428541,1.1978033,-0.026241094,0.11551785,-0.98545957,-0.72981423,-0.6744509,43
-0.7159947,-1.1007096,-1.1566813,-0.74221015,2.3887844,0.7720821,-0.4408658,2.048527,-1.1155794,0.5356366,1.350936,0.08351591,0.15297914,-1.0222245,-0.86773384,-0.6716685,43
0.72332054,-3.8156657,3.0800498,-1.1983223,0.699058,-1.7987084,3.9745889,-0.2487466,-0.10474461,1.0402526,-1.5261174,-3.60229,-1.2448932,1.546482,3.7161078,0.23785055,105
-0.41702887,-1.6841148,-0.25130865,-0.5376722,1.7748029,0.7864573,0.3425875,1.9337485,-1.1234323,0.8765124,0.97833836,-1.1742762,-0.35989672,-0.93368804,-0.51489806,-1.023535,79
-1.1360223,-0.33136895,-0.066649005,-0.38141155,2.521212,-0.03643751,1.3271691,1.2886705,-1.0664215,-0.26737052,-1.2226473,-0.19030945,-0.36507973,-0.5727572,1.1722928,1.0378907,86
-0.26595652,-1.3667022,-0.56577396,-0.48945555,2.4540792,-0.16087712,-0.36373565,3.176815,-2.0011158,0.34821266,2.3461556,-0.8351325,0.52956784,-1.1520748,-0.9685402,-1.2351153,43
-1.034889,-0.56118095,-0.2013335,-0.63422924,2.437386,-0.12788633,1.2589656,1.237249,-1.3752408,-0.48941958,-0.9006251,0.20624226,-0.27686864,-0.058125075,1.3842098,0.5001045,86
-0.66421795,-1.0766337,-0.616303,-0.6454001,2.3960323,0.62274134,0.17740464,1.7735472,-0.7077875,0.5463132,1.0882523,-0.13609284,-0.41484052,-0.9761824,-0.17720571,-0.09821684,79
0.51031494,-0.22816417,1.3337026,-0.8330815,1.1559056,0.16561541,2.3976507,0.65686774,-0.7523594,0.870031,-0.6424634,-0.5751368,-0.09169849,-0.33567834,1.7586342,-0.2435053,31
-1.1567972,-1.5319496,-0.06241019,-0.8972709,2.0121143,0.12776294,2.1439714,0.92215633,-1.4528869,-0.66568846,-1.3237255,0.30880448,-0.226637,0.4209565,3.0469658,0.113545895,86
-0.73743147,-1.0652295,-1.0971656,-0.8082806,2.447197,0.81131184,-0.23386383,1.9476914,-1.0301242,0.4307391,1.1638703,-0.011310101,0.093266815,-0.92966354,-0.65958786,-0.6670562,43
-0.743631,-1.1207455,-1.1551366,-0.7676718,2.43427,0.7732624,-0.44190338,2.0816875,-1.1478351,0.5464748,1.3451853,0.07657844,0.12602425,-0.9962541,-0.8714933,-0.71129787,43
1.1964364,-4.1856947,3.3691902,-1.2101378,0.6750348,-1.838491,4.6468015,-0.47479734,-0.0001962483,1.393565,-1.7265081,-4.1048474,-2.267308,1.6329492,3.9531531,0.08854362,105
-0.48068157,-1.6445898,-0.18099603,-0.6128105,1.7383108,0.76469374,0.4366634,1.8844253,-1.0428256,0.93446827,0.8531621,-1.3412166,-0.38703838,-0.91362673,-0.49302593,-1.0322678,79
-1.113708,-0.32145494,0.04639589,-0.40951017,2.4967506,-0.10499124,1.3492466,1.2982619,-1.0651647,-0.16740508,-1.29083,-0.2634891,-0.38181677,-0.58409786,1.1321658,1.0045905,86
-0.34674656,-1.1218456,-0.6451801,-0.5433813,2.505361,-0.06842597,-0.35240787,2.98898,-1.8795612,0.3043591,2.0594022,-0.7322088,0.50860864,-1.1369846,-0.9924474,-1.1310782,43
-1.0760367,-0.40172392,-0.13616121,-0.5975324,2.4587867,-0.16809629,1.2255179,1.1992235,-1.2785362,-0.48474693,-0.8971281,0.21042725,-0.21036696,-0.10857371,1.2812597,0.5744255,86
-0.68480134,-0.9187577,-0.5532096,-0.6381519,2.3941188,0.5582272,0.30941,1.6741055,-0.6320083,0.57250935,0.8809433,-0.21666317,-0.4456806,-0.9819239,-0.14189339,0.01134707,79
0.3561366,-0.3028062,1.140955,-0.85782015,1.1897172,0.22212622,2.2387197,0.8159369,-0.83954,0.745428,-0.38806897,-0.2968357,0.06904841,-0.3549314,1.8200597,-0.15812445,31
-1.1936715,-1.6795712,-0.07377483,-0.9329932,1.970178,0.17903647,2.0992188,0.93299186,-1.459741,-0.7019345,-1.2213913,0.3359346,-0.19205904,0.48674428,3.0824835,0.04364036,86
-0.73863894,-1.1535248,-1.0558469,-0.83841634,2.4534404,0.815899,-0.23675177,1.9665471,-1.0397782,0.43780106,1.1871586,-0.07139662,0.032833785,-0.8775829,-0.6688392,-0.7425928,43
-0.72338796,-1.1415371,-1.0777187,-0.7770592,2.4390044,0.78492594,-0.45349342,2.1201026,-1.1783607,0.5824376,1.3417951,0.040343642,0.102601215,-0.9814729,-0.9159248,-0.7787126,43
1.1160932,-3.563514,3.1807604,-1.0747375,0.91695094,-1.4912486,4.585905,-0.08331117,-0.30060583,1.2764705,-1.7001476,-3.7181814,-2.4603636,1.3030642,3.6931791,0.08761534,105
-0.54073703,-1.4726934,-0.061602026,-0.56658655,1.733859,0.7242944,0.57609147,1.8052433,-1.0406035,0.9617402,0.57520366,-1.3345896,-0.41946408,-0.8960907,-0.40960923,-0.935562,79
-1.0693517,-0.29135692,0.14730941,-0.44032556,2.443457,-0.1468735,1.3679893,1.2382528,-0.9846436,-0.092233345,-1.305448,-0.36800027,-0.41313654,-0.58015573,1.073106,0.9517949,86
-0.3933634,-1.0214686,-0.69850075,-0.5641117,2.4249752,0.07127434,-0.2895954,2.7530224,-1.7907801,0.2591321,1.8372071,-0.568202,0.4799985,-1.0744504,-0.8491421,-1.0741928,43
-1.0805218,-0.21894492,-0.0778659,-0.57688636,2.4862309,-0.19226646,1.205011,1.1351625,-1.1473964,-0.45766437,-0.91540134,0.1771568,-0.2107158,-0.14343776,1.1465167,0.6359302,86
-0.6844082,-0.8095573,-0.48918307,-0.61307526,2.377529,0.5027672,0.43860665,1.5701144,-0.55498767,0.5860754,0.6917535,-0.3580438,-0.5083587,-0.97677267,-0.14495328,0.1042203,79
0.26404905,-0.39135206,0.9615614,-0.8525324,1.3053184,0.2581384,2.042727,0.95551705,-0.8580071,0.6566485,-0.09720534,-0.08710462,0.18074971,-0.4292379,1.7765367,-0.035167113,31
-1.2405195,-1.7482775,-0.093978584,-0.9428965,1.9515268,0.20288077,2.0198457,0.93338084,-1.4376625,-0.74103534,-1.0871911,0.36387923,-0.18010324,0.5403848,3.035267,0.016378447,86
-0.7376498,-1.2760301,-0.9797037,-0.84224653,2.45944,0.8298571,-0.22214314,1.9876832,-1.0632395,0.43220305,1.1998879,-0.08876768,-0.013395146,-0.81855375,-0.6321862,-0.779001,43
-0.7053461,-1.1849021,-1.0111425,-0.77795315,2.4262745,0.8123447,-0.44550985,2.1279564,-1.1860147,0.5947902,1.3517501,0.023123682,0.06767888,-0.9448641,-0.9198307,-0.83586884,43
0.5583642,-2.5801477,3.0667088,-1.2717364,1.1761613,-1.7081513,4.0548725,0.64327747,-0.6871803,1.166175,-1.3982778,-2.8111095,-1.898783,0.815729,3.6419203,0.23100993,105
-0.61785614,-1.4196898,-0.10536349,-0.64942175,1.694025,0.7466868,0.6412772,1.7235718,-0.9002067,0.93080705,0.48635107,-1.6580395,-0.44993898,-0.825491,-0.506176,-1.0415907,36
-1.0617841,-0.25008082,0.19035311,-0.43487793,2.3953907,-0.15739305,1.3545625,1.167985,-0.91400707,-0.11920938,-1.25803,-0.40650102,-0.42552462,-0.5340015,1.0368207,0.9401793,86
-0.4219029,-1.1023668,-0.7535661,-0.55031985,2.3945882,0.15282321,-0.2310299,2.6394186,-1.7576084,0.23296198,1.7431834,-0.53723705,0.40071627,-1.0381413,-0.7514817,-1.0492992,43
-1.1413808,-0.11033256,-0.013867602,-0.5856372,2.511061,-0.2323941,1.2200302,1.1150725,-1.0927161,-0.43659264,-1.0160078,0.1760832,-0.19076976,-0.15874673,1.1376647,0.73054945,86
-0.6346454,-0.7415706,-0.4082836,-0.5974056,2.3278153,0.45123115,0.5601663,1.4431351,-0.47205615,0.5967684,0.5517092,-0.49581733,-0.5735382,-0.9506786,-0.1358566,0.15332553,79
0.1812427,-0.5112313,0.8918789,-0.8229836,1.4098594,0.062730014,1.8417454,1.148882,-0.8897147,0.61287516,0.16108885,-0.19824639,0.2772213,-0.5485779,1.6325772,0.03135094,31
-1.3440652,-1.8639078,-0.11611304,-0.96105903,1.9746368,0.22129211,1.9712943,0.9968926,-1.499851,-0.8334713,-1.0118098,0.42886522,-0.10461127,0.61410946,3.0921218,0.030479863,86
-0.74530554,-1.3220949,-0.8968107,-0.83974516,2.4430175,0.8136424,-0.17037894,1.95966,-1.0323573,0.43696696,1.1721019,-0.11291474,-0.043848857,-0.79455745,-0.56144,-0.75712806,43
-0.69731694,-1.1606209,-0.93680257,-0.7652379,2.4365432,0.82316196,-0.4007654,2.1055756,-1.1687126,0.5938676,1.2922888,-0.011488795,0.032229744,-0.9158428,-0.93001986,-0.8448872,43
-0.37165785,-1.688347,2.4551911,-1.3423601,1.2375622,-1.7704053,3.197461,0.9741348,-0.74780333,0.96102357,-1.0757102,-2.3089893,-0.8809326,0.44087082,3.0950222,0.24945882,45
-0.7398262,-1.3505383,-0.09933314,-0.6047408,1.6458368,0.77116466,0.75682116,1.6878359,-0.8968959,0.8650744,0.28925824,-1.8843068,-0.35160333,-0.8066064,-0.5093242,-1.0372913,36
-1.1332035,-0.26495197,0.17071809,-0.42666724,2.4053702,-0.15506816,1.3274637,1.1526928,-0.88521457,-0.19623812,-1.2288704,-0.4479258,-0.43246445,-0.47958386,1.015831,0.9709627,86
-0.41693065,-1.180702,-0.79835266,-0.5767069,2.4109209,0.27195594,-0.203307,2.5528007,-1.6931852,0.21380122,1.6657597,-0.5158957,0.306347,-0.9754255,-0.71974015,-1.0649644,43
-1.1638005,0.013049066,0.061653152,-0.6116385,2.513149,-0.2538162,1.2441648,1.0372871,-0.954443,-0.3860364,-1.0662016,0.13720143,-0.20368087,-0.16895604,1.0837405,0.7381687,86
-0.552854,-0.70371825,-0.30667943,-0.5395936,2.2513504,0.43002614,0.66967976,1.3191236,-0.41548103,0.59559274,0.41565832,-0.6469535,-0.62362784,-0.9446774,-0.14945802,0.19545478,79
0.071794644,-0.6775713,0.83599174,-0.81239885,1.4587039,-0.17591596,1.7420434,1.2883059,-0.9652736,0.4946345,0.34691525,-0.33124092,0.31478214,-0.5342684,1.641064,0.028138414,31
-1.2919099,-1.7783862,-0.07719672,-0.9251087,1.9855434,0.24743113,1.8770138,0.98539305,-1.4184911,-0.8272576,-0.9294473,0.34907457,-0.15405753,0.60878706,2.8431802,0.016600937,86
-0.7399542,-1.3146874,-0.8037473,-0.8253191,2.4347396,0.7983062,-0.11541878,1.9215138,-1.0001032,0.4362741,1.0924451,-0.17586812,-0.07375536,-0.78099865,-0.5356213,-0.7391691,43
-0.7232792,-1.1428137,-0.8611292,-0.76254535,2.439511,0.80869734,-0.3366108,2.0828378,-1.150397,0.5908229,1.2053962,-0.0592521,0.03563665,-0.8993656,-0.8983723,-0.8316977,43
0.17421225,-2.1334403,2.6173766,-1.0447352,0.55014426,-1.4128765,4.058171,-0.09379402,-0.09538179,1.5220982,-1.4938899,-3.3393848,-1.6429608,0.83127344,2.9547656,-0.19358616,45
-0.7693249,-1.134201,-0.15586424,-0.5843271,1.749852,0.8320664,0.87579936,1.6859652,-0.87418354,0.79916096,0.14024606,-1.9633697,-0.42157868,-0.81177807,-0.5917138,-1.0585887,36
-1.1751211,-0.24330159,0.17394853,-0.40590903,2.3552446,-0.11038163,1.3004051,1.0649816,-0.75634336,-0.20138599,-1.2072622,-0.57260215,-0.43542996,-0.49381697,0.89924604,0.9517805,86
-0.43248665,-1.2782847,-0.8005416,-0.604049,2.4264185,0.34281716,-0.17433403,2.4642627,-1.6080716,0.26359817,1.5798463,-0.50335974,0.14482324,-0.92422324,-0.70345485,-1.0771801,43
-1.1861467,0.13989592,0.15012556,-0.639138,2.5059814,-0.26558065,1.2840244,0.9743426,-0.84339595,-0.3308928,-1.1407661,0.11875439,-0.18064097,-0.189518,1.06517,0.75063527,86
-0.5305705,-0.71414536,-0.2288942,-0.49588025,2.1661272,0.42580137,0.75330734,1.2483913,-0.41859668,0.5700847,0.27855197,-0.8105227,-0.6479524,-0.9067316,-0.12671423,0.1952222,79
-0.06809086,-0.6030872,0.70864403,-0.86773026,1.489001,-0.10611206,1.7561531,1.1166639,-0.91739094,0.3281126,0.19952613,-0.10313271,0.18176574,-0.33935,1.7949044,0.03911823,86
-1.2747152,-1.577783,-0.029971302,-0.86193115,1.9923037,0.22198883,1.7779784,0.96896493,-1.3228588,-0.78734344,-0.89915013,0.28736445,-0.177102,0.5415472,2.5760648,0.06895484,86
-0.7894712,-1.26541,-0.6979098,-0.82302153,2.4451463,0.74137914,-0.016875427,1.8866212,-0.98665273,0.44325918,0.9191174,-0.22659558,-0.048221193,-0.7910934,-0.4487138,-0.68000245,79
-0.76777,-1.1039991,-0.7751519,-0.76360846,2.436218,0.76518345,-0.25584897,2.0582724,-1.1372714,0.5984478,1.0896276,-0.08990176,0.06943742,-0.9048481,-0.8250056,-0.7893464,43
0.29696986,-2.3647046,2.6881876,-1.1290178,0.26716092,-1.5335093,4.215324,-0.41806135,0.11034593,1.6896284,-1.3206072,-3.5214674,-1.7398406,1.1084782,3.1128678,-0.4036547,45
-0.7207543,-1.2055848,-0.5002804,-0.4634945,1.7548692,1.0906628,0.79753375,1.8895146,-1.186014,0.6955305,0.46511176,-1.6225591,-0.43730643,-0.7798523,-0.5813153,-1.1287841,79
-1.2321889,-0.19263119,0.17042707,-0.38413873,2.3298838,-0.062433988,1.2866827,1.0010879,-0.66194856,-0.23320039,-1.2088258,-0.6446613,-0.41679046,-0.4952683,0.8248432,0.94500273,86
-0.4672373,-1.4747685,-0.7740539,-0.59688616,2.431708,0.31256643,-0.089508876,2.4942276,-1.63741,0.31401828,1.5097139,-0.71759427,0.029628832,-0.9158315,-0.6908602,-1.1288326,43
-1.2153122,0.2395716,0.21872589,-0.69456947,2.5147147,-0.26385736,1.331282,0.93617547,-0.75198054,-0.30010337,-1.2101793,0.07774916,-0.16925848,-0.19038616,1.0671785,0.7384685,86
-0.5144427,-0.71296144,-0.19338423,-0.41400424,2.0446908,0.47247878,0.8314381,1.1253179,-0.381639,0.5200639,0.17336158,-0.9627545,-0.6979123,-0.86754715,-0.12469249,0.19569725,79
-0.1937999,-0.3586187,0.6576855,-0.93985474,1.5357624,-0.07391189,1.8134167,0.8835969,-0.8221172,0.24644728,-0.10325244,0.12008265,0.008400954,-0.16488314,1.894993,0.07630089,86
-1.2488191,-1.2497346,0.009020656,-0.7888022,2.0220308,0.19869375,1.6767353,0.9565997,-1.2318009,-0.7405456,-0.9251671,0.25814447,-0.15297344,0.42980486,2.2729616,0.15364379,86
-0.82975113,-1.243805,-0.6113407,-0.8110937,2.4156623,0.6999326,0.06966854,1.8549575,-0.9775808,0.47714728,0.78185284,-0.3070602,-0.028203428,-0.8180728,-0.3860833,-0.64753693,79
-0.7972595,-1.0813293,-0.7207422,-0.7580717,2.4426858,0.75135946,-0.17409077,2.030665,-1.1118567,0.58870584,0.99307984,-0.1680151,0.05314246,-0.89584154,-0.7889831,-0.7773756,43
0.43776578,-2.642646,2.715674,-1.1521585,0.23434201,-1.6431581,4.2576036,-0.3844613,0.099709004,1.6800187,-1.2898424,-3.8504584,-2.193782,1.2282162,3.0521188,-0.48460135,105
-0.6998122,-0.9639319,-0.51250654,-0.48632723,1.9074959,0.95813656,0.6623695,1.9957515,-1.2534504,0.867049,0.5349058,-1.320582,-0.36574268,-0.8127191,-0.76600987,-0.9958077,79
-1.285619,-0.13079421,0.114105254,-0.38631248,2.281947,0.007216245,1.2552849,0.9460461,-0.5777657,-0.27261776,-1.1804453,-0.73572576,-0.38985494,-0.47964877,0.73015106,0.88202244,86
-0.47787955,-1.479475,-0.7482634,-0.63112396,2.411875,0.44290397,-0.0064226203,2.3457265,-1.5789964,0.32479656,1.2542773,-0.693936,-0.055250503,-0.8338824,-0.63128483,-1.1452227,43
-1.2957611,0.2793797,0.27311623,-0.7500187,2.5423899,-0.28205413,1.403881,0.96174264,-0.7216128,-0.26691943,-1.2814509,0.0067457855,-0.12831959,-0.21511266,1.1299129,0.75585824,86
-0.5287791,-0.63720125,-0.17835972,-0.37625718,1.971956,0.5168108,0.9170752,1.0073198,-0.35504448,0.44677907,0.02317208,-1.0445044,-0.7301584,-0.81194615,-0.092910565,0.17926422,79
-0.21884802,-0.241933,0.7037872,-0.97366416,1.5912877,-0.09030181,1.8723787,0.8253114,-0.81168497,0.21171232,-0.3035444,0.11506888,-0.15037557,-0.080646954,1.8962387,0.008895278,86
-1.2255776,-0.88357496,0.05048036,-0.7147656,2.026818,0.15910864,1.5972453,0.9244627,-1.109904,-0.6563038,-0.94577277,0.19091165,-0.11852015,0.27970505,1.9909296,0.25181922,86
-0.840014,-1.2326351,-0.56621,-0.7903902,2.4034674,0.7064682,0.16823868,1.8154465,-0.9853673,0.4687534,0.66180146,-0.38684526,-0.0691774,-0.7980907,-0.33679715,-0.66218066,79
-0.78577775,-1.090317,-0.6877193,-0.7283664,2.4119391,0.7700052,-0.10469532,2.0060344,-1.1107978,0.55555975,0.93960816,-0.2702897,-0.0037348643,-0.87029654,-0.7719174,-0.81058073,43
0.42069113,-2.8681455,2.3275638,-1.2838154,0.41595936,-1.8091682,4.3841333,-0.35072497,0.032341108,1.6682533,-1.3400534,-4.2475085,-2.791358,1.2779467,2.9962718,-0.6060036,126
-0.8236816,-0.9982439,-0.66183835,-0.6317992,2.0637484,0.8872491,0.5126784,2.0959165,-1.3573297,0.83669204,0.7017817,-0.91909444,-0.216394,-0.65788347,-0.6903803,-0.9930711,79
-1.3678248,-0.090473235,0.06475724,-0.42482543,2.2124743,0.058367997,1.2803229,0.9389821,-0.5722248,-0.2845282,-1.1593041,-0.8502182,-0.25230083,-0.4641924,0.7352672,0.7681468,86
-0.46636283,-1.6158973,-0.66499865,-0.6363976,2.3396966,0.43733528,0.099898905,2.272737,-1.5726632,0.3846755,1.1011472,-0.8898678,-0.15745056,-0.77337325,-0.5949141,-1.2244503,79
-1.1023371,0.22093603,0.42574835,-0.81993365,2.570041,-0.42103505,1.6800373,0.8762716,-0.51795065,-0.45974576,-1.1507057,-0.10462877,-0.7452851,0.13795553,1.2954929,0.8057819,86
-0.48568755,-0.5918255,-0.1930978,-0.3484575,1.915259,0.51410985,1.0627104,0.83684325,-0.22904326,0.28646255,0.021383315,-1.0248616,-0.9902566,-0.6714885,0.03542612,0.26593295,36
-0.17324507,-0.30315477,0.8032026,-0.98537624,1.5635258,-0.070225626,1.9382699,0.8428956,-0.8433056,0.20910457,-0.4290077,-0.024638385,-0.29439858,-0.03716376,1.9137248,-0.12469882,86
-1.2591693,-0.5939589,0.0443317,-0.6387243,2.0465274,0.15545517,1.4770037,0.955879,-1.0250026,-0.58999956,-0.936761,0.07264984,-0.07517647,0.0964859,1.6980994,0.32475513,86
-0.7951928,-1.2232696,-0.54766124,-0.7483609,2.3434367,0.7667986,0.27281088,1.7660688,-1.0140699,0.42072016,0.59094775,-0.47780812,-0.15976685,-0.73625165,-0.29451594,-0.74032843,79
-0.75103945,-1.0719538,-0.6500365,-0.6893376,2.345615,0.7916508,0.0027941577,1.9638032,-1.1348667,0.49922335,0.8754974,-0.3398652,-0.05148407,-0.8281518,-0.6863149,-0.8458249,79
0.46289426,-2.6698847,2.0842426,-1.7003528,0.5064065,-2.044888,4.4966288,-0.46638575,0.33687642,1.9646856,-1.2463967,-4.5171432,-3.1763544,1.1117231,2.9878752,-0.8014637,126
-0.8392571,-0.90418565,-0.7035404,-0.6213814,2.1279545,0.8344796,0.36838543,2.2017877,-1.4113532,0.90125716,0.8172128,-0.72136,-0.11277569,-0.72849125,-0.804202,-0.91924244,79
-1.0499916,-0.15392435,0.16013783,-0.3986746,2.2556672,0.17361176,1.8101926,0.76630735,-0.4206571,-0.37557554,-1.1284858,-0.90542185,-0.9122631,-0.110637225,0.9652375,0.7508516,86
-0.489281,-1.8688128,-0.6373559,-0.6642953,2.2556643,0.39269665,0.20867518,2.2532234,-1.5687984,0.4433124,1.0496649,-1.27963,-0.2664891,-0.7131385,-0.59997386,-1.3936639,79
-0.97583914,0.36127034,0.23812284,-0.72222495,2.553759,-0.17386734,1.6866614,0.8961135,-0.6010947,-0.5753743,-1.0115333,-0.0012412965,-0.7672832,0.17573206,1.2247136,0.73678195,86
-0.47464424,-0.550058,-0.35789073,-0.28255355,1.9000337,0.605847,1.2074814,0.7655537,-0.2528666,-0.116520464,0.15207386,-0.77771187,-1.1271912,-0.3826437,0.3591051,0.4251004,105
-0.21570724,-0.5717213,0.9304754,-0.9950079,1.5221366,-0.068573505,2.014739,0.9130455,-0.85751045,0.2580613,-0.46858364,-0.15978853,-0.37509313,-0.029643074,2.071388,-0.17851128,86
-1.0591465,-0.17151335,0.065111086,-0.6125277,2.1707883,0.15880218,1.5185591,0.84470224,-0.7043258,-0.6482549,-0.8144746,0.04314822,-0.46938458,0.1421714,1.4010799,0.44065708,86
-0.72469336,-1.1958729,-0.51818967,-0.75544095,2.2408092,0.8162967,0.38673216,1.698064,-0.992448,0.40092146,0.56775665,-0.6224868,-0.28674588,-0.64460117,-0.26296544,-0.86893487,79
-0.71017164,-1.0695302,-0.6309128,-0.6979077,2.2807276,0.82157815,0.11853813,1.9131187,-1.1290209,0.4396103,0.8489841,-0.44836152,-0.13412088,-0.7386182,-0.59722596,-0.93369216,79
0.37602156,-2.2543702,1.698261,-1.4395239,0.5748617,-1.8216254,3.850302,-0.06891334,-0.03583789,1.4988071,-0.9221622,-3.8038528,-2.7643151,0.74485654,2.7393632,-0.46953008,126
-0.8977114,-0.80401623,-0.7941662,-0.5876365,2.2047453,0.8091694,0.19391067,2.3423846,-1.6167065,0.80673677,0.90638804,-0.3086946,0.0055997297,-0.7834422,-0.7207664,-0.78513014,43
-0.8243926,-0.17323337,0.24571954,-0.35440928,2.285297,0.24915186,2.154817,0.7120017,-0.39810234,-0.2549082,-1.2418164,-1.159635,-1.3552574,0.037927926,0.93437976,0.6288772,86
-0.48650014,-1.8855001,-0.61236775,-0.67930245,2.2200415,0.48444828,0.3027298,2.0956473,-1.5420855,0.4032601,0.77824366,-1.305903,-0.38255012,-0.5975865,-0.5386455,-1.4266076,79
-0.7968952,0.5353298,0.19018169,-0.68141097,2.5376432,-0.04744926,1.7203186,0.92170906,-0.64423877,-0.6175934,-0.86562777,0.15330347,-0.70260227,0.19005798,1.2457196,0.7613751,86
-0.58890116,-0.20506144,-0.6360328,-0.21022004,2.0015354,0.7198185,1.0708148,0.8192705,-0.3294627,-0.41951758,0.20903249,-0.52330434,-0.9000371,-0.37300414,0.28982198,0.5514864,105
-0.30489406,-0.86406887,1.1279085,-0.96329933,1.5537808,-0.13841268,2.0979624,1.028684,-0.82834303,0.39876705,-0.47918987,-0.294948,-0.38342914,-0.09770802,2.213772,-0.09058318,86
-0.94179857,0.119904846,-0.03521329,-0.5270504,2.2699869,0.22562382,1.589276,0.8504057,-0.67861533,-0.6496538,-0.73867166,0.12118381,-0.6110519,0.11153187,1.2882328,0.552795,86
-0.7032543,-1.0944515,-0.45850068,-0.79580355,2.181295,0.8414488,0.5409794,1.6158664,-0.9422673,0.37179965,0.47242835,-0.7508845,-0.4050395,-0.5203524,-0.19869888,-0.9688329,79
-0.7090313,-1.0276695,-0.5760907,-0.7263376,2.2320843,0.85317373,0.23730159,1.8663988,-1.1014866,0.39889896,0.7636763,-0.5768322,-0.19464988,-0.65227306,-0.5293929,-1.0070804,79
0.35876974,-2.0150723,1.231458,-0.81964684,0.7565251,-1.1975942,3.0586605,0.6192826,-0.7159146,0.87270784,-0.568907,-2.931991,-2.5609293,0.23249902,2.2294388,-0.057362147,126
-0.99117666,-0.7968701,-0.93511873,-0.5555438,2.2606907,0.7704629,0.05941909,2.42255,-1.7188146,0.7472996,0.99017566,-0.13628933,0.06732042,-0.82089084,-0.75090927,-0.6965075,43
-0.5113989,-0.39515197,0.4373778,-0.41736323,2.221475,0.106203884,2.5152385,0.6943937,-0.45582214,-0.09960207,-1.2362335,-1.3014234,-1.6717217,0.23180027,1.2054937,0.59549195,86
-0.4419182,-2.0006099,-0.7052239,-0.69358325,2.0396826,0.6268097,0.27201995,1.9775369,-1.4197313,0.41146702,0.89414424,-1.3595834,-0.3352655,-0.6042585,-0.5522876,-1.52633,79
-0.53540874,0.22910234,0.51215154,-0.7378681,2.3926811,-0.19184014,2.1289017,0.8138076,-0.59346366,-0.37170923,-1.0395505,-0.13369292,-1.0139791,0.31070656,1.5541208,0.7666677,86
-0.4702344,0.004016131,-0.8686455,-0.22897601,1.9555584,0.72884727,1.0020509,0.7902994,-0.38869056,-0.62960994,0.51019335,-0.2598792,-0.8993124,-0.18230847,0.34495854,0.49839807,86
-0.01624024,-1.1059974,1.0177393,-0.5938909,1.3475379,0.058583915,2.246984,0.96833515,-0.82751644,0.40622342,-0.17131001,-0.40167618,-0.796722,-0.08076588,2.174301,-0.17441103,86
-0.6991538,0.18977895,-0.020018265,-0.5489224,2.2463362,0.17796737,1.6506177,0.8410405,-0.6405401,-0.59762424,-0.56556463,0.10941973,-0.8006285,0.18362905,1.2635405,0.54068553,86
-0.718089,-1.0745524,-0.36250633,-0.8302373,2.0740337,0.8936657,0.6909587,1.5672132,-0.92431974,0.3786732,0.3615651,-0.9309046,-0.3917301,-0.45287132,-0.109965734,-1.08326,79
-0.7339918,-1.0234143,-0.47351366,-0.7810838,2.1682425,0.87111723,0.35367045,1.8482985,-1.0878034,0.42932564,0.6591391,-0.7493825,-0.17253801,-0.60761505,-0.45817629,-1.1098486,79
0.36632922,-2.1935096,1.3906364,-0.6408189,0.7582937,-1.14783,2.7277832,0.94864535,-0.8792777,0.7662946,-0.39515144,-2.709938,-2.6016412,0.09300077,2.094981,-0.0044794083,126
-1.0511913,-0.81426954,-1.0621705,-0.568793,2.323356,0.79030216,-0.029404286,2.4837742,-1.7450199,0.7196953,1.0806196,-0.09018861,0.15372926,-0.8544532,-0.80040723,-0.66997313,43
-0.38091898,-0.6880398,0.7467512,-0.5462967,2.0168426,-0.15863368,2.8378875,0.6082018,-0.47485623,0.17124167,-1.4643031,-1.5439214,-1.7480828,0.31312376,1.5503887,0.56704295,86
-0.22000825,-2.026058,-0.79163635,-0.63218564,2.1113062,0.7197517,0.21119796,2.0689504,-1.5342008,0.31156784,1.1649945,-1.1357555,-0.14928845,-0.6682601,-0.5702557,-1.5493929,79
-0.34632063,0.04108435,0.83651334,-0.78768206,2.1842167,-0.35344893,2.476093,0.7252124,-0.5995048,-0.12746271,-1.2885634,-0.43773103,-1.1975225,0.33163947,1.8118736,0.6692473,86
-0.1955081,-0.212141,-0.6189117,-0.41563115,1.7389605,0.4872462,1.361456,0.6735666,-0.40757948,-0.42322898,0.39957324,-0.5415099,-1.1227305,0.024142824,0.6485557,0.28243458,86
0.13957818,-1.2009903,1.1923423,-0.40175572,1.2385284,0.013624907,2.2746634,0.9585625,-0.8011713,0.6204284,-0.3298033,-0.82407546,-1.2044457,-0.190957,1.8637437,-0.27902907,45
-0.49277765,-0.10051279,0.448854,-0.61139464,2.1892233,-0.0932682,2.1260955,0.74881923,-0.61561686,-0.31740308,-1.0266014,-0.31869644,-1.150855,0.2868204,1.5251075,0.57281536,86
-0.7499381,-1.1392573,-0.22816175,-0.8873438,1.9415194,0.9134406,0.80618674,1.585144,-0.9075422,0.5125091,0.30875388,-1.1715081,-0.2699183,-0.48593968,-0.06080798,-1.2128084,79
-0.7588478,-1.0976632,-0.3638394,-0.87557197,2.07121,0.87941194,0.44494456,1.8567752,-1.0666683,0.5645354,0.6332518,-0.9188484,-0.06669935,-0.6187429,-0.37997648,-1.2466817,79
0.4224983,-2.2461913,1.8403854,-0.6721604,0.69396675,-1.5415726,2.7569015,0.87077105,-0.615034,0.82963914,-0.29409546,-2.649984,-2.7881517,0.2380593,2.254899,0.25118375,105
-1.09621,-0.87238824,-1.1576445,-0.59937865,2.3760812,0.84307265,-0.08322853,2.51372,-1.6995256,0.67632544,1.1616962,-0.1469482,0.24290076,-0.89578646,-0.84570205,-0.65969,43
-0.51385224,-0.6743252,0.60365486,-0.6457586,1.9694241,-0.21914048,2.7567618,0.58898336,-0.57485425,0.007289119,-1.4750345,-1.365308,-1.5283973,0.37061185,1.7230225,0.48182988,86
-0.30466804,-1.641981,-0.9008985,-0.5828452,2.2617931,0.64988625,0.066595785,2.0872972,-1.4874556,0.307003,1.1804422,-0.8772335,-0.0633061,-0.781204,-0.77165484,-1.3415749,79
-0.41677856,-0.07573596,0.98035353,-0.78741455,2.2148442,-0.61166656,2.7041817,0.75658584,-0.7563244,-0.103510484,-1.57115,-0.5990002,-1.3829775,0.41449678,2.040886,0.6834012,86
-0.0067157745,-0.5697093,-0.027206898,-0.46674943,1.679315,0.10974598,1.9382591,0.5577736,-0.37431324,-0.06621279,-0.29561764,-1.1869581,-1.6834203,0.12663175,0.91595465,0.29836884,105
0.26512906,-1.2269346,1.2597656,-0.34550375,1.275895,-0.0016047359,2.3187544,0.93443406,-0.7749071,0.63527626,-0.4327436,-0.98914194,-1.4637916,-0.15966728,1.758921,-0.25274462,86
-0.41579294,-0.14064133,0.7163038,-0.6254185,2.1661053,-0.32713115,2.4161465,0.7205351,-0.6810516,-0.2016695,-1.3865885,-0.60650206,-1.3252093,0.33853334,1.6671333,0.5793316,86
-0.70841384,-0.7592765,-0.124697834,-0.88838387,1.9250075,0.8377023,0.8060136,1.5643083,-0.71062887,0.7057738,0.26865986,-1.2719843,-0.31090474,-0.7091905,-0.34273836,-1.1747732,79
-0.6593335,-0.83030546,-0.27891627,-0.9270606,1.9944388,0.8271208,0.43237585,1.8011252,-0.88510895,0.7650544,0.6716459,-1.0020064,-0.18282941,-0.737309,-0.61862046,-1.3445926,79
0.35423115,-2.7974179,2.4247327,-1.295689,0.7085183,-2.2032156,3.3539283,0.4598467,-0.01266557,1.133455,0.038073868,-2.6989748,-2.7751977,0.84497476,3.3972783,0.19272274,105
-1.0744927,-0.90409493,-1.1909218,-0.61711544,2.3565164,0.8145257,-0.1511972,2.5054467,-1.6882348,0.65226734,1.2283058,-0.12664965,0.25501442,-0.9022773,-0.8615376,-0.6395758,43
-0.8498088,-0.8276466,0.43840945,-0.7255737,1.9841356,-0.37227806,2.683356,0.646554,-0.7789377,-0.19045044,-1.5079379,-1.1130807,-1.2752606,0.43003547,2.0643501,0.54294246,86
-0.40020248,-1.6175287,-0.9143627,-0.59170055,2.2692394,0.52911806,-0.08597869,2.2244527,-1.4686692,0.50695515,1.3553497,-0.7184243,0.05574659,-0.9120174,-0.8575276,-1.1223156,43
-0.57141984,-0.20490977,0.92914647,-0.84458554,2.1840084,-0.75831044,2.6817014,0.80883574,-0.9268348,-0.20075567,-1.5606048,-0.50529,-1.3183184,0.48027384,2.2542284,0.6121952,86
-0.11744541,-0.5359925,0.15632647,-0.4941869,1.7755542,-0.1452795,2.0438924,0.59991825,-0.43664095,0.019769687,-0.6532226,-1.3233174,-1.8114452,0.114660144,0.95426315,0.39149296,85
0.3352057,-1.2753965,1.127726,-0.42090368,1.3766725,0.037999928,2.2737286,0.88626635,-0.68012226,0.5689568,-0.4000429,-1.0536671,-1.632984,-0.12486929,1.6613407,-0.2638168,86
-0.6427331,-0.26822978,0.5605576,-0.7235646,2.19858,-0.55139995,2.4271872,0.7591575,-0.8971499,-0.41353923,-1.3878027,-0.5444803,-1.2367204,0.52979976,1.9472297,0.5043238,86
-0.7148458,-0.9898596,-0.43193424,-0.79533243,1.877713,1.0473522,0.7422067,1.6608709,-0.93797207,0.5616963,0.5562285,-1.0285795,-0.3797312,-0.5449409,-0.27462113,-1.3370798,79
-0.65628976,-0.9776652,-0.5096502,-0.89944875,1.9094021,0.98368716,0.36634848,1.825613,-1.0310658,0.6441232,0.9231062,-0.7569493,-0.22281694,-0.5724749,-0.5163872,-1.5145879,79
0.4392807,-3.3098042,2.8151748,-1.6475706,0.80734694,-2.4245243,3.9255724,0.3743284,0.3867499,1.5040343,0.5311259,-2.7688122,-3.1067705,1.1439873,4.1597657,0.2312035,105
-1.0654535,-0.9135151,-1.2743521,-0.69273233,2.3470206,0.78137803,-0.17945735,2.4382455,-1.6294923,0.6150256,1.2782083,-0.10983263,0.25447872,-0.8701726,-0.82079613,-0.6676278,43
-0.93535507,-0.78615856,0.59000397,-0.74365056,2.0382724,-0.5371797,2.699615,0.7451312,-0.860553,-0.124285385,-1.6564003,-1.0699906,-1.2802801,0.3141343,2.1459408,0.6675114,86
-0.3624251,-1.7695152,-0.8078274,-0.48638704,2.3961406,0.2749597,-0.17224921,2.558165,-1.747695,0.59756786,1.4963461,-0.77504426,0.079701796,-0.9676551,-1.004387,-1.0085518,43
-0.5321228,-0.36701563,1.0133543,-0.83123255,2.173829,-0.7605704,2.6934335,0.8788214,-1.0147511,-0.22026922,-1.614452,-0.61562824,-1.4640383,0.49011743,2.2434394,0.5159131,86
-0.5566408,-0.4901045,-0.119170815,-0.628965,1.7466764,-0.30236042,1.8573607,0.67825234,-0.77101684,-0.39190894,-0.6327029,-0.85357404,-1.3420888,0.27883303,1.3219049,0.3544343,86
0.38396102,-1.4346099,0.9883924,-0.5857943,1.4174968,0.103824735,2.1582804,0.8766289,-0.5823282,0.5776193,-0.23724288,-1.1620291,-1.638947,-0.18633172,1.598159,-0.39305526,105
-0.80508137,-0.35404813,0.5694618,-0.7992159,2.2169461,-0.71604836,2.4032543,0.8551754,-1.0459414,-0.46586567,-1.4187583,-0.41948545,-1.168068,0.52025,2.151148,0.5365518,86
-0.78236914,-1.0491954,-0.61227643,-0.79868186,1.9244637,1.1059828,0.593053,1.8014067,-1.1573808,0.3932013,0.7779918,-0.6585464,-0.24522725,-0.3688259,-0.20471588,-1.3627381,79
-0.68540174,-1.035271,-0.69168025,-0.87226397,1.938712,1.0712804,0.23496759,1.9427607,-1.2377412,0.47388798,1.1369939,-0.40842402,-0.07227237,-0.44062734,-0.43624213,-1.5002949,79
0.32958117,-3.4618726,2.9642892,-1.8714651,0.9651796,-2.547044,3.9939427,0.48052913,0.6386981,1.7142179,1.0425591,-2.7147853,-3.1304832,1.1483178,4.426816,0.2657351,105
-1.0808175,-1.0484077,-1.3328042,-0.7460065,2.3087811,0.73451984,-0.22507271,2.3911023,-1.5417833,0.6167152,1.371982,-0.224293,0.19738992,-0.8599312,-0.84143835,-0.7275079,43
-0.9471915,-0.6895684,0.7002543,-0.737538,2.0592196,-0.6227343,2.651119,0.91162515,-1.0287718,-0.15647273,-1.6986808,-0.9807049,-1.2821071,0.25586694,2.1236007,0.72054166,86
-0.40408248,-1.8417573,-0.84329605,-0.4349997,2.5067415,0.3381025,-0.30941108,2.672983,-1.8402997,0.59878075,1.5573821,-0.7936586,0.08604531,-0.9709982,-1.1823969,-1.023634,43
-0.48654503,-0.5269097,1.033124,-0.80762327,2.0945275,-0.7616675,2.6598256,0.97397995,-1.1741545,-0.29209572,-1.5550323,-0.6373635,-1.5417536,0.53790456,2.2523496,0.38869464,86
-0.72401714,-0.36651027,-0.060797095,-0.6864991,1.9166856,-0.46390265,1.8405267,0.82948804,-0.9441986,-0.45044798,-0.84774816,-0.7185216,-1.2624073,0.22239621,1.371061,0.427588,86
0.38538638,-1.5498453,0.9102606,-0.68870324,1.4921397,0.052809566,2.014538,0.99471927,-0.6419295,0.4014604,-0.086470336,-1.0958871,-1.7013357,-0.08117959,1.5888504,-0.4547052,105
-0.77017564,-0.39165947,0.6605284,-0.80111957,2.2138538,-0.7864794,2.3745642,0.94636977,-1.1268724,-0.4327581,-1.4685856,-0.5038957,-1.3333806,0.4678234,2.0612326,0.48998928,86
-0.7314367,-0.7681205,-0.5761631,-0.7342274,2.093255,0.94949925,0.42350847,2.0094678,-1.2798873,0.4870972,0.8429398,-0.45129043,-0.18372914,-0.43510288,-0.5063394,-1.1189823,79
-0.72680265,-0.9768442,-0.74690646,-0.81695557,2.1011558,0.99352527,0.1133127,2.1618292,-1.3857205,0.52040607,1.2076337,-0.2891807,0.031376764,-0.505825,-0.6136161,-1.2869973,43
0.21001333,-3.5095558,3.0871575,-2.1337512,0.8146214,-2.8557532,4.1844864,0.15646018,1.0284659,2.0537133,1.1324259,-2.7992194,-2.9545689,1.2483519,4.6865425,0.29017168,105
-1.080522,-1.1186256,-1.3311558,-0.7933394,2.316101,0.6957495,-0.23828965,2.3713238,-1.4456995,0.64005643,1.4311091,-0.3378518,0.17737746,-0.8940111,-0.85928506,-0.75807506,43
-0.9347481,-0.7828398,0.7911699,-0.7112591,2.0253682,-0.6542829,2.6294563,1.0482649,-1.2040693,-0.21011792,-1.6823775,-0.94149244,-1.3496958,0.2741871,2.156352,0.6597516,86
-0.4606002,-1.7645371,-0.92433256,-0.4786669,2.4936187,0.45653078,-0.38529262,2.5776694,-1.6980835,0.64643687,1.5912324,-0.7493628,0.06660067,-0.983086,-1.2624996,-1.0219886,43
-0.42022055,-0.86479914,0.94959676,-0.7853345,1.8983128,-0.65219855,2.6250758,0.9917544,-1.3089106,-0.3928402,-1.391765,-0.70346093,-1.6344779,0.643795,2.3265636,0.15167099,86
-0.75021285,-0.36646897,-0.018007666,-0.6856874,1.9588464,-0.5033109,1.8125867,0.9542035,-1.0917689,-0.4903388,-0.95894897,-0.77129817,-1.3465366,0.21573316,1.2756201,0.37082368,86
0.29316318,-1.5767506,0.90008724,-0.78758657,1.5484082,-0.079399124,1.9541886,1.043281,-0.66534734,0.24800944,-0.08020499,-1.0782573,-1.7141808,0.03892906,1.6539975,-0.4596613,105
-0.7023201,-0.5019688,0.69710785,-0.79244757,2.1348753,-0.8026618,2.31683,1.0517104,-1.2528843,-0.47497308,-1.4031107,-0.56521714,-1.4773778,0.49487114,1.978155,0.3742221,86
-0.70629805,-0.6862392,-0.57636595,-0.73584676,2.13577,0.8646978,0.27323908,2.159537,-1.3550165,0.628565,0.9359806,-0.38601625,-0.096002094,-0.52822113,-0.72281194,-1.0152438,79
-0.7270969,-0.9139979,-0.74540454,-0.7875383,2.1729515,0.8952997,-0.05085508,2.3248458,-1.4928151,0.61762965,1.28161,-0.16223955,0.09827852,-0.5965595,-0.78785896,-1.1243634,43
-0.2627005,-0.7899554,-0.15840414,-0.06708288,0.35608363,-0.31730494,0.22316015,0.6476677,-0.693578,-0.18698694,0.8592552,-0.8666129,0.6407021,-0.85097986,0.60325676,0.38100386,80
-1.0378702,-1.1681648,-1.2720108,-0.8463694,2.305771,0.6041182,-0.24074125,2.3234165,-1.3563265,0.69477737,1.4563557,-0.39567032,0.117330745,-0.90524757,-0.8530688,-0.7784223,43
-0.8788795,-0.9874861,0.8654632,-0.7113248,1.9258641,-0.624894,2.6223025,1.0784875,-1.2865471,-0.24086739,-1.6327242,-0.9524493,-1.4599875,0.3575309,2.2255929,0.48995823,86
-0.42300284,-1.679672,-0.8722988,-0.49030635,2.469302,0.5020405,-0.4141288,2.5315077,-1.6711502,0.68210125,1.5664107,-0.61217576,0.0680799,-0.988228,-1.2518866,-0.9806623,43
-0.4319583,-1.3349779,0.85311997,-0.82246894,1.6764259,-0.4820234,2.634842,0.93757534,-1.4012678,-0.5161334,-1.2357829,-0.68774873,-1.6473123,0.81673795,2.6133692,-0.14264493,86
-0.7817044,-0.5698832,0.027196027,-0.67993706,1.9307208,-0.4888491,1.8298751,1.0713509,-1.2696041,-0.5853741,-0.97722125,-0.79743934,-1.4261433,0.29327494,1.3590884,0.24128005,86
0.19828457,-1.6309835,0.8515821,-0.86716497,1.6110095,-0.18718837,1.9317924,1.0249734,-0.6352321,0.13246942,-0.08466929,-1.1051106,-1.7212435,0.13370794,1.7204393,-0.45642406,105
-0.6392644,-0.7837969,0.7743491,-0.80540526,2.0159492,-0.74605954,2.3390403,1.0802507,-1.3191373,-0.5143589,-1.3700031,-0.67150426,-1.6413621,0.59059757,2.0447118,0.16948044,86
-0.77911067,-0.70856196,-0.66409564,-0.7222519,2.1636505,0.8434628,0.08923814,2.3001487,-1.4815716,0.6587763,1.0413687,-0.27147457,-0.042716272,-0.6043157,-0.82469076,-0.9819955,43
-0.77805007,-0.8792957,-0.79573554,-0.7540374,2.2032397,0.8477013,-0.21042901,2.4236531,-1.5537082,0.66888005,1.3603154,-0.06396201,0.112764075,-0.6685783,-0.917827,-1.0468395,43
0.30097058,-2.4006758,0.4056703,0.37109113,0.8923341,-2.0391989,0.34715262,2.8263185,-2.1838691,-0.43638086,2.3791208,-3.7082438,0.85143036,-1.1102531,-0.3273271,-0.7449368,80
-0.9829311,-1.2050065,-1.2018843,-0.86827075,2.3247309,0.5481639,-0.2251426,2.2784252,-1.3034102,0.70865726,1.4288753,-0.43831372,0.06673771,-0.9118244,-0.8394451,-0.7982369,43
-0.82376724,-1.2054083,0.87439233,-0.7112109,1.8106266,-0.55641246,2.595734,1.0498946,-1.3079051,-0.25929254,-1.546801,-0.98743284,-1.5332456,0.43508607,2.2684221,0.2964092,86
-0.4041572,-1.7176088,-0.8419543,-0.5097371,2.4304533,0.5404682,-0.4352732,2.5346582,-1.6167344,0.7016832,1.6479771,-0.73461497,0.07330782,-0.9913019,-1.3318175,-1.0803204,43
-0.5093725,-1.8041273,0.5799999,-0.8807045,1.4607078,-0.26260355,2.5593219,0.85142004,-1.4792655,-0.7424031,-0.95330787,-0.5959254,-1.5983192,1.0409325,2.898244,-0.4539073,86
-0.7874018,-0.90530586,0.16512512,-0.6960224,1.8676094,-0.465465,1.9387076,1.1179049,-1.3892213,-0.6300719,-1.0066239,-0.8128394,-1.5170581,0.4119979,1.6240273,0.081250936,86
0.14066027,-1.5897485,0.79273343,-0.87259924,1.6623987,-0.262503,1.9236312,0.9704342,-0.6177933,0.011352964,-0.13465044,-1.0999837,-1.7380441,0.18709014,1.7452569,-0.39593673,105
-0.6107382,-1.0664138,0.83058023,-0.8576622,1.8765668,-0.6925282,2.3838978,1.022226,-1.3336895,-0.53186303,-1.3470697,-0.70024705,-1.7200042,0.70819247,2.2399032,-0.02605854,86
-0.8461645,-0.7552506,-0.7629365,-0.7368854,2.1645696,0.8008517,-0.011325572,2.3360167,-1.4946679,0.7027611,1.1492388,-0.20483801,0.007057935,-0.6481275,-0.8554902,-0.9867249,43
-0.8362738,-0.8799635,-0.87370414,-0.75359464,2.2074952,0.80657184,-0.29645443,2.4543028,-1.5331316,0.73456746,1.4433545,-0.04575695,0.17829978,-0.73998255,-0.9939673,-1.007374,43
0.19875881,-1.7058904,0.6053042,0.14106083,1.3173182,-2.004725,0.07504546,3.0257213,-2.264963,0.38212848,1.9141527,-3.2668903,0.32621542,-1.1783472,-1.0497675,-0.8831532,80
-0.9346987,-1.2678776,-1.1248853,-0.83024025,2.349311,0.5184835,-0.19052361,2.238837,-1.2904873,0.717547,1.3570685,-0.48621675,0.006727174,-0.9435618,-0.82859814,-0.79741794,43
-0.80046314,-1.3254637,0.8375011,-0.67809665,1.6910917,-0.49697113,2.5186505,1.0112263,-1.2967284,-0.26133806,-1.4309605,-1.0138934,-1.5141951,0.43717033,2.2381253,0.17922536,86
-0.42971218,-1.5481045,-0.85613245,-0.5658342,2.4284656,0.61676073,-0.429325,2.4263391,-1.5065458,0.7194488,1.6032479,-0.6095457,0.05956925,-0.95739686,-1.3142326,-1.0837882,43
-0.61230904,-2.1011314,0.3219709,-0.93314934,1.3209774,-0.16349006,2.464745,0.7894224,-1.5279912,-0.9417369,-0.6833984,-0.50558484,-1.5409013,1.2036681,3.101146,-0.63368833,86
-0.78249305,-1.1199118,0.2640926,-0.67554295,1.7549258,-0.48199934,1.9740834,1.1159264,-1.4278526,-0.6298391,-0.9587126,-0.8411293,-1.5085756,0.4393626,1.7912803,0.015087262,86
0.07697062,-1.4540477,0.70584065,-0.83401287,1.6836501,-0.3355085,1.8501858,0.89435804,-0.5929378,-0.13090438,-0.20502776,-1.1063657,-1.7927415,0.21158062,1.6579609,-0.34563878,105
-0.58215606,-1.284238,0.75071454,-0.86257887,1.710139,-0.6110343,2.3429658,0.9635074,-1.3605951,-0.60372084,-1.1787512,-0.68930066,-1.6892256,0.7963242,2.3650599,-0.15798539,86
-0.9148283,-0.8734387,-0.8911019,-0.80277365,2.186393,0.8029648,-0.11750269,2.3840532,-1.4812325,0.7287055,1.2945774,-0.2041581,0.07121156,-0.66642,-0.8937875,-1.0363908,43
-0.9123924,-0.95319605,-0.9972027,-0.7978714,2.2376285,0.79480624,-0.39131853,2.4943123,-1.5068046,0.77173257,1.5561403,-0.06543939,0.23207709,-0.77659076,-1.0583344,-1.0122273,43
0.1801528,-0.9689065,0.6873211,-0.21121576,1.9120363,-1.7268353,-0.36101744,3.2171712,-2.119944,1.4642096,1.9939598,-1.7547776,-0.14775762,-1.5006325,-1.4741069,-0.7823387,43
-0.880054,-1.3377912,-1.0634964,-0.83034414,2.3432465,0.5124401,-0.15698753,2.1727176,-1.2469178,0.72292626,1.2854367,-0.5682763,-0.06402556,-0.94196105,-0.8259597,-0.85706025,43
-0.7777627,-1.3419609,0.7706224,-0.65328634,1.5814743,-0.5018332,2.4022458,0.9655019,-1.2614912,-0.24316166,-1.2857486,-1.0228317,-1.4864762,0.4065051,2.154196,0.12416011,86
-0.46204558,-1.4161267,-0.864008,-0.60843825,2.4305978,0.6454667,-0.3946012,2.3730404,-1.427555,0.7143804,1.5845948,-0.57026154,0.08113751,-0.9512569,-1.288455,-1.0805706,43
-0.6792054,-2.1723733,0.19730495,-0.9706418,1.3084488,-0.2069099,2.4095178,0.75952137,-1.5513531,-1.0681608,-0.5566006,-0.44636083,-1.5133145,1.3030481,3.1889248,-0.66400516,86
-0.8078581,-1.2294217,0.23990643,-0.62182564,1.6413252,-0.51063204,1.9315659,1.0742786,-1.4408631,-0.6668115,-0.85224986,-0.8274685,-1.4113104,0.447667,1.8722835,0.033068165,86
0.02112259,-1.3109702,0.62560433,-0.7319282,1.6873752,-0.3160107,1.7694559,0.7908976,-0.55898213,-0.269624,-0.3032179,-1.0999192,-1.8057054,0.22245462,1.5130537,-0.31361496,105
-0.60630715,-1.4259018,0.6248931,-0.84957385,1.5648643,-0.6032578,2.2757878,0.8925209,-1.3601089,-0.64597034,-1.0011443,-0.68190324,-1.6342292,0.82857585,2.4310472,-0.20234974,86
-0.9669408,-0.9907645,-1.0043132,-0.83912706,2.2274325,0.8080665,-0.20832783,2.4290297,-1.4642044,0.74510884,1.4174309,-0.21944642,0.13026236,-0.71110487,-0.935218,-1.0383742,43
-0.9639724,-1.047645,-1.1005957,-0.8295353,2.2716155,0.7886127,-0.4526869,2.5101,-1.4656913,0.79860526,1.6489896,-0.09606716,0.2659846,-0.81221426,-1.0912141,-0.9957944,43
0.25502318,-0.6653699,0.44695374,-0.05452773,1.8488432,-1.4960045,-0.22019488,3.521784,-2.3408868,1.0042862,2.4720652,-1.6254036,0.38884914,-1.8655243,-1.1864499,-0.93686104,80
-0.8406357,-1.4267018,-1.0010889,-0.83422613,2.3389719,0.5186044,-0.08525874,2.1071482,-1.2456139,0.69762796,1.1554468,-0.6613537,-0.15101647,-0.89944136,-0.7710492,-0.9376169,43
-0.77020884,-1.2877593,0.6873762,-0.64061314,1.5293638,-0.54775256,2.3087351,0.91775656,-1.2278478,-0.23151566,-1.1797429,-1.0074321,-1.4551294,0.3820163,2.0796692,0.12897953,86
-0.5019212,-1.2870107,-0.83405364,-0.67388654,2.423515,0.67405605,-0.36105308,2.3101566,-1.3259413,0.7227937,1.5441471,-0.52959937,0.16995978,-0.95671,-1.2396047,-1.0792441,43
-0.73050284,-2.1499794,0.123538,-1.0226616,1.349918,-0.32955196,2.3949819,0.70555854,-1.5510565,-1.1666676,-0.50728554,-0.36585978,-1.5073736,1.407906,3.2758327,-0.6457405,86
-0.8576923,-1.3035259,0.19480526,-0.59452534,1.5738013,-0.54551935,1.9141682,1.0162092,-1.437943,-0.689322,-0.7931732,-0.81315184,-1.2948427,0.44661283,1.9574289,0.07122253,86
-0.03659389,-1.2061688,0.51821125,-0.6450135,1.6757184,-0.2999215,1.7061157,0.70643365,-0.5615251,-0.38062894,-0.35045213,-1.098392,-1.7277528,0.19699554,1.436634,-0.2621141,105
-0.65796876,-1.4556015,0.522297,-0.8491705,1.5025688,-0.67662513,2.215369,0.8229697,-1.347031,-0.69346386,-0.8979008,-0.65561545,-1.5786446,0.8646279,2.468559,-0.17773734,86
-0.99815625,-1.0474108,-1.0868545,-0.8592918,2.291424,0.7801825,-0.28360426,2.436381,-1.4306692,0.7372342,1.4927498,-0.20530245,0.15817383,-0.7403219,-0.9735116,-0.9991674,43
-0.98581225,-1.1045233,-1.155448,-0.86581784,2.301828,0.7338637,-0.48813546,2.4868522,-1.406841,0.82851744,1.7021986,-0.11824474,0.25119978,-0.82008094,-1.1065624,-0.96604514,43
-0.06514093,-2.1628497,-0.21878073,-0.24337335,0.6129428,-0.9278115,0.24527644,3.4269762,-3.1016867,-0.08447729,3.3559034,-1.7007287,1.7001257,-0.91335684,0.6212674,-2.2927387,80
-0.8008129,-1.5363213,-0.9051077,-0.8489301,2.3129873,0.48999783,0.026676172,2.0224674,-1.2466228,0.70154816,0.9961844,-0.7647177,-0.29904306,-0.810417,-0.6727994,-1.0336468,79
-0.7945443,-1.2327417,0.6003308,-0.643635,1.5149151,-0.6064787,2.2419882,0.8631897,-1.1899532,-0.24383889,-1.1014829,-0.9839754,-1.4136028,0.37595063,2.0424187,0.14515597,86
-0.53950584,-1.2216638,-0.8508685,-0.7003443,2.399985,0.73859656,-0.33931008,2.2653146,-1.2614973,0.73129714,1.5274926,-0.54132974,0.146747,-0.94192845,-1.2428014,-1.1125091,43
-0.78787947,-2.1484222,0.06113193,-1.0568326,1.3844497,-0.44451755,2.421029,0.6533,-1.537369,-1.2043592,-0.4949888,-0.32025895,-1.5298889,1.4517839,3.363868,-0.61011505,86
-0.8653497,-1.2316556,0.21893188,-0.59116864,1.5870432,-0.63721454,1.9058888,1.0010042,-1.3698076,-0.6160676,-0.81362045,-0.90127456,-1.3160254,0.35845387,1.8866198,0.13685638,86
-0.07017328,-1.1915061,0.44663438,-0.57679087,1.5945554,-0.2864633,1.7257141,0.6004377,-0.5420445,-0.3550583,-0.3750223,-1.1353039,-1.6163251,0.13479757,1.4322076,-0.20956466,105
-0.68478984,-1.3810403,0.47281525,-0.86956555,1.5318596,-0.78710794,2.1790507,0.80141675,-1.3324208,-0.74249965,-0.8494599,-0.62136674,-1.559218,0.8783471,2.4696963,-0.13073766,86
-1.0153832,-1.049326,-1.1615207,-0.8937051,2.343137,0.7202803,-0.34125084,2.3975563,-1.3618109,0.7325518,1.5468572,-0.1904017,0.15889579,-0.7519371,-1.0084316,-0.9610369,43
-1.0094591,-1.131133,-1.2052648,-0.90564835,2.3373022,0.6769271,-0.49150372,2.4368458,-1.3294072,0.83634704,1.7185003,-0.16657592,0.22375688,-0.82297605,-1.1077224,-0.9438012,43
0.14559978,-1.4334248,-0.21753317,-0.094749,0.40403667,-0.9736171,0.394406,2.973865,-2.972671,-0.10786998,3.003845,-1.5528687,1.7010477,-0.91829675,0.58377707,-2.1067035,80
-0.71815175,-1.6378676,-0.7799874,-0.8923874,2.2437372,0.46135983,0.13423379,1.9396085,-1.2028097,0.7624998,0.88200665,-0.91666543,-0.46403846,-0.7340688,-0.6097159,-1.1538293,79
-0.82155246,-1.2272907,0.48738432,-0.6546139,1.520377,-0.63983357,2.2003293,0.8026539,-1.1624411,-0.289312,-1.0203193,-0.9482162,-1.3890612,0.3970036,2.0516706,0.13763377,86
-0.5565481,-1.1443794,-0.8022003,-0.6972831,2.4495685,0.746878,-0.27291697,2.2638664,-1.2485305,0.6754028,1.4453292,-0.56787705,0.123377554,-0.9218485,-1.2211324,-1.100935,43
-0.81721514,-2.0997083,0.037425846,-1.0656891,1.4329834,-0.5107736,2.437154,0.58469296,-1.4835008,-1.2018433,-0.53993726,-0.2852223,-1.5685295,1.462404,3.373334,-0.57612693,86
-0.83789825,-1.1760986,0.25227734,-0.59291816,1.5860981,-0.67160916,1.9109615,0.9375428,-1.2488956,-0.50738835,-0.8325064,-0.9947109,-1.3127439,0.2702967,1.8099848,0.17417899,86
-0.07194032,-1.2213804,0.41586024,-0.50090563,1.5213,-0.2889974,1.853333,0.5004627,-0.5443784,-0.26288736,-0.45907068,-1.2168938,-1.5065157,0.06401856,1.4813306,-0.12160176,85
-0.7101762,-1.3002129,0.4439205,-0.8707557,1.5939643,-0.8835429,2.1590416,0.719631,-1.2250724,-0.7132279,-0.87355757,-0.6448622,-1.5893749,0.84968454,2.3986163,-0.06248142,86
-1.0037478,-1.0398452,-1.1901975,-0.9095613,2.386368,0.64847267,-0.37409195,2.3411834,-1.3065802,0.71956414,1.5606729,-0.16172388,0.13412635,-0.7583221,-1.0188547,-0.9177366,43
-0.99132025,-1.1407934,-1.2070501,-0.92773104,2.3535233,0.602339,-0.48094678,2.369802,-1.265422,0.843322,1.7153703,-0.18156706,0.17781796,-0.82523465,-1.0867598,-0.91854215,43
0.37242976,-1.2321297,-0.16192403,0.034358203,0.3412236,-0.64228845,0.59647286,2.6414309,-2.8370163,0.035770733,2.7255874,-1.3884349,1.6182086,-0.91059446,0.5696285,-2.0465558,80
-0.6229405,-1.6671331,-0.6729893,-0.9487016,2.1418178,0.3937526,0.18099195,1.8507253,-1.1314255,0.83847463,0.8185092,-1.0385827,-0.6328737,-0.66982836,-0.61007214,-1.2600265,79
-0.8413111,-1.1883526,0.39574772,-0.66960233,1.5676125,-0.7029513,2.1941352,0.7323616,-1.1473302,-0.3604383,-0.9831369,-0.8466985,-1.384975,0.44552332,2.1117773,0.15125203,86
-0.5773605,-1.1700354,-0.6859698,-0.7081243,2.4424477,0.5933585,-0.17375761,2.3582194,-1.300681,0.6894329,1.4516467,-0.7324923,0.19892573,-0.95153564,-1.1334454,-1.1062194,43
-0.83422124,-1.922153,0.088464275,-1.0679522,1.4825624,-0.6459775,2.4141014,0.52058923,-1.3876104,-1.0945762,-0.61476696,-0.25317326,-1.5664467,1.3728652,3.297312,-0.4847558,86
-0.8107368,-1.0889002,0.28247252,-0.59741896,1.58819,-0.7005475,1.8857359,0.8626467,-1.1298858,-0.421224,-0.82682323,-1.0144855,-1.2866575,0.19738464,1.7327232,0.18860781,86
0.046557873,-1.3209509,0.49138173,-0.40388125,1.4841205,-0.26036423,2.2218893,0.31831798,-0.5502591,-0.10211183,-0.7277124,-1.3931928,-1.4796449,0.086805865,1.6311787,-0.06334432,85
-0.7254049,-1.1311324,0.45119125,-0.8557548,1.6700828,-1.000934,2.1239715,0.66612154,-1.1246388,-0.6371231,-0.90807295,-0.6587701,-1.57923,0.75177723,2.2888248,0.044860706,86
-0.96302146,-1.0549135,-1.1876826,-0.9013846,2.4179764,0.5741241,-0.39525717,2.2864087,-1.2637322,0.7215962,1.5765849,-0.13534455,0.09366033,-0.7815208,-1.0243511,-0.86318326,43
-0.93993413,-1.1806918,-1.1932521,-0.9123349,2.3470607,0.5461656,-0.47661626,2.3145423,-1.2227032,0.8669399,1.7385764,-0.18549386,0.120790124,-0.8580435,-1.073873,-0.88481295,43
0.3880751,-1.1821991,-0.18249369,0.042865038,0.14065686,-0.07927981,0.82659316,2.0690002,-2.6035762,-0.018450081,2.2796986,-0.8746084,1.2944118,-0.60327667,1.0388435,-2.044506,43
-0.34260565,-1.7114298,-0.6086683,-0.7933714,2.096508,0.74052703,0.22638611,1.7951602,-1.0717996,0.88291925,0.92004186,-0.8769342,-0.5320174,-0.81423384,-0.62753683,-1.2317457,79
-0.8333237,-1.0403862,0.37059504,-0.6815363,1.6406933,-0.82698035,2.179076,0.68868124,-1.1074474,-0.35945058,-0.98557127,-0.76315904,-1.4219402,0.43056297,2.0959752,0.20095497,86
-0.6094916,-1.0594289,-0.7018755,-0.7212855,2.3649883,0.77659786,-0.15043703,2.2148173,-1.2270074,0.6897058,1.308554,-0.59059,0.11475934,-0.8939753,-1.0746703,-1.0945923,43
-0.84425336,-1.6746491,0.11752006,-1.0094478,1.5331707,-0.72263193,2.3163629,0.5171845,-1.3131235,-0.97435457,-0.6881905,-0.24398677,-1.4594762,1.1731629,3.0788538,-0.35088068,86
-0.8042716,-0.9568466,0.28531218,-0.61465216,1.5879403,-0.7635557,1.8193991,0.76087904,-1.0175072,-0.36706382,-0.81958175,-0.92515635,-1.2440121,0.15578589,1.6789538,0.20158544,86
0.7870047,-1.6283827,1.5484383,-0.36365885,1.2728536,-0.31938243,3.1854568,-0.24050274,-0.007742405,0.6339599,-1.2386868,-1.7838551,-1.9300627,0.20954938,2.1045883,0.19694775,105
-0.7418624,-0.95252407,0.43995583,-0.8208863,1.7096683,-1.0531011,2.046876,0.6247977,-1.0370146,-0.55773073,-0.921167,-0.6333898,-1.5100006,0.6205242,2.1448097,0.1388376,86
-0.8983851,-1.107881,-1.1808183,-0.88463414,2.4125931,0.53494895,-0.4252431,2.2396882,-1.2129697,0.7546835,1.6366556,-0.13183114,0.054560855,-0.82448447,-1.0468688,-0.83589995,43
-0.87877744,-1.2327394,-1.1800864,-0.8768741,2.3369524,0.52680063,-0.48284966,2.2769775,-1.1892868,0.8845886,1.7747906,-0.2040799,0.07059845,-0.912313,-1.0837592,-0.8610958,43
0.5249048,-1.4634818,0.12156289,0.12891531,-0.046588555,-0.17641707,0.99396855,2.0571911,-2.4575827,0.06989063,2.3842046,-1.274483,0.99363565,-0.67890173,1.1795871,-2.0550044,43
-0.2920633,-1.7741723,-0.7517235,-0.76734483,2.1081612,0.88733137,0.14768226,1.7727152,-1.1648915,0.6798519,1.0691414,-0.4975257,-0.41558146,-0.7549615,-0.46412107,-1.290065,79
-0.83337474,-0.9044912,0.36302722,-0.6562062,1.6766628,-0.9041803,2.122258,0.6468335,-1.0395637,-0.31211764,-0.9703399,-0.6999674,-1.4019707,0.3453136,2.0175228,0.2638033,86
-0.5675044,-1.1043504,-0.7048888,-0.62605274,2.383543,0.8005903,-0.048672017,2.2201388,-1.2585187,0.4858709,1.303887,-0.5873033,-0.07837043,-0.8315547,-0.95126724,-1.0067968,43
-0.89199543,-1.3666533,0.036914974,-0.9509423,1.6300424,-0.8065374,2.1413324,0.5408684,-1.2792978,-0.9492044,-0.74188733,-0.20472454,-1.3158058,1.0087949,2.7967694,-0.21530253,86
-0.820645,-0.8182639,0.22250386,-0.61584526,1.6043422,-0.7876218,1.7180377,0.6941192,-0.94711924,-0.35375375,-0.81144524,-0.81777716,-1.1343815,0.101074785,1.5993063,0.22184625,86
0.98934346,-1.6837215,1.8256242,-0.3456697,1.3059947,-0.4404912,3.53493,-0.3067362,-0.05752296,0.78042084,-1.5066154,-1.8509827,-1.9684111,0.2643419,2.3221765,0.34247494,105
-0.76354647,-0.8218938,0.35999626,-0.7819936,1.7214403,-1.0334464,1.9560249,0.5825726,-0.98599195,-0.5282432,-0.9060607,-0.54503864,-1.3813982,0.52166164,2.0442173,0.18956539,86
-0.83687556,-1.1775084,-1.166785,-0.8529571,2.3909063,0.553805,-0.44707087,2.206892,-1.1767083,0.76911527,1.6912262,-0.15331598,0.048236277,-0.8843762,-1.0630013,-0.83939296,43
-0.8174794,-1.283376,-1.1512034,-0.818188,2.324174,0.5398494,-0.48828816,2.2529233,-1.1845188,0.87902623,1.7918947,-0.21536843,0.042904742,-0.97933525,-1.0886668,-0.8461553,43
0.52601,-1.7021234,0.28953335,0.13608104,-0.13549314,-0.30395672,1.1655844,2.0290382,-2.255852,0.2934025,2.3857007,-1.787634,0.6797172,-0.79230815,1.1438941,-2.092692,79
-0.29643738,-1.3555206,-0.7257124,-0.6735501,2.158102,0.71877444,0.08432612,1.7439717,-1.0804245,0.750259,0.9831897,-0.44423145,-0.33999592,-0.9145903,-0.6776705,-1.0794073,79
-0.84664696,-0.761907,0.31096995,-0.6268948,1.677358,-0.9319459,2.0094373,0.6097027,-0.98304546,-0.2900234,-0.9213283,-0.6021017,-1.3175303,0.24893375,1.9152693,0.29858547,86
-0.5588374,-1.1696881,-0.5784618,-0.6565685,2.5061972,0.5795697,0.020942925,2.3684359,-1.2617377,0.49181563,1.3923168,-0.798082,-0.18145603,-0.8448797,-0.91397417,-0.97806454,43
-0.9558463,-1.089546,-0.058094427,-0.9199184,1.7539402,-0.908232,1.9766632,0.6059449,-1.2813364,-0.9525084,-0.8010011,-0.22735888,-1.2003852,0.8786664,2.526658,-0.090563774,86
-0.5854534,-1.0424571,0.3109692,-0.5219927,1.6750684,-0.43165058,1.9619526,0.46278805,-0.71655285,-0.3102038,-0.7989719,-0.6370754,-1.1055437,0.16552891,1.7595406,0.29704046,86
0.86894906,-1.5614698,1.5198593,-0.34865052,1.5070105,-0.3640076,3.3981662,-0.15085617,-0.24029216,0.70728177,-1.319072,-1.4688485,-1.6961645,0.23515679,2.2931895,0.39862186,86
-0.8542353,-0.66183954,0.19819355,-0.75262725,1.7723612,-1.0441179,1.7768028,0.60383886,-0.9964026,-0.59714586,-0.8838879,-0.45955548,-1.206023,0.45114374,1.8751462,0.2592738,86
-0.8017665,-1.2374555,-1.1659322,-0.8035674,2.3609643,0.60025036,-0.43700647,2.1611485,-1.1794248,0.7528744,1.701193,-0.13782232,0.045821536,-0.9276221,-1.0192518,-0.85969824,43
-0.7775642,-1.3383874,-1.132935,-0.7628983,2.292984,0.5711894,-0.48547637,2.2196786,-1.1815568,0.87247753,1.7978176,-0.23131777,0.016273484,-1.0392568,-1.0742546,-0.8559998,43
0.44721735,-1.4735258,0.2936989,0.043333024,-0.19178106,-0.24909906,1.2866793,1.6587998,-1.9321398,0.41607583,2.0638292,-1.7187237,0.29410678,-0.65120995,1.1472609,-2.061519,79
-0.36169666,-1.1436142,-0.7427979,-0.6517657,2.2112417,0.60838616,0.016175881,1.7906606,-1.0851306,0.74711233,0.9409849,-0.33797675,-0.2173357,-0.98715633,-0.75298,-0.9171117,79
-0.8985486,-0.62265205,0.19538692,-0.61303914,1.6617286,-0.95544755,1.8305627,0.60096586,-0.9575087,-0.30813795,-0.83337,-0.4593519,-1.162688,0.15462254,1.8148965,0.32532436,86
-0.5717993,-0.9174001,-0.49064475,-0.7224178,2.479278,0.62432694,0.06299326,2.1672575,-1.0179267,0.56959337,1.2825369,-0.49701822,-0.29000887,-0.88259447,-0.7416678,-0.75222325,79
-0.94317496,-0.7334157,0.023234174,-0.9187745,1.8443326,-1.0444996,1.8531857,0.7083363,-1.2628518,-0.82381433,-0.9001725,-0.3390603,-1.0736288,0.6717138,2.2285542,0.03130351,54
-0.41674563,-1.0108029,0.393201,-0.48066115,1.7185941,-0.34573486,2.1133726,0.37895632,-0.6571361,-0.18397252,-0.8439083,-0.48482305,-0.9155074,0.08931105,1.8398709,0.4372995,86
0.5704238,-1.4426094,1.2645376,-0.4950033,1.6076931,-0.5302193,3.1285887,-0.0008753538,-0.3345479,0.6645833,-1.125542,-1.1995776,-1.5914074,0.29329664,2.2386465,0.34874272,86
-0.81914866,-0.76900446,0.09251079,-0.6779761,1.8346761,-0.8259771,1.8338203,0.5102346,-0.9323385,-0.65113753,-0.8777695,-0.372884,-1.1517612,0.4864083,1.8852568,0.31504852,86
-0.777466,-1.3042529,-1.1773801,-0.77467334,2.3053558,0.6546682,-0.41884232,2.1071877,-1.1718117,0.73394805,1.7055811,-0.16231479,0.034042645,-0.95841354,-0.9640378,-0.9151321,43
-0.7518524,-1.3872552,-1.1052916,-0.7312311,2.2626874,0.5977193,-0.46687317,2.1885376,-1.1794183,0.8612577,1.7651614,-0.27563483,-0.018098526,-1.0796766,-1.0459448,-0.8904094,43
0.50139135,-1.65195,0.39263624,0.018425196,-0.31122845,-0.23928554,1.4768966,1.4887584,-1.8193887,0.49487847,2.02276,-1.7687676,0.10681164,-0.5275262,1.3415256,-2.0806496,36
-0.4562816,-1.1498462,-0.8193137,-0.69999063,2.3148835,0.6354886,-0.13492014,1.915694,-1.1760108,0.7338012,0.97449625,-0.2759958,-0.10822713,-0.98039544,-0.8686238,-0.95782655,43
-0.5804901,-0.9904945,0.3183983,-0.51223475,1.6776172,-0.5260005,2.2460148,0.346476,-0.7601758,-0.20920609,-0.88812995,-0.3824051,-1.1100327,0.2110449,2.1340718,0.34443873,86
-0.5559359,-0.8157822,-0.30992025,-0.67504245,2.490146,0.56622696,0.10899125,2.1624885,-0.87867033,0.6543835,1.3258877,-0.4072597,-0.17024884,-1.0593591,-0.63516456,-0.48187783,43
-0.7808278,-0.3993488,0.16560817,-0.93132365,2.05818,-1.0119559,1.8369178,0.73831105,-1.1626294,-0.63457584,-1.0809642,-0.2879033,-1.078304,0.5123089,1.9518504,0.109879434,54
-0.19356233,-0.95575273,0.4520347,-0.3936728,1.76012,-0.2742939,2.2630363,0.33263722,-0.6200921,0.0038431436,-0.8270122,-0.35989657,-0.7829481,-0.045305133,1.8791205,0.5812187,86
0.30718064,-1.4642107,0.99334556,-0.5286541,1.6873124,-0.5393218,2.9672043,0.11951946,-0.41135806,0.59662664,-1.1938405,-1.3362813,-1.5424273,0.25003064,2.0679593,0.2936563,86
-1.0425639,-0.3973541,0.0290064,-0.7383295,1.9229105,-1.0607741,1.6060015,0.68681395,-0.9877424,-0.6057939,-0.9122604,-0.32913834,-0.89734244,0.25477225,1.724885,0.5145745,86
-0.7455069,-1.3346144,-1.1354215,-0.75129706,2.2749398,0.6714847,-0.37245414,2.0665705,-1.1765724,0.7262466,1.626948,-0.21711162,-0.0118519515,-0.98100114,-0.91933537,-0.9581544,43
-0.71464247,-1.4047605,-1.0392249,-0.73146844,2.2318137,0.60527134,-0.42628247,2.150411,-1.1708477,0.8606039,1.6764921,-0.34371838,-0.0646965,-1.0935729,-1.0114228,-0.94538033,43
0.7196185,-2.0047271,0.662215,0.074334145,-0.5678343,-0.28742006,1.7626386,1.3552442,-1.8371731,0.6087355,2.081767,-1.7952216,-0.07690605,-0.4006096,1.741589,-2.1384027,36
-0.5812963,-1.0469524,-0.84743243,-0.73070997,2.460701,0.5927216,-0.18549952,1.9901645,-1.2323469,0.73693943,0.90063095,-0.15387423,-0.050020657,-0.95972705,-0.89112985,-0.8632826,43
-0.47112513,-0.88041973,0.6115654,-0.5101195,1.7198249,-0.64804405,2.4505765,0.23519444,-0.6104217,0.041506454,-1.0986626,-0.2883154,-0.94414073,0.09342298,2.278355,0.6220843,86
-0.45918015,-0.65769416,-0.5263775,-0.53166455,2.5012782,0.9376297,0.12224041,1.9846004,-0.7282659,0.51039547,1.3903356,-0.2912447,-0.23826492,-1.069849,-0.75288486,-0.42874548,43
-0.221987,-0.24904662,0.061983183,-0.76182425,2.2249517,-0.44814372,2.062758,0.6185915,-1.1998793,-0.40655673,-1.1254224,-0.013294309,-0.9760327,0.4336928,1.7756363,-0.017531678,54
0.061682165,-0.9125227,0.5677433,-0.34215838,1.863236,-0.26243967,2.4928057,0.24797201,-0.57311785,0.20273954,-0.9039048,-0.31777242,-0.8308035,-0.026376322,1.9032196,0.66434866,86
-0.032284297,-1.3262637,0.8019454,-0.49489158,1.8617815,-0.557782,2.7726321,0.34147054,-0.63277435,0.39504498,-1.3915808,-1.1676526,-1.2866457,0.18867938,2.0625455,0.5083083,86
-0.9926411,-0.11566216,0.073921874,-0.7480709,2.133658,-0.9851898,1.451241,0.89828455,-0.9475335,-0.46360904,-0.8613343,-0.26329684,-0.81388134,-0.01016818,1.4834644,0.6453381,86
-0.699266,-1.3397361,-1.0642278,-0.7441428,2.2323763,0.6659893,-0.28614983,1.9989793,-1.1335083,0.7719841,1.5251852,-0.29716325,-0.09923818,-1.0030925,-0.8725731,-0.98581,43
-0.6619987,-1.4092354,-0.93729585,-0.7668512,2.1828566,0.57212806,-0.34527218,2.0761569,-1.1033362,0.9379796,1.5818533,-0.4241476,-0.16297731,-1.0863106,-0.9616612,-0.99404514,43
0.82495403,-1.9637957,0.7361145,-0.07083577,-0.8209045,0.18550867,1.935286,0.6033392,-1.4651587,0.6994165,1.6770205,-0.90928435,-0.48394546,0.015120842,2.3066554,-1.9986956,36
-0.65493953,-0.98386586,-0.8879619,-0.73850054,2.5022805,0.5713389,-0.23692301,2.024398,-1.2630814,0.7548578,0.895008,-0.08453959,-0.04045683,-0.9663312,-0.913738,-0.8265029,43
-0.36877048,-0.8047786,0.5766182,-0.46348277,1.721681,-0.666224,2.5172632,0.19574511,-0.5736712,0.19422904,-1.0414174,-0.14822938,-0.842184,-0.01542671,2.3395393,0.7434225,86
-0.59749335,-0.73161983,-0.6651179,-0.53960073,2.450021,0.9976435,0.14786157,1.930869,-0.7606586,0.3599608,1.3849936,-0.20806691,-0.0062867403,-1.0076294,-0.53222114,-0.43169558,43
-0.2724922,-0.13155991,0.22102731,-0.84987795,2.5906832,-0.3435227,2.2033885,0.66753685,-1.0957998,-0.016130544,-1.4527129,0.1775583,-0.94464153,0.28081334,1.6632178,0.06994812,54
0.16212755,-1.0808723,0.50596607,-0.312706,1.9192241,-0.10671638,2.559946,0.22032365,-0.6056223,0.2589153,-0.94689703,-0.35260692,-0.89353085,0.06821549,1.84123,0.5412182,86
-0.3599095,-1.1161104,0.58032167,-0.48930064,1.9810668,-0.5404264,2.5136552,0.50719726,-0.6785226,0.28687817,-1.4066885,-0.9658432,-0.8854974,-0.03893397,2.0280244,0.7737549,86
-0.57866395,0.21939391,-0.29205164,-0.50185573,2.3262591,-0.44108152,1.270427,0.9537631,-1.1026143,-0.41535348,-0.4591081,0.38435254,-0.5042347,-0.15125616,1.170556,0.6995374,86
-0.61792755,-1.332817,-0.95105904,-0.7711524,2.1392179,0.6345346,-0.18515338,1.9036045,-1.0408206,0.8714194,1.4438621,-0.41077,-0.2046822,-1.0077188,-0.82805747,-1.0353012,43
-0.5895648,-1.424257,-0.7951089,-0.84273875,2.1071444,0.50057006,-0.25568736,2.0081477,-1.0270894,1.0493776,1.4952289,-0.5366529,-0.28578627,-1.0460933,-0.91064125,-1.0734162,79
1.1012814,-2.3324876,1.1103345,-0.20617482,-0.9796057,0.20317349,2.3334432,0.2925407,-1.3048961,0.9523315,1.6636939,-0.7097734,-0.6665672,0.32204276,2.8137856,-2.003558,36
-0.69949776,-0.99230874,-0.9085668,-0.74916947,2.497745,0.6053672,-0.27701056,2.0493321,-1.2678472,0.7670714,0.93671346,-0.05442497,-0.018161029,-0.96449685,-0.9312295,-0.8414657,43
-0.24486427,-0.81538606,0.6210301,-0.47184464,1.71629,-0.5900175,2.6881607,0.048968673,-0.49805284,0.29229033,-1.1514306,-0.21047164,-0.8894927,0.13231553,2.4062843,0.6194031,86
-0.6406494,-0.64609104,-0.76518744,-0.5186516,2.5167348,0.9162078,0.14183205,1.9448465,-0.77343726,0.25097913,1.3532261,-0.18908206,0.08158292,-0.9881234,-0.51116985,-0.32840914,43
-0.4841796,-0.13336658,0.096363634,-0.8479072,2.6550589,-0.43596974,2.1581273,0.6797699,-1.1094714,-0.010619834,-1.5839745,0.13282657,-0.89815253,0.25297374,1.6204014,0.13088155,54
-0.16336742,-1.4837103,0.12403682,-0.3252194,2.0187166,0.13344109,2.5484324,0.31309387,-0.91460264,-0.15101998,-0.99067044,-0.18038619,-0.73405033,0.418056,2.177726,0.37760395,86
-0.617716,-0.9453418,0.45538482,-0.48505673,2.1028981,-0.48120034,2.3389127,0.64547145,-0.692333,0.21618108,-1.4514239,-0.86181915,-0.6179071,-0.26386005,1.9864117,0.9738801,86
-0.3824803,0.41093484,-0.1965946,-0.5274114,2.3003907,-0.27231294,1.3431367,0.8139659,-0.9610132,-0.19774465,-0.55230975,0.41066292,-0.45055744,-0.2156776,1.0425828,0.53365,86
-0.5043405,-1.3994337,-0.8166923,-0.82596517,2.0115247,0.60794485,-0.10575028,1.8295225,-0.9737942,0.9603162,1.4163066,-0.51397055,-0.3392226,-0.9600562,-0.7588994,-1.1318873,79
-0.5218529,-1.4808723,-0.7019003,-0.97033435,2.0145123,0.44665268,-0.23036179,1.9571872,-0.96865535,1.1131748,1.5117459,-0.5642524,-0.40716502,-0.9359071,-0.83161503,-1.2044852,79
1.4062488,-2.702384,1.6766319,-0.36708567,-1.0794754,0.17239243,2.8272734,0.072053984,-1.1242578,1.3065588,1.5537435,-0.7556931,-0.84389806,0.60055965,3.2055814,-2.0301864,126
-0.72443473,-0.97904515,-0.8980939,-0.7628705,2.4725204,0.61645234,-0.29700416,2.0621824,-1.2582982,0.79531294,0.98156136,-0.0115042925,0.013055801,-0.9680235,-0.9234282,-0.8400692,43
-0.32425976,-0.8320255,0.48829985,-0.48801035,1.7298636,-0.37772864,2.6588478,0.057524815,-0.6501883,0.046827853,-1.2755396,-0.15075065,-0.77113515,0.37987494,2.470345,0.4042163,86
-0.6086898,-0.70175934,-0.7859806,-0.5274973,2.491248,0.88224983,0.10179047,1.9968895,-0.9016502,0.18984708,1.3311448,-0.06544204,0.11687884,-0.89947253,-0.43594322,-0.30044723,43
-0.4981223,-0.05272755,0.047178783,-0.8634399,2.6862922,-0.49990362,2.0733938,0.7388161,-1.1279589,0.059874013,-1.5795392,0.163057,-0.91483986,0.15555622,1.496929,0.11721033,54
-0.46391732,-1.3984118,-0.19494778,-0.3197978,2.0797668,0.18685508,2.3481848,0.38773838,-1.0744997,-0.5527091,-1.067182,-0.074245244,-0.5605361,0.5467157,2.2565517,0.43140286,86
-0.76364744,-0.7758299,0.41342026,-0.5232103,2.1942375,-0.41262847,2.259346,0.72795737,-0.70808816,0.18356657,-1.5463942,-0.78725684,-0.4694161,-0.397465,1.9753894,1.0495801,86
-0.62649953,0.37989262,-0.1286768,-0.6459026,2.6945944,-0.37329003,1.5499167,0.84885085,-0.8377006,-0.09551576,-0.9254341,0.28241637,-0.5685671,-0.21742922,1.105893,0.7253968,86
-0.4011179,-1.4913403,-0.7250804,-0.9039794,1.8701096,0.7130735,-0.09691714,1.7011937,-0.84240794,1.0118037,1.4835238,-0.4111048,-0.34574905,-0.85562646,-0.66049296,-1.2635741,79
-0.34664774,-1.5987961,-0.642245,-0.83592105,2.046897,0.7377075,-0.14848429,1.9203955,-0.9770038,1.1052182,1.5249422,-0.31295502,-0.34474644,-0.99014485,-0.72510785,-1.1421975,79
1.7496371,-3.2745144,2.4040587,-0.52301764,-1.2206641,0.17676577,3.2488256,-0.035390466,-0.9029881,1.7336322,1.3790619,-1.0976764,-1.1464393,0.7471194,3.4477794,-2.1519175,126
-0.7257496,-0.9329163,-0.8674883,-0.7635515,2.4467332,0.6330322,-0.30989605,2.0743446,-1.2343081,0.8154396,1.0327294,0.009362757,0.033436086,-0.9788995,-0.94108284,-0.832219,43
-0.71936405,-0.71783936,0.2563508,-0.5181144,1.958903,-0.4718122,2.5590327,0.23350057,-0.82320404,-0.25757533,-1.4793885,0.014218122,-0.53316927,0.43457353,2.636377,0.6364585,86
-0.59693885,-0.985348,-0.88578194,-0.5895079,2.4789097,0.89954805,-0.024553094,2.075838,-1.0666091,0.10691221,1.5083823,0.21299079,0.045513097,-0.7398163,-0.27186564,-0.36648166,43
-0.4962862,0.0050180554,0.14442767,-0.9198828,2.7473142,-0.5034977,2.0147943,0.8273468,-1.0922947,0.17752099,-1.5413444,0.18411225,-0.9489754,0.05291587,1.4418098,0.09956628,54
-0.7706237,-1.1654214,-0.45871693,-0.32442838,2.1846743,0.036820322,2.1227298,0.5254879,-1.2225192,-0.8160916,-1.115549,0.123838186,-0.364182,0.4843101,2.3155935,0.6438383,86
-0.8398612,-0.66129684,0.43610534,-0.54227585,2.221289,-0.36271185,2.2120967,0.7926185,-0.7476933,0.1672455,-1.6495224,-0.76289773,-0.4447647,-0.47193515,1.95237,1.0275986,86
-0.7328904,0.37561837,-0.16829664,-0.7023524,2.7874188,-0.58429927,1.5337334,0.9341494,-0.95286703,-0.1208663,-1.0139165,0.4522188,-0.5707745,-0.21306092,1.2493409,0.8270597,86
-0.30797625,-1.3628848,-0.6488349,-0.7927172,2.0289237,0.78831315,-0.05965505,1.7556064,-0.88667405,0.98774874,1.3923583,-0.20214748,-0.25888306,-0.9618158,-0.6605032,-1.0595734,79
-0.32264882,-1.2293738,-0.69193816,-0.7081537,2.088335,0.70889354,-0.20811555,1.8858637,-0.94500613,0.97351676,1.4373416,-0.1880574,-0.24810964,-1.1172353,-0.83907187,-0.93120617,43
1.6872957,-3.1847198,2.466234,-0.6114931,-1.2858211,-0.09438299,3.0226822,0.030138671,-0.9288745,1.4142233,1.3193002,-1.3097256,-1.2025167,0.93376404,3.3471138,-2.2073693,126
-0.7203333,-0.9262841,-0.8333642,-0.76429623,2.4041717,0.6733197,-0.32447404,2.0841222,-1.207618,0.8147811,1.0944839,-0.023551762,0.070193954,-0.98623276,-0.9740747,-0.860843,43
-0.9368542,-0.5940051,0.07789984,-0.5863614,2.0685816,-0.5257717,2.3978944,0.4003883,-0.97124934,-0.46927208,-1.5026554,0.20787269,-0.3123115,0.3987372,2.7548296,0.76476854,86
-0.5554229,-1.0207894,-0.8479774,-0.5778435,2.5177288,0.7473718,-0.15788019,2.185482,-1.1071957,0.16169912,1.5599719,0.17556876,-0.11485427,-0.7910644,-0.45129785,-0.2976366,43
-0.5922974,0.0037827492,0.07510689,-0.9386966,2.7003372,-0.42807722,1.9317181,0.8727844,-1.1357064,0.11202701,-1.5279647,0.30552492,-0.845025,0.018282928,1.5252004,0.12433857,86
-0.9385156,-0.960675,-0.50990826,-0.40760157,2.2115526,0.01039356,1.9479545,0.6735395,-1.3232979,-0.9287229,-1.1405867,0.24758956,-0.15851006,0.35967445,2.3707998,0.67936337,86
-0.916218,-0.5535054,0.5522194,-0.5774894,2.231255,-0.4085225,2.194584,0.840238,-0.77081954,0.22165658,-1.8004634,-0.6820929,-0.39677697,-0.5412573,1.973486,1.055893,86
-0.6601383,0.2774836,-0.048030183,-0.87716544,2.8413384,-0.6172885,1.5299244,0.9992281,-0.9206737,0.049377218,-0.92046225,0.43827823,-0.6935201,-0.21031685,1.2758918,0.5848494,86
-0.3629147,-1.1380156,-0.685889,-0.7556448,2.1042395,0.7148937,-0.1007518,1.794393,-0.853117,0.9283317,1.3645697,-0.119456425,-0.15294808,-1.0378578,-0.7087727,-0.87490004,79
-0.41617566,-1.0396457,-0.8002791,-0.67416054,2.1338835,0.68095887,-0.23746961,1.9015567,-0.951718,0.8328532,1.3960937,-0.09661426,-0.07246018,-1.1533636,-0.8216577,-0.7706035,43
1.3469255,-2.1104302,1.8377011,-0.5427244,-1.2000606,-0.79118425,2.4965723,0.1382903,-1.2891285,0.750363,1.4137805,-1.1978728,-0.641851,1.138582,2.9305673,-1.7566979,126
-0.71939903,-0.9080633,-0.76743245,-0.75968134,2.3568296,0.6792941,-0.31014076,2.088155,-1.194865,0.82544327,1.105122,-0.049025357,0.120247066,-1.0048416,-0.9683417,-0.8618297,43
-1.0572746,-0.44651067,0.03985575,-0.665867,2.1183147,-0.54194355,2.2766466,0.5614891,-1.1128097,-0.5636945,-1.5243263,0.38183996,-0.09525866,0.31423813,2.8490746,0.80973315,86
-0.52994275,-0.8468976,-0.75311524,-0.5668915,2.5866463,0.53832006,-0.24810144,2.3106914,-1.1529034,0.30150694,1.4560623,0.070063055,-0.25539416,-0.90531707,-0.7346412,-0.18491228,43
-0.71431935,0.017094463,0.018316552,-0.9463353,2.681988,-0.40800253,1.8406568,0.93146455,-1.1659023,0.043629818,-1.4910467,0.3842424,-0.7545855,-0.015341423,1.56383,0.18790716,86
-1.0102018,-0.9177594,-0.50103813,-0.478338,2.2304466,0.074870884,1.8819399,0.7785597,-1.4144944,-0.99483865,-1.2076482,0.27191493,-0.081947885,0.3071409,2.4246566,0.5998017,86
-0.96037847,-0.5219334,0.7666189,-0.64034593,2.204283,-0.5422728,2.2243123,0.8703542,-0.7487769,0.38570374,-1.904917,-0.62901276,-0.33282134,-0.61141115,2.0422041,1.1066871,86
-0.78829616,0.35547605,-0.030261934,-0.902055,2.8891995,-0.6042989,1.4272101,1.060475,-0.9787576,-0.029564947,-1.0433295,0.526147,-0.62229335,-0.2026824,1.2675407,0.5934365,86
-0.48947755,-0.9876492,-0.75987184,-0.80189633,2.1737955,0.6408138,-0.08737053,1.8173882,-0.8420433,0.85876477,1.2456031,-0.11991809,-0.02912715,-1.0575428,-0.68275326,-0.75772756,43
-0.58474445,-1.0194968,-0.9542369,-0.7232815,2.2087307,0.67905104,-0.24803632,1.939404,-0.99535286,0.7156953,1.3310877,-0.055101663,0.060765646,-1.1169006,-0.7503409,-0.71752864,43
1.1478732,-1.5936776,1.3987267,-0.49166796,-0.9395044,-0.85291386,2.252023,0.07499857,-1.3815284,0.5866778,1.5568055,-0.7215862,0.04843792,1.2072372,2.7623792,-1.4475393,35
-0.73757553,-0.9034147,-0.72167045,-0.75246334,2.3470008,0.69513535,-0.27701348,2.0829902,-1.170944,0.8162519,1.0845114,-0.11355767,0.11171269,-0.99199593,-0.98328185,-0.87669116,43
-1.1729438,-0.38610512,0.06346178,-0.7526354,2.1420805,-0.57901156,2.2172735,0.6874225,-1.2343626,-0.5969417,-1.5903792,0.47420844,0.029801112,0.260121,2.9610357,0.79328156,86
-0.5345429,-0.6839042,-0.65108657,-0.5612035,2.644381,0.41098174,-0.22027779,2.3382983,-1.0729488,0.4486528,1.333108,-0.09443954,-0.30384758,-1.0359845,-0.9134815,-0.0764659,43
-0.8429083,-0.002485633,-0.026265249,-0.9665947,2.6149893,-0.4071703,1.72112,0.99304605,-1.1350238,0.04136677,-1.3421975,0.4187843,-0.5836437,-0.122348696,1.591638,0.27713954,86
-1.0428152,-1.1072042,-0.4502085,-0.6062499,2.2072453,0.16297013,1.9191619,0.8402388,-1.4814094,-1.0110208,-1.245526,0.27737305,-0.14405164,0.3809201,2.5995326,0.39455563,86
-1.0032854,-0.57291603,0.9835146,-0.7058236,2.2062314,-0.6838975,2.3026135,0.87852514,-0.69417894,0.57877713,-1.9876971,-0.6466638,-0.3127764,-0.6526968,2.1049626,1.1591532,45
-0.83606887,0.31628868,-0.05214578,-0.90218115,2.891568,-0.54263353,1.3273636,1.106497,-0.95477545,-0.02809956,-0.9944931,0.50629747,-0.7429226,-0.20226768,1.1322773,0.55659366,86
-0.5440967,-0.9175985,-0.8227841,-0.824346,2.260747,0.5995704,-0.10287763,1.8649876,-0.860744,0.85228133,1.2019373,-0.10503577,-0.017799206,-1.0727472,-0.7215415,-0.70111156,43
-0.67254174,-1.1297735,-1.0261014,-0.7766944,2.281048,0.7282591,-0.32440016,2.037137,-1.0646695,0.68069816,1.3603189,-0.047940686,0.14780572,-1.0869213,-0.77213037,-0.7640742,43
1.3326156,-1.8348056,1.8375359,-0.6679591,-0.8639978,-1.2723382,2.7685297,0.061102256,-1.3740388,0.69894445,1.5361028,-0.91757655,-0.0567135,1.5930275,3.314162,-1.1816249,35
-0.7556805,-0.8988868,-0.6695044,-0.7626099,2.327599,0.70195055,-0.22799739,2.064758,-1.1378227,0.8087866,1.0520476,-0.18191478,0.10952596,-0.97108805,-0.96559215,-0.90026623,43
-1.1910758,-0.5958467,0.07546779,-0.7987945,2.107995,-0.455728,2.234298,0.76539,-1.3194473,-0.59807676,-1.6179973,0.41567364,0.028159179,0.26206374,3.035172,0.66929066,86
-0.54039544,-0.6095327,-0.61215657,-0.5757073,2.6270297,0.3186631,-0.24194768,2.3344753,-0.9551202,0.585559,1.313916,-0.3201403,-0.38685966,-1.1378821,-1.1079655,-0.03809765,43
-0.9293735,0.006231338,-0.08931856,-0.98183125,2.5846512,-0.38636884,1.5898273,1.0218749,-1.0894084,-0.0061917678,-1.1908243,0.4811974,-0.47168764,-0.15560591,1.5507652,0.33724552,86
-1.1665983,-1.4442998,-0.40567094,-0.7941874,2.1186547,0.20093378,1.9829353,0.88385224,-1.5422434,-1.0071543,-1.212242,0.35883132,-0.10639881,0.50798726,2.9666421,0.1964226,86
-1.0388154,-0.6179982,1.1440997,-0.7767836,2.2207265,-0.79686403,2.3722873,0.854527,-0.61433125,0.73074836,-2.055073,-0.7015581,-0.32127762,-0.6726655,2.1367788,1.1898594,45
-0.92435014,0.12068674,-0.11928058,-0.9584504,2.7502708,-0.49061874,1.2814445,1.1064174,-0.91802096,-0.07945417,-0.78584445,0.5167867,-0.67018986,-0.17264378,1.2910511,0.5480967,86
-0.6698476,-1.0111791,-0.92360014,-0.8642286,2.3333952,0.6696831,-0.124310285,1.9252683,-0.9212662,0.7926611,1.2027614,-0.11311935,0.07179949,-1.0417181,-0.6882923,-0.7524336,43
-0.73511654,-1.1402689,-1.0338037,-0.7762784,2.3406913,0.70472383,-0.3056745,2.0782878,-1.1120253,0.69938076,1.3258631,-0.016411364,0.13051939,-1.0796148,-0.74339914,-0.7326938,43
1.6512263,-2.5072691,2.600505,-0.91520023,-0.8178414,-1.5936966,3.6561394,-0.088985264,-1.2507492,0.9957944,1.2829566,-1.1963905,-0.40531772,2.1380496,4.189164,-0.87553847,31
-0.7606051,-0.88072073,-0.60074174,-0.7611484,2.299186,0.7088814,-0.15805703,2.046318,-1.1252022,0.80217695,0.9856727,-0.23646595,0.1126839,-0.96021366,-0.9212414,-0.9037242,43
-1.2447205,-0.93678164,0.15250832,-0.90932995,1.9729989,-0.43237028,2.2830584,0.83081055,-1.3913006,-0.5581265,-1.5543599,0.3849512,0.12367253,0.2995832,3.317118,0.5290684,86
-0.5020735,-0.54843235,-0.47407615,-0.5337568,2.6228106,0.23634121,-0.15368389,2.2534084,-0.7622248,0.7314611,1.2678615,-0.4071139,-0.544367,-1.2485611,-1.1503252,0.13799325,43
-0.99188566,0.02348724,-0.11585474,-0.97862744,2.5803897,-0.37045205,1.4903638,1.0427715,-1.0572455,-0.08173752,-1.0953794,0.51581013,-0.3961835,-0.14221956,1.49587,0.3991791,86
-1.2570987,-1.7642194,-0.35883862,-0.9427054,2.0210469,0.22077283,2.0334506,0.9204904,-1.5945714,-0.99291784,-1.1482347,0.4037074,-0.080302335,0.6288558,3.2563374,0.028110757,86
-1.0070579,-0.6970886,1.2530384,-0.79307806,2.2360916,-0.8158351,2.4121437,0.83189476,-0.556189,0.79764575,-2.047362,-0.82035816,-0.38061622,-0.6615112,2.0896447,1.1595273,45
-0.9772549,-0.10963835,-0.21283272,-0.9679625,2.6337626,-0.35022184,1.2575716,1.0930582,-0.94262826,-0.22606088,-0.6359978,0.5257205,-0.606708,-0.06390525,1.419875,0.48567623,86
-0.6708635,-1.052159,-0.8976025,-0.8497269,2.3486583,0.66255426,-0.13365072,1.9693305,-0.9610745,0.82231927,1.2265053,-0.114085555,0.028903294,-1.0501411,-0.7001164,-0.7540358,43
-0.6969237,-1.1741899,-0.97004396,-0.78362525,2.3609905,0.70792234,-0.3119441,2.1084528,-1.1260922,0.75436926,1.3393474,-0.059897467,0.057814036,-1.0692295,-0.80569196,-0.7906315,43
2.2045143,-3.3328803,3.6798012,-1.0765955,-0.8584579,-1.6985326,4.776859,-0.4814197,-0.8588499,1.6854032,0.7141721,-1.8135021,-0.9825372,2.467215,4.9104576,-0.74066997,105
-0.7796854,-0.87777436,-0.5415166,-0.75586104,2.2935622,0.70780134,-0.06016362,2.0221114,-1.1218622,0.7947621,0.8944914,-0.29471868,0.08258731,-0.93211913,-0.8468143,-0.90539366,43
-1.2269027,-1.3744847,0.17114374,-1.0382237,1.811729,-0.33965322,2.3215914,0.8355968,-1.4167615,-0.55914235,-1.392905,0.31831136,0.118754216,0.4198566,3.5724075,0.2903435,86
-0.4153643,-0.50187397,-0.32718515,-0.48706532,2.6283429,0.14286706,-0.017276023,2.1156526,-0.5163457,0.8070315,1.2949704,-0.4222554,-0.77369547,-1.3310807,-1.0264341,0.3768202,43
-1.0663776,0.023972303,-0.08133097,-0.9923519,2.5148146,-0.4365529,1.419851,1.03395,-0.99293137,-0.084667444,-0.9865619,0.4911122,-0.27289516,-0.16130757,1.5043277,0.4649111,86
-1.2418933,-1.9430407,-0.35762697,-1.0189695,1.9582919,0.28161004,2.0154388,0.9290991,-1.6006383,-1.0058408,-1.0433793,0.37345174,-0.1452659,0.73037624,3.2877684,-0.13561526,86
-0.9965662,-0.74484897,1.2326281,-0.7979001,2.2667482,-0.76003075,2.409259,0.7924691,-0.4863738,0.778407,-2.0007696,-0.913865,-0.46212998,-0.6187575,2.0008674,1.1191115,45
-0.943678,-0.25091147,-0.2287516,-0.9016482,2.5601468,-0.2173146,1.2463758,1.0693129,-0.9354539,-0.31925935,-0.54879487,0.42921653,-0.643765,0.016385682,1.3669829,0.4453413,86
-0.62807673,-1.1261698,-0.8358482,-0.84112066,2.3362088,0.6739024,-0.1458286,1.9919028,-0.97456956,0.85649747,1.2808046,-0.1395469,-0.02176316,-1.0402266,-0.723485,-0.79668677,43
-0.67735183,-1.2490264,-0.9015114,-0.7940438,2.3503966,0.7255422,-0.31244126,2.128784,-1.1261252,0.8064104,1.374366,-0.10447624,0.009445146,-1.049635,-0.8346552,-0.8583184,43
2.9951034,-4.0413346,4.795319,-1.0206637,-1.0382452,-1.6784854,5.8931227,-1.1114184,-0.35668266,2.598593,0.18959886,-2.371216,-1.6470295,2.6667273,5.4103756,-0.8064149,73
-0.80125564,-0.92755175,-0.49674237,-0.7751764,2.2640243,0.7129228,0.047250256,1.9928787,-1.09225,0.7979268,0.82799274,-0.4375533,0.04543465,-0.89660937,-0.77583426,-0.94604385,79
-1.1779432,-1.7767906,0.058317214,-1.0693418,1.7285324,-0.08430363,2.3135123,0.81711304,-1.4410839,-0.664818,-1.2390989,0.24153647,0.029547255,0.57523113,3.6106644,0.05577846,86
-0.30471158,-0.5048092,-0.19677714,-0.4345118,2.5818207,0.079107195,0.10137319,1.952304,-0.2955444,0.8612072,1.3834491,-0.33886302,-0.9905122,-1.3939322,-0.8380751,0.58366555,105
-1.0779774,0.040638715,-0.07463907,-0.94756347,2.5575662,-0.39366776,1.3756304,1.0154581,-0.97388756,-0.17790876,-0.99709594,0.49868533,-0.26581442,-0.09460831,1.3959401,0.5052146,86
-1.2338645,-1.9646376,-0.35680687,-1.0426619,1.9291451,0.31424043,1.9495001,0.9413661,-1.585555,-1.0346638,-0.9465687,0.3785307,-0.1595341,0.78334105,3.2104268,-0.18765956,86
-1.0134494,-0.79539764,1.2066104,-0.79806757,2.2638478,-0.7201277,2.4202356,0.7400011,-0.43374136,0.72703236,-1.9693937,-0.96964884,-0.49951038,-0.5605037,1.9929603,1.0977433,45
-0.9245345,-0.3181457,-0.12744266,-0.85881996,2.43841,-0.2534259,1.2649341,1.0265998,-0.8762833,-0.27964568,-0.4933247,0.2556261,-0.6262521,0.005429551,1.3457406,0.4696079,86
-0.6267543,-1.2129937,-0.78938097,-0.8501818,2.3306246,0.6946145,-0.14613472,2.011819,-0.9709979,0.8736262,1.3133378,-0.18311211,-0.026126027,-1.0286754,-0.7250667,-0.83028185,43
-0.6624505,-1.269202,-0.8233033,-0.79840195,2.3226352,0.72815895,-0.2741192,2.118759,-1.09842,0.8623055,1.368078,-0.15784064,-0.013965547,-1.05104,-0.83473396,-0.884717,43
3.2943168,-4.6007175,5.4065833,-1.0292971,-1.2821676,-1.9591869,6.3319883,-1.2938211,-0.22915724,2.973611,0.10387677,-2.6796482,-1.8227615,2.7663894,5.930524,-0.7877656,73
-0.7965087,-0.9976485,-0.41302508,-0.80297124,2.2010214,0.7129772,0.16456549,1.9789695,-1.0697656,0.83291227,0.7672288,-0.63978744,0.029787216,-0.8611652,-0.7176,-1.0183523,79
-1.2011669,-1.8713456,0.051022798,-1.1175606,1.6980925,-0.05187121,2.2864764,0.8073884,-1.4215618,-0.6872763,-1.1552283,0.27396283,0.091768555,0.62346756,3.6548352,0.038365945,86
-0.18358079,-0.54221904,-0.12859625,-0.38177538,2.48885,0.101047456,0.23651792,1.7539738,-0.09912376,0.87825024,1.5040909,-0.19834119,-1.1106732,-1.4309351,-0.58048576,0.72195256,105
-1.0814261,-0.022776023,-0.085916564,-0.9170419,2.5979805,-0.32286203,1.3433554,1.0342579,-1.0021851,-0.29858303,-1.0013151,0.47654018,-0.28231803,0.0041080415,1.3293492,0.5186111,86
-1.2516348,-1.8905402,-0.34395605,-1.0212383,1.9410446,0.32382432,1.8732313,0.95586085,-1.5583292,-1.0469918,-0.8921151,0.40650675,-0.1476497,0.7929936,3.0677543,-0.15178499,86
-1.0030215,-0.9374788,1.1548126,-0.7962452,2.2558517,-0.65462166,2.4290128,0.70927376,-0.4101893,0.610706,-1.908195,-1.1166075,-0.61745805,-0.42495537,1.9685556,0.99750453,45
-0.8983518,-0.33144882,-0.011162296,-0.80747366,2.3878155,-0.28524336,1.3117695,0.9858533,-0.8377559,-0.26347423,-0.5325629,0.105121136,-0.61872196,0.008048214,1.3048828,0.5189462,86
-0.6288186,-1.2270777,-0.72037506,-0.8399459,2.320806,0.6840899,-0.116897196,2.0011659,-0.95671785,0.8910449,1.2832401,-0.20705083,-0.02556856,-1.0298102,-0.7083066,-0.8150015,43
-0.6657178,-1.2612067,-0.741008,-0.8006212,2.3054285,0.7142317,-0.21166793,2.0931244,-1.0702269,0.89382905,1.3126748,-0.21018809,-0.020472497,-1.0451859,-0.81056106,-0.8854215,43
3.3179152,-5.0359445,5.8206577,-1.1520505,-1.5222063,-2.287725,6.4129596,-1.256265,-0.1435228,3.0213997,0.22628745,-2.8816452,-1.9959592,2.927655,6.324816,-0.81699955,73
-0.81713474,-1.0766544,-0.31197327,-0.86805856,2.1528547,0.70109344,0.30392164,1.956985,-1.0185596,0.8947359,0.67859745,-0.8681444,0.02634091,-0.8107617,-0.6434574,-1.108243,79
-1.2435467,-1.8676684,0.060162984,-1.1411054,1.6915537,-0.08496761,2.2274568,0.81199074,-1.4023811,-0.6988896,-1.0744146,0.30923262,0.16120234,0.6464258,3.6312234,0.07388356,86
-0.10430283,-0.6965263,-0.14443406,-0.3239594,2.360804,0.21862617,0.3443611,1.5881923,0.046526104,0.8607509,1.6601719,-0.1426544,-1.1317369,-1.4705882,-0.33336484,0.75110203,105
-1.0374129,-0.06331611,-0.05302684,-0.8974105,2.5401733,-0.2837289,1.3200027,0.96709263,-0.9297384,-0.321065,-0.9205121,0.39691463,-0.33205226,0.06760326,1.2505848,0.4553858,86
-1.3813858,-1.9307885,-0.35398734,-0.9912387,1.9729513,0.32441768,1.8184818,1.0422548,-1.6310141,-1.0935155,-0.88169014,0.46856442,-0.06717179,0.8061606,3.0650318,-0.067903966,86
-0.9684911,-1.0038095,1.1133947,-0.7346882,2.1967745,-0.57117236,2.4173698,0.66548216,-0.37292278,0.5303807,-1.8359811,-1.2532297,-0.73524565,-0.35234815,1.8729733,0.9133741,45
-0.92082405,-0.42389023,0.001892075,-0.7160442,2.4174998,-0.20923048,1.352389,1.0056126,-0.8877808,-0.33900738,-0.63906723,-0.004266441,-0.6506936,0.047318727,1.261665,0.59970933,86
-0.6629338,-1.2304254,-0.6585615,-0.854218,2.3260496,0.65817726,-0.07540789,1.9844942,-0.93078494,0.89233,1.2331674,-0.2290263,0.002392456,-1.0243539,-0.65728736,-0.7886849,79
-0.6877106,-1.2523489,-0.67079794,-0.8179538,2.2949271,0.69553006,-0.14273784,2.0653892,-1.0378767,0.91459525,1.2431631,-0.25861692,-0.010629356,-1.0354756,-0.7616097,-0.87308633,43
3.2465491,-5.261165,6.0455985,-1.3544388,-1.6544474,-2.6498444,6.4667163,-1.1501614,-0.14283255,2.9158185,0.39591283,-2.9683504,-2.2026646,3.18488,6.643236,-0.77164876,73
-0.7487487,-1.0360167,-0.319681,-0.9395816,2.157638,0.7147875,0.3932929,1.9388846,-0.91418326,0.9172911,0.7199197,-1.015728,-0.21023732,-0.78258485,-0.6984627,-1.2594662,79
-1.310334,-2.041389,0.013178617,-1.1716441,1.6720808,-0.031557053,2.16621,0.8234383,-1.4123902,-0.7850007,-0.9460604,0.30835876,0.18684383,0.7478672,3.650466,0.013210684,86
-0.06555519,-0.85846066,-0.1829916,-0.22854382,2.2452013,0.35955188,0.4404816,1.4517901,0.114162,0.79873204,1.7593174,-0.06605832,-1.1298428,-1.4803431,-0.09420874,0.8038096,105
-0.9997034,-0.068968505,-0.010145381,-0.8699985,2.521629,-0.23958978,1.3451114,0.9097291,-0.88298726,-0.3389526,-0.92791307,0.33600917,-0.3785494,0.12086438,1.2004297,0.42047536,86
-1.3589425,-1.698834,-0.26389924,-0.89906096,1.9714704,0.28907838,1.7087618,1.0346599,-1.5138083,-0.9974734,-0.8553033,0.38152704,-0.066369094,0.6726601,2.7310827,0.025414333,86
-0.8881663,-1.0459728,1.0424751,-0.68639183,2.1000855,-0.47537473,2.3804448,0.6131828,-0.33596516,0.40709943,-1.7069179,-1.3954105,-0.8550262,-0.23679207,1.7634751,0.79219645,45
-0.93152577,-0.41977668,0.04567329,-0.68507266,2.3935256,-0.20493533,1.3772926,0.93946743,-0.80917645,-0.34099275,-0.6588155,-0.103023246,-0.6740061,0.065738186,1.2094463,0.6127645,86
-0.7136902,-1.2140578,-0.5991298,-0.8669018,2.334207,0.62335026,-0.027859677,1.9729614,-0.92385876,0.89360195,1.1534724,-0.23016539,0.050009623,-1.0275329,-0.5857357,-0.7466053,79
-0.7105955,-1.2329193,-0.59986734,-0.80725896,2.2761147,0.6748482,-0.081586316,2.0441215,-1.0287632,0.91797036,1.1595806,-0.28780872,-0.0044286028,-1.0351129,-0.71078014,-0.84135765,79
3.0994928,-5.3833637,6.102501,-1.5475756,-1.79619,-3.1028924,6.465216,-1.0536245,-0.23811772,2.8511567,0.4592034,-3.1305935,-2.1032686,3.3761759,6.836021,-0.71361464,73
-0.73168343,-0.95612776,-0.50897557,-0.8780368,2.1340058,0.7808355,0.36581197,1.9675219,-0.97842693,0.8344307,0.8957028,-0.8886992,-0.18776822,-0.8111283,-0.6616161,-1.2588,79
-1.2732575,-2.0521624,0.042617865,-1.1390502,1.6697395,0.03367701,2.099331,0.8097701,-1.3547175,-0.798914,-0.866526,0.25113496,0.11747512,0.7783775,3.459927,-0.034599096,86
-0.07992484,-1.0259558,-0.29443118,-0.112820596,2.1406147,0.56006455,0.561905,1.302526,0.13648179,0.64183015,1.7535789,-0.028078705,-1.0637963,-1.4405524,0.13514774,0.8647658,105
-0.9486579,-0.08749509,0.04676488,-0.8606112,2.460391,-0.1994547,1.3914133,0.8457452,-0.8214271,-0.30473685,-0.90856016,0.2416394,-0.4054791,0.13728324,1.1986996,0.3668028,86
-1.2717083,-1.3258555,-0.18207878,-0.7685473,1.9914335,0.28025392,1.5668259,1.0157248,-1.3689034,-0.90169644,-0.85701275,0.27700147,-0.09551328,0.50212324,2.2507715,0.1304197,86
-0.7830301,-1.0609459,1.0078442,-0.6945288,1.967081,-0.4619306,2.3924093,0.5117668,-0.26570818,0.24006723,-1.5397948,-1.4801847,-1.0262138,-0.012358807,1.7931825,0.70079535,45
-0.954509,-0.34086174,0.068794005,-0.62418526,2.388722,-0.17109029,1.403296,0.8905771,-0.7677753,-0.34119004,-0.73696864,-0.14172386,-0.67056197,0.04960552,1.140267,0.65215564,86
-0.7529715,-1.2149001,-0.55524486,-0.847605,2.3526006,0.6107652,0.0114476085,1.9752297,-0.95127213,0.86340547,1.0691772,-0.2395426,0.053372458,-1.012662,-0.5421268,-0.7216648,79
-0.7351776,-1.2148293,-0.54648834,-0.7933303,2.2805095,0.66400635,-0.028438132,2.0321224,-1.0363247,0.886169,1.0731385,-0.31850895,-0.013708867,-1.012019,-0.6690017,-0.82291013,79
3.1794508,-5.3647037,6.276619,-1.5789821,-2.0041468,-3.4355676,6.6718655,-0.98490715,-0.42839146,2.8030672,0.44125438,-3.114317,-2.3077004,3.6351,7.0701666,-0.48689538,73
-0.76629746,-0.98828316,-0.73061943,-0.91433734,2.0912604,0.9129839,0.25262752,1.9171562,-1.0413373,0.68142754,1.0482211,-0.65971947,-0.10826691,-0.6425762,-0.6219914,-1.4008269,79
-1.2322044,-2.0297432,0.045058914,-1.0848417,1.6651812,0.13727671,2.0371552,0.80041426,-1.3156835,-0.8134837,-0.80728936,0.21292683,0.04700403,0.7919888,3.256779,-0.09117321,86
-0.15870471,-1.1283373,-0.3869027,-0.07096282,2.1280043,0.72561884,0.73521125,1.1807406,0.10048455,0.43183082,1.5779146,0.007744521,-0.9221874,-1.3190361,0.39107326,0.9532725,105
-0.86871123,-0.14456272,0.060297526,-0.8613819,2.3683567,-0.12326755,1.4352049,0.7684902,-0.7317718,-0.2767341,-0.81557703,0.100218415,-0.48533848,0.16405194,1.1897262,0.2569718,86
-1.2293525,-0.88763547,-0.10191071,-0.6558137,1.9926764,0.22254458,1.4326302,0.9945425,-1.2109191,-0.7706039,-0.8665929,0.1831232,-0.078405954,0.28303814,1.824914,0.26346725,86
-0.79105717,-1.0636972,1.0732388,-0.688916,1.9143181,-0.44283456,2.520479,0.45371568,-0.2372827,0.25841105,-1.5881419,-1.5675939,-1.0133065,0.05650942,1.8931694,0.6974571,45
-0.9778822,-0.21805032,0.088983744,-0.61566836,2.368844,-0.15066734,1.4256309,0.8426149,-0.710711,-0.3145296,-0.7934493,-0.16233361,-0.60574955,0.010582544,1.1060647,0.6661005,86
-0.7771602,-1.2185729,-0.5295423,-0.81828725,2.3459082,0.624421,0.051570673,1.9682696,-0.9833504,0.81153554,1.0008698,-0.25766155,0.047291905,-0.98799556,-0.497162,-0.71996,79
-0.7235317,-1.2392379,-0.52530324,-0.7470032,2.2327063,0.70134425,0.0051631555,2.020106,-1.0673914,0.8277034,1.0399258,-0.3664075,-0.04076086,-0.9794197,-0.6465804,-0.8387661,79
1.8089924,-3.7648594,1.0855836,0.5429039,-0.98390424,-2.766765,1.4460449,1.9738692,-2.6085832,0.096100986,3.6062458,-3.7023203,1.1200662,0.15472777,1.1914198,-1.1668396,80
-0.77927667,-0.92736495,-0.72223526,-0.88925755,2.1591642,0.8800669,0.15272857,2.0603218,-1.2043338,0.66409487,1.1016904,-0.40585595,0.06435242,-0.6296624,-0.62691104,-1.2749307,79
-1.1888964,-1.940043,0.06325109,-1.0444851,1.6563274,0.22841617,1.9856746,0.7769017,-1.2293941,-0.7719935,-0.76297355,0.14750361,-0.021942548,0.7526094,3.0445166,-0.12774733,86
-0.4300922,-1.0288272,-0.6399036,-0.17713737,2.1474009,0.7659688,0.42767507,1.3476208,-0.032569617,0.08801451,1.6984967,0.1451917,-0.81009805,-1.1880753,0.32276523,0.9303768,105
-0.8775394,-0.15366611,0.028860912,-0.86822635,2.3857784,-0.052605897,1.447055,0.7703483,-0.70739305,-0.3054884,-0.82769895,0.022296876,-0.52625054,0.17553337,1.1563662,0.20754427,86
-1.2256002,-0.49061537,-0.055617675,-0.5665436,2.0209646,0.18893155,1.3262217,0.99103427,-1.0652887,-0.6617927,-0.8803357,0.06771609,-0.041223213,0.067507505,1.4727548,0.3917312,86
-0.3147436,-1.5042461,1.7273109,-0.64500546,1.6905787,-0.63706124,3.2276835,0.28372,-0.16561231,0.56277466,-1.8301237,-2.1147237,-1.8819033,0.32640213,2.214843,0.5708016,45
-0.98964936,-0.14811255,0.060072027,-0.61979836,2.376683,-0.09660117,1.423756,0.8377273,-0.67214036,-0.33005732,-0.8048768,-0.23287563,-0.5807635,-0.017002508,1.0484068,0.636601,86
-0.7510423,-1.2235043,-0.5119961,-0.78591204,2.2960129,0.66604877,0.105919704,1.9550903,-1.0304863,0.74781567,0.96797013,-0.3033438,0.028921507,-0.9387971,-0.4503977,-0.773026,79
-0.64694804,-1.2510445,-0.55494004,-0.6822896,2.20998,0.748116,0.09366743,1.9857048,-1.0810008,0.64541614,1.0656903,-0.34051406,-0.18877438,-0.90172327,-0.52858484,-0.7849586,79
2.1036797,-3.0815787,1.0971869,0.45559853,-0.7278289,-2.4319007,1.0477886,2.1597729,-2.6395938,0.15743452,3.243681,-3.7617784,0.9480415,-0.016902223,0.0742157,-1.8703105,80
-0.79306495,-0.88902676,-0.7049406,-0.8810683,2.2759836,0.79550266,0.061279487,2.2241604,-1.3351915,0.73807085,1.1436915,-0.1808513,0.18573038,-0.6828548,-0.6592273,-1.10531,43
-1.1614232,-1.7865363,0.102496624,-0.98675615,1.6999362,0.29052153,1.9684663,0.768239,-1.1482483,-0.7125676,-0.7874656,0.06977713,-0.091049425,0.6764617,2.8328087,-0.10799465,86
-0.5983746,-0.868495,-0.8423918,-0.4110445,1.9684078,0.8130696,0.0759801,1.3564607,0.011919364,-0.066248834,2.0595088,0.3231869,-0.38591942,-1.1127771,0.36096522,0.8141916,105
-0.9448887,-0.15968218,-0.029768974,-0.8938103,2.4150789,-0.0030097365,1.420672,0.82490635,-0.7030207,-0.3249715,-0.80116,-0.054451063,-0.49607322,0.1492214,1.1239948,0.16840556,86
-1.1343341,-0.104537606,0.030823678,-0.55471224,2.1279225,0.1077528,1.311879,0.90895784,-0.7101605,-0.6115595,-0.79831314,-0.055206344,-0.3679632,-0.018767752,1.1341274,0.5446001,86
-0.20817488,-1.5584366,1.9600534,-0.6035176,1.8563005,-0.6194525,3.6255677,0.38579014,-0.28536314,0.8168309,-2.0975792,-2.1236491,-2.130039,0.31801027,2.3846927,0.6719591,45
-1.0973825,-0.03417036,-0.000758037,-0.6329154,2.4462342,-0.0636639,1.3631316,0.91221106,-0.6773523,-0.35220194,-0.85905457,-0.29157615,-0.5009234,-0.09713703,0.93740594,0.6284915,86
-0.70844626,-1.2123528,-0.50729847,-0.7796166,2.237658,0.72178626,0.16650973,1.9203317,-1.0492258,0.69572693,0.9556083,-0.36151132,-0.04570248,-0.8549496,-0.41792527,-0.8652243,79
-0.5609856,-1.2434742,-0.5274833,-0.65963894,2.2095876,0.74283314,0.15800145,1.9927049,-1.0745692,0.56884396,1.132278,-0.3465709,-0.30738226,-0.8675023,-0.44746092,-0.74023515,79
1.223882,-2.2308297,0.5936529,0.003902197,-0.24266963,-1.8994465,0.56674784,2.2199402,-2.7794023,-0.0076575354,2.375567,-2.3824253,0.800801,0.0181588,0.28361285,-1.9665761,80
-0.80192745,-0.7039226,-0.7177415,-0.85061383,2.371794,0.68632877,-0.10955997,2.3429544,-1.4331961,0.78169435,1.1815276,0.05983904,0.19986223,-0.7720753,-0.7809998,-0.9285578,43
-1.2317438,-1.5259801,0.13659179,-0.9326365,1.7580498,0.24389973,1.8981615,0.8135463,-1.078013,-0.6146721,-0.8253797,-0.011626542,-0.04668931,0.49817616,2.607557,-0.0059642345,86
-0.2686373,-0.07605018,-0.67949724,0.009599924,2.2363467,0.7510518,-0.09006871,1.2302806,0.25578094,0.20294006,2.0765932,0.4250445,-0.36191624,-1.4036584,-0.44016978,1.2950501,105
-0.65031046,-0.017798603,-0.065254346,-0.82367957,2.3273714,0.03557846,1.5577343,0.7125993,-0.5314963,-0.5591826,-0.45575672,-0.014079183,-0.99485785,0.42482466,1.1361941,0.22371101,86
-1.10972,0.25970683,-0.19236651,-0.43719816,2.1708047,0.25008705,1.2146728,0.93386257,-0.71452105,-0.73942494,-0.6307523,0.15396559,-0.29064143,-0.06705436,0.97548455,0.6555453,86
-0.1926581,-1.6714333,2.230473,-0.7440971,1.9060452,-0.8838748,3.870691,0.48023325,-0.35242617,0.963228,-2.184325,-2.0469882,-2.2766957,0.43462598,2.7354662,0.7808805,45
-0.9071478,0.005439788,0.013999075,-0.61626875,2.4748955,-0.07894969,1.6014258,0.8672091,-0.5859747,-0.594254,-0.6707718,-0.21051347,-0.9484132,0.20720308,1.0875229,0.71997714,86
-0.7194607,-1.1329123,-0.4721576,-0.79916,2.1973238,0.74017596,0.25305375,1.8781104,-1.0316278,0.67325044,0.87548226,-0.44208217,-0.08843865,-0.7976327,-0.38021353,-0.9117494,79
-0.48677132,-1.1548067,-0.47711796,-0.6603097,2.2164664,0.6878973,0.2074512,1.9500277,-0.99411845,0.55265665,1.1748862,-0.3498823,-0.45176008,-0.86577463,-0.40669402,-0.6765605,79
1.2687564,-2.3249485,0.51214254,0.17030716,-0.14016603,-1.0387956,0.7937219,2.2538836,-2.6409147,0.3321916,2.545115,-2.1899247,1.0999291,-0.39195418,0.34630686,-2.1284997,43
-0.8214513,-0.629716,-0.78644866,-0.79130924,2.376564,0.6606922,-0.18737137,2.3718808,-1.4639621,0.7720646,1.2076061,0.105457574,0.23739871,-0.83742005,-0.8629768,-0.8337434,43
-1.1785564,-1.051418,0.23605439,-0.8671633,1.8731539,0.13232034,1.8020113,0.8275119,-0.84994483,-0.49487227,-0.8448144,-0.14200073,-0.22419578,0.29542905,2.1665676,0.18820387,86
-0.3848484,-0.114915356,-0.7658746,-0.014250517,2.2089624,0.77193606,0.16143125,1.2227216,0.06440602,0.06979155,1.8076619,0.19818276,-0.2757694,-1.2363318,-0.25317788,1.2388327,105
-0.5696555,0.13352537,-0.1814993,-0.76080257,2.3226569,0.15356645,1.5638969,0.73016465,-0.5638366,-0.64200014,-0.31209624,0.11053428,-1.0019124,0.45166898,1.1254075,0.23713413,86
-0.95412534,0.56704545,-0.34820217,-0.41641325,2.1225924,0.27371755,1.1548793,0.9080745,-0.6923604,-0.7776888,-0.39160848,0.2882212,-0.25917408,-0.066849,0.88169295,0.66936404,86
-0.4368987,-1.4427052,1.9833989,-0.8032867,1.887123,-0.953761,3.636843,0.6079657,-0.5238931,0.64536214,-2.0227952,-1.6753722,-1.9623295,0.5239554,2.85693,0.8006608,86
-0.74909717,0.1545338,-0.124360144,-0.51373994,2.434449,0.13038832,1.628589,0.8521191,-0.6157944,-0.6468065,-0.5522095,-0.18211922,-1.0549812,0.23629017,0.97937405,0.6379989,86
-0.71945095,-1.0452682,-0.41632706,-0.81873727,2.1024115,0.77694213,0.3411864,1.8211832,-0.99801004,0.68140745,0.77282727,-0.6028555,-0.064203404,-0.78389156,-0.3641016,-0.97602874,79
-0.4056709,-0.9856818,-0.40912652,-0.678355,2.1897407,0.6543164,0.2065806,1.8368067,-0.82965016,0.56814075,1.229205,-0.28840357,-0.52451396,-0.8839842,-0.3816974,-0.5840807,79
0.74675244,-2.8147626,0.12357658,-0.30362242,0.16606249,-0.25181124,0.46403947,2.6161845,-2.5528922,0.36925656,3.3369532,-1.4625266,1.3004057,-0.41174018,0.6607213,-2.6938255,43
-0.8740075,-0.6786313,-0.90111166,-0.77634645,2.3831897,0.6890415,-0.25764558,2.3928034,-1.4664661,0.7401615,1.2767994,0.08180484,0.26386112,-0.85960096,-0.9218383,-0.8048636,43
-1.3053782,-0.7073355,0.10775778,-0.77620196,2.0891626,0.14029571,1.684635,1.00879,-0.95353603,-0.5193466,-0.90339863,0.015819818,-0.063697375,0.08478947,1.9604776,0.41808134,86
-0.52290803,-0.22192329,-0.6163764,-0.15271387,2.1741054,0.58188283,0.42039502,1.1915493,-0.0277742,0.03190623,1.3821598,-0.045956463,-0.3342837,-0.9989979,0.009506524,1.2344615,105
-0.3297763,0.00998199,-0.1366966,-0.7782036,2.1841683,0.14949504,1.721856,0.7064975,-0.5855379,-0.62119335,-0.113660514,0.038493663,-1.1024606,0.5792499,1.3221813,0.13644466,86
-0.5822859,0.4406269,-0.20110744,-0.4676518,2.0490372,0.16984853,1.5148904,0.7898408,-0.68176496,-0.6525212,-0.46481234,0.061635315,-0.68541116,0.13163331,1.0376087,0.5581114,86
-0.42550427,-1.4270196,1.6960485,-0.8320882,1.8020536,-0.78872454,3.520704,0.5862568,-0.5790561,0.5183365,-1.8846388,-1.7524889,-1.8885348,0.5731745,2.7279842,0.53802234,86
-0.53107405,0.15458703,-0.14701426,-0.5179731,2.386998,0.16426417,1.8610442,0.83129394,-0.6867981,-0.6655114,-0.5389106,-0.26929164,-1.1634525,0.38308227,1.1206172,0.5489634,86
-0.6888609,-1.05245,-0.36117786,-0.8492395,1.952361,0.8492452,0.41990477,1.7639129,-0.9609301,0.7458455,0.7253034,-0.79659414,-0.026897632,-0.7946946,-0.34646332,-1.1126349,79
-0.38772157,-0.83284926,-0.39633536,-0.6911223,2.1359105,0.69959104,0.15791635,1.7337484,-0.6560544,0.5670783,1.3601216,-0.13398698,-0.3622254,-0.9545056,-0.31542426,-0.4447455,79
-0.033067495,-1.0153023,0.03864477,-0.19859132,1.795341,-0.8234441,0.10931285,2.876693,-1.9168999,0.98398054,2.287131,-1.0076468,0.56389654,-1.4110004,-0.5455197,-0.91070765,43
-0.9381383,-0.7906424,-1.0167797,-0.77450603,2.3937068,0.7444886,-0.29715094,2.4117815,-1.4594306,0.6943708,1.342545,0.00818193,0.2939845,-0.870345,-0.94793665,-0.79370826,43
-1.304677,-0.39680856,0.083473265,-0.75112796,2.15965,0.055532604,1.5825392,1.1277615,-0.9596542,-0.40308768,-0.7510836,0.15013891,0.12789926,-0.10882418,1.8306985,0.590884,86
-0.43669084,-0.5161419,-0.21313167,-0.3397248,1.9432594,0.21841535,0.569166,1.1219131,-0.0025768578,0.04703545,1.1976373,-0.31666708,-0.6085772,-0.7382511,0.342924,1.1412232,105
-0.23928747,-0.35764733,0.2571091,-0.8347168,2.0925543,-0.04571995,2.2507412,0.6120853,-0.6558912,-0.46511716,-0.6586543,-0.3392079,-1.4261773,0.7573399,1.750552,0.10608441,86
-0.23016824,0.03840071,0.36490002,-0.5420189,1.8831086,-0.060762182,2.1008856,0.61964595,-0.55167246,-0.19690327,-0.9117142,-0.57418716,-1.1577885,0.16854195,1.3058087,0.489842,86
-0.50681347,-1.3986083,1.5839407,-0.7412531,1.8238112,-0.78708667,3.2947462,0.7562739,-0.7693894,0.3207612,-1.8404853,-1.673955,-1.8720733,0.54275805,2.559132,0.49273896,86
-0.22351675,-0.23851357,0.49552223,-0.68736035,2.1265867,-0.19420362,2.4834027,0.6455753,-0.58923626,-0.18433739,-1.0157859,-0.8359436,-1.6023903,0.49565363,1.5523727,0.4355051,86
-0.59535813,-0.8718718,-0.30506065,-0.8509138,1.8999835,0.865468,0.46940607,1.7215514,-0.8509828,0.85782284,0.69868374,-0.92638826,-0.16621211,-0.89847976,-0.51406926,-1.2137351,79
-0.3199051,-0.80641794,-0.58101296,-0.5769862,2.080697,0.9980346,0.15570164,1.6051751,-0.6055306,0.4101647,1.4579221,-0.08379312,-0.27131084,-0.93884194,-0.33156154,-0.4972262,43
-0.091153465,-1.0368402,-0.23985979,-0.22249427,1.7368044,-0.6670028,0.10377149,2.7594213,-1.8734014,1.0263338,2.316467,-0.96506155,0.59473336,-1.5261533,-0.49581394,-1.0744051,43
-0.9615179,-0.88463783,-1.08564,-0.78659165,2.3801708,0.7551379,-0.31699872,2.4089584,-1.4272478,0.69553363,1.4110694,-0.056276917,0.29823202,-0.8882054,-0.9549519,-0.7757768,43
-1.3996763,-0.01148656,0.09059088,-0.80889595,2.2074053,-0.2240367,1.4602652,1.2079555,-0.88023376,-0.21339385,-0.5943047,0.24917641,0.44638646,-0.30086166,1.7350615,0.84573895,86
-0.4305575,-0.46162817,-0.08714983,-0.36972278,1.9773586,0.14613238,0.51581603,1.1624362,0.0054121315,0.07487129,1.0714884,-0.38505128,-0.7799177,-0.7907003,0.27679408,1.078836,105
-0.26106346,-0.3186785,0.43253618,-0.76842976,2.1021576,-0.19006607,2.4885418,0.6474438,-0.7871257,-0.41094792,-1.009013,-0.50845575,-1.4730504,0.6966311,1.8901292,0.1910302,86
-0.18092431,-0.17931575,0.65309,-0.5686191,1.9674948,-0.3104285,2.4588094,0.6149116,-0.5581443,0.009972081,-1.301282,-0.9931747,-1.5708108,0.21163969,1.4520166,0.5161012,86
-0.57419884,-1.3238686,1.2960415,-0.61785233,1.9005418,-0.756949,2.9402068,0.98173547,-1.0133358,0.011091821,-1.6614443,-1.5668703,-1.8590463,0.4885431,2.1929243,0.51336205,86
-0.13830517,-0.15233725,0.74564356,-0.7352655,2.0853107,-0.32983375,2.6872663,0.6371949,-0.5869563,0.006972395,-1.2996231,-0.9590781,-1.6800739,0.4121291,1.6463177,0.43831277,86
-0.59043634,-0.8913193,-0.48187405,-0.7974205,1.8195227,0.98026717,0.3980581,1.7308241,-0.93587863,0.81768566,0.8845796,-0.7696253,-0.15948877,-0.84122866,-0.5218195,-1.3166456,79
-0.42974514,-0.8835715,-0.67431915,-0.59305656,2.1232808,0.991325,0.13816413,1.6191093,-0.6424221,0.29225448,1.4563028,-0.056379527,-0.15813404,-0.8622294,-0.23321572,-0.48370984,43
-0.2666687,-1.165681,-0.27071133,-0.27959445,1.6688488,-0.78144276,0.10530933,2.9053016,-2.0055728,0.9816031,2.3906689,-1.1474627,0.49155995,-1.5493969,-0.40043965,-1.2223728,43
-0.96425825,-0.94809043,-1.1355791,-0.82353455,2.3746212,0.7276647,-0.3347605,2.3821201,-1.3570358,0.72722995,1.4821045,-0.11985648,0.26283944,-0.90072334,-0.968297,-0.77711254,43
-0.92808694,0.30116197,0.24450535,-0.44970363,2.2026803,-0.13327065,1.6813453,1.2773815,-0.8877946,0.033469647,-0.6099173,-0.015642762,0.07646701,-0.5576351,1.2894801,0.87339884,86
-0.5057576,-0.51146096,0.12999398,-0.28013265,1.9135059,0.11987397,0.56323755,1.1854227,-0.19583954,-0.10697088,0.6589237,-0.5126373,-0.75330585,-0.7351713,0.39277837,1.082408,105
-0.38672924,-0.5003769,0.32900795,-0.7937334,2.0272472,-0.31326398,2.5049314,0.6719483,-1.0081367,-0.5386033,-0.9775437,-0.4627878,-1.3727758,0.820993,2.1519518,0.072588384,86
-0.46383956,-0.22289401,0.5268992,-0.72146213,1.9911505,-0.51185787,2.4382951,0.6363882,-0.7522559,-0.17003337,-1.3308414,-0.7995088,-1.3767632,0.35804182,1.7754292,0.44890618,86
-0.5160496,-1.2743161,1.1628661,-0.5410058,1.8878107,-0.74508274,2.6666584,1.1509534,-1.16615,-0.1636734,-1.4514803,-1.5560527,-1.9062575,0.44447863,1.8651472,0.4375676,86
-0.36743757,-0.11361264,0.7648087,-0.8089054,2.1403356,-0.5336286,2.703119,0.66306984,-0.7428129,-0.07082771,-1.5166398,-0.82253575,-1.5452961,0.4688133,1.8521906,0.4665693,86
-0.7113273,-1.0267965,-0.662139,-0.8276248,1.8093556,1.0439739,0.29777822,1.8029594,-1.1022245,0.6503482,1.0823348,-0.45010787,-0.022480413,-0.6669367,-0.3351679,-1.3708229,79
-0.45734248,-0.66885704,-0.6695274,-0.4485497,2.2353952,0.8375132,0.11456017,1.7551439,-0.7551259,0.2076016,1.304639,-0.15116474,-0.05458472,-0.9566816,-0.38796994,-0.22216725,43
-0.2774706,-1.3621917,-0.40023613,-0.3131876,1.6235485,-0.7534102,0.20625012,2.8446245,-2.0531898,0.85622233,2.458609,-1.0074322,0.19404656,-1.3580215,-0.072952144,-1.2508154,43
-0.9556587,-0.98379827,-1.162916,-0.87213165,2.38065,0.67126095,-0.34698004,2.353617,-1.2893593,0.76157725,1.5300771,-0.17560443,0.21633646,-0.90531963,-0.9775723,-0.7862395,43
-1.0867977,0.4284115,0.30391502,-0.47771436,2.276976,-0.30372247,1.7427461,1.2736843,-0.7987195,0.26220185,-0.77032375,-0.09054124,0.028797336,-0.7104321,1.2754277,0.9692268,45
-0.56746393,-0.6519403,0.17707999,-0.18990418,1.8077735,0.14050102,0.6145817,1.1697952,-0.35076666,-0.1956072,0.37246907,-0.7362721,-0.6380536,-0.7232754,0.41940066,1.0609126,105
-0.4271543,-0.6895295,0.34586853,-0.8079771,1.9742401,-0.31741658,2.4910107,0.72572803,-1.1236366,-0.59984505,-0.9922477,-0.46861067,-1.3932838,0.8388841,2.2743328,-5.1155686e-05,86
-0.65018517,-0.24745753,0.4861633,-0.86113983,2.0460858,-0.65561795,2.3790216,0.73401433,-0.92609525,-0.28622866,-1.3468211,-0.56333125,-1.2871555,0.4284016,1.9894893,0.41542304,86
-0.47028154,-1.2115725,1.1695027,-0.46786347,1.8126092,-0.7895951,2.4883072,1.2467006,-1.2651889,-0.25643504,-1.3307141,-1.4913945,-1.9232758,0.39413118,1.7070962,0.4086874,86
-0.55814767,-0.17261744,0.78948146,-0.86836445,2.2189004,-0.6776767,2.659298,0.77167916,-0.90923345,-0.16194631,-1.6309562,-0.7184957,-1.4767888,0.48267388,1.9806675,0.48917943,86
-0.73371327,-0.9564754,-0.7248056,-0.7832884,1.9311104,0.98491275,0.19265355,2.0162435,-1.3047276,0.5651244,1.1883497,-0.23077126,0.0917996,-0.63833433,-0.38053825,-1.1850426,79
-0.5168827,-0.9175546,-0.8391413,-0.48354596,2.24008,0.9080025,0.03231712,1.8716164,-0.97383237,0.0022589192,1.4091953,0.007502526,-0.030520707,-0.74789906,-0.2620344,-0.3174897,43
-0.20577255,-1.7897449,-0.28222814,-0.24166903,1.5493716,-0.8359928,0.45116496,3.002648,-2.197194,0.7126119,2.5959632,-1.5213937,0.29088482,-1.3643625,0.13977452,-1.389997,43
-0.93508744,-1.0200853,-1.1489792,-0.9081084,2.3763561,0.5934386,-0.35346532,2.3171215,-1.223165,0.8064907,1.5606362,-0.2321349,0.15855947,-0.9153477,-0.9867532,-0.7958784,43
-1.0974721,0.4010773,0.3061151,-0.52354234,2.2488158,-0.38299352,1.8101215,1.068541,-0.684453,0.3523097,-1.0529351,-0.24996696,-0.09241187,-0.63427293,1.212507,0.8476282,45
-0.56639814,-0.87708116,0.106502816,-0.14923471,1.6812309,0.1752362,0.66655654,1.0633193,-0.3480679,-0.2558235,0.33312875,-1.0109806,-0.677027,-0.6312973,0.43183643,0.9889882,105
-0.3675145,-0.84611773,0.34666464,-0.78687406,1.8820024,-0.26691142,2.4367778,0.810063,-1.2556041,-0.6739516,-0.9262029,-0.52286106,-1.4964794,0.8593631,2.242912,-0.14420213,86
-0.70579123,-0.32390857,0.47464013,-0.881343,2.099892,-0.6573341,2.3577821,0.8423543,-1.0836028,-0.37843668,-1.409596,-0.53360766,-1.3662157,0.47492933,2.0055785,0.34863877,86
-0.4521249,-1.0796888,1.215559,-0.43658158,1.7134298,-0.9202446,2.369513,1.2368519,-1.2835727,-0.27330613,-1.2851948,-1.3938004,-1.9077294,0.3565014,1.6532446,0.42922205,86
-0.558757,-0.1900417,0.819568,-0.83192086,2.229583,-0.6896052,2.6121187,0.8793417,-1.0364733,-0.2005619,-1.6809384,-0.7571095,-1.5834676,0.46539772,1.8496398,0.455217,86
-0.72019553,-0.9463073,-0.7281772,-0.7610745,2.0015917,0.89596355,0.06785153,2.1976397,-1.4120446,0.67100537,1.2747524,-0.18853858,0.11934349,-0.70193696,-0.56562364,-1.0543766,43
-0.5555003,-1.1278546,-0.9426959,-0.516864,2.2696111,0.9095818,-0.07397558,1.9661535,-1.0688412,-0.05069159,1.5791553,0.15616485,-0.14098853,-0.665399,-0.20579734,-0.34415525,43
-0.3028487,-1.4688711,-0.4868487,-0.3580714,1.5657582,-0.6696639,0.45969832,2.6332455,-1.9757303,0.6122182,2.2394364,-1.2686741,0.09490968,-1.1959043,0.17741284,-1.3186638,43
-0.9113868,-1.0588932,-1.1256475,-0.9356172,2.3762233,0.5250679,-0.3530114,2.2746494,-1.1577035,0.84993887,1.582427,-0.27774173,0.09430029,-0.9236991,-0.98913765,-0.8087295,43
-0.9933488,0.45693657,0.23725364,-0.5637014,2.1628857,-0.3552702,1.7932252,0.95445514,-0.6466843,0.35074544,-1.032285,-0.16277641,-0.050002642,-0.60650486,1.2175936,0.7497922,45
-0.5439786,-1.0363201,0.088790774,-0.23134135,1.620786,0.10304645,0.80847204,0.9646877,-0.38415352,-0.34516692,0.31044915,-1.1377335,-0.7240197,-0.41722327,0.656236,0.86783665,105
-0.37961057,-1.1483642,0.300746,-0.7819694,1.7359786,-0.21845488,2.4096782,0.8707886,-1.4139926,-0.7731845,-0.8201252,-0.5337571,-1.5498397,0.9359234,2.3594584,-0.30561078,86
-0.80061287,-0.59565556,0.42483443,-0.89845175,2.0432239,-0.62684596,2.3285253,0.9572965,-1.2932361,-0.5407606,-1.3481029,-0.45108104,-1.3970125,0.590182,2.180066,0.22151062,86
-0.56621915,-0.87785375,1.1399791,-0.43609458,1.6649829,-1.1089858,2.2080128,1.152718,-1.2369162,-0.3229136,-1.2555625,-1.2493296,-1.8223459,0.3374189,1.6019648,0.51289356,86
-0.54098904,-0.29255348,0.89012235,-0.8246434,2.151642,-0.7309158,2.574805,0.94289684,-1.1291404,-0.2068669,-1.6772182,-0.81352496,-1.7252783,0.50974774,1.7827072,0.34292465,86
-0.7574882,-0.86730456,-0.7229829,-0.7132261,2.087404,0.79562914,-0.090570316,2.35917,-1.4834032,0.7796371,1.3278627,-0.15802842,0.10599287,-0.82819635,-0.7874312,-0.9149411,43
-0.5829701,-1.1785637,-0.9068294,-0.53734815,2.3145413,0.7427372,-0.10335037,2.0323086,-1.0507963,0.07503751,1.6202819,0.14132282,-0.2944231,-0.7056085,-0.26592806,-0.25893688,43
-0.27570954,-1.2620803,-0.5650274,-0.36413693,1.4761217,-0.6390882,0.56075305,2.4184725,-1.9146436,0.52361387,1.9924082,-1.2874541,-0.024049543,-1.1227391,0.22416943,-1.3241441,43
-0.8654056,-1.1043289,-1.0794101,-0.9228116,2.3880928,0.4809383,-0.3466061,2.2408135,-1.131189,0.8658973,1.5821613,-0.2950503,0.039825357,-0.9429354,-0.98566437,-0.80837035,43
-0.75502735,0.44427136,0.33856624,-0.5914004,2.186926,-0.34723574,1.6408504,1.1261033,-0.674466,0.46180606,-0.83200645,-0.12437576,-0.14052644,-0.7898342,1.002017,0.71130973,86
-0.55987227,-1.0208827,0.059797138,-0.34187067,1.5846844,0.045752734,0.9666157,0.8705723,-0.39121026,-0.30957067,0.22598971,-1.1958882,-0.6794233,-0.33816352,0.8057024,0.7780056,105
-0.39326426,-1.5740784,0.2823684,-0.8258407,1.550874,-0.09153129,2.467664,0.8378737,-1.4985126,-0.85706526,-0.75160646,-0.5472778,-1.6220422,1.0763092,2.6392267,-0.55361164,86
-0.88498086,-1.0745581,0.42578837,-0.96036845,1.9203402,-0.5261808,2.3745246,1.0057127,-1.4626253,-0.7030051,-1.2571899,-0.35731405,-1.3934015,0.78640676,2.5642424,-0.013750121,86
-0.69605434,-0.6228196,1.0330188,-0.4930483,1.6948333,-1.3165356,2.0374842,1.0374732,-1.1647837,-0.4014911,-1.2233604,-1.0287682,-1.7292798,0.36398864,1.5727247,0.57920575,86
-0.5144452,-0.49646258,1.0078914,-0.83203703,2.063755,-0.7249441,2.5848312,0.9462862,-1.1554936,-0.19848038,-1.6949689,-0.877619,-1.8382128,0.57385296,1.8318156,0.18598709,86
-0.8236025,-0.9027991,-0.8192712,-0.6958193,2.127222,0.76167417,-0.18687148,2.4191935,-1.4969563,0.7941526,1.4268497,-0.13190933,0.13515045,-0.86538357,-0.86191434,-0.8669773,43
-0.6075922,-1.0509377,-0.8188255,-0.5444395,2.3849108,0.53359544,-0.13167827,2.1099267,-0.9853308,0.28095227,1.5672816,0.012959868,-0.41731396,-0.8473528,-0.47397128,-0.114807606,43
-0.141155,-1.4031408,-0.39977986,-0.21955301,1.4278965,-0.6474623,0.756486,2.498594,-2.0092452,0.4489891,1.8735198,-1.7603624,0.020127062,-1.2557585,0.20417078,-1.3427465,79
-0.8146439,-1.1607037,-1.0280893,-0.88401616,2.3874977,0.47217402,-0.32921794,2.214732,-1.1378511,0.8762449,1.5515653,-0.31851548,0.001994215,-0.9770546,-0.98169184,-0.8185782,43
-0.65866566,0.2340444,0.3978808,-0.58179784,2.1682837,-0.37072423,1.6051513,1.1798083,-0.69975424,0.4896738,-0.72013915,-0.16000372,-0.2211636,-0.78518087,0.9721381,0.6554177,86
-0.38209864,-1.6671426,0.6842521,-0.6074634,1.4586097,-0.6332155,1.776871,0.53996146,-0.092181206,-0.03604812,0.082128614,-1.6153773,-1.6115437,0.17830129,1.569957,1.1086373,105
-0.3954388,-1.9141178,0.1831846,-0.89461994,1.3687714,0.02892825,2.4761925,0.7516928,-1.5332882,-0.95104426,-0.60640687,-0.5053729,-1.6651057,1.2334996,2.9086435,-0.8128456,86
-0.90221804,-1.5063862,0.37672302,-1.0088142,1.7389548,-0.38545468,2.3719292,0.991096,-1.562644,-0.8562891,-1.0742457,-0.2978833,-1.3658406,0.97334033,2.8665802,-0.27607217,86
-0.78773326,-0.429797,0.9361757,-0.5550669,1.7240047,-1.4696501,1.8995931,0.93305385,-1.0892284,-0.43305355,-1.1749672,-0.85797894,-1.647303,0.3631224,1.5481505,0.6052875,86
-0.4783988,-0.65346295,1.0686556,-0.83338964,1.9096165,-0.72660106,2.5526664,0.8723656,-1.1334084,-0.1702163,-1.6654884,-0.8749529,-1.888378,0.62010294,1.907271,0.057532668,86
-0.91883117,-0.9950801,-0.9606431,-0.72017795,2.1744845,0.7586502,-0.28105026,2.4701014,-1.4935824,0.80922145,1.5494493,-0.11963886,0.19206268,-0.8808882,-0.9158306,-0.85658824,43
-0.61847925,-0.85075617,-0.73385054,-0.53504133,2.4516313,0.36264703,-0.13165511,2.1448731,-0.8762878,0.47414678,1.4573032,-0.19541523,-0.4963409,-1.0079551,-0.7253849,0.018835321,43
-0.0021542758,-1.3880662,-0.33937854,-0.19931695,1.3500907,-0.6259448,0.8578162,2.3657637,-1.9448017,0.4448995,1.7364064,-1.9292595,-0.19453096,-1.2387929,0.199247,-1.3965974,79
-0.7959302,-1.2344267,-0.98855776,-0.8599451,2.3775787,0.47901037,-0.28789124,2.18422,-1.157511,0.8682908,1.476903,-0.3750655,-0.03444265,-0.98591906,-0.9485619,-0.86376894,43
-0.61660755,-0.014973342,0.3284862,-0.5699915,2.1688588,-0.28354347,1.5835568,1.1731833,-0.66528344,0.48402423,-0.5582262,-0.2579163,-0.23740155,-0.7769555,0.94476825,0.56450623,86
-0.16106229,-2.2356846,1.5279989,-0.9595002,1.4244833,-1.4305003,2.7641957,0.27129373,0.054952353,0.29590294,-0.18915889,-1.8752663,-2.2502778,0.83867425,2.6155736,1.4555581,105
-0.45507023,-2.1088786,0.049197286,-0.9173565,1.2603194,0.08896974,2.4368703,0.708025,-1.561218,-1.0374533,-0.45560312,-0.46412122,-1.6104797,1.2969853,3.0647852,-0.9247902,86
-0.8991408,-1.7355853,0.3027067,-0.9859798,1.5768567,-0.30757788,2.32494,0.9637649,-1.6179428,-0.9507205,-0.8881866,-0.26138112,-1.2871852,1.0504614,2.998121,-0.3773286,86
-0.84844583,-0.31180024,0.8110546,-0.57348555,1.7431401,-1.5218389,1.7958876,0.85247827,-1.0215633,-0.43183142,-1.1125582,-0.7664415,-1.57996,0.31315595,1.4998289,0.6297297,86
-0.4665041,-0.72609264,0.9579713,-0.8170451,1.777797,-0.72364813,2.4068785,0.81544423,-1.1145713,-0.21067049,-1.4904134,-0.85669994,-1.882899,0.64242077,1.8660656,-0.039046988,86
-0.9940603,-1.0775951,-1.0841482,-0.7451906,2.2374806,0.75188816,-0.36639193,2.5162926,-1.4826356,0.815415,1.6530542,-0.12076859,0.23843205,-0.90837544,-0.9707376,-0.837117,43
-0.60623986,-0.6673008,-0.64151603,-0.52626896,2.5134592,0.20440683,-0.10655868,2.1398454,-0.7570617,0.6488467,1.3219415,-0.41400024,-0.60651773,-1.131248,-0.95368016,0.12861395,43
0.15522292,-1.4573712,-0.19105148,-0.23954746,1.3046569,-0.69495845,0.99541414,2.3250544,-1.9353566,0.40382868,1.6251925,-2.2016675,-0.36877018,-1.1512258,0.24573112,-1.5054455,79
-0.77434194,-1.2845945,-0.9369194,-0.8560251,2.3751748,0.46407738,-0.22255182,2.1315145,-1.1872393,0.83971,1.3544532,-0.41557568,-0.10999828,-0.9453697,-0.8771413,-0.9311475,43
-0.60813457,-0.18434809,0.22210275,-0.5895949,2.1583161,-0.20624949,1.5692458,1.1421442,-0.6700096,0.38145566,-0.4508075,-0.31448692,-0.25221738,-0.6823359,0.9719083,0.472265,86
0.1376668,-2.4439027,2.077074,-1.2331413,1.2939217,-1.9761206,3.493961,0.106005356,0.080074236,0.6632314,-0.44013476,-2.069522,-2.8806977,1.1447893,3.2944398,1.5035839,105
-0.54649764,-2.1402965,-0.048962906,-0.9458862,1.2360293,0.047115237,2.3757906,0.6766008,-1.5712076,-1.1123681,-0.379377,-0.38408306,-1.5373592,1.3403021,3.1369798,-0.9218731,86
-0.8649144,-1.8067961,0.26681536,-0.9295331,1.467263,-0.29808012,2.2750728,0.9265152,-1.619546,-0.95700496,-0.76664317,-0.29745477,-1.2355915,1.038103,2.9803789,-0.38606066,86
-0.8596061,-0.2600869,0.7324923,-0.5481075,1.7474868,-1.4804679,1.7379277,0.7821708,-0.9357724,-0.40319973,-1.0983334,-0.75171167,-1.5539653,0.23173307,1.4198132,0.6272886,86
-0.5172265,-0.76169217,0.82024455,-0.79615223,1.6845316,-0.74012136,2.261775,0.79557824,-1.098863,-0.25263172,-1.2969283,-0.8365041,-1.791193,0.60122854,1.8271233,-0.056564003,86
-1.0307292,-1.1107314,-1.1597505,-0.76166856,2.29418,0.71202016,-0.4214734,2.5211334,-1.456841,0.8124801,1.7065454,-0.11659703,0.25744382,-0.9298243,-1.0065886,-0.8008926,43
-0.55634356,-0.49735838,-0.5431673,-0.5140112,2.5401356,0.05651927,-0.04764561,2.0840728,-0.6694646,0.7849663,1.1348723,-0.60555685,-0.7144182,-1.2327524,-1.1189688,0.19798502,43
0.08690122,-1.1419935,-0.1720722,-0.36318722,1.2581825,-0.30001906,1.1246101,1.8511734,-1.6225129,0.35926956,1.034307,-1.8649226,-0.6762777,-0.96201956,0.43419647,-1.4355233,79
-0.7335349,-1.359441,-0.86095876,-0.8526028,2.35377,0.45953092,-0.116753116,2.0608072,-1.1844461,0.8473685,1.2359204,-0.47479838,-0.23188633,-0.9007021,-0.77947074,-0.9901151,79
-0.61921686,-0.31481245,0.1221036,-0.58955604,2.0809968,-0.15822041,1.5443302,1.0958097,-0.7021893,0.24789649,-0.3799249,-0.38709122,-0.28153577,-0.57391196,1.0119575,0.38551992,86
0.14115301,-2.172417,2.3360133,-1.4280412,1.244145,-2.188639,3.698553,0.122173935,0.136552,0.92045885,-0.6933969,-2.0471065,-3.0259438,1.0875717,3.454935,1.426091,105
-0.6292546,-2.098111,-0.1327757,-0.98424625,1.2490079,-0.056155786,2.339556,0.6159103,-1.5604569,-1.1793455,-0.35428423,-0.29406968,-1.4842576,1.4009838,3.2043886,-0.8776322,86
-0.83187675,-1.805785,0.21337281,-0.8784068,1.3898603,-0.30768198,2.2324994,0.8645463,-1.6007458,-0.95411235,-0.68794197,-0.32692188,-1.2050266,1.0216062,2.9334528,-0.3683964,86
-0.8918719,-0.28237677,0.6149462,-0.49550134,1.7699231,-1.359378,1.6171687,0.7827908,-0.8568176,-0.37583768,-1.0103874,-0.7664564,-1.4807813,0.050124407,1.3026019,0.6576456,86
-0.5629412,-0.74298793,0.7121305,-0.80406815,1.627122,-0.78879964,2.147127,0.7573657,-1.0816525,-0.30315292,-1.1547066,-0.77228487,-1.6964272,0.5944366,1.8290814,-0.057727374,86
-1.0464675,-1.1352676,-1.2058778,-0.7763965,2.3346052,0.64865065,-0.45518273,2.479237,-1.4096587,0.80203056,1.7354802,-0.114916265,0.23312795,-0.933916,-1.0200987,-0.773692,43
-0.4651992,-0.49057078,-0.32509854,-0.38823503,2.585248,0.010655522,0.101083934,1.9709821,-0.4350617,0.8734678,1.0984619,-0.6022991,-1.0147156,-1.3487676,-1.0607572,0.4871701,43
0.008390836,-0.92574656,0.008638248,-0.4918972,1.3469585,0.33488724,1.2579271,1.3153213,-1.1006441,0.64231,0.4336669,-1.1309581,-0.8643717,-0.88647777,0.6304502,-1.225441,36
-0.6146482,-1.3969715,-0.7141131,-0.7869171,2.3356123,0.44751266,0.0006787963,2.021265,-1.1475741,0.88564134,1.1781032,-0.47215027,-0.41197723,-0.93410736,-0.67899,-0.9175694,79
-0.62395746,-0.43607146,0.013931081,-0.59571856,2.007777,-0.12576774,1.5292948,1.008329,-0.7140008,0.13143486,-0.333709,-0.4302312,-0.3170971,-0.46052814,1.0705506,0.31094152,86
0.030265987,-1.6715518,2.1858487,-1.3981286,1.2522148,-1.9706128,3.5205362,0.34132272,-0.19955915,0.88971835,-1.0212532,-1.790694,-2.41188,0.71778226,3.3562193,1.1580012,105
-0.6889401,-2.070344,-0.17903462,-1.0014658,1.2954327,-0.135047,2.3523588,0.5676807,-1.5482547,-1.239358,-0.35792089,-0.24090585,-1.4505447,1.4402485,3.271029,-0.8428923,86
-0.82889014,-1.8198003,0.12880874,-0.8547783,1.334182,-0.31449178,2.2082613,0.7814731,-1.5553073,-0.9480545,-0.63091266,-0.35531998,-1.18064,1.0080541,2.910199,-0.36187577,86
-0.85568047,-0.4032966,0.5017829,-0.44349748,1.7303143,-1.1484823,1.534102,0.7721802,-0.7748951,-0.31905872,-0.8818463,-0.81977165,-1.3671598,-0.13150592,1.2185059,0.6427776,86
-0.6219372,-0.7195841,0.59335375,-0.832811,1.6227334,-0.82657623,2.0834672,0.6993668,-1.0562792,-0.37355334,-1.0646993,-0.7186851,-1.5912094,0.61713475,1.8663788,-0.056216262,86
-1.0265796,-1.1630614,-1.2209096,-0.77103925,2.355067,0.60453916,-0.46250004,2.4196146,-1.3649803,0.79193467,1.7409917,-0.11481781,0.20818973,-0.9549212,-1.013002,-0.74515694,43
-0.33298466,-0.5863503,-0.13854265,-0.296,2.5536196,0.020359844,0.27024698,1.8249458,-0.13421759,0.91154283,1.2399144,-0.60504335,-1.2847598,-1.4681323,-0.8491029,0.7752327,105
0.47143102,-1.8834622,0.5612427,-0.22794496,1.5238092,-0.25460982,1.3238804,2.22613,-1.7132213,0.7427158,1.1397648,-2.2085416,-0.9424655,-0.9751104,0.22124934,-1.6493566,36
-0.5360788,-1.4455814,-0.6350748,-0.84990203,2.277435,0.3781909,0.00028166547,2.014408,-1.1290789,0.8881137,1.2277434,-0.47640058,-0.57849675,-0.85905385,-0.6092559,-0.9795828,79
-0.65202135,-0.59310234,-0.12170115,-0.5867329,1.9467466,-0.054290682,1.5350989,0.91991496,-0.74051297,-0.023234136,-0.30009764,-0.45792365,-0.32098353,-0.3551451,1.1707181,0.24251175,86
-0.2889949,-1.3081708,2.1218255,-1.4359434,1.4407017,-2.1238515,3.425382,0.5798062,-0.45944536,0.81497157,-1.4969237,-1.6085404,-2.1285148,0.49646562,3.3095484,1.2298739,86
-0.7487028,-2.078932,-0.23294875,-1.0298367,1.3170742,-0.19626623,2.385673,0.5055561,-1.5308675,-1.2768831,-0.36884803,-0.18575647,-1.4618695,1.4862373,3.3698862,-0.8447565,86
-0.83027667,-1.7381784,0.106041476,-0.87705594,1.3504688,-0.40758374,2.1755347,0.75636876,-1.5015696,-0.9073907,-0.5966438,-0.3882858,-1.1993135,0.9550162,2.8566735,-0.34981492,86
-0.68997777,-0.628161,0.44495964,-0.41290826,1.6804632,-0.91702795,1.615141,0.70330596,-0.70603573,-0.22741307,-0.7756678,-0.87470603,-1.2918813,-0.20154943,1.274888,0.5634854,86
-0.6736781,-0.7296502,0.49687356,-0.84249395,1.6362839,-0.8759366,2.0781941,0.61703646,-1.0098364,-0.4062258,-1.016549,-0.6896846,-1.5397779,0.6240984,1.9251431,-0.035115406,86
-0.97990566,-1.2332915,-1.2175672,-0.74012065,2.3481734,0.581247,-0.469837,2.3662624,-1.3315408,0.80113435,1.7692325,-0.11898534,0.17452821,-0.99816734,-1.0060341,-0.7191011,43
-0.16495436,-0.69282186,-0.059406146,-0.21310563,2.4212396,0.12771663,0.41405421,1.607004,0.09998727,0.9028066,1.3942207,-0.513199,-1.410406,-1.5176444,-0.5946416,0.8998999,105
0.31617883,-2.1326966,0.44216186,-0.21734056,1.5455338,-0.16643731,1.109929,2.3157122,-1.8225235,0.61117864,1.268145,-2.034902,-0.7634816,-0.954561,0.25782946,-1.7467928,36
-0.4517214,-1.668669,-0.73675835,-0.76773155,2.267253,0.7312087,-0.024739053,2.0058334,-1.1439571,0.8072549,1.439544,-0.23322347,-0.40994084,-0.87106335,-0.49454156,-0.9724558,79
-0.65619564,-0.665739,-0.20983684,-0.57442266,1.9150001,-0.05508712,1.5612081,0.8611852,-0.71833503,-0.07586722,-0.27028668,-0.5255184,-0.3702288,-0.3408994,1.2114006,0.22713381,86
-0.65948564,-1.0731298,1.9943566,-1.4079492,1.7957442,-2.3001742,3.2566948,0.7826274,-0.59473383,0.6494933,-1.8458598,-1.4362715,-1.9659249,0.43861943,3.0406497,1.482326,86
-0.78879154,-2.0382648,-0.24316397,-1.0265234,1.3397483,-0.25185695,2.3963583,0.44943595,-1.4921333,-1.2515545,-0.39268655,-0.14788257,-1.4391098,1.4597093,3.3999107,-0.8179577,86
-0.83451957,-1.6351589,0.09205964,-0.88155115,1.4180841,-0.47207597,2.1542993,0.701368,-1.4078331,-0.86929494,-0.61150044,-0.41746408,-1.1959025,0.9022706,2.7667375,-0.31379277,86
-0.5826968,-0.7722095,0.33001992,-0.41354573,1.7063423,-0.7856911,1.7221849,0.6537074,-0.73636377,-0.2125517,-0.7790108,-0.89353657,-1.1861434,-0.16904792,1.3744391,0.5019056,86
-0.7096014,-0.64946526,0.47413686,-0.86748767,1.7026953,-0.9858264,2.0824099,0.56035745,-0.95541716,-0.40000463,-1.0318013,-0.6432692,-1.55162,0.6091419,1.9610915,0.017796695,86
-0.9239464,-1.3146183,-1.2070525,-0.71695197,2.3246725,0.58528745,-0.47982794,2.3204505,-1.3019263,0.80900335,1.804588,-0.13617219,0.14946726,-1.0356821,-0.9998672,-0.72923464,43
-0.10622086,-0.831306,-0.029889837,-0.15770301,2.2870762,0.23635855,0.50287324,1.4663914,0.24330708,0.87005347,1.5272609,-0.48741734,-1.4496316,-1.5390794,-0.37363982,0.9608131,105
0.28947976,-1.8317602,0.31714344,-0.24169391,1.5194725,0.10565978,0.84373695,2.0961382,-1.6270372,0.61767626,1.2010121,-1.3805422,-0.7862039,-0.95910335,0.18094859,-1.6366241,36
-0.4357541,-1.7658789,-0.9737527,-0.73905003,2.1564457,0.995144,-0.12928091,1.8730316,-1.1562403,0.51320386,1.6059295,0.068412185,-0.25995547,-0.75086975,-0.33511826,-1.0972042,43
-0.6438148,-0.69979715,-0.25846252,-0.54538333,1.907994,-0.063365385,1.5661865,0.7903758,-0.6488191,-0.07019532,-0.22733158,-0.5430752,-0.40400907,-0.35706156,1.2096525,0.2605875,86
-0.8200404,-1.0115082,1.9403543,-1.3925946,1.9125936,-2.3687007,3.1283598,0.90656674,-0.7155869,0.49362814,-1.8362339,-1.2331434,-1.7286606,0.49752057,2.977945,1.6400247,86
-0.8074274,-2.0030074,-0.20830971,-1.0233053,1.3552978,-0.3023302,2.40836,0.41507423,-1.4632937,-1.2031024,-0.43385077,-0.10625011,-1.3968353,1.4157919,3.4223347,-0.7937587,86
-0.830418,-1.4863523,0.10834484,-0.89195377,1.48831,-0.56737363,2.1280742,0.62632895,-1.3022618,-0.80899566,-0.6572462,-0.40057468,-1.2086403,0.85666853,2.669313,-0.2747249,86
-0.6945978,-0.65632427,0.14962202,-0.46010458,1.7236863,-0.8078575,1.5728503,0.7251464,-0.8347342,-0.2886607,-0.78992295,-0.9622822,-1.0259248,-0.19207661,1.2644148,0.4224829,86
-0.7454659,-0.62275386,0.44246686,-0.8519367,1.7326128,-1.0167129,2.0743237,0.49470702,-0.88067234,-0.35814655,-1.0364307,-0.64365107,-1.510939,0.5386621,1.9555719,0.068200916,86
-0.87758166,-1.3915777,-1.193021,-0.7026903,2.2916367,0.6218667,-0.47444332,2.2738276,-1.2784622,0.79824954,1.8198516,-0.1626215,0.1401962,-1.0626962,-0.97179496,-0.77414304,43
-0.087602325,-1.0881491,-0.090361014,-0.116146654,2.1626034,0.4378563,0.69995844,1.2773882,0.31313592,0.78659564,1.5623341,-0.45993268,-1.4190958,-1.4389092,-0.015582554,0.93317264,105
0.33599135,-1.7362287,0.34679347,-0.20424357,1.6249272,0.034296393,0.5798746,2.303751,-1.6962793,0.59798545,1.3080832,-1.362784,-0.65623534,-1.0754071,-0.13840744,-1.5827303,79
-0.3862302,-1.3132409,-0.8916082,-0.6728315,2.2035234,0.85224724,-0.1164777,1.8239012,-1.0353379,0.56761605,1.4447947,0.07676551,-0.2157259,-0.8908749,-0.5208237,-0.8825777,43
-0.6508271,-0.7316381,-0.30528402,-0.5180003,1.9242642,-0.0659475,1.5576102,0.7347002,-0.5894176,-0.06818552,-0.20510411,-0.5603994,-0.41750345,-0.38552004,1.1866525,0.30132514,86
-0.8067946,-1.0483809,2.0293643,-1.3261254,1.8934445,-2.3631127,3.0190797,1.0472274,-0.8385961,0.40287262,-1.788759,-1.2335285,-1.6986195,0.50899,2.857579,1.6867428,86
-0.8329914,-2.0441468,-0.18194917,-1.0730634,1.390869,-0.3396329,2.3928688,0.425038,-1.4589877,-1.2042383,-0.4726441,-0.069615886,-1.3970982,1.4337511,3.4592807,-0.81866604,86
-0.84352475,-1.287516,0.13756326,-0.90451705,1.5458666,-0.7007434,2.0520732,0.57876986,-1.2072892,-0.73096067,-0.7028323,-0.343409,-1.1882042,0.77710354,2.5478983,-0.20809704,86
-0.03076002,-0.9599091,0.79854846,-0.3893881,1.6704599,-0.5133865,2.5185466,0.18922998,-0.45629236,0.29435903,-1.0833777,-0.82587636,-1.1485237,-0.039072882,1.9632689,0.62337613,86
-0.7805643,-0.5847511,0.3945673,-0.8188225,1.7350799,-1.0099051,2.0210283,0.45400536,-0.84265447,-0.34148318,-1.0287763,-0.5963352,-1.4124881,0.45774293,1.9287981,0.10782117,86
-0.83645177,-1.4473524,-1.1701736,-0.6805961,2.2513707,0.6595346,-0.44414887,2.2195172,-1.2738782,0.7865519,1.8016567,-0.17246124,0.11989942,-1.0828552,-0.91305304,-0.82776636,43
-0.19085559,-1.2858753,-0.1170243,-0.20041683,2.1082847,0.5756469,0.90289867,1.1011652,0.33396265,0.6961992,1.438083,-0.3858145,-1.2947248,-1.2320367,0.3750472,0.8868845,105
-0.0067653954,-1.028011,0.13901125,-0.50203854,1.8847585,0.42993733,0.38356513,1.9965374,-1.2137836,0.9206152,0.9273722,-0.6547743,-0.6127611,-1.189979,-0.31671265,-1.261807,79
-0.4798279,-1.0892278,-0.92252225,-0.6673571,2.2813594,0.7218585,-0.08305441,1.8497854,-1.0557892,0.5270188,1.2495255,0.067840695,-0.1343143,-0.9716267,-0.5182702,-0.7246345,43
-0.6885843,-0.736319,-0.35131195,-0.4806188,1.9432665,-0.07203536,1.5348145,0.6934525,-0.56947637,-0.0880644,-0.21766114,-0.523309,-0.4032994,-0.3960678,1.1667256,0.3481012,86
-0.8225678,-1.1053228,2.0410461,-1.2041196,1.8974769,-2.2956476,2.933873,1.2248745,-1.0411162,0.29567242,-1.8304265,-1.3061099,-1.7685894,0.4629497,2.6817927,1.661103,86
-0.79093385,-2.1771824,-0.08235332,-1.039015,1.4936032,-0.18146414,2.4880157,0.31162387,-1.2841996,-1.1140735,-0.6673258,-0.1101021,-1.4103004,1.3932248,3.4316201,-0.77677697,86
-0.91220987,-1.0564924,0.036152773,-0.8715445,1.6249154,-0.79925394,1.8904366,0.5809071,-1.1738256,-0.7421138,-0.7275305,-0.25648662,-1.0709937,0.6734708,2.3569264,-0.093100734,86
0.07172659,-1.0411743,0.7774025,-0.41457394,1.6441416,-0.4624601,2.7634892,0.08999859,-0.48886916,0.43623322,-0.9550555,-0.6154593,-0.9982173,0.048428163,2.3129826,0.5615297,86
-0.85719496,-0.50312686,0.26144657,-0.79596186,1.7447203,-0.9997244,1.8830478,0.4687186,-0.86620927,-0.41022092,-0.98453593,-0.45768172,-1.2364922,0.3920915,1.8917944,0.16696492,86
-0.79983073,-1.4817402,-1.124577,-0.684028,2.2196538,0.6737956,-0.40064827,2.1724615,-1.2544616,0.78904897,1.7480369,-0.23139864,0.06596298,-1.0893875,-0.87058413,-0.89808303,43
-0.4943127,-1.6034663,-0.3410324,-0.45007798,2.0688682,0.74500227,0.762826,1.1574337,0.22771966,0.44859374,1.5942473,-0.25244227,-1.0896512,-0.9436416,0.63049906,0.6310793,105
-0.15405816,-1.0140485,0.055442385,-0.5012844,2.0113955,0.34359083,0.2300147,2.1832893,-1.3608348,0.8662526,1.0072079,-0.59196675,-0.46122524,-1.1724629,-0.44755617,-1.1949053,79
-0.52862984,-1.1037768,-0.97937375,-0.7143353,2.3175986,0.7407627,-0.13290215,1.9064659,-1.0968251,0.4873048,1.2557836,0.08646715,-0.11510331,-0.9625089,-0.5067061,-0.75305223,43
-0.75101876,-0.7548517,-0.45467687,-0.45294434,1.9861854,-0.08569345,1.4892668,0.6770346,-0.60290146,-0.18569188,-0.27909744,-0.49254507,-0.3852069,-0.3558495,1.1566411,0.39751673,86
-0.8215952,-1.1479338,2.0046115,-1.07566,1.9057422,-2.231788,2.8442037,1.4038787,-1.2720681,0.16272919,-1.8256207,-1.3311132,-1.8394722,0.43076044,2.529166,1.5908175,86
-0.9291906,-1.6663022,-0.06637348,-1.0618505,1.6438854,-0.5758349,2.2101998,0.5238965,-1.3209863,-1.0829295,-0.71167326,-0.040392756,-1.2907764,1.1660837,3.112777,-0.46008098,86
-0.98604745,-0.8228302,-0.086236805,-0.8242224,1.7060611,-0.85250676,1.7016482,0.6345664,-1.1823385,-0.7945137,-0.7293005,-0.21478993,-0.91204363,0.5700657,2.119142,0.015651092,86
-0.1486324,-1.0333053,0.6124078,-0.45622227,1.676226,-0.5772847,2.7872221,0.098964214,-0.5795716,0.4082331,-1.1206774,-0.6630706,-1.1114217,0.17168973,2.335817,0.47869235,86
-0.61896086,-0.89979553,0.26466048,-0.65198886,1.7574304,-0.5605351,2.2419481,0.24275288,-0.73968494,-0.42606282,-1.0049621,-0.34365565,-1.1876974,0.4948638,2.2092438,0.2177811,86
-0.70444304,-1.4817799,-1.0100443,-0.5909573,2.2366364,0.7863209,-0.19393484,2.074638,-1.2131984,0.8171706,1.5615876,-0.21903458,0.025792565,-1.1615409,-0.7308666,-0.81577533,43
-0.82050914,-1.9932516,-0.88875383,-0.660745,1.9904511,1.1269002,0.2960427,1.3198217,0.00801757,-0.0118881315,2.2336683,0.3310857,-0.62311715,-0.68609035,0.91252404,0.40233034,105
-0.06606419,-1.6080458,0.13518877,-0.29437482,2.142052,-0.29056388,0.20055805,2.9304516,-1.9847761,0.7239011,1.6353686,-1.3345851,-0.31612703,-1.2390575,-0.6249017,-1.3907928,79
-0.6062994,-1.0849564,-0.91859597,-0.74005914,2.4048226,0.6845336,-0.15689269,1.9918023,-1.1298515,0.5457848,1.1998001,0.103551745,-0.093010865,-0.97572607,-0.5248605,-0.66866004,43
-0.589997,-0.9018885,-0.22063765,-0.41820633,1.8409203,0.04978025,1.6532606,0.36702555,-0.20975792,-0.062222123,-0.32509702,-0.614449,-0.59238493,-0.21457186,1.1657534,0.38654596,45
-0.75079983,-1.2222009,1.8850982,-0.92864704,1.8540194,-2.1239073,2.695864,1.4995229,-1.4568095,0.0005522743,-1.7067912,-1.3606219,-1.9069499,0.45568556,2.3287172,1.4019582,86
-0.8660331,-1.005829,0.11791487,-0.99750483,1.8033534,-0.8413738,1.9548308,0.720021,-1.2029424,-0.8225143,-0.77527213,-0.08535026,-1.2063563,0.73973936,2.5793831,-0.089330256,86
-1.0485677,-0.5906736,-0.12742552,-0.82340443,1.8026676,-0.91355944,1.6277024,0.7165482,-1.2055558,-0.7413705,-0.8000593,-0.28512385,-0.76431644,0.42483562,1.961243,0.08642146,54
-0.55704445,-0.91620755,0.31253588,-0.47072142,1.7742262,-0.7083883,2.635317,0.22027235,-0.75415826,0.14501193,-1.3246765,-0.6445724,-0.92613584,0.24026139,2.3455315,0.60175955,86
-0.5202094,-0.8387985,0.52762437,-0.64448357,1.8332165,-0.62634003,2.5074596,0.14185469,-0.64064837,-0.23203515,-1.2619628,-0.230988,-0.98579854,0.4319479,2.4223,0.51080203,86
-0.6149922,-1.4048612,-0.87832016,-0.5854744,2.1732402,0.71697366,-0.13228936,2.0136602,-1.1086987,0.8583633,1.5254056,-0.2714199,-0.1291312,-1.1982833,-0.69257003,-0.78333175,43
-0.37351048,-0.35325104,-0.7519652,0.05418825,2.3795,0.9348326,-0.10532203,1.3600004,0.15816212,0.23774414,1.8388898,0.3466694,-0.4231247,-1.5041043,-0.5984823,1.2685025,105
-0.44696572,-0.8628032,-0.2254932,-0.53833073,2.1702836,0.3859237,0.029498406,2.2460277,-1.4466944,0.7643375,1.0287097,-0.18726379,-0.26627386,-1.1413856,-0.4624851,-1.0030615,79
-0.6803999,-1.0948356,-0.9067963,-0.75697756,2.431767,0.67379117,-0.1486873,2.027394,-1.1579864,0.5610854,1.1557524,0.09495935,-0.088988565,-0.9648046,-0.50025094,-0.6624596,43
-0.37801597,-0.9942728,-0.089800805,-0.3381263,1.8699076,0.17830014,2.0740604,0.30913654,-0.3335395,0.100016415,-0.49725252,-0.4662435,-0.42613855,-0.29880285,1.5121247,0.5681483,45
-0.7097611,-1.2731754,1.7303574,-0.7908764,1.682124,-1.9793133,2.540704,1.441429,-1.5104325,-0.07947272,-1.5652654,-1.3396015,-1.840008,0.43898642,2.1945407,1.2045989,86
-0.42546114,-0.3461729,0.2103144,-0.6409774,2.2102053,-0.23429486,1.953385,0.7029128,-1.0004035,-0.3896014,-1.0960277,0.09253037,-1.0179536,0.19490074,1.7748549,0.21379992,86
-0.95968443,-0.42005005,-0.10986456,-0.8592156,2.0537546,-0.7966485,1.668899,0.8500023,-1.2184968,-0.63621527,-0.8762939,-0.23532575,-0.73451036,0.29516464,1.8231685,0.13114819,54
-0.7416611,-0.6838929,0.13763423,-0.50918067,1.9815446,-0.6132966,2.4924443,0.39061782,-0.8346895,0.055604782,-1.5046302,-0.6065202,-0.7556365,0.068214655,2.1928349,0.63377386,86
-0.46344063,-0.7320769,0.49127114,-0.61859083,1.9132196,-0.66007555,2.6100075,0.10740745,-0.63132495,-0.116212144,-1.3115221,-0.05550149,-0.8750041,0.37475258,2.5152245,0.6641981,86
-0.53909576,-1.428137,-0.79547983,-0.62073636,2.0548468,0.68156004,-0.110803634,1.943933,-0.9765285,0.9031595,1.6224858,-0.32889977,-0.27744249,-1.1833125,-0.6272031,-0.80678564,43
-0.51872706,-0.017549962,-0.74155647,0.12114054,2.37243,0.7908912,-0.099423826,1.3841537,0.12200573,0.09979549,1.6167287,0.05237788,-0.29974613,-1.5339212,-0.7512279,1.3416348,105
-0.4693848,-1.103126,-0.2956496,-0.5092786,2.2067316,0.31894854,-0.011713643,2.4477649,-1.5954064,0.732768,1.2311828,-0.33993298,-0.2505657,-1.1193947,-0.539886,-1.0402602,79
-0.74161893,-1.1732992,-0.91385776,-0.7881161,2.4191098,0.7054267,-0.14789845,2.039989,-1.1558921,0.5724193,1.1686237,0.07138845,-0.07016983,-0.93174535,-0.46642676,-0.69904095,43
-0.35335204,-0.94056463,-0.2510965,-0.3245645,2.021803,0.24496588,2.1676257,0.3621928,-0.5194429,0.05218909,-0.5663174,-0.17848577,-0.26225707,-0.30733928,1.6257577,0.6671773,86
-0.7355979,-1.2483367,1.4950352,-0.6550426,1.4622434,-1.7937777,2.381159,1.2745249,-1.4744631,-0.12866263,-1.3780062,-1.2301809,-1.5993694,0.37591052,2.1552362,1.0591707,86
-0.39145556,0.09092483,0.29149798,-0.5894915,2.4614651,-0.27537602,1.907883,0.8312658,-1.0368102,-0.13476846,-1.3430849,0.22373214,-0.84444755,-0.041071102,1.4150046,0.386393,86
-0.5369866,-0.094154686,-0.27566388,-0.7432942,2.3082905,-0.37975037,1.7258472,0.8760506,-1.3287054,-0.45438838,-0.7809,0.21378347,-0.35081735,0.13235962,1.607761,0.16842645,86
-1.0010824,-0.42503935,0.034228556,-0.4961611,2.1729736,-0.5949794,2.2933338,0.6361719,-1.0250034,-0.11880571,-1.6356703,-0.35182515,-0.4534109,-0.102205515,2.191658,0.83428425,86
-0.3084756,-0.72192204,0.60242355,-0.5926718,1.9742559,-0.6429148,2.814802,0.020747036,-0.566403,0.07163415,-1.4381969,-0.11876598,-0.966827,0.44434524,2.5297084,0.6753359,86
-0.49407732,-1.5627304,-0.76356286,-0.70728993,1.9769814,0.67613757,-0.15074551,1.9037504,-0.9153429,0.87225056,1.8033797,-0.22302814,-0.4192961,-1.0340688,-0.4743857,-0.86558706,79
-0.636176,0.03509882,-0.7286327,-0.010577142,2.250587,0.7330506,0.09987092,1.3073105,0.025527462,-0.00074745715,1.3162565,-0.062325418,-0.21139994,-1.3483609,-0.47707614,1.2804062,105
-0.587498,-1.087555,-0.4161312,-0.5241687,2.1918418,0.39504728,-0.07924433,2.3535032,-1.5360051,0.7567944,1.2001323,-0.16117664,-0.30050495,-1.0742933,-0.5304333,-0.9745635,79
-0.74972194,-1.206966,-0.8872157,-0.7854686,2.3758118,0.7310251,-0.13343169,2.0287876,-1.1441557,0.5898058,1.1729743,0.035380423,-0.06572325,-0.9143006,-0.4568515,-0.72018486,43
-0.1433537,-0.82187784,-0.21606827,-0.26626176,2.0801182,0.25438842,2.3027828,0.34282714,-0.6743008,0.090475164,-0.6446773,-0.012949586,-0.24110779,-0.21236299,1.6263716,0.7076573,86
-0.7573477,-1.2393512,1.3682117,-0.5712307,1.3571529,-1.6645567,2.3220022,1.1718957,-1.43525,-0.12698624,-1.2405095,-1.1792886,-1.4228822,0.30296558,2.1707375,0.9625763,86
-0.6446156,0.2459167,0.3190023,-0.6908587,2.7373908,-0.48604685,1.9423718,0.8771632,-1.0085852,-0.08516891,-1.6335126,0.27562127,-0.7594577,-0.029417627,1.4556175,0.5903278,86
-0.58489007,-0.06917545,-0.1992732,-0.8626665,2.554114,-0.19386832,1.8646772,0.8145449,-1.1676342,-0.117629185,-1.0296397,0.40562144,-0.250836,0.01119028,1.6109324,0.1772956,86
-1.0594637,-0.30149463,0.01862353,-0.45943415,2.2832127,-0.48825532,2.117157,0.7998105,-1.0809265,-0.15285385,-1.6284232,-0.25413492,-0.3553354,-0.27345696,2.032329,0.9292944,86
-0.37189472,-0.7655081,0.5021334,-0.5675812,2.0083797,-0.44508407,2.8100002,0.0796051,-0.77143717,-0.111682415,-1.5769022,-0.05917126,-0.8574288,0.6501004,2.5473125,0.49081516,86
-0.3618177,-1.6355548,-0.73178047,-0.56807613,2.0217524,0.9392936,-0.16280232,1.9134696,-0.93249273,0.85043377,1.7840632,-0.08823341,-0.2522977,-1.1227831,-0.5373203,-0.7852889,43
-0.6557136,-0.059569016,-0.6001232,-0.09373745,2.1325076,0.51973057,0.20675886,1.2716266,-0.09183551,-0.08182566,1.1301599,-0.04902266,-0.3082082,-1.1560676,-0.1700216,1.3281374,105
-0.6552143,-1.1102006,-0.47262746,-0.5148418,2.208799,0.43390962,-0.08657688,2.325908,-1.5430456,0.69184256,1.129713,-0.13203973,-0.31317484,-1.0105797,-0.5243089,-0.9308133,79
-0.73090994,-1.2218609,-0.8418081,-0.7667153,2.3258276,0.76324546,-0.11583024,2.0106688,-1.1260866,0.59542567,1.1732953,-0.035008043,-0.07281134,-0.9042388,-0.4835448,-0.74577224,43
-0.05812155,-0.73007655,-0.08395578,-0.24419446,2.1856277,0.18124917,2.370547,0.38554108,-0.72611463,0.32365435,-0.9215778,-0.122877896,-0.3184421,-0.22155963,1.3815732,0.6691063,86
-0.7527128,-1.150181,1.2939043,-0.5392595,1.3417265,-1.613919,2.276537,1.0633957,-1.3285481,-0.084640145,-1.1885887,-1.1451935,-1.4075878,0.22305368,2.1243095,0.9139504,86
-0.719366,0.42042097,0.2445409,-0.77803993,2.7602952,-0.6394657,1.8465496,0.92301965,-1.0719686,-0.12051292,-1.6453451,0.47393999,-0.6462368,-0.06702405,1.5369022,0.6536059,86
-0.7275037,-0.22706002,-0.20820713,-0.9484265,2.659683,-0.28277126,1.842251,0.83054876,-1.1145351,-0.0035052225,-1.0715802,0.38537684,-0.32834587,0.06238635,1.6049074,0.10814047,86
-1.0021288,-0.29342383,0.18768388,-0.46011835,2.3073013,-0.447365,2.0509465,0.92535913,-1.0903345,-0.056638837,-1.6272702,-0.27346703,-0.39412627,-0.41381705,1.9361329,0.9512562,86
-0.75768185,-0.6551868,0.28527492,-0.59098464,2.2628005,-0.60684645,2.6984718,0.27282476,-0.98361635,-0.43735218,-1.7671058,0.08412585,-0.6838016,0.75828415,2.6767092,0.7138436,86
-0.32905817,-1.3373077,-0.76718116,-0.5553894,2.0762765,0.8907877,-0.16213945,1.853281,-0.8583909,0.7415195,1.6762843,-0.012507319,-0.25126126,-1.1427095,-0.57855165,-0.68365383,43
-0.62497634,-0.03146179,-0.5476975,-0.14361143,2.0276837,0.4842781,0.13576125,1.1837499,-0.023610204,-0.1487159,1.0451784,-0.17402653,-0.4661264,-1.0846868,-0.20980123,1.1961391,105
-0.63402575,-1.0463443,-0.4741537,-0.5424495,2.0977533,0.50110817,-0.08431713,2.203591,-1.4586133,0.6907068,1.094183,-0.070498735,-0.3136341,-0.9507411,-0.49537292,-0.92074144,79
-0.7068023,-1.246263,-0.79293394,-0.7631923,2.2693746,0.78925514,-0.097640336,1.9820986,-1.0914185,0.605907,1.1870095,-0.11850923,-0.06856284,-0.89584035,-0.5069039,-0.78185594,43
-0.4500283,-0.7065184,-0.067902476,-0.4229095,2.2931821,0.0076568127,2.2743227,0.48339108,-0.8114952,0.10708033,-1.1703098,-0.10124074,-0.31327727,0.047448575,1.5266439,0.6213194,86
-0.75129306,-1.0439723,1.2363672,-0.53239614,1.449948,-1.547803,2.2204754,1.0101532,-1.2189761,-0.08303361,-1.1878996,-1.1331344,-1.4288697,0.16326253,2.0223324,0.882443,86
-0.6786604,0.41634747,0.2999421,-0.8367269,2.8468332,-0.63112915,1.7900106,1.0134188,-1.067943,-0.062064692,-1.5919933,0.47138157,-0.7916461,-0.086375624,1.4609336,0.58375615,86
-0.7222917,-0.13931252,-0.29388523,-0.8404989,2.623758,-0.32015705,1.6952507,0.8638786,-1.2027639,-0.07352111,-1.0960023,0.45085165,-0.36436525,0.008430213,1.4566553,0.11882436,86
-0.9570044,-0.28487214,0.34096664,-0.45201948,2.321659,-0.40057194,2.036609,1.0099111,-1.0993776,0.0615175,-1.7034414,-0.30909833,-0.43259802,-0.5363651,1.8380194,0.9583563,86
-1.0245993,-0.52402645,0.033031918,-0.628004,2.3812776,-0.6703459,2.4798043,0.4612026,-1.1171564,-0.6534082,-1.7466426,0.2583641,-0.45556143,0.6632278,2.7248611,0.8836333,86
-0.385785,-1.1948789,-0.84950083,-0.6323198,2.096254,0.86297214,-0.11419132,1.811088,-0.80999386,0.6178632,1.5816575,-0.03308001,-0.16347465,-1.1053858,-0.49808404,-0.6633713,43
-0.6433718,-0.013063908,-0.32276192,-0.21159339,1.8327382,0.37452164,0.15104431,1.1527404,-0.15043889,-0.24523227,0.84865844,-0.17857978,-0.3572283,-0.95744365,0.0085405335,1.0724335,105
-0.56684303,-1.0737928,-0.4508381,-0.4880394,2.0051842,0.59708464,-0.060908016,2.1234596,-1.3851856,0.6613623,1.0829883,-0.19250861,-0.34449175,-0.9340835,-0.5762665,-0.92968976,79
-0.6539171,-1.2757121,-0.7281164,-0.74555814,2.276352,0.790424,0.0006756,1.9280813,-1.0217954,0.5152285,1.1710463,-0.14430545,-0.17094558,-0.8565422,-0.40972608,-0.71228075,79
-0.84226745,-0.49167895,-0.22905809,-0.49167717,2.4263852,-0.19938767,2.1471343,0.6045674,-0.9128084,-0.14519317,-1.3705516,0.030097455,-0.18043315,0.051693156,1.7084174,0.84951264,86
-0.7647526,-0.93693244,1.1117213,-0.5530588,1.5771086,-1.4794635,2.1377308,0.9668945,-1.1315134,-0.15544511,-1.1388663,-1.0984242,-1.4463491,0.17469715,1.9139681,0.8152433,86
-0.9012114,0.39113036,0.3348519,-0.9050456,2.7863085,-0.75715804,1.7417296,1.0947341,-1.0819694,-0.04836446,-1.5408235,0.52625227,-0.58975196,-0.16842614,1.6897482,0.71594113,86
-0.6427776,-0.13569893,-0.041790605,-0.98148346,2.7635303,-0.497707,1.6429284,0.9868102,-1.1111246,0.23826842,-1.0025243,0.45005956,-0.57090276,-0.080184266,1.3615835,0.059135824,86
-0.96251726,-0.25811005,0.46011835,-0.46337447,2.2975717,-0.41308093,2.0065396,1.0469484,-1.0677274,0.20755859,-1.7573576,-0.30891788,-0.4098877,-0.651964,1.7569709,0.9820412,86
-1.1252155,-0.3829956,-0.056036413,-0.6717099,2.418875,-0.6308186,2.3153417,0.62766314,-1.2304227,-0.75276864,-1.7161798,0.39314762,-0.27779162,0.52768177,2.7344987,0.9157291,86
-0.48319972,-1.079199,-0.9414622,-0.66426253,2.1515634,0.8302182,-0.08287369,1.8149215,-0.8082466,0.49885243,1.503484,0.0012451112,-0.09621436,-1.0984621,-0.41073835,-0.57291967,43
-0.69353676,-0.039581954,-0.16605523,-0.17265254,1.7625297,0.3680912,0.17275767,1.1488285,-0.2840555,-0.3427773,0.5409634,-0.2546107,-0.22702554,-0.9579208,0.106694356,1.0612304,105
-0.4993845,-1.0420582,-0.42918485,-0.5361119,1.9560592,0.6377716,-0.03749421,2.0067806,-1.2601993,0.6644918,1.0653913,-0.25081426,-0.41685197,-0.8638905,-0.61207974,-0.9426789,79
-0.58819616,-1.2652094,-0.6246484,-0.72673154,2.3066967,0.75824606,0.11551455,1.8610272,-0.88762164,0.4699952,1.1708361,-0.17229997,-0.299826,-0.84463376,-0.3154536,-0.5748439,79
-1.0810173,-0.25510126,-0.31955954,-0.46379188,2.4964216,-0.27750453,2.0495842,0.7137114,-1.0232904,-0.29088384,-1.5844971,0.12763679,-0.03735424,-0.0988199,1.7977538,1.0508754,86
-0.77317125,-0.87420595,0.94322836,-0.57670665,1.6132351,-1.3980956,2.0292192,0.9086113,-1.0536754,-0.18899699,-1.0327348,-1.0680449,-1.4086398,0.13855174,1.8276453,0.72517383,86
-0.9395505,0.22810474,0.33645886,-0.87437916,2.7304041,-0.6963729,1.7124672,1.1639645,-1.1039897,-0.002302684,-1.4689077,0.47497228,-0.5427839,-0.24692161,1.7070135,0.7659339,86
-0.6596493,-0.05555132,0.0030339211,-1.0012575,2.7898088,-0.47971076,1.5451272,1.0256416,-1.1117357,0.23794907,-1.0602331,0.46855107,-0.66105884,-0.07535531,1.2574878,0.025149435,86
-1.0449777,-0.23880938,0.60216516,-0.52008915,2.2957056,-0.5441486,2.0164769,1.088604,-1.05454,0.36411113,-1.8263626,-0.26544252,-0.30873403,-0.74757135,1.8022308,1.0560133,86
-1.2147787,-0.2810956,0.009033218,-0.7804293,2.4176302,-0.6514299,2.220668,0.7613678,-1.3059691,-0.7619638,-1.7531798,0.48975524,-0.14422691,0.4280064,2.817581,0.90312463,86
-0.5495774,-1.1805916,-0.9778138,-0.7131102,2.2083602,0.8411759,-0.111405015,1.9034153,-0.8620955,0.46702427,1.5473427,-0.0032966137,-0.08395439,-1.058381,-0.37781128,-0.60488796,43
-0.7474771,-0.21942392,-0.059491023,-0.083973885,1.7081861,0.39394656,0.22603743,1.153333,-0.32643208,-0.351766,0.35446742,-0.48009527,-0.1862773,-1.018568,0.1311422,1.1256752,105
-0.44907168,-1.0714495,-0.41758794,-0.50903535,1.8683174,0.7059089,0.0018802024,1.9370692,-1.2164334,0.6349495,1.040597,-0.3745557,-0.46183303,-0.8202498,-0.6651144,-0.9597703,79
-0.4828485,-1.2357148,-0.51053244,-0.7048932,2.2915337,0.71249986,0.21874778,1.7972232,-0.7851938,0.45162427,1.207799,-0.13750857,-0.39672315,-0.850805,-0.20023254,-0.45389837,79
-1.2091117,-0.013591707,-0.21527511,-0.5144192,2.4810638,-0.32959333,1.9801383,0.8009546,-1.1260455,-0.36713117,-1.7860146,0.2227628,0.07366505,-0.19350961,1.9151139,1.0756536,86
-0.71574897,-0.87277174,0.79527897,-0.54478,1.5474874,-1.2251996,1.9633745,0.83456075,-1.0080518,-0.17723493,-0.93395925,-1.0350486,-1.2732481,0.040580794,1.7988814,0.6432322,86
-0.990627,0.057404637,0.3117326,-0.8560542,2.6562843,-0.6264446,1.6837978,1.1960968,-1.1138904,-0.017224707,-1.3680041,0.43666288,-0.50755924,-0.2561494,1.7465516,0.77602625,86
-0.76901054,-0.034071445,-0.028430223,-1.0608472,2.698615,-0.5211664,1.5457553,1.0117347,-1.090346,0.19821653,-1.0047119,0.5188198,-0.56734335,-0.101709105,1.4535209,0.06571977,86
-1.1069219,-0.24661036,0.7167419,-0.55986583,2.3551354,-0.6358008,2.030177,1.1048238,-1.0150541,0.47793984,-1.8956826,-0.26307297,-0.26310143,-0.7959063,1.7762624,1.1232474,86
-1.2400718,-0.45633245,0.07537575,-0.8007952,2.3515334,-0.5654726,2.2295823,0.8472353,-1.367757,-0.7024528,-1.8005128,0.398423,-0.17913854,0.37049395,2.8485885,0.81880164,86
-0.6271279,-1.2227424,-0.93364733,-0.7336297,2.249892,0.79066455,-0.06614798,1.9211452,-0.8643577,0.48008156,1.4864938,-0.030582517,-0.118711255,-1.0178028,-0.31856745,-0.56102526,43
-0.73895764,-0.38479537,-0.026248544,-0.100041986,1.621596,0.36708096,0.30717766,1.0745945,-0.30396733,-0.32265514,0.27982825,-0.67858547,-0.1805689,-1.0038077,0.20678307,1.0864215,105
-0.37066478,-0.99584997,-0.36595428,-0.6737858,1.7246163,0.65719986,0.13301425,1.7361354,-0.96945286,0.68461925,1.106446,-0.40471876,-0.35923812,-0.8029359,-0.44932213,-0.9731857,79
-0.3418066,-1.158533,-0.38050205,-0.69377095,2.252246,0.6313065,0.31714457,1.746445,-0.7385657,0.4420532,1.2303975,-0.06405251,-0.4472904,-0.86038595,-0.07238611,-0.36753225,79
-1.1710184,-0.020803928,-0.074245885,-0.56725484,2.4732556,-0.27618173,1.9960666,0.8565098,-1.1227316,-0.2741434,-1.8853419,0.11798012,-0.02122745,-0.2758618,1.8889457,0.98043114,86
-0.69090956,-0.8460407,0.6260835,-0.49858725,1.4998965,-1.0815467,1.8645235,0.7679963,-0.9845971,-0.21558689,-0.86113286,-0.988029,-1.1164963,-0.016863734,1.7151203,0.56833863,86
-1.0658578,-0.14189701,0.24717207,-0.8773829,2.547518,-0.5726734,1.6280392,1.1897184,-1.0905085,-0.09653303,-1.1782812,0.40382484,-0.43274435,-0.2034772,1.8373464,0.758467,86
-0.8680288,-0.01457572,-0.06718989,-1.1009843,2.5815551,-0.56302845,1.4913958,1.011515,-1.0448313,0.18994111,-0.90025926,0.54256845,-0.44962826,-0.17144454,1.5588913,0.1443778,86
-1.1016096,-0.29882172,0.7902609,-0.5789845,2.4058785,-0.6683886,2.0164216,1.0779709,-0.9342494,0.5184736,-1.8736999,-0.3607595,-0.31651068,-0.7643084,1.6677513,1.1028657,86
-1.2888036,-0.77607274,0.15346584,-0.85327154,2.2257013,-0.49496642,2.2763321,0.91031206,-1.4228245,-0.61974335,-1.7927516,0.3271745,-0.15171146,0.36661106,3.0092516,0.7097894,86
-0.6213507,-1.3183912,-0.87566286,-0.7437357,2.2422829,0.7899877,-0.03718091,1.910885,-0.88117373,0.47560525,1.444298,-0.105001256,-0.18030447,-0.9555589,-0.30333796,-0.6231557,43
-0.6848866,-0.49622452,-0.0025667697,-0.20527902,1.5370882,0.26306763,0.42712837,0.9837867,-0.3152121,-0.33968973,0.29176134,-0.761171,-0.1851269,-0.8549985,0.42036298,0.9487687,105
-0.34109327,-1.0492891,-0.34695646,-0.68367004,1.7017711,0.7259363,0.19529702,1.6846578,-0.9417777,0.64956045,1.0426803,-0.52450454,-0.38879102,-0.7572501,-0.44072488,-0.9948138,79
-0.18836062,-1.0912439,-0.2931015,-0.707965,2.2210953,0.566221,0.36875206,1.6988856,-0.6825776,0.43850732,1.3114718,0.01107198,-0.52744776,-0.84292537,0.010536745,-0.33230776,105
-1.1255445,-0.10707191,0.030323021,-0.62600803,2.4465723,-0.23287816,2.0148485,0.89029944,-1.0849241,-0.13659474,-1.9239473,0.015690774,-0.1527121,-0.32067508,1.8375683,0.87613124,86
-0.7431948,-0.70945036,0.46260387,-0.53761744,1.5322733,-1.0904146,1.7104379,0.75652397,-1.0189501,-0.28650576,-0.8963218,-0.95145917,-0.9061478,-0.032559607,1.5921288,0.5050773,86
-1.0720866,-0.28348324,0.16811256,-0.85320115,2.5174596,-0.43226779,1.5725472,1.1692502,-1.0932282,-0.24791403,-1.07043,0.41401795,-0.43979302,-0.07384528,1.8021172,0.7210113,86
-0.931575,-0.004983872,-0.14328375,-1.0804107,2.5049784,-0.51563567,1.4107727,1.010412,-1.0168757,0.11940254,-0.802716,0.5385816,-0.40247342,-0.18603119,1.5209367,0.18425643,86
-1.0891669,-0.35043356,0.80635524,-0.6014329,2.4334729,-0.6709614,1.9828973,1.0318387,-0.86124,0.47621173,-1.7904112,-0.43798417,-0.37257126,-0.6724305,1.5897619,1.0413713,86
-1.2676158,-1.1751803,0.19651264,-0.9393235,2.11372,-0.35990462,2.3312855,0.93474865,-1.466112,-0.60756797,-1.7175438,0.2760649,-0.16949892,0.46322972,3.189262,0.5183053,86
-0.61981726,-1.4491733,-0.8158309,-0.7638725,2.217207,0.80056417,0.008044742,1.8817577,-0.88655293,0.4674492,1.4037564,-0.18349254,-0.20895696,-0.8859215,-0.24938571,-0.70333093,79
-0.6429156,-0.6627703,-0.0025957227,-0.36335203,1.5379376,0.10869205,0.5953785,0.8986652,-0.330702,-0.4273907,0.30613226,-0.88385844,-0.2867445,-0.57092166,0.7029973,0.7840194,105
-0.3581056,-1.1293077,-0.3436174,-0.5995286,1.713655,0.8286555,0.2675532,1.6577834,-0.9811816,0.6080002,0.8915188,-0.700847,-0.49036273,-0.71443254,-0.50868994,-1.0233185,79
-0.1543514,-1.0645322,-0.2915449,-0.71842104,2.2587032,0.49873582,0.34003916,1.6648614,-0.5896234,0.37464982,1.4017348,0.054175973,-0.641236,-0.81910986,0.04841482,-0.2278608,105
-1.1367557,-0.21000297,0.20142984,-0.73194647,2.4141276,-0.30056,2.0524192,0.9497553,-1.0585799,0.04453996,-1.9470992,-0.010724604,-0.14375317,-0.377199,1.9158007,0.8440147,86
0.16739652,-1.2893435,0.96673495,-0.41618532,1.3877454,-0.5121759,2.5942483,0.19402874,-0.64180803,0.10337119,-1.1172594,-1.1811736,-1.3243078,0.2505173,2.0162838,0.30632702,86
-1.0614886,-0.37755352,0.20671037,-0.861892,2.4019663,-0.42517775,1.5358338,1.131597,-1.0651525,-0.28388435,-0.9530374,0.3541148,-0.3519056,-0.023070984,1.8319496,0.69248766,86
-0.96510124,0.0019278824,-0.19789416,-1.0467777,2.4395125,-0.4634143,1.342283,0.99678373,-0.9721279,0.05377354,-0.71250296,0.50014484,-0.37572956,-0.18265432,1.4471382,0.22328031,86
-1.0655301,-0.420698,0.7529183,-0.59467435,2.4594247,-0.59512776,1.948157,0.98526716,-0.81871736,0.3697964,-1.719214,-0.5078363,-0.4539964,-0.5463587,1.5009495,0.95484537,86
-1.2135732,-1.5266002,0.17705324,-0.99708194,2.046782,-0.17451264,2.3461046,0.9343536,-1.4899532,-0.66982627,-1.5951291,0.22466841,-0.24834824,0.60368747,3.260214,0.3097495,86
-0.62820125,-1.5259687,-0.75799036,-0.7693834,2.1994464,0.8006817,0.073183365,1.8297517,-0.85649157,0.475098,1.319047,-0.29173356,-0.24315652,-0.8513288,-0.21827918,-0.729148,79
-0.6416749,-0.8336756,0.093737215,-0.44477734,1.488473,-0.0018633902,0.8436852,0.8304627,-0.3935404,-0.38178432,0.09125003,-1.123912,-0.30803013,-0.40955985,0.8615988,0.68646955,105
-0.3274589,-1.0963537,-0.24800172,-0.86104333,1.5362245,0.5756396,0.44961703,1.4827048,-0.7611215,0.6823275,0.982608,-0.7607878,-0.34763506,-0.6825911,-0.0987399,-1.0771781,79
-0.18565245,-0.9961946,-0.3025334,-0.72031504,2.3030403,0.38652983,0.29465383,1.6610677,-0.52334005,0.3434295,1.4919186,0.10346803,-0.7030728,-0.82113016,0.06981067,-0.09663215,105
-1.1210437,-0.3498781,0.32175863,-0.811123,2.393303,-0.3394762,2.0745618,0.9845518,-1.0346936,0.17282674,-1.9299603,-0.061282665,-0.20154047,-0.3773979,1.936584,0.7683494,86
0.30616257,-1.2969176,0.9334219,-0.38188595,1.4952149,-0.3017241,2.8346431,0.13825269,-0.7540859,0.105006844,-1.237342,-1.0735,-1.1618111,0.3370639,2.1855807,0.22168842,86
-1.0726049,-0.5176553,0.23916319,-0.8558757,2.3107736,-0.43369535,1.5156659,1.1350671,-1.0888207,-0.32272643,-0.8744688,0.2519292,-0.28750017,0.02438914,1.8752255,0.6861816,86
-0.9947261,0.026920974,-0.19902602,-1.0495262,2.3543024,-0.4752381,1.3032908,0.9624276,-0.9074085,0.024806634,-0.64271295,0.46021542,-0.30405992,-0.17781797,1.435748,0.27621576,86
-1.0492412,-0.5140049,0.6897937,-0.63269717,2.4342988,-0.52199894,1.9247977,0.92045546,-0.75516653,0.2605921,-1.6352782,-0.6042341,-0.52998114,-0.39734757,1.4706708,0.84122473,86
-1.2244377,-1.6498591,0.20437163,-1.045289,1.9860746,-0.15138716,2.3170097,0.92440856,-1.4640998,-0.66311306,-1.4627693,0.23538223,-0.21318254,0.64399874,3.3096385,0.25589517,86
-0.6254406,-1.5383508,-0.6890061,-0.7654145,2.2017555,0.78315294,0.1489274,1.7718226,-0.8408699,0.46589756,1.1941869,-0.35600775,-0.27367407,-0.81818044,-0.17279434,-0.71668667,79
-0.056487944,-2.1714315,1.6259692,-0.96868837,1.1783671,-1.3518289,2.6130297,0.27644676,-0.16492149,0.2536256,-0.42822802,-1.93213,-1.8066915,0.7780498,2.509299,0.9239057,105
-0.4106156,-1.2513144,-0.33212316,-0.75026405,1.6606997,0.7659391,0.44656858,1.5230154,-0.8618263,0.5948085,0.8016352,-0.961154,-0.59355474,-0.58140373,-0.32422385,-1.1318666,79
-0.28309256,-1.0240208,-0.28043932,-0.765423,2.3195078,0.34193215,0.27473775,1.7758404,-0.6050149,0.3643911,1.617774,0.26813844,-0.53177106,-0.8425721,0.2454336,-0.0193256,105
-1.120636,-0.5005168,0.40041703,-0.8708198,2.3751194,-0.35884595,2.0842662,0.98784244,-0.9985386,0.2520302,-1.8573697,-0.080227345,-0.23209035,-0.3514545,1.9717739,0.702643,86
0.44355184,-1.5360323,0.793427,-0.39884108,1.4372119,-0.073738605,2.9159527,0.042620808,-0.8071208,-0.013699487,-0.9741124,-0.7765454,-0.99536794,0.5289418,2.5306506,0.0696366,86
-1.0428336,-0.54096437,0.26175982,-0.84782803,2.3215942,-0.3785515,1.5064023,1.068987,-1.0161326,-0.36845946,-0.85429895,0.1729337,-0.3279603,0.10780452,1.7664965,0.6531816,86
-0.97483546,0.011301786,-0.19959214,-1.0092226,2.294142,-0.42781612,1.2688162,0.91996,-0.86302567,-0.032439098,-0.5909885,0.39426407,-0.3016067,-0.13096517,1.3586485,0.28268337,86
-1.0246294,-0.5327966,0.63431036,-0.6500212,2.4034927,-0.4308956,1.9073071,0.8450047,-0.6746899,0.17223907,-1.5587778,-0.66782874,-0.58645064,-0.28322744,1.4160198,0.74704,86
-1.2895958,-1.7777077,0.1722272,-1.0826561,1.987751,-0.11654353,2.2642279,0.95992196,-1.5067792,-0.74506474,-1.3424544,0.30628398,-0.12557796,0.72527194,3.3763766,0.23585099,86
-0.6408648,-1.5700827,-0.63034767,-0.7926874,2.2777796,0.7397419,0.32212847,1.6794201,-0.7513739,0.32854623,1.065856,-0.35662323,-0.4044389,-0.7334512,0.05540204,-0.58513063,79
0.30007333,-2.5330358,2.4919508,-1.3139799,1.0415294,-2.0483418,3.5359404,-0.0016121864,0.016609669,0.8068933,-0.86306643,-2.3740752,-2.8222713,1.1647809,3.2653718,0.91806513,105
-0.5077487,-1.2779435,-0.31215978,-0.6635109,1.7321843,0.8147054,0.5247051,1.5651836,-0.9509895,0.48445725,0.5653173,-1.1470252,-0.64093816,-0.54837155,-0.3658836,-1.1095488,79
-0.34341347,-0.87716484,-0.59828615,-0.6703099,2.3745258,0.6077868,0.29640377,1.7164917,-0.65576935,0.05404585,1.7027403,0.49764934,-0.23857158,-0.77639425,0.32163996,0.00017426908,105
-1.1614084,-0.55503476,0.4379474,-0.9472755,2.379847,-0.39588264,2.0811398,0.95001924,-0.9370333,0.26177746,-1.7936964,-0.027006,-0.19718501,-0.29481214,2.0416434,0.69143283,86
0.25800166,-2.0207527,0.29932433,-0.47203353,1.3417758,0.10198182,2.8073351,0.021574736,-0.9808074,-0.29326904,-0.5812341,-0.42779207,-0.89420295,0.8141909,2.9220421,-0.21154596,86
-0.9792887,-0.5686332,0.33754992,-0.8634803,2.1741624,-0.41116354,1.4870095,1.000839,-0.92680013,-0.30461293,-0.7174245,0.04472488,-0.28768787,0.10327238,1.7494873,0.5893157,86
-0.9525905,-0.01687172,-0.14413837,-0.96744776,2.2216094,-0.42229012,1.2611533,0.8792311,-0.83059907,-0.054199606,-0.5584853,0.31884947,-0.28658482,-0.10098007,1.3254062,0.2930092,86
-0.9958751,-0.49988046,0.55087864,-0.610563,2.3596046,-0.2919618,1.8758509,0.7888562,-0.62650377,0.0627279,-1.5065614,-0.7356163,-0.6682544,-0.19534701,1.282683,0.6599155,86
-1.2831798,-1.8788991,0.09646767,-1.0843459,1.9960626,0.016445369,2.1614726,0.9486805,-1.4719446,-0.8524871,-1.2055371,0.2678279,-0.18072632,0.8247482,3.2284667,0.1309574,86
-0.6126683,-1.5438281,-0.47380954,-0.7668227,2.3239202,0.6466564,0.49015278,1.589872,-0.60958594,0.29139215,0.9645775,-0.35519877,-0.56081563,-0.7238519,0.23287487,-0.36067444,79
0.32627735,-2.378229,2.8191836,-1.4200933,1.1223998,-2.1663678,4.0671105,-0.08038762,0.08423363,1.1634877,-1.4095494,-2.5297546,-3.1823204,1.1467582,3.4591513,0.98287827,105
-0.6940852,-1.288758,-0.2910653,-0.68367434,1.8513294,0.7923547,0.66125995,1.6025293,-0.9646331,0.45220554,0.31348363,-1.4591961,-0.5443568,-0.5029215,-0.39455828,-1.1366491,79
-0.22480702,-0.33478674,-0.62845874,-0.5358419,2.5199974,0.49292848,0.36104113,1.5648671,-0.3984208,-0.026365884,1.4818351,0.22879842,-0.42541793,-0.8757372,0.028007835,0.2859101,105
-1.2156799,-0.722246,0.35169706,-1.0052648,2.3527129,-0.33602542,2.0119522,0.9368614,-0.94738483,0.116680466,-1.6305684,0.018672645,-0.19711134,-0.12790711,2.1040924,0.58462924,86
0.113799885,-2.2742085,0.020967871,-0.49510798,1.2046547,0.20307264,2.6794415,0.007500291,-1.0456891,-0.4548872,-0.43129605,-0.40871435,-0.8805808,0.9185628,3.0140097,-0.40781116,86
-0.90874124,-0.5508992,0.34078026,-0.79286903,2.1401458,-0.3054914,1.4781288,0.9474695,-0.8832065,-0.32839864,-0.6909874,-0.0340029,-0.36087054,0.13432631,1.6087544,0.5242928,86
-0.95822704,-0.1016186,-0.10915536,-0.9123615,2.228284,-0.3512716,1.2593508,0.8963915,-0.8458544,-0.09594576,-0.59399736,0.22784105,-0.30568233,-0.06672112,1.2569667,0.320221,86
-0.9819949,-0.45092666,0.47111747,-0.6325828,2.268016,-0.23853481,1.8546689,0.7092867,-0.5367567,-0.03859348,-1.3931856,-0.81371164,-0.74929035,-0.086730026,1.2330414,0.5662512,86
-1.2675872,-1.7904644,0.18688011,-1.0641637,1.9347109,-0.02992168,2.063229,0.92979264,-1.3613702,-0.7606107,-1.0837188,0.17794356,-0.17194608,0.74909115,3.0404816,0.1206629,86
-0.5029168,-1.530223,-0.31601056,-0.7323245,2.3415804,0.5637491,0.6217139,1.5373137,-0.5188651,0.28011084,0.9531146,-0.31501597,-0.7205142,-0.7238513,0.37299138,-0.19365399,105
-0.0723282,-1.7534082,2.6922548,-1.3793082,1.4491922,-1.9626284,3.9109545,0.19091746,-0.10894374,1.1174995,-1.8174582,-2.0884733,-2.6023176,0.85238445,3.2473998,1.1706841,105
-0.70519257,-1.611972,-0.6087682,-0.6781556,1.8383151,1.1114833,0.7233454,1.8320558,-1.2863684,0.25695437,0.65156114,-1.2422206,-0.47277233,-0.3568104,-0.15250298,-1.3330698,79
-0.19344403,0.00052958727,-0.50107604,-0.4274318,2.783941,0.36507764,0.33448634,1.5439711,-0.1319493,0.06316852,1.2583263,0.031074256,-0.7448703,-0.98644286,-0.35431814,0.6447137,105
-1.1666203,-0.78880763,0.34310305,-0.988157,2.3197205,-0.25102365,1.9462746,0.89800215,-0.9131954,0.037543297,-1.5025086,-0.038737178,-0.23110881,-0.04601699,1.9992034,0.47221285,86
-0.14581949,-2.2497883,-0.28916535,-0.4712843,1.3624517,0.1854954,2.5655715,0.20447269,-1.3570768,-0.79311705,-0.5404388,-0.13450024,-0.72515523,0.9894553,3.2074025,-0.2767183,86
-0.8406279,-0.46429217,0.28028727,-0.7239468,2.2180042,-0.11948693,1.4999807,0.88400304,-0.8312638,-0.40174824,-0.7549671,-0.04911311,-0.47004482,0.19039117,1.4356068,0.49142182,86
-0.9001534,-0.16404691,-0.061295062,-0.8634358,2.1778917,-0.28195822,1.2606122,0.835327,-0.7874787,-0.10900825,-0.54877853,0.12463954,-0.3706011,-0.019186936,1.16477,0.26190642,86
-1.0137371,-0.396912,0.41894078,-0.6680416,2.1858525,-0.22741467,1.8860536,0.6911956,-0.5085751,-0.09274785,-1.3042723,-0.8971356,-0.7649829,-0.019097626,1.2618775,0.505805,86
-1.2060244,-1.58668,0.19620192,-0.9673583,1.971204,0.039521396,1.9598653,0.9268887,-1.2867361,-0.7467403,-1.0590872,0.112344235,-0.22896534,0.67997867,2.6949184,0.12884274,86
-0.32001114,-1.5180097,-0.16150689,-0.68921506,2.2931778,0.44853762,0.69010526,1.5114266,-0.4409465,0.3163057,1.0782065,-0.29337737,-0.88452244,-0.7481587,0.44586164,-0.071809836,105
-0.2699596,-1.5359002,2.4670436,-1.4177641,1.5742654,-1.9633517,3.832337,0.41561773,-0.37836483,1.0298575,-1.970449,-1.9257848,-2.1639721,0.6604649,3.342912,1.1358223,86
-0.6946827,-1.4132739,-0.71628815,-0.6463108,1.8179975,1.0337414,0.59291935,1.8523095,-1.3704537,0.34560102,0.7398049,-1.0233092,-0.36704224,-0.38792932,-0.2676795,-1.315136,79
-0.15865034,0.042122126,-0.33064193,-0.39519164,2.928439,0.24590114,0.43158925,1.5487027,-0.10327597,0.048507065,0.9114646,-0.071209624,-0.96346074,-0.9231375,-0.41814932,0.8239091,105
-1.1775181,-0.77903354,0.3384511,-0.97065896,2.3000855,-0.21351816,1.9112079,0.85403955,-0.87142503,-0.0064583644,-1.4630228,-0.066941634,-0.23416287,-0.004437305,1.9345374,0.42437613,86
-0.22386841,-2.0813498,-0.44016147,-0.46439523,1.4598453,0.17092508,2.4324486,0.37874287,-1.5834923,-0.9685914,-0.5393035,0.14846405,-0.50379544,0.9615355,3.2789905,-0.1485833,86
-0.83997536,-0.37466997,0.2312431,-0.7167436,2.227942,-0.0745765,1.4683688,0.85487473,-0.76412916,-0.4108429,-0.72447896,-0.09661983,-0.4833825,0.1599942,1.3416743,0.4578225,86
-0.8610105,-0.19100031,-0.009069294,-0.8422939,2.138789,-0.23525012,1.2919992,0.7812466,-0.7366862,-0.10613872,-0.5424253,0.050519347,-0.41060448,0.011732787,1.137906,0.22634247,86
-1.1109579,-0.3518193,0.38373977,-0.71034396,2.121089,-0.20417449,1.9154003,0.76300746,-0.5813055,-0.091732666,-1.2673045,-0.9625938,-0.6466338,-0.019936852,1.3040248,0.422831,86
-1.1624336,-1.2548747,0.20464706,-0.8836149,1.9689857,0.06515893,1.8461416,0.8856031,-1.1455387,-0.673904,-1.0425894,0.044336557,-0.22671798,0.539303,2.3447554,0.18845937,86
-0.14367725,-1.4483837,-0.10979462,-0.67077637,2.2046988,0.35339764,0.74064755,1.4219233,-0.331945,0.33870554,1.2415824,-0.27943742,-1.0983069,-0.7179683,0.4978443,-0.025432274,105
-0.3736816,-1.472839,2.2576685,-1.3144321,1.5981965,-1.9699488,3.5471225,0.5746523,-0.49420577,0.88190144,-1.9743392,-1.8360932,-2.0300071,0.5392137,3.1123428,1.1840942,86
-0.7794302,-1.3800426,-0.8210041,-0.74316657,1.9347184,0.9807105,0.40774155,1.9460444,-1.3817397,0.51114714,0.8850952,-0.86309814,-0.267115,-0.3425301,-0.50137824,-1.3344615,79
-0.11664846,0.15392116,-0.13331005,-0.483124,2.8551257,0.030915529,0.46574745,1.5339018,-0.0924431,0.17981192,0.7373638,-0.062195107,-0.9411394,-1.0042068,-0.3474008,0.8979729,105
-1.2151966,-0.7100811,0.33905926,-0.9572759,2.2633004,-0.18553978,1.8952858,0.8054136,-0.81850183,-0.012231782,-1.4662927,-0.09797923,-0.2062436,-0.0046099424,1.8854101,0.39526123,86
-0.30750895,-1.8193389,-0.4042169,-0.4864451,1.5936551,0.082429886,2.4023657,0.53742707,-1.7032508,-0.93990093,-0.6493101,0.28804246,-0.30001023,0.8163958,3.3174112,0.045557156,86
-0.86950994,-0.25416264,0.11527178,-0.67806554,2.2799442,0.0056674182,1.3853179,0.8936161,-0.76550937,-0.46158934,-0.7089033,-0.12255648,-0.47982994,0.10582626,1.1806476,0.44348466,86
-0.8141521,-0.22368276,-0.002292633,-0.82979,2.129004,-0.14039114,1.3178054,0.73835754,-0.67917323,-0.1269858,-0.5261771,-0.02800557,-0.49032316,0.053433195,1.0869336,0.16864088,86
-0.6418787,-0.4754185,0.57627034,-0.6043732,1.9706861,-0.051406756,2.435064,0.68298614,-0.60692644,-0.102782786,-1.2025701,-1.119293,-1.3301033,0.2711811,1.4941757,0.3157947,86
-1.1681228,-0.89714456,0.21566579,-0.80190015,1.9734105,0.044575393,1.7128003,0.89002025,-1.0235479,-0.57426584,-1.0165088,-0.059197545,-0.18035325,0.33123165,2.0167675,0.2744377,86
-0.04553605,-1.2320311,-0.08084017,-0.73862624,2.184634,0.32453474,0.8079732,1.2226931,-0.11656278,0.46594632,1.2395433,-0.27262387,-1.3947629,-0.64170015,0.44486997,-0.04053265,105
-0.49835885,-1.2960949,1.8948159,-1.126394,1.8048068,-1.7764622,3.2395697,0.7056496,-0.6137295,0.5031891,-1.9146931,-1.579768,-1.8600947,0.5956484,2.7192924,1.3153696,86
-0.7933295,-1.2691743,-0.82324564,-0.83508754,2.0574148,0.8415226,0.21301085,2.0549529,-1.3856944,0.7123282,1.0557926,-0.5719389,-0.3070096,-0.30698812,-0.6942207,-1.3083572,79
-0.07312417,0.16666088,0.100379586,-0.59164876,2.80766,-0.26159486,0.45963028,1.5963274,-0.103329204,0.2896524,0.69457555,-0.034694195,-1.0352921,-1.0101881,-0.28811944,0.98052114,105
-1.1626387,-0.5669597,0.38074982,-0.96467304,2.2181387,-0.17504683,1.905247,0.69756997,-0.6704656,-0.042101726,-1.42483,-0.17398472,-0.32707044,0.051106438,1.7996417,0.30325395,86
-0.25404772,-1.6762966,-0.26722902,-0.53770185,1.63662,-0.008686483,2.4131913,0.6161231,-1.7204174,-0.81774133,-0.68156457,0.2629452,-0.32130188,0.7361288,3.292294,0.06199354,86
-0.97057474,-0.12160219,-0.041472435,-0.6662146,2.3723803,0.09089661,1.3092976,0.9872459,-0.83626163,-0.5122704,-0.7130648,-0.11837523,-0.37385002,0.03357725,1.0517955,0.41219193,86
-0.8516261,-0.22697295,-0.025708348,-0.83969724,2.1506746,-0.08467281,1.3234869,0.74281585,-0.6507895,-0.16220947,-0.53453803,-0.075738,-0.49146762,0.0597357,1.0787745,0.15538561,86
-0.50469804,-0.47202796,0.72586167,-0.53033733,2.015723,0.04904577,2.6963222,0.71987873,-0.6673975,0.07755467,-1.3794258,-1.2405386,-1.433152,0.2397616,1.508127,0.31593898,86
-1.0449864,-0.48235202,0.33583057,-0.8113569,2.019792,-0.0882664,1.7100149,0.8021786,-0.684639,-0.47541988,-0.89171815,-0.20471779,-0.45891365,0.24285911,1.7228436,0.3707999,86
-0.07311961,-1.1440469,-0.02714844,-0.8411237,2.1733549,0.35719886,0.88693744,1.1339283,-0.05235017,0.5703265,1.1922216,-0.25579086,-1.470049,-0.5335456,0.48147774,-0.1504472,105
-0.6342609,-1.106923,1.4840379,-1.0315173,1.8533994,-1.6436888,2.8970315,0.89111793,-0.8589288,0.097513124,-1.561172,-1.1909167,-1.5172343,0.63237405,2.5263946,1.4049208,86
-0.76106507,-1.1855867,-0.7679759,-0.8612552,2.1721396,0.7257223,0.052388437,2.2626328,-1.5758456,0.859195,1.1688781,-0.18305367,-0.12792209,-0.4352305,-0.6680717,-1.1735222,79
-0.08562358,0.094667286,0.27514356,-0.65637475,2.71369,-0.4318263,0.46245953,1.644365,-0.08085476,0.40441406,0.6613537,-0.15357746,-1.0069113,-1.0818204,-0.26023614,1.0152633,105
-0.99118865,-0.35372335,0.5078701,-0.9955155,2.2023618,-0.24782774,1.9754521,0.5888115,-0.4092855,-0.07967636,-1.2879473,-0.25187415,-0.74434733,0.1855445,1.6883904,0.3031262,86
-0.15541652,-1.6131684,-0.16876659,-0.6044291,1.6185622,-0.0083575845,2.4310517,0.6287222,-1.6968341,-0.7009875,-0.68274325,0.2435613,-0.3569853,0.70091695,3.2534902,-0.02824089,86
-0.5914093,0.07190284,-0.10146825,-0.56557256,2.3327262,0.22173479,1.4694096,0.86914337,-0.6663555,-0.7517117,-0.3246442,0.0006376505,-0.91794616,0.34239632,1.0081344,0.42314482,86
-0.92015487,-0.16680315,-0.12574646,-0.8451544,2.2054048,0.018268853,1.2566335,0.7892469,-0.6547222,-0.22987492,-0.51799476,-0.0655895,-0.44990858,0.047424898,0.99470985,0.11999217,86
-0.4047714,-0.5822742,0.78025556,-0.6077223,2.067169,-0.025082141,2.8192506,0.7873705,-0.73021245,0.09306633,-1.3379344,-1.257856,-1.5804746,0.38430512,1.6334014,0.30919817,86
-0.95932555,-0.18059987,0.20358434,-0.7012172,2.0207782,-0.016706795,1.6952677,0.8047335,-0.64666945,-0.44119895,-0.73602355,-0.17003174,-0.49899593,0.13047318,1.5494888,0.4508121,86
-0.27943635,-1.1119373,0.017502174,-0.88899565,2.2240396,0.35412583,0.86144745,1.205456,-0.0688559,0.4678706,1.1285143,-0.2617985,-1.253472,-0.481026,0.5529885,-0.10985737,105
-0.62902796,-1.0716819,1.2162304,-0.9252627,1.8017248,-1.5039854,2.6310935,1.1410843,-1.1521175,-0.17451634,-1.1695516,-1.0632658,-1.4293172,0.61638993,2.3033261,1.3210411,86
-0.7572863,-0.9882169,-0.7606334,-0.89432853,2.1093607,0.54081726,-0.052857798,2.290905,-1.5429846,0.9865765,1.3380506,-0.007289946,0.07852011,-0.62056005,-0.64302975,-1.0538468,43
-0.1377379,-0.035330415,0.34851968,-0.65597564,2.6208954,-0.49564394,0.47555727,1.6236349,-0.029814228,0.41003823,0.67455137,-0.24943458,-0.9963537,-1.0823985,-0.18629763,1.0697999,105
-0.919864,-0.20160773,0.40170154,-0.93889546,2.2588115,-0.15904254,2.006654,0.6140808,-0.39544672,-0.1634094,-1.1523013,-0.17611992,-0.88058704,0.22092648,1.6355071,0.3717569,86
-0.12783422,-1.5415297,-0.17612883,-0.6476529,1.5904107,0.028792977,2.4066577,0.61282563,-1.6798307,-0.63714355,-0.67351884,0.295248,-0.30652118,0.6655688,3.208751,-0.10917031,86
-0.47388247,0.12347317,-0.16342568,-0.50730675,2.332229,0.27079698,1.6961895,0.8661641,-0.778263,-0.80275637,-0.369573,0.00081551075,-1.0176004,0.45055795,1.1579381,0.39927292,86
-0.71563774,0.04067269,-0.18893227,-0.7954911,2.11497,-0.0057561696,1.3009079,0.7393673,-0.49792004,-0.41666228,-0.106244385,0.06369656,-0.694589,0.17809205,1.0299318,0.2708063,86
-0.47984856,-0.63333464,0.56713593,-0.64414406,1.987833,0.00016748905,2.6751356,0.86901224,-0.89499354,-0.170216,-1.0998735,-1.0408779,-1.3825153,0.53220934,1.7807794,0.21803287,86
-0.7849092,0.14949057,0.045411557,-0.6180338,2.0972269,0.103229314,1.6436968,0.83583283,-0.65055823,-0.4990226,-0.5569235,-0.009971201,-0.5282256,0.108322665,1.3542359,0.51688474,86
-0.55911565,-0.6701175,-0.265171,-0.7050037,2.377539,0.44216928,0.48571315,1.3559383,-0.059457734,0.102138035,1.2693139,-0.067624465,-0.8531876,-0.7162809,0.280726,0.25063446,105
-0.60847354,-1.1588584,1.1092403,-0.7996505,1.7385591,-1.4357396,2.4912407,1.3427247,-1.4074967,-0.31738222,-0.9711696,-1.0804149,-1.4648924,0.5803718,2.147203,1.2123182,86
-0.9214445,-0.8313707,-0.88121086,-0.6992054,2.3226495,0.64686096,-0.15218148,2.391934,-1.7492669,0.78937954,1.0590082,0.12941241,0.093349785,-0.6510008,-0.8148265,-0.8518221,43
-0.22086978,-0.10207769,0.3036512,-0.61901236,2.5557306,-0.47605947,0.43690404,1.574748,-0.011997461,0.28367642,0.68194497,-0.29352534,-1.0428084,-1.0162084,-0.17341968,1.1043744,105
-0.7079772,-0.043343946,0.24309346,-0.8991614,2.1884642,-0.011103928,1.8267057,0.63348776,-0.33458567,-0.19356276,-0.6816907,0.0250915,-0.8279938,0.19847979,1.4963733,0.37396425,86
-0.09922014,-1.4396212,-0.23132604,-0.6515653,1.5714947,0.11046907,2.3343444,0.59984255,-1.6652114,-0.59216666,-0.644573,0.35777012,-0.18165377,0.5992434,3.0887086,-0.17046791,86
-0.23421517,-0.2828568,0.24113,-0.6085463,2.1834598,0.051012337,2.2737675,0.7329909,-0.78776157,-0.5405927,-0.7960619,-0.5315173,-1.489383,0.66697836,1.5335822,0.22985154,86
-0.6994765,0.37911758,-0.48416066,-0.70022714,2.1587133,0.12118667,1.1633046,0.76148784,-0.543224,-0.6457635,0.096740335,0.36117914,-0.5655846,0.2034102,0.93617904,0.36875695,86
-0.5412718,-0.767179,0.26044577,-0.639888,1.8439502,0.16250178,2.5438302,0.898492,-1.0878458,-0.43593425,-0.8763691,-0.85099614,-1.0673149,0.58976954,1.9652097,0.08617002,86
-0.5063536,0.0025705397,0.20027283,-0.6223762,2.1257024,0.028838843,1.9554846,0.7806243,-0.6571476,-0.43439454,-0.69806767,-0.17713672,-0.91656303,0.27743977,1.4778347,0.5125917,86
-0.36637017,-0.18084997,-0.48465425,-0.26272458,2.3390872,0.45910165,0.32507986,1.3236471,-0.22637898,-0.30082035,1.0868998,-0.2531681,-0.9416341,-0.8384048,-0.10845246,0.437792,105
-0.65224606,-1.3007272,1.1226935,-0.7505628,1.6225219,-1.4676132,2.4541247,1.452861,-1.6081036,-0.38701755,-0.8864033,-1.0507491,-1.4584018,0.6061858,2.2285614,1.0963869,86
-0.95637864,-0.83290637,-1.0086131,-0.7024652,2.3972137,0.68924344,-0.22902358,2.4269927,-1.7832016,0.674782,1.088361,0.15168595,0.13078076,-0.65170723,-0.86383355,-0.82837987,43
-0.2849985,-0.117136255,0.22835948,-0.5964318,2.4767365,-0.44881904,0.41600564,1.4938123,-0.035058886,0.1654566,0.6065544,-0.35655743,-1.0628842,-0.95087785,-0.19681627,1.0470343,105
-0.49459264,0.019836247,0.2848602,-0.9017314,2.125922,-0.08178997,1.8466882,0.61268693,-0.28871602,-0.17856582,-0.48297852,0.089128345,-0.93180054,0.24340965,1.5292925,0.4259885,86
-0.055870526,-1.2933943,-0.3110014,-0.6517513,1.531513,0.17726707,2.202304,0.5725381,-1.6251172,-0.5536642,-0.5573866,0.43650988,-0.018528223,0.5260037,2.91581,-0.21686451,86
-0.19389668,-0.33367527,0.54089296,-0.6339833,2.1841865,-0.14680101,2.600497,0.72140896,-0.79280615,-0.2831505,-1.1844565,-0.7946305,-1.715651,0.6112588,1.6834785,0.2818121,86
-0.36930817,0.3952075,-0.4271838,-0.78198946,1.8746613,-0.0819958,1.3227822,0.6678599,-0.50932324,-0.5462732,0.36502868,0.15159759,-0.65226144,0.3042547,1.122357,0.2213014,86
-0.58105844,-0.90640724,0.14816631,-0.5211052,1.70938,0.19424805,2.4149826,0.9694239,-1.2497345,-0.58181584,-0.736603,-0.82985425,-0.9833438,0.6104285,1.959404,0.010037497,86
-0.26987258,-0.21190433,0.6470224,-0.66997933,1.9759893,-0.19822632,2.3921778,0.68155444,-0.6106831,-0.11336546,-1.0624443,-0.6379637,-1.2142823,0.30470622,1.6930561,0.44874418,86
-0.28694725,-0.0958457,-0.29086477,-0.23589844,2.6759129,0.21396473,0.4099063,1.4971247,-0.40269485,-0.38321328,0.74854565,-0.19904038,-1.0986685,-0.7033306,-0.16634446,0.687643,105
-0.7218914,-1.5725924,1.0564722,-0.76368445,1.4562916,-1.4862872,2.43129,1.4142022,-1.7364805,-0.48909044,-0.78539824,-0.9871235,-1.4334078,0.7526569,2.4517102,0.86353225,86
-0.97558105,-0.87155795,-1.0638003,-0.69090176,2.4185228,0.6961343,-0.26664963,2.4179623,-1.7856747,0.6272831,1.1144313,0.17482117,0.1760987,-0.67965806,-0.8521171,-0.8005135,43
-0.35193577,-0.21199208,0.12111221,-0.5697139,2.43647,-0.40070325,0.4405086,1.4202343,-0.05083984,0.06547483,0.5734308,-0.47051883,-1.0327433,-0.9029979,-0.15319344,1.0408008,105
-0.49078608,-0.13970923,0.5793326,-0.87343204,2.0397189,-0.3603243,2.268569,0.52198035,-0.4278386,-0.1370456,-1.1259255,-0.43653673,-1.112511,0.37450558,1.7541647,0.41788292,86
-0.0111911595,-1.1312109,-0.37136048,-0.6737421,1.5186862,0.20142469,2.0603065,0.5417637,-1.5807569,-0.5692688,-0.4633972,0.5402241,0.07146593,0.5221784,2.7526622,-0.2781363,86
-0.3039757,-0.293397,0.52905756,-0.71982276,2.146414,-0.27719533,2.5998235,0.7085039,-0.8961408,-0.34031355,-1.2769154,-0.66853595,-1.5473689,0.61485225,1.8830732,0.28622434,86
-0.11951743,-0.12684023,0.19024643,-0.8254282,1.8092035,-0.29410565,2.111824,0.45348126,-0.4349924,-0.20522548,-0.5069097,-0.6415384,-1.3592869,0.49418586,1.4831889,0.19996628,86
-0.6778919,-1.0507776,0.078289375,-0.48416317,1.6897643,0.16450867,2.3571827,1.0608475,-1.408725,-0.692237,-0.6943593,-0.8050537,-0.96656364,0.61951417,1.9967285,-0.0024204254,86
-0.35468954,-0.30272403,0.7552017,-0.67150426,2.0819674,-0.40011707,2.634129,0.7065197,-0.73629177,-0.12471609,-1.3774824,-0.8376672,-1.402096,0.4067158,1.872275,0.45643926,86
-0.28781432,-0.094355434,0.018686965,-0.35404828,2.975257,-0.050005198,0.50882185,1.6859953,-0.3787138,-0.2635618,0.6487594,-0.03413567,-1.2366818,-0.63087165,-0.11737839,1.0359955,105
-0.8220379,-1.6633098,0.9379573,-0.77780175,1.3352125,-1.470194,2.3457723,1.2812752,-1.7295982,-0.5491804,-0.7502432,-0.8938252,-1.3114567,0.8086058,2.558304,0.6772407,86
-0.9453757,-0.8751385,-1.1087639,-0.71413136,2.4661028,0.7128737,-0.28507346,2.3972588,-1.7276896,0.5920146,1.143423,0.15059075,0.21179828,-0.7115175,-0.869752,-0.7895828,43
-0.404851,-0.27629033,-0.028654337,-0.5258428,2.3562143,-0.32465714,0.46392083,1.3373771,-0.14592856,-0.058200076,0.5298228,-0.5053719,-0.8965249,-0.8625541,-0.06633747,0.99574846,105
-0.7440817,-0.09671527,0.6350317,-0.91399366,2.1296794,-0.7729839,2.4084578,0.5782375,-0.5987929,-0.22568415,-1.3798009,-0.5476159,-1.1633105,0.5059947,1.9561329,0.48985308,86
0.00015199184,-1.02408,-0.4204843,-0.68480945,1.5345173,0.18876475,1.9367216,0.5399925,-1.5556484,-0.5891612,-0.3698526,0.5825045,0.114120744,0.540379,2.5810637,-0.32403833,86
-0.43398252,-0.4257369,0.49639687,-0.7775817,2.123309,-0.38443068,2.536779,0.7432177,-1.0358658,-0.44006115,-1.2899647,-0.56993383,-1.474339,0.689558,2.0394857,0.21859792,86
0.010706387,-0.22713119,0.5354507,-0.78808033,1.8924463,-0.408648,2.4613237,0.446136,-0.39426228,0.022361334,-0.9790052,-1.0410241,-1.7944626,0.4377218,1.5073804,0.2585552,86
-0.6694907,-1.1268632,0.050805517,-0.49828988,1.6250408,0.14189097,2.296898,1.1396873,-1.538767,-0.7533403,-0.6181666,-0.7836703,-1.050784,0.6428185,1.9702529,-0.08173085,86
-0.6000622,-0.48191118,0.6440079,-0.78197795,2.0199406,-0.5478798,2.5972223,0.7530365,-0.95431244,-0.31492954,-1.2976253,-0.6303963,-1.2356591,0.5455225,2.2569168,0.35902172,86
-0.34896925,-0.07257004,0.1689914,-0.5310817,2.966445,-0.15205859,0.50786036,1.7867829,-0.35558495,-0.15375717,0.56694424,-0.16731057,-0.98727244,-0.78108394,-0.09738397,1.0506115,105
-0.8626026,-1.5103489,0.79931754,-0.78000283,1.2472916,-1.4339907,2.2087495,1.0863037,-1.6090246,-0.5543618,-0.7411822,-0.7688328,-1.1898935,0.77266085,2.5125766,0.554041,86
-0.8930136,-0.9398627,-1.1349118,-0.8123522,2.4099298,0.6876341,-0.39286533,2.3970194,-1.6192122,0.6511324,1.3050354,0.040020287,0.2043314,-0.7371238,-0.9846916,-0.8782539,43
-0.45260254,-0.32895157,-0.18408912,-0.45606458,2.255676,-0.23593491,0.50111574,1.2349563,-0.24485084,-0.1585091,0.500945,-0.45418376,-0.726567,-0.80839515,0.020490617,0.95405954,105
-0.9206367,-0.21940258,0.61969924,-0.97523344,2.1578763,-0.9590435,2.3813586,0.69014907,-0.76861763,-0.32846797,-1.3862345,-0.4627979,-1.1468154,0.56089705,2.1465476,0.49473923,86
-0.07141363,-0.9230082,-0.41234952,-0.7041587,1.5396663,0.04735735,1.8498102,0.5330488,-1.5072078,-0.54945314,-0.3042146,0.6190239,0.15585631,0.52717125,2.4983966,-0.27017015,86
-0.50397396,-0.44843137,0.57000256,-0.7624291,2.131788,-0.45543522,2.5128045,0.8537731,-1.1627188,-0.4670512,-1.3824143,-0.54459524,-1.4668157,0.6313684,2.0449007,0.25301102,86
-0.11907538,-0.16840659,0.6036835,-0.9248866,1.8721833,-0.6866172,2.432573,0.49620274,-0.50867975,0.050707012,-1.0118134,-0.9920695,-1.6326795,0.44522685,1.6660436,0.24292183,86
-0.6817032,-1.3107457,0.052172475,-0.53854585,1.5172486,0.15792295,2.313548,1.1398077,-1.6136733,-0.79652655,-0.5781251,-0.774452,-1.1717428,0.7208877,2.0832672,-0.24959816,86
-0.6680437,-0.5678273,0.65213114,-0.83524144,1.9970499,-0.62110656,2.526425,0.8499305,-1.0863471,-0.3783552,-1.267122,-0.57008106,-1.2425023,0.54217714,2.3439345,0.30997938,86
-0.4097424,0.047797203,0.18847653,-0.6495764,2.7764115,-0.29490367,0.34080386,1.8321255,-0.42569733,-0.27402562,0.5793791,-0.19133559,-0.82137865,-0.84079504,-0.06630512,0.91988164,105
-0.85740536,-1.3302138,0.6872157,-0.7591753,1.2839893,-1.3987871,2.0878673,0.9715072,-1.4977583,-0.56735945,-0.749452,-0.7051299,-1.1988393,0.69588935,2.3760998,0.4680348,86
-0.8462813,-0.96180177,-1.090991,-0.8269724,2.4076133,0.6135061,-0.42679542,2.4051328,-1.5873832,0.7088119,1.3405392,-0.004645884,0.18827939,-0.78770036,-1.0308536,-0.87622523,43
-0.51275504,-0.39697802,-0.33780485,-0.4302671,2.2004845,-0.18425588,0.583601,1.1565609,-0.3729875,-0.27319223,0.3326246,-0.5622459,-0.593861,-0.69668144,0.054087594,0.83943135,105
-0.86143345,-0.26706845,0.7708827,-0.94481033,2.1751356,-1.0169426,2.3565989,0.7974483,-0.8518721,-0.29235518,-1.4763551,-0.54742676,-1.2836044,0.47958452,2.068743,0.50027937,86
-0.13131955,-0.8279886,-0.3195146,-0.7244729,1.550999,-0.14875361,1.8139434,0.53650063,-1.469657,-0.49885392,-0.27833563,0.66559684,0.17583218,0.5303919,2.485496,-0.17491236,86
-0.4205824,-0.6965597,0.5245968,-0.74610406,2.0057526,-0.35820302,2.4667053,0.91128266,-1.2942388,-0.557604,-1.282535,-0.647689,-1.5927576,0.70047367,2.0112464,0.02844596,86
-0.35182554,-0.13167253,0.5908704,-1.0139987,2.0352635,-0.80071586,2.4219608,0.5782663,-0.70389855,-0.12349106,-1.2429,-0.7546489,-1.6117717,0.56523216,1.8210022,0.25124553,86
-0.69586533,-1.6174958,0.095608294,-0.6247019,1.3998817,0.23666474,2.4249325,1.0571456,-1.622356,-0.8129393,-0.5938475,-0.7824334,-1.2853527,0.85909134,2.3535962,-0.50644946,86
-0.6935312,-0.61057115,0.6489686,-0.8134163,1.9543107,-0.64659727,2.463514,0.96586525,-1.2662917,-0.4706815,-1.2467024,-0.49105918,-1.2938927,0.5655807,2.3390126,0.27112025,86
-0.4871639,0.05747798,0.13590322,-0.68125266,2.5314894,-0.3529414,0.24370974,1.7586449,-0.4221356,-0.36695462,0.58834195,-0.32985336,-0.8019216,-0.79486054,-0.1101936,0.75280696,105
-0.81942046,-1.1168982,0.61694586,-0.7398243,1.4140359,-1.3560525,2.0094962,0.91456425,-1.4112062,-0.6004904,-0.8144597,-0.63386965,-1.2597512,0.630288,2.218433,0.44239616,86
-0.8235595,-1.0269494,-1.0958822,-0.86491287,2.4039743,0.57805693,-0.44133937,2.3880527,-1.4952013,0.77198225,1.4035356,-0.115952864,0.15830831,-0.82551706,-1.0833944,-0.9161509,43
-0.44419113,-0.60242796,-0.198735,-0.4080475,2.1596978,-0.14166304,0.78033376,1.0338386,-0.17420581,-0.25661355,0.46540156,-0.55144286,-0.7603468,-0.55548984,0.2965336,0.9664201,105
-0.7765792,-0.22128025,0.93035,-0.93715143,2.081828,-1.1275743,2.281466,0.9035846,-0.9502524,-0.24421252,-1.4694607,-0.5542371,-1.3744595,0.43370128,1.9572155,0.48878074,86
-0.1916393,-0.88398397,-0.24282917,-0.73537034,1.5811828,-0.2774457,1.8292279,0.565326,-1.4744252,-0.51114595,-0.28074294,0.67580235,0.14839068,0.59077585,2.553708,-0.09194708,86
-0.39248458,-1.0758188,0.54562205,-0.7655716,1.8462566,-0.25073957,2.5068705,0.8976655,-1.3652556,-0.6090158,-1.2302567,-0.73483056,-1.707472,0.8193038,2.1619298,-0.21318778,86
-0.43881068,-0.19303589,0.6183985,-1.0305517,2.1218672,-0.8041959,2.398006,0.69497573,-0.8462726,-0.23030634,-1.3888633,-0.7404959,-1.6918385,0.6178305,1.8035771,0.20857134,54
-0.725517,-1.8685167,0.08250133,-0.72696495,1.2493303,0.26404825,2.4894369,0.8926399,-1.5614041,-0.79638326,-0.5691042,-0.7331693,-1.3580426,1.003777,2.6158102,-0.73818636,86
-0.66698927,-0.881081,0.5969792,-0.81251,1.8296664,-0.5462675,2.4223795,1.017463,-1.4012526,-0.59860075,-1.1492145,-0.5072972,-1.4261917,0.68587434,2.3886166,0.056688696,86
-0.53007776,-0.073627576,0.0424821,-0.592466,2.3776162,-0.33987194,0.22392337,1.7204124,-0.50481623,-0.49927688,0.5744045,-0.45821643,-0.9307992,-0.7152371,-0.1655913,0.7373244,105
-0.7678101,-0.8994365,0.54756236,-0.7650788,1.5996671,-1.3284715,1.9398397,0.8301332,-1.278407,-0.68268514,-0.91299796,-0.5250365,-1.4317081,0.6766319,2.039102,0.40118194,86
-0.8179733,-1.0906672,-1.0690222,-0.9216704,2.3846896,0.5076314,-0.46951336,2.3674705,-1.387921,0.84398353,1.4689375,-0.24355432,0.1352091,-0.8633174,-1.1361427,-0.9689468,43
-0.02577483,-0.9250114,0.66539866,-0.5122068,2.1365328,-0.40883306,1.6464567,0.55688137,0.25844118,0.3307255,0.1866709,-0.42268556,-0.86936396,-0.24176724,1.0485692,1.3203101,105
-0.70006067,-0.34750828,1.0787923,-0.89491737,1.9788414,-1.1713948,2.2915576,0.9747752,-1.027558,-0.19019188,-1.495664,-0.6836711,-1.4889627,0.39740044,1.9122627,0.44695455,86
-0.19009562,-0.8232579,-0.10248387,-0.73561037,1.6046083,-0.40790468,1.8585848,0.56443715,-1.4255413,-0.46195412,-0.32000828,0.640651,0.09267294,0.6082862,2.5349665,-0.017305538,86
-0.40631312,-1.4070313,0.5458025,-0.8269409,1.6831074,-0.14083186,2.549709,0.8269328,-1.3916004,-0.6647291,-1.1883764,-0.69799626,-1.7201176,0.94955355,2.4250813,-0.4226541,86
-0.50003695,-0.5093349,0.57129055,-0.9893419,2.032039,-0.7538775,2.3311775,0.828091,-1.0858079,-0.39335698,-1.3164992,-0.73189676,-1.7221055,0.70446867,1.8896246,0.07492113,54
-0.8194179,-1.9270062,-0.061001316,-0.82399416,1.1895963,0.24007955,2.4499226,0.7278913,-1.4827874,-0.8480104,-0.4962921,-0.58226615,-1.3307811,1.1205893,2.7772336,-0.85608906,86
-0.66375065,-1.3170358,0.5497531,-0.869288,1.6694536,-0.3809211,2.4517992,0.9776671,-1.4745551,-0.7099887,-1.0577704,-0.51001126,-1.506916,0.8665065,2.6395218,-0.25230443,86
-0.5208044,-0.25401616,0.04800962,-0.56919,2.2436998,-0.3889265,0.31871235,1.6188972,-0.5328406,-0.46813476,0.43579382,-0.66647923,-1.0043836,-0.66561806,-0.15329957,0.6849068,105
-0.7564625,-0.7301529,0.48472294,-0.7745197,1.7984,-1.3082298,1.8571824,0.7497481,-1.0917925,-0.7116361,-0.97543967,-0.49098665,-1.6267345,0.6881997,1.8162285,0.4149776,86
-0.78603643,-1.091112,-0.9957928,-0.94922507,2.405153,0.41790327,-0.46809226,2.3337572,-1.3533057,0.84117085,1.4377041,-0.2602772,0.08729907,-0.8542115,-1.1197865,-0.98850596,43
-0.13508058,-0.7631866,0.703423,-0.40782404,2.1473954,-0.51372373,1.5645559,0.6613426,0.06898871,0.32952625,0.07335073,-0.2883097,-0.69052154,-0.35932863,1.0180283,1.4801757,105
-0.55044836,-0.5406087,1.2072749,-0.8453783,1.8684517,-1.1191545,2.332492,0.9731231,-1.0434419,-0.13490649,-1.5167055,-0.8961216,-1.6872267,0.4024366,1.8557558,0.3042319,86
-0.16871919,-0.7917708,0.027553134,-0.73196,1.6202193,-0.49303555,1.8796519,0.5835326,-1.4021229,-0.4259687,-0.32505953,0.62141204,0.06680626,0.62465465,2.529122,0.038279876,86
-0.43068102,-1.6142943,0.37782878,-0.883898,1.5268352,-0.060221896,2.475949,0.72859627,-1.4111608,-0.7797296,-1.0116937,-0.58931994,-1.711443,1.0971516,2.6026845,-0.6171138,86
-0.57539046,-0.98313653,0.5838506,-0.9848035,1.8951668,-0.6428457,2.373761,0.88722897,-1.2629403,-0.52608526,-1.2769376,-0.7044267,-1.7497114,0.82890886,2.1848726,-0.108042434,86
-0.92073226,-1.8798226,-0.23682544,-0.9094244,1.2235886,0.18395036,2.364436,0.6008866,-1.4259106,-0.96045,-0.3936156,-0.38392127,-1.2584114,1.220244,2.8800402,-0.9223281,86
-0.69684917,-1.691395,0.4161195,-0.92386353,1.4982051,-0.21125445,2.4335158,0.9142343,-1.5300303,-0.8480731,-0.8756566,-0.43670124,-1.4761957,1.0372851,2.8968236,-0.506799,86
-0.5261531,-0.4397968,0.05940237,-0.60233337,2.106263,-0.45491844,0.43663898,1.4741579,-0.42245325,-0.33786833,0.40983352,-0.90575993,-1.0756477,-0.6798184,-0.04509341,0.6386266,105
-0.7102682,-0.6928872,0.43501008,-0.74208146,1.8395662,-1.1888261,1.8024946,0.71510315,-0.9852525,-0.66102594,-0.9533645,-0.5200684,-1.6545863,0.57874507,1.6775922,0.40520936,86
-0.7721791,-1.1437094,-0.9494907,-0.9472704,2.4009042,0.37307236,-0.43195558,2.2787416,-1.3518437,0.81205523,1.3741816,-0.27215064,0.03492687,-0.82417333,-1.0551261,-1.0175946,43
-0.29423115,-0.7643413,0.5424951,-0.26329455,2.2632968,-0.4676806,1.5984341,0.7223146,-0.029223084,0.5018237,-0.09593642,-0.39561945,-0.73571074,-0.5673583,0.8316577,1.6605284,105
-0.4221338,-0.7027241,1.2493272,-0.79569924,1.7189107,-1.0464973,2.3177729,0.93261015,-1.0183982,-0.087551534,-1.4392898,-1.0757575,-1.792162,0.38526064,1.788139,0.18268716,86
-0.14998955,-0.75101566,0.14843832,-0.7391749,1.6554005,-0.54880434,1.8896952,0.61410457,-1.36858,-0.39398253,-0.32287633,0.60604227,0.081897,0.6183766,2.5175843,0.097068876,86
-0.4990063,-1.6962042,0.19637217,-0.8966551,1.4454345,-0.026666075,2.3816762,0.6868224,-1.4356725,-0.906518,-0.8360374,-0.49969256,-1.6097199,1.1555136,2.69306,-0.67512333,86
-0.6012273,-1.3955367,0.53712296,-1.0051975,1.704025,-0.5435933,2.3440142,0.87745714,-1.3638725,-0.64968085,-1.1034372,-0.6719042,-1.720305,0.96346384,2.4463546,-0.32432264,86
-0.9722669,-1.83595,-0.4236297,-0.95947874,1.207677,0.15840453,2.2786002,0.47575843,-1.4025126,-1.0639886,-0.23305821,-0.15629572,-1.154256,1.2962399,3.0045676,-0.9965968,86
-0.7395639,-1.9104313,0.27218676,-0.9451581,1.3668242,-0.12921938,2.37695,0.864135,-1.561905,-0.9511941,-0.6913594,-0.38284498,-1.4247308,1.1301261,3.0383806,-0.63612473,86
-0.5121802,-0.5891274,0.07215722,-0.6430037,1.9255327,-0.52174675,0.5946927,1.2839514,-0.3876168,-0.24206187,0.31503555,-1.0737312,-1.0498562,-0.62474203,0.13405114,0.51162463,105
-0.63139343,-0.7276175,0.355655,-0.659226,1.7631462,-0.9773911,1.758171,0.7025564,-0.94388354,-0.5814615,-0.8524724,-0.5327187,-1.5426965,0.3936442,1.6138963,0.3978111,86
-0.76525956,-1.2014564,-0.928773,-0.9274996,2.3778167,0.3766255,-0.35390177,2.203712,-1.3523352,0.79376644,1.2918189,-0.2877315,-0.024268217,-0.8058384,-0.9518347,-1.0559735,43
-0.52025974,-0.8677316,0.07530301,1.7255545e-05,2.2784398,-0.3137338,1.3689823,0.92825866,-0.40833867,0.10408506,0.013558269,-0.2894625,-0.6675304,-0.560042,0.8475879,1.755512,45
-0.40673444,-0.7909881,1.1735537,-0.75138,1.6023765,-1.0174587,2.251439,0.87993443,-1.0000577,-0.091536865,-1.3263361,-1.1353426,-1.7941842,0.3674385,1.7544551,0.1517266,86
-0.12008837,-0.6971936,0.23942682,-0.75969756,1.6950998,-0.559145,1.8731222,0.6520138,-1.3272529,-0.37116635,-0.29296815,0.5931995,0.11976722,0.5899382,2.479443,0.13004148,86
-0.56529427,-1.6743708,0.09395276,-0.9122109,1.4063628,-0.0856581,2.3116198,0.6363675,-1.4164131,-0.9481614,-0.73916256,-0.43777394,-1.5090189,1.1565113,2.731543,-0.6566075,86
-0.61986756,-1.6499104,0.43678272,-0.9688465,1.5670314,-0.46253628,2.2654176,0.88124716,-1.4331688,-0.7639991,-0.89967394,-0.67390454,-1.6420411,1.021392,2.544333,-0.4250251,86
-1.0037277,-1.8664284,-0.5845884,-0.95662236,1.1544583,0.22097144,2.222142,0.41117018,-1.3893533,-1.1020681,-0.05533907,-0.048329517,-1.0244133,1.276299,3.0844383,-1.0635929,86
-0.75303346,-1.9745984,0.19194624,-0.9369743,1.2968818,-0.13332337,2.3378973,0.8253895,-1.5778772,-1.0007303,-0.58192784,-0.35455793,-1.385192,1.1651345,3.0911663,-0.6519033,86
0.19797677,-1.4176427,0.9756758,-0.78105426,1.796739,-0.7120376,1.9858949,0.4517627,0.2212885,0.46726453,0.16745248,-0.95585907,-1.5339268,0.0042825043,1.466211,0.70723224,105
-0.5837034,-0.77287626,0.17875469,-0.55659413,1.6588317,-0.7589663,1.7470597,0.6386193,-0.934175,-0.5327375,-0.74208426,-0.47877723,-1.3430563,0.24426322,1.647642,0.38424194,86
-0.7234078,-1.2378064,-0.8592742,-0.9202397,2.37711,0.3636444,-0.2609085,2.1136167,-1.3298417,0.7617204,1.1811056,-0.31500012,-0.12797928,-0.7579674,-0.85120445,-1.0940874,43
-0.5353203,-0.7902206,-0.06602435,-0.0134397745,2.2969244,-0.17523223,1.2656208,0.9998758,-0.5746448,-0.14745711,-0.07028437,-0.33267897,-0.8022455,-0.42659664,0.7806211,1.5438669,86
-0.4741867,-0.8337586,1.056976,-0.75764024,1.5303969,-1.082615,2.1834145,0.8143873,-0.99136615,-0.1201811,-1.2166901,-1.1190428,-1.756474,0.3967939,1.7984985,0.15521905,86
-0.064065635,-0.62147456,0.35473514,-0.80490994,1.7105671,-0.609691,1.8662943,0.69056344,-1.2954491,-0.311911,-0.25150532,0.63063204,0.17732003,0.5438241,2.485682,0.16181272,86
-0.63623774,-1.6024106,-0.004281834,-0.95802987,1.4374647,-0.19270167,2.2665195,0.55781364,-1.3665264,-1.0033773,-0.6975956,-0.3827241,-1.4611281,1.2008969,2.7636046,-0.6323515,86
-0.6489411,-1.6531222,0.35783082,-0.9027971,1.4935578,-0.4746992,2.1999207,0.84701645,-1.4500155,-0.8004246,-0.8151574,-0.64204466,-1.5202157,0.99049133,2.5355086,-0.35771218,86
-1.0100873,-2.0554397,-0.6849307,-0.9668817,1.0632082,0.30482236,2.2258577,0.3793046,-1.4116106,-1.1129352,0.10582769,0.026587367,-0.9613026,1.2769378,3.251101,-1.1601937,86
-0.78608555,-1.9846419,0.12499324,-0.9432742,1.2518661,-0.20417118,2.3037298,0.75462055,-1.5537769,-1.0200942,-0.5109422,-0.32801166,-1.3595529,1.1950768,3.1281798,-0.63753587,86
0.7208385,-1.7993889,1.6536164,-0.85808563,1.7068585,-0.9321568,2.9213166,-0.013450325,0.43349174,0.9451533,-0.10206854,-0.8251524,-1.4877293,0.35142487,2.3975224,0.9791058,105
-0.5472504,-0.74204576,0.019318417,-0.4741613,1.5513009,-0.6362659,1.7516731,0.5539836,-0.94184494,-0.49264932,-0.6669482,-0.41966307,-1.1217018,0.14985819,1.6881399,0.3689742,86
-0.68781245,-1.3516182,-0.7643705,-0.9262121,2.3384655,0.32067207,-0.13303113,2.036892,-1.3061703,0.79061115,1.0802488,-0.40590295,-0.28571486,-0.70177495,-0.721554,-1.1429513,79
-0.7843495,-0.57531726,-0.10669646,-0.22572602,2.4327536,-0.31304052,1.2609907,1.0902779,-0.6071325,-0.17839642,-0.14460596,-0.1401995,-0.6188961,-0.45570207,1.0547388,1.6151941,86
-0.5636773,-0.8895333,0.94360256,-0.7849957,1.4947832,-1.1783649,2.1515355,0.7506192,-1.000123,-0.15478486,-1.1317164,-1.0685027,-1.6721785,0.4387802,1.9154805,0.18345195,86
0.07042435,-0.5764596,0.46577853,-0.89332545,1.6810728,-0.6906799,1.9030192,0.7111407,-1.2832896,-0.18829207,-0.16103244,0.6930765,0.215906,0.49557543,2.5644884,0.15232253,86
-0.6649192,-1.5077691,-0.03532107,-0.9657043,1.516142,-0.2708957,2.2780013,0.5045016,-1.3443257,-1.0601438,-0.71296597,-0.30776522,-1.4048904,1.2198573,2.80103,-0.58192945,86
-0.68271935,-1.5970993,0.27213633,-0.86454576,1.4297079,-0.52353716,2.154676,0.7691586,-1.4306865,-0.79988945,-0.76073325,-0.5989677,-1.4088169,0.95657974,2.5419078,-0.28698704,86
-1.0176361,-2.181762,-0.7612001,-0.9591229,1.012564,0.36920926,2.2242172,0.3538154,-1.4275494,-1.1245024,0.19251959,0.08371711,-0.91883737,1.2584667,3.3658862,-1.2391653,86
-0.8365756,-1.9969,0.046843685,-0.9567304,1.2405466,-0.27757287,2.3011599,0.6716138,-1.5083275,-1.0391761,-0.4759748,-0.31094712,-1.3325242,1.216621,3.1780033,-0.60550785,86
0.73137045,-1.7886335,1.6872058,-0.83179647,1.6482514,-0.9372773,3.038822,-0.1455192,0.4138864,0.9003215,-0.14133897,-0.6376709,-1.2383165,0.52551943,2.5966372,1.0806103,105
-0.5739378,-0.7252413,-0.076554,-0.45113048,1.5066173,-0.6905397,1.8293117,0.47346717,-0.97667277,-0.43372965,-0.72560525,-0.46324623,-0.99681026,0.13072568,1.7831359,0.38411534,86
-0.58160436,-1.4718262,-0.6647867,-0.89227235,2.2978616,0.34691766,-0.023744982,2.0054169,-1.2827048,0.8163054,1.0569873,-0.4453829,-0.4568514,-0.7090067,-0.6114426,-1.1323884,79
-0.8580462,-0.32129726,-0.05241759,-0.40083072,2.5978074,-0.31576347,1.2541949,1.1847463,-0.6271356,-0.12346743,-0.3512085,-0.09764448,-0.49638978,-0.57560265,1.0947427,1.538733,86
-0.6198306,-0.8872467,0.8435381,-0.8114195,1.5325265,-1.2401245,2.1440148,0.7038859,-0.9680897,-0.20456623,-1.0892448,-1.0509486,-1.6784202,0.47017062,1.94675,0.19253805,86
0.25272578,-0.6434547,0.57046956,-0.9971698,1.5847903,-0.77048993,1.9996498,0.71671903,-1.2951547,-0.006860547,-0.0035260916,0.7055137,0.19427967,0.45654333,2.7228026,0.056830585,86
-0.7048568,-1.4713001,-0.0697135,-0.9540144,1.5186894,-0.3345369,2.3041143,0.44419307,-1.317685,-1.0302392,-0.7297082,-0.27062982,-1.3727907,1.1756542,2.853705,-0.5369017,86
-0.70788383,-1.4967304,0.23582056,-0.84206367,1.4638234,-0.5610409,2.132155,0.76263213,-1.3928304,-0.7824733,-0.7533983,-0.6456779,-1.3617282,0.86685437,2.4652045,-0.23400983,86
-1.0047848,-2.2264714,-0.77237386,-0.9283514,1.0028734,0.39454034,2.2001295,0.34090877,-1.3747288,-1.0537065,0.25629976,0.09121123,-0.9096448,1.1473786,3.3677611,-1.2487321,86
-0.84575886,-1.8945075,0.019017622,-0.9862434,1.3246297,-0.3759598,2.3143787,0.63728297,-1.4724936,-1.0666176,-0.49455875,-0.26354432,-1.3671702,1.230644,3.1863885,-0.5611063,86
0.21979746,-1.6030396,1.3783429,-0.94847906,1.7110763,-1.045886,2.8715959,-0.07560596,0.27038318,0.70726913,-0.10501188,-0.54530156,-0.9306733,0.6879164,2.5902035,1.0120509,105
0.03937733,-1.1249058,0.3117711,-0.3366096,1.4158803,-0.33485574,2.5259926,0.04826796,-0.6869607,-0.09791416,-0.9136776,-0.7720851,-1.3829637,0.31805474,2.1154795,0.27381563,86
-0.49721554,-1.4549717,-0.59055847,-0.9186054,2.2920475,0.30396417,-0.038947646,2.0019977,-1.2523159,0.8341052,1.0979632,-0.3580917,-0.544187,-0.6865208,-0.5825732,-1.1079912,79
-0.9032295,-0.12460452,0.002107963,-0.45731068,2.6509829,-0.31664464,1.1868386,1.2800663,-0.8035475,-0.25371444,-0.60881245,-0.04494211,-0.45320043,-0.58252275,1.1162958,1.4215081,86
-0.6543645,-0.85305667,0.79764587,-0.85745865,1.5770671,-1.3375651,2.134764,0.61492014,-0.87293446,-0.19206153,-1.0565262,-1.0291137,-1.6849778,0.4792924,1.9880776,0.2166054,86
0.46481043,-0.8753258,0.65528494,-1.0492446,1.5010453,-0.77275896,2.1441445,0.77532613,-1.3819828,0.11546312,0.20440459,0.63663805,0.103456974,0.47857714,2.9115922,-0.09600977,86
-0.75253046,-1.39326,-0.08138099,-0.9256294,1.5560735,-0.387954,2.3026354,0.39171422,-1.2600459,-0.97746605,-0.7758349,-0.27486035,-1.3205358,1.0901393,2.821962,-0.47387186,86
-0.72592044,-1.3721616,0.20647126,-0.82905746,1.5031589,-0.6083975,2.1259668,0.6678819,-1.2819426,-0.7283885,-0.78470445,-0.68124557,-1.3131763,0.7944521,2.388507,-0.17899098,86
-0.93779016,-2.2050152,-0.72343785,-0.8898462,1.0265845,0.40408948,2.209232,0.34772295,-1.3419632,-0.9492672,0.21988355,0.07614866,-0.90216255,1.0111582,3.3374228,-1.2433832,86
-0.8492107,-1.7532706,0.03782606,-0.9927275,1.3798257,-0.5001557,2.2989347,0.56813914,-1.3785105,-0.9889148,-0.5253681,-0.24027663,-1.3668122,1.1666034,3.128528,-0.49352986,86
0.090871856,-1.5267471,1.0872974,-0.8867055,1.8324505,-1.0221182,2.6778157,0.104444996,-0.04056748,0.40026695,-0.05672285,-0.4213614,-0.9066304,0.86003375,2.4354744,0.9179581,105
0.20754245,-0.9852617,0.78806543,-0.4396714,1.5515934,-0.45636123,2.7930055,0.003471136,-0.53595084,0.211487,-1.2011787,-0.73761153,-1.390997,0.2769242,2.2543895,0.40820837,86
-0.45391604,-1.5141287,-0.6950014,-0.82470846,2.3191922,0.52462125,-0.20609805,2.0495734,-1.2983247,0.712693,1.3048414,-0.08144133,-0.3399417,-0.74562556,-0.6156653,-1.0655742,79
-0.9708504,0.09132278,0.030613326,-0.5288939,2.6756597,-0.42645305,1.0966067,1.3354212,-0.9036362,-0.2959823,-0.7996489,0.09911916,-0.42971233,-0.59245276,1.1000471,1.3884525,86
-0.6580109,-0.8040453,0.7603509,-0.8452202,1.5938148,-1.3438125,2.1061552,0.56035626,-0.8243133,-0.17674072,-1.0284164,-0.98610675,-1.621663,0.42947358,1.9811456,0.24147245,86
0.7167146,-1.2988561,0.8338068,-1.0803545,1.4206531,-0.7334228,2.3709111,0.8833673,-1.4666167,0.26099968,0.4394344,0.42517182,-0.0517774,0.53863037,3.1268137,-0.26772067,86
-0.79048467,-1.3310934,-0.06988402,-0.90991664,1.5830991,-0.42615914,2.2867985,0.36483538,-1.2182999,-0.9182045,-0.8289454,-0.25129604,-1.248091,1.0062047,2.789882,-0.4204454,86
-0.75145483,-1.2126237,0.2046519,-0.84079486,1.5663028,-0.71202445,2.1119964,0.56585884,-1.1731852,-0.67313254,-0.8310989,-0.6638563,-1.2781173,0.75272757,2.3376446,-0.13416652,86
-0.8680297,-2.240653,-0.64693004,-0.9002162,1.0748655,0.3747687,2.2728474,0.37689033,-1.3390706,-0.8664618,0.12238145,0.041335255,-0.922134,0.9412909,3.3974943,-1.2372243,86
-0.83356655,-1.5941955,0.06936408,-0.9571377,1.4359864,-0.5720061,2.260661,0.5314541,-1.2957032,-0.8951523,-0.58353245,-0.25478894,-1.3568755,1.0480045,2.9753823,-0.41440475,86
0.09095149,-1.738572,1.0988169,-0.7863049,1.9748842,-1.0463899,2.8184507,0.25261733,-0.2642505,0.24417458,-0.2723475,-0.69253993,-1.3594661,0.9963011,2.4780743,0.89560956,105
0.155276,-1.1030188,0.43782303,-0.41875535,1.5047604,-0.26760596,2.7204752,0.020451605,-0.76679146,-0.031217664,-0.9429302,-0.44517452,-1.1788857,0.47131455,2.4191234,0.19058725,86
-0.4788322,-1.6033334,-0.9529409,-0.81140304,2.220143,0.7129992,-0.3027745,1.9537253,-1.2931647,0.5367551,1.5022644,0.118193805,-0.1724231,-0.69492984,-0.5144145,-1.1381247,43
-0.9830043,0.2517347,0.056873515,-0.5779751,2.6867588,-0.4742359,1.0146852,1.3735172,-0.94704926,-0.26344258,-0.9182117,0.18186957,-0.40055868,-0.61295533,0.9747787,1.3526707,86
-0.6676254,-0.7784184,0.65854216,-0.7605405,1.594022,-1.2035539,2.04823,0.53139377,-0.8095248,-0.19739862,-1.0123526,-0.9362669,-1.5142688,0.33594936,1.8888974,0.26267433,86
0.7194837,-1.3833826,0.9600201,-1.0494503,1.3305751,-0.8204818,2.5338595,0.9094994,-1.4471567,0.3945551,0.6061821,0.37827548,0.0824294,0.5313324,3.3226273,-0.22517687,31
-0.7760484,-1.4308887,-0.045672357,-0.8348787,1.600263,-0.26881886,2.3357728,0.2351898,-1.0552158,-0.86221033,-0.9056804,-0.18653332,-1.2094522,0.94972247,2.8094618,-0.35309175,86
-0.7780438,-1.0739399,0.2099619,-0.8413987,1.6221248,-0.7725054,2.0798757,0.49798763,-1.0959129,-0.63839614,-0.8802382,-0.6105316,-1.2124323,0.70501345,2.2784538,-0.09230813,86
-0.8054839,-2.3386204,-0.5326518,-1.0673254,1.1518304,0.25175872,2.3091328,0.44624418,-1.3771847,-0.88821125,0.03674081,0.02827081,-1.0533178,1.0588118,3.5543385,-1.3171825,86
-0.83106345,-1.3987583,0.07854017,-0.92334354,1.490433,-0.64153653,2.1655579,0.49986944,-1.2123203,-0.80858517,-0.63341266,-0.23180847,-1.317597,0.91999286,2.7828383,-0.34591675,86
0.06966166,-1.9600906,1.1388698,-0.72394025,1.9217852,-0.9954814,2.9118679,0.32491174,-0.42528152,0.11524588,-0.48679465,-1.0743402,-1.5922133,1.115754,2.5385907,0.7702168,105
-0.05235999,-1.2600328,0.16801696,-0.5099841,1.5376229,-0.35067374,2.6971743,0.08112019,-0.98261404,-0.2973405,-0.8826083,-0.23366144,-1.2012942,0.7599349,2.7147107,0.060476825,86
-0.4388279,-1.2667005,-0.92490023,-0.72597456,2.2359176,0.62921286,-0.31747982,1.8915073,-1.2200212,0.52656674,1.3729064,0.17875546,-0.13246572,-0.78874713,-0.6489586,-0.956798,43
-1.0252695,0.34548566,0.07299817,-0.6099227,2.6757946,-0.5152395,0.95443106,1.3882183,-0.9720162,-0.21194048,-1.0058098,0.22517404,-0.27629554,-0.64710426,0.90522707,1.3585582,86
-0.7174463,-0.7098172,0.5100366,-0.73931384,1.6179866,-1.1435162,1.9584888,0.4968562,-0.8007636,-0.24385042,-0.9828135,-0.83500624,-1.372333,0.29602778,1.8401957,0.25805742,86
0.47126395,-1.2001388,0.6572467,-0.956317,1.3622802,-0.773582,2.4659102,0.88910675,-1.426207,0.26205775,0.74339163,0.5915359,0.39891586,0.45819932,3.36914,-0.07421047,31
-0.9405739,-1.0943489,-0.13614249,-0.85560095,1.70363,-0.5464318,2.09492,0.40244702,-1.1605245,-0.93708116,-0.9092351,0.008309871,-0.98418814,0.8190849,2.6671548,-0.0937404,86
-0.8427182,-0.934623,0.15101048,-0.8450985,1.6673162,-0.8347665,1.9922907,0.47393203,-1.0724218,-0.64566004,-0.91152465,-0.51409775,-1.0858735,0.65403026,2.2228813,-0.030971378,86
-0.70604765,-2.230261,-0.25723583,-1.3472095,1.1543924,-0.05639021,2.2545986,0.48952526,-1.3500247,-0.7921408,0.024578393,0.10972205,-1.1537704,1.1642101,3.6762507,-1.4030819,86
-0.9064024,-1.1547971,-0.003810659,-0.90669316,1.5610119,-0.7844608,1.9968916,0.51436234,-1.1833221,-0.78713703,-0.6551984,-0.15641686,-1.1977104,0.7928126,2.6128874,-0.23074207,86
-0.17347258,-1.8551338,0.8817742,-0.6919959,2.0374064,-0.9366423,2.7231755,0.47855037,-0.5781323,-0.115173265,-0.5145746,-0.9688457,-1.4119619,1.0610584,2.5177546,0.9005868,86
-0.2597569,-1.2408588,-0.104902,-0.5938149,1.6065598,-0.3939219,2.5807319,0.1856209,-1.1749948,-0.54659706,-0.8821385,-0.00610435,-1.0254433,0.86669785,2.8769286,0.04773745,86
-0.4588449,-1.0439082,-0.90750486,-0.66521406,2.364189,0.5269109,-0.33523977,1.9546547,-1.2486005,0.5455344,1.2330905,0.20745036,-0.15084523,-0.887084,-0.7768215,-0.8077849,43
-1.0471666,0.37360922,0.02104956,-0.5737643,2.6450937,-0.46559906,0.8858906,1.3819044,-0.99871397,-0.22363319,-0.9706185,0.23760197,-0.19659796,-0.6493116,0.8127761,1.3308532,86
-0.3424656,-1.0717754,0.6347399,-0.59470373,1.6030405,-0.6639823,2.391868,0.19403878,-0.6047647,-0.15125246,-1.027014,-0.77239203,-1.40759,0.41545206,2.103097,0.24573898,86
0.31757453,-1.0297837,0.42654556,-0.8058295,1.3870641,-0.75307876,2.4021356,0.9169482,-1.4806795,0.14227939,0.75976837,0.74980557,0.49818826,0.30512124,3.3715785,0.06621434,31
-1.0484495,-0.78033245,-0.18369496,-0.80822885,1.7590151,-0.7046584,1.8305992,0.5714723,-1.1795007,-0.93123835,-0.8526554,0.058252543,-0.80316,0.5948086,2.3953555,0.15311527,86
-0.7632279,-1.078849,0.13657998,-0.7396306,1.7368251,-0.5294455,2.1340518,0.31979883,-0.9564009,-0.7217599,-0.9289024,-0.26210546,-0.9711004,0.7322294,2.352205,0.07403195,86
-0.56618536,-2.0190623,0.08435576,-1.2762928,1.2203175,-0.009881467,2.3911316,0.42918056,-1.1212686,-0.37227952,-0.25232583,0.06939289,-1.0549974,0.8175202,3.5584936,-1.1725628,86
-0.9961138,-0.912426,-0.055786446,-0.8824687,1.6351254,-0.90409184,1.7997984,0.6082578,-1.1903592,-0.78541756,-0.65967363,-0.18085384,-1.0334153,0.63718593,2.3773887,-0.11078772,86
-0.3938578,-1.7113174,0.70127416,-0.6474023,2.1786864,-0.8377793,2.5902658,0.60227036,-0.6906127,-0.31542677,-0.6478419,-0.86225605,-1.2547269,0.9507777,2.5184457,1.0530548,86
-0.5837455,-0.89018834,-0.39454842,-0.6722061,1.9327006,-0.41295326,2.1956863,0.6182294,-1.6424136,-1.0174989,-1.017695,0.48158976,-0.503129,0.8688197,2.843809,0.17594698,86
-0.53069067,-1.0493183,-0.9326448,-0.6614476,2.469904,0.5336356,-0.4123569,2.071676,-1.3310965,0.5463711,1.2067428,0.20652345,-0.11036006,-0.9202388,-0.8646799,-0.7808812,43
-1.0663714,0.3394539,-0.041715622,-0.5143565,2.5954843,-0.38002038,0.798779,1.3343894,-0.9394623,-0.24808513,-0.81073904,0.1520862,-0.18801674,-0.6617465,0.6840686,1.2561469,86
-0.15068763,-1.0309603,0.88327897,-0.5692179,1.6604806,-0.6752919,2.6937578,0.05290824,-0.51764905,0.06111795,-1.2764113,-0.7067679,-1.2979175,0.3796032,2.275749,0.44394428,86
0.5087637,-0.6985158,0.49398494,-0.73810816,1.5203965,-0.6662946,2.2408087,0.94435704,-1.3026015,0.23224613,0.566199,0.6444895,-0.053887628,0.02515518,2.7726393,-0.023615226,86
-0.90821195,-0.33985877,-0.02303642,-0.80609214,1.8530259,-0.78303754,1.6420761,0.74248534,-1.0990437,-0.7141397,-0.7949723,0.07233909,-0.69452184,0.29198015,2.0602343,0.32185754,86
-0.66891223,-0.9617137,0.24087483,-0.6702233,1.7945533,-0.5217533,2.2728767,0.24140495,-0.87941504,-0.58967644,-1.05203,-0.109110534,-0.7689466,0.62724465,2.4119098,0.3477134,86
-0.57588965,-1.2022359,0.22635402,-1.030354,1.4772623,-0.13032907,2.3161647,0.58873427,-1.0549587,-0.023069121,-0.5633107,0.047834218,-0.74494445,0.2663105,2.9353275,-0.69650006,86
-1.0296019,-0.6878911,-0.010224462,-0.8819773,1.6750271,-1.0246663,1.7042125,0.6879508,-1.1774523,-0.657695,-0.70729584,-0.28682983,-0.88949174,0.44139218,2.196878,-0.02000156,86
-0.5523067,-1.5586884,0.61184376,-0.64643466,2.3055627,-0.7718225,2.5299072,0.7138348,-0.81367695,-0.43503493,-0.9121438,-0.84854376,-1.1365678,0.8311939,2.5052192,1.0986354,86
-0.9047973,-0.4091295,-0.4749043,-0.8070438,2.113642,-0.5106379,1.7412292,0.91837835,-1.7027428,-1.1267557,-1.0900353,0.64139163,-0.034581132,0.5530871,2.5858133,0.39798725,86
-0.5959337,-0.9931493,-0.9313937,-0.64289,2.5283217,0.5392262,-0.45847332,2.1350727,-1.3903522,0.55638707,1.1577454,0.23602584,-0.10297757,-0.9368239,-0.91471016,-0.7419995,43
-1.0657322,0.2729784,-0.054779753,-0.4820136,2.528102,-0.3015679,0.7685827,1.2667187,-0.87158895,-0.29286534,-0.6807165,0.06270009,-0.1637201,-0.6304567,0.6460559,1.1826382,86
-0.09563298,-0.9381505,0.8027042,-0.5059643,1.7650511,-0.6659021,2.740753,0.032987475,-0.50262475,0.1844764,-1.3024107,-0.50826496,-1.1890833,0.26506346,2.2759132,0.62366474,86
0.5948611,-0.29512045,0.20244142,-0.511054,1.4771714,-0.53194356,2.0482707,0.6758559,-1.1460198,0.266004,0.25395277,0.7700386,-0.37266085,-0.17390709,2.219501,0.045649126,86
-0.555266,0.1844779,0.09880224,-0.6570474,2.2001417,-0.3094653,1.4175643,0.7761518,-0.7930156,-0.43682766,-0.8399147,0.25217232,-0.748477,-0.028969288,1.2884328,0.47806036,86
-0.51978743,-0.8133031,0.4004451,-0.6273547,1.8557127,-0.5842106,2.4748096,0.16747582,-0.77667105,-0.3289985,-1.1905925,-0.029786348,-0.6863337,0.48813772,2.5010557,0.5699625,86
-0.6828319,-0.6269394,0.3226006,-0.81381214,1.772884,-0.29809737,2.3147979,0.72098595,-1.0524673,0.21600308,-0.99783254,-0.031214207,-0.5901718,-0.06348565,2.4308624,-0.277885,86
-0.9309849,-0.3332707,0.12231128,-0.9438584,1.7611207,-1.155365,1.6336713,0.77606213,-1.1294599,-0.42214108,-0.7794564,-0.32297093,-0.7941532,0.22686727,1.9638312,0.038492188,54
-0.60668147,-1.4000796,0.63168424,-0.67749274,2.3376725,-0.7247021,2.4573154,0.78662276,-0.87954295,-0.47143757,-1.1315686,-0.88104284,-1.0929323,0.7333212,2.416121,1.0174649,86
-0.95988095,-0.29677758,-0.150401,-0.8711692,2.1390114,-0.43117714,1.670726,0.9801682,-1.4153478,-0.8375153,-1.2856983,0.32455412,0.07132768,0.20059644,2.315664,0.56004214,86
-0.63900423,-0.96396184,-0.9372619,-0.64511627,2.5363128,0.54639685,-0.47138476,2.1408596,-1.396735,0.5880323,1.1425333,0.2846035,-0.108333476,-0.934975,-0.9086986,-0.7108028,43
-1.0431563,0.21771097,-0.10514364,-0.44611642,2.4778843,-0.18478556,0.7432864,1.186808,-0.7859776,-0.35106987,-0.5404767,-0.025753587,-0.18005365,-0.584038,0.57849365,1.0951123,86
0.0024571419,-1.0279493,0.68927824,-0.47836924,1.8218138,-0.54871124,2.8485081,-0.044565707,-0.50074375,0.24382615,-1.2583708,-0.3819731,-1.187716,0.3755728,2.3524218,0.59245926,86
0.5654184,-0.18728697,0.1585691,-0.48632026,1.3151178,-0.5884465,1.9195516,0.5555566,-1.0335956,0.34633738,0.20704526,0.65469015,-0.5301642,-0.2735551,1.9967501,0.023904473,86
-0.47122973,0.61311686,0.09381098,-0.55170214,2.4823227,-0.28868642,1.4322524,0.9345728,-0.9137864,-0.24721248,-1.0116432,0.48372218,-0.6087546,-0.2641262,1.0254935,0.70551616,86
-0.29853868,-0.7809762,0.5678017,-0.57372874,2.00982,-0.59593916,2.7426937,0.141482,-0.7510482,-0.06662884,-1.4021206,-0.08409235,-0.83908826,0.4828642,2.483877,0.6503973,86
-0.849314,-0.49335745,0.17256764,-0.76254046,1.9084026,-0.24429144,2.2194045,0.78531015,-1.1143675,0.12419975,-1.1814183,-0.021957606,-0.39192623,-0.07318505,2.2158558,-0.1785032,86
-0.3396948,-0.20885086,0.095252335,-0.83234763,1.8922979,-0.5194441,1.8625029,0.58379984,-1.0441245,-0.13837051,-0.8168968,-0.054044634,-0.710194,0.15879144,1.7549987,-0.13732985,54
-0.57652444,-1.3013622,0.83028954,-0.72027826,2.2911775,-0.7412755,2.4218695,0.841774,-0.9091886,-0.4127651,-1.3457588,-0.9761565,-1.1205146,0.6566324,2.320658,0.91349167,86
-0.8975909,-0.1514396,0.2272087,-0.9677715,2.2297027,-0.3929931,1.6453168,0.97222733,-1.0817733,-0.5785636,-1.493716,0.018879473,0.0029797778,0.045840263,1.9693986,0.6530887,86
-0.70326734,-0.95435524,-0.951075,-0.67608225,2.5456054,0.5686414,-0.45733762,2.1441803,-1.3740554,0.6047031,1.1259904,0.2808248,-0.10426017,-0.91957015,-0.8910158,-0.69935054,43
-1.1462765,0.2198416,-0.14580095,-0.43314284,2.447033,-0.16441089,0.77243096,1.1025511,-0.7148733,-0.37111455,-0.54194653,-0.010310143,-0.11830849,-0.5811256,0.6531061,1.1181829,86
-0.09533421,-1.1589969,0.4717879,-0.5013903,1.8131062,-0.32648596,2.7753382,-0.007537961,-0.7101033,-0.013441481,-1.2640102,-0.2439602,-1.0089493,0.6311085,2.475339,0.3401212,86
0.5305399,-0.24241196,0.15111959,-0.53195065,1.3207229,-0.38800716,1.6904874,0.70284104,-0.9970348,0.37245584,0.34826183,0.60491645,-0.393969,-0.4684801,1.7483983,-0.06586633,86
-0.794469,0.74797773,-0.107969224,-0.5460261,2.7014444,-0.34369764,1.3129926,0.9892086,-0.953846,-0.45520294,-1.2256882,0.5905049,-0.4349011,-0.2417997,1.0140834,0.9338669,86
-0.24270982,-0.94872034,0.54705936,-0.5134831,2.1605737,-0.46461755,2.8347726,0.2077513,-0.86448216,-0.02423115,-1.5250808,-0.0774304,-0.8921303,0.5842805,2.4358332,0.61636496,86
-0.7810188,-0.49534082,0.0444813,-0.7450294,2.0031374,-0.02567947,2.0284731,0.86552536,-1.1012058,0.11566816,-1.159243,-0.078820825,-0.42374346,-0.13894972,1.8340927,-0.27486596,86
-0.21593097,-0.089115545,0.31200576,-0.89291734,2.199469,-0.44093764,2.1398144,0.5685785,-0.966503,0.2505877,-1.1587003,0.08471063,-0.7658411,0.082331926,1.7065197,-0.11217178,54
-0.56541646,-1.2409053,0.8747115,-0.73954797,2.223902,-0.72310627,2.3099399,0.88042676,-0.9285679,-0.3821156,-1.3903669,-1.0481215,-1.0605754,0.58360565,2.1655014,0.806827,86
-0.79738057,0.14952993,0.21702865,-0.9212517,2.3644724,-0.20962328,1.4298476,0.99380386,-0.9881768,-0.6196095,-1.6128376,0.027744234,0.14641471,-0.03487687,1.4822174,0.736525,86
-0.72446054,-0.92793965,-0.9330427,-0.682546,2.503643,0.6029171,-0.42698735,2.1352754,-1.3358132,0.63757664,1.1289814,0.23994264,-0.09361338,-0.9260605,-0.89329845,-0.6994067,43
-1.2742178,0.2534429,-0.1862765,-0.44252783,2.476891,-0.15305156,0.8263866,1.0738477,-0.7072861,-0.40980214,-0.6701494,-0.019679338,-0.049561135,-0.5817395,0.72909105,1.1523564,86
-0.44571227,-1.0711389,0.20582154,-0.5343709,2.0214787,-0.40805793,2.62469,0.1715759,-0.9009541,-0.34523576,-1.3848513,-0.08972275,-0.80909115,0.7183473,2.6040382,0.522339,86
0.5455518,-0.38945085,0.09531297,-0.58022815,1.3354949,-0.2709041,1.5404706,0.7478994,-0.92376935,0.38773674,0.510934,0.5899545,-0.40448642,-0.53030866,1.6225365,-0.11495355,86
-0.97705257,0.8950877,-0.1555779,-0.63620615,2.7829442,-0.56931674,1.250301,1.0643723,-1.0455221,-0.50859743,-1.3442917,0.7923931,-0.3295567,-0.2651658,1.1577188,1.056184,86
-0.5746562,-1.0721695,0.2561541,-0.57157135,2.2934308,-0.374259,2.742583,0.33936667,-1.1033249,-0.36226058,-1.5675511,0.09356731,-0.6373782,0.8114972,2.6552136,0.5874802,86
-0.80102396,-0.15299398,0.14194554,-0.70740294,2.1313288,-0.12346266,1.9016389,0.9737036,-1.0543242,0.2606675,-1.2808795,-0.08025032,-0.36097613,-0.38954866,1.5462632,-0.046581447,86
-0.3563473,-0.14477564,0.18533397,-0.9106461,2.4410455,-0.44396633,2.136139,0.60498345,-0.98931503,0.21961528,-1.340203,0.087753356,-0.9258546,0.18424,1.5780929,-0.1388101,54
-0.47687846,-1.1949974,0.9395134,-0.75480974,2.144886,-0.71113384,2.2309725,0.8926407,-0.94070077,-0.30580747,-1.3860128,-1.0384895,-1.002964,0.51221913,2.0637317,0.7316146,86
-0.7909012,0.42312655,0.033480994,-0.7460036,2.5395422,0.03174752,1.1046786,1.0651387,-1.0099853,-0.7965055,-1.7420504,0.074836135,0.3302712,-0.14690109,0.88876796,0.8250881,86
-0.7235699,-0.90487885,-0.9111517,-0.6974611,2.4443855,0.6470165,-0.39282066,2.1124253,-1.295885,0.65359086,1.1390316,0.19210684,-0.075597726,-0.9235,-0.88395727,-0.7205024,43
-1.3288426,0.35756102,-0.20125607,-0.49667603,2.462224,-0.11782801,0.85619026,0.9819902,-0.59947646,-0.41226983,-0.7493992,-0.0675683,-0.030010909,-0.5658427,0.6957113,1.059659,86
-0.7427602,-0.8789201,-0.0857902,-0.55842996,2.1730838,-0.46118957,2.3922822,0.37234512,-1.0874945,-0.6328041,-1.4068722,0.1941857,-0.51391864,0.6431236,2.6920328,0.7379712,86
0.39455336,-0.40439236,0.050363563,-0.6578419,1.3759866,-0.2895706,1.465278,0.6972896,-0.728367,0.4672538,0.61677575,0.52190554,-0.45429823,-0.5732864,1.5590345,-0.07267778,86
-0.9004177,0.9107177,0.011059403,-0.7059208,2.8728259,-0.57590353,1.2242864,1.1402478,-0.98187006,-0.36386847,-1.3923706,0.63311183,-0.5632327,-0.32658607,0.97296315,0.9424115,86
-0.91750354,-0.8849337,-0.0043599755,-0.58861524,2.3758843,-0.5115008,2.4751112,0.49842024,-1.2232231,-0.6680761,-1.5598993,0.22728738,-0.32843402,0.75492346,2.7422903,0.8375804,86
-0.8369685,-0.048310146,0.1592579,-0.6843166,2.1994393,-0.10351738,1.7556682,1.0605989,-1.0202954,0.32408673,-1.2452053,-0.05002901,-0.27991855,-0.55294234,1.3665636,0.082018495,86
-0.41048425,-0.055930838,0.078693636,-0.81137794,2.4419072,-0.5005087,2.05408,0.68945384,-1.176896,0.15288502,-1.4078873,0.25224438,-0.81183124,0.13365196,1.528551,-0.092134416,54
-0.42572072,-1.1390929,1.0143356,-0.7432203,2.090591,-0.7066062,2.1852248,0.8945478,-0.96122944,-0.20635055,-1.4221821,-0.9628167,-0.87427,0.4024533,2.0249128,0.73543936,86
-0.49774206,0.39135882,0.4401153,-0.6426558,2.659915,0.14664027,1.4059207,0.86463654,-0.720117,-0.38383114,-1.9540992,-0.15088512,0.01656688,-0.21235698,0.7098043,0.74748784,86
-0.68914837,-0.9570569,-0.88618237,-0.7101058,2.3969686,0.7155663,-0.31785268,2.0732222,-1.2125894,0.5803948,1.1882567,0.12488249,-0.14575034,-0.8862304,-0.8145188,-0.7251384,43
-1.3952453,0.4260423,-0.18226114,-0.5438519,2.4300694,-0.10630418,0.8917672,0.94794285,-0.5421693,-0.403475,-0.84416115,-0.16347131,-0.011296354,-0.55611485,0.6680676,0.97020406,86
-0.93740857,-0.6672284,-0.20764858,-0.62951815,2.234033,-0.44294488,2.2135518,0.5691955,-1.2439258,-0.7706223,-1.4048334,0.4284896,-0.17843616,0.49481165,2.7890358,0.82082516,86
0.25420386,-0.40935612,0.0021207333,-0.6924453,1.4472039,-0.29416946,1.4359803,0.6891757,-0.6130234,0.42039478,0.73679745,0.5454514,-0.45923266,-0.56036127,1.5975366,0.009000078,86
-1.0560088,0.8853276,0.13595428,-0.763054,2.8798664,-0.6528752,1.2349322,1.2053123,-0.92679083,-0.27512366,-1.3458245,0.64136016,-0.5106536,-0.4147635,1.1405092,1.0458167,86
-1.2023444,-0.657983,-0.2228013,-0.6635818,2.4276195,-0.645972,2.2130008,0.6743166,-1.3564569,-0.8706379,-1.5123082,0.47843698,-0.061884575,0.6191656,2.846438,0.9776599,86
-0.8872439,-0.15810469,0.14805052,-0.65113896,2.2358449,-0.0723975,1.6337754,1.1722455,-1.0686072,0.35405862,-1.1605314,-9.062886e-05,-0.23817173,-0.6309602,1.2757962,0.16077551,86
-0.3653468,-0.19638741,0.11992128,-0.86671543,2.4908128,-0.38644952,1.9167215,0.7906467,-1.0872897,0.37736672,-1.2345444,0.08643615,-0.91865766,0.017486759,1.2618189,-0.28509897,54
-0.44783697,-1.0929905,1.0433317,-0.7316551,2.0643055,-0.7011255,2.1321743,0.8872726,-0.9408542,-0.09500915,-1.442352,-0.9020945,-0.7250944,0.2626747,1.9799756,0.76584023,86
-0.3385196,0.21035737,1.0017676,-0.8514242,2.6766846,-0.043037146,1.9778831,0.5835738,-0.2710729,0.29164785,-2.0262585,-0.469031,-0.49125883,-0.23249187,1.0043797,0.5821285,86
-0.6246085,-0.984064,-0.8004103,-0.6902026,2.3504164,0.75035346,-0.24197683,2.0303304,-1.0831513,0.5528463,1.2420166,-0.0029995143,-0.24400413,-0.88446814,-0.80681515,-0.68817407,43
-1.4824815,0.49222752,-0.18038803,-0.60081506,2.4328372,-0.07573214,0.93859494,0.99445176,-0.5646667,-0.39737648,-0.93361616,-0.29985553,0.08792741,-0.56406504,0.6332209,0.8560942,86
-1.1315451,-0.5471417,-0.19987294,-0.732455,2.2459679,-0.47943008,2.1127083,0.736394,-1.3604836,-0.7948888,-1.4376636,0.5369004,0.08731998,0.3514769,2.9312093,0.83638257,86
0.1715636,-0.43063006,-0.030100077,-0.6723578,1.5190197,-0.29817232,1.4398746,0.69489694,-0.53887165,0.38911545,0.83194953,0.5641558,-0.502554,-0.5696507,1.6274997,0.113925874,86
-1.1116908,0.7632998,0.20474872,-0.7229513,2.8519313,-0.6363113,1.2345082,1.2794375,-0.9325756,-0.1971942,-1.3469024,0.52796006,-0.4925619,-0.5175056,1.1239614,1.1313,86
-1.3276291,-0.4956615,-0.122758,-0.8256868,2.3480585,-0.73542196,2.0685635,0.8168944,-1.3685815,-0.7973684,-1.468311,0.50864065,0.17637706,0.39322555,2.9720352,0.9434237,86
-0.9017412,-0.29797924,0.15126672,-0.66314816,2.2492418,-0.05439572,1.5501467,1.2348467,-1.0732167,0.39645594,-1.0268275,0.08062935,-0.18652451,-0.6665706,1.2697617,0.20893702,86
-0.49301404,-0.03292671,0.061821364,-0.839509,2.4543889,-0.36831185,1.8617804,0.7771332,-1.1009448,0.28854358,-1.3243623,0.17924523,-0.7546166,-0.045669403,1.3355887,-0.1645645,54
-0.5291831,-1.0574021,1.0309086,-0.6980393,2.0918736,-0.6883596,2.028917,0.93010867,-0.95150006,-0.052059367,-1.4304718,-0.8067883,-0.494701,0.11080815,1.938811,0.8563009,86
-0.09857194,-0.30320892,1.5610564,-1.0845746,2.5954697,-0.45322567,2.4655907,0.4808071,-0.08226593,0.756771,-1.7470903,-0.6873721,-1.1265345,-0.0038108602,1.5311723,0.41053236,86
-0.49493945,-0.9562739,-0.6826849,-0.6568784,2.2922478,0.7520945,-0.1418724,1.9518739,-0.97267604,0.539722,1.2849253,-0.03327942,-0.35175377,-0.8809888,-0.7505376,-0.64287055,43
-1.5499547,0.55772984,-0.24740887,-0.63018703,2.403845,-0.01694873,0.9589014,1.0595475,-0.6380546,-0.42283893,-0.9522481,-0.41664076,0.22834906,-0.55928695,0.58865094,0.73404217,86
-1.2026033,-0.6729641,-0.1870515,-0.80603325,2.1914244,-0.40740246,2.0841765,0.82877934,-1.4373533,-0.785965,-1.444961,0.52999616,0.13708356,0.30761462,3.025708,0.71529335,86
0.0764707,-0.4993951,-0.07648009,-0.6345573,1.5669953,-0.2859759,1.441775,0.7320579,-0.54435056,0.31993836,0.8321288,0.4654928,-0.54954207,-0.57335925,1.6200736,0.13902614,86
-1.1662691,0.5971798,0.25376177,-0.6914219,2.8089247,-0.63307405,1.2473086,1.3045106,-0.91532624,-0.15757263,-1.3123875,0.41218057,-0.5043672,-0.5340357,1.1371213,1.2116988,86
-1.3396983,-0.61470723,-0.056792066,-0.9019197,2.2825274,-0.6241514,2.0476203,0.8990258,-1.4088304,-0.78008103,-1.4870207,0.44059685,0.18307312,0.3365724,3.0456471,0.79491895,86
-0.85804075,-0.38214937,0.1754779,-0.6830516,2.252698,-0.03313169,1.4833117,1.2293432,-1.0087179,0.43074352,-0.880334,0.13826898,-0.18560746,-0.6641866,1.2246866,0.2222811,86
-0.58614415,0.04076007,0.014546782,-0.8651203,2.4418232,-0.38140288,1.7817826,0.80739236,-1.1155126,0.23037332,-1.2981465,0.27545062,-0.6978888,-0.06765319,1.3628583,-0.12039739,54
-0.64882773,-1.0057124,0.9626994,-0.6774496,2.1445951,-0.6659032,1.8983599,0.9890306,-0.98086,-0.10649444,-1.3900068,-0.6946868,-0.2948296,0.022653133,1.90114,0.93370754,86
0.12029345,-0.7177711,1.6203375,-1.2262102,2.4524121,-0.56656563,2.7758384,0.3313695,0.00784409,0.8588659,-1.4666128,-0.9755621,-1.6208352,0.24217026,1.8284144,0.11415833,105
-0.36711365,-0.9152131,-0.5718776,-0.6676711,2.2518756,0.7337687,-0.016684722,1.8568609,-0.85377216,0.51272357,1.3068683,-0.041142613,-0.42505077,-0.8664165,-0.6381538,-0.60147023,43
-1.0946913,0.58402634,-0.27195314,-0.48844916,2.3594854,0.18531442,1.5261965,0.9569522,-0.62919486,-0.62228096,-0.727867,-0.22371417,-0.52433646,-0.11839361,0.8670603,0.7993021,86
-1.3124285,-0.96847713,-0.11396301,-0.9570806,2.0409982,-0.42035615,2.1064734,0.89238274,-1.4870802,-0.7237744,-1.3676994,0.53182805,0.25236607,0.3216105,3.3324718,0.55616856,86
-0.03036733,-0.5754102,-0.13262713,-0.58503526,1.5870382,-0.27468273,1.4778856,0.7501447,-0.61027604,0.22802506,0.73544395,0.33131287,-0.58076954,-0.54079616,1.6428496,0.12543893,86
-1.2010891,0.41118148,0.31703824,-0.7055367,2.7145379,-0.647969,1.2756623,1.2765833,-0.85592043,-0.121328905,-1.2373984,0.27246997,-0.48860183,-0.5005715,1.2054611,1.2506149,86
-1.3844619,-0.9559146,-0.04044576,-0.9371413,2.191832,-0.48347378,2.1012712,0.9629997,-1.5115616,-0.80469036,-1.4986354,0.41848215,0.14505231,0.399957,3.2342165,0.63531506,86
-0.803365,-0.39920187,0.17620103,-0.72181827,2.250475,-0.022063822,1.4142139,1.1854404,-0.91143644,0.42464906,-0.71895695,0.17457551,-0.20642051,-0.6291574,1.1638063,0.20599753,86
-0.68935233,0.06916407,0.030987732,-0.93416566,2.3425474,-0.48573518,1.6977499,0.8494606,-1.0512129,0.32508326,-1.1263778,0.3327116,-0.5581799,-0.20300737,1.4490765,-0.022222891,86
-0.78044945,-0.91694534,0.8528942,-0.6821594,2.1694934,-0.6400249,1.771925,0.99949205,-0.96208584,-0.17884411,-1.3420247,-0.62049234,-0.20988366,-0.01996307,1.8332564,0.9497289,86
0.13656422,-1.1782554,1.383748,-1.3804106,2.2333205,-0.40389657,2.9457774,0.19759077,-0.021992043,0.67441875,-1.1804761,-1.0240415,-1.7215958,0.55495167,2.2615964,-0.2358947,105
-0.2185587,-0.8697914,-0.4597894,-0.69230634,2.203328,0.6934793,0.12175083,1.7443138,-0.7499944,0.46988255,1.3174933,-0.0090896785,-0.51143813,-0.82588696,-0.47283682,-0.5710236,79
-0.84637004,0.5401695,-0.081618816,-0.53663766,2.3268032,0.09425929,1.8883818,0.8970591,-0.59264135,-0.3973639,-0.83510053,-0.45295906,-0.9308153,0.033568352,0.93770415,0.65566075,86
-1.3469765,-1.3911992,-0.11722955,-1.079226,1.9205518,-0.29389372,2.1488135,0.927624,-1.5655886,-0.77156514,-1.2627891,0.5527133,0.2817767,0.4602648,3.6116436,0.3274656,86
-0.17414688,-0.6801357,-0.20674023,-0.5445558,1.5827928,-0.27220574,1.5182433,0.7581669,-0.67371166,0.14039215,0.6014949,0.14659628,-0.6326746,-0.5085931,1.6671109,0.09844029,86
-1.141613,0.25665286,0.38221943,-0.68076336,2.6432493,-0.58519983,1.3189746,1.2182508,-0.8109888,-0.12657273,-1.1901437,0.162655,-0.5317931,-0.41298985,1.1943403,1.2265637,86
-1.4352589,-1.3768505,0.015796065,-1.0698525,2.029675,-0.4265191,2.1638098,0.9871566,-1.5545988,-0.7790939,-1.3927959,0.3869826,0.14725089,0.50597143,3.539851,0.4284603,86
-0.78535116,-0.3640397,0.16058819,-0.7637626,2.244213,-0.036744505,1.3540641,1.1181906,-0.7947128,0.40718794,-0.5850404,0.18393216,-0.22875285,-0.59633994,1.0967617,0.19352913,86
-0.7608271,0.07846698,-0.021473914,-0.93860155,2.3166404,-0.47471097,1.578036,0.9003538,-1.0245506,0.3187772,-0.98962986,0.38018164,-0.49208352,-0.26620206,1.3816466,0.036279723,86
-0.9113291,-0.7968049,0.7966473,-0.7097429,2.1799924,-0.65445364,1.700457,0.99472785,-0.9250338,-0.21392147,-1.3356563,-0.55177426,-0.14218682,-0.06222399,1.8176062,0.9746153,86
-0.023181565,-1.5841333,1.2609289,-1.5291704,2.0467682,-0.3160836,3.060616,0.18851107,-0.12196531,0.52849483,-1.1051433,-1.0222831,-1.6546838,0.68697757,2.7357428,-0.40751502,105
-0.11881963,-0.87083983,-0.37903577,-0.7065575,2.240901,0.65021753,0.2188456,1.6458127,-0.64817345,0.3814276,1.2968388,0.026422203,-0.65584326,-0.7766644,-0.31612575,-0.49174678,79
-0.59812677,0.20731351,0.35357678,-0.69364727,2.1828847,-0.17616427,2.2938688,0.81412363,-0.53685135,-0.025159158,-1.0172919,-0.7484509,-1.2437515,0.16162948,1.2549266,0.6000724,86
-1.2745528,-1.760788,-0.23444667,-1.0942549,1.8823081,0.0040524006,2.148039,0.9244646,-1.6162522,-0.88992614,-1.1522744,0.50593376,0.15442316,0.62152666,3.6007314,0.07599226,86
-0.31485218,-0.8182789,-0.27063248,-0.509149,1.5838223,-0.2512802,1.5493137,0.8204378,-0.79383457,0.03736801,0.40222874,-0.05154635,-0.66772103,-0.50217813,1.6872978,0.080436796,86
-1.0970759,0.06758016,0.41704586,-0.6460938,2.590132,-0.52226275,1.3511273,1.2051836,-0.8339405,-0.18879925,-1.1359617,0.043551534,-0.5536246,-0.31354338,1.2125,1.1997609,86
-1.3734648,-1.6663064,0.007132128,-1.1442541,1.9296019,-0.27640727,2.1715338,0.9800942,-1.5747322,-0.8284643,-1.2717525,0.35809132,0.077978104,0.6385797,3.6201472,0.22098234,86
-0.78961694,-0.3265278,0.095538355,-0.771718,2.2757547,0.009894699,1.3120383,1.0556076,-0.7199751,0.3266772,-0.5461846,0.149984,-0.29520452,-0.53103554,0.9856265,0.16174272,86
-0.80126363,0.14498892,-0.118651986,-0.91814804,2.2633615,-0.4240046,1.4440292,0.8922025,-0.96327424,0.25595093,-0.8453754,0.39102986,-0.43602458,-0.3025608,1.2519755,0.06729926,86
-1.0297331,-0.64567566,0.78346884,-0.73901117,2.1456258,-0.6889007,1.6360438,0.967401,-0.8375102,-0.1880473,-1.3265975,-0.5084196,-0.09310711,-0.13607566,1.7850013,0.9978979,86
-0.083863646,-1.5707134,1.5303938,-1.5319955,1.8094411,-0.57323873,3.1468163,0.21014372,-0.18154095,0.59040743,-1.2690672,-1.0828952,-1.7116004,0.6549182,2.9457395,-0.2825943,86
-0.04669358,-0.8844483,-0.33059078,-0.7257713,2.2978904,0.6152103,0.25390443,1.597865,-0.5493127,0.29245478,1.338057,0.051053494,-0.7684136,-0.74194366,-0.21951243,-0.3962468,105
-0.5566685,0.0859634,0.49110556,-0.7617644,2.0554779,-0.3104942,2.407064,0.7731354,-0.5874127,0.031019978,-1.1532782,-0.8232621,-1.2807101,0.20881389,1.4499798,0.54164547,86
-1.2223296,-1.9082376,-0.22422567,-1.1440262,1.7899508,0.047199816,2.0997813,0.90619147,-1.5716754,-0.87041277,-0.9666698,0.45163706,0.1595679,0.6591262,3.5997834,-0.04160674,86
-0.46094468,-0.9678211,-0.38666284,-0.52024734,1.5689138,-0.22825056,1.517185,0.8875079,-0.9489641,-0.12739405,0.21035156,-0.20062402,-0.65163785,-0.45331126,1.7356415,0.025654972,86
-1.0483902,-0.05933526,0.41976508,-0.62145734,2.5367537,-0.43413264,1.375591,1.1187236,-0.77444255,-0.24572878,-1.0645777,-0.07202205,-0.6048782,-0.20313944,1.1601509,1.1144366,86
-1.3313599,-1.7698175,0.0012686849,-1.1855395,1.87724,-0.19550928,2.1245508,0.9732461,-1.5571978,-0.86937535,-1.1469381,0.35754064,0.07188515,0.7132882,3.5978847,0.13053724,86
-0.8127349,-0.3229612,0.012864441,-0.7758641,2.2853434,0.067602664,1.284005,1.0096767,-0.6952939,0.2092663,-0.54969287,0.07217747,-0.33567077,-0.45083636,0.91544086,0.10215485,86
-0.85816103,0.27772948,-0.22545013,-0.9104487,2.1907704,-0.4029743,1.3070699,0.83686244,-0.88642275,0.17529356,-0.73482823,0.41045794,-0.33167553,-0.3262083,1.1392708,0.09623182,86
-1.0771172,-0.510867,0.7552239,-0.7711993,2.0069258,-0.7036514,1.5339131,0.88699615,-0.68079317,-0.14908929,-1.2189538,-0.5420464,-0.07292052,-0.20367925,1.7088579,0.9524718,86
-0.12319962,-1.3375505,2.1074588,-1.5245631,1.5096772,-1.0712825,3.11227,0.2928886,-0.14483121,0.74959886,-1.429313,-1.1617626,-1.6178412,0.56214356,2.993278,0.033758447,86
-0.042066067,-0.80381954,-0.31623068,-0.7285497,2.3319414,0.5390307,0.22449483,1.5609173,-0.46056467,0.20410746,1.4021926,0.16898075,-0.8183172,-0.7313908,-0.1254816,-0.22260638,105
-0.6536339,0.09896037,0.3620666,-0.8223364,2.0617592,-0.3597073,2.3530855,0.7452073,-0.7025964,-0.1549473,-1.2641728,-0.7407608,-1.231858,0.27904004,1.5427045,0.46433675,86
-1.2405798,-1.8566071,-0.17285705,-1.1636918,1.7715459,-0.017573774,2.03547,0.9027313,-1.5141697,-0.8234025,-0.8701867,0.44224438,0.24548933,0.6265235,3.5394416,0.0042191744,86
-0.19301388,-1.2290887,0.17251685,-0.45099398,1.5348281,-0.016164303,2.1560042,0.47258654,-0.4614943,0.24147412,-0.1449866,-0.2892984,-0.5189471,-0.46403658,2.1557734,0.36164862,45
-1.0493054,-0.11517304,0.42116666,-0.62243205,2.5154576,-0.38907593,1.4202865,1.0443009,-0.7296704,-0.29321957,-1.0565088,-0.13112976,-0.5918451,-0.11845657,1.164415,1.0692873,86
-1.3602946,-1.7601507,0.0032138675,-1.1762199,1.87482,-0.174316,2.0630174,0.9804368,-1.533971,-0.8877022,-1.0778606,0.37311384,0.09770111,0.73252684,3.510195,0.15053946,86
-0.8319587,-0.30668432,-0.07830897,-0.76440686,2.2452538,0.13192376,1.2789732,0.9249941,-0.6669501,0.08692837,-0.57154,-0.018514335,-0.37886223,-0.3706169,0.8922573,0.037033245,86
-0.8930015,0.40710053,-0.37580222,-0.87216556,2.1681678,-0.32344392,1.1600721,0.7687212,-0.8414451,0.04012546,-0.66891384,0.45918152,-0.2834619,-0.2901681,0.9545191,0.08604053,54
-1.0593661,-0.4403528,0.7846717,-0.8262601,1.8439372,-0.74695206,1.4304336,0.836571,-0.5440397,-0.19136874,-1.0371351,-0.58280456,-0.09739659,-0.17727625,1.7010684,0.8728449,86
0.10177837,-1.4854535,2.944882,-1.610649,1.233735,-1.8794417,3.2414906,0.18529144,0.14309028,0.89065266,-1.4536442,-1.6210992,-2.2244797,0.90033305,3.0614724,0.139516,105
-0.1487481,-0.8777652,-0.34667227,-0.77142036,2.3319676,0.4818453,0.20601134,1.6013097,-0.41458565,0.15211368,1.6105129,0.30408028,-0.77734,-0.7047692,0.07989963,-0.089227356,105
-0.77809215,0.08908078,0.39065987,-0.82010794,2.106161,-0.4492589,2.371065,0.782771,-0.85271204,-0.2546438,-1.4240323,-0.58500785,-1.164092,0.33511758,1.7097989,0.5128285,86
-1.3070898,-1.9824718,-0.26672915,-1.157179,1.8095635,0.064009964,1.9712796,0.93484986,-1.5649949,-0.9386855,-0.7783387,0.48855028,0.27980867,0.71857196,3.5269463,-0.016799271,86
0.06166476,-1.103208,0.30024245,-0.34424436,1.4544748,0.037240952,2.305266,0.36749393,-0.557518,0.17996128,-0.3179921,-0.22307418,-0.33758608,-0.4400549,2.2431517,0.45219857,86
-1.0082833,-0.13228035,0.3936417,-0.6102562,2.426333,-0.30804864,1.4377272,0.97444725,-0.69733274,-0.3129049,-0.99601424,-0.19867733,-0.57389003,-0.07896358,1.1437304,0.97278446,86
-1.4811323,-1.9087592,-0.07511318,-1.1686808,1.9281974,-0.08120796,2.0309894,1.0375087,-1.6130873,-1.0070935,-1.055241,0.43989387,0.13616562,0.82968587,3.5442612,0.15706006,86
-0.8198804,-0.31971875,-0.20282939,-0.7475946,2.1761866,0.22922465,1.282556,0.82166696,-0.6389617,-0.057469234,-0.564962,-0.13137312,-0.46551606,-0.26289055,0.8780892,-0.0616052,86
-0.88905615,0.45280686,-0.48925978,-0.8233385,2.1494524,-0.24169418,1.0385835,0.71679425,-0.8211694,-0.08219065,-0.5934469,0.45432606,-0.29796016,-0.22963195,0.77174515,0.031447828,54
-1.0062261,-0.36826932,0.80817103,-0.8797517,1.8096292,-0.76518106,1.3775963,0.80580324,-0.42095602,-0.2907341,-0.7761086,-0.43537518,-0.18668377,-0.059215162,1.7617592,0.838576,86
0.38457456,-1.5918632,2.9952006,-1.4347825,1.3296671,-1.7236351,3.3825614,0.13532913,0.1440458,0.8026972,-1.5746516,-1.7961646,-2.543466,1.0016047,2.9381251,0.15440023,105
-0.17681551,-0.5507859,-0.4707392,-0.7056113,2.4113832,0.3887625,0.22172333,1.5795269,-0.2959756,0.07302469,1.6312222,0.18949422,-0.6902698,-0.78942543,-0.099170305,0.11035681,105
-0.8175331,0.1127969,0.50294423,-0.8309878,2.0735064,-0.5438932,2.4056954,0.86231506,-1.0051132,-0.2624337,-1.4882873,-0.45793775,-1.1050656,0.3324303,1.8426602,0.56010365,86
-1.284339,-2.0038934,-0.21614817,-1.1459723,1.758292,0.060904652,1.89872,0.9082873,-1.4749467,-0.89773935,-0.64097875,0.3778639,0.26715547,0.70382684,3.392877,-0.06531313,86
0.13573037,-1.0898467,0.30771062,-0.29647505,1.5339509,0.0299488,2.4504514,0.38424474,-0.72178435,0.094030075,-0.47812057,-0.2481307,-0.3317246,-0.2504324,2.2905416,0.44825053,86
-0.98969185,-0.13432778,0.35193068,-0.5850823,2.368791,-0.22979864,1.4803246,0.92077756,-0.6791333,-0.33737195,-0.9526181,-0.2531846,-0.57970434,-0.051100943,1.1475183,0.89564973,86
-1.4259496,-1.7998815,0.016393527,-1.1256564,1.8680385,-0.08527146,1.928803,1.0138024,-1.47996,-0.9012286,-0.93637514,0.31300274,0.09967089,0.74110645,3.2716973,0.13844061,86
-0.80622184,-0.344841,-0.27834287,-0.7592808,2.105043,0.26266524,1.3097626,0.7381708,-0.5955322,-0.1490637,-0.53149766,-0.25636354,-0.56666523,-0.16434562,0.9078884,-0.13603961,86
-0.9157217,0.43154266,-0.57885236,-0.78596294,2.1791968,-0.16606528,0.9645138,0.71254396,-0.8564626,-0.2117642,-0.5954541,0.45971718,-0.3229507,-0.15417437,0.6701889,0.0032773614,59
-1.0082383,-0.16861746,0.7929556,-0.9621718,1.8220687,-0.74633086,1.39936,0.9055939,-0.5878079,-0.31722796,-0.7612181,-0.26776925,0.07617913,-0.017960861,1.8268692,0.72720444,86
0.5580799,-1.3134091,2.97308,-1.3128409,1.456286,-1.4369708,3.5399964,0.1689552,0.07231645,0.89164704,-1.8027987,-1.5625917,-2.4696045,0.8010154,2.8814309,0.34462488,105
-0.029643565,-0.114030674,-0.5176337,-0.5686532,2.4911385,0.18748868,0.26184756,1.4715214,-0.10889284,0.13392553,1.545781,-0.009506434,-0.84280866,-0.93994784,-0.33136407,0.37397867,105
-0.7461343,0.02605331,0.5742109,-0.81831264,2.0297737,-0.5502525,2.4311182,0.94092715,-1.1404387,-0.27042145,-1.4913135,-0.5056592,-1.2147529,0.37710154,1.8191372,0.47916192,86
-1.183749,-2.0031905,-0.24633014,-1.05877,1.7823374,0.23528942,1.8277321,0.8734374,-1.4295787,-0.9672175,-0.5895741,0.3193688,0.13343464,0.76916105,3.1152794,-0.15749514,86
-0.101630434,-1.286655,0.07828502,-0.40727004,1.6046554,0.043757588,2.3239594,0.52243865,-0.94018686,-0.17562483,-0.3921814,-0.06773563,-0.22863787,0.037048176,2.4885333,0.30998328,86
-1.0559478,-0.07086143,0.27947056,-0.60395235,2.4002848,-0.1896025,1.4648736,0.93101346,-0.65850717,-0.34800166,-0.97176063,-0.32505962,-0.5286644,-0.09968287,1.0967633,0.8556357,86
-1.3275213,-1.5741093,0.0891948,-0.99823415,1.8230673,-0.050436914,1.7886075,1.0029777,-1.3627857,-0.81115746,-0.8427036,0.17682219,0.033663243,0.6051419,2.8473036,0.14230639,86
-0.799194,-0.37124825,-0.25753742,-0.80394375,2.0220695,0.18878111,1.3569075,0.69974244,-0.5454347,-0.12592605,-0.48887128,-0.4418378,-0.66030186,-0.11327686,0.9407607,-0.19258,86
-0.94995266,0.4175277,-0.6219341,-0.76856434,2.2032537,-0.12778448,0.9576338,0.68017554,-0.84966755,-0.28591365,-0.6097639,0.4391199,-0.34128666,-0.10468429,0.6466417,-0.021073818,59
-1.0600736,-0.07437952,0.8950864,-1.0878344,1.7484535,-0.8367177,1.5771326,1.0221916,-0.8132472,-0.22369336,-0.8840982,-0.3412682,0.3031523,0.06483196,1.964844,0.48435074,86
0.5127609,-0.9513556,2.7998257,-1.23767,1.5723506,-1.3246492,3.4503021,0.33333695,-0.08457167,0.8395827,-1.8563187,-1.3191258,-2.2851567,0.62792236,2.7510772,0.45569938,86
0.004832439,0.023126543,-0.4600584,-0.5636558,2.6534343,0.15664601,0.33831477,1.4315307,0.12618598,0.14757377,1.4794987,-0.18618487,-1.094285,-0.8853366,-0.43718317,0.5841361,105
-0.6494544,-0.1732648,0.71752673,-0.7799994,1.9823031,-0.5139564,2.4975054,1.0114895,-1.2577146,-0.2614597,-1.5247204,-0.5967848,-1.3894551,0.43319595,1.8384176,0.35817915,86
-1.1547256,-1.9597597,-0.27231964,-1.0066406,1.7950442,0.36412528,1.7881372,0.83327365,-1.3732914,-1.0020494,-0.5774963,0.30839768,0.057253867,0.8009631,2.943037,-0.2105367,86
-0.44511715,-1.3482345,-0.3078353,-0.36630756,1.7161207,0.20934764,2.140644,0.6848911,-1.2107468,-0.53378683,-0.49380362,0.11382133,0.083824836,0.10048027,2.5658746,0.3401854,86
-1.1652141,0.014200598,0.16551962,-0.60197496,2.43552,-0.14181459,1.3961931,1.0053357,-0.70643175,-0.37038362,-0.98006594,-0.38540077,-0.40894955,-0.18716602,1.003017,0.8034533,86
-1.2109945,-1.2155086,0.09081791,-0.8439997,1.8610287,0.058346838,1.6300414,0.98033583,-1.2316307,-0.7683802,-0.8220843,0.08714539,-0.060002126,0.46783596,2.3095965,0.18477926,86
-0.5582031,-0.41378468,-0.096602336,-0.83713245,1.9270309,0.06288409,1.6312811,0.59451807,-0.39518863,-0.18895851,-0.31136966,-0.5659647,-1.1367521,0.17019515,1.1274735,-0.12699327,86
-0.9486854,0.36881897,-0.62697464,-0.7673943,2.1726763,-0.0869416,0.9755282,0.6418773,-0.81227314,-0.2974438,-0.5735512,0.35795745,-0.37464094,-0.0772009,0.6566404,-0.06963623,59
-1.1721644,-0.14490914,1.1036206,-1.0882232,1.7022043,-0.9029162,1.8506219,1.0614282,-0.86430347,-0.036103465,-1.096375,-0.69619215,0.2674695,0.1066363,2.049578,0.25885066,2
0.30205357,-0.80028844,2.4766767,-1.1544311,1.7856945,-1.2352823,3.282674,0.50523376,-0.17944849,0.6129822,-1.801336,-1.5242373,-2.3087316,0.6185417,2.4517503,0.3185257,86
0.056085363,-0.079328746,-0.2300022,-0.5273294,2.816872,0.06982407,0.50550175,1.4630356,0.13647592,0.11138373,1.1587285,-0.3044167,-1.2901673,-0.8078306,-0.34416357,0.7994322,105
-0.57706046,-0.4174397,0.8279799,-0.7694652,1.8990802,-0.4560179,2.5382895,1.0458349,-1.3102424,-0.23865817,-1.511034,-0.7059372,-1.5205768,0.47387463,1.8772105,0.20570734,86
-1.1244915,-1.8566729,-0.217257,-0.9600075,1.8029829,0.43310717,1.8046579,0.8069738,-1.300975,-0.95740646,-0.5985583,0.24421176,0.0071396157,0.76947254,2.8067908,-0.22267386,86
-0.773462,-1.173576,-0.4020247,-0.36766914,1.8256942,0.22785547,2.0723102,0.76362187,-1.2983539,-0.669162,-0.80913043,0.12698808,0.25333726,0.05968122,2.6052446,0.4531278,86
-0.8698411,-0.024088651,0.16363744,-0.5699721,2.4261184,-0.08515978,1.7026919,0.9164965,-0.6325606,-0.6001673,-0.76124895,-0.35045058,-0.97237116,0.20159887,1.1495682,0.77524924,86
-1.1851945,-0.82681656,0.11977245,-0.731448,1.8711072,0.055849046,1.4806867,0.9887794,-1.0960555,-0.6582694,-0.7886543,-0.034841657,-0.018022545,0.23087685,1.8986636,0.280659,86
-0.43448123,-0.54240537,0.0030061305,-0.8424326,1.9333125,0.12753338,1.7613735,0.6153079,-0.39260662,-0.11708893,-0.20949131,-0.5925987,-1.2969133,0.24361388,1.2250029,-0.1671382,86
-0.9194818,0.2853103,-0.6177658,-0.7914747,2.1212456,-0.036523312,1.0147637,0.60545474,-0.7505834,-0.28463644,-0.50578505,0.22742954,-0.42237273,-0.05838285,0.6906574,-0.14366505,59
-1.1397028,-0.14037634,1.2623641,-1.0450523,1.7030554,-0.8814838,2.164381,0.9801614,-0.785064,0.13627082,-1.3166398,-1.0650092,-0.09981228,0.21708263,1.9959716,0.015632644,45
0.1863417,-0.688865,2.430061,-1.1137167,1.9375213,-1.366574,3.0716653,0.7133975,-0.31173217,0.43535936,-1.8454049,-1.5721451,-2.408305,0.62270814,2.2002954,0.24688995,86
0.102000415,-0.03780417,-0.058858603,-0.57290655,2.7454982,-0.087053195,0.60923034,1.401698,0.11011183,0.25012586,0.8930643,-0.32163566,-1.2248145,-0.907566,-0.21628833,0.8574856,105
-0.54879004,-0.6801414,0.8486204,-0.78019947,1.7881585,-0.3941722,2.5453281,1.0271641,-1.3127297,-0.21813907,-1.4380713,-0.79260373,-1.6206304,0.5307226,1.9312283,0.03962852,86
-1.1264136,-1.8010336,-0.18858364,-0.9736326,1.8029758,0.4844791,1.8021175,0.78555566,-1.2024705,-0.8700528,-0.55278987,0.17594936,-0.022842944,0.712671,2.7174077,-0.27590927,86
-0.92676234,-1.1742746,-0.46676338,-0.35271123,1.8631305,0.33636293,2.0354068,0.8323281,-1.3631022,-0.75039595,-0.9525932,0.114990056,0.32146925,-0.021960132,2.6526182,0.48063552,86
-0.71509033,0.06888136,0.10380517,-0.4644806,2.4055264,0.12350166,1.8293833,0.9031012,-0.6839957,-0.5976239,-0.77601194,-0.41915745,-1.0452949,0.23635839,1.0673075,0.66178143,86
-1.2252841,-0.4239816,0.050149187,-0.6456009,1.9382972,0.09264767,1.3008146,1.0343822,-1.0100883,-0.60879844,-0.75043464,-0.05471766,0.06957657,0.010638073,1.5178627,0.36724418,86
-0.3365361,-0.89923966,-0.013259321,-0.88358974,1.8778117,0.27780792,1.8671358,0.6490402,-0.4931015,-0.21328439,0.0017909408,-0.5257611,-1.4350089,0.47311598,1.4936882,-0.3505823,86
-0.9497899,0.1944412,-0.6180124,-0.8106637,2.163353,0.025173485,1.0920253,0.61536515,-0.7263849,-0.318779,-0.5427149,0.10812822,-0.48573074,-0.025789581,0.74557555,-0.16066247,59
-0.9483019,0.024488062,1.2557914,-0.99085456,1.6267905,-0.8091308,2.330319,0.8480327,-0.7354449,0.25122508,-1.3656044,-1.1410371,-0.4769316,0.34054768,1.8456931,-0.1958037,86
0.08982392,-0.5228354,2.4298117,-1.1169925,2.031234,-1.5307168,2.839056,0.8749629,-0.42922768,0.34159255,-1.8553488,-1.4179915,-2.3948152,0.57406205,2.0200593,0.23563468,86
0.1399616,-0.039798707,0.2705788,-0.6853032,2.7635581,-0.39638844,0.65786326,1.5012437,0.04062535,0.38139647,0.7528498,-0.22584793,-1.1753143,-0.92955756,-0.07654645,1.0066822,105
-0.569622,-0.8319924,0.79350525,-0.77453685,1.6666632,-0.36330223,2.4880893,0.98741627,-1.2976938,-0.20673983,-1.3175566,-0.7918236,-1.6362011,0.55287355,1.9558117,-0.049502835,86
-1.1801517,-1.7157445,-0.1801664,-0.97580963,1.8428967,0.5084169,1.785806,0.8242314,-1.1595212,-0.8054054,-0.55897003,0.11135706,-0.024168015,0.6352673,2.613128,-0.2783865,86
-0.9976728,-1.2301086,-0.41147208,-0.37667555,1.8724946,0.38316235,2.0783696,0.893396,-1.434082,-0.77277863,-1.085898,0.11184245,0.34610805,-0.05898756,2.799427,0.47412336,86
-0.44930562,-0.10955553,0.30466363,-0.48402667,2.3297327,0.0542337,2.2716622,0.8264972,-0.7369919,-0.4649313,-0.9720212,-0.6793655,-1.3334302,0.40694612,1.3500102,0.55770534,86
-1.2975838,-0.06999849,-0.13195154,-0.5576912,2.0483036,0.19026345,1.1230901,1.1069655,-1.0095935,-0.63347614,-0.7020458,-0.025188982,0.17875867,-0.14718115,1.165465,0.4086603,86
-0.53379166,-1.2476084,-0.42673266,-0.8586967,1.9606628,0.6422069,1.7637287,0.75442123,-0.7520951,-0.8253958,0.22554979,-0.24101044,-1.3531734,0.87563497,1.7715281,-0.51215166,86
-0.92953116,0.1380074,-0.6146127,-0.8424111,2.176724,0.07277048,1.1540213,0.61922944,-0.65478885,-0.36031157,-0.4805078,0.018094063,-0.6108024,0.022341557,0.77566147,-0.18969515,59
-0.13715208,-0.36715025,1.6944396,-0.7760403,1.2238919,-0.5245996,3.0160358,0.69835407,-0.75328815,0.47962922,-1.2097605,-1.4005227,-1.4391347,0.6568201,2.1016603,-0.47744936,86
-0.045189023,-0.33323395,2.3889103,-1.1563426,2.080259,-1.7260234,2.5940921,0.97968054,-0.5244111,0.24608958,-1.8722486,-1.1934217,-2.384795,0.5473063,1.8666589,0.2831625,86
0.08461425,-0.04806821,0.452062,-0.7430552,2.6907399,-0.6343411,0.63988066,1.5830092,-0.07012869,0.43994612,0.59063804,-0.2076081,-1.0894668,-0.9730346,-0.014903396,1.0849593,105
-0.6236288,-0.8837328,0.70209306,-0.7635194,1.5799373,-0.3690343,2.3903944,0.9544656,-1.250718,-0.18749927,-1.1677743,-0.7782928,-1.56895,0.50994194,1.927333,-0.06302704,86
-1.2767639,-1.56876,-0.20262149,-0.92393786,2.0016165,0.56980264,1.801741,0.9332001,-1.2253028,-0.824892,-0.6984365,0.0897634,-0.01974228,0.58077973,2.4647856,-0.23952566,86
-1.0019078,-1.3389024,-0.36941838,-0.418989,1.8808765,0.467998,2.137793,0.8940861,-1.4617224,-0.7992366,-1.2220188,0.07245532,0.2699058,-0.0069585145,2.8702824,0.39556092,86
-0.29421568,-0.3035226,0.7919584,-0.6168166,2.1793118,-0.24758467,2.7213724,0.71683836,-0.64702,-0.054889664,-1.383679,-1.0260006,-1.6536343,0.42261404,1.653066,0.5637757,86
-1.3362384,0.28097907,-0.15923592,-0.5118623,2.219588,0.18588102,1.104328,1.1493702,-0.90303016,-0.62994057,-0.73436654,-0.013308793,0.10038455,-0.245749,0.92895675,0.5370796,86
-0.5536127,-1.0194986,-0.3504995,-0.8186207,1.8522161,0.33417514,1.7505746,0.8500143,-0.9961449,-0.9784816,0.08099505,-0.20542935,-1.1203644,0.8647359,1.8977708,-0.3418402,86
-0.69020253,0.14367187,-0.61868703,-0.8088075,2.043144,0.095763296,1.276358,0.58651876,-0.5709801,-0.49236685,-0.15552634,0.029844552,-0.8725029,0.19412003,0.8915544,-0.1074064,54
0.09524877,-0.7782906,2.1053684,-1.0019876,0.92089725,-0.693977,3.3278544,0.44017112,-0.4813906,0.88181436,-1.3002167,-1.8075535,-2.0138316,0.8854411,2.2378657,-0.79677933,49
-0.08421031,-0.22274749,2.2953093,-1.1394655,1.9919046,-1.8423477,2.360092,1.0525389,-0.6607557,0.1324976,-1.7666872,-1.0108354,-2.388572,0.5522286,1.7026505,0.27459854,86
-0.05141936,-0.08850244,0.4544849,-0.7041444,2.6270468,-0.6928575,0.5458151,1.6049284,-0.14645964,0.27284682,0.52342343,-0.18756047,-1.0772517,-0.8952243,-0.008716345,1.1637225,105
-0.6740582,-0.85150766,0.61100775,-0.772287,1.5432427,-0.42974558,2.2955236,0.9103664,-1.1812671,-0.15731493,-1.0256702,-0.7424737,-1.4948497,0.46482617,1.8868914,-0.042437196,86
-1.323504,-1.3570571,-0.13863826,-0.8780149,2.0338345,0.5427091,1.8299204,1.0291092,-1.2506869,-0.70359397,-0.7732227,-0.073330864,0.06882466,0.4332909,2.2929814,-0.22138552,86
-1.0352587,-1.5077558,-0.27444386,-0.5233727,1.8642681,0.46853146,2.251009,0.8771019,-1.4854807,-0.78847873,-1.34544,0.1342518,0.26087168,0.10250689,3.1007397,0.33596802,86
-0.2614947,-0.19548142,0.80515444,-0.6908219,2.1408033,-0.31283712,2.7460551,0.70153594,-0.64545655,-0.009005174,-1.458801,-1.0267118,-1.6226625,0.36389798,1.6951523,0.52454245,86
-1.4817765,0.48311827,-0.27649933,-0.47266155,2.3247972,0.08869225,1.1091119,1.233898,-0.9665433,-0.59991145,-0.77622485,0.016277254,0.21296948,-0.34707874,0.904264,0.67217106,86
-0.65712345,-0.95365393,-0.3663953,-0.6823199,1.8526696,0.086456925,1.7390516,0.95012856,-1.1799154,-1.0627359,-0.11858037,-0.30282795,-1.0748557,0.80324167,1.8488928,-0.110812195,86
-0.6728482,0.28269938,-0.7114683,-0.84281063,2.0446317,0.11666605,1.2520082,0.6407193,-0.56513494,-0.52206916,0.067048505,0.1666516,-0.7530172,0.18259399,0.9512591,-0.057444952,54
0.21621835,-0.8626993,2.2556028,-1.1406691,0.8741337,-0.7283615,3.5132818,0.34030792,-0.30039382,1.233481,-1.3697597,-1.967395,-2.114479,0.6800277,2.3130674,-0.79105365,45
-0.031576946,-0.21735689,2.1495636,-1.0672011,1.8047572,-1.8465928,2.182679,1.056458,-0.78117657,0.0564321,-1.5491937,-0.89836574,-2.3635755,0.5515619,1.5927016,0.20163307,86
-0.1855954,-0.10957566,0.34916472,-0.62335867,2.4862683,-0.64374506,0.45187938,1.5519118,-0.26635352,0.0072428286,0.4736982,-0.18988797,-1.0344117,-0.7766275,0.022208914,1.1173,105
-0.73659295,-0.71762264,0.51013786,-0.78257406,1.6297622,-0.512841,2.234303,0.8766537,-1.1536025,-0.20248835,-0.9641962,-0.63919955,-1.4057117,0.4576285,1.8697157,0.017615393,86
-1.3473251,-1.1042297,0.00753583,-0.81731594,2.0180619,0.41274276,1.9144721,1.1056286,-1.252445,-0.45713824,-0.9025017,-0.31623137,0.22119474,0.22040085,2.1294053,-0.17007047,86
-1.0773299,-1.8181546,-0.1707212,-0.65782905,1.8104931,0.46471307,2.3897188,0.8509165,-1.5009798,-0.7617166,-1.3822368,0.15947214,0.2318039,0.263806,3.3988764,0.20541465,86
-0.47730654,-0.21180776,0.80898005,-0.7570345,2.187476,-0.48283267,2.7274635,0.72713983,-0.79155815,-0.114597395,-1.6278263,-0.8576318,-1.4915881,0.4317003,1.8991978,0.55508506,86
-1.2504642,0.6993997,-0.19350195,-0.42288446,2.2918124,-0.08555092,1.2835253,1.3091027,-1.0263984,-0.35095412,-0.73615396,0.026759446,0.102604106,-0.47797072,0.85813737,0.73519677,86
-0.65194255,-0.89280903,-0.35447586,-0.5374218,1.89099,0.02173978,1.6955441,1.0319908,-1.2500921,-1.0932574,-0.21678084,-0.45444012,-1.1565971,0.7226122,1.574351,0.009689361,86
-0.56692,0.40463218,-0.7706564,-0.8582367,1.9954959,0.16400555,1.119262,0.7188518,-0.5925336,-0.594638,0.40473592,0.3893694,-0.5462354,0.20033006,0.97821766,-0.042987168,86
0.2743171,-0.889436,2.4123788,-1.3782151,0.87011534,-0.9477445,3.6890388,0.19632804,-0.018560052,1.5561049,-1.3590008,-2.130931,-2.2136304,0.61456984,2.4154162,-0.7250992,49
-0.06505676,-0.2430506,2.0316718,-1.0293424,1.6382455,-1.8641781,2.1088412,1.0350584,-0.8699119,0.057027705,-1.3757466,-0.81232405,-2.198261,0.49376017,1.6653111,0.17747441,86
-0.31558028,-0.19693312,0.17671761,-0.59993917,2.3992105,-0.5691462,0.45216396,1.4762923,-0.35891157,-0.17792656,0.42128214,-0.3325984,-0.8477573,-0.6856386,0.103758045,1.0616591,105
-0.812172,-0.6305126,0.37634563,-0.7503629,1.702221,-0.55325776,2.18558,0.83781886,-1.1499648,-0.24910598,-0.9030155,-0.52846056,-1.3121307,0.4225716,1.869478,0.088523656,86
-1.4541132,-0.612911,0.031502537,-0.7552718,2.0341442,0.13885891,1.8795121,1.1695265,-1.199543,-0.1511828,-0.9302002,-0.3752832,0.6397419,-0.094898194,1.8886212,0.03960216,2
-1.0900782,-2.1420674,-0.08979775,-0.80762005,1.7546898,0.4971963,2.4996502,0.78569955,-1.4532205,-0.72428125,-1.3540902,0.15216327,0.16604403,0.42588967,3.6322885,0.033868656,86
-0.60764277,-0.21720248,0.87532526,-0.8033487,2.2243013,-0.60221237,2.6984634,0.8122808,-0.91633916,-0.15880983,-1.7489347,-0.7598819,-1.4448737,0.42099166,1.9899617,0.59695745,86
-1.0042157,0.7521063,-0.088949904,-0.4036084,2.264928,-0.0278427,1.382307,1.2352188,-0.8182591,-0.014126822,-0.7070338,-0.2068692,-0.10275059,-0.61109453,0.60837823,0.6725868,86
-0.65664715,-0.83214223,-0.37159765,-0.4951034,1.9341644,-0.018000215,1.5981015,1.1279681,-1.2992544,-1.1143372,-0.2208004,-0.56495714,-1.2387611,0.63554657,1.3206348,0.0192734,86
-0.49329686,0.18850344,-0.5458847,-0.87806916,1.9934814,0.080219924,1.3816252,0.70075536,-0.6162094,-0.6256831,0.1769492,0.2147341,-0.7950753,0.39812493,1.1953533,-0.013985783,86
0.34219477,-0.91850555,2.4549851,-1.4592346,0.87288845,-1.0112622,3.776526,0.16793521,0.092861146,1.6537249,-1.2463909,-2.1384335,-2.2392907,0.5679203,2.5145562,-0.598922,45
-0.11422966,-0.3095883,1.9401381,-0.9906034,1.4442574,-1.8618946,2.0892324,0.939178,-0.87266123,0.14608699,-1.2521555,-0.8319504,-2.0312104,0.3980657,1.7509315,0.16037834,86
-0.42568305,-0.25345755,0.009720996,-0.5742359,2.32602,-0.5056813,0.48982632,1.4136437,-0.5486069,-0.3393712,0.30991822,-0.3579473,-0.606666,-0.6151258,0.24277472,0.9865567,105
-0.86885595,-0.5737755,0.2520976,-0.697712,1.7542179,-0.5637183,2.1525443,0.8052945,-1.1738619,-0.29562098,-0.85492647,-0.3886062,-1.2239649,0.37453443,1.9084574,0.15305918,86
-0.8438324,-0.0921738,0.27513707,-0.43545777,2.019172,0.32223758,2.097189,1.1892767,-1.0869277,0.25812626,-0.99406266,-0.6424042,0.031783693,-0.42823535,1.2241328,-0.00593248,45
-1.1019111,-2.355194,0.020007476,-0.9431703,1.722367,0.47743723,2.5875447,0.7128518,-1.3519368,-0.6343314,-1.3289891,0.10754955,0.10979353,0.52322674,3.7734377,-0.07432446,86
-0.5785836,-0.2866713,0.9219395,-0.7767276,2.1731317,-0.6292834,2.6732419,0.9013531,-1.0480549,-0.16995588,-1.7588158,-0.7976291,-1.5312625,0.41587275,1.9294999,0.52499527,86
-1.0406898,0.8253118,0.053128697,-0.5120532,2.3497622,-0.25061083,1.372764,1.2660023,-0.7182883,0.1894145,-0.7782606,-0.17043547,-0.24993846,-0.59750617,0.5153257,0.7468769,86
-0.6541885,-0.7047492,-0.27147192,-0.47146693,1.9263064,-0.16725168,1.5255848,1.2192726,-1.3409835,-1.0589279,-0.26812637,-0.65066046,-1.2769898,0.4974131,1.1431404,0.08937976,86
-0.42605597,-0.16400881,0.08137363,-0.8436835,1.982715,-0.26488984,2.0520673,0.6301055,-0.7067698,-0.4305702,-0.6623981,-0.34221536,-1.2499462,0.54446733,1.6336325,0.14478818,86
0.3767645,-0.9811437,2.342906,-1.3804209,0.8092852,-0.84298015,3.7219226,0.24882595,0.0601611,1.5348672,-1.0118984,-2.08813,-2.1448321,0.54546857,2.5319564,-0.6413507,45
-0.18775782,-0.3477628,1.8510065,-0.9805175,1.345279,-1.8704801,2.085457,0.82553446,-0.8280946,0.20966196,-1.2027606,-0.8710551,-1.9466842,0.34678608,1.8134309,0.15985191,86
-0.51717746,-0.3091753,-0.08460118,-0.54748976,2.2643437,-0.446168,0.55042183,1.3393079,-0.6064845,-0.3811912,0.3133537,-0.29222736,-0.4035329,-0.5655434,0.3624666,0.9739445,105
-0.90223366,-0.4738146,0.15817739,-0.66430926,1.8300135,-0.61186004,2.1098585,0.7905468,-1.2061898,-0.33249813,-0.83738065,-0.24458316,-1.1630802,0.32097036,1.9328607,0.20288116,86
-0.9175975,0.056898177,0.315156,-0.51544935,2.143099,0.21350434,2.154393,1.19083,-0.9818469,0.61567086,-1.1006926,-0.6505542,-0.13469535,-0.50888693,1.0589087,-0.0011167079,45
-1.115154,-2.536334,0.067414455,-1.0696065,1.6783965,0.4612014,2.61089,0.6539948,-1.2716097,-0.63718337,-1.246649,0.09341779,0.062242724,0.670601,3.8830006,-0.17961346,86
-0.5084274,-0.4559698,0.9854654,-0.75615096,2.0771677,-0.6421331,2.669357,0.94568527,-1.1448381,-0.16016662,-1.739238,-0.8976121,-1.713682,0.47495276,1.8777006,0.36596328,86
-1.0437691,0.8822551,0.096565075,-0.6136746,2.410592,-0.43828368,1.4075336,1.1872547,-0.6724777,0.2846567,-0.9493431,-0.12732966,-0.39315164,-0.54204893,0.51840717,0.7060974,86
-0.6508451,-0.6392257,-0.02124542,-0.48957464,1.8990628,-0.37064448,1.5727463,1.2337173,-1.3069577,-0.91017073,-0.45154995,-0.7825092,-1.4045943,0.41931397,1.0902997,0.12864292,86
-0.51915145,-0.11040577,0.19640994,-0.79640436,2.0426645,-0.51190215,2.1670308,0.7103081,-0.87838423,-0.4299736,-0.8862473,-0.45735833,-1.2893178,0.5509227,1.7180023,0.2268486,86
0.29667944,-1.0056746,2.2291887,-1.4222517,0.8928621,-0.84251475,3.5994134,0.35976562,0.07137549,1.4497811,-0.8433504,-2.0440803,-2.16588,0.56609666,2.4306195,-0.64661306,45
-0.25174844,-0.35715353,1.7532196,-0.99740964,1.3435526,-1.8802019,2.101331,0.7151823,-0.75691974,0.23450367,-1.2075398,-0.9075855,-1.9463474,0.34222323,1.8530254,0.18260959,86
-0.581566,-0.34886238,-0.18142927,-0.54099166,2.2349372,-0.41701317,0.586803,1.2648757,-0.6043295,-0.41387594,0.3186794,-0.2696544,-0.2636882,-0.49424332,0.40428495,0.95095986,105
-0.94283974,-0.35906944,0.11262788,-0.64862186,1.8766093,-0.6919633,2.0412037,0.7541555,-1.1778641,-0.31573576,-0.82753825,-0.14823596,-1.1241628,0.24472968,1.9184383,0.23076916,86
-0.8696836,0.042649806,0.25276923,-0.59860736,2.0272622,0.27257922,2.164694,1.0061045,-0.8557521,0.6472491,-1.0876228,-0.63220465,-0.20001346,-0.36916035,1.0489422,-0.16398565,45
-1.0454447,-2.4394567,0.15684915,-1.0561512,1.6853106,0.4170002,2.578852,0.6238126,-1.1924748,-0.59118813,-1.2412918,0.013133377,-0.017778367,0.67297864,3.698885,-0.1621173,86
-0.42675462,-0.66465425,1.0297208,-0.7564737,1.9543623,-0.58410823,2.6526322,0.9334154,-1.1656699,-0.16810384,-1.6862301,-0.98621523,-1.8680003,0.553517,1.8695382,0.17396802,86
-0.87475604,0.8968837,0.17045356,-0.689717,2.4172215,-0.41019267,1.4359852,1.2841802,-0.7534218,0.3825792,-0.90352905,-0.093597606,-0.31128883,-0.7072169,0.5571619,0.6142602,86
-0.61389434,-0.59449327,0.28262556,-0.5488359,1.8654982,-0.61543655,1.6728173,1.1506413,-1.2164496,-0.7362098,-0.7058349,-0.8974894,-1.611268,0.4289351,1.1361116,0.12367591,86
-0.6483723,-0.24475725,0.10252018,-0.85191023,2.0082304,-0.5322137,2.0901093,0.76508486,-1.0161737,-0.56269443,-0.8407793,-0.37850216,-1.2221748,0.6071368,1.8442721,0.13195115,86
0.21908766,-1.0319473,2.098228,-1.3739426,1.0201274,-0.81880295,3.443913,0.48453897,0.002330646,1.3314368,-0.72042453,-1.8761039,-2.1478906,0.5251395,2.341968,-0.5693189,45
-0.2893228,-0.37064064,1.6932511,-1.0250473,1.4361202,-1.897991,2.1438854,0.6426136,-0.68278813,0.2070821,-1.2744756,-0.9865706,-2.0343761,0.39443326,1.8509011,0.18720412,86
-0.47154054,-0.67163,0.1270597,-0.59609693,2.2872405,-0.38670614,0.9392447,1.1222749,-0.34754723,-0.35371047,0.40055168,-0.30561584,-0.4808086,-0.19680566,0.7406767,1.0585029,105
-0.9952936,-0.25445208,0.09524795,-0.6604679,1.9136423,-0.76748264,1.9880598,0.731766,-1.1663886,-0.317618,-0.87643886,-0.07089919,-1.0531507,0.18766515,1.9424324,0.24458206,86
-0.8429189,-0.13040678,0.10364144,-0.6796537,2.0080647,0.3518103,2.052573,1.0509293,-0.9083233,0.60244614,-0.9308306,-0.55832696,-0.21637207,-0.32934576,1.0479933,-0.27402416,45
-1.0300331,-2.3333795,0.18812001,-1.0409191,1.6620415,0.36928186,2.5216467,0.6010642,-1.1376851,-0.5655131,-1.2112484,-0.03552097,-0.032709464,0.6563772,3.5598724,-0.13785814,86
-0.41287243,-0.84983206,1.0492017,-0.7875971,1.8379196,-0.5542417,2.6185308,0.8882084,-1.1528054,-0.17506404,-1.627476,-0.9873494,-1.9373556,0.63229704,1.9384695,0.012321204,86
-0.75183636,0.82574177,0.23816551,-0.761251,2.4470682,-0.51048976,1.4517112,1.3143537,-0.7247776,0.5585419,-0.81314325,-0.08496997,-0.49594018,-0.73111296,0.5226881,0.57354504,86
-0.597257,-0.52111775,0.51333773,-0.61731505,1.8758731,-0.8924812,1.713767,1.0402756,-1.0830822,-0.5805188,-0.9021449,-0.97631466,-1.816228,0.43358028,1.1492031,0.15160164,54
-0.5836028,-0.3347451,0.23923638,-0.81721354,2.0124793,-0.5619277,2.101046,0.8484496,-1.092825,-0.5421628,-0.96839976,-0.5295117,-1.3812076,0.54631245,1.7603221,0.12836882,86
0.16065323,-1.0581514,1.9335454,-1.2628034,1.1217574,-0.7943876,3.2820654,0.53687596,-0.10387775,1.2067025,-0.60136473,-1.5907487,-2.0956209,0.48408252,2.3098564,-0.4327342,45
-0.36149436,-0.39262384,1.5667205,-1.0402851,1.6287152,-1.8815022,2.140003,0.5976746,-0.5899291,0.10311338,-1.3248595,-1.0521297,-2.1612854,0.45300537,1.7898095,0.22009179,59
0.0048453435,-1.2593248,1.4382675,-0.773385,2.3172793,-0.6682329,2.2001266,0.59829414,0.23849258,0.5312205,-0.12936834,-0.49441963,-0.7330792,0.09468031,1.765671,1.4832487,105
-0.92319524,-0.43102735,0.34417126,-0.6539663,1.9603692,-0.77012235,2.158035,0.5540955,-0.84335613,-0.15936105,-0.9861996,-0.036520272,-1.036501,0.082813144,2.166876,0.42543292,86
-0.7573095,-0.27075303,0.122890264,-0.6769574,2.008567,0.3749654,1.8838123,1.2183945,-1.0022284,0.639668,-0.76111066,-0.4787206,-0.26474515,-0.41981816,0.9455148,-0.3058514,45
-1.0371194,-2.2494586,0.19014409,-1.0027518,1.6134527,0.36170438,2.4640164,0.5904474,-1.1137285,-0.5536635,-1.1716517,-0.08562684,-0.0029708296,0.62417096,3.4477026,-0.13583404,86
-0.42827588,-0.92747676,0.9418019,-0.796594,1.7299702,-0.5535147,2.5064409,0.8367733,-1.1472449,-0.21983053,-1.4908113,-0.92961335,-1.9515218,0.68597406,1.942453,-0.07901578,86
-0.71678764,0.61394656,0.26915812,-0.785748,2.43095,-0.55750275,1.5422013,1.2990152,-0.7279923,0.65555716,-0.74483824,-0.08597019,-0.56939894,-0.6935015,0.66106147,0.55370766,86
-0.58172596,-0.45237613,0.6370771,-0.6845521,1.9078006,-1.0991932,1.7263955,0.92412984,-0.94196117,-0.4598632,-1.0142195,-1.0336736,-1.978707,0.42367727,1.1299384,0.1633153,54
-0.55329055,-0.3754386,0.35132384,-0.78700745,1.9346418,-0.6564198,2.0580173,0.94876885,-1.1906127,-0.5324468,-0.97840965,-0.6160824,-1.522068,0.53084886,1.6429442,0.11476621,54
0.044510663,-1.0363377,1.7024887,-1.1357456,1.1999397,-0.7981237,3.105272,0.5543524,-0.23338383,1.0593671,-0.48470807,-1.2912017,-1.9600722,0.44600117,2.2880316,-0.27499205,45
-0.36868596,-0.4945578,1.4639723,-1.0246495,1.7140039,-1.7567292,2.1293747,0.5556922,-0.50107217,0.061870024,-1.3046523,-1.1552936,-2.2007794,0.42696315,1.7411951,0.19888732,86
-0.24585655,-0.97007096,1.1783597,-0.67469305,2.3898382,-0.7162382,1.9405396,0.7200795,0.080001116,0.508816,-0.26382697,-0.40532815,-0.5743443,-0.14549571,1.4659969,1.5251825,105
-0.87745404,-0.42667562,0.61588025,-0.7052406,1.9259994,-0.9415401,2.2782233,0.4900172,-0.6815928,-0.015957005,-1.060959,0.1631386,-0.8137715,-0.013283394,2.4785638,0.70116746,86
-0.83220905,-0.27503935,0.048849903,-0.67285633,1.9868138,0.36276862,1.790046,1.2164195,-1.0519224,0.49462545,-0.6988753,-0.28556126,-0.21530443,-0.3595026,1.021441,-0.29486424,45
-1.0193138,-2.1921263,0.18467656,-0.94148445,1.5703645,0.42254576,2.437483,0.5896975,-1.1206812,-0.5530421,-1.135388,-0.15068318,0.0109425485,0.5954997,3.3393955,-0.17815132,86
-0.47018802,-0.91121066,0.85727745,-0.8007817,1.6482408,-0.61884254,2.385222,0.8063863,-1.1302509,-0.23553295,-1.3457757,-0.8485515,-1.8653884,0.6599642,1.9461576,-0.07389099,86
-0.7562335,0.30863962,0.24577732,-0.7484568,2.343654,-0.49360853,1.6258259,1.2660948,-0.7923955,0.5741452,-0.6555059,-0.069077134,-0.47872213,-0.63591385,0.93779105,0.5181301,86
-0.5607555,-0.42880413,0.6747926,-0.73968637,1.9078764,-1.217816,1.7285695,0.8194028,-0.8303505,-0.36881858,-1.0555654,-1.0761805,-2.0845919,0.40859467,1.1227946,0.14142564,54
-0.505995,-0.65042067,0.46513677,-0.77098113,1.8096919,-0.65669084,2.1222548,0.972219,-1.2512455,-0.5287237,-0.9991033,-0.77575827,-1.7082821,0.5947419,1.7032474,-0.011441112,54
-0.12550381,-0.9128089,1.446862,-0.95452136,1.2345735,-0.8212166,2.8581202,0.56698835,-0.4291255,0.86454374,-0.45427465,-1.0036592,-1.6949166,0.33968198,2.2134988,-0.10399509,45
-0.31607127,-0.7031729,1.3784125,-0.9391401,1.6772382,-1.5393571,2.1566284,0.51381195,-0.4579807,0.07592485,-1.2247741,-1.2390202,-2.1507418,0.33584172,1.7604183,0.19701007,86
-0.26662973,-0.88463986,1.1151313,-0.53635913,2.5019932,-0.76163435,1.9091744,0.80637896,0.024494976,0.76764554,-0.32751495,-0.2826608,-0.46639988,-0.49776936,1.3677179,1.8171802,105
-0.95458955,-0.3851239,0.5378154,-0.7394527,1.8190869,-1.0615507,2.201993,0.4658432,-0.6693661,-0.021413118,-0.981868,0.3224236,-0.60499215,-0.052152105,2.6246023,0.7623802,86
-0.8501429,-0.25663188,-0.04815957,-0.6660192,1.9844154,0.37649766,1.730857,1.1824677,-1.0053498,0.43662065,-0.59986275,-0.22807086,-0.15981737,-0.3920082,1.0178044,-0.2812845,45
-1.0107607,-2.1883826,0.18192542,-0.9014747,1.5093387,0.49112108,2.4224265,0.58053696,-1.1090307,-0.54692733,-1.0802935,-0.25726622,-0.01566942,0.5823059,3.2521074,-0.26571622,86
-0.51098734,-0.86378455,0.7664014,-0.8122073,1.614398,-0.6865641,2.281107,0.7793463,-1.1006637,-0.2577209,-1.2181599,-0.80136263,-1.7824878,0.6319631,1.9278831,-0.056686133,86
-0.7375559,-0.0008415282,0.2079285,-0.78116465,2.2743201,-0.44562423,1.6353896,1.2463382,-0.85395336,0.4571346,-0.51160014,-0.0014201701,-0.48978522,-0.5040877,1.1581534,0.42924356,86
-0.5432924,-0.4498124,0.66471034,-0.73945636,1.8960093,-1.2233216,1.7311971,0.72261375,-0.73560727,-0.30870557,-1.0763525,-1.1022543,-2.1492972,0.38245636,1.0898056,0.101765394,59
-0.45137817,-0.9958787,0.58545864,-0.81242245,1.6753768,-0.6377928,2.2228923,0.9068557,-1.2363738,-0.48785073,-1.023492,-0.9274745,-1.8873594,0.6898753,1.8925489,-0.20898572,86
-0.2901339,-0.6844063,1.1792047,-0.7284018,1.1427481,-0.8753425,2.6120636,0.53446466,-0.659876,0.6615518,-0.5421706,-0.8240011,-1.3998315,0.16529922,2.101496,0.0484726,45
-0.14110912,-1.0497259,1.3169265,-0.8482006,1.5689956,-1.2675108,2.3484428,0.4090053,-0.41701037,0.15962651,-1.1214187,-1.3290823,-2.1068237,0.29780918,1.9492451,0.17239848,86
-0.3466924,-0.8054203,0.61404294,-0.34748778,2.458146,-0.45710227,1.7233862,0.77322924,-0.118285894,0.57547015,-0.51086766,-0.48516747,-0.43205383,-0.64746267,1.0038733,1.7204833,105
-0.79548943,-0.16608463,0.7749419,-0.73912275,1.6643685,-1.0599571,2.4331884,0.194247,-0.4314994,0.19150066,-1.196944,0.044629514,-0.57514626,-0.007409014,2.6446505,0.64714336,86
-0.84698355,-0.22181459,-0.10996562,-0.6682738,1.9921668,0.3671672,1.6549076,1.1726393,-0.9682839,0.39631188,-0.51260555,-0.22086987,-0.1504103,-0.4247473,0.94882286,-0.27203697,45
-0.91438484,-2.1127894,0.3581689,-0.89883435,1.5607222,0.42065874,2.5387294,0.55675715,-0.9577066,-0.5094189,-1.1058787,-0.4437355,-0.4128561,0.6259677,3.1329215,-0.23817143,86
-0.58005273,-0.82226837,0.65510297,-0.8322749,1.6322937,-0.74334824,2.217792,0.7480196,-1.0712187,-0.31528825,-1.1184931,-0.77081096,-1.6989409,0.62899345,1.9368851,-0.034027472,86
-0.72897303,-0.2540604,0.09376888,-0.81025267,2.2146268,-0.32808834,1.5984782,1.2078862,-0.8779323,0.30483568,-0.38201046,-0.043023497,-0.51988006,-0.3602593,1.2310898,0.29469082,86
-0.55584,-0.52978647,0.62921995,-0.7306331,1.8746723,-1.1869082,1.7263378,0.6527413,-0.6386577,-0.26013625,-1.0233737,-1.1465633,-2.1445901,0.30877256,1.1067282,0.0963189,59
-0.46328348,-1.2365415,0.57942736,-0.8452349,1.5576708,-0.6487893,2.221061,0.8448461,-1.2313172,-0.50687563,-0.94035673,-0.94795823,-1.9284438,0.76822746,2.0602543,-0.30970293,86
-0.49736625,-0.5519726,0.8636044,-0.57311994,1.0443965,-0.9199573,2.4258025,0.45866448,-0.8405582,0.43413925,-0.6723993,-0.74055636,-1.1090935,0.058380365,2.0674493,0.11803293,45
-0.05067657,-1.2705231,1.202693,-0.8153269,1.4948734,-1.1286241,2.4374874,0.33944237,-0.42205548,0.17112276,-1.0508006,-1.4298697,-2.0267553,0.32859123,2.034048,0.11279017,86
-0.35015327,-0.8375622,0.13155228,-0.08170915,2.4129744,-0.035637975,1.4600464,0.96859276,-0.65557027,-0.04301209,-0.48702306,-0.5133941,-0.2971364,-0.5573,0.835448,1.4466248,86
-0.67010254,-0.19453944,1.0306567,-0.70257473,1.665675,-0.8978932,2.7257543,0.09647766,-0.36517537,0.35549456,-1.5550396,-0.27750218,-0.70159805,0.10880631,2.578515,0.5089117,86
-0.8481216,-0.18969698,-0.1614972,-0.67252547,1.9527391,0.3103448,1.5561703,1.1484376,-0.94758713,0.34718555,-0.41928798,-0.19489434,-0.19125813,-0.42288804,0.890859,-0.26815248,45
-1.0874887,-2.344756,0.40327063,-0.9929061,1.6125398,0.3801138,2.6245334,0.65763205,-1.0219978,-0.4506548,-1.1198542,-0.46159142,-0.41196212,0.6449419,3.3464763,-0.2586287,86
-0.6252934,-0.7780137,0.5845613,-0.8484881,1.656077,-0.83282506,2.1960638,0.6746046,-1.052427,-0.3811543,-1.0610564,-0.6686274,-1.6330746,0.66346043,2.018566,-0.0052446425,86
-0.72063893,-0.4281536,0.06342049,-0.82569194,2.1643944,-0.31064057,1.6005986,1.1401322,-0.8761411,0.22885452,-0.3439654,-0.068525344,-0.5528608,-0.26214534,1.3114326,0.24571848,86
-0.51688886,-0.6700461,0.5926859,-0.68107784,1.7630783,-1.0526223,1.7410876,0.580701,-0.57551867,-0.18255056,-0.9468756,-1.1879249,-2.0553758,0.19292273,1.1571718,0.081264675,54
-0.55511916,-1.3739455,0.4874743,-0.87109876,1.4858724,-0.70570254,2.1782289,0.7800643,-1.2371204,-0.58636534,-0.84537256,-0.87173736,-1.858762,0.8459742,2.2170582,-0.30951887,86
-0.66148216,-0.43479523,0.57910824,-0.47727066,0.9995917,-0.94434464,2.2042022,0.49420473,-1.0289247,0.20085824,-0.6667529,-0.6282197,-0.8395912,-0.048391234,2.0476687,0.17084998,45
-0.25356638,-1.2316458,0.94275445,-0.8724766,1.4476507,-1.2079326,2.274276,0.38901937,-0.5198108,0.09917145,-1.0161089,-1.6017627,-1.8198444,0.30776,1.9236453,0.04166323,86
-0.5481643,-0.6628653,0.14406638,-0.33000696,2.289389,-0.18196166,1.2284573,1.0800959,-0.66836226,-0.24934499,-0.13251731,-0.26899722,-0.22300312,-0.38450527,1.0940142,1.3782341,86
-0.94736254,-0.205346,1.0496726,-0.7293095,1.9044807,-0.95045865,2.8331826,0.2206518,-0.47271195,0.279291,-1.9002032,-0.35149878,-0.6313109,0.2155249,2.6578233,0.64398324,86
-0.87263334,-0.15645829,-0.24169135,-0.68110543,1.9680536,0.2748653,1.4939587,1.1244924,-0.9207177,0.2760886,-0.36355805,-0.19207978,-0.18444416,-0.4312256,0.85949767,-0.2246753,45
-1.1852272,-2.385984,0.38276705,-1.09443,1.6363676,0.2605798,2.5547035,0.8059669,-1.06949,-0.3565308,-0.8532703,-0.32661223,-0.29685426,0.6029704,3.445218,-0.24922757,86
-0.6352554,-0.69991636,0.5583576,-0.8502503,1.6958768,-0.93369293,2.211697,0.60012937,-1.0455391,-0.4180401,-1.0630131,-0.5414829,-1.6044731,0.6863936,2.113705,0.040504813,86
-0.704357,-0.5646306,-0.017803922,-0.8395404,2.0677185,-0.29515404,1.5929596,1.0357873,-0.87794924,0.10631004,-0.27628887,-0.043831944,-0.5910468,-0.13692555,1.4276853,0.17644629,86
-0.424245,-0.9335574,0.5288482,-0.591783,1.6088754,-0.8192512,1.835773,0.48955277,-0.54195964,-0.09163527,-0.8500229,-1.2098284,-1.9398338,0.08845399,1.2962759,0.0546847,86
-0.6254231,-1.35949,0.42805588,-0.91342515,1.5000722,-0.8162072,2.1538656,0.7490771,-1.227132,-0.64193714,-0.80504024,-0.8134177,-1.8421786,0.8944841,2.286899,-0.2819154,86
-0.7713642,-0.39662755,0.43452504,-0.46825653,0.9996254,-0.97097254,2.0465367,0.570126,-1.1652193,0.04786775,-0.6462408,-0.516819,-0.6493226,-0.10237095,2.0907595,0.16635028,45
0.41238952,-1.6988286,1.3497193,-0.7260603,1.3760333,-0.7732642,3.206275,-0.14056176,-0.27796042,0.4909886,-1.2555001,-1.6276671,-1.974104,0.5821043,2.5512178,0.061452627,86
-0.727274,-0.40000027,-0.042369768,-0.42714202,2.5546312,-0.24744247,1.0552403,1.2478025,-0.7202096,-0.29760474,-0.053048104,0.02641952,-0.1393624,-0.4770528,1.0359263,1.4969909,86
-1.1932616,-0.1431647,0.9573191,-0.8283504,2.0887525,-1.106191,2.7837684,0.3449819,-0.51105565,0.24293387,-1.9875414,-0.26987168,-0.50514764,0.17200626,2.753201,0.8293782,86
-0.91104925,-0.16709685,-0.35010958,-0.6734998,1.9854414,0.26686123,1.4367285,1.0869251,-0.9023905,0.17127296,-0.3038925,-0.194229,-0.15391469,-0.4357068,0.8552863,-0.18245308,45
-1.2310431,-1.9704896,0.28409845,-1.0809968,1.7440541,0.1520204,2.3194077,0.88683593,-0.95207274,-0.2772178,-0.5723196,-0.1418551,-0.11285084,0.42741597,3.173888,-0.045664623,86
-0.67023313,-0.63723403,0.5158452,-0.83709383,1.7329886,-1.0000762,2.2196908,0.5405301,-1.0081278,-0.39899945,-1.0777967,-0.49704117,-1.5825869,0.639166,2.1388564,0.09299594,86
-0.68024814,-0.6226425,-0.06529418,-0.8349786,1.9782964,-0.28824818,1.6139627,0.936409,-0.81667686,0.07417853,-0.20925021,-0.07183802,-0.58568645,-0.10285595,1.4834754,0.14187792,86
-0.32794333,-1.2333488,0.41904208,-0.5637415,1.5291456,-0.6149744,1.9888357,0.41579318,-0.5497643,-0.06136754,-0.7768718,-1.257227,-1.8355021,0.10501552,1.4977663,-0.013234481,86
-0.65453166,-1.3263643,0.41343176,-0.917899,1.5709419,-0.8935294,2.1596131,0.69997543,-1.164071,-0.6534171,-0.81157553,-0.81900156,-1.857667,0.8931064,2.289527,-0.22843285,86
-0.87673485,-0.40057027,0.4163472,-0.49572235,1.0784496,-1.0074688,1.9531621,0.66087973,-1.2401028,-0.04265313,-0.6671255,-0.36461765,-0.49789777,-0.13709816,2.18979,0.18829054,45
0.7465833,-1.6663275,1.793659,-0.7738751,1.3564599,-0.8074943,3.6501405,-0.37071142,-0.09297069,0.86090845,-1.4231892,-1.5052725,-1.9673148,0.62702996,2.8713708,0.24778411,86
-0.81074446,-0.18004106,0.0569849,-0.52729917,2.706928,-0.3166422,0.9683292,1.3936446,-0.79878044,-0.33084136,-0.28695947,0.079173,-0.1527664,-0.5744783,1.013184,1.4615235,86
-1.2521405,-0.07066728,0.9851125,-0.9317874,2.1538486,-1.185535,2.696656,0.45866328,-0.56651735,0.21292835,-2.0349886,-0.19541447,-0.43989173,0.12298587,2.7961085,0.9017243,86
-0.9227791,-0.15928802,-0.40908986,-0.65722,1.9965062,0.21846119,1.4111489,1.0285255,-0.8625486,0.1254923,-0.254102,-0.17069072,-0.112539984,-0.4741997,0.88225484,-0.11277656,45
-0.64033335,-0.8736676,0.49996915,-0.46387014,1.9026871,0.15374443,2.1207416,1.0249127,-0.84069407,-0.07145357,-0.69813544,-0.46217662,-0.53894377,-0.13224329,1.9090949,0.35179383,86
-0.71102965,-0.5925216,0.48835438,-0.82185256,1.7412347,-1.0295088,2.182081,0.48361155,-0.94037104,-0.3508947,-1.0822076,-0.48342597,-1.5206355,0.5526334,2.112494,0.11678341,86
-0.68774265,-0.6155435,-0.030889943,-0.840989,2.0088885,-0.35632285,1.6171387,0.94635963,-0.7497331,0.10710849,-0.19497842,-0.21285869,-0.6200766,-0.17967935,1.4358464,0.18719143,86
0.21285146,-1.6985443,0.922154,-0.4707051,1.3837038,-0.2844379,2.715875,-0.028494298,-0.18353625,0.32937986,-0.970652,-1.399905,-1.8716909,0.19946714,2.0129125,0.14472687,86
-0.6434731,-1.2356621,0.4335045,-0.9089489,1.6062557,-0.9758042,2.1684432,0.62756085,-1.0730411,-0.59247273,-0.8334608,-0.8324393,-1.865841,0.83548594,2.2580245,-0.16171603,86
-0.9815371,-0.37145817,0.39644828,-0.55289614,1.1488681,-1.0534209,1.8408947,0.7503931,-1.2731949,-0.09101786,-0.6716486,-0.1995715,-0.33389723,-0.20503688,2.2862182,0.18852386,86
0.5549697,-1.7113194,1.4234223,-0.7601118,1.4585707,-0.6990566,3.5986686,-0.31397268,-0.26829514,0.6998892,-1.3332957,-1.2904531,-1.9153101,0.75383,2.9187176,0.13881698,86
-0.9867716,0.11379242,-0.037303165,-0.624736,2.7106273,-0.44646174,0.7785411,1.4829164,-0.90412366,-0.42461765,-0.36104357,0.34227368,-0.003960766,-0.6432673,1.0564795,1.4584246,86
-1.33304,-5.6624413e-05,1.1001308,-1.0302579,2.1798851,-1.2867799,2.6375825,0.5909475,-0.65167177,0.22168665,-2.1318665,-0.10090418,-0.35147515,0.04435721,2.9072852,0.99796134,86
-0.9253833,-0.1503933,-0.44604248,-0.61121124,1.9987994,0.16142324,1.4088932,0.97895455,-0.8157346,0.14324522,-0.21555972,-0.18270794,-0.09094501,-0.56068957,0.8869619,-0.019178137,45
-0.7860179,-0.368365,0.56368077,-0.3360784,2.0697,-0.06543742,1.9471352,1.0725721,-0.81193614,0.07466592,-1.0065223,-0.5339757,-0.57815874,-0.29934686,1.4245433,0.60037494,86
-0.7725056,-0.52048606,0.40950796,-0.8086702,1.7291775,-1.0418698,2.081298,0.47115642,-0.92639434,-0.35298622,-1.058995,-0.39226425,-1.3705082,0.45897198,2.0908477,0.15901497,86
-0.6957439,-0.6323975,-0.0046091825,-0.811023,2.044665,-0.3892198,1.6329031,0.90495574,-0.6898122,0.11598079,-0.22394902,-0.26339215,-0.62720686,-0.21656987,1.4219315,0.24951106,86
0.3945239,-1.5405167,1.0008976,-0.44228446,1.396171,-0.3325315,2.9259386,-0.15976948,-0.11361857,0.5051779,-1.0430402,-1.2933993,-1.753021,0.16350816,2.1283567,0.30530724,86
-0.6460757,-1.1128722,0.45200607,-0.87957907,1.6092731,-1.024827,2.127626,0.5714618,-0.9939971,-0.5082614,-0.8475615,-0.8223318,-1.801712,0.7224296,2.1799777,-0.10207613,86
-0.9565821,-0.46303627,0.6729224,-0.60403556,1.3153763,-0.9478276,2.072703,0.65125066,-1.0081855,0.116436,-0.9029584,-0.1274125,-0.22376409,-0.33435017,2.494677,0.35344648,45
0.19587371,-1.7069167,0.94211394,-0.71453714,1.6442426,-0.67817986,3.401223,-0.13354307,-0.6459827,0.2441105,-1.384576,-0.98230183,-1.7256895,0.9903652,2.985387,0.1271824,86
-1.0703466,0.35733238,-0.13763463,-0.71787703,2.6667335,-0.503631,0.63519424,1.4971596,-0.9879874,-0.53254366,-0.4555534,0.5154536,0.12656736,-0.62066257,1.0284835,1.3714411,86
-1.2936809,-0.09822267,1.2493398,-1.0227325,2.167675,-1.2542216,2.6827059,0.68712413,-0.71159613,0.32878315,-2.262111,-0.23910928,-0.41368306,-0.06543247,2.8882556,1.0213561,86
-0.92949915,-0.099395365,-0.47406918,-0.58971596,2.0367646,0.070090234,1.4154986,0.9082538,-0.7703614,0.15224956,-0.21529728,-0.15131491,-0.09716446,-0.6048922,0.9168695,0.058710113,45
-0.7679767,-0.078707114,0.56339395,-0.30305177,2.2162294,-0.24178553,1.8617824,1.1124687,-0.78172374,0.25044546,-1.0946414,-0.51022494,-0.6428419,-0.45397526,1.1378491,0.7493186,86
-0.6601995,-0.8174077,0.40119827,-0.67967075,1.7242703,-0.70715594,2.2713704,0.28079134,-0.75223804,-0.3450095,-1.0681578,-0.2807913,-1.2551905,0.43329293,2.304202,0.25925177,86
-0.71424615,-0.6323874,-0.0028151423,-0.7852334,2.0634634,-0.44813693,1.638243,0.8224896,-0.6432462,0.10681777,-0.27277786,-0.23333073,-0.6533535,-0.21486408,1.4472464,0.29517126,86
0.46187508,-1.39097,0.8349636,-0.40862018,1.4446528,-0.2545372,3.0135343,-0.2473065,-0.12988469,0.5495184,-0.97927165,-1.152953,-1.6504014,0.21835645,2.1338675,0.29333502,86
-0.67956567,-0.994007,0.43731156,-0.84843934,1.640866,-1.071189,2.0889556,0.52723897,-0.960727,-0.46988106,-0.9010079,-0.76505744,-1.6909521,0.6378225,2.1365454,-0.042686105,86
-0.82714707,-0.43023592,0.89625204,-0.6237972,1.4694403,-0.9635073,2.2427616,0.626081,-0.87724864,0.22570245,-1.0353638,-0.06340255,-0.20603338,-0.35888773,2.6013207,0.49220854,86
-0.06610411,-1.6534055,0.5830685,-0.6990736,1.8372298,-0.6049195,3.2137203,0.084044114,-0.94000566,-0.08140352,-1.4414283,-0.6979345,-1.437433,0.9929876,3.0534163,0.20023596,86
-1.1425381,0.4495522,-0.20117536,-0.7486042,2.6030114,-0.53349096,0.5847466,1.5033543,-1.1253086,-0.6733359,-0.58565354,0.58201194,0.26247436,-0.5293014,1.0755521,1.3067977,86
-1.2829866,-0.28148615,1.4307835,-1.0119739,2.0888426,-1.2627679,2.7515368,0.754193,-0.7233304,0.51005197,-2.3570085,-0.49272743,-0.423054,-0.1950808,2.8887458,1.0234566,86
-0.9311154,-0.06874783,-0.47853625,-0.57230467,2.06776,0.003557086,1.4099427,0.8601631,-0.75472116,0.1470643,-0.24541849,-0.10862298,-0.094928764,-0.63601434,0.95787334,0.11199704,45
-0.7817637,0.029101431,0.48039433,-0.40111065,2.3528638,-0.34747377,1.7508289,1.1130396,-0.75686944,0.271317,-1.0852157,-0.26513615,-0.6188994,-0.50927144,1.1084288,0.86953026,86
-0.57893145,-0.82839525,0.5974513,-0.6757071,1.7636224,-0.7064478,2.5067601,0.18754262,-0.6689527,-0.20341115,-1.2535192,-0.13643862,-0.99935,0.37908834,2.5515718,0.5057852,86
-0.7667162,-0.60431373,-0.025021464,-0.8114691,2.0970445,-0.56035125,1.5927967,0.7725109,-0.63091004,0.053728186,-0.32542992,-0.15461114,-0.65494734,-0.16163626,1.4823086,0.32437828,86
0.24858606,-1.4068657,0.55902445,-0.41097543,1.5497227,-0.27743927,2.94536,-0.10629231,-0.42622012,0.3038981,-0.9518857,-0.9204688,-1.4952279,0.40773904,2.2708814,0.24786392,86
-0.70689267,-0.91070616,0.46354195,-0.7930975,1.7096624,-1.0688328,2.0744634,0.45794058,-0.8555373,-0.468338,-0.9624926,-0.6034174,-1.5838987,0.57500035,2.124273,0.1607033,86
-0.69473135,-0.41807157,0.9538061,-0.6331535,1.3696831,-0.89507186,2.3809323,0.48848805,-0.71140575,0.35446328,-0.8887676,-0.08753878,-0.16890562,-0.29231715,2.7116501,0.37429392,45
-0.35566944,-1.5074575,0.2419046,-0.6799083,2.02643,-0.5109147,2.9373257,0.36287084,-1.2718078,-0.47507024,-1.4597902,-0.29063994,-0.96989745,0.9501937,3.1412995,0.36109346,86
-1.1716862,0.41551414,-0.29530364,-0.7065309,2.5433981,-0.4624758,0.57040906,1.4897673,-1.2223045,-0.815115,-0.59516805,0.5661777,0.34244642,-0.43512565,1.0915383,1.2620163,86
-1.2436366,-0.48829585,1.5882494,-0.9717777,1.9998116,-1.2371603,2.8113315,0.78134555,-0.71805084,0.6507002,-2.429968,-0.7506639,-0.45928618,-0.25045055,2.8320897,0.9953621,45
-0.91542304,-0.1264438,-0.46990043,-0.47857752,2.0431302,0.07927355,1.4678673,0.697816,-0.6083775,0.12369861,-0.24985874,-0.043845415,-0.12675056,-0.647347,1.0378608,0.16996667,45
-0.6407872,0.09628916,0.5062078,-0.43856606,2.4391685,-0.41374686,1.5181546,1.2492383,-0.8134755,0.218891,-0.9878794,-0.17455083,-0.8100591,-0.5663385,0.8548854,0.87300104,86
-0.5904541,-0.70312965,0.54292965,-0.66878164,1.8085016,-0.7774341,2.517521,0.18221676,-0.65205693,-0.10722871,-1.2734597,0.03104639,-0.83022374,0.27044958,2.6031446,0.6653715,86
-0.8745616,-0.5702792,-0.12222314,-0.8230251,2.1484542,-0.63634473,1.4858214,0.7964834,-0.68616414,-0.093948215,-0.3768825,-0.08794968,-0.5921207,-0.11124684,1.4811118,0.37260383,86
