0,1,2,3,4,5,6,7,8,9,10,11,12,13,14,15,pred_class
-0.82075197,-0.29740375,1.7843139,-1.4104422,-2.1029353,-1.035286,0.3250876,-0.017719487,2.279338,0.7548318,-1.3650224,-0.5323478,1.033349,-0.057652365,1.2268144,-1.0392911,81
-0.82075197,-0.297404,1.7843142,-1.4104426,-2.1029358,-1.0352857,0.32508737,-0.01771935,2.2793381,0.75483173,-1.3650224,-0.532348,1.0333492,-0.057652347,1.2268144,-1.0392909,81
-0.82075197,-0.2974038,1.7843139,-1.4104425,-2.1029358,-1.035286,0.3250873,-0.017719435,2.2793381,0.7548319,-1.3650224,-0.5323479,1.0333493,-0.057652254,1.2268144,-1.0392911,81
-0.8207521,-0.2974038,1.784314,-1.4104427,-2.1029358,-1.035286,0.32508743,-0.01771953,2.2793381,0.75483215,-1.3650224,-0.5323478,1.0333492,-0.057652466,1.2268145,-1.0392909,81
-0.82075197,-0.2974038,1.7843136,-1.4104425,-2.1029358,-1.0352857,0.3250875,-0.017719524,2.279338,0.75483197,-1.3650225,-0.53234774,1.033349,-0.05765233,1.2268143,-1.0392911,81
-0.8207521,-0.29740387,1.784314,-1.4104424,-2.1029358,-1.0352861,0.32508743,-0.017719606,2.2793381,0.75483185,-1.3650223,-0.5323479,1.0333493,-0.05765223,1.2268144,-1.0392911,81
-0.82075197,-0.2974038,1.7843142,-1.4104424,-2.1029358,-1.035286,0.32508773,-0.017719345,2.2793381,0.7548317,-1.3650227,-0.5323479,1.0333493,-0.057652373,1.2268144,-1.039291,81
-0.82075197,-0.2974038,1.7843138,-1.4104424,-2.1029358,-1.035286,0.32508743,-0.017719487,2.279338,0.7548318,-1.3650225,-0.532348,1.0333493,-0.057652365,1.2268143,-1.0392911,81
-0.8207521,-0.29740387,1.7843142,-1.4104427,-2.1029358,-1.035286,0.3250873,-0.01771953,2.2793381,0.7548319,-1.3650224,-0.5323479,1.0333493,-0.057652287,1.2268144,-1.0392909,81
-0.82075185,-0.29740375,1.7843139,-1.4104425,-2.1029358,-1.035286,0.32508743,-0.017719405,2.2793381,0.7548318,-1.3650225,-0.53234786,1.0333493,-0.057652447,1.2268144,-1.039291,81
-0.77427644,-0.43964607,2.1716907,-1.6802794,-0.604929,0.17704378,0.06031269,0.7279681,2.6152918,-0.117848426,-0.57996225,-2.4093456,1.3156874,0.72854733,0.5039916,-0.93441397,81
-0.63357675,-0.7090195,2.4573946,-1.3841482,-1.0232968,-0.44672537,0.12488441,0.20086282,3.0512927,0.03463184,-0.12755279,-1.820229,1.5696113,0.21896952,1.2282165,-1.3976264,81
-1.0089093,-0.49299628,2.6646738,-1.4759345,-0.9955087,-0.58979744,0.007957518,0.44250694,2.8244298,0.2285746,-0.4531871,-2.2085292,1.4188011,0.38333237,1.1476068,-1.6470058,81
-0.8413424,-0.5760764,2.5976684,-1.3226807,-1.3540101,-0.4614511,0.17474647,0.44403374,2.87108,-0.0114097,-0.5399325,-2.045624,1.362344,0.18430689,1.2384363,-1.5748124,81
-0.9085587,0.5953349,1.3679645,-0.5822405,-1.9517545,-2.4296265,1.326243,-0.24120373,3.0862312,-1.0031598,-0.9110296,-0.88710773,2.5865688,3.197988,1.1594219,-2.97149,69
-0.65325725,-0.656723,2.496717,-1.3772175,-1.1941597,-0.50924015,0.1273098,0.16058144,3.0850735,0.022771388,-0.16656451,-1.7791257,1.585042,0.118805625,1.367801,-1.4563768,81
-0.81562406,-0.80141073,2.4595857,-1.4655586,-0.6864773,-0.28996086,0.015492454,0.35455278,2.8871944,0.14844003,-0.18537484,-2.10169,1.434969,0.5379098,0.8944951,-1.3480704,81
-0.87607884,-0.9743164,2.2171912,-1.2883877,-0.56688946,-0.16197196,0.087372676,0.6347969,2.5655894,-0.10934442,-0.62203854,-2.2344244,1.2463114,1.2172742,0.28472805,-1.43309,81
-1.657417,-0.5654424,2.8945863,-1.8291048,-0.81628066,-0.7525404,0.066856,0.32697377,2.820548,0.16244557,-0.7893224,-2.5746348,2.0306141,1.4343711,0.95431423,-1.4647872,81
-0.82054555,-0.20857167,1.5955906,-1.0816479,-0.9286009,-1.5241243,0.41687226,-0.06832942,2.6015093,-0.961386,-0.7898273,-1.1486914,2.4915407,2.04866,0.8784522,-1.9217911,81
-1.3297616,-0.13144505,1.9641159,-2.2041128,-0.13070741,0.1405436,-0.14565569,0.4846862,3.060458,-0.0071966797,0.5158634,-2.736259,1.5795383,1.27278,0.61435544,-1.2895404,81
-0.4208675,-0.88188916,2.317054,-1.3306501,-0.22458413,0.17042919,0.1414243,0.28306797,2.949425,-0.53684497,0.48894423,-2.559978,1.7637992,0.71085656,0.89327097,-1.4201822,81
-0.966786,-0.36301214,2.5097125,-1.2861239,-0.326531,-0.22150429,0.16542122,0.53700066,2.6386664,0.018324718,0.13731107,-2.8954191,1.5614817,0.89219326,0.8235952,-1.4302328,81
-0.72893745,-0.5311766,2.322449,-1.1778164,-0.34021354,-0.0009068623,0.24768616,0.52388966,2.63003,-0.19282886,0.20734386,-2.7428722,1.5060897,0.83298033,0.7345471,-1.2540746,81
-1.1752906,-0.4459011,3.1487503,-0.9541705,-1.3377012,-0.8763021,1.1439767,1.1300517,3.2898085,-1.6048914,-1.0950675,-1.9260731,2.2038286,1.7038556,0.7187198,-2.3041801,81
-0.394099,-0.9536542,1.8535129,-1.160126,-0.031975627,0.3121816,0.13342988,0.43535978,2.5039313,-0.7557182,0.213495,-2.3387804,1.4581456,0.8615262,0.48802164,-1.4406598,81
-0.6613574,-0.92511255,2.3639543,-1.322284,-0.23402569,0.21012709,0.14367315,0.41908857,2.8902872,-0.38421035,0.27996278,-2.6749196,1.6366329,1.004618,0.653975,-1.3300109,81
-0.6835819,-0.95035857,2.3259678,-1.0995449,-0.472188,0.19485274,0.40922344,0.8226578,2.8291686,-0.6108792,-0.3143956,-2.4347734,1.4744658,1.3767627,0.21671146,-1.2038488,81
-1.2293109,-0.43646777,3.0177324,-1.4872081,-0.46107352,-0.01762749,0.26442724,0.76281196,2.9098725,-0.39157048,-0.2623775,-3.425216,1.7740803,1.3196216,0.7822385,-1.6097448,81
-0.5717711,-1.4233861,2.6840394,-1.1834458,-1.0447791,0.46156418,0.64687645,0.7863484,2.937762,-1.7309633,-0.9808483,-2.0675354,1.6976199,1.5183939,0.3816532,-1.3484004,81
-1.5107983,0.5642245,1.3447157,-2.295959,-0.016689956,-0.2181603,0.009483673,0.39760607,3.3219666,-0.51673716,1.1646475,-2.2923145,1.9849427,1.2602354,0.9185124,-1.6250529,81
-0.021855116,-0.9347525,1.919127,-1.175636,-0.13221061,0.49313194,0.31337917,0.047684826,2.6262603,-0.9191277,0.74753475,-2.6513495,1.8261333,0.9345946,0.87427527,-1.2645553,81
-0.6481167,-0.20981836,1.9942925,-1.1039761,-0.36039615,0.027966604,0.5325844,0.44321164,2.4008582,0.018157251,0.37787002,-3.0492008,1.4724181,1.2337868,0.6060779,-1.2434111,81
-0.27409577,-0.5748176,1.9861944,-1.0913091,-0.20892969,0.33072594,0.49477595,0.46476424,2.491925,-0.47288588,0.35994542,-2.8958592,1.5313802,1.1086966,0.5384759,-1.2026002,81
-0.65517384,-0.31532335,2.708986,-0.70677423,-0.5179144,-1.0649961,1.1596673,0.82274956,3.0029407,-2.2992296,-0.029509902,-1.8880773,2.5855422,1.6831025,0.99464095,-3.2504396,3
-0.048173487,-0.75999576,1.44131,-1.0356922,-0.11344308,0.4207096,0.34465235,0.34785962,2.2749548,-1.1190774,0.20074145,-2.381627,1.3685217,1.1273744,0.4937961,-1.7463276,81
-0.4761927,-0.6775598,2.1820872,-0.9887693,-0.27331862,-0.038938746,0.5104149,0.039540406,2.6983922,-0.8756031,0.81668043,-2.7656035,2.1458795,1.2335807,1.0861303,-1.5912397,81
-0.26292884,-0.9078122,2.2488556,-0.8605355,-0.34189892,0.27197835,0.7092204,0.5494338,2.814455,-1.3847836,0.19330522,-2.5037587,1.8355875,1.5880016,0.49540192,-1.6399999,81
-0.9027254,-0.14784637,2.4938135,-0.75983274,-0.5360208,-0.09903996,0.84619904,0.7785884,2.5889194,-1.0699484,0.114577875,-3.2198603,1.8980377,1.4846967,0.804066,-1.6867344,81
0.022551,-1.0767496,2.391511,-0.63823766,-0.9719033,0.059007883,1.0304598,0.16205743,2.9719195,-3.1785579,0.1843009,-1.6452079,2.4821687,1.5682228,1.2665888,-2.4318573,3
-0.95404595,-0.57107973,2.6191838,-1.5291706,-0.84530365,-0.56212395,-0.034159943,0.3587066,2.8653615,0.32096887,-0.3478951,-2.144987,1.439579,0.45126846,1.0849808,-1.581141,81
0.24837612,-0.7636388,1.5489781,-1.0165687,-0.14211318,0.6940862,0.5372429,-0.15372652,2.2222712,-1.1528572,1.0491631,-2.683233,1.8458931,0.9671735,0.9342849,-1.0398374,109
-0.3505056,-0.0925622,1.3729897,-0.87136763,-0.5195308,0.31165847,0.7842161,0.37536487,1.9074583,-0.15254296,0.42450178,-3.0353892,1.2214468,1.3789654,0.42757192,-0.96248597,109
0.24376492,-0.63299364,1.506462,-0.53232217,-0.43218046,0.50729156,0.99466556,0.13503167,1.9791191,-1.0611842,0.5775863,-2.7971125,1.579135,1.4927173,0.58493763,-1.1863873,109
-0.062009882,-0.2463147,2.2113633,-0.3366516,-0.07611537,-0.102222376,1.259916,1.1937734,2.3603764,-2.540184,-0.07837841,-2.3638906,2.0700717,1.4970121,0.4613263,-2.3953922,109
0.2294666,-0.6068567,1.121382,-1.001728,-0.20278352,0.45552427,0.47342938,0.085302286,1.9703039,-1.1894867,0.4036796,-2.4386058,1.4121337,1.2267385,0.63412493,-1.7962537,109
-0.13112004,-0.45305294,1.5402063,-0.34395313,-0.37354088,-0.10909857,0.9196125,-0.30614156,1.936238,-1.2521104,1.187855,-2.5919256,2.267177,1.3220085,1.2283492,-1.3807178,3
0.14428206,-0.7036782,1.8898954,-0.5482612,-0.31579843,0.2501853,1.0127115,0.18503395,2.3539743,-1.5232147,0.52902573,-2.4987035,2.0023768,1.8310463,0.6061957,-1.4523222,109
-0.5813828,0.19118834,1.8568505,-0.41096568,-0.72590685,-0.050531432,1.2134615,0.51723856,2.1889808,-1.4267901,0.37740207,-3.030537,1.9066467,1.6358558,0.92679185,-1.6712577,109
0.14683832,-0.3601675,1.8630008,-0.029457778,-0.57595944,-0.29558128,1.165087,-0.40533146,2.1779003,-3.2418985,1.1226702,-1.4298615,2.8828657,1.5044512,1.6928724,-1.8299353,75
-0.7765905,-0.5339113,2.4818094,-1.3285558,-0.24858227,-0.09378556,0.14666712,0.45043033,2.8000944,-0.08954276,0.2803366,-2.7916749,1.6228456,0.8690521,0.8162097,-1.4136331,81
0.03449025,-0.38829774,0.57058984,-1.7917209,0.4329166,0.81784123,0.006746318,-0.21781227,1.7730595,-0.89499617,1.6280053,-2.2309792,1.6213934,0.4541122,0.76640296,-0.9000142,109
-0.90060204,0.5623399,0.41203284,-1.7742691,0.26676175,0.47354025,0.13131306,0.5219427,1.8141575,-0.14981729,1.055151,-2.7483475,1.1180203,0.94442075,0.33479667,-1.1588697,109
0.5877401,-0.41417688,0.917759,-0.30782494,-0.53304887,0.60262245,1.303659,-0.2819554,1.3665063,-0.9675121,0.7800609,-2.9382205,1.3891654,1.8907586,0.6026052,-1.3441073,3
-0.35641944,0.3213269,1.8482699,-0.26778445,-0.36213362,-0.5299889,1.7003107,0.29878548,1.8953223,-2.4469948,0.697228,-2.68129,2.7450275,1.9930232,1.216084,-2.4837205,3
0.42942196,-0.52559644,0.7033083,-0.82851386,0.39427584,0.38475433,0.47290462,-0.2532039,1.2540811,-1.571013,1.0606521,-2.2250392,1.9058695,1.2483783,0.73199487,-1.6907873,3
0.11373016,-0.08167991,0.79382855,-0.04910475,-0.36660135,-0.20621054,1.176595,-0.67137223,1.1276538,-1.2487012,1.6885767,-2.3949223,2.2323906,1.212414,1.3627201,-1.3474362,3
0.45607823,-0.42374742,1.3209525,-0.36844012,-0.42817658,0.08676614,1.317291,-0.44502676,1.7265025,-1.6974524,1.0134296,-2.3109431,2.2364283,2.0400367,0.9658318,-1.4053984,3
-0.41455746,0.5709531,1.3075452,-0.6137494,-0.4246015,0.034174606,1.1783261,0.10674042,1.764892,-1.6341796,0.9355899,-2.9147298,1.9489777,1.5948863,1.1642239,-1.7873867,3
0.10158777,-0.06408343,0.9011625,-0.5806943,-0.28064537,-0.4311306,0.7736486,-1.271847,1.6085383,-2.9425845,1.9113518,-1.0957127,3.1426091,1.3251183,2.192294,-1.718225,75
-0.43681967,-0.50562984,2.1327248,-1.2437496,-0.22573432,0.17566979,0.42243868,0.26724514,2.6427386,-0.2358909,0.5737341,-3.004447,1.6876488,1.168657,0.740159,-1.3246117,81
-0.33119535,-0.14667732,0.6090381,-2.2935152,0.69092005,0.4720772,-0.30842954,-0.28787798,2.0993335,-0.72507435,1.92399,-2.0879846,2.0072255,0.2591474,1.0039066,-1.0406011,109
-1.680199,1.3506231,-0.09950222,-2.5581076,1.1608481,0.3002733,-0.59731704,0.926529,2.065315,-0.5656503,1.4506879,-2.1255221,1.5084708,0.4074943,0.33232975,-1.0528109,81
0.54221624,-0.26244098,0.8137745,-0.209912,-0.39514977,0.4410435,1.2893505,-0.2872139,1.1691879,-0.9561278,0.90136313,-2.6689212,1.3951945,1.7681088,0.6011818,-1.2411902,3
0.21212794,0.108050585,0.75284505,0.21811044,-0.39940447,-0.3094421,1.3992038,-0.63572145,0.9699016,-2.0409558,1.4288365,-1.8960912,2.1384425,1.8394368,1.2520766,-1.7012167,75
0.09282206,-0.26135868,0.5487354,-0.8728948,0.7986158,-0.10093339,0.34823054,-0.20333198,1.342538,-1.561687,1.3129781,-1.7777729,2.4111657,1.295918,0.72552526,-1.5695891,3
0.05448921,0.17458948,0.67091495,0.21003497,-0.3134519,-0.4189017,1.2381077,-0.7322726,0.83759326,-1.2853462,1.8473022,-2.3013237,2.2568047,1.2522358,1.4409161,-1.3176752,75
0.50425124,-0.2383666,1.1330398,-0.1674957,0.034708545,-0.013681065,1.1690831,-0.40281725,1.3270651,-1.9861076,1.2252398,-1.9550598,2.2638347,1.7795279,0.94224113,-1.3356555,3
-0.32329032,0.34626484,0.73750424,-0.42506173,-0.20913723,0.089240715,1.0468175,-0.00014616363,1.219024,-1.3146595,1.0628829,-2.842003,1.8269925,1.5554256,0.9301034,-1.4496672,3
0.22708096,-0.18369475,0.6838336,-0.28937134,-0.24773833,-0.28543982,0.80443275,-1.0786576,1.4143015,-2.4973116,1.9230049,-1.3200448,2.6608634,1.2171102,1.8917443,-1.5002077,75
-0.22398826,-0.31350702,1.5066661,-1.1338488,-0.14944652,0.3199801,0.52454853,0.12193268,2.162773,-0.397606,0.9303062,-2.8456314,1.6677513,1.0692903,0.70377076,-0.93751746,109
-1.2119879,0.6096581,0.042621,-3.5357854,1.5672239,-0.2585612,-1.3835181,-0.48274413,2.536238,-0.03528377,2.81214,-1.342154,2.543454,-0.51579344,1.373579,-1.0826114,81
-1.6922513,1.6043212,-0.2584121,-2.3723886,1.5036912,0.021102607,-0.64716464,0.94786114,1.8821552,-0.8171328,1.758284,-1.7028129,1.762208,0.2369484,0.37299404,-0.90189594,109
0.50163233,-0.23055083,0.6910827,-0.181396,-0.32645935,0.404611,1.2426547,-0.28918988,1.043051,-1.0908446,0.9750228,-2.4777224,1.4383366,1.577818,0.6407385,-1.1527183,3
0.18968178,0.31370598,0.7315345,0.4124484,-0.46513724,-0.7836188,1.4946318,-1.0165348,1.1380047,-2.1291378,1.7178246,-1.8083775,2.6540391,2.1403987,1.6613482,-1.9453351,75
-0.12333825,-0.24967104,0.94691986,-0.88053244,0.8621564,-0.45047984,0.43866938,-0.0020048972,1.4601077,-1.1549009,1.193339,-1.7606626,2.6037056,1.1851987,0.62573636,-1.2894645,3
-0.13910988,0.3915511,0.58779055,0.32110828,-0.17946485,-0.58935857,1.1615562,-0.67269975,0.59315646,-1.1378454,1.9176778,-2.3690877,2.1714456,1.1636521,1.4536351,-1.3596861,75
0.43344808,-0.03438413,0.7637029,0.06458181,0.0011008978,-0.10382219,1.223821,-0.52337193,1.1453199,-2.10339,1.4563742,-1.8800957,2.2939885,1.7751365,1.0660005,-1.4098136,3
-0.48613214,0.57584894,0.83753717,0.006807238,-0.2986532,-0.18504974,1.1538838,-0.03299002,1.0627112,-1.3671116,1.3753824,-2.993178,2.002273,1.3553603,1.2310954,-1.3295817,3
-0.17098305,0.09402275,0.9689178,-0.36920998,-0.25858256,-0.63330704,0.88377684,-0.952073,1.4616371,-2.1014144,1.8059356,-1.5647974,2.867139,1.246302,1.9426063,-1.4404254,75
-0.10171589,-0.0973914,0.8748575,-1.0509695,0.27898327,0.6256933,0.55244553,0.17155668,1.5403463,-0.6691102,1.3178672,-2.708542,1.4910216,0.8775706,0.47554326,-0.7004001,109
-1.2068017,0.5557034,0.23013403,-3.1923444,1.8407726,-0.1907772,-1.3467546,-0.5777018,2.3072426,-0.61490566,3.0070326,-1.3293514,2.821511,-0.5305389,1.5317594,-1.0344028,81
-1.7377579,1.6990738,-0.5134025,-2.1471515,1.6710112,-0.32037082,-0.6844975,0.79025304,1.4053088,-0.59696895,2.0577927,-1.385407,1.8936784,0.11893723,0.40420386,-0.5010874,109
0.608771,-0.16286278,0.56950766,-0.05290696,-0.17923605,0.42563957,1.2114896,-0.32213232,0.7284177,-1.2419393,0.87522715,-2.407953,1.351954,1.6445949,0.55605906,-1.2038786,3
-0.03627698,0.65355706,0.5517155,0.58693683,-0.2220279,-1.0447525,1.3727629,-0.99892294,0.8540143,-1.9901088,1.8915185,-1.7479126,2.6377068,2.1080058,1.710114,-1.9581892,75
-0.28866732,-0.1471537,1.5838113,-0.7098175,0.8543714,-1.0048952,0.6338174,-0.086904995,1.7149414,-1.2159009,1.2887253,-1.5365927,3.1515846,1.1859491,0.91579014,-1.1322868,3
-0.45602125,0.348834,0.7518547,0.03955978,0.0921931,-0.75614446,0.7783779,-0.60191786,0.5092709,-0.88069516,1.8240651,-2.5177946,2.3087542,0.93045545,1.4990135,-1.2631257,75
0.30404764,0.22551823,0.4488678,0.29124677,0.012252331,-0.18279944,1.2694876,-0.62387294,1.087378,-2.016127,1.7069118,-1.8689356,2.2144012,1.8302568,1.1528834,-1.5008097,75
-0.81796557,0.9465726,0.7459467,-0.002041489,-0.08250669,-0.5108659,1.0324105,-0.0076145222,1.1055958,-1.1729224,1.6170003,-2.9235191,2.121297,1.4099178,1.2900181,-1.4341419,3
-0.36341608,0.19643007,0.9889429,-0.40244213,0.08524288,-0.82312614,0.73108065,-0.90768594,1.5370034,-1.8506308,2.0587978,-1.5896168,3.025987,1.1713743,1.9302458,-1.3588274,75
-0.24267979,0.1652227,0.81820506,-0.72855234,0.3942176,0.42772287,0.7559895,0.13374624,1.3232028,-1.1111408,1.4884557,-2.5068402,1.8174026,1.0882025,0.54765874,-0.62266815,109
-1.5233785,0.9479143,-0.10469889,-3.0445,1.8371323,-0.48713246,-1.3882515,-0.5860283,1.8934835,-0.3896608,3.2076304,-1.024818,2.682976,-0.77860534,1.5806142,-0.98109645,60
-1.79757,1.741741,-0.45555204,-1.8178924,1.7553867,-0.6283944,-0.59686595,0.6551102,0.96120936,-0.55086136,2.2146053,-1.1795402,2.1103175,0.09570194,0.4926836,-0.12226659,109
0.7184276,-0.16945058,0.6278578,0.07789782,-0.08456579,0.42748913,1.2233425,-0.27945164,0.61541224,-1.4807614,0.7904653,-2.3050494,1.398968,1.6191548,0.54780847,-1.1585102,3
-0.15302065,0.90089315,0.48582762,0.8400105,-0.2205208,-0.7963148,1.513242,-0.5624741,0.42574263,-2.68456,1.3592465,-1.6989429,2.3803124,2.0068958,1.5060116,-1.9923677,75
-0.59128594,0.26222637,1.8175049,-0.5075313,1.199191,-1.518719,0.66571367,-0.26203507,1.8365808,-1.9546124,1.6907952,-1.0513933,3.9265914,1.3579844,1.3444409,-1.1516286,75
-0.6111128,0.48479462,0.5864089,0.1263319,0.00170739,-0.8958842,0.77213335,-0.4790835,0.41074234,-0.9607586,1.5379984,-2.4728508,2.2270558,1.0331645,1.4525423,-1.4838998,75
0.21045475,0.4357934,0.38337457,0.32514614,0.018944517,-0.16833155,1.2128843,-0.57686913,0.87259185,-2.3326223,1.5297161,-1.6950631,2.1524832,1.8013766,1.1689754,-1.492593,75
-1.4025135,1.143079,0.99152416,-0.01453495,0.07338674,-0.6273936,0.87187004,0.18037647,0.8886862,-1.1782031,1.7115754,-2.8630416,2.2432387,1.0402486,1.3355877,-1.0909894,3
-0.38282168,0.48061097,1.1328956,-0.2599767,0.3250291,-0.9004348,0.7320879,-0.70929563,1.2709739,-2.3873537,1.7519252,-1.4398088,3.0864635,1.1551721,1.90235,-1.5066288,75
-0.022482999,0.19359663,0.6688525,-0.54444605,0.2174571,0.28762648,0.88542867,-0.14410996,1.0029647,-1.2465996,1.3846967,-2.3417711,1.8570127,1.3292166,0.64696234,-0.72565234,3
-1.0575063,0.7103814,-0.07095513,-2.4929824,1.4751892,-0.28116265,-0.93266064,-0.5348945,1.7289176,-0.55680454,2.848253,-1.0996869,2.3691778,-0.4180371,1.3535208,-1.0515609,109
-1.6733164,1.7685449,-0.5188737,-1.2783774,1.8033645,-0.9082238,-0.41990638,0.3754378,0.63663375,-0.81306195,2.405564,-1.0589929,2.4339359,0.25362727,0.7319977,-0.25614363,3
0.4822461,0.18654454,0.3229372,0.17443591,-0.11948338,0.23414159,1.2717985,-0.52874017,0.7219765,-1.4663548,1.2996399,-2.2131996,1.5395713,1.802428,0.78486574,-1.1985055,3
-0.1824108,0.5996972,0.5512941,0.88458645,-0.2131832,-0.6816485,1.4517562,-0.52221864,0.6092421,-2.3174708,1.5444062,-1.9897027,2.46755,1.9211003,1.4605343,-1.4842877,75
-0.52097803,0.26501703,1.558317,-0.64969695,1.300458,-1.4685161,0.4490844,-0.40210432,1.5065546,-1.7690127,1.5191284,-1.1158226,3.6994944,1.5238234,1.2469723,-1.1311593,75
-1.1069341,1.1088568,0.27184963,0.053747624,0.44928578,-1.1099015,0.45785326,-0.20027596,0.3077515,-0.87306213,1.5591222,-2.2039852,2.1382933,0.958908,1.3051568,-1.4840996,3
0.27576452,0.38004267,0.36709327,0.32559967,0.08136825,-0.17270139,1.177445,-0.54101735,0.8637308,-2.2018778,1.5360821,-1.6988015,2.1341586,1.7505172,1.0953497,-1.3092556,75
-1.4915615,1.0232682,1.143485,-0.117772624,0.24707697,-0.6523644,0.61508155,0.00028199516,0.6509191,-1.1971371,1.7005527,-2.752397,2.458541,0.8434036,1.4336423,-0.7715667,3
-0.33249578,0.52304137,1.052344,-0.083519965,0.09083008,-1.1748394,1.0059551,-0.89402294,1.5286849,-2.2284634,1.9348558,-1.4883654,3.250349,1.5983719,2.0012603,-1.7050605,75
-0.06202072,0.31504762,0.58575225,-0.33063,0.24213769,-0.006182257,0.8917255,-0.32109603,0.76751095,-1.2253637,1.5326043,-2.266148,1.9755142,1.3623393,0.82666034,-0.85085714,3
-0.771595,0.5906851,0.01591152,-2.3256488,1.6130358,-0.15368934,-0.91607475,-0.5592529,1.7588859,-0.8446931,2.9851878,-0.9689578,2.3716972,-0.62828004,1.4278677,-1.111635,109
-1.4184124,1.6849744,-0.35279995,-0.8548171,1.8456364,-0.9260676,-0.29842985,0.23515421,0.4791239,-1.0379895,2.450611,-1.244473,2.5389674,0.3310262,0.8829435,-0.38499016,3
0.25036603,0.31154555,0.35845727,0.18233657,-0.12726405,0.10474995,1.2241414,-0.5829493,0.7159815,-1.4277153,1.5151927,-2.278846,1.6610193,1.7455704,0.937224,-1.1252927,3
-0.19150579,0.5576476,0.6501867,0.84983397,-0.21312931,-0.78637874,1.4130073,-0.5106391,0.5550684,-2.509602,1.3530358,-2.0403204,2.5302792,1.905243,1.5357401,-1.7310982,75
-0.5091841,0.118146345,1.205634,-0.57364154,0.7797693,-0.7184575,0.48829842,-0.17173105,0.987496,-1.4627314,1.0058558,-1.7850351,2.8647351,1.5904709,0.83401173,-0.607317,3
-1.525079,1.5375223,0.13341708,0.5342357,0.56741434,-1.445626,0.5599448,-0.24460986,0.15356515,-1.3589245,1.9962912,-1.8669505,2.445834,0.94419676,1.5705357,-1.5863857,75
0.45334136,0.081945255,0.5265586,0.25047308,0.15243302,-0.0843636,1.0676914,-0.49618268,0.8872644,-2.1400726,1.3785702,-1.788513,2.0869505,1.5995673,1.0227221,-1.2148266,3
-1.573954,0.80975795,1.3828666,-0.639989,0.6874892,-0.8258356,0.17031989,-0.308392,0.8529585,-1.1125002,1.8578655,-2.696724,2.9418097,0.7284077,1.708644,-0.8732182,3
-0.34024715,0.5612206,1.2461431,-0.19858815,0.13434517,-1.2791233,0.9809579,-0.73223126,1.4987538,-2.5001507,1.4708126,-1.617459,3.2023003,1.6405476,2.0200691,-2.3260067,75
0.008507997,0.3378692,0.7980065,0.023170233,0.06613588,-0.21369484,1.0947541,-0.36869657,0.57706606,-1.0923218,1.3342205,-2.4474127,1.9272039,1.5181512,0.89935607,-1.0090227,3
-0.551611,0.46093053,0.077005595,-2.1792374,1.4811016,-0.2649777,-0.7926821,-0.66955745,1.8800551,-1.0116023,2.9766555,-0.7736004,2.4994576,-0.6845678,1.5937725,-1.253679,109
-1.4958297,1.633487,-0.05048554,-0.77650875,1.8961232,-0.95286304,-0.37818694,0.32024837,0.42213625,-0.9965081,2.255904,-1.4758372,2.546949,0.2539741,0.9129956,-0.2958651,3
0.09910639,0.2472679,0.58028525,0.19643074,-0.08517277,0.06626406,1.1438649,-0.45155004,0.69757336,-1.3617784,1.540801,-2.382147,1.7686539,1.5400691,0.96262145,-0.81296855,3
-0.22902682,0.64137197,0.69222945,0.80609536,-0.31360614,-0.9223966,1.3816103,-0.7452343,0.4494812,-2.3334658,1.3320088,-2.1049378,2.5014918,2.0749085,1.6531309,-1.8296294,75
-0.9607967,0.12650767,1.4366375,-0.54431224,0.85843706,-0.50263083,0.3737439,0.12867838,1.0376096,-1.5364125,1.0840749,-2.229414,2.850143,1.3925084,0.79073185,-0.42276138,3
-1.3806885,1.1453156,0.39835674,0.4324693,0.7471203,-1.2338405,0.39201623,-0.26286766,-0.010757327,-1.4169055,1.7676487,-1.9566653,2.4161901,0.87893224,1.4449618,-1.4705124,75
0.5327325,0.031197906,0.46592247,0.19007492,0.21077079,-0.1138591,0.9581204,-0.56722444,0.73729557,-2.1271067,1.2308118,-1.633353,2.0050519,1.5692736,0.9887073,-1.2585406,3
-1.8485732,1.1377642,1.4319646,-0.7881834,1.2376676,-0.86370736,-0.086955674,-0.18712288,0.8989628,-1.1708022,2.0762298,-2.497984,3.1456,0.56690556,1.6728094,-0.5979106,3
-0.5246864,0.65476924,1.2509239,-1.3083247,0.93972504,-1.5138035,-0.03039087,-0.62910783,1.7309194,-2.301504,1.389969,-1.4684744,3.1038501,0.9289596,2.1559718,-3.2388768,3
0.11481193,0.46636096,0.61045104,0.38326734,-0.07844454,-0.045837045,1.3282988,-0.2298525,0.58483565,-1.4738622,1.3121551,-2.6205006,1.7822623,1.65316,0.89061296,-1.1523025,3
-0.30503166,0.3821803,0.10054545,-1.9531043,1.3248346,-0.21867941,-0.62487775,-0.6760582,1.9304429,-1.1801432,2.8668163,-0.7747443,2.456364,-0.6873137,1.6447151,-1.348216,3
-1.4980848,1.5722041,0.18351434,-0.7628072,2.1030335,-0.8817437,-0.49611926,0.48847693,0.34310007,-0.8974724,2.1154165,-1.5855772,2.4192195,0.13589531,0.7385004,-0.09033635,3
0.15997227,0.23142195,0.69333434,0.10417041,0.121861115,0.06702227,0.99755365,-0.392093,0.579746,-1.2407922,1.4742409,-2.4614599,1.7628195,1.3746742,0.9068604,-0.7005844,3
-0.36097026,0.8259555,0.67030627,0.8990661,-0.4005682,-1.1052699,1.5024309,-0.8830598,0.61449647,-1.9880244,1.672241,-2.1186724,2.6714578,2.23989,1.7304235,-1.5094159,75
-1.1820685,0.20713377,1.3763831,-0.67596793,1.0323954,-0.51612115,0.28405946,0.28569013,1.083987,-1.1124789,1.1297338,-2.4007347,2.6678534,1.2477283,0.6493707,-0.3818343,109
-1.3977029,1.0691383,0.64813673,0.45761907,0.8045449,-1.1408372,0.45011574,-0.10476433,-0.07630667,-1.455733,1.5252326,-2.0917704,2.4138854,0.9544398,1.3102992,-1.2840307,75
0.558723,0.14374784,0.27125138,0.29943836,0.24650112,-0.18429852,0.9523264,-0.68077683,0.7763569,-2.1509767,1.4002765,-1.4197328,1.986042,1.692425,1.0037732,-1.3020265,75
-2.0115907,1.3458285,1.3944006,-0.8860919,1.608026,-0.90829444,-0.31729674,-0.16090718,1.0123185,-1.1501852,2.3702714,-2.4467566,3.2238686,0.38855025,1.7027391,-0.6675211,3
-0.37181717,0.3932917,1.2972487,-1.5976621,1.0884941,-1.2200927,-0.32947004,-0.64907,1.9085011,-2.2043712,1.6446179,-1.6534827,3.138561,0.48457465,2.2202704,-2.9703314,3
-0.001666233,0.5298381,0.6676112,0.42738873,-0.1807093,-0.09991546,1.4294566,-0.16511211,0.71431625,-1.3513323,1.2677764,-2.875193,1.7710092,1.7724046,0.9085073,-1.2843447,3
-0.20487505,0.4111287,0.072790235,-2.043981,1.2925426,-0.42523947,-0.6689599,-0.8062344,2.0734296,-1.0781348,3.0108452,-0.6052455,2.6062253,-0.93598574,1.8699894,-1.4368796,3
-1.6298182,1.549634,0.36452043,-0.8387881,2.1996565,-0.92988217,-0.61391014,0.64696723,0.452102,-0.46953094,1.9609424,-1.823601,2.2363546,0.12805405,0.5678169,-0.09559512,3
0.17920075,0.14212526,0.7759573,-0.08962205,0.27979273,0.09217502,0.7657875,-0.32921636,0.56561905,-1.1575109,1.3379606,-2.6051366,1.7525816,1.2042996,0.9024813,-0.7269966,3
-0.2723493,0.96975124,0.51403624,0.94909334,-0.3601417,-1.2100058,1.480488,-1.011677,0.37651575,-2.1540964,1.5851436,-1.8717175,2.5975156,2.3784668,1.7274169,-1.7234192,75
-1.3120115,0.21986093,1.352719,-0.67524,0.8604021,-0.5547438,0.40263277,0.4189338,1.0647354,-0.9273097,0.93926704,-2.4710276,2.4837492,1.2966201,0.5275917,-0.39509946,109
-1.3441314,1.1695082,0.6703433,0.5657608,0.6942853,-0.9365698,0.5956555,0.16123304,-0.08593793,-1.5547243,1.2180766,-2.2451687,2.20332,0.9507759,1.1413783,-1.1026981,3
0.49531835,0.21835792,0.14148562,0.26570356,0.45520532,-0.17097415,0.7867739,-0.5984268,0.63734627,-2.2915938,1.4750205,-1.3635647,1.9821541,1.4271433,1.010625,-1.4042952,75
-2.208351,1.346369,1.7272457,-1.0635698,1.831766,-1.1075397,-0.478316,-0.19645146,1.3913534,-1.1640824,2.4705107,-2.4647079,3.5677075,0.49504027,1.8340194,-0.7694334,23
-0.4742958,0.49461716,1.3457006,-1.3699226,1.0272499,-1.3419784,-0.29722148,-0.6877851,1.7072604,-2.5631547,1.8797883,-1.4804194,3.3025906,0.15467343,2.493085,-2.9378252,3
-0.05820266,0.53613603,0.8402654,0.4344836,-0.17431617,-0.13555458,1.3588165,-0.1570715,0.65976906,-1.4004767,1.1575172,-2.899535,1.812501,1.7315842,0.9758293,-1.1635877,3
-0.3795759,0.43086922,0.21375702,-2.1346402,1.2344251,-0.810008,-0.68446094,-0.98092926,2.3447526,-0.959598,3.2247107,-0.672967,3.0189478,-0.9607277,2.216865,-1.6246736,3
-1.3524915,1.2610683,0.5929953,-0.52875185,1.683834,-0.8721709,-0.25829476,0.7872227,0.1593972,0.003121145,0.9993196,-2.1511486,1.743319,0.49921224,0.19351348,-0.007247567,109
0.11164728,0.13423139,0.81014603,-0.22545558,0.41167188,0.0999375,0.57278883,-0.29006395,0.6455025,-1.0555028,1.3721719,-2.6525261,1.7740226,1.0940732,0.9042249,-0.6480247,3
-0.4311878,1.0717747,0.5134515,0.9865588,-0.32213983,-1.29158,1.4450612,-1.0449735,0.26322263,-2.0102336,1.7494118,-1.7333939,2.5973914,2.2921999,1.758187,-1.4691114,75
-1.2602776,0.4343313,1.1681927,-0.77126884,0.70200086,-0.7213189,0.41927648,0.42702073,1.2264296,-1.0403551,0.695327,-2.3357546,2.3535635,1.6017479,0.517618,-0.9363352,109
-1.1031696,1.0079389,0.608213,0.4169919,0.89693046,-0.7535741,0.42440438,0.28976494,-0.18246911,-1.0560192,0.9115798,-2.3613603,1.7918708,1.0123535,0.71209085,-0.9618475,3
0.35943955,0.22723816,0.15130943,0.2665875,0.61412114,-0.33942014,0.64686626,-0.70999575,0.55382586,-2.2450843,1.799514,-1.3084168,2.1488538,1.175485,1.1819298,-1.5073991,75
-2.2526371,1.4673071,1.6118904,-1.2380967,2.275504,-1.3063002,-0.79099053,-0.40734088,1.3925544,-0.94117695,2.8645356,-2.1780295,3.7221553,0.40224084,1.8938837,-0.67073643,25
-0.48376304,0.60820526,1.1574436,-1.4128841,1.136246,-1.527259,-0.41314858,-1.0117633,1.7937125,-2.2420518,2.3876247,-1.3744047,3.4351337,0.19792277,2.6692724,-2.8795235,3
0.024207652,0.49310377,0.70466256,0.32957387,-0.09307805,-0.16973615,1.197473,-0.39914873,0.5771626,-1.1835845,1.3538954,-2.7938087,1.7780764,1.6390073,1.0523232,-1.0978953,3
-0.4538539,0.6402091,0.1001005,-2.2235916,1.2518467,-1.1997863,-0.80171657,-1.1983312,2.3899243,-0.64079154,3.4829884,-0.40263006,3.1641273,-1.1755841,2.479482,-1.7046328,3
-1.3976548,1.3106606,0.28870535,-0.19498439,1.363973,-1.4212381,0.0018159598,0.5710971,-0.17193027,0.15990046,0.6706787,-1.6078622,1.7008586,0.88883585,0.12457805,-0.21291788,3
0.11308083,0.13191468,0.8116437,-0.37451163,0.534543,0.18812211,0.38443136,-0.24442098,0.61101574,-0.9775518,1.2684313,-2.6735017,1.6622541,0.98827535,0.8288266,-0.6375493,3
-0.43624216,1.0861244,0.5225019,0.9820107,-0.10575619,-1.302209,1.410688,-0.88554865,0.2942314,-1.9078503,1.7065555,-1.6823411,2.6701913,2.2429504,1.5719802,-1.2994802,75
-1.3337753,0.61942965,1.1446903,-0.8080274,0.53642637,-0.77650577,0.4089337,0.3267712,1.3736823,-0.96553206,0.65420073,-2.326539,2.3224907,1.8329282,0.5944464,-1.0658703,109
-1.0395365,0.7296318,0.6731044,0.35272205,0.87313557,-0.72396916,0.31234384,0.2859822,-0.24556728,-0.63104486,0.8034377,-2.493565,1.590533,0.9901646,0.5658085,-0.8472645,3
0.17470498,0.2882497,0.23699255,0.27836025,0.7638843,-0.4573559,0.5683864,-0.6579027,0.6121394,-2.2233362,1.9447591,-1.3280351,2.3359947,1.0320061,1.2676213,-1.498482,75
-2.2156131,1.4839857,1.3196762,-1.1632566,2.2177882,-1.4443679,-0.8720068,-0.57059366,1.0168182,-0.92196834,2.8582864,-1.9473724,3.6863747,0.25769603,1.9876828,-0.581219,25
-0.55738443,0.8348108,1.0118647,-1.5027083,1.4796323,-1.9522818,-0.62025934,-1.2908192,1.787996,-1.9531418,2.873175,-1.2330194,3.7885747,0.085504495,2.8987212,-2.8967803,75
0.023005702,0.640781,0.57180154,0.56321895,-0.18713197,-0.2453585,1.2801749,-0.49218208,0.45508873,-1.2748971,1.378383,-2.7216637,1.7273872,1.7866434,1.1060804,-1.165307,75
-0.5490931,0.8356895,-0.038670566,-2.3853724,1.3222555,-1.7161038,-0.981142,-1.6839235,2.2556083,-0.5576629,3.8484526,0.011332028,3.6078172,-1.4188527,2.9572353,-1.7662742,55
-2.0402868,1.7275457,0.16959824,0.52202654,1.7622397,-2.4750037,-0.063726075,0.077127166,-0.23468973,-1.1423969,1.9144748,-0.85431075,2.9706225,0.97651774,1.047718,-1.0660081,53
0.08037661,0.057040274,0.8977058,-0.523565,0.50268465,0.24411765,0.343091,-0.15302262,0.71305686,-0.7099947,1.1447135,-2.79406,1.5485795,0.93225193,0.725046,-0.603431,109
-0.56410265,1.2052226,0.49032068,1.0437887,-0.10326272,-1.5499033,1.4107774,-0.94332117,0.10371799,-2.095392,1.6412892,-1.5643611,2.7412648,2.3968866,1.6500283,-1.663954,75
-1.3715951,0.71112865,1.2475798,-0.48737934,0.45606002,-0.75298023,0.54320955,0.41093808,1.2798818,-1.1876779,0.58180195,-2.1594305,2.337346,1.854024,0.5610218,-0.73803663,109
-1.2546593,0.7721751,0.49663407,0.36620885,0.6104993,-0.8755096,0.2881863,0.17987755,-0.55504155,-0.2427927,0.86532164,-2.2566032,1.5911846,0.78427374,0.63378,-0.11264545,3
0.13265511,0.4363687,0.22018047,0.33581287,0.65967584,-0.6501715,0.622139,-0.85670865,0.52394605,-2.2608023,1.9391279,-1.1799057,2.4406915,1.1669592,1.4408507,-1.592216,75
-2.3266556,1.5122085,1.2302753,-1.0381892,2.005686,-1.6410862,-0.8820154,-0.630276,0.8610094,-0.8273596,2.847534,-1.9879155,3.6585822,0.1956371,2.1622512,-0.5913274,25
-0.8322352,1.0438082,1.0679897,-1.5272399,1.7225182,-2.0669127,-0.9341187,-1.1269557,1.6739467,-2.2673497,2.6733973,-1.1469638,3.879293,-0.06685701,2.983812,-2.904136,3
-0.017402396,0.64578015,0.5063718,0.459365,-0.09959358,-0.073643714,1.1620734,-0.31021896,0.27564344,-1.2006454,1.1727389,-2.7255344,1.5551152,1.5537604,0.93704367,-0.9315556,3
-1.1484972,1.0100055,-0.2216056,-2.8730266,1.8650382,-1.7488343,-1.4860308,-1.9457904,1.8360877,-0.9708082,4.2978535,0.12313855,4.070719,-1.6462226,3.1871536,-1.4667995,33
-2.417813,1.6721089,0.012290366,-0.07739344,1.9599417,-2.261839,-0.57123363,0.16561362,-0.084368974,-0.9895511,1.7360901,-0.9304331,2.9158344,0.9180325,0.9924709,-1.1775367,28
0.17105861,0.13837571,0.776223,-0.35882673,0.5636735,0.18195504,0.41976285,-0.18434265,0.56535745,-0.7849191,1.2061858,-2.5975091,1.5129957,0.90633,0.707058,-0.6721424,3
-0.61395717,1.4203115,0.40697086,1.189872,0.07109678,-1.5701369,1.4033048,-0.85971934,-0.06424293,-2.5447865,1.7240696,-1.139184,2.8192077,2.1927874,1.668931,-1.4670694,53
-0.9222122,0.59050864,0.9627467,-0.35608748,0.6861251,-0.6308779,0.5145355,0.48702675,1.0573139,-1.2173827,0.44974256,-1.858628,2.1465921,1.6389838,0.26457503,-0.62599087,109
-1.4763567,1.2032845,0.014555402,0.17082793,0.85939175,-1.09254,0.16137584,0.31165132,-0.62084347,-0.187754,1.068167,-2.04369,1.6994324,0.7100229,0.5332805,-0.20124051,3
0.11899541,0.58775675,-0.083532065,0.34236664,0.6612482,-0.635276,0.6147656,-0.86307955,0.42035878,-2.055098,1.9412042,-1.1438255,2.228824,1.2448409,1.3535016,-1.592169,75
-2.551596,1.6477828,1.3100224,-1.4597644,2.3634272,-1.8445088,-1.4208263,-0.8039327,0.8052432,-0.7493059,3.1074042,-2.0713408,3.8339758,-0.14742002,2.4913266,-0.8600477,25
-1.0930679,1.1501623,1.2341384,-1.7389929,2.1771317,-2.084189,-1.2957208,-0.991516,1.605198,-2.2851813,2.6316335,-1.1918406,4.038821,-0.44551548,3.0277367,-2.7889123,28
-0.11201629,0.6234511,0.5340741,0.40073937,-0.08368799,-0.044454604,1.1727899,-0.21838811,0.25652596,-1.080887,1.1148657,-2.7141237,1.5221782,1.4959093,0.8217907,-0.8909533,3
-1.8426324,1.1125913,-0.1907102,-2.4835105,1.7525194,-2.1067452,-1.4859232,-2.5646703,1.3147038,-1.7269351,4.856059,0.11755882,4.7803407,-1.4204015,3.884745,-1.4517729,25
-3.2115166,2.2222269,-0.23813699,-1.1985404,2.0541482,-2.448448,-1.101094,0.21471795,0.6309886,-0.004236914,1.6299912,-0.9099478,2.7603066,1.0172638,1.0224191,-1.6356139,121
0.13517109,0.31172466,0.6234442,-0.37562063,0.5168823,0.17732824,0.4097026,-0.2745551,0.35947347,-0.5475282,1.142563,-2.650192,1.3133974,0.96341187,0.6898164,-0.8190068,3
-0.73188716,1.3902152,0.7737751,1.2939699,0.101255186,-1.7216038,1.5410687,-0.74968374,0.3260369,-2.9263096,1.8793778,-1.0553563,3.244514,2.2377284,1.831089,-1.3571347,53
-0.81064606,0.56575966,0.45745546,-0.5099048,1.1884122,-0.4209385,0.20522927,0.8431865,0.5657721,-0.7909179,0.23952079,-1.6417294,1.5763972,1.118458,-0.2058618,-0.2871143,109
-1.9862013,1.6041718,-0.7354934,-0.87558556,0.7494321,-1.3163954,-0.21182325,0.16764808,-0.02443859,0.5903207,0.9254185,-2.0569167,1.7136288,1.0527396,0.56581724,-0.7120309,103
0.06901434,0.6302916,0.04143036,0.63067377,0.4450676,-0.52437073,0.8626275,-0.68906224,0.326701,-2.2020316,1.7712181,-1.4820888,2.134261,1.2913327,1.3217257,-1.4699719,75
-2.3217492,1.3510263,1.3384688,-1.5377251,2.1450772,-1.979494,-1.4782338,-0.99926364,0.7027325,-0.7108808,2.9363945,-2.0266643,3.8429978,-0.18954124,2.6230614,-1.1198376,25
-0.9723486,1.1812756,1.1907576,-1.9871763,2.387536,-2.070358,-1.4849176,-1.0714638,1.8005011,-2.1152494,2.5354128,-1.1941304,4.101362,-0.36650097,2.9710972,-2.850757,28
-0.20499194,0.6557121,0.5771591,0.38255835,-0.011621058,-0.0004833974,1.1407647,-0.12551063,0.14529571,-1.0340366,1.0579356,-2.6627831,1.4612169,1.4897325,0.68659866,-0.7795371,3
-1.8919337,1.1895792,-0.19111592,-1.6253415,0.856657,-2.908877,-0.88105106,-3.0648565,1.4420512,-1.5614071,4.9466596,0.079368666,5.126147,-0.75767505,4.508229,-1.9130032,33
-4.1766157,2.6846383,0.18986015,-1.3855927,1.840796,-3.199718,-1.2239711,0.1487652,0.9583634,0.17131606,1.5649027,-0.8065502,3.1488807,1.0869033,1.5537676,-2.0301502,103
0.04788263,0.41308194,0.54116386,-0.29455855,0.24223357,0.22024864,0.59474367,-0.27317446,0.35979128,-0.51886,1.0038042,-2.6978922,1.1912324,1.1557195,0.66825503,-0.88178045,3
-0.8370046,1.4388056,1.104565,1.4499934,0.30188477,-1.8156098,1.4670575,-0.6523026,0.3034923,-3.5193613,1.9352239,-0.9544944,3.4947028,2.0220764,2.0440652,-1.4396024,53
-1.282173,0.97587997,0.14215988,-0.4772449,1.3574498,-0.8362013,0.014639784,0.6550157,0.5214656,-0.54906833,0.82860404,-1.4514008,1.9276416,1.0214943,0.06506996,-0.51947826,109
-3.0655515,2.138661,-1.2501284,-2.3353171,0.8612751,-2.0083127,-0.95214677,0.057954125,0.7773334,1.3729396,0.9460146,-1.5990019,2.0387256,0.8040942,1.0327386,-1.306884,117
-0.23110196,0.76793003,0.22226448,0.6050769,0.42529583,-0.44320112,0.8485482,-0.46418503,0.27639186,-2.473927,1.7170055,-1.7447546,2.1830957,1.0383348,1.4034696,-1.4615252,75
-1.9868206,1.2801294,1.3061391,-1.1581185,1.6526775,-1.7795113,-1.0632396,-0.7612343,0.4475184,-0.77019477,2.451531,-2.0807736,3.4731178,-0.1530701,2.4267454,-0.8108705,25
-0.97746146,1.0454872,1.3834478,-1.6159018,2.061483,-1.844398,-1.119165,-0.86042655,1.5263723,-2.6257672,2.0885699,-1.1360695,4.0069785,-0.2127054,2.7926085,-2.6582289,28
-0.16676354,0.660985,0.582211,0.41455168,0.007268071,0.06277201,1.1334515,-0.14553928,0.08018246,-1.1753783,1.0667125,-2.5690436,1.4284382,1.4433118,0.6905997,-0.74696094,3
-1.8139699,1.1529198,-0.33326668,-1.0480398,0.3204074,-3.3904727,-0.5420712,-3.482456,1.3856778,-1.6951909,5.027869,0.36994368,5.394045,-0.49722016,4.9621835,-2.2315037,92
-4.184709,2.7249694,0.46631753,-1.0803365,2.0251281,-3.9519057,-1.0294713,0.018172577,1.5173366,-0.19275278,2.0521939,-0.2752341,3.7125015,1.1386943,1.8625408,-2.7017791,62
0.10048708,0.43162835,0.5442511,-0.052197307,0.16573776,0.27472308,0.782695,-0.23213777,0.17506193,-0.7192648,0.85647404,-2.6579578,1.1136582,1.2548354,0.59247935,-0.8813507,3
-0.9183511,1.6691642,0.64475405,1.5607197,0.3094217,-1.6895412,1.3117095,-1.0032465,-0.12148291,-3.155952,2.2395806,-0.84649366,3.3304203,1.9266076,2.1066432,-0.809294,53
-1.7417555,1.3258066,-0.18477474,-1.0160023,1.1834621,-1.0371399,-0.21551874,0.5847519,0.7790238,0.092989855,0.6811688,-1.2991562,1.9888544,1.0691293,0.13006458,-0.4990437,109
-3.3566284,1.937366,-0.847771,-2.03914,0.7657194,-1.3313636,-0.77478033,0.51619166,0.53105783,0.7811646,0.7266835,-2.0879133,1.7313876,0.48890284,0.89980924,-0.87593025,103
-0.19603764,0.84941024,0.10688493,0.054986656,0.8813407,-0.29221115,0.44642365,-0.20196691,0.47059834,-2.1565876,1.6742598,-1.8719559,2.050214,0.7795771,1.1604714,-1.4086683,3
-1.8557029,1.2908754,1.11452,-0.805283,1.541657,-1.7014799,-0.8356116,-0.6427345,0.25619566,-0.7730014,2.334158,-2.1796982,3.2190847,0.039566837,2.187922,-0.87274694,25
-0.87915283,0.96302265,1.4451432,-1.4584142,2.174708,-1.8284671,-1.0778929,-1.0002012,1.1533687,-2.4563413,2.000681,-1.0791903,4.0258894,-0.13285206,2.6309686,-2.3667088,28
-0.09890904,0.6482667,0.7156487,0.4669239,0.04340656,0.007596556,1.1042801,-0.21465608,-0.013688564,-1.3261119,0.9993822,-2.5027344,1.4851198,1.4783145,0.7518759,-0.75977015,3
-2.0011046,1.4154499,-0.5692516,-1.8284092,1.1943882,-3.4382067,-1.3145417,-3.2920718,1.8381152,-1.1268753,5.572036,0.63959044,5.3455234,-1.0719042,4.8512907,-2.1725707,33
-4.038922,2.483341,0.052337512,-0.7014625,1.2219443,-4.3580847,-0.64517546,-0.6109632,0.9760102,0.53921044,2.168868,-0.030258253,3.8089495,1.3343753,2.0502074,-1.984436,117
0.048769817,0.5128521,0.52694714,0.12472209,0.11206497,0.3123281,0.8937809,-0.13257618,0.006888598,-0.9772228,0.7372903,-2.5054674,1.038882,1.2852815,0.52089155,-0.8142972,3
-1.0451889,1.4983156,0.8216612,1.5274308,0.22300428,-1.4581355,1.2994221,-0.8277926,0.024899922,-3.3866134,2.1611595,-1.1604538,3.4039416,1.840024,2.1229532,-0.6990236,53
-2.0326443,1.4495835,-0.13684303,-1.1647075,1.3658367,-1.4595934,-0.46267986,0.43410996,0.8427575,0.08206136,0.94299686,-1.0793242,2.311711,0.8530653,0.44412118,-0.82296693,109
-3.2711346,1.7521307,-0.6409885,-1.5237842,0.48920384,-1.5676593,-0.3599367,0.3730562,0.7809176,1.136957,0.8073399,-2.1624043,1.8223519,0.9192716,0.7823849,-0.91498315,109
-0.3323263,0.9713477,0.04387097,-0.45974886,1.2252294,-0.13052756,0.10353398,0.24932799,0.7247692,-2.2934809,1.3870618,-1.8486233,1.9222076,0.540078,0.91387016,-1.5703707,3
-2.031872,1.3914111,1.0313929,-0.7427907,1.5961846,-1.6009727,-0.8525233,-0.5890462,0.26528412,-0.68014544,2.5760005,-2.309516,3.143931,-0.0504333,2.1625457,-0.74732673,25
-0.9882594,0.8782135,1.3370025,-1.2733588,2.1125088,-1.9491595,-0.93588394,-0.97578984,1.2987365,-2.4260929,2.1662343,-0.97372633,3.9582188,0.09943896,2.5344179,-2.6594787,28
-0.09688473,0.7603985,0.7541779,0.5707745,0.12219982,-0.005774904,1.1074003,-0.12075434,-0.09671904,-1.4375801,0.9274318,-2.4339721,1.3520932,1.4874946,0.6926678,-0.88499486,3
-1.3003335,0.9908757,-0.34004492,-1.676222,0.7025876,-2.6304307,-0.8370212,-2.7892828,2.0432868,-0.94200087,4.6189528,0.06262581,4.580805,-0.7288416,4.194896,-1.957077,33
-3.6560433,2.1673827,-0.54068655,0.2072624,0.03318961,-4.353652,-0.0746538,-1.4632304,0.062192872,0.6652689,2.3301868,0.06326158,3.6622336,1.4323046,2.4758081,-1.4079168,117
0.066100776,0.5606488,0.61343193,0.2598554,0.14064795,0.3609625,0.9162069,-0.00059472024,-0.1631184,-1.2743536,0.5808262,-2.3790832,1.021661,1.1998471,0.4656232,-0.67102325,3
-1.0314258,1.378576,0.84378195,1.3160751,0.24465157,-1.0963296,1.2011762,-0.50658077,-0.034049973,-3.000483,1.9182416,-1.5646312,3.0082943,1.6291624,1.7782005,-0.47737187,75
-2.2801423,1.6705303,-0.40604073,-1.0118533,1.6676366,-2.0393672,-0.6875774,0.24559239,0.7552444,-0.039714456,1.4015758,-0.6422187,2.6172543,0.59790796,0.7767018,-1.2924011,3
-2.832077,1.5684652,-0.57181716,-1.6470852,0.3724504,-1.1538031,-0.39259934,0.35773775,0.5402343,1.3553662,0.2979591,-2.63074,1.437326,0.83953744,0.6132028,-0.734197,117
-0.45039487,0.93937075,0.11969413,-0.76264465,1.3969401,0.14521939,-0.10390125,0.61047924,0.73166335,-2.032197,1.0191647,-2.0457418,1.6185534,0.4291829,0.577685,-1.3054564,109
-2.2102997,1.5009577,1.0435082,-0.31772685,1.5313414,-1.7390771,-0.7209842,-0.48121783,-0.24782063,-1.187303,2.3542697,-2.2178447,3.273793,-0.06445181,2.2337458,-0.5529257,25
-1.4544901,1.1161444,1.2351278,-1.307542,2.2422647,-2.0262213,-1.1982175,-0.84464014,1.1211718,-2.6613536,2.2974532,-0.94519913,3.9094584,-0.20148197,2.707842,-2.673884,28
-0.27863497,0.9416109,0.75312304,0.7119063,0.0384555,0.12873712,1.25902,0.15938345,-0.14819671,-1.4836302,0.8408216,-2.5746238,1.2023399,1.4587984,0.583888,-0.60175574,3
-1.0888996,0.89730185,-0.17031473,-2.0749743,0.55425036,-2.5956702,-0.74368095,-2.6844695,2.2054029,-0.82454383,4.1565347,0.21425119,4.496312,-0.8172103,4.0603647,-2.2840488,33
-4.3365526,2.430474,-1.2838645,0.17956996,0.24220198,-4.9652157,-0.63380307,-2.263516,-0.20142774,0.07786884,3.4189856,0.9089357,4.324098,1.0594888,3.3817198,-1.8437526,117
0.04956785,0.6675631,0.6229813,0.36718458,0.24735314,0.3714809,0.9034368,0.11540883,-0.29028785,-1.5418814,0.544726,-2.2455113,1.0247719,1.0722082,0.44349608,-0.62194204,3
-0.92465836,1.3871477,0.83617234,1.1123557,0.4620997,-0.8052822,1.048754,-0.19709602,-0.1410508,-2.2282033,1.7365267,-1.8404467,2.406299,1.4625946,1.2866597,-0.109188706,75
-2.2070053,1.8338642,-0.4193477,-0.77985764,2.0015817,-2.2518055,-0.6824,0.40337008,0.8706623,-0.39515555,1.519329,-0.3500952,2.7151895,0.5108784,0.74927974,-1.565139,62
-3.4505782,1.8857687,-1.108421,-2.6432683,0.87767065,-2.390642,-1.1841699,-0.72457135,0.49795568,1.6675001,0.7159297,-1.7339678,2.355075,1.0447086,1.6379958,-1.3431587,78
-0.5377221,0.99867886,-0.049097247,-0.9415019,1.493147,0.19895776,-0.2548245,0.655198,0.7761328,-1.6288451,1.0210696,-2.1150477,1.4618239,0.41987944,0.43566248,-1.2020483,109
-2.2455618,1.3444979,1.1935647,-0.48920286,1.6753274,-1.8486454,-0.7739978,-0.6348449,-0.0704087,-1.0060775,2.5582206,-2.2637563,3.450536,0.036099695,2.2609804,-0.6941931,25
-1.5426322,1.0723923,1.32949,-1.5053501,2.3943486,-1.9008654,-1.2970896,-0.8504765,1.1489903,-2.2592654,2.3341756,-1.2359078,3.9044611,-0.2005161,2.6067736,-2.3456135,28
-0.3102883,0.91175765,0.92828435,0.6847905,0.09158456,0.22117135,1.2551916,0.2672647,-0.14262636,-1.3750561,0.67783034,-2.8021083,1.1664786,1.5090376,0.4951728,-0.49343285,3
-1.2452921,0.98090684,-0.12607843,-2.191578,0.25594473,-2.7407432,-0.6213374,-2.665523,2.327762,-1.072385,4.011544,0.4853474,4.5923405,-0.8223647,4.201414,-2.555701,33
-4.501978,2.90701,-1.5801098,-0.42992434,0.99121773,-4.8712044,-1.1118907,-2.1197023,0.15050629,-0.1993753,3.703912,1.148608,4.4850388,0.787904,3.4129012,-2.1268873,117
0.0150411725,0.84082925,0.6791406,0.48305625,0.29665577,0.3054903,0.9820139,0.1937351,-0.233849,-1.7403443,0.6017966,-2.198862,1.0693444,1.0477946,0.50943315,-0.74815047,3
-0.67403936,1.2025048,0.77426374,0.9257728,0.30488712,-0.6206508,1.0585719,-0.059749797,-0.10136308,-1.844269,1.324292,-2.0430768,1.9631786,1.4693393,1.0258645,-0.2874151,75
-1.853789,1.7995024,-0.5253521,-0.5871979,1.7795489,-2.1166313,-0.4798854,0.20578736,0.83940166,-0.5094896,1.4753271,-0.4083387,2.6008363,0.66805583,0.8137496,-1.5794661,62
-4.3524218,2.7816641,-1.7084711,-1.9396354,1.6328863,-4.410866,-1.4917213,-1.7920994,0.7647017,0.20382294,2.8922558,-0.3175934,4.4917464,1.1144904,3.2786236,-3.168307,78
-0.5419712,1.0058215,-0.16189519,-1.0412977,1.5691507,0.29380643,-0.39796007,0.64020514,0.6893857,-1.53685,0.9796719,-2.1005769,1.328357,0.40108272,0.35291666,-1.187907,109
-2.1843846,1.0870275,1.3065672,-0.8676086,1.8483307,-1.8007666,-0.90904427,-0.76546186,0.17182338,-0.65897995,2.608416,-2.2705204,3.5159745,0.07771062,2.1952705,-0.7340438,25
-1.3593616,0.95415443,1.4223453,-1.6199678,2.2885075,-1.7655228,-1.2428694,-0.7762234,1.2473941,-2.341,2.1702054,-1.3138881,3.8376887,-0.30090705,2.5684314,-2.3955595,28
-0.34334505,0.89200574,1.0459019,0.5769133,0.13188975,0.3622543,1.1455148,0.49650162,-0.18860804,-1.3048539,0.44879836,-3.0028455,1.0250273,1.3546065,0.35068005,-0.38136402,3
-1.5034634,1.1184578,-0.20072688,-2.4447868,0.26672658,-2.7483745,-0.7862276,-2.8153193,2.2245603,-1.4201741,4.1256633,0.6602724,4.7684216,-1.091646,4.4602227,-2.6088088,33
-4.2872653,3.219812,-2.0861988,-0.6343605,1.1451935,-4.6757097,-1.1501176,-1.8246942,0.29186094,-0.26042703,3.8287287,1.4043736,4.116422,0.31404173,3.2364235,-2.1882672,117
-0.071383104,0.9017947,0.6973137,0.521766,0.2556315,0.33051914,1.0186974,0.18772972,-0.23705561,-1.676639,0.71377546,-2.3300552,1.0765262,1.0665559,0.55549836,-0.6179992,3
-0.70932573,1.1377015,0.7755163,0.8011788,0.28339982,-0.5212617,1.0023154,0.104944356,-0.18868487,-1.4581543,1.0713143,-2.189214,1.7017322,1.382006,0.8122223,-0.14327571,75
-1.8098005,2.1031988,-0.84337115,-0.27761415,1.6734076,-2.2877727,-0.34903753,-0.20257902,0.58259976,-0.74149966,1.9186257,-0.26346108,2.7003558,0.81844306,1.156712,-1.701318,53
-4.668717,2.6594367,-1.5566506,-2.3656578,2.4675312,-4.4911957,-2.0990562,-1.6382262,0.86519885,-0.10250309,3.3596373,-0.35504228,4.988765,0.8963581,3.3489172,-3.49089,78
-0.5228341,0.9164949,-0.03557916,-1.0685229,1.5980005,0.37608388,-0.3880592,0.77737015,0.5917355,-1.1524268,0.8295857,-2.2639883,1.1524218,0.37610763,0.13052161,-0.9367123,109
-2.3900666,1.2068769,1.3471372,-0.8621176,1.873243,-1.9361804,-0.84493285,-0.7430065,0.20637622,-0.6971117,2.5543575,-2.0909562,3.641097,0.25754368,2.1714675,-0.76744485,25
-1.2375246,0.84830195,1.4507916,-1.6576716,2.0348015,-1.4771241,-1.1165522,-0.5678796,1.2911391,-2.3935087,2.001037,-1.4491699,3.5648155,-0.4151994,2.4262953,-2.2797027,28
-0.36234975,0.88874984,1.1153591,0.5641172,0.12136161,0.4109579,1.158557,0.6843491,-0.19623928,-1.1691121,0.33640862,-3.1451223,0.87982875,1.2630693,0.23161702,-0.34276366,3
-1.5876092,1.1144866,-0.03629077,-2.138598,0.05270639,-3.0860868,-0.5848996,-3.120758,2.0395384,-1.8435152,4.1719437,0.82521635,5.197637,-1.0436858,4.8546515,-2.7497077,92
-4.1422644,3.097889,-1.8643731,-0.9081298,1.0971464,-4.4316235,-1.0395597,-1.8305252,0.6021745,-0.31439847,3.8935971,1.1999505,4.0820804,0.32782948,3.2595017,-2.2669425,117
0.010424085,0.7600661,0.72838235,0.4260025,0.2737338,0.421147,0.990056,0.25175288,-0.22337924,-1.4050953,0.55489993,-2.4826586,0.9413975,1.0708979,0.40320674,-0.6214895,3
-0.8093055,1.0654986,0.79468113,0.63407576,0.31975293,-0.55191463,0.8593791,0.06741014,-0.2650699,-0.9096018,0.90150255,-2.47573,1.5774987,1.4842166,0.71313626,-0.16511257,3
-2.9350283,2.887762,-1.5342174,0.2871098,1.4569424,-2.9064684,-0.26694614,-0.6998723,0.025774539,-1.3068029,3.2089388,0.682406,3.1375854,0.91814625,1.790586,-1.0756316,92
-4.757945,2.8341675,-1.3815283,-2.0670938,2.4699388,-4.3629513,-1.850318,-1.2355547,1.0188094,-0.42130432,3.5057518,-0.39089403,4.915512,0.9085722,3.160749,-3.687163,78
-0.5457731,0.8702828,0.014138065,-1.0563397,1.5992767,0.27628875,-0.29994076,0.728008,0.41839463,-0.66966975,0.87121016,-2.4396489,1.1228802,0.4524611,0.025480941,-0.82331586,109
-2.425659,1.2896168,1.300107,-0.51521516,1.7154933,-1.8860015,-0.625125,-0.6859423,0.20294726,-0.7541051,2.5308223,-2.1028066,3.6274304,0.34423804,2.1217713,-0.55635226,25
-1.07703,0.79834086,1.2189664,-1.8568431,2.0162544,-1.4398116,-1.2077644,-0.60672903,1.3234683,-1.786705,1.9575317,-1.6407299,3.238101,-0.32336938,2.2398243,-2.3970304,28
-0.34052563,0.7770153,1.021322,0.40885544,0.07498317,0.48934466,1.0423543,0.6087171,-0.20474909,-0.97124285,0.23979768,-3.2057068,0.74969554,1.2845649,0.21157412,-0.34394997,3
-1.6038648,1.1186502,0.15842204,-1.9923766,0.010427713,-3.3510673,-0.5330328,-3.377802,1.9744496,-1.9435235,4.1959376,0.85800755,5.5005975,-0.9820539,5.1305923,-2.839452,92
-4.0240736,3.1422727,-1.8270301,-0.98561096,1.2213937,-4.4373837,-1.0201337,-1.9579384,0.73040336,-0.35122937,3.9448602,1.3126128,4.1300864,0.40147793,3.344951,-2.2872064,117
-0.1921939,0.7614782,0.8114112,0.39667135,0.14114343,0.4867959,1.0037531,0.36251605,-0.17013653,-1.3009242,0.54741883,-2.6398048,0.9220293,1.0381219,0.37548676,-0.41668296,3
-1.07907,0.96456975,1.1524411,0.43389356,0.31454962,-0.44665256,0.7226691,0.25313565,-0.11865237,-0.92123467,0.6816758,-2.6887112,1.6334188,1.4474967,0.67385656,-0.019028336,3
-3.402183,3.4012625,-2.1317348,0.06379196,2.1060543,-3.193836,-0.7638775,-1.0650852,0.032882325,-1.711253,4.340887,1.2998288,3.6515648,0.570487,2.254034,-1.0609031,92
-4.254045,2.7110806,-1.4673913,-1.8716314,2.1238523,-4.014304,-1.4891087,-1.3099059,1.0780479,-0.39403164,3.401243,-0.40659884,4.6076446,1.074804,2.970028,-3.5272968,78
-0.5400598,0.77240133,0.3822707,-0.8352739,1.5042541,0.1058476,-0.119540855,0.59911793,0.20274264,-0.8698734,0.8401862,-2.4147956,1.3327038,0.46083084,0.18952791,-0.87028956,109
-2.6556938,1.291044,1.5006927,-0.6858567,1.8755894,-1.7387588,-0.8053231,-0.57137704,0.38838452,-0.71805286,2.5038674,-2.2929611,3.6818402,0.3212539,2.0829601,-0.31968108,25
-1.1399938,0.8562555,1.3357027,-1.7057111,1.8231304,-1.438826,-1.0689317,-0.34914196,1.3900803,-2.234757,1.6491553,-1.6101027,3.200493,-0.21009502,2.196519,-2.5841086,28
-0.42111707,0.736042,0.9696855,0.39018357,0.019766957,0.47640532,1.008116,0.5455322,-0.21685408,-0.8494213,0.26647136,-3.2341635,0.75619924,1.2883555,0.23056732,-0.2897576,3
-1.3883362,0.97698075,0.22746487,-1.7246244,-0.21490407,-3.3495057,-0.29930902,-3.3041854,2.1094944,-1.8946818,3.964885,0.8359685,5.370293,-0.7892858,5.0210767,-2.9674337,92
-4.179604,3.0651398,-1.684649,-1.1419843,1.375132,-4.4136515,-1.1963513,-1.9035695,1.125428,0.2248846,4.158904,0.9570766,3.9712634,0.4269932,3.2066567,-2.332366,117
-0.21637411,0.727696,0.8304587,0.2951331,0.098048,0.55537045,0.94835204,0.44180223,-0.16531749,-1.1090597,0.45673925,-2.8430943,0.8055841,1.0280433,0.28812623,-0.3814157,3
-1.0880929,0.948261,1.0214728,0.29143584,0.4948378,-0.2717788,0.56192833,0.37525335,-0.16500957,-0.71920866,0.534096,-2.7055662,1.4251287,1.3413055,0.40640616,0.039241076,3
-3.557571,3.7576394,-2.2691562,-0.07307279,2.6172662,-3.076352,-0.9687029,-0.68601716,0.30613756,-1.8765079,4.708704,1.4004548,3.677718,0.12003582,2.1855574,-0.8851093,92
-4.1883516,2.585428,-1.3145119,-1.9526627,2.0340981,-4.1938667,-1.531597,-1.4822365,1.12143,-0.36631516,3.2881448,-0.43369868,4.7626266,1.0866543,3.1505933,-3.6746397,78
-0.714492,0.67509556,0.6107242,-0.9390665,1.5638227,-0.03318817,-0.23076928,0.44265804,0.26589692,-0.9165996,1.01663,-2.4654822,1.6403801,0.28728497,0.4605316,-1.0451708,109
-2.698608,1.4438262,1.4621031,-0.7803657,2.1495643,-1.628281,-1.0106997,-0.51610804,0.32982317,-0.867654,2.4422467,-2.1180212,3.6617985,0.3193237,1.9641185,-0.12072158,25
-1.0648041,0.97449917,1.1728829,-1.7109998,1.8995397,-1.4769067,-1.1766263,-0.36436033,1.3808316,-2.2092514,1.6663373,-1.528405,3.066432,-0.20375305,2.1616187,-2.7442088,28
-0.45666814,0.7124079,1.0749586,0.3978731,0.053254873,0.47777998,1.0354356,0.6108609,-0.12230322,-0.9062082,0.30165273,-3.2565637,0.8293259,1.2440863,0.20650925,-0.29752073,3
-1.2488009,0.923209,0.34064335,-1.4798683,-0.4094659,-3.2593958,-0.14257415,-3.1210046,1.9948184,-1.9586068,3.602418,0.9146748,5.191397,-0.8367962,4.8816047,-2.818994,92
-3.9373832,2.616978,-1.0127949,-1.1741552,0.9992505,-4.014559,-0.85302496,-1.927682,1.3564152,0.90371317,3.8259296,-0.14082956,3.7540843,0.71622837,3.1161342,-2.475947,117
-0.16600676,0.670984,0.8489511,0.22986084,0.04801379,0.62179124,0.92158836,0.47795147,-0.17618822,-0.89173764,0.31404573,-3.0268571,0.6447754,1.0918044,0.21083577,-0.38230804,3
-1.189955,0.84979707,1.0303719,0.16445562,0.6214111,-0.27417672,0.50038666,0.48880833,0.07644027,-0.37930226,0.628895,-2.8267524,1.4495218,1.3140937,0.2687963,0.07748979,109
-3.5799863,3.7859468,-2.152134,-0.45138806,2.8001208,-2.8461854,-1.1199399,-0.3576495,0.5484931,-1.6757349,4.643995,1.2305202,3.4571571,-0.20549509,1.9750774,-0.7469449,127
-3.9713318,2.274339,-1.1410841,-2.2648106,2.3941574,-4.252186,-1.9844533,-1.5571817,1.2093015,-0.14765355,3.1452873,-0.3850395,4.744164,0.8694105,3.0879097,-3.7932959,78
-0.77253026,0.7529367,0.6431779,-0.9647897,1.623711,-0.16655028,-0.27291638,0.33065298,0.33752367,-0.9694168,1.1349317,-2.4662642,1.843874,0.33489484,0.6085561,-1.1897308,109
-2.5872593,1.509191,1.2785394,-0.66111153,2.01474,-1.4874129,-0.87567466,-0.45905644,0.20852144,-0.8498805,2.2025888,-1.9909699,3.467374,0.5205473,1.7375612,0.11929506,25
-1.1420833,1.0624925,1.0940796,-1.82045,1.9996109,-1.6591641,-1.3497899,-0.53870255,1.5009824,-1.7887008,1.9609079,-1.612335,3.102102,-0.15562013,2.2809749,-2.7901459,28
-0.3402062,0.6359338,1.0793558,0.41940367,0.17294885,0.4654835,1.0667593,0.6276029,-0.15247373,-0.9994268,0.30019343,-3.252238,0.90071976,1.2295107,0.15110101,-0.48820734,3
-1.2467808,0.8940094,0.31428063,-1.4060538,-0.53430754,-3.2549164,-0.020714106,-2.9279683,2.25429,-1.8397019,3.4549668,0.86415124,5.01414,-0.5984449,4.7084537,-2.9670846,92
-3.4440274,2.210299,-0.6371599,-1.0037367,0.45462716,-3.949297,-0.30040067,-2.0233488,1.5627599,1.095847,3.3699033,-0.50491065,3.721065,1.035237,3.0873594,-2.7867677,117
-0.29643577,0.62864107,0.9489394,0.20479357,-0.0024301559,0.6308738,0.895145,0.4959141,-0.22906654,-0.7254369,0.25174809,-3.20309,0.6084914,1.1392813,0.20099096,-0.2727731,3
-1.0148724,0.699188,1.120538,0.040976644,0.8928499,-0.19157806,0.4121707,0.60131747,0.09063175,-0.55792004,0.5396933,-2.567331,1.4907229,1.1775907,0.06513199,0.08698216,109
-3.591295,3.815751,-2.2173424,-0.67646986,2.9908085,-2.7129343,-1.2689933,-0.17751351,0.68118346,-1.5342466,4.5081863,1.1653922,3.314693,-0.22839165,1.7776235,-0.7663565,127
-3.4870412,2.0090435,-0.9964698,-1.8995996,2.5987878,-3.9644907,-1.9800705,-1.2971433,0.97749114,-0.3133451,2.9821348,-0.34927416,4.4347644,0.46077785,2.7762785,-3.5297296,62
-0.8138576,0.9070896,0.6923935,-0.8748988,1.6128628,-0.2939434,-0.19694571,0.28149152,0.4080767,-1.2464751,1.1670219,-2.3739712,2.0275185,0.37540084,0.7817361,-1.3451846,109
-2.6356835,1.6884797,1.0093186,-0.5517045,1.7205267,-1.8113545,-0.68691,-0.68730927,0.13303807,-0.71033394,2.30581,-1.608068,3.6386402,0.60651314,1.9084425,0.2596295,25
-1.0943059,1.1765492,1.0829642,-1.6968721,2.0154314,-1.5271976,-1.4018317,-0.5270259,0.9732094,-1.9502373,1.7228448,-1.5760796,2.9912221,-0.36613137,2.2251253,-2.5678217,28
-0.24669924,0.58839375,0.91927665,0.13434479,0.12677038,0.51951367,1.072981,0.5176326,0.10222624,-0.55319285,0.41017926,-3.24323,0.7755936,1.2390987,0.06841627,-0.65697044,109
-1.3220375,0.96822995,0.14690997,-1.3868761,-0.5396353,-3.3421943,0.06874687,-2.8116028,2.4260924,-1.4468557,3.5646188,0.77587664,4.8773255,-0.49703974,4.5595636,-2.9879727,92
-3.1088626,1.8128185,-0.56056875,-1.1128913,0.6550518,-4.0052786,-0.33520323,-2.1987824,1.9488641,0.9741708,3.6834228,-0.46579936,4.0112495,1.1984936,3.0770473,-3.3001015,92
-0.3650775,0.6141517,0.91185397,0.2326281,-0.08268157,0.5740624,0.91009414,0.41881773,-0.2846402,-0.73075414,0.20456724,-3.2495863,0.6415935,1.2273393,0.27005666,-0.3697892,3
-0.7634763,0.5939178,1.0581545,0.13326329,1.0857341,-0.11329399,0.4592874,0.73104084,0.0840818,-0.45120648,0.6559138,-2.4825025,1.398319,0.95781916,-0.14597695,0.16196603,109
-3.4797065,3.5493934,-1.817883,-0.70991814,2.8732839,-2.6363957,-1.1848783,-0.2008285,0.8184164,-1.145776,4.354664,0.69627124,3.231986,-0.11254396,1.7655108,-0.81969655,127
-2.8114688,1.7838545,-0.70331836,-1.4394442,2.5303912,-3.668779,-1.6633756,-1.0869589,0.9032909,-0.53046703,2.782864,-0.36624408,3.971046,0.40696824,2.4661667,-3.5688734,62
-0.9382349,0.950483,0.97653204,-0.87724155,1.854422,-0.48186928,-0.37017822,0.18846855,0.43921858,-1.3178806,1.3438902,-2.33127,2.27652,0.29278177,0.95161927,-1.3183467,3
-2.755013,1.889792,0.74683976,-0.78015506,1.8476142,-2.302948,-0.842327,-0.7975518,0.35745585,-0.44821757,2.5563169,-1.3205097,3.789858,0.4197543,2.0694737,-0.28064263,25
-0.9236618,1.2717261,0.952606,-1.5575451,2.0028362,-1.4647739,-1.2756592,-0.76085854,0.58214647,-1.5524064,1.835903,-1.6195519,2.9008338,-0.30345833,2.140664,-2.233057,28
-0.2864362,0.53077924,1.0106001,0.10303229,0.067855775,0.61887085,1.1350939,0.5762966,0.059463657,-0.6566422,0.3393703,-3.296698,0.80542654,1.2027597,0.051751778,-0.55736065,109
-1.2173581,0.8229751,0.27368605,-1.4558576,-0.5505062,-2.9407578,0.13382937,-2.3461869,2.6461253,-1.3429633,3.178838,0.5268008,4.4729114,-0.41900393,4.103759,-2.875966,92
-2.7297747,1.4172499,-0.24542491,-1.1957275,0.59713423,-3.6138234,-0.14900196,-2.045707,2.1640375,1.4219439,3.6910386,-0.8742692,3.766727,1.399611,2.6244533,-3.0678592,45
-0.5030975,0.629382,1.0817211,0.30974847,-0.11192429,0.5546397,0.9416175,0.41565666,-0.3229727,-0.81310046,0.16729373,-3.3308828,0.7135096,1.3381587,0.3033166,-0.29702812,3
-0.9876071,0.39269453,1.3744745,-0.03045863,1.3508775,-0.25123692,0.36536992,0.6516142,-0.011750028,-0.49297553,0.9043636,-2.688544,1.8161323,0.8532591,0.049895287,0.17899978,109
-3.3224387,3.2678704,-1.4293227,-0.46019614,2.5491595,-2.616982,-0.9563378,-0.31598866,0.7708251,-0.89248455,4.0805855,0.21564463,3.2027452,0.03592152,1.8628983,-0.85747313,127
-2.0779123,1.6843228,-0.6523367,-0.9451315,2.365158,-3.2540174,-1.3133489,-1.0489535,0.70469445,-0.8211756,2.7834098,-0.32470033,3.3507452,0.54780453,2.175539,-3.610068,62
-1.0431007,1.0109882,1.026968,-0.806339,1.9706422,-0.63330466,-0.44507617,0.11288834,0.4130081,-1.3323088,1.5153288,-2.1691203,2.413068,0.22131643,1.040175,-1.1999042,3
-2.810559,1.5458851,0.74833804,-0.44897908,1.1441355,-1.9244467,-0.3831216,-0.48775738,-0.07955977,-0.31298813,1.8130322,-1.8295267,3.1797962,0.760112,1.6337358,-0.057102263,25
-0.701487,1.358686,0.8690973,-1.131088,1.7976819,-1.4218162,-0.8486429,-0.7917943,0.32231244,-1.873809,1.6652495,-1.4769964,2.8115804,0.017649427,2.0326416,-2.3066523,28
-0.3701257,0.5586198,0.89002824,0.10638186,0.03591822,0.7052818,1.0902972,0.62156063,-0.16955729,-0.7876044,0.26898167,-3.1412086,0.773441,1.1407576,-0.01671934,-0.36663643,109
-0.86977535,0.60739744,0.45462608,-1.5599339,-0.52121294,-2.4921122,0.25702757,-1.9352909,2.8364165,-1.0925375,2.6721056,0.16597849,4.0212407,-0.27438235,3.5688086,-2.7657375,53
-2.5667984,1.42834,-0.5024127,-1.4986728,0.49866486,-3.4793406,-0.1834862,-1.8605143,2.138201,1.7724673,3.4694877,-0.70326775,3.4341507,1.2463825,2.305947,-2.8767364,95
-0.6004252,0.65738785,1.2025671,0.42636228,-0.09785327,0.43256915,1.0105257,0.36620104,-0.27354985,-1.0049454,0.27916336,-3.286002,0.9183707,1.4177032,0.39583737,-0.4140169,3
-1.2065446,0.5515491,1.4535291,-0.31236154,1.62221,-0.34691435,0.18806249,0.74814016,0.1364109,-0.6363112,0.93779325,-2.4193523,2.026262,0.5921871,0.09990739,0.15839976,109
-2.972489,3.0059173,-1.258433,0.013127297,1.9054894,-2.7464411,-0.49307585,-0.52277046,0.7250614,-0.5822207,3.770401,-0.08881552,3.1262453,0.15154743,2.0092971,-1.0023806,127
-1.6376446,1.5788567,-1.0991255,-0.73319274,2.0133524,-2.4231308,-1.0899199,-1.1417191,0.16415013,-0.94946545,2.6419637,-0.30502602,2.6819777,0.3530038,2.0090702,-2.7855797,62
-1.2249807,1.0866936,1.1104388,-0.91986096,1.9387293,-0.74407357,-0.5778489,-0.052851357,0.36045867,-1.3386635,1.5644473,-2.1194026,2.5456831,0.16784576,1.2566067,-1.1342175,3
-2.3950589,1.2821099,0.17393072,-0.25226602,0.1491596,-2.0366848,0.2398917,-0.847341,-0.34151542,0.08217729,1.2529655,-1.6755319,2.739921,1.4210694,1.5297818,-0.35241997,103
-0.76690745,1.6196387,0.801625,-0.6403735,1.5990393,-1.411069,-0.56703156,-0.6802048,-0.010014057,-2.3271277,1.4088821,-1.4043806,2.7666817,0.20592636,1.9873207,-2.2381542,28
-0.2998004,0.50914764,0.8350144,0.10256833,0.16310108,0.7502876,0.9645876,0.6310121,-0.23688798,-0.9233198,0.2385718,-3.0827694,0.7524012,1.0804302,-0.03267411,-0.41208112,109
-0.69496685,0.60115737,0.4884346,-1.7742403,-0.25229555,-2.2111506,0.17873,-1.6244804,2.833592,-0.945782,2.3458664,0.13608095,3.7019439,-0.3197882,3.1327093,-2.6113968,75
-3.0152597,1.7787642,-0.93107736,-1.9046881,0.9310491,-3.7322965,-0.55434835,-1.5782611,2.2158332,1.6017557,3.7774274,0.07833888,3.4814026,0.752155,2.232578,-2.8047037,95
-0.5045429,0.6059663,1.2621025,0.39695048,-0.024727821,0.3382838,1.0928545,0.28768143,-0.07583681,-1.0030347,0.4581949,-3.1293468,1.0847919,1.4492089,0.39764076,-0.5204686,3
-1.4447349,0.7107564,1.4539968,-0.5096999,1.9075174,-0.6029477,-0.033097625,0.6841943,0.3617121,-0.61682236,1.2160697,-2.2734082,2.3053687,0.540294,0.2579462,-0.045885116,23
-2.8756423,2.834337,-1.02789,0.1766035,1.5285598,-2.9095867,-0.23691225,-0.57828486,0.96610516,-0.3776128,3.654148,-0.27254635,3.1324432,0.19371164,2.100433,-1.2999495,53
-1.804918,2.1413846,-1.6067734,-0.38992357,2.4165473,-2.0798068,-1.2756418,-0.6913197,0.08511475,-2.0753057,2.8480089,0.13122815,2.505875,-0.13550046,2.046289,-2.7619514,62
-1.4063334,1.1604068,1.1573828,-0.96322733,2.041079,-0.77173424,-0.6761703,0.000500476,0.30956522,-1.4385167,1.6301416,-2.186467,2.6606522,0.09380197,1.3301762,-1.0509977,3
-2.775355,1.6734324,-0.3044263,-0.07568368,-0.15182614,-2.2046402,0.29335302,-0.54720616,-0.57656485,0.024627075,0.79933196,-1.5143456,2.478659,1.3153821,1.5305302,-0.3738157,117
-0.867865,1.6066389,0.8801283,-0.64076936,1.7345169,-1.6872257,-0.7229636,-0.9303951,-0.07044135,-2.3099492,1.5087552,-1.4054615,3.170579,0.22822458,2.254981,-2.2169132,28
-0.2821294,0.5299063,0.98782057,0.20992768,0.22588253,0.7605091,0.9758305,0.70175976,-0.31519628,-1.1300216,0.16928531,-2.984402,0.79956985,1.0392348,-0.04111512,-0.22828443,3
-0.9807187,0.8087819,0.312124,-2.170731,0.16496131,-2.3749447,-0.18182437,-1.5857642,2.8560467,-0.7092304,2.5410323,0.41777402,3.7940876,-0.4692864,3.0501106,-2.4726603,75
-3.1332076,1.833334,-1.2072723,-2.5610821,1.1780088,-3.5550437,-0.9473951,-1.2929744,2.3097427,1.869665,3.4779937,0.17197338,3.2051387,0.5190043,1.9065877,-2.855477,95
-0.30048501,0.5941429,1.1525398,0.39232963,0.056781992,0.3658889,1.1412896,0.27696064,-0.09196751,-0.8703532,0.4341179,-3.1649911,0.96365464,1.4745326,0.31156042,-0.74315035,3
-1.5445162,0.7895003,1.497642,-0.7097408,2.0675745,-0.7771467,-0.13662237,0.674597,0.6727947,-0.60109293,1.3211447,-2.2264833,2.48911,0.49161908,0.39683,-0.3478182,109
-2.8327963,2.614668,-0.8218066,-0.0025563836,1.3218848,-3.1216655,-0.16446277,-0.8324274,1.3690591,-0.06258071,3.726334,-0.35795933,3.302238,0.44224074,2.2230558,-1.6487598,53
-1.5975262,2.2406669,-1.9380665,-0.7496599,2.5821648,-1.8738827,-1.3330224,-0.6526497,0.24201465,-1.7378365,2.692011,0.3591026,2.2253876,-0.031732082,1.7752893,-2.5193963,85
-1.3020713,0.9591878,1.2138343,-1.1663606,1.9518884,-0.68330514,-0.77297586,-0.061527725,0.3115281,-1.273367,1.4516939,-2.2348156,2.6092298,0.028536536,1.3131299,-0.9107943,28
-3.1603484,1.5987322,0.011896297,-0.43651414,-0.011298835,-1.9835578,0.15183778,-0.16144156,-0.2431327,0.14949945,0.60590345,-1.8359694,2.4361668,1.1298611,1.3914199,-0.18035044,117
-0.9729431,1.5245996,1.0038384,-0.49491537,1.6527444,-1.8178488,-0.70847535,-1.084223,-0.14353727,-2.5556111,1.551699,-1.3062148,3.4106953,0.23308465,2.4576573,-2.2095976,28
-0.46089065,0.7517945,0.8373941,0.23836267,0.15710458,0.58592975,0.94860965,0.69442844,-0.5412564,-1.2452343,0.09275203,-2.6705887,0.8777114,1.0078964,0.0069150794,0.03440699,3
-1.2928245,0.79129744,0.20922734,-2.396603,0.66746366,-2.5691857,-0.5510347,-1.8554658,2.6958323,-1.1069797,3.057118,0.53733444,4.3184595,-0.44874954,3.2545576,-2.6687348,53
-2.900047,1.681026,-1.2148879,-2.420066,1.548851,-3.025707,-1.0495445,-0.8658055,1.9220083,1.40084,3.0042243,-0.05729491,2.9987366,0.41152242,1.4921205,-2.4431086,95
-0.33671558,0.58965147,1.1360204,0.16578466,0.108258516,0.5375317,1.0528314,0.41901222,-0.06376621,-0.68768394,0.26860747,-3.4119642,0.87386715,1.3758438,0.19889037,-0.63676673,3
-1.6277632,0.8724139,1.5880101,-0.66378087,2.2245245,-0.87796485,-0.19838965,0.73180294,0.71880865,-0.8568588,1.3780093,-2.1702342,2.6333604,0.37545678,0.5164004,-0.4778544,109
-2.5033212,2.3632724,-0.83250576,0.002159983,1.2780938,-3.2487051,0.051478267,-1.0483712,1.6746722,-0.0888566,3.9546146,-0.22811405,3.563296,0.65753144,2.2384949,-1.9628091,53
-1.3148308,1.9105816,-1.7556657,-0.62762225,2.1913123,-1.3326758,-0.9687759,-0.48032206,0.24593765,-1.3188512,2.5348084,-0.16056079,1.8183069,0.039185986,1.3855075,-1.9566193,85
-1.4814556,0.95374316,1.3445154,-1.0723791,1.7891449,-0.7723017,-0.7114313,0.08131747,0.31883132,-1.1929461,1.5107341,-2.2770126,2.6035888,-0.07756106,1.326591,-0.7501446,25
-3.5242,1.4822576,0.49011642,-0.46454287,0.049643144,-1.8364148,0.15201099,0.19609213,0.17040358,0.26076117,0.6335022,-2.314462,2.4742389,1.0031693,1.2823651,-0.22305083,117
-1.0560948,1.5573709,1.1689191,-0.49092022,2.2428012,-1.9120804,-0.92898387,-0.820868,0.14942984,-2.6972175,1.8125011,-1.1240704,3.5845027,0.012572601,2.3649254,-2.222889,28
-0.65099096,0.8896587,0.74549884,0.05888763,0.051610544,0.36817333,0.8778968,0.62225395,-0.63212556,-0.9567646,0.008181393,-2.5285814,0.94488704,1.0525577,0.032379948,0.26293343,3
-2.5929024,1.19281,-0.6248204,-2.304801,0.8076407,-3.3556554,-0.7627174,-2.483541,2.5834153,-2.0287933,4.414744,0.9848824,5.3954115,-0.15857424,4.062566,-3.2754908,92
-3.312998,1.7710278,-1.238239,-2.5059955,2.049543,-3.0856273,-1.4226804,-0.77182823,2.0508783,1.1644738,3.482754,0.015624382,3.2402177,0.19223845,1.6093742,-2.4498804,95
-0.44150174,0.631035,1.046069,0.045529306,0.17366125,0.60663295,0.9873763,0.64494914,-0.10551074,-0.6099811,0.113226995,-3.38457,0.81295973,1.2840265,0.007391952,-0.4318011,109
-1.8464962,1.0563107,1.6978732,-0.7317988,2.401535,-1.0001194,-0.35494184,0.6388229,0.791904,-1.0435587,1.5506617,-2.08213,2.8897913,0.35582143,0.7463005,-0.48593354,23
-2.4499362,2.1782045,-1.113949,-0.5394242,1.5659585,-2.9532,-0.22496131,-0.88704294,1.6610469,0.16690648,4.075701,-0.14619434,3.3486912,0.33488283,1.9073806,-1.8266885,127
-1.2334695,1.9767754,-1.687792,-0.38855636,2.1188092,-1.022794,-0.77545094,-0.1739032,0.2640556,-1.41922,2.5543013,-0.3684575,1.6588185,-0.016799398,1.1358413,-1.6330464,127
-1.5840763,0.99123925,1.324901,-0.84834623,1.5667256,-0.9515485,-0.524753,0.069472425,0.31118983,-1.15885,1.6959364,-2.2544491,2.6333268,-0.0056159534,1.4100187,-0.7824844,25
-3.8402746,1.263362,0.8485315,-1.235883,0.09754535,-1.9739729,-0.17844069,0.10997697,0.70368993,0.9612119,0.71165895,-2.6588562,2.3860064,0.8666455,1.4150524,-0.75983214,117
-1.4649882,1.7154438,1.0619725,-0.42433858,2.4302917,-2.0998466,-1.1214298,-0.9392611,0.011932321,-2.3135226,2.3241003,-0.9910334,3.6805716,-0.08598541,2.4612477,-1.7829857,28
-0.7907998,0.96716624,0.68317366,-0.08685435,0.11186994,0.24693349,0.81574047,0.6882577,-0.6172632,-0.79796416,-0.05445613,-2.486584,1.0451105,1.0037175,0.006662708,0.31723964,3
-2.7284615,1.2179894,-0.7616844,-2.0482004,0.6847656,-3.4498646,-0.7297651,-2.555779,2.508485,-2.0812101,4.6259384,0.9905222,5.4053593,-0.19356072,4.23668,-3.2860854,92
-3.1426864,1.4520063,-0.994511,-2.529609,1.8557649,-3.1012979,-1.3680435,-1.1184468,2.2737079,1.6393063,3.595501,-0.36436754,3.2494972,0.5453355,1.7258757,-2.617552,95
-0.50923324,0.6119855,0.9743548,-0.04356134,0.16408472,0.6155469,0.92224723,0.71273345,-0.17680313,-0.56245303,-0.0010902882,-3.3407135,0.7804762,1.2761568,-0.07657771,-0.39207336,109
-1.8673992,1.1696835,1.4911405,-0.7594751,2.3291306,-1.2005136,-0.3546149,0.24279368,0.880622,-0.87320566,2.003756,-1.9805849,3.0847256,0.43741283,1.0461551,-0.64776474,3
-2.6031594,2.349477,-1.264638,-0.7528709,1.8340646,-2.9423163,-0.34499085,-0.79403937,1.4884719,-0.035295323,4.130238,0.0930807,3.4016309,0.2681864,1.8368452,-1.6990497,127
-0.89766943,1.561084,-1.4164604,-0.33364034,1.9047804,-0.8570916,-0.68117356,-0.293536,0.23183268,-0.98777443,2.5370185,-0.92514765,1.5354798,0.15443736,1.0164052,-1.5272622,127
-1.6814245,1.0611253,1.1293597,-0.716103,1.3938053,-1.1922731,-0.5201822,-0.2109336,0.18894184,-0.99669725,1.854192,-2.2162087,2.6466875,0.19182375,1.5710837,-1.0003316,25
-4.469427,1.1332468,0.92392725,-1.3051189,0.18642366,-3.447923,-0.3325907,-0.8092671,1.1185669,1.1112508,1.7943877,-1.951324,3.5463483,1.0959859,2.3893883,-1.6655269,117
-1.7290624,1.8212173,1.0983995,-0.0071344078,2.3126345,-2.1433802,-0.89706445,-0.7467204,-0.18330748,-2.366927,2.2362602,-1.1602523,3.6027045,0.15438491,2.3409567,-1.64012,28
-0.7164213,0.9386911,0.6245672,0.17807496,0.011244565,0.12843636,0.9318372,0.7089642,-0.77738345,-0.7889345,-0.21464743,-2.5303967,1.0288296,1.0582938,-0.0003796704,0.17709953,3
-2.3236268,1.2532744,-0.6734828,-1.237469,0.091192305,-3.6753085,-0.10126595,-2.874775,2.252631,-2.3123884,4.4451694,0.83640206,5.48039,0.29975826,4.504519,-3.3335435,92
-3.0204856,1.4711215,-1.3263985,-2.8683565,2.0755653,-3.0975435,-1.6778216,-1.3692988,2.4468906,1.899694,3.8791697,-0.22794616,3.284273,0.5277961,1.8166025,-2.762316,95
-0.45611924,0.5861275,1.0262116,0.025260508,0.10742404,0.6916877,0.961057,0.79554164,-0.21036778,-0.7816311,-0.110447064,-3.2659047,0.7321136,1.2353599,-0.12104165,-0.3243011,109
-1.6075078,1.2364345,1.4377359,-0.6652247,2.4797401,-1.2438802,-0.5011387,-0.0019526165,0.8216418,-1.368624,2.26055,-1.8112376,3.189147,0.33648825,1.359481,-1.0973934,3
-2.1694548,2.2519467,-1.335998,-0.35862583,1.8224776,-2.8150449,-0.08095284,-0.89474493,1.247864,-0.59551996,4.1287813,0.20994338,3.4695888,0.37002113,1.8116063,-1.6681433,127
-0.41212887,0.9628286,-0.9489757,-0.16162495,1.4220421,-0.6526504,-0.095404506,-0.40790972,0.23341122,-0.4265471,2.4342754,-1.3378937,1.4689543,0.54824775,0.6832816,-1.0280275,127
-1.8249197,1.1833763,1.005733,-0.66641736,1.3490493,-1.1161267,-0.58983153,-0.085888654,-0.114534006,-0.8672824,1.5691702,-2.3484347,2.3991742,0.19560954,1.458158,-0.76340044,25
-4.7695513,1.4623392,0.67466515,-0.60419416,0.5316891,-4.8254805,-0.3777119,-1.7807105,0.6536532,0.33139932,2.9841406,-1.1843414,4.9179974,1.4383523,3.4476094,-2.3296607,117
-1.9043944,1.8387377,1.1403619,-0.06820282,2.3342404,-2.302549,-0.94215614,-0.8180082,-0.086270854,-2.0378141,2.4677734,-1.2031417,3.69909,0.20507509,2.3751297,-1.5383112,28
-0.9092754,0.9340357,0.5946553,0.263125,0.002091229,0.33494025,0.84412634,0.8543641,-0.8979266,-0.99050695,-0.22152515,-2.711364,0.9699636,0.91430426,0.005471483,0.3404587,3
-2.142108,1.3844638,-0.81435114,-0.991987,0.09601612,-3.636934,0.014324043,-2.8940032,2.2030232,-2.1974335,4.5412025,0.7301623,5.3336825,0.40372536,4.4602127,-3.2047896,92
-2.8567467,1.6890731,-1.4523596,-2.9259477,2.358655,-3.0852852,-1.8231878,-1.5161812,2.403403,1.487491,4.009146,0.013819352,3.5159597,0.53633463,2.0109596,-2.8759446,95
-0.3680554,0.6150441,1.1261483,0.09999713,0.19397853,0.7902894,0.9688403,0.9156201,-0.24740787,-1.1347221,-0.23617755,-3.1222892,0.7433821,1.1376847,-0.17010717,-0.2003396,109
-1.7886755,1.2013617,1.7225022,-1.1216781,2.6152368,-1.3716288,-0.9696672,-0.30167627,0.63053846,-1.3605145,2.2994924,-1.97487,3.4454055,0.15950677,1.8042719,-1.0415323,25
-1.7492131,1.977695,-1.3446361,0.12395659,1.5965292,-2.5872178,0.16507563,-1.0264033,0.66922957,-0.9862977,3.6141984,0.15504685,3.2888706,0.8262934,1.6415006,-1.6999946,53
-0.5505445,0.7873876,-0.68986416,-0.58119756,1.48397,-0.62721443,-0.086497076,-0.30722663,0.46727425,-0.33103588,2.6775784,-1.1408656,1.5997295,0.45445916,0.48788875,-0.7817503,127
-2.062249,1.1205573,1.1785958,-0.765983,1.2322088,-0.9186955,-0.6827815,0.23330775,-0.31634796,-0.5941629,0.91218245,-2.7328155,2.0579255,0.23410925,1.1643754,-0.5384816,28
-4.107797,1.4538362,0.31563014,-1.0732805,1.3094618,-4.871937,-0.86715025,-2.0591753,0.31735408,0.1497651,3.0689805,-0.74868965,5.1199837,1.411799,3.384622,-2.500102,78
-1.7153943,1.6051991,1.1232295,-0.14250821,2.0434184,-2.1705742,-0.86959404,-0.82107013,-0.14037083,-1.5562432,2.3765345,-1.4596236,3.4067495,0.25535598,2.2475367,-1.3804402,28
-1.2621504,1.0926139,0.60486066,0.46765488,-0.16907158,0.11609836,1.0127019,0.8653999,-0.82568884,-0.86264294,-0.12284671,-2.7477965,1.0654554,1.0269974,0.10333928,0.40518546,3
-1.8374481,1.5949812,-0.9313259,-0.6211755,0.22229195,-3.793052,0.19540623,-2.8864758,2.0468981,-2.0793328,4.616282,0.782002,5.1988993,0.48768857,4.3439035,-3.2291846,92
-2.8498077,2.028599,-1.7783811,-2.7400079,2.4871397,-3.2596319,-1.8207564,-2.1184576,2.392404,0.9772333,4.82678,0.61996424,3.7783847,0.84501,2.4793787,-3.0960357,95
-0.433936,0.6680134,1.2467114,0.19721341,0.2497512,0.7909937,0.94874406,1.0370979,-0.30328912,-1.3862524,-0.3174669,-3.0229595,0.74068844,1.0299253,-0.17309421,-0.1687884,109
-1.6595958,1.2408922,1.5509192,-1.2344213,2.5998054,-1.0487375,-1.0682118,-0.096072905,0.32451499,-1.3175179,1.96314,-2.2248764,3.1533537,0.011273041,1.6082906,-0.73583966,25
-1.6427962,1.9770977,-1.1886373,0.709955,1.3178599,-2.6230998,0.6174851,-1.0464005,0.5043032,-1.2071068,3.4743845,0.18165821,3.1418457,1.2852063,1.6201241,-1.8812811,53
-0.8509548,0.9688088,-0.8063976,-1.0524735,1.9019164,-0.97559905,-0.39519894,-0.20970681,0.9300364,-0.42826957,3.114914,-0.3512215,2.0731297,-0.075997315,0.5473928,-0.7970947,127
-2.4026322,0.93833005,1.4788245,-0.97400963,1.0180788,-1.063365,-0.66788274,0.23371908,-0.31779665,-0.18093775,0.44971246,-2.9664502,1.9696991,0.5515081,1.0570371,-0.6725433,28
-3.8767436,1.6556146,0.053259283,-0.8832303,1.2498624,-4.8801365,-0.70448124,-2.0735908,0.31232983,-0.027134482,3.2007558,-0.6150869,5.077363,1.6058662,3.3404481,-2.9366608,78
-1.5442886,1.5690818,1.0597925,-0.2559079,1.6417568,-1.9194597,-0.6780707,-0.6326868,-0.15835048,-1.8558605,2.0800107,-1.4899383,3.176639,0.14376691,2.198263,-1.4730861,28
-1.529284,1.231663,0.59722656,0.5614637,-0.19674718,-0.16643861,1.0313284,0.70497274,-0.6962244,-0.7762971,0.10297473,-2.6536882,1.2783968,1.1444786,0.30579913,0.36692262,3
-1.3422252,1.4670172,-0.95738345,-0.32440746,0.06941429,-3.9157565,0.3649407,-3.2459006,1.8911161,-1.8737525,4.4150033,0.692212,5.195896,0.8083655,4.411573,-3.3561566,92
-2.5174205,1.815589,-1.117048,-1.7803172,1.6307366,-3.120023,-1.2165226,-3.0932057,1.8709003,-0.00042878836,5.2683387,0.71224993,3.8500803,1.2891386,3.3587937,-2.9490795,104
-0.5452071,0.7293514,1.3097541,0.31020522,0.21299061,0.7694163,0.9786168,1.0301915,-0.33819807,-1.6851659,-0.2052557,-2.8571794,0.84519726,0.9160778,-0.049159363,-0.11526865,109
-1.5854106,1.1416914,1.443234,-1.519979,2.6867452,-1.0836929,-1.5033844,-0.25814486,0.15217629,-1.1877712,1.8657291,-2.2556853,3.0713518,-0.21869203,1.7180805,-0.87473667,25
-1.8363858,2.2383578,-1.3505287,0.8322873,1.3910815,-2.7847703,0.7356364,-1.0724348,0.630342,-1.2613964,3.9876096,0.47053516,3.1825838,1.2563343,1.737158,-1.9777558,53
-1.3902377,1.2794018,-0.6576138,-1.8007772,2.597849,-1.691073,-1.0044967,-0.39516765,1.5820435,-0.42267194,3.737699,0.21564788,3.079438,-0.72843313,1.1403418,-1.0634365,127
-2.8945596,1.1272079,1.6197227,-0.8913224,1.2677611,-1.8485126,-0.6880554,-0.2685843,-0.095369235,-0.33466136,1.2229674,-2.3893187,2.9446745,0.6461967,1.635591,-0.720904,25
-3.703806,1.6822453,0.02493915,-1.0644519,0.9232406,-4.905237,-0.4834239,-2.389315,0.95868886,0.082007535,3.3662486,-0.5975,5.154527,1.7498534,3.6178796,-3.4788787,78
-1.8519353,1.5034511,1.1966257,-0.5907806,1.82601,-1.8439816,-1.001503,-0.59946126,-0.18147771,-1.6971847,2.2445924,-1.6664262,3.2424228,-0.19184455,2.2899508,-1.3154693,28
-1.7184476,1.1733236,0.62477636,0.3857184,-0.24101123,-0.33215758,0.91017425,0.48328084,-0.5622319,-0.35926026,0.13877107,-2.7804847,1.3711467,1.2709337,0.43146002,0.35505152,117
-1.1846886,1.4453278,-0.90611774,-0.3263605,0.29005957,-3.772906,0.18259381,-3.0695863,1.7532808,-1.7670491,4.219034,0.60321695,4.9520974,0.60124314,4.2157564,-3.2808654,92
-2.62594,2.1093912,-0.8605196,-1.9729632,2.4786854,-2.9894385,-1.7835839,-2.7108688,1.9493831,-0.27548128,5.444561,0.52814037,4.1348977,0.67064136,3.4635656,-2.7278852,55
-0.49947304,0.8594517,1.2438916,0.43544167,0.17176358,0.7027027,1.0436052,0.86207545,-0.25938898,-1.9788482,0.015553847,-2.6764739,0.88683283,0.9526914,0.16771355,-0.4253466,3
-1.6874148,1.0801008,1.5973397,-1.7512968,2.6858797,-1.1074944,-1.6563197,-0.274269,0.35122955,-1.0009829,2.0205796,-2.345642,3.1179988,-0.44725358,1.8711647,-0.82802135,25
-1.9744357,2.403949,-1.4156486,0.72633207,1.4088532,-2.9532309,0.68218416,-1.2713921,0.624535,-1.3337486,4.322191,0.7961241,3.351764,1.1945668,1.9758008,-1.9116156,92
-1.6084949,1.4529903,-0.44291168,-2.2957816,3.1344185,-2.0073502,-1.461696,-0.7369813,1.8575999,-0.5923794,4.009796,0.3757749,3.8461154,-0.7613507,1.5722253,-1.0975382,74
-2.7620645,1.160901,1.4160506,-1.2426345,1.4596127,-1.814854,-0.87703705,-0.5760213,0.005583033,-0.29489663,1.4597168,-1.9819119,3.143876,0.5253882,1.7764907,-0.49956745,25
-3.511499,1.729259,-0.019712232,-0.7517538,0.6495918,-4.7016773,-0.09422883,-2.444673,0.9983037,-0.1353035,3.4198546,-0.7799869,5.1633945,1.823747,3.699932,-3.3733368,78
-2.1656826,1.4887767,1.2107941,-0.8329423,1.8321164,-1.977403,-1.1758405,-0.5993257,0.03882154,-1.287053,2.3066022,-1.7229214,3.2264338,-0.18611562,2.323346,-1.3960638,25
-1.8939759,1.278678,0.5640139,0.22295481,-0.25167194,-0.47156265,0.75347507,0.40726587,-0.61315584,-0.12951982,-0.013062969,-2.8940902,1.3720212,1.2443136,0.52085763,0.27720726,117
-1.0656091,1.5047417,-1.210156,-0.19620356,0.5041185,-3.7617743,0.06852248,-2.9738073,1.5725055,-2.097606,4.2156587,1.0322218,4.8163614,0.48582128,4.087376,-3.4747849,92
-2.0973942,1.8860786,-0.5530236,-1.9263587,2.2455225,-2.5142999,-1.6598072,-2.496042,1.6584923,-0.16067025,4.787415,0.127494,3.7608128,0.41867557,3.2533085,-2.1262832,55
-0.45603347,0.986482,1.1802181,0.53604674,0.07937621,0.7552406,1.1336396,0.80927515,-0.3107168,-1.9853542,0.114494115,-2.7374206,0.8052638,0.98460835,0.264083,-0.40737152,3
-1.6510282,0.98343396,1.5610566,-1.865123,2.4955788,-1.1811206,-1.6411233,-0.35544184,0.4373747,-0.81455976,2.0541856,-2.3186367,3.043917,-0.5256922,1.9640763,-1.0038258,25
-1.7535284,2.2311432,-1.075474,0.90712214,1.2673228,-2.8626146,0.80400544,-1.4433311,0.5412479,-1.6354446,4.3349895,0.6992002,3.4283345,1.3132339,2.1604402,-1.863009,53
-1.8064969,1.7054908,-0.2698542,-2.2751536,3.1734142,-2.058191,-1.4357247,-0.6666175,1.8936449,-0.691064,4.015569,0.20946139,3.8946884,-0.48599094,1.5792336,-1.3417487,74
-2.9484825,1.4288805,1.3260045,-1.2858784,1.6546881,-1.9992331,-1.0183625,-0.6150565,-0.065499336,-0.6457112,1.6159729,-1.8573339,3.4428587,0.563901,1.9664491,-0.71725404,25
-3.4269583,1.5693271,-0.0012601987,-1.1586698,0.7552201,-4.6952057,-0.3969019,-2.5800762,1.1549999,0.16049102,3.272717,-0.87170494,5.1750073,1.6804762,3.767905,-3.5276647,78
-2.564037,1.5286095,1.3594406,-1.0864168,1.8627405,-2.019793,-1.412058,-0.5266528,0.12394483,-1.3352832,2.1660473,-1.7842841,3.2835789,-0.29441673,2.417982,-1.5568156,28
-1.9303311,1.375071,0.36060756,-0.026720107,0.040185615,-0.9591232,0.3835991,0.19772327,-0.75671315,-0.058336947,-0.10029547,-2.390607,1.528271,1.0649859,0.71529055,-0.053610235,117
-1.2199934,1.7127781,-1.6109971,-0.54064476,0.9754458,-3.6996071,-0.35111034,-2.8806982,1.6731303,-2.0264769,4.483275,1.3563652,4.8189893,0.20692056,3.980906,-3.4620903,92
-1.6264123,1.5780804,-0.24685746,-2.057001,2.2216883,-2.1920168,-1.6124276,-2.233639,1.5152725,-0.0028318986,4.2445865,-0.2501094,3.4513845,0.166634,2.9845815,-1.8769276,55
-0.36115003,0.8989261,1.1620234,0.521506,0.109978594,0.7684977,1.1896912,1.0043408,-0.25924563,-1.6388686,-0.07930173,-2.9192674,0.6465651,1.0176152,0.03794784,-0.4967599,3
-1.6992301,0.9653619,1.5373522,-1.744847,2.2954116,-1.3592263,-1.5511831,-0.38096127,0.35915697,-0.63954556,2.0393822,-2.3439145,2.93768,-0.42635828,1.9722055,-1.2141105,25
-1.9221115,2.31478,-1.0711808,0.6414479,1.2919356,-3.0177336,0.46893817,-1.9155998,0.3528362,-1.5217141,4.7370696,0.7888277,3.7035449,1.2930211,2.5917103,-1.4807384,92
-1.969836,1.9094048,-0.57084906,-2.0812037,2.9879298,-2.1466618,-1.3459007,-0.6274049,1.4813005,-0.53856534,3.8532057,0.22694877,3.6738162,-0.24242157,1.4474576,-1.1339595,74
-3.099551,1.5538092,1.423186,-0.9920899,1.151291,-1.8336238,-0.56894505,-0.46185598,0.0070497245,-0.37943476,1.3760097,-2.1376276,3.1341226,0.9433772,1.7951294,-0.58813095,25
-3.3485553,1.1869619,0.3960889,-1.3816607,1.1440344,-4.458869,-0.758379,-2.3461616,1.1799189,0.33007124,3.0153937,-1.1971416,5.095749,1.380069,3.5473545,-3.3602169,78
-2.6081493,1.5529461,1.3646432,-1.258321,2.0712752,-1.9198488,-1.6275145,-0.38081774,0.2299749,-0.9835376,2.1110566,-1.9563863,3.0839381,-0.42669964,2.2490978,-1.4629166,25
-1.7109789,1.216986,0.26629758,0.050614,-0.22663292,-1.1403351,0.44252223,-0.14721674,-0.9349789,0.06543187,-0.2144625,-2.142435,1.5859439,1.1360292,0.87460953,-0.088801354,117
-1.4857166,1.838531,-1.7302833,-0.81880426,1.379539,-3.347518,-0.68212706,-2.6716986,1.758753,-1.881715,4.7538643,1.2741382,4.756666,-0.09556098,3.8295949,-2.9820585,92
-1.3598083,1.5646105,-0.6164077,-1.7824502,2.0834637,-1.9398793,-1.3463786,-1.7639364,1.2001641,-0.1565378,3.784316,-0.29358894,3.017293,-0.09141706,2.5835924,-1.8335412,55
-0.5465873,0.8743491,1.312457,0.3922056,0.10637238,0.94413996,0.98169774,1.1134872,-0.3310778,-1.6920091,-0.27471042,-3.1815357,0.5555925,0.9400001,0.042318642,-0.33668506,109
-1.8794206,0.99725246,1.5782228,-1.61053,2.0388145,-1.4399753,-1.3319296,-0.18716529,0.3950582,-0.3300002,1.8975608,-2.4024153,2.7832584,-0.2841543,1.821546,-1.0302255,25
-2.0181549,2.1415248,-0.88011515,0.35718566,1.3873804,-2.8807766,0.1545128,-2.0311542,0.31169134,-1.507033,4.731939,0.4381171,3.841155,1.151282,2.7644649,-1.3833585,104
-3.0630841,2.666269,-1.2780362,-2.030614,3.3804789,-2.626558,-1.6646531,-0.5596047,1.4157988,-1.0881106,5.0477023,0.92182153,4.120712,-0.7327034,1.9026405,-1.0186745,104
-3.3822105,1.5685146,1.6627874,-0.68433905,1.1699693,-1.9881986,-0.43465072,-0.36210954,0.16374591,-0.6470915,1.4210346,-2.0762887,3.4206188,0.9478335,1.8982394,-0.48262137,25
-2.9187732,0.80111885,0.72506326,-1.0305037,1.3089616,-3.8770347,-0.7162052,-1.9014808,0.9877038,0.03729035,2.723007,-1.5091367,4.729663,1.050192,3.1364877,-3.034064,78
-2.5513113,1.4664829,1.3406206,-1.112176,1.983733,-2.0010045,-1.441134,-0.38944256,0.33945087,-0.897821,2.197939,-2.0099487,3.1208086,-0.23839223,2.1705573,-1.588702,25
-1.7511973,1.2684119,0.4362133,0.419047,-0.15932995,-1.0427419,0.5732449,0.08099837,-1.2623322,-0.043393135,-0.101090804,-2.2925422,1.4263599,1.2011807,0.64230245,0.16799867,117
-1.5172181,1.8660302,-1.7587035,-1.1030114,1.642667,-2.9339933,-0.91051805,-2.2524853,1.9408518,-1.4943594,4.6155515,1.1886616,4.299982,-0.29721275,3.4045942,-2.684357,76
-1.4704239,1.423343,-0.24207518,-1.9541897,2.466385,-1.9424986,-1.8039421,-1.5047613,1.1338648,0.012461171,3.712401,-0.7518097,2.920672,-0.46519846,2.5325289,-1.8531635,55
-0.5164435,0.89400506,1.2933143,0.2727319,0.027024731,0.98611486,0.94885623,1.0728117,-0.24801998,-1.481107,-0.26757693,-3.2903469,0.48714596,1.0041566,0.032345504,-0.29580218,109
-2.090279,0.9850216,1.4297045,-1.4426676,1.5790933,-1.3298668,-0.9900721,0.02480222,0.33511227,0.079786725,1.4476352,-2.4665787,2.3486338,0.0988184,1.4177666,-0.84938157,25
-2.515189,2.2548127,-1.0308225,0.13203597,1.5818088,-2.9109385,-0.2183453,-2.0096204,0.30497587,-1.5033025,5.0725813,0.43057662,3.9708366,0.8402902,2.922716,-1.2363083,104
-3.4496036,2.7159274,-1.3565803,-2.0029616,3.2158585,-2.8971465,-1.7132272,-1.0402024,1.2812897,-0.9732919,5.4612107,0.8452034,4.477603,-0.53788435,2.3924484,-0.9921625,104
-3.1828992,1.1245118,2.0677729,-0.5998026,0.787049,-1.6865236,-0.27917218,-0.2700735,0.09751088,-0.33111113,0.8269901,-2.5150836,2.9633536,1.1998835,1.6543033,-0.46436524,25
-2.1350594,0.6535466,0.59113014,-1.1470444,1.418948,-3.5138173,-0.7860402,-1.8671647,1.0414475,0.08105662,2.488366,-1.5505528,4.097609,1.1511488,2.8084004,-3.5296264,78
-2.5189192,1.2111807,1.475235,-0.9239244,1.6849943,-1.8295892,-0.99850875,-0.39749005,0.5372516,-0.7533195,2.2857435,-2.1601505,3.1143277,0.07862637,1.9478658,-1.5070994,25
-2.0336702,1.5746808,0.146195,0.0028010607,0.21425748,-1.3093017,0.1636821,0.14713198,-1.2853212,0.034197986,0.08201799,-1.7356131,1.6273506,0.9410123,0.63387555,0.32856745,117
-1.4838222,1.8556416,-1.7878022,-0.9849792,1.617719,-2.6575434,-0.8403662,-2.017998,1.5364019,-1.4085485,4.3226857,1.2127423,3.9113312,-0.38991234,3.0783489,-2.344658,76
-1.5321388,1.3248057,0.18444021,-1.8421415,2.6459002,-1.937407,-1.9334228,-1.2799242,1.0301541,0.01703395,3.680944,-1.12941,2.8530726,-0.5564909,2.4514022,-1.78352,25
-0.46628708,0.880304,1.282343,0.25879425,-0.077669084,0.9414083,1.012927,0.95243526,-0.16838326,-1.2787664,-0.1422983,-3.3346193,0.42587206,1.1020491,0.095957875,-0.36114192,109
-2.3142176,0.97769487,1.378053,-0.44134045,0.74277925,-0.9623508,-0.20600364,0.21970582,0.096509084,-0.06731112,1.2717433,-3.0698266,1.9649503,0.66440046,1.1664919,-0.6074486,23
-2.45167,2.2024858,-1.1351877,-0.23807842,1.8570955,-2.6596353,-0.57690233,-1.898353,0.31520224,-1.3368493,5.0702057,0.33993742,3.792022,0.55463105,2.7846549,-1.061101,104
-3.1422918,2.40741,-1.092382,-1.700361,2.9747734,-2.72026,-1.5533354,-1.2537645,1.0554466,-1.0305005,5.339527,0.57542664,4.387889,-0.46767533,2.5343823,-0.8310315,104
-3.0240972,0.9805386,2.0875206,-0.94247246,1.0018744,-1.6148838,-0.5373441,-0.00874146,0.34002277,0.07880079,0.5693875,-2.4910405,2.6178973,0.972261,1.350719,-0.6064277,25
-1.6568927,0.7896843,0.28146964,-0.78089523,1.6709517,-3.024693,-0.7249432,-1.7804879,0.47961217,-0.15881065,2.811127,-1.0673344,3.503547,0.8684186,2.488516,-2.7118175,78
-2.2078204,1.0371778,1.601459,-0.6713059,1.6118785,-1.8116794,-0.644913,-0.4931637,0.40564865,-0.66784966,2.3330219,-2.356599,3.1273963,0.38548252,1.8563874,-1.4797094,25
-2.0090592,1.4888391,0.3202256,-0.093199715,0.26523122,-1.4605002,0.15933554,-0.065093845,-1.0057163,-0.025848705,0.26946205,-1.4454825,1.7999141,1.1008219,0.78302246,0.07571527,117
-1.3399655,1.8545485,-1.9961423,-1.0651882,1.8566352,-2.6009412,-0.96883374,-1.9715259,1.3059105,-1.4265989,4.209757,1.4164929,3.7883859,-0.4754492,2.8872907,-2.3310266,76
-1.2695594,1.2108109,0.22875272,-1.7428288,2.675012,-1.9552743,-1.8599226,-1.3060964,0.9919186,0.15433091,3.7644956,-1.1087031,2.8389678,-0.603153,2.3448932,-1.6883888,25
-0.5598811,0.8720017,1.2321124,0.33325022,-0.14512661,0.864605,1.0386641,0.8451064,-0.2541347,-1.1999687,-0.06751856,-3.385639,0.45702806,1.2014798,0.17523198,-0.3415657,109
-2.5374472,1.0171019,1.4765062,-0.05148664,0.39963132,-1.1086769,0.12583289,0.2122863,0.1665724,-0.15716922,1.3053039,-3.1156118,2.081284,0.89996505,1.2477345,-0.61252207,23
-2.6042998,2.2674007,-1.1107548,-0.89261657,2.49476,-2.2809565,-1.1193981,-1.2819691,0.58092034,-0.90937215,4.998072,0.036923364,3.4065392,0.09589008,2.2991693,-0.8147851,104
-2.6140614,1.9508519,-0.86944175,-1.1256795,2.3373094,-2.4640386,-1.0476207,-1.4720395,0.7458334,-1.1331131,4.991628,0.18877861,4.1061406,-0.20134676,2.5850317,-0.9021709,104
-3.094478,1.0582366,1.8661733,-1.6283473,1.1098088,-1.6449742,-0.96432036,0.08333632,0.76893103,0.56285506,0.54378647,-2.4186914,2.4112833,0.57185555,1.3307683,-0.95539033,25
-1.5015917,0.8203967,0.03686828,-0.43081948,1.7703143,-2.5195005,-0.7840294,-1.7690966,0.088718235,-0.5126076,2.930734,-0.8145873,3.1782615,0.59958655,2.3832457,-2.074448,78
-1.6763902,0.7581941,1.5024225,-0.8215854,1.3049463,-1.0904855,-0.39359146,-0.1418994,0.19500472,-0.78730774,1.4120044,-2.6478734,2.5104234,0.40026078,1.3466077,-1.3188615,28
-2.355122,1.5630019,0.44062746,0.26142955,-0.28900918,-1.6879748,0.549047,-0.24552184,-0.95871407,0.014814347,0.41159195,-1.4604666,1.8772955,1.3076571,1.0661069,0.023076952,117
-1.2265965,1.743222,-2.061077,-1.1889609,2.1484551,-2.461466,-1.162272,-1.9024485,1.1080714,-1.211138,4.036159,1.1224184,3.5821955,-0.3118217,2.6195366,-2.3634586,53
-1.0003154,0.8867327,0.4637615,-1.897782,2.4362645,-1.9013785,-1.771509,-1.6927432,0.81427264,0.60130495,3.6461592,-1.4424334,2.8541634,-0.32583785,2.391025,-1.6724024,25
-0.7292925,0.9101987,1.2808144,0.43718195,-0.15258199,0.7203117,1.0649334,0.8018068,-0.31900442,-1.2522643,-0.03172773,-3.4382281,0.63892615,1.3041946,0.2760921,-0.3176689,3
-2.3797739,0.9146521,1.3606265,0.1747269,0.3469978,-0.98419476,0.30312818,0.09274021,-0.0013141036,-0.36921558,1.2616626,-3.1083944,2.1157053,1.0945678,1.1319873,-0.6974578,3
-2.9868963,1.969579,-0.68170017,-1.7924773,2.7218132,-1.9440597,-1.5809143,-0.8422455,0.94372845,0.13193077,4.5089636,-0.95777935,2.9905417,0.11654844,1.8429484,-0.8561754,104
-2.7634637,1.9991422,-0.86232305,-0.77414596,1.9634994,-2.515795,-0.7592851,-1.4661596,0.7222287,-0.9303467,4.9143276,0.008069091,3.906172,0.12181098,2.5538175,-0.8335334,104
-3.071766,1.3887234,1.2939856,-0.7774576,0.4381747,-2.2429461,-0.53567654,-0.23596096,0.22129697,0.3336531,0.8270034,-1.8994336,2.4328666,0.5156609,1.7444265,-1.236284,103
-1.0791479,0.90686494,-0.33537108,0.01373589,1.773043,-2.2512136,-0.7766826,-1.5217516,-0.28315598,-0.99818856,2.466143,-0.62513953,2.6236064,0.6032917,2.105097,-2.1738925,98
-1.2427642,0.74945295,0.8860898,-0.5366704,0.9955493,-0.8375328,0.024524167,-0.19804981,-0.026371926,-0.36090776,1.3999381,-2.5839694,2.09056,0.75407106,0.93513954,-0.98277605,3
-2.3092105,1.5696223,0.4951992,0.14117298,-0.5350264,-1.6609079,0.64515346,-0.36561844,-0.56507975,0.19700488,0.2951793,-1.4451139,1.7586279,1.4818268,1.1414895,-0.26207125,117
-1.3213022,1.7991209,-2.0796826,-1.158973,2.240374,-2.4068663,-1.1637067,-1.7524893,0.9838144,-1.1274275,4.1073685,0.8720986,3.499018,-0.2558059,2.4827757,-2.1835473,53
-0.8001902,0.77481675,0.57816416,-1.7070711,2.5534005,-1.8765503,-1.6881434,-1.8423295,0.75230014,0.16628286,3.766793,-1.3402283,3.0861087,-0.2746692,2.5047178,-1.7960474,25
-0.79056966,0.94120026,1.3143402,0.5911802,-0.17270222,0.63415664,1.1730978,0.82207173,-0.25378466,-1.4981889,0.023582742,-3.4211717,0.7685887,1.3542466,0.33473045,-0.49262223,3
-2.1318724,0.9617195,1.0541222,0.22441554,0.58047926,-1.033798,0.32345057,0.13598835,-0.28523195,-0.6945359,1.1351732,-2.7418692,2.1346984,1.0184447,1.023812,-0.7217797,3
-3.0118635,1.8637078,-0.9207664,-2.2740054,2.7034545,-2.005849,-1.8859667,-0.6584191,0.9076691,1.0106179,3.788059,-1.3904657,2.788165,-0.018251456,1.6184363,-1.1137798,25
-2.2049742,1.8562813,-1.0332416,-0.2796389,1.5330958,-2.2316878,-0.28194565,-1.4135845,0.20501082,-0.7878495,4.3091063,-0.111238346,3.2823186,0.4859796,2.1626747,-0.62010515,104
-3.0629563,1.4029448,1.3858835,-0.6763879,0.6442468,-2.7952604,-0.48474824,-0.44707206,0.28487056,0.2269927,1.1977789,-1.5693355,2.8898003,0.71501213,1.8954871,-1.5898652,103
-0.728072,0.9778521,-0.7086877,-0.062763065,1.8106226,-2.021463,-0.81536454,-1.4296423,-0.2719236,-0.93562025,2.3918273,-0.3095525,2.21075,0.48912343,1.886318,-2.1021879,98
-1.0904145,0.5663043,0.9150712,-0.17408971,0.938541,-0.6460881,0.21644391,-0.07575475,-0.22322293,-0.608451,1.2252239,-2.5978842,1.9885383,0.79802966,0.7452694,-0.8051075,3
-2.3743742,1.4751635,0.77030385,-0.17272419,-0.24873146,-1.7254572,0.29918337,-0.4610172,-0.284369,0.3653279,0.29483062,-1.6080174,1.7858317,1.463958,1.2561314,-0.65485275,117
-1.4893458,2.0529156,-2.3625135,-1.0103924,2.2669616,-2.36641,-1.0762814,-1.6724813,0.80724907,-1.1396947,4.344328,0.8603964,3.3484075,-0.12117231,2.3517723,-1.9610369,53
-0.669291,0.92773193,0.5627483,-1.4028708,2.6656308,-1.6821674,-1.5352297,-1.6425507,0.46653926,-0.28306082,3.5453255,-1.2431598,3.0664263,-0.21284592,2.2970004,-1.4292989,25
-0.8760692,1.0442152,1.3022171,0.6457887,0.059400544,0.41233167,1.112774,0.88768137,-0.30659473,-1.8285611,0.09719416,-3.2391422,1.0185227,1.1996672,0.43122303,-0.7187444,3
-1.86246,1.2043631,0.62430996,0.07045615,1.0154661,-0.9980066,0.14613792,0.10178664,-0.43229508,-1.0913448,1.235074,-2.3542967,2.226925,0.81861323,1.0426844,-0.8005507,3
-3.0969758,2.0110443,-1.3863077,-2.2267013,2.23834,-2.5259151,-1.9179906,-1.2848191,0.9067635,1.250605,3.4930606,-1.3675687,3.1748664,0.39253023,2.165569,-1.8523462,78
-2.394973,1.8659067,-0.9727193,-0.89627063,2.0084596,-2.2943769,-0.78901917,-1.2506219,0.38681126,-0.39346105,4.3867817,-0.06381346,3.3878286,0.057942003,2.0526595,-0.41098052,104
-2.7371464,0.9679506,0.84813076,-1.153767,0.12463632,-2.7157447,-0.22796182,-0.5771057,0.55049616,1.6577694,0.5687212,-1.4578886,2.2716541,1.1393931,1.3470494,-1.0997128,117
-0.5843177,0.8527625,-0.6648472,-0.30939102,1.8827415,-1.6157831,-0.8654851,-1.1070918,-0.052271888,-0.72864735,2.287991,-0.5139296,1.9036005,0.24775204,1.6011996,-1.9040215,90
-1.2203637,0.46120507,1.1183323,-0.19699141,1.0547507,-0.6578942,0.05842132,0.07942526,-0.13943519,-0.5779449,1.0800062,-2.7577393,1.9578257,0.6996378,0.69235283,-0.8989173,3
-2.6466916,1.627429,0.79668826,-0.34406054,-0.13424802,-2.0208273,0.09450613,-0.5449071,0.092111334,0.47269145,0.6562701,-1.5307972,1.9801354,1.180524,1.5870955,-1.0432987,117
-1.4304539,2.0834901,-2.5177894,-1.0498333,2.3492956,-2.179991,-1.0510606,-1.427358,0.79162925,-0.85540956,4.23178,0.72322255,2.9847322,0.030180022,1.9383022,-1.8527157,123
-0.6796164,0.8934555,0.4690528,-1.4038345,2.5718946,-1.5921983,-1.5200945,-1.70414,0.35619816,-0.11086773,3.36466,-1.3500612,2.9547794,0.07780566,2.1474922,-1.3819716,25
-0.8475537,0.8526128,1.434474,0.22815001,0.21363811,0.27757826,0.8295237,0.7194893,-0.28512323,-1.4196607,0.021711111,-3.3037708,1.1088992,1.0550146,0.482774,-0.8632727,3
-1.9538465,1.0005921,0.9157061,0.058564454,1.2544017,-1.0791454,-0.015535649,0.29912886,-0.3429402,-1.0538977,1.0926747,-2.478493,2.287387,0.68872494,0.9888748,-0.893693,3
-3.3980331,2.3796198,-1.756134,-1.8483337,1.6821059,-3.536557,-1.6402256,-2.1035006,1.1269163,0.9669167,4.0316505,-0.8514366,3.9908931,0.75856906,3.1309865,-2.879284,78
-2.7596617,2.1722322,-0.9314414,-1.5690199,2.9929981,-2.49099,-1.5524063,-0.9711544,0.7357028,-0.3884005,4.9195385,0.34362194,3.8701932,-0.8535966,2.1353517,-0.075407416,104
-2.8334394,1.1663952,0.6671686,-0.48001036,0.087055385,-2.0513806,-0.026000502,-0.44791088,-0.26060838,0.7836539,0.807252,-1.8126764,2.0772176,1.0065979,1.3558601,-0.53910667,117
-0.6648693,0.69145113,-0.5908464,-0.5953274,2.0001998,-1.4010795,-0.98197335,-1.0058483,0.10722467,-0.46435288,2.319241,-0.80783015,1.8324821,0.34448618,1.4117209,-1.8304951,56
-1.0887177,0.5002056,1.1408428,-0.35968792,1.3880308,-0.5177253,-0.18541434,0.28282478,-0.19642027,-0.8246029,0.86221206,-2.5668929,1.9214113,0.39465937,0.5653387,-0.7589673,28
-2.832884,1.7536318,0.69183165,-0.67600584,-0.0033313632,-2.3131633,-0.24884048,-0.6227664,0.4289359,0.7349262,0.9464748,-1.3929651,2.099955,0.79174256,1.8702837,-1.3569361,117
-1.642558,2.3166518,-2.8326638,-1.8168876,3.0498538,-1.9320114,-1.6963426,-0.90209097,0.945565,-0.46163803,4.0355196,0.7375669,2.7598085,-0.3139349,1.4459548,-1.6151803,127
-0.6976705,0.7861362,0.4174165,-1.1691405,2.385446,-1.5226643,-1.3763946,-1.7850127,0.29841894,-0.053536884,3.4028425,-1.386805,2.8530369,0.28303573,2.0850089,-1.2841729,25
-0.9223932,0.80917394,1.3897948,-0.026524842,0.44400817,0.35646507,0.5896727,0.83419305,-0.26366514,-1.2119008,0.012723982,-3.3077354,1.120889,0.7942438,0.3869329,-0.64802897,109
-2.173251,1.0674422,1.1648816,-0.051277936,1.55941,-1.3789684,-0.21938948,0.4176337,-0.15888695,-1.2101806,1.1074121,-2.3802135,2.6328285,0.60145736,1.1136214,-1.1198115,28
-3.5039933,2.4234602,-1.5237259,-1.151412,1.0882645,-4.1487226,-1.1156838,-2.5869136,1.0560954,0.24569437,4.1812,-0.5653961,4.5701013,1.0980178,3.7443476,-3.5602205,78
-2.719335,2.0708504,-0.7832282,-1.8513081,3.098813,-2.5147676,-1.7310363,-1.1418744,0.85807955,-0.042368703,4.865437,0.15596163,3.9979734,-0.8115025,2.1956038,-0.1398783,104
-2.6494215,1.2403817,0.006533794,-0.84607077,-0.029291421,-2.2613866,-0.22955325,-0.9859818,-0.30474663,1.1413116,0.8073219,-1.1377339,1.9268639,0.94209594,1.5915713,-0.7736454,117
-0.61985654,0.5096813,-0.33529282,-0.7392055,1.9803722,-1.2488111,-1.024353,-0.862796,0.20664465,-0.111960225,2.1325662,-1.1992171,1.6476169,0.3813867,1.2032989,-1.7746131,56
-1.0208952,0.56119895,1.1950166,-0.45072848,1.699408,-0.44789937,-0.36807162,0.4237903,-0.14862953,-1.0526191,0.7451773,-2.3816993,1.9541755,0.2357927,0.47544605,-0.6656172,28
-2.729852,1.7469077,0.72934926,-0.8858439,0.15036575,-2.2207654,-0.31060678,-0.49936986,0.7164848,0.74432176,1.0315483,-1.4584785,2.0547612,0.6715129,1.8229374,-1.564523,117
-1.6950268,2.4051068,-3.05896,-2.1154003,3.01655,-1.9092299,-1.7884434,-0.7071848,1.1921331,0.24911976,3.7075758,0.5683925,2.4540799,-0.11829305,1.1114937,-1.6365504,123
-0.75757045,0.7611778,0.50579804,-1.0806937,2.338811,-1.4304498,-1.3226432,-1.7291826,0.23003514,-0.20240416,3.2522535,-1.3412445,2.807242,0.41176662,1.99914,-1.151396,25
-1.189974,0.9724603,1.452656,-0.36512777,0.8475739,0.27759528,0.26991892,0.9984431,-0.097133145,-1.1658216,0.10215111,-3.161542,1.3177032,0.5372328,0.37837926,-0.47191215,109
-1.9214205,0.88991886,1.2101954,-0.1889194,1.5469556,-1.2970766,-0.24287438,0.32748893,-0.1451736,-0.9535586,0.9812058,-2.433119,2.5325644,0.67492074,1.012666,-1.0962572,28
-3.2874398,2.1368556,-0.5461491,-0.39858827,0.2299717,-4.0401397,-0.026690783,-2.5148246,1.0070982,0.1676355,3.8624003,-1.0321546,4.464591,1.6788287,3.5655487,-3.3028283,92
-2.883251,2.1642938,-0.844142,-2.225932,3.2294312,-2.4735777,-1.9716356,-1.1342815,1.1174815,0.26993278,4.871199,0.12006883,3.9704304,-0.82967144,2.1565492,-0.11911836,104
-2.8886106,1.2734809,0.20599796,-0.81319165,-0.12775663,-2.230866,-0.22432907,-1.2546892,-0.077929616,1.0747579,1.0601256,-1.5964363,2.1661832,1.4448749,1.7777015,-1.2288537,78
-0.43322426,0.267981,-0.10874658,-0.7914109,1.8208954,-1.0252435,-0.90629464,-0.72093666,0.2519107,0.22968727,1.9059851,-1.5434191,1.395925,0.43517968,0.9330982,-1.622143,56
-0.97316605,0.62661314,1.1418768,-0.45336294,1.8979145,-0.4639362,-0.48024243,0.3844198,-0.08673112,-1.1249981,0.88594276,-2.2061381,1.9998255,0.14702913,0.47845846,-0.66903526,28
-2.7016556,1.8020833,0.69910973,-0.7596638,0.25775754,-2.3901901,-0.13247642,-0.67780584,0.97559434,0.54267925,1.6527607,-1.3024983,2.2821145,0.8993815,1.9666591,-1.958396,75
-1.707378,2.5937424,-3.0755653,-1.58139,2.8607569,-2.0951152,-1.4147547,-0.5655918,1.1701176,0.28726685,3.8218598,0.7142543,2.3724976,0.05531607,0.9496729,-1.5309875,123
-0.71958977,0.8092054,0.2880308,-0.91653395,2.1733732,-1.3370519,-1.0748825,-1.548847,0.09197679,-0.117067605,3.0486927,-1.3252149,2.5748947,0.52809405,1.736076,-0.9641262,25
-1.1982123,1.057179,1.3982933,-0.51825446,0.967079,0.13119598,0.17526661,0.87738335,0.03148718,-1.1643132,0.24829757,-2.9043841,1.5523324,0.5476499,0.44120333,-0.4567463,109
-1.7374986,0.8879638,1.18547,-0.17738576,1.635763,-1.072763,-0.24592073,0.5158043,-0.26903588,-1.0919651,0.81927073,-2.5001106,2.338755,0.5054838,0.8626599,-1.033752,28
-3.2634797,1.819833,0.1258021,-0.25115353,0.123154804,-3.2236412,0.30199486,-1.7499921,0.9272726,-0.025453273,3.1332138,-1.8957148,4.0646605,1.6432596,2.9892535,-2.6484354,53
-2.830959,2.0087748,-0.4143216,-2.2616248,3.2971315,-2.232307,-1.9789894,-1.037393,1.2834297,0.34753132,4.617268,-0.25489205,3.8584485,-0.63511515,2.0288007,-0.14093225,104
-3.2269971,1.2732162,0.26112527,-1.2497549,-0.0025324672,-2.7450073,-0.53370667,-1.5528461,0.33314627,1.0612109,1.3774555,-1.6744444,2.6850855,1.3401623,2.3316936,-2.1434894,78
-0.22255747,0.081196204,0.07538462,-0.78810763,1.6220787,-0.80761856,-0.7537208,-0.7006655,0.2604615,0.42903957,1.7181773,-1.8305304,1.2048247,0.584642,0.7493974,-1.4977708,56
-0.79861474,0.6707157,1.2119625,-0.38698193,2.0193272,-0.4217593,-0.48929632,0.41296855,0.0242121,-1.332021,0.929602,-2.1401007,1.9671965,0.07239165,0.53078765,-0.834754,28
-2.307232,1.8997834,0.35981202,-0.21671283,0.06497548,-2.1669097,0.336482,-0.781319,0.9853647,0.34357476,2.1532836,-1.0820334,1.9653428,1.0944822,1.8834163,-1.9863021,75
-1.5827113,2.602502,-3.017768,-1.2493162,2.60156,-2.204312,-1.130268,-0.6836138,1.0236145,0.35449284,3.7433078,0.74183923,2.3379333,0.2713348,0.9446306,-1.4345982,123
-0.6426777,0.7929462,0.3474325,-0.8086194,1.9853109,-1.2071203,-0.83304054,-1.2638899,-0.0063379705,-0.06749487,2.6100776,-1.5100691,2.4130006,0.5109246,1.5023328,-0.8059561,25
-1.5649666,1.2236822,1.6367034,-0.4800348,1.15978,-0.048009,0.09073587,1.0023555,0.13622296,-1.4422088,0.4249547,-2.843755,1.820267,0.43571618,0.580978,-0.5064627,109
-1.723284,0.90421045,1.2311467,-0.2500291,1.7956407,-0.91327137,-0.43778318,0.74592525,-0.3732348,-1.2603712,0.5571922,-2.5430782,2.1667562,0.25344023,0.7638154,-0.9493049,28
-3.3462307,1.7073951,0.36900395,-0.86127883,0.73997414,-2.6942406,-0.20317398,-1.3391272,0.84178275,0.19047824,2.7992814,-2.1325853,3.8878558,1.2264404,2.612814,-1.7626133,78
-2.8901742,1.9076662,-0.06689549,-2.351288,3.3437748,-2.1307,-2.007015,-1.0298371,1.4070073,0.44334254,4.4518733,-0.49751213,3.831248,-0.39216882,1.9718512,-0.17501865,25
-3.6117635,1.1688004,0.68826073,-1.8353317,-0.09024501,-2.4957106,-0.583509,-1.3692847,0.71718085,1.4149753,1.1650281,-2.1745942,2.6579344,1.3935958,2.2711327,-1.9770591,78
-0.20239416,0.28466138,-0.034160696,-0.6357836,1.6990215,-0.85665953,-0.73346466,-0.602417,-0.056442663,0.2581962,1.5422868,-1.8717258,1.1674899,0.60992897,0.70030826,-1.5368822,7
-0.614329,0.7042192,1.1704303,-0.54134977,2.0736692,-0.32345083,-0.6300925,0.41118088,0.10950846,-1.321783,0.8784908,-2.2328956,1.6835086,0.062532164,0.58972234,-1.2346268,28
-2.0339782,1.8320012,0.082032844,-0.045106858,0.15727067,-1.9550371,0.26942223,-0.77100563,0.88245887,0.07304909,2.217004,-0.9125911,1.7178123,0.9646799,1.802229,-2.2938282,75
-1.4309623,2.6476626,-2.9888303,-0.93299675,2.3933234,-2.2661548,-0.9112458,-0.7832945,0.8561867,0.23464814,3.562981,0.79566586,2.266936,0.5306045,0.9237165,-1.4845731,123
-0.8086216,0.71440196,0.5108164,-0.9153276,1.8161064,-1.2787977,-0.8319531,-1.207864,-0.050465345,0.06586491,2.3113418,-1.7724173,2.4520504,0.5247251,1.5503658,-0.8807523,25
-1.8080157,1.3089495,1.81063,-0.45139015,1.3040942,-0.096900955,-0.01804808,1.0511429,0.25817087,-1.6793964,0.604399,-2.7889001,2.0103114,0.3195311,0.70399976,-0.452411,109
-1.4971641,0.82754755,1.137529,-0.2711724,1.8195099,-0.7654589,-0.47486484,0.72943336,-0.3581249,-1.1018541,0.48551702,-2.5244033,1.945884,0.30298188,0.60294175,-0.88422334,28
-3.449386,1.7410476,0.31351465,-1.5232408,1.180876,-2.4504402,-0.7674408,-1.3666656,0.7411529,0.584021,2.6416554,-2.0961177,3.8166633,1.0951757,2.4586074,-1.090899,78
-2.8064392,1.8342376,0.17562227,-2.282178,3.4209514,-2.061676,-1.9788871,-0.9369813,1.4013025,0.4356332,4.2364216,-0.75078166,3.832284,-0.29322636,1.8912042,-0.18146671,25
-3.9631188,1.14796,0.8313117,-2.0497928,-0.19098544,-2.9128382,-0.5030084,-1.2410047,1.2649714,1.5963873,1.2035892,-1.931467,2.9203005,1.3085197,2.3790245,-2.0658736,78
-0.08432959,0.28793377,-0.012979552,-0.19337769,1.5424485,-0.881909,-0.4091472,-0.70188254,-0.27230948,-0.08002494,1.6695497,-1.8232448,1.3070724,0.9130487,0.6908638,-1.5255439,56
-0.5196588,0.75443375,1.1266425,-0.6513729,2.0450315,-0.30811894,-0.7001358,0.66824335,0.17589158,-1.4218704,0.6366513,-2.2494195,1.3354609,-0.0833291,0.5261769,-1.8147285,28
-2.3335948,2.0442235,-0.30820358,-0.29745743,0.55117536,-2.0601268,-0.10299496,-0.767375,1.1637062,-0.119357,2.7507925,-0.4915685,1.9541881,0.5876602,1.9871051,-2.5970683,75
-1.1724102,2.5379863,-2.787354,-0.62088346,2.1978645,-2.2417483,-0.7508312,-0.7612668,0.48020053,0.03845167,2.9676704,0.7905069,2.0983126,0.6994456,0.77345747,-1.4525027,69
-0.91351813,0.6746547,0.44727516,-1.2578557,1.8076183,-1.3381246,-1.0059308,-1.1301388,0.014313288,0.32200414,2.167579,-1.8792741,2.3987198,0.30867374,1.5744925,-1.0619406,25
-1.8590744,1.3367598,1.8949641,-0.39153954,1.4001125,-0.07759155,-0.0817224,1.072543,0.28937134,-1.994907,0.6528996,-2.610075,2.1069186,0.24662313,0.7601401,-0.400538,109
-1.4223561,0.76486117,1.1521902,-0.08562569,1.7564921,-0.6815254,-0.39369142,0.62515444,-0.34332043,-1.1575007,0.67087936,-2.4727516,1.9036987,0.3678661,0.6171228,-0.7777734,28
-3.4627388,1.6659851,0.3469625,-2.038059,1.3813494,-2.2700026,-1.146023,-1.4771061,0.8122289,0.9316882,2.517055,-2.012069,3.769615,0.9595211,2.4326813,-0.66785014,78
-3.0751204,2.153391,-0.36068374,-2.4576118,3.2958226,-2.3564782,-2.1321912,-1.108213,1.0102997,0.7142139,4.2138233,-0.23380114,3.8789742,-0.39736512,1.9736536,0.37919647,25
-4.2129498,0.9008289,1.1342437,-2.3897583,0.09501116,-3.4734855,-0.6111683,-1.2653933,2.1381736,1.8740752,1.6936061,-1.8282447,3.452466,1.3125718,2.5112984,-2.6140184,78
-0.029620595,0.40329275,-0.106462985,0.1350564,1.3644536,-1.0718591,-0.19355053,-0.84171695,-0.34892887,-0.46176,1.7013781,-1.6407382,1.4647992,1.1202747,0.82134104,-1.9353526,90
-0.35300726,1.0710983,0.5354918,-0.77096975,1.9284171,-0.595769,-0.6982834,0.53172576,0.18571603,-1.620502,0.76665235,-1.567939,1.2147539,-0.1421754,0.65150374,-2.5052896,28
-1.857309,1.6803951,-0.16182092,0.414926,-0.14971754,-1.5037273,0.3852889,-1.1912178,0.25030142,-1.1211554,2.3575203,-0.3530671,1.8913724,0.8190553,2.1806214,-1.6558194,53
-1.3168886,2.3872464,-2.7012525,-0.92320377,2.351118,-2.1994877,-1.0065353,-0.56580764,0.4057328,0.14111188,2.6036408,0.87669903,2.0874891,0.559378,0.61013895,-1.3308625,69
-0.71652937,0.7520883,0.2468792,-1.4037625,1.8792852,-1.145279,-1.1878766,-0.9664321,-0.25532633,0.32191288,1.860845,-1.8475204,2.0610223,0.024275497,1.4334935,-0.9543607,78
-2.0913959,1.410711,1.8658949,-0.35868502,1.3234057,-0.23934755,-0.1232008,0.93670344,0.22546554,-2.0336635,0.80911005,-2.4339073,2.2734506,0.19577166,0.9443123,-0.2601887,109
-1.4239672,0.9167593,1.0999465,0.37702477,1.6258132,-0.77017975,-0.18461227,0.4525582,-0.42691904,-1.6117191,1.0185795,-2.235531,2.0310621,0.47462985,0.83999366,-0.7859367,28
-3.7214096,1.5351498,0.80023086,-2.2602515,1.5594383,-2.3331242,-1.3806361,-1.4462911,1.1674628,0.96898234,2.542472,-1.9440999,3.8934534,0.85009253,2.5309675,-0.705462,25
-3.125243,2.1299307,-0.43875784,-2.542529,3.2765288,-2.409685,-2.3378944,-1.4045062,0.7458072,0.70842665,4.193488,-0.34689477,3.9311056,-0.24027416,2.172347,0.26324028,25
-3.7085533,0.57635677,1.1136706,-2.3530247,0.24216776,-3.2748554,-0.3765211,-1.4214731,2.3907063,2.067671,2.082273,-1.9400895,3.5375369,1.5513988,2.278614,-2.6066082,78
-0.30503827,0.6879441,-0.1371103,0.1144824,1.640868,-1.2882873,-0.3034829,-0.67095196,-0.2237391,-0.77906954,1.9223111,-1.3833668,1.8143935,0.8683331,0.9550549,-2.1146195,121
-0.8568281,1.4315917,0.031152464,-1.1282483,2.125126,-1.0183537,-1.1371901,0.3390257,0.38747036,-1.9643127,1.2819355,-0.8919954,1.5860596,-0.41455635,1.0759792,-3.1044347,62
-1.9681795,2.0357432,-0.55137074,0.6167695,0.096863024,-1.5399874,0.35143107,-1.3655611,0.16407722,-1.6940359,2.7916536,-0.0836378,2.1754334,0.95247346,2.4294257,-1.60922,53
-1.8309169,2.5499108,-2.7920468,-1.2150266,2.5588112,-2.3902755,-1.3743662,-0.5441449,0.4894635,0.13954887,2.7046175,1.0255704,2.3003106,0.42164192,0.7975266,-1.6403701,69
-0.92403966,0.730426,0.62011147,-1.8320515,2.2192912,-1.1580603,-1.6420212,-0.850749,-0.16773151,0.35373753,1.791991,-2.037615,2.195497,-0.2180655,1.5347351,-0.87814045,25
-2.2292962,1.5475717,1.5996073,-0.29079613,1.1665814,-0.46361375,-0.12066186,0.6428993,0.022514366,-1.8328868,0.96064997,-2.2455359,2.4109442,0.28189826,1.1021079,-0.027966857,3
-1.1800439,1.1282555,0.99588865,0.7676157,1.6452202,-0.79881394,0.05183944,0.39951807,-0.32377142,-2.1217196,1.293923,-1.9590609,2.0487359,0.58083224,0.9827728,-1.0021436,3
-4.0067134,1.3258889,1.2949656,-2.5878134,1.8468022,-2.595948,-1.7240863,-1.6316216,1.5363305,1.0218855,2.7035012,-1.7485158,4.1950026,0.8675254,2.717008,-1.0224463,25
-3.1706302,2.1297634,-0.06725094,-2.1400871,3.2071686,-2.6892884,-2.2223747,-1.8133291,0.7160588,0.2802748,4.6423154,-0.49482173,4.393629,-0.1315648,2.7667134,-0.13051744,25
-2.8303747,0.5011835,0.6705762,-1.6247694,0.37726474,-2.9134905,0.15219653,-1.4071254,2.1907053,1.6771886,2.6723187,-1.6343076,3.4995453,1.5546083,1.9091989,-2.2933087,33
-0.5109053,0.8848914,-0.26459038,0.13917375,1.5081826,-1.5584859,-0.27558613,-0.9132917,-0.16458018,-0.8474084,2.2009537,-1.3641057,2.1025608,0.9315286,1.3421541,-2.3587632,56
-1.224263,1.1208391,0.6319694,-1.5107769,1.9682691,-1.1732063,-1.4030012,-0.0029358696,0.5361796,-2.3890758,1.5695766,-0.8782223,2.1719646,-0.742992,1.7590498,-3.1951537,28
-2.1234906,2.2470682,-0.7019115,0.8002801,0.17976989,-1.6525824,0.3233084,-1.3624355,0.08133148,-1.6711584,3.0188878,-0.21244189,2.176498,0.88796633,2.523606,-1.615186,53
-2.44799,2.8687203,-3.0760033,-1.8354617,2.3984356,-2.58602,-1.6575736,-0.5001827,0.76747173,0.6094586,2.7595417,0.9418754,2.3495493,0.2942832,0.9477371,-1.9320872,69
-1.2449355,0.7928679,0.8984247,-2.1029258,2.457183,-1.4149418,-1.9026629,-0.8570085,0.20090754,0.3875978,2.2424362,-2.1710656,2.611806,-0.43772143,1.8540071,-1.0422077,25
-1.9700127,1.5316544,1.2204453,-0.0034936368,0.89862347,-0.5768559,0.13596393,0.5375124,-0.2628401,-1.4999813,0.80700153,-2.1166825,2.2614872,0.49592915,0.94341314,0.16652715,3
-1.1099297,1.2358181,1.0283315,0.820171,1.5934219,-0.61866945,0.07717484,0.34382924,-0.5980941,-2.2697394,1.4239669,-1.9100044,1.9793401,0.47164586,1.063137,-0.53957355,3
-3.9522111,1.2360728,1.3548416,-2.227501,1.6841676,-2.6631572,-1.5814474,-1.7650336,1.5568004,0.87475073,2.7391233,-1.5745344,4.239767,0.94966716,2.7980895,-1.0605743,25
-3.1483068,1.9738355,0.21231325,-2.3938916,3.4533648,-2.7946415,-2.536714,-2.1105947,0.89756423,0.40681034,5.0177855,-0.709349,4.6154885,-0.2804831,3.1223936,-0.41552585,25
-2.109953,0.24093144,0.6733694,-0.91975605,0.55096745,-2.8134825,0.40273082,-1.5345953,1.3977923,0.76737744,2.7547371,-1.5391624,3.7245626,1.4509864,2.0370345,-2.253972,33
-0.48507547,0.8469073,-0.37691998,-0.25509238,1.8025403,-1.4253285,-0.6057823,-0.7917189,-0.32847613,-0.6689743,2.0753515,-1.3522983,1.981864,0.69063026,1.189972,-2.0927973,56
-1.6097398,1.458319,0.18983255,-1.9006958,2.1883812,-1.6485536,-1.6550304,-0.23657688,0.9548596,-2.2216337,2.1436076,-0.38954556,2.4820907,-0.79628927,2.0503938,-3.7424178,62
-2.2006254,2.4015844,-0.99268293,0.71949923,0.33840203,-1.6512651,0.043537296,-1.1441231,-0.22513492,-1.5579149,2.6948931,-0.16000532,1.9047685,0.5740553,2.3627021,-1.5594785,53
-2.5241473,2.663068,-2.6820354,-1.6995798,2.0529637,-2.7583873,-1.4291602,-0.538453,0.83909297,0.556383,2.5218756,0.6556618,2.5150273,0.4594474,1.128843,-2.203434,69
-1.5783458,0.91597456,1.0936847,-2.3320217,2.6689172,-1.7907726,-2.1310391,-0.9613885,0.5991946,0.55296236,2.7114663,-2.2420626,3.0077243,-0.5538366,2.2023683,-1.2894642,25
-1.7008234,1.3985105,1.0571976,0.12098059,0.84339297,-0.5478597,0.3300779,0.652236,-0.3446377,-1.1439227,0.61216956,-2.1630385,1.9957662,0.6645409,0.6359016,0.21775031,3
-1.0857,1.189953,1.2890836,0.62613076,1.6296597,-0.49730927,-0.08650477,0.2621258,-0.64498013,-2.2663884,1.3929938,-2.0591636,2.0393863,0.45566502,1.1474224,-0.32863832,3
-3.650271,1.1855918,1.1018769,-2.2932873,1.4449419,-2.7308288,-1.6137881,-1.9493865,1.5349988,1.1404238,2.570798,-1.464459,3.9881468,0.9650653,2.8220115,-1.4286008,78
-2.7194169,1.7023911,0.2370585,-2.335442,3.2696753,-2.6761947,-2.4446926,-2.176094,0.7603394,0.6031685,4.853114,-0.84225386,4.2807283,-0.27683467,3.0484545,-0.56538236,25
-1.5944952,0.25824887,0.24726786,-0.38851637,0.3078991,-2.6765103,0.8234501,-1.4577045,1.2512299,0.63169086,2.6524646,-1.46628,3.494622,1.5953953,1.7931592,-2.3335092,53
-0.69130903,0.808053,0.1215322,-0.35425046,2.1357923,-1.3623672,-0.74575984,-0.28482965,-0.43804604,-0.88030946,1.7829208,-1.5465248,1.9881034,0.27711233,1.0286248,-1.8541646,28
-1.7559769,1.4246316,0.09008479,-2.1971147,2.146245,-1.8046119,-1.7675852,-0.43443343,1.2745351,-2.000447,2.4107926,-0.2637681,2.641877,-0.92299664,2.2423532,-3.9919882,62
-2.3235693,2.4927092,-1.2437583,0.03864315,0.70206815,-1.7545997,-0.59128964,-1.0294133,-0.23737587,-1.6525913,2.224968,0.07398194,1.9672768,0.1822856,2.3717115,-1.957541,53
-2.8053155,2.522425,-2.2941604,-1.5817425,2.0715568,-3.0731502,-1.4953836,-0.5729741,0.81563413,0.59762466,2.6110532,0.62070024,2.6959403,0.24025393,1.4079856,-2.3464062,69
-1.8778126,1.075094,1.2681545,-2.516653,2.8504472,-2.027236,-2.3889725,-1.0934908,0.9252692,0.7236462,3.0590925,-2.3777235,3.2533305,-0.566063,2.470509,-1.5310495,25
-1.6390241,1.3929911,0.99782544,0.29633492,0.5731158,-0.12281905,0.40258497,0.83839786,-0.7582451,-1.2986468,0.3268733,-2.621876,1.5787771,0.66782874,0.5073497,0.41207975,3
-0.93602735,1.0837893,1.2778925,0.44718218,1.6237652,-0.1743971,-0.19221625,0.4333541,-0.61594373,-2.0413399,1.2754985,-2.1933913,1.7191074,0.26922816,0.9184378,-0.084870815,3
-3.1844208,1.1687632,0.7513003,-2.2950304,1.1945254,-2.6839542,-1.5542598,-1.9391689,1.3408471,1.4747344,2.307455,-1.4487107,3.47977,0.98575765,2.6263025,-1.7522559,78
-2.5534847,1.7208648,0.110562086,-2.3708744,3.2320666,-2.2808988,-2.363395,-1.6508479,0.6411958,0.5049685,4.499922,-0.7683586,3.7207277,-0.52581406,2.6130574,-0.33017415,25
-1.4438415,0.22384964,0.08960198,-0.37207848,0.35545796,-2.5720222,0.7949555,-1.3454771,0.92196923,0.472707,2.3895917,-1.5755575,3.5121691,1.5666413,1.6564648,-2.0934463,53
-0.6330863,0.687511,0.1817771,-0.70784855,2.3730612,-1.3466194,-1.0872645,-0.26747814,-0.4577458,-0.83759505,1.548323,-1.4592304,2.0153463,-0.015509099,1.0094476,-1.754329,28
-1.8358943,1.3188834,0.103961915,-2.0109582,2.1505685,-1.6180935,-1.6994605,-0.366984,1.2427602,-2.258657,2.6586602,-0.42130974,2.7349982,-1.2766782,2.3329723,-3.8635159,62
-2.7611754,2.7474382,-1.7496669,-0.4421467,1.3630873,-2.1485124,-1.2630278,-1.0598644,0.08032735,-1.8293797,2.8192244,0.5070443,2.327117,-0.19637862,2.656135,-2.694798,53
-2.7360609,2.4157052,-1.8565413,-0.9705772,2.1267452,-3.182125,-1.2482977,-0.36578268,0.8683848,0.21894965,2.698105,0.68387645,2.6915014,0.16793999,1.3777384,-2.4092085,69
-2.1857111,1.1888368,1.504533,-2.6684687,2.9561868,-2.1101735,-2.602715,-1.1009021,1.0407305,0.7942494,3.1083264,-2.6228049,3.3722417,-0.53249973,2.6031976,-1.6207829,25
-1.4445368,1.3297908,0.54660463,0.4245249,0.15439132,0.16504362,0.655928,1.1303543,-1.0116982,-0.9407833,-0.21772005,-2.9056184,0.988474,0.8544737,0.030133545,0.55659145,117
-0.8180208,1.0580993,1.145895,0.058362752,1.7264484,0.08427803,-0.34089845,0.6060893,-0.43408513,-1.6806511,1.2825361,-2.1490319,1.4262362,-0.031959083,0.7013413,0.09412736,3
-2.7978776,1.1504506,0.62880456,-1.8464444,1.0948032,-2.532204,-1.2612876,-1.7747878,1.0195196,1.229298,2.3298595,-1.499855,3.1768131,1.1159542,2.397653,-1.7223799,78
-2.9906602,1.8704667,0.0070490465,-2.4311514,3.1612773,-2.31492,-2.4224741,-1.4880831,0.8282768,0.54791474,4.646564,-0.83425516,3.5596848,-0.39256,2.5399873,-0.6111102,25
-1.487062,0.338811,-0.07233554,-0.17177099,0.7557608,-2.4237635,0.5922461,-1.2271571,0.4822324,-0.16235211,2.5892792,-1.6819949,3.6164029,1.4538739,1.6792043,-2.146175,53
-0.681775,0.6017175,0.1996098,-1.1262083,2.5209942,-1.2572122,-1.3943616,-0.18179962,-0.37952197,-0.7608823,1.4074863,-1.4571214,2.0044386,-0.40964657,1.0589131,-1.6927114,28
-2.3605046,1.6137784,0.04440126,-2.050508,2.1191547,-2.0465567,-1.8053558,-0.47252634,1.032824,-2.3312526,2.6322792,-0.41082004,2.8996503,-1.1919779,2.6360352,-4.0453615,62
-2.7907047,2.7319138,-2.0585454,-0.4490107,1.813526,-2.4301953,-1.532258,-1.3162556,0.1861031,-2.1951118,3.420059,0.8235996,2.886271,-0.16726133,2.9097648,-3.0819747,62
-2.4458745,2.2686906,-1.7048565,-0.5616418,1.9052545,-3.1462166,-0.81334823,-0.49596325,1.1897453,0.14186326,2.9082537,0.5583499,2.6581993,0.4840463,1.3929241,-2.7025938,69
-2.227036,1.2169979,1.5324066,-2.5123053,2.886251,-2.1196966,-2.4528787,-1.0217292,0.9520504,0.6902119,2.9908638,-2.6300528,3.3688993,-0.39819777,2.4966378,-1.6075377,25
-1.8248205,1.3391938,0.5402313,0.6011265,-0.09673023,0.08891678,0.67379797,1.1307404,-1.1337999,-1.1420094,-0.17014529,-3.0972986,1.069901,0.8064723,0.24884461,0.41577137,117
-0.9221945,1.0966237,1.1902754,-0.2704829,1.8234906,0.14730158,-0.44357312,0.7271559,-0.23099913,-1.4170719,1.3064357,-2.253507,1.3665481,-0.13942435,0.6381156,0.10765135,23
-2.4026341,1.1196961,0.55096054,-1.6173177,1.490853,-2.498092,-1.3157557,-2.0068076,0.8371559,0.607213,2.885987,-1.2471831,3.3776324,1.2015575,2.528096,-1.7361791,78
-3.0005624,1.829591,-0.20346951,-2.2664013,2.5600567,-2.1063814,-2.0937665,-1.3186713,0.64712274,0.99819195,4.090896,-1.2839966,2.9615598,-0.058634765,2.1963236,-0.65922356,25
-1.6582701,0.65962374,-0.28604913,-0.28611153,1.3387148,-2.2808385,0.16796236,-1.1424637,0.46670932,-0.8953517,2.9764106,-1.390033,3.685586,1.115623,1.81159,-2.2972064,75
-0.8406318,0.62951547,0.1857801,-1.4409049,2.662341,-1.2236899,-1.5456495,-0.069098696,-0.14672936,-0.75853,1.4422383,-1.3813603,2.035599,-0.65135694,1.0987053,-1.7239623,28
-2.4800115,2.0602124,-0.26274356,-2.4127278,2.372673,-2.5200496,-2.2747018,-0.58074987,1.0712358,-2.082727,2.3212333,-0.04156001,2.8514898,-1.2530781,2.824075,-4.3917246,62
-2.883637,3.0430555,-2.1854208,-0.47613063,2.2033806,-2.957283,-1.6508663,-1.3397045,0.4153003,-2.388384,3.5593653,1.1942813,3.3715942,0.19689277,2.9537523,-3.5314703,62
-2.128878,2.1480203,-1.8124284,-0.4188182,1.7087362,-3.0013263,-0.6108437,-0.77803034,1.3061557,0.17085984,3.1446614,0.34576482,2.6504223,0.6885169,1.518665,-2.8058922,69
-2.131508,1.1144509,1.5191011,-2.2885284,2.6695523,-1.9293538,-2.0490751,-0.97126037,0.9490344,0.70535773,2.9492981,-2.6430798,3.318688,-0.12024748,2.2243736,-1.4003694,25
-2.2077744,1.5547798,0.41594255,0.84783983,-0.1746808,-0.36440882,0.79006046,0.94173044,-1.0376735,-1.051677,0.22818932,-2.887657,1.3678746,0.9484516,0.5084608,0.28654087,3
-1.0831143,1.1833122,1.140297,-0.34976003,1.8420373,0.15678555,-0.4349832,0.888001,-0.17801423,-1.3327479,1.2983407,-2.3399835,1.3992035,-0.25533396,0.6045163,0.20680517,23
-1.973024,0.96469176,0.37373555,-1.7752349,1.7818617,-2.2896423,-1.6384275,-2.120997,0.540372,0.7619542,2.8988402,-1.3143542,3.0394044,1.0990833,2.412801,-1.8122404,78
-2.9308565,1.8051963,-0.23838593,-1.9173433,2.1755717,-2.0891922,-1.6991545,-1.1165333,0.44026268,1.056669,3.706649,-1.2572267,2.762335,0.11825017,1.9133112,-0.41686773,25
-1.8450044,0.8524003,-0.550788,-0.7437519,1.7226316,-2.39701,-0.30096346,-1.2301288,0.7032595,-0.94463855,3.1496844,-1.0820129,3.8218505,0.8356572,2.0164192,-2.5580962,53
-1.0836066,0.6302111,0.30821878,-1.6818737,2.745041,-1.5388035,-1.7949984,-0.27327487,0.07448724,-0.48576227,1.647455,-1.4304776,2.2275257,-0.655328,1.3536272,-1.9692304,28
-2.6218863,2.0744734,0.17853545,-2.6950643,2.8780985,-2.9214723,-2.7935731,-0.5537518,1.1849564,-2.1657794,2.2114902,-0.27457893,3.2479172,-1.4073352,3.1352487,-4.8556643,28
-3.1289344,3.4546056,-2.5134447,-0.8447552,2.5220647,-3.1292453,-1.8338423,-1.090878,0.806811,-2.2597475,3.5849056,1.306555,3.4034388,0.18016642,2.8796117,-3.9871287,85
-2.2738853,1.9285896,-1.4468089,-0.14912765,1.0717468,-3.4432247,-0.555478,-1.6839411,0.65493655,0.36424014,3.3808885,0.39650357,3.0427055,0.9305453,2.2484176,-2.1330242,92
-2.4307969,1.3661542,1.2337956,-2.826061,2.9463687,-1.8048006,-2.1558418,-0.8494044,1.3730725,0.9628997,3.425702,-2.2528722,3.4115822,-0.3128412,2.0082738,-1.0045458,25
-2.5450523,1.7550442,0.37711602,0.9771081,-0.26845405,-0.80009323,0.8544531,0.63492244,-0.9906954,-0.9303843,0.49582118,-2.7274334,1.6678183,1.206863,0.80719113,0.16921526,117
-1.1942325,1.2028439,1.1960644,-0.48563522,1.8619125,0.13490786,-0.50960016,0.9630941,-0.10388124,-1.1710628,1.2496169,-2.4656246,1.4225912,-0.3777465,0.6082515,0.27973294,23
-1.8257515,1.0782582,0.17483817,-1.6120945,2.015728,-2.1776178,-1.7978415,-1.929181,0.4989668,0.5574573,3.1410239,-1.181556,2.7512,0.7384151,2.3672628,-2.013762,78
-3.173286,2.1263387,-0.4430638,-2.1889558,2.400041,-2.2404568,-1.9208106,-0.96164924,0.4521194,1.0721002,3.7920027,-0.74271506,2.7518938,-0.014138486,1.76917,-0.27473184,25
-1.9945114,1.1419458,-0.8070825,-0.8470109,2.2269707,-2.287162,-0.5490157,-1.0088527,0.89585054,-1.4507741,3.4689033,-0.7088685,3.851901,0.5813713,1.9857774,-2.657409,62
-1.2437319,0.68990564,0.33273304,-1.7157139,2.7868462,-1.7000209,-1.9553252,-0.35777423,0.1833881,-0.3700032,1.8348517,-1.4336281,2.2851245,-0.72675407,1.4897375,-2.07235,28
-2.1588397,2.2485023,0.07583682,-2.688495,3.407166,-3.1209009,-3.027643,-0.8237495,1.2153752,-2.5831907,2.308883,-0.055977587,3.6963794,-1.302964,3.3527958,-5.221847,90
-3.4655337,3.4556894,-2.4671264,-1.4785975,2.6624722,-3.4282527,-2.1848652,-1.0584707,1.1302975,-1.5059879,3.477441,1.0547972,3.422688,0.0784261,2.9325502,-4.368999,85
-2.2427495,2.1076095,-1.4263159,0.010512084,1.3596698,-3.9899442,-0.5718155,-2.3005545,0.6698685,-0.17737226,4.2485743,0.77441853,3.7811036,1.0466734,2.8615162,-2.5910592,92
-2.5552917,1.7288718,0.7428561,-3.1475263,3.1278758,-2.0306344,-2.2384691,-0.91213655,1.5267155,0.9242698,3.7070396,-1.513602,3.6701872,-0.5239445,2.016866,-0.82824755,25
-2.7765796,1.7552013,0.45904797,0.82655525,-0.3563674,-1.2205771,0.7972819,0.262993,-0.81413895,-0.74500495,0.59212875,-2.689551,2.0183756,1.3690147,1.1694264,-0.15193936,117
-1.2674853,1.223574,1.2706873,-0.5027946,1.8027256,0.028260797,-0.47004348,0.90304023,0.030591302,-1.0147679,1.3450073,-2.5547364,1.5271375,-0.32978475,0.682785,0.26364636,23
-1.910193,1.5393972,-0.36889243,-0.41453022,1.4401661,-2.3150086,-0.97877127,-1.9922054,0.4466952,-0.2163043,3.9220355,-0.516405,2.774055,0.8206466,2.6103196,-2.00505,78
-2.7306159,1.7127972,-0.18585405,-1.8266705,1.989962,-2.092943,-1.4804806,-1.1674258,0.18639016,0.9911845,3.251667,-0.81715846,2.8081245,0.39998406,1.6351752,-0.09769064,25
-1.3528244,0.8702144,-0.72640365,-0.64557666,2.0406432,-1.9786936,-0.3360746,-0.9430559,0.8756494,-1.2308764,3.057004,-1.0214703,3.2718801,0.8773494,1.6508757,-2.8599017,62
-1.336141,0.72220206,0.30510134,-1.802449,2.7495651,-1.7871119,-2.0234723,-0.46197417,0.31791168,-0.022625439,1.976205,-1.4794824,2.2379377,-0.6832155,1.5169306,-2.0593314,28
-2.0601168,2.3502388,-0.24441633,-2.2033904,3.4769382,-3.0242298,-2.7175863,-0.9038919,1.1824484,-3.0783715,2.6664507,0.3573713,4.071176,-1.0679321,3.2879932,-4.8803487,62
-3.395638,3.0372674,-2.020924,-1.675097,2.5975885,-3.5574086,-2.2340736,-0.96399754,1.1992092,-0.7737371,3.154762,0.6331819,3.241705,0.038223438,2.735252,-4.4702744,69
-2.4336336,2.0488524,-1.7240318,-0.13979477,1.0787877,-3.8412678,-0.6305861,-2.5668297,0.55705166,-0.085937664,4.32213,0.6991628,3.698337,1.2265543,2.951741,-2.543795,92
-2.3300576,1.5117519,0.7576339,-2.6146734,2.8824472,-1.5959427,-1.7446505,-0.60918975,1.1818174,0.39891165,3.364201,-1.6048386,3.429508,-0.28880084,1.6314325,-0.55345285,25
-3.0274925,1.9325569,0.5297201,0.731477,-0.24649653,-1.5704784,0.79624027,0.30423328,-0.43944585,-0.83304614,0.74738556,-2.5182245,2.3306692,1.2752556,1.3493792,-0.5355542,75
-1.2744135,1.1779072,1.2658672,-0.38347036,1.6666956,-0.11032105,-0.33290142,0.7657415,0.13482095,-1.1511627,1.4979763,-2.5155468,1.7199957,-0.24740556,0.80848056,-0.0020046234,23
-1.8238139,1.8013921,-0.9043663,-0.2534419,1.313665,-2.0759223,-0.74991125,-1.9121933,0.45365268,-0.52650166,3.9352672,-0.4101358,2.635779,0.9497116,2.5083752,-2.0161977,53
-2.8212388,1.7139621,-0.21792494,-1.7012695,1.8162357,-2.3397045,-1.3892572,-1.3727648,0.28555503,1.0459099,3.3279645,-0.5007144,3.1103477,0.35876957,1.8371379,0.086128026,45
-0.4191563,0.71358514,-0.9832422,-0.5454465,1.5683455,-1.4096607,0.041352727,-1.0453576,0.7117434,-0.72493434,2.647514,-1.1825707,2.3869016,1.21144,1.2562504,-2.7774632,121
-1.3738093,0.6585796,0.33794063,-1.819822,2.619093,-1.7458212,-1.9610085,-0.5272166,0.3548053,0.32571045,1.9830776,-1.6151757,2.1460066,-0.5337825,1.4204931,-1.8961656,28
-2.26258,2.414872,-0.5517014,-1.6652771,2.896708,-2.864121,-2.0186815,-0.9647168,1.0679768,-2.951586,3.0778162,0.49397522,3.995486,-0.9245037,3.2313294,-4.3679852,62
-3.173625,2.6033435,-1.4341329,-1.0613154,2.0840378,-3.524215,-1.7084645,-0.9350683,0.8459734,-0.7834062,2.9726763,0.32975706,3.1342134,0.070862435,2.645483,-4.127929,47
-2.3974783,1.7778487,-1.2580054,-0.81471413,1.1928586,-3.4322853,-0.9129609,-2.3748133,0.6402489,0.24910304,3.8154101,0.32659817,3.325575,1.1943085,2.6795607,-2.4488158,78
-2.198156,1.4441364,0.4700052,-2.136506,2.3367143,-1.3044804,-1.2170948,-0.446435,0.87885326,0.27685654,2.9589016,-1.6240911,3.0603318,0.11681313,1.2658039,-0.3102734,25
-3.2314951,1.9611859,0.6952402,0.6739886,0.046363056,-2.0421414,0.70959353,0.3083307,-0.1495649,-0.9864583,1.0460308,-2.1507246,2.7174227,1.1171142,1.5188625,-0.894151,75
-1.1822811,0.99477965,1.4028616,-0.374007,1.5945653,-0.16545247,-0.21537411,0.6146122,0.28933126,-1.258322,1.6046778,-2.4825726,1.9167078,-0.15131459,0.8711937,-0.21535747,23
-2.0351205,2.2922256,-1.0859637,-0.041126996,1.48607,-2.1061342,-0.66870004,-1.6851839,0.52288663,-1.0980698,4.153834,-0.34804106,2.8220446,0.9192358,2.597913,-1.9231803,53
-3.2619228,1.8876672,-0.06126761,-2.1464972,1.7926136,-2.6916955,-1.6408226,-1.6915592,0.7804792,1.18203,3.544059,-0.4553688,3.5531013,0.3936392,2.316765,-0.3733346,45
-0.0013862923,1.0041507,-1.6223695,-0.62134635,1.6954063,-1.0712107,-0.08937637,-1.0251716,0.5807015,-0.7780072,2.7275908,-0.7962203,1.8750546,1.0079638,1.0990968,-2.7451918,69
-1.211578,0.5673449,0.33110487,-1.6070262,2.3376803,-1.5242232,-1.5947134,-0.4908138,0.30020928,0.49744818,1.8766776,-1.7498429,2.0070012,-0.27889568,1.1432422,-1.6023247,25
-2.6358833,2.685859,-1.0256366,-2.1362796,3.0705662,-3.3042307,-2.415813,-0.8241487,1.4480927,-2.3246238,3.0240564,0.66272664,3.7901921,-0.7715232,3.0901701,-5.045655,62
-2.9134812,2.3463686,-1.3523452,-0.8073795,1.823328,-3.1156826,-1.4846538,-0.78864497,0.65182984,-0.926508,2.8873668,0.08510248,2.738397,-0.058897786,2.4177616,-3.9436023,62
-2.3946536,2.0304482,-1.7575399,-0.81701046,1.3345962,-3.200611,-0.8854537,-1.9918977,0.68023485,0.346307,3.8220296,0.49255973,2.8511152,1.0312428,2.2670882,-2.393313,95
-2.1347742,1.412571,0.11069174,-1.8850627,2.110067,-1.0255932,-1.0179354,-0.30720395,0.66494733,0.16725788,2.789054,-1.5344005,2.6941772,0.22254357,0.9805323,-0.15794833,25
-3.5391684,2.0131123,0.6794951,0.5492088,0.22827071,-2.8571687,0.49168336,-0.12223039,-0.19973548,-0.99918526,1.3061055,-1.6911843,3.3018208,1.1020343,2.0365162,-1.205231,53
-1.0084206,0.7555597,1.4645123,-1.0276958,1.7512254,-0.11408806,-0.40127385,0.3428699,0.7359258,-0.6372945,1.863665,-2.499649,2.0700905,-0.15825388,0.81503046,-0.16779657,23
-2.1178994,2.3302195,-1.0342623,-0.116511494,1.5673167,-2.1690202,-0.6559707,-1.4819854,0.6520633,-1.1060822,4.071072,-0.45978978,2.9322934,0.7633965,2.5855584,-1.9078567,53
-3.5077345,2.0883904,-0.052209605,-2.6260953,1.9075857,-3.0476058,-1.9609519,-2.0254254,1.2537447,1.48557,3.7910795,-0.27039015,3.8822107,0.40301514,2.6857033,-0.7073271,78
-0.5960244,1.7652948,-2.4617686,-1.2155213,2.5429344,-1.1119639,-0.9064579,-0.65959597,0.86418194,-1.1996869,3.1130638,-0.17537525,1.990639,0.3733635,1.1780212,-3.1029248,85
-0.9486248,0.32468686,0.4423347,-1.3627948,1.8025482,-1.2329538,-0.9885011,-0.52495724,0.33041334,0.8674669,1.7905247,-2.0934806,1.8577497,0.22577253,0.83986145,-1.2841098,25
-2.9466739,2.6208844,-0.73357093,-2.348174,3.0581923,-3.545873,-2.6840448,-0.62526226,1.4230154,-2.1962585,2.6322222,0.5608946,3.6881454,-0.9272885,3.0776312,-5.2439504,62
-2.6259575,1.9885504,-0.8992443,0.05520767,1.339501,-2.5827832,-0.85484344,-0.57415515,0.10199393,-1.726854,2.7231178,-0.25597176,2.4579215,-0.11457325,2.3049226,-3.3554068,62
-2.6566055,1.9875879,-1.3658221,-1.3573058,1.7493228,-3.2572114,-1.4255869,-1.8394417,0.7563878,0.688111,3.7619522,0.16984737,2.9411223,0.69939995,2.303696,-2.3017826,78
-1.9072033,1.3477266,0.0064065903,-1.617784,2.0997334,-0.7976147,-0.8291776,-0.14137265,0.5660811,-0.033665624,2.666294,-1.4082544,2.4298434,0.2109605,0.7560129,-0.07205632,23
-3.5599663,1.629916,0.9383407,0.0026311874,0.527898,-3.1880946,0.13971661,-0.3757181,-0.06880379,-0.6001166,1.23963,-1.4697857,3.5430462,0.9541952,2.165538,-1.1583903,53
-1.4335107,1.1206858,0.84886396,-2.0334258,2.564093,-0.4501176,-1.0986887,0.3475305,1.4800273,-0.515394,2.9239614,-1.5353551,2.54785,-1.0439184,0.936996,-0.2872114,23
-2.14694,2.441163,-1.294268,-0.42506114,1.6532671,-2.1271334,-0.76053673,-1.4022615,0.91422015,-0.820482,4.0790877,-0.61372936,2.951007,0.69522786,2.53003,-1.9942112,53
-3.5683265,2.130792,0.08896805,-2.4092712,1.719231,-3.0924315,-1.6945821,-1.9473667,1.3935984,1.4095336,3.6127498,-0.4231307,3.9707582,0.5888462,2.7088912,-0.8094305,45
-0.9894491,2.2004054,-3.0748808,-2.1627355,3.165986,-1.2263159,-1.7252765,-0.52831715,1.321361,-1.2201718,3.0751355,0.23909307,2.064124,-0.014784779,1.2566433,-3.6635273,85
-0.83946735,0.24569306,0.6952583,-1.0945789,1.6413802,-1.1919724,-0.75537974,-0.4987274,0.11479723,0.52917886,1.6150512,-2.2695792,1.8728883,0.42579067,0.8668489,-1.4386287,25
-3.1875138,2.6230803,-0.62671727,-2.3673182,2.801309,-3.6779857,-2.6441913,-0.6446081,1.4509023,-2.6070185,2.6226225,0.708056,3.7868698,-1.1404436,3.306974,-5.568643,62
-2.0968463,1.7605176,-1.296801,-0.50968534,1.425001,-1.9075171,-1.0371623,-0.5585582,0.010248698,-1.5359509,2.27419,-0.3194498,2.1328073,-0.3420777,1.9999441,-2.8961112,62
-2.6803193,1.8178473,-0.9287178,-1.213769,1.6301655,-3.2882097,-1.2818582,-1.7296189,0.83017075,0.7666043,3.5007708,-0.25133687,2.970023,0.81743664,2.294018,-2.4474583,78
-1.731617,1.2634588,0.022305168,-1.6327466,2.122994,-0.7370099,-0.8126989,-0.112612985,0.6332694,0.09068916,2.4795837,-1.2872701,2.3626494,0.15916598,0.6553051,0.15398985,23
-3.932379,1.458734,1.2898806,-0.36306617,1.1297837,-3.6979074,-0.38674474,-0.5428192,0.25732332,-0.79379207,1.6919222,-1.2624786,4.25117,0.6299441,2.6281059,-1.4741197,53
-1.8639526,1.4278963,0.35953224,-2.266738,2.8666162,-0.9575054,-1.3197676,0.31215093,1.8610952,-0.843745,3.6570578,-0.6093996,3.0322664,-1.5124158,1.1668233,-0.55466604,23
-2.0627284,2.4074457,-1.2038435,-0.50803834,1.5964121,-1.9308659,-0.68276095,-1.2572823,1.0386374,-0.6452398,3.9265318,-0.9819948,2.9105058,0.74251604,2.4113884,-1.7432463,127
-3.7085536,2.217687,0.19785525,-2.2062182,1.7164361,-3.1727812,-1.5414717,-1.8627604,1.5944219,1.2454462,3.7359295,-0.5680909,4.12562,0.6187031,2.8237362,-0.9840163,45
-0.93616414,2.0760415,-2.8759162,-1.9685694,3.1195254,-0.8929363,-1.6572132,-0.30249986,1.2528591,-1.6538312,2.9385421,0.08147329,1.9288306,-0.23351097,1.185534,-3.4626722,85
-0.65940565,0.36330193,0.6172204,-0.606395,1.250339,-1.1332743,-0.3015201,-0.38493443,-0.13959561,0.1225071,1.2507375,-2.2861764,1.7632775,0.7112551,0.75808096,-1.5968022,28
-2.985375,2.4438918,-0.7301686,-2.4907858,2.472406,-3.6609254,-2.494289,-0.9039905,1.4747611,-2.3327076,2.563984,0.8273739,3.6014333,-1.1456753,3.2790775,-5.7006636,47
-1.8835877,1.7315221,-1.665564,-1.0472449,1.469021,-1.8432096,-1.2436785,-0.842671,0.07221125,-0.9276519,2.0432274,-0.2895468,1.9606931,-0.19453835,1.9339383,-2.809186,47
-2.5304275,1.592294,-0.6373927,-0.8699859,1.2326174,-3.2755408,-0.7948422,-1.6571574,0.91236335,0.92512405,3.082114,-0.645612,2.899295,1.1087563,2.1961083,-2.618252,78
-1.5921267,1.1677239,-0.037320275,-1.813398,2.2655191,-0.601043,-0.9466145,-0.043909334,0.6589712,0.26500246,2.3273435,-1.2485123,2.2839243,0.0022758767,0.49921048,0.4128312,23
-3.963073,1.5085542,1.6311345,-0.68512976,1.670142,-3.967098,-0.5325825,-0.6686085,0.83169585,-1.0302687,2.2775693,-1.0803809,4.9723883,0.6008944,2.8691897,-1.7794139,53
-2.446459,1.7600617,-0.059010252,-2.357935,3.0255318,-1.4420319,-1.4798592,0.33146274,2.1209073,-1.1821727,4.2643733,0.22662279,3.3729296,-1.7856089,1.3620661,-0.79136884,10
-1.9071798,2.440912,-0.9982957,-0.16731283,1.4403212,-1.8447694,-0.29796773,-1.0622259,1.045111,-0.98334205,3.777413,-1.146863,2.9515464,0.83453053,2.3167286,-1.6388977,75
-3.8280585,2.429776,0.18923984,-2.2026904,1.9641143,-3.398061,-1.652873,-1.9362403,1.8107829,1.2387387,4.1663866,-0.5098592,4.365801,0.4613097,3.0748904,-1.0966636,45
-1.0747831,2.0617716,-2.6306734,-1.8142157,3.0075216,-0.7743728,-1.4667662,-0.13131882,1.1767622,-1.7829461,2.8756557,-0.18405962,1.8935399,-0.25995165,1.1792516,-3.2542014,85
-0.61587816,0.3993249,0.41334707,-0.2468063,0.7031641,-1.0881144,0.19008967,-0.3896332,-0.18666367,0.30865937,1.0016242,-2.3869343,1.5537496,1.1858062,0.59187037,-1.5758855,3
-2.7289093,2.0561683,-0.72390026,-2.0748153,2.127665,-2.8912451,-2.0761235,-0.5547725,1.1137583,-2.5980132,2.3188639,0.69961107,3.1152172,-1.4728347,2.866574,-4.8839993,62
-1.7405088,1.3463268,-1.2963337,-0.91758615,1.0223242,-1.8291701,-0.9935463,-0.95994806,-0.07893622,-0.51198447,1.6602186,-0.64574325,1.8382137,-0.06550791,1.8605514,-2.5369594,98
-2.6443098,1.4227552,-0.23632829,-0.78992116,0.8399515,-3.1921246,-0.3669328,-1.608441,1.0557133,1.0996982,2.8718417,-1.0727944,2.9532194,1.3944294,2.1819613,-2.5301993,78
-1.4524161,1.094667,-0.107462995,-2.0959725,2.4909534,-0.2588663,-1.1185921,0.30335584,0.7126487,0.34415781,2.1297035,-1.2864692,1.9671917,-0.24948171,0.1483506,0.614818,23
-3.5920835,1.5055571,1.5499319,-0.8076502,1.9579781,-3.737816,-0.6809714,-0.60382795,0.8453021,-1.1769463,2.267521,-1.1016272,4.9662175,0.5699242,2.6876245,-1.8574152,53
-2.2060864,1.4063716,0.020042464,-1.5155407,2.217257,-0.93505454,-0.7181956,0.49009025,1.4714872,-2.0392795,3.6113076,0.1719563,2.976625,-1.3786045,1.1245825,-0.7032098,10
-1.5292898,2.083663,-0.69681746,0.14088005,1.3144337,-1.6429316,0.022923693,-0.93599015,0.88883805,-0.9552023,3.5398479,-1.3304248,2.8145363,0.8453691,2.0212028,-1.3086286,75
-3.5155506,2.458561,0.23840801,-2.0305772,2.139736,-3.1444862,-1.6193429,-2.000716,1.733198,1.024454,4.330725,-0.59701777,4.3252234,0.39171338,3.1237073,-0.9344281,45
-1.1475745,2.2460759,-2.6771727,-1.7656934,3.0421448,-0.96362716,-1.4149594,-0.19239917,1.1866152,-1.6651975,2.9863355,-0.15328327,1.9520271,-0.029762026,1.2183889,-3.3241355,85
-0.6602987,0.38620663,0.20496772,-0.53449106,0.70360273,-0.90195507,0.07145503,-0.34482655,-0.0040819496,0.6266912,0.9543887,-2.4763172,1.3618429,1.2003205,0.45243526,-1.5162926,78
-2.299612,1.4945683,-0.09909876,-1.5911068,2.17054,-2.3532012,-1.9549769,-0.27139878,0.5601172,-2.886141,1.8693842,0.1556493,2.8418634,-1.6645246,2.574092,-4.0777783,62
-1.9786087,1.4255192,-1.3514293,-0.8995341,0.9759246,-2.028574,-0.93884546,-0.95022035,0.111429445,-0.62452376,1.879178,-0.49786547,2.1187167,-0.17985949,1.9907104,-2.6420655,47
-2.8166873,1.329452,-0.06680316,-1.1319737,0.7604265,-3.071522,-0.2657608,-1.4418074,1.3639133,1.2094891,2.7573743,-1.2649484,3.049896,1.443225,2.0963442,-2.546554,78
-1.537288,1.3778787,-0.622141,-2.0138402,2.106806,-0.1714878,-0.9016167,0.47481182,0.48299682,0.21675682,2.1225321,-0.9777663,1.5302432,-0.2063936,-0.01979283,0.73161787,23
-3.640072,1.5406704,1.5780393,-0.77957106,2.1094337,-3.499017,-0.89374626,-0.377874,0.57390165,-1.1641068,2.0615888,-1.3886845,4.642675,0.46549806,2.5140529,-1.7949653,28
-2.2130747,1.4810386,-0.2410171,-1.4270189,2.0148,-1.0024798,-0.5829033,0.41518632,1.2410289,-2.1318135,3.356502,0.29271504,2.8981137,-0.9291297,1.0074639,-0.81314504,10
-1.198434,1.5752537,-0.49790567,0.05678639,1.4136205,-1.40534,0.115201384,-0.9211303,0.8887078,-0.6894837,3.6955338,-1.3712227,2.790711,0.61086094,1.7562366,-0.94720423,104
-3.9483836,2.927956,0.080347076,-2.2893095,2.8721442,-3.3412633,-2.1886353,-2.1500647,1.5410227,0.86035347,5.1329365,-0.2865488,4.6108513,0.051387146,3.431767,-0.65287423,45
-1.2742206,2.2951794,-2.7840405,-1.8363101,3.0532103,-1.0491956,-1.5347947,-0.17349371,1.0613335,-1.6499981,2.8667662,-0.05854024,1.9665709,-0.094787,1.2230705,-3.310875,85
-1.064932,0.7100584,-0.39648265,-1.5033131,1.3546406,-0.65655535,-0.6589676,0.03297419,0.3789763,0.83179647,1.1815338,-2.1348984,1.2020652,0.6941334,0.18316823,-1.368662,81
-2.3749192,1.3645017,0.0012242794,-1.5320773,2.1395497,-2.2151241,-1.9886878,-0.13906525,0.45925707,-3.0045562,1.7798098,-0.01574114,2.699494,-1.774508,2.4721932,-4.046572,62
-2.0023706,1.2760439,-1.2655593,-0.9168907,1.0556135,-1.9936364,-1.0951191,-0.9853671,0.21176106,-0.6360574,2.0581696,-0.55656207,2.1152093,-0.2758634,1.99862,-2.809482,62
-2.863888,1.3549435,-0.3730296,-1.8249407,0.70871633,-3.4317212,-0.41439974,-1.798223,1.7865984,1.522777,2.8054225,-0.9057428,3.2790065,1.5884572,2.3024204,-3.162357,78
-1.774049,1.5772285,-0.86042744,-2.089339,1.9450591,-0.29552293,-0.87494916,0.35197866,0.57480586,0.25981492,2.4047601,-0.99307793,1.4999862,-0.1142893,0.15284978,0.37578714,127
-3.619214,1.4468484,1.4326035,-0.7592212,1.9467678,-3.2941408,-0.9566021,-0.32606414,0.41850752,-1.0271593,1.8014402,-1.5224497,4.3093557,0.31963053,2.4782162,-1.7146461,28
-2.4797401,1.688488,-0.564308,-1.4366643,2.0583086,-1.3511107,-0.69811565,0.18619734,1.2066734,-2.0417945,3.6699007,0.59417653,3.023879,-0.7446666,1.1602865,-0.9599621,127
-1.1212265,1.4762394,-0.7503729,0.12668309,1.4372747,-1.3420079,0.20503418,-1.0937452,0.61742,-1.1148608,3.7011635,-1.1568689,2.8323162,0.8399836,1.8000311,-1.3553231,75
-4.4100876,3.2230575,0.1821516,-2.3567402,3.3634691,-3.6074095,-2.5126364,-2.1986997,1.6427171,0.45651826,5.8530784,-0.118802525,4.9706693,-0.07930933,3.7465925,-0.89687073,45
-1.6673783,2.3787456,-2.9126742,-1.9926176,3.3223162,-1.2416998,-1.8107331,-0.1108924,1.1326866,-1.7051554,3.0804968,0.0462552,2.2885635,-0.27497634,1.3303554,-3.4988441,85
-1.8118385,1.3550594,-1.2880715,-2.590061,2.0137942,-0.9106808,-1.5196458,0.16279891,0.6899191,1.1279745,1.7502842,-1.2567613,1.3668711,0.093434684,0.1703564,-1.0254819,95
-2.3794422,1.3660271,-0.02810426,-1.4027382,2.0412636,-2.1202328,-1.8544546,-0.10191455,0.34893262,-2.7998462,1.8057089,-0.09205025,2.5783677,-1.7032135,2.3237677,-3.7513251,62
-1.9683803,1.2103188,-1.3555661,-0.9590577,1.3304663,-1.8474344,-1.2884095,-0.93787205,0.17511399,-0.57698864,2.1950486,-0.72084683,2.0664415,-0.27815476,1.863897,-2.768947,62
-3.0387788,1.104726,-0.0023301095,-2.198467,0.81473756,-3.488385,-0.6722408,-2.0503356,2.1005049,1.8083713,2.9692118,-1.4114718,3.5788176,1.8802096,2.4418325,-3.5857074,78
-2.1657457,1.9667413,-1.3444258,-2.3340192,2.3308988,-0.54880875,-1.2562023,0.3264488,0.60397875,0.1271238,2.943579,-0.5961474,1.746994,-0.4248749,0.3525859,0.22538131,127
-3.3002887,1.2627654,1.1924525,-0.718521,1.9155415,-2.9444015,-1.0245447,-0.31701088,0.2776851,-0.9331457,1.6367257,-1.6455488,3.9606621,0.3707854,2.2581904,-1.6866512,28
-2.4848585,1.6188984,-0.61645806,-1.3168461,1.8359821,-1.4405565,-0.62239593,0.12475931,1.2983829,-1.9941508,3.672418,0.76092935,2.9878516,-0.8314796,1.2740815,-1.0663438,127
-1.666869,1.8482866,-1.225755,-0.519587,1.9736518,-1.0733508,-0.28531635,-0.73472667,0.9414192,-1.3083571,4.0414796,-0.7391064,2.6653457,0.498336,1.56466,-1.4947977,127
-3.6520226,2.6402013,0.15803492,-1.9523132,3.065096,-3.0374866,-2.2667143,-1.9756395,1.1136783,0.47283104,5.3790903,-0.41607514,4.2854486,-0.2447105,3.3076632,-0.6044903,25
-1.7885562,2.3036757,-2.903457,-2.0461426,3.3871727,-1.2446426,-1.8657409,-0.14940998,1.1400188,-1.5213118,3.1782937,0.054775327,2.4439845,-0.1889497,1.2800767,-3.344615,85
-2.3394642,1.8877459,-1.5391152,-2.8717263,2.4359088,-1.2121649,-1.785476,0.4205544,0.75010026,0.8548668,2.264086,-0.5701772,1.6415844,-0.41179124,0.22759111,-0.64953065,95
-2.362191,1.3106015,0.027110793,-1.5853399,2.0936732,-2.0427768,-2.0159895,-0.20227548,0.41794842,-2.6986005,1.8593043,-0.13638934,2.6013896,-1.6886095,2.3211746,-3.7059236,62
-1.7359275,1.131289,-1.405575,-1.0381275,1.6708163,-1.7022465,-1.4432238,-1.0073712,0.1796166,-0.5553936,2.3854823,-0.8635594,2.0688224,-0.12784444,1.7520404,-2.7821515,62
-2.7081292,1.3257391,-0.37073326,-1.9940864,1.0499504,-3.874512,-0.7487531,-2.684132,1.5770704,0.8137333,3.352219,-1.2788379,4.456031,2.1969702,3.08844,-4.038053,78
-2.984987,2.8092008,-1.9884071,-2.6923907,3.1220121,-1.014461,-1.9015615,0.51370555,0.83657324,-0.111216135,3.5615706,-0.062405992,2.2651343,-0.79591614,0.6310186,-0.028532714,127
-2.988122,1.0338881,1.0517672,-0.7476541,1.874285,-2.6148903,-1.0480092,-0.2971284,0.26069736,-0.67583376,1.4822341,-1.8271141,3.5764704,0.6024816,1.9277089,-1.6820395,28
-2.14362,1.3865376,-0.12199457,-1.4803073,2.0588608,-1.4038655,-0.7728587,0.029646363,1.5799773,-2.0584047,3.513393,0.6003268,3.294227,-1.058696,1.4993436,-1.147023,75
-1.4143534,1.5964344,-1.0833962,-0.5759504,1.9907074,-0.49270457,-0.2648903,-0.34205228,0.5678303,-1.5103229,3.4435892,-0.9121562,2.1884704,0.41510347,1.0574709,-1.0997837,127
-2.6061726,2.0036466,-0.05467433,-1.6057497,2.5557656,-2.470912,-1.8849541,-1.8298204,0.42137188,0.48724523,4.526877,-0.55878687,3.5097923,-0.26952487,2.784757,-0.41811845,25
-1.9608756,2.4418638,-2.803181,-1.932413,3.4032745,-1.2841793,-1.7858481,-0.035203002,1.1428473,-1.5448495,3.1896918,0.02084501,2.526947,-0.13799086,1.2585391,-3.2504408,85
-2.4594367,2.0223174,-1.581577,-2.5363426,2.6245708,-1.5874683,-1.7062995,0.0816628,0.72453225,0.29874095,3.1971295,-0.12755466,2.2100098,-0.63888216,0.7380385,-0.70538414,127
-2.8751183,1.6652427,-0.31218207,-1.7575889,2.102221,-2.6697369,-2.3092024,-0.6690791,0.37596756,-3.1226144,2.182199,0.25884593,3.171945,-1.6721202,2.9815311,-4.3193502,62
-1.0402489,0.61171186,-0.98513126,-0.8133682,1.4739122,-1.3125159,-1.0065,-1.1905518,0.22472617,-0.40852445,2.4050093,-1.247088,1.9357445,0.37103128,1.456009,-2.56861,56
-2.4965842,1.5673001,-0.3431729,-1.0303895,0.7435137,-3.8075864,-0.18201284,-2.4720323,0.9583679,0.20098183,3.2265227,-1.136708,4.3786683,2.2454596,2.943775,-3.5008454,78
-3.3515618,3.325417,-2.447348,-2.7076075,3.024199,-1.3937469,-1.9603679,0.354654,1.0710733,-0.1378031,3.6867003,0.04922174,2.5221326,-0.62772036,0.99616414,-0.5644333,127
-2.6856987,1.0891206,0.6940345,-0.49389905,1.6330115,-2.5084295,-0.8277975,-0.4180041,0.27672678,-0.61822486,1.6300346,-1.7145686,3.3198283,0.7829952,1.8479711,-1.8071091,28
-1.7950565,1.2188503,0.3045751,-1.4944015,2.1490922,-1.3490778,-0.7319579,-0.019215662,1.7832247,-2.0850027,3.311368,0.3449265,3.49609,-1.0877898,1.6165134,-1.199198,3
-1.6066353,1.6097829,-1.2590698,-1.015442,2.2627664,-0.24994358,-0.68522155,-0.13121027,0.5960533,-1.2917202,3.3023038,-0.97419035,1.9040747,0.3084942,0.81248045,-1.0969481,127
-2.5330229,1.8921535,0.0017844439,-2.0779142,2.95815,-2.12481,-2.3344724,-1.6582389,0.3883441,0.4736034,4.424093,-0.626853,3.3284023,-0.5638923,2.622051,-0.16809857,25
-1.9037393,2.4102051,-2.5849037,-1.555677,3.0800533,-1.2306144,-1.480695,-0.09924745,0.8640597,-1.6622417,3.1480284,-0.054735195,2.510721,-0.05762384,1.3230885,-2.8708713,85
-2.6028757,2.0771554,-1.4396048,-2.3303995,2.8861742,-1.9249536,-1.7979143,-0.3594308,0.7594015,-0.33424982,3.917494,-0.0522595,2.9814117,-0.7041679,1.4019493,-1.108318,10
-3.1676142,1.9034557,-0.52510965,-1.8995078,2.3283439,-2.9643106,-2.5491655,-0.7054961,0.37723768,-3.2992525,2.21385,0.6420973,3.4295268,-1.8777685,3.1883056,-4.4124746,62
-0.94377375,0.7652091,-0.9433088,-0.7216331,1.928346,-1.900552,-1.0613513,-1.4530822,-0.18008687,-1.0866542,2.6339908,-0.72134006,2.5178514,0.091534205,1.9677958,-2.7658527,62
-2.900788,1.4171553,-0.26120988,-1.1596999,1.2847303,-3.7845516,-0.6146174,-2.097921,0.8939503,-0.031328354,3.2549272,-1.0825534,4.531624,1.8797481,2.8159213,-3.2527013,78
-3.3995123,3.4010072,-2.3751476,-2.537545,2.7662797,-1.5075912,-1.7841922,0.26915652,1.2028432,0.04452326,3.618079,-0.18532604,2.5263858,-0.45805243,1.1711117,-0.7410333,127
-2.7073333,1.4418559,0.5346019,-0.40301153,1.8438963,-2.7311819,-0.8956598,-0.500152,0.45009488,-0.9667573,2.0467029,-1.3469155,3.470912,0.7890802,2.0540814,-2.14941,28
-1.6695193,1.1774576,0.42201304,-1.3818499,2.2077284,-1.3807136,-0.6858091,-0.10986203,1.7187223,-2.189493,3.3021579,0.28305337,3.6343012,-1.0002079,1.6969984,-1.1852512,75
-1.7913643,1.7491283,-1.4230206,-1.5980873,2.5749798,-0.15602782,-1.0968319,0.003149137,0.7829737,-1.0773525,3.3347883,-0.8741912,1.8382199,0.05829139,0.728274,-1.0190115,127
-3.0278573,2.0603976,0.07907611,-2.474782,3.3708215,-2.2984447,-2.783617,-1.7218418,0.7027732,0.6693798,4.8633246,-0.73485947,3.5457048,-0.62622935,2.823747,-0.29395103,25
-1.6660662,2.281863,-2.3091614,-1.140619,2.8632116,-1.2100996,-1.2146919,-0.12595764,0.60113615,-1.741188,3.0342984,-0.058932185,2.4091241,0.016550727,1.256522,-2.6111693,85
-3.029823,2.6327484,-1.5920054,-1.9814256,3.2058334,-2.4393852,-1.8114121,-0.45339245,0.9059819,-1.0145917,4.7941794,0.4343452,3.5960975,-0.9978652,1.9848487,-1.491622,127
-3.6919627,2.0809379,-0.839885,-2.3286889,2.786965,-3.3243923,-3.1086075,-0.88768715,0.5874648,-3.14994,2.5952609,0.6935436,3.8652153,-1.9741653,3.5536778,-4.773647,62
-0.8752325,0.743842,-0.62690663,-0.6219075,2.3895507,-2.0651536,-1.137639,-1.3269778,-0.06820685,-1.3275661,2.692084,-0.58840585,2.8205686,-0.042319525,1.9701251,-2.7683544,62
-3.1701705,1.4808755,-0.6429807,-1.6063863,1.8170341,-3.987454,-1.2666802,-2.0661178,1.0070076,0.019440793,3.3580089,-0.7750093,4.624386,1.6484627,2.862189,-3.5621588,78
-3.2790782,3.5266314,-2.3520281,-1.857811,2.200323,-1.7986045,-1.2349142,0.10924389,0.9291127,0.14210203,3.3455114,-0.29715574,2.4468937,-0.052692898,1.3079547,-0.8650738,127
-2.7562652,1.7450967,0.55606526,-0.6416303,2.3310618,-2.8228889,-1.1964831,-0.5028053,0.7462069,-1.4412967,2.4165401,-1.0317159,3.63194,0.70629084,2.2466757,-2.5908275,28
-1.5696174,1.2361119,0.4129696,-1.2144387,2.4445248,-1.3899084,-0.6899509,-0.33269894,1.4781688,-2.672473,3.5913684,0.4520735,3.8414285,-0.93266296,1.8934608,-1.2230912,75
-1.6488013,1.6198502,-1.4150332,-1.9485389,2.6331086,-0.0213257,-1.2329437,0.10147312,0.84520406,-0.86112195,3.0399866,-0.94484526,1.6883991,0.0063989162,0.55379164,-1.0073957,127
-3.149696,2.01132,0.18653728,-2.7071006,3.5217066,-2.4798477,-3.0613194,-1.877525,0.80525416,0.770273,4.9822154,-0.8327825,3.7387626,-0.7239402,3.0542092,-0.51689845,25
-1.4726814,2.09263,-2.1477962,-1.0098178,2.654787,-1.060851,-1.0794945,-0.10426903,0.5285953,-1.6433799,2.8930154,-0.16418523,2.1745145,0.0052409098,1.1359928,-2.501554,85
-3.3329487,2.7698572,-1.3871163,-1.7190726,3.1343641,-2.6105292,-1.7177532,-0.43384042,0.9890518,-1.2709824,4.9482517,0.4930157,3.6764088,-1.1016638,2.226719,-1.658679,127
-3.816924,2.2689967,-1.1796815,-2.2177787,3.09509,-3.5827491,-3.3910005,-1.2696443,0.60522187,-3.2380717,3.139148,0.64881855,4.385985,-1.7634479,3.926726,-5.126737,62
-0.8764166,0.77897406,-0.5123559,-0.69891405,2.543023,-2.1952384,-1.2102028,-1.3173561,0.0677447,-1.2363335,2.7813528,-0.6866516,2.9909432,0.014391318,1.9933776,-3.035011,62
-3.4260378,1.7479925,-0.75715566,-1.4083786,1.8617165,-4.07514,-1.1459976,-1.9503925,1.1290026,-0.53251237,3.5874934,-0.57587,4.8875656,1.5686531,3.0867927,-3.601408,78
-2.6960013,3.2782667,-2.1383798,-0.8054647,1.531168,-1.8886003,-0.48560995,-0.19554967,0.4240117,-0.10941363,2.9029417,-0.3840425,2.3911946,0.5863516,1.3286738,-0.78963804,127
-2.566245,2.0948145,0.3011555,-0.7669455,2.5881162,-2.8028274,-1.3115257,-0.4463037,0.98265135,-1.8227991,2.836442,-0.49857467,3.543096,0.29929903,2.3677058,-2.9191604,62
-1.4709163,1.2896557,0.0710793,-1.117741,2.4110208,-1.202995,-0.6796104,-0.52537775,1.1330175,-2.6660233,3.707527,0.33477527,3.7455187,-0.8146049,1.9048055,-0.9510747,75
-1.5731453,1.5319755,-1.4158854,-2.2044606,2.7204714,0.061229713,-1.4077863,0.15590295,0.7914638,-0.7007,2.8843544,-0.957947,1.5909488,-0.098919295,0.42706528,-0.8484705,127
-2.7816749,1.8897307,0.15476044,-2.0110223,2.9430375,-2.5389824,-2.4653707,-1.9197966,0.38350213,0.6581581,4.4770684,-1.1059339,3.6541042,-0.3310452,2.9895492,-0.5197643,25
-1.1948556,1.8373358,-1.983532,-0.8116221,2.4513793,-0.7391852,-0.896727,0.06746328,0.35798323,-1.5879595,2.5990882,-0.44880942,1.7328002,0.010955043,0.8804572,-2.3261974,127
-3.2999794,2.6538374,-1.1445638,-1.0349984,2.6393828,-2.9526446,-1.3046582,-0.578724,0.78014964,-1.3503686,4.6472397,0.38241005,3.6846879,-0.7891067,2.3639612,-1.9151597,53
-3.4625196,2.4989777,-1.4664472,-1.6699032,3.185748,-3.755623,-3.1411276,-1.5832485,0.3961829,-3.464211,3.485457,0.9032956,4.7502317,-1.2806715,4.0089617,-4.9802284,62
-0.7634022,0.81277907,-0.48658198,-0.7516427,2.631711,-2.2441373,-1.3177973,-1.3613237,0.14569841,-1.3379982,2.7219052,-0.6612834,3.0697262,0.019117095,2.0892272,-3.2257981,62
-3.4240024,1.8855176,-0.99283546,-1.5273882,2.0005994,-3.97629,-1.3204887,-1.916038,0.9833912,-0.32297873,3.5176492,-0.28975636,4.706139,1.361122,2.9676256,-3.1152868,78
-2.4709215,3.0683286,-1.5475813,0.29261625,1.2783577,-1.9801196,0.12450251,-0.58465916,0.24888323,-1.3158963,3.3263135,-0.30910087,2.8973746,0.9442008,1.8419378,-1.0167162,127
-2.4657316,2.5337114,-0.10151836,-0.58922863,2.549428,-2.8751342,-1.1370884,-0.4789059,1.1966176,-2.3397133,3.407209,0.19773328,3.4920993,-0.010702372,2.5819583,-3.385678,62
-1.2727661,1.0553284,0.12112896,-0.48085284,1.7233729,-0.9480797,-0.18402697,-0.6172142,0.74987805,-2.636891,3.4049,-0.012221955,3.421678,-0.45463106,1.8365501,-0.657967,75
-1.562368,1.4509339,-1.223697,-2.2432108,2.6454206,0.08883642,-1.3832157,0.27207562,0.73763955,-0.51759803,2.7655869,-1.0233339,1.4748311,-0.1641252,0.2994921,-0.54843247,127
-2.4824612,1.6612902,0.34907806,-1.1844726,2.3764868,-2.681187,-1.7445971,-2.0497005,0.13920462,0.47886375,4.3217196,-1.1669741,3.7830539,0.05761051,2.98884,-0.37737057,25
-0.6350318,1.1516398,-1.3886642,-0.4488375,1.8483037,-0.49605808,-0.4569096,-0.0696155,0.03976597,-1.4763005,2.065515,-0.9283877,1.4471245,0.15133876,0.8226142,-2.1007457,121
-3.1551816,2.544964,-1.1534272,-0.9616733,2.3789167,-2.7335553,-1.1786073,-0.36939576,0.67951494,-0.9337637,4.3860207,0.3821001,3.2638907,-0.99806327,2.0517418,-1.2345153,53
-3.4188392,2.5664918,-1.4906075,-1.448783,3.1156435,-3.7506523,-2.8254826,-1.566133,0.5079066,-3.2034616,3.6244924,0.7959723,4.7173076,-0.857999,3.84129,-4.8125424,62
-0.7900379,0.9383016,-0.5054607,-0.593542,2.6383567,-2.254759,-1.2823213,-1.3474231,0.0551415,-1.5477952,2.6924348,-0.66190284,3.097221,0.060638644,2.1633196,-3.1572568,62
-3.149024,1.7139926,-0.82799155,-1.3621614,1.9439017,-3.7652042,-1.2508125,-1.8720111,0.7679166,-0.13013472,3.350126,-0.3004918,4.434171,1.272276,2.761019,-2.5690057,78
-2.5497434,3.2652762,-1.4176558,0.60981584,1.3712126,-2.031876,0.3082627,-0.35053435,0.32645738,-1.8972795,3.2920566,-0.17014727,3.0343864,0.9993611,1.8451438,-1.1388528,127
-2.5923676,2.6666076,-0.34950608,-0.46802765,2.155701,-2.8924713,-0.9460018,-0.61887,1.3669276,-2.6729043,3.8075178,0.61081976,3.5043025,-0.23194245,2.8506966,-3.7854147,62
-0.9967948,0.793524,0.36255038,0.27021515,1.0335591,-0.79459244,0.40408123,-0.6234532,0.46199638,-2.805883,2.9991214,-0.42854998,3.2907476,-0.1994662,1.8418103,-0.49103492,75
-1.4738889,1.3413293,-1.0548109,-2.210679,2.506278,0.13370053,-1.3018934,0.3015948,0.7107809,-0.27747473,2.7134767,-1.0708646,1.3101864,-0.17628671,0.18731318,-0.26835036,127
-2.2418544,1.505059,0.472229,-0.8799826,1.947224,-2.4544506,-1.2803828,-1.7895693,0.044224225,0.4795356,3.7948444,-1.4272642,3.4887161,0.27164155,2.6737216,-0.3477835,25
-0.46913522,0.98860496,-0.9916179,-0.5837275,2.0255609,-0.53574985,-0.65893626,0.123261444,-0.11177863,-1.6497959,1.6471155,-0.9932509,1.4850922,-0.24347472,0.788377,-2.0748522,62
-3.3705435,2.5039268,-1.0574881,-1.7236986,2.6396646,-2.6782675,-1.405503,-0.12470683,1.355864,-0.40486094,4.7178636,0.49449772,3.2983987,-1.2099847,1.8072612,-0.9314405,104
-3.302086,2.4569654,-1.2617247,-1.1604729,2.8166633,-3.483177,-2.3586476,-1.274873,0.46918625,-2.909903,3.33298,0.5391164,4.426308,-0.60428923,3.4392836,-4.2887683,62
-0.664188,0.944133,-0.39714348,-0.3739065,2.452087,-2.282545,-1.0859293,-1.4413145,-0.04216586,-1.4001303,2.6445265,-0.67499214,2.952189,0.24590048,2.1255434,-3.072166,90
-2.8751175,1.446691,-0.61682,-1.3269312,1.8441787,-3.676294,-1.2019042,-2.003048,0.7850439,0.028366648,3.3905113,-0.38918626,4.3828154,1.1995175,2.7842455,-2.4951067,78
-2.8226924,3.4785383,-1.4716986,0.4317705,1.4715883,-2.0502295,0.12333836,-0.04287275,0.41688216,-1.9646248,3.030983,-0.22027355,2.96253,0.73022616,1.849175,-1.2536123,127
-2.739694,2.609727,-0.42807716,-0.5848545,1.7689633,-2.7940598,-0.8994288,-0.8098163,1.4548529,-2.7054415,3.8956068,0.755901,3.5257828,-0.36017412,3.040636,-3.8055599,62
-0.77625984,0.7482542,0.50635946,0.27607566,1.0739312,-0.829474,0.37823558,-0.72639334,0.48242968,-2.7625737,3.0031548,-0.5130967,3.4022312,-0.27473027,1.9734935,-0.38141978,75
-1.3976873,1.2091417,-0.87296265,-2.1731315,2.3801723,0.19768067,-1.2826341,0.2672059,0.6651778,-0.05768908,2.6121361,-1.2079334,1.1573966,-0.10966857,0.11696013,-0.10731208,127
-2.1551437,1.4378269,0.3489163,-0.8073194,1.5179656,-2.1565995,-0.95542437,-1.5244291,0.010282047,0.67183006,3.2359242,-1.5766821,3.0156224,0.5656377,2.2566304,-0.31670162,25
-0.496549,0.9542913,-0.88908,-0.85576195,2.2759504,-0.7199339,-0.9718711,0.074139014,-0.10229994,-1.580789,1.6892196,-0.9672069,1.5662422,-0.4838499,0.90456176,-2.2701955,62
-3.1640089,2.40174,-1.244871,-2.1608195,2.493672,-2.8922873,-1.4626634,-0.42054743,1.6788728,0.029215738,4.7515035,0.9497568,3.3660903,-1.0418711,1.7822747,-1.0585554,104
-3.0509806,2.1887043,-0.9961923,-1.0449314,2.6294503,-3.1218352,-2.1122787,-0.89961475,0.44682175,-2.5393465,2.7582045,0.2643839,3.950946,-0.5561451,2.9499655,-3.7620575,62
-0.61205506,0.9167541,-0.35527736,-0.3061598,2.2734113,-2.1882384,-0.96961296,-1.4656372,-0.069908336,-1.2984381,2.6617723,-0.819158,2.800611,0.30522013,2.0946448,-3.0803277,90
-2.5461807,1.343365,-0.38669354,-0.98812896,1.7094527,-3.5673528,-1.0076655,-2.1063538,0.8216995,-0.42039678,3.4760315,-0.31306916,4.3718824,1.1954987,2.9302816,-2.640708,78
-3.0602083,3.6474748,-1.1757691,0.95656455,1.3932236,-2.3744047,0.4711457,0.19111848,0.3411795,-2.1799273,3.0977838,-0.04469524,3.1055121,0.6573376,1.9103539,-1.0696516,53
-2.7831454,2.2964025,0.15841942,-1.143616,1.7724454,-3.0761042,-1.3090286,-1.1699274,1.6690556,-2.6353848,3.8911958,0.7271075,3.9040735,-0.606956,3.561134,-4.002264,53
-0.55425406,0.7533175,0.49225152,0.326311,1.1729414,-0.88176847,0.4018581,-0.70938104,0.5102223,-2.8526938,3.0152342,-0.55097485,3.484397,-0.3349831,2.0230105,-0.4323789,75
-1.3961987,1.2527527,-0.7566072,-2.1003914,2.370965,0.17157696,-1.2564667,0.34424546,0.6893635,0.03711894,2.6534936,-1.1545694,1.1078718,-0.23307195,0.09997807,0.08775064,127
-2.4325383,1.5489645,0.19279282,-1.0006294,1.5526304,-2.186972,-1.0009204,-1.4843596,0.2628252,0.60809594,3.4435647,-1.180222,3.119779,0.4886097,2.225623,-0.20208713,25
-0.5398802,0.90645105,-0.6113605,-0.97834396,2.2574186,-0.72576255,-1.0224879,0.023554571,0.1096545,-1.4776138,1.920878,-1.2726495,1.6722536,-0.6004908,1.0529248,-2.4334004,62
-2.7500296,2.1293685,-0.7783913,-2.1432967,3.202413,-2.7373884,-1.696316,-0.5686529,1.5590218,-0.79048026,4.8235073,1.1183076,4.045809,-1.3682375,1.981113,-0.7809651,74
-2.6324072,2.0101058,-0.7663824,-1.2623398,2.8785195,-3.0499072,-2.2558033,-0.5246151,0.59895855,-1.8585622,2.0735412,0.058823735,3.408957,-0.527213,2.4240754,-3.7334287,62
-0.70200634,0.869482,-0.30682692,-0.5331753,2.3360538,-1.9046341,-1.1353809,-1.3070471,-0.08732648,-1.2723039,2.6005332,-1.0966357,2.6258378,0.13227934,2.0323656,-2.866727,28
-2.2603602,1.3720236,-0.19863394,-1.1649415,1.8897201,-3.480096,-1.1630851,-2.1656902,1.1123877,-0.69858545,3.5412877,-0.28706557,4.336711,1.1228253,3.0838282,-3.0952842,53
-3.1143115,3.3026395,-1.0693148,0.7748233,1.6760323,-2.6223407,0.23823582,0.2760643,0.38401258,-1.7845637,3.0159142,0.023177266,3.1089294,0.55441946,1.7113599,-1.365602,53
-2.4969237,2.1018863,-0.08652079,-0.81182134,1.7409763,-2.732315,-1.1555023,-1.178693,1.1890734,-2.4635072,3.7988048,0.63537806,3.5281858,-0.64420456,3.2913668,-3.4483256,53
-0.41104126,0.8465214,0.36024392,0.71377635,0.9906429,-0.97470623,0.68492204,-0.6268251,0.43408686,-2.9888623,2.8237283,-0.59893155,3.3879263,-0.052235495,1.9644452,-0.56141233,75
-1.3849357,1.2813244,-0.66784686,-2.1214232,2.425537,0.15391047,-1.3174106,0.2899252,0.7171864,0.089551486,2.745798,-1.1166227,1.0941153,-0.263347,0.14747107,0.11251119,127
-2.6279187,1.4470153,0.37513143,-1.0424721,1.5171183,-2.189841,-1.0624387,-1.4885604,0.32436526,0.69324476,3.328566,-1.2114997,3.1246407,0.525116,2.236551,-0.22288749,25
-0.9910761,1.2469428,-0.80193835,-1.0026422,2.357736,-0.91592616,-1.2094901,0.00044172257,-0.015681133,-1.6653548,2.048264,-1.1733615,1.8325734,-0.6848141,1.2763989,-2.4704633,62
-2.7840352,2.045513,-0.38317633,-2.4702642,3.7322545,-2.6998022,-1.9463898,-0.621044,2.0952063,-0.87632996,5.105866,0.7885954,4.5716696,-1.3513173,2.1260922,-1.0281444,74
-2.3121276,1.8869889,-0.9064618,-0.94903296,2.4430447,-3.1257465,-1.8741876,-0.8636248,0.23990358,-1.2675669,2.1149378,0.16066247,3.151886,-0.19353822,2.2883167,-3.32838,62
-0.7275657,0.7640303,-0.22797872,-0.77618873,2.507247,-1.8690019,-1.4016676,-1.1903973,-0.048942402,-1.2826469,2.404434,-1.2957237,2.6090055,-0.023007736,2.0143254,-3.0555224,28
-2.408219,1.4676602,0.24118142,-1.2812781,2.3212547,-3.8689356,-1.6319371,-2.8539326,1.2031472,-1.2246423,4.664271,0.2591408,5.071501,0.73729146,4.0132875,-2.941119,78
-3.0306282,2.7003338,-0.6982371,0.8708098,1.7413886,-2.792009,0.072262034,0.1362108,0.31512976,-1.615505,3.1458266,-0.11348225,3.2263935,0.34850383,1.7771877,-1.6046953,53
-2.6183145,2.1306846,-0.07866658,-0.60348505,1.7011833,-2.847622,-0.9582798,-1.33341,1.1535612,-2.3999536,4.1688156,0.5600864,3.7245467,-0.6174975,3.4300525,-3.365339,53
-0.3616221,0.92779356,0.15809016,0.7531465,0.8568325,-0.9212797,0.730861,-0.63020205,0.43321645,-2.864936,2.74478,-0.61178005,3.1755595,0.071709774,1.8937821,-0.5206703,75
-1.5069563,1.3778651,-0.54104954,-2.0811992,2.474359,0.06544406,-1.3475723,0.24296108,0.7915789,0.09630836,2.9380598,-1.1531925,1.1591244,-0.29047367,0.30473992,0.049165726,127
-2.752847,1.4642186,0.38599563,-1.2527161,1.626886,-2.2315662,-1.223764,-1.571832,0.5916101,0.8911796,3.4524124,-1.1230187,3.2251391,0.5109154,2.285707,-0.1722,25
-1.0746455,1.4882259,-1.008156,-1.0185182,2.5773735,-0.9543035,-1.3310957,0.06579794,0.026672862,-1.4340404,2.2171788,-1.0213797,1.7310829,-0.6685332,1.1788484,-2.360099,62
-2.6426425,2.0099292,-0.29145336,-2.5643256,3.378388,-2.5581603,-1.815488,-0.56147796,2.1638408,-0.40776142,4.582614,0.4449556,4.2733264,-1.0746021,1.9602219,-1.1138294,74
-2.3150303,1.703208,-0.4368055,-0.5149149,1.9979445,-3.048847,-1.5248564,-0.95678145,-0.17885454,-1.3857998,2.0783238,-0.07443482,3.1683252,-0.14704308,2.4157286,-2.7282827,62
-0.63488847,0.66492605,-0.2615257,-0.8715509,2.5358014,-1.7661036,-1.3978584,-1.045214,0.063599184,-1.2346009,2.2703047,-1.2864995,2.4937909,-0.123267055,1.8549707,-3.0535502,28
-2.1844838,1.4426658,0.2087984,-0.83289003,2.3324428,-3.6030283,-1.5992043,-2.9931798,0.8411303,-1.3775336,4.9856033,0.22851938,4.9741178,0.63398135,4.0128055,-2.4163895,25
-2.7067504,2.40068,-0.40580195,1.0671123,1.650848,-2.7855213,0.21902545,0.041584842,0.35676116,-1.787069,3.129778,-0.14707595,3.225538,0.49700776,1.7540125,-1.83322,53
-2.3724341,2.1981068,-0.064418174,-0.6760994,1.6441699,-2.641755,-0.876647,-1.3304148,1.050561,-2.0334156,3.9904463,0.4038816,3.5057578,-0.6976718,3.3312933,-2.8485372,53
-0.5986062,1.027483,0.021296486,0.22784007,1.0815389,-0.7001639,0.37977415,-0.33045053,0.53784,-2.61216,2.7023573,-0.53131723,2.9035516,-0.25999427,1.644824,-0.27333942,75
-1.5320323,1.4342275,-0.4439792,-1.8914989,2.4537315,0.006021939,-1.2538804,0.18370458,0.7986869,-0.080067076,3.0490656,-1.199126,1.2121143,-0.20273024,0.44872653,-0.16336608,127
-2.7948692,1.5585659,0.40787554,-1.3720639,1.7881613,-2.21037,-1.3549861,-1.6398467,0.7184186,0.9995699,3.5125284,-1.0983062,3.259898,0.5959602,2.2851293,-0.11648613,25
-1.3120675,1.6319134,-1.2212597,-1.3932985,2.7277493,-0.9603341,-1.653467,0.08200811,0.20482785,-1.0286766,2.1682935,-1.0599387,1.7273767,-0.65024394,1.1460775,-2.4340818,121
-2.6304777,1.9158323,0.008883208,-2.334531,3.1898298,-2.518305,-1.5666581,-0.4934819,2.1635406,-0.17164728,4.2515965,0.0009905025,4.1583567,-0.6997601,1.8527132,-1.1677632,74
-2.1391578,1.5535479,0.011397503,-0.4151936,1.9534776,-3.0747173,-1.4853412,-1.1424735,-0.34220678,-1.658849,2.289058,-0.3818876,3.3861077,-0.32081196,2.717711,-2.7898412,28
-0.57575536,0.67610645,-0.46404147,-0.9376966,2.5076008,-1.6908412,-1.4221326,-0.8770005,0.047424994,-1.2214919,2.0792236,-1.1975408,2.2525957,-0.15895122,1.6746162,-3.1471734,90
-2.2123437,1.4312391,0.38162464,-0.77229315,2.46914,-3.2433474,-1.7719512,-2.7369852,0.6099752,-1.458428,4.883048,-0.01741039,4.6903734,0.41958377,3.86705,-1.9848161,25
-2.3802457,2.114473,-0.3441661,1.494139,1.3350323,-2.112535,0.3430311,0.023479752,-0.41611826,-2.0053284,2.799622,-0.6389743,2.7390435,0.5586907,1.561184,-1.0493205,53
-2.0460994,2.352489,-0.04672609,-0.8933836,1.6398702,-2.5593004,-1.0137274,-1.431681,1.032412,-2.2882955,3.6653712,0.4833157,3.482745,-0.80136263,3.461499,-2.8952787,53
-0.40225273,0.82007295,0.07967889,0.17254198,0.91724217,-0.2842973,0.4951458,-0.19624126,0.39447588,-2.4555318,2.3477442,-0.836083,2.502249,-0.2080738,1.3767478,-0.17423049,75
-1.4125211,1.3759267,-0.35340935,-1.7084924,2.333407,-0.01321378,-1.154696,0.02775827,0.7581336,-0.07636858,3.0603907,-1.2978208,1.1789901,-0.04046862,0.56464094,-0.35936284,127
-2.6919231,1.6380515,0.3656271,-1.2408503,1.7800543,-2.2474456,-1.2449926,-1.6807989,0.82153046,1.0371895,3.5612874,-1.1138968,3.265963,0.6801159,2.3112361,-0.19251554,25
-1.3253015,1.6466773,-1.2752428,-1.153268,2.4085808,-0.9757989,-1.4369224,-0.12693557,0.13972096,-0.8341752,2.1013052,-1.1434765,1.7579689,-0.23035797,1.1632329,-2.2446036,121
-3.298605,2.3307202,-0.82767826,-2.219839,2.9388132,-2.751359,-1.5443326,-0.40843496,1.7236445,-0.20389463,4.5827947,0.5840301,4.094308,-0.813077,1.8338474,-0.60280365,104
-1.9755723,1.7295797,-0.09453215,-0.26408732,2.0621054,-3.095289,-1.4003284,-1.057043,-0.40699995,-2.0135937,2.5023859,-0.29102278,3.4601798,-0.6133155,2.7739253,-2.8837695,28
-0.3493207,0.49445117,-0.50070804,-0.9610275,2.2990217,-1.4810259,-1.3345536,-0.8618184,0.05245202,-1.0937339,1.8774867,-1.3359373,1.9651296,-0.041957483,1.5198398,-3.1927595,90
-2.0167158,1.413269,0.43242222,-1.3879182,2.8427477,-2.7954752,-2.13573,-2.4082668,0.7408112,-1.0807242,4.653535,-0.21741071,4.228184,0.030767255,3.5421214,-1.7815189,25
-2.3867297,2.4474347,-0.8211268,1.4731773,1.475915,-2.0280342,0.24920262,0.09592376,-0.40992612,-2.2205503,2.9250388,-0.53426117,2.653379,0.42297277,1.5858748,-1.2312627,53
-1.6479933,2.1262426,0.13177289,-1.287909,1.7831172,-2.626495,-1.3506057,-1.7526845,1.3199812,-2.1878693,3.587715,0.45210135,3.648286,-0.7830409,3.6295075,-3.279349,53
-0.3084011,0.72569263,0.17131402,-0.018395841,0.72686684,-0.12061571,0.5479706,-0.23409528,0.37665558,-2.1439314,2.095452,-1.0776948,2.2819564,-0.006806206,1.2534403,-0.24144751,75
-1.1133565,1.2806747,-0.21278054,-1.2956868,2.0239615,0.06404258,-0.8991222,0.10937122,0.55170953,-0.12347987,2.6273267,-1.5243442,0.9968514,0.005492106,0.5497025,-0.39859843,127
-2.583681,1.6311133,0.26835006,-1.0490961,1.7056134,-2.0986931,-1.0760989,-1.4999714,0.7981321,1.0036805,3.4804916,-1.174355,3.044653,0.6782659,2.1416478,-0.13274059,25
-1.4586313,1.6435394,-1.2232238,-1.0928817,2.27979,-1.0728117,-1.4470694,-0.13735975,0.03996829,-0.71716654,1.9469191,-1.126168,1.7818885,-0.10040051,1.125708,-2.150106,121
-3.5764441,2.6729357,-1.2172152,-2.4079466,3.267541,-2.8165305,-1.8280305,-0.37111774,1.4513221,-0.2628181,4.6445947,0.8649926,4.1609383,-0.84490496,1.7709872,-0.31123298,74
-1.9820797,1.7844689,-0.15177205,-0.51442933,2.2008624,-2.746476,-1.5727265,-0.8736109,-0.42842352,-2.2692792,2.470091,-0.36796907,3.3969495,-0.95355755,2.7342467,-2.7123473,28
-0.29541343,0.37605917,-0.49281538,-0.96752995,2.2106662,-1.3132138,-1.273375,-0.7887811,0.050759144,-0.8096452,1.7724962,-1.604456,1.7471025,0.12656426,1.3184867,-3.080508,90
-1.9200763,1.3895574,0.37946993,-1.8340755,2.931511,-2.3833914,-2.2228656,-2.0526211,0.9716447,-0.79327434,4.4113326,-0.52214825,3.876393,-0.18697524,3.2177932,-1.7503812,25
-2.4275534,2.6761143,-1.2700596,0.9584712,1.5045354,-1.8652402,0.0006140135,0.030129474,-0.23441593,-1.860025,2.9588468,-0.421961,2.4938905,0.25162473,1.640248,-1.1102707,127
-0.991484,1.4288146,0.5821539,-1.2800405,1.5493482,-2.366083,-1.1552596,-1.8786662,1.5012236,-1.6684169,3.3538594,0.12544481,3.57242,-0.6314283,3.35399,-3.0020075,53
-0.25448698,0.8134053,0.11759834,-0.07822934,0.7230321,0.030306317,0.57607037,-0.123592235,0.3119884,-2.0410225,1.9072291,-1.1311014,2.0084152,0.14452982,1.0290904,-0.25277722,3
-0.61950845,1.0697083,0.059170067,-0.41617313,1.4322885,0.18711682,-0.2643544,0.2098135,0.22537854,-0.4047942,2.1454966,-1.9338832,0.85809624,0.17763361,0.5467138,-0.34418553,23
-2.4105613,1.6400568,0.1857223,-1.0319626,1.7777659,-1.7566794,-1.0335218,-1.1877178,0.6748234,0.87132436,3.3364456,-1.1564772,2.6438138,0.5052271,1.8412458,0.018265754,25
-1.6300647,1.7720423,-1.1887435,-0.85198444,2.3032975,-1.2154713,-1.2730519,0.13129783,0.123026274,-1.080642,1.9373422,-0.9918135,1.908839,-0.13345337,1.0758315,-2.3404052,62
-3.812536,2.7590485,-1.4122152,-2.4574957,3.325673,-2.9350326,-2.0407233,-0.6741116,1.3413244,-0.48447824,5.113747,0.96675485,4.410684,-1.0597646,2.1810453,-0.43530327,74
-2.1404617,1.7277069,-0.1932818,-0.901637,2.2552557,-2.4123757,-1.7660047,-0.73408306,-0.29691362,-1.9181465,2.460649,-0.5891472,3.1362486,-1.1350389,2.583562,-2.4507074,28
-0.315826,0.39256144,-0.519521,-0.97203714,2.0813994,-1.0285851,-1.179598,-0.6489513,0.02963385,-0.7295916,1.643515,-1.8061893,1.5335982,0.2699253,1.116206,-2.8672006,90
-1.9395168,1.2760382,0.7652869,-1.9949251,2.8686256,-2.3478873,-2.2583513,-1.8274525,0.9956704,-0.29741707,4.0487185,-1.1343415,3.6843734,-0.22896543,3.075214,-1.7205443,25
-2.2026193,2.4653,-1.4100807,0.6057946,1.4333636,-1.7102745,-0.13352622,-0.13567401,-0.34305573,-1.4294916,2.6687353,-0.61810106,2.2694457,0.24610212,1.5444854,-1.0859923,127
-0.58760226,1.1129084,0.5440697,-1.0679343,1.282396,-2.3531568,-0.8318044,-2.225915,1.4090031,-1.2769568,3.4701958,0.075319305,3.5575058,-0.30064002,3.3327527,-2.8230274,53
-0.21301453,0.8205273,0.19266136,-0.21364927,1.0031238,0.24240682,0.42826092,0.1083025,0.24034007,-2.0261526,1.7333232,-1.2451613,1.8333416,-0.038927913,0.80895466,-0.16735718,3
-0.31737298,0.722708,0.55486053,-0.074178785,1.1892465,0.36113498,-0.1202426,0.01835537,-0.033727795,-0.83087075,1.7603229,-2.230914,0.8669598,0.48155662,0.64904684,-0.39812854,23
-2.0679488,1.4931312,0.3177802,-0.96080524,1.7056144,-1.4992816,-0.9226592,-1.1290407,0.5822793,0.807803,3.1821918,-1.3732293,2.3427606,0.5712793,1.7087648,-0.103666484,25
-1.6091087,1.7655075,-1.2293695,-0.5941041,2.1851459,-1.2836933,-1.1057476,0.1430282,0.03140018,-1.1598386,1.8812679,-0.8960725,1.8992364,-0.047361705,1.0318784,-2.2422664,62
-3.7152789,2.4482148,-1.2625548,-2.2173202,2.984429,-3.0292583,-1.9128388,-1.0804846,1.2371475,-0.6092368,5.295974,0.85424817,4.5172863,-0.9240127,2.5514655,-0.72621524,74
-2.3749537,1.6354129,0.026861407,-1.1050551,2.2363992,-2.464916,-1.8572104,-0.6898724,-0.18309297,-1.3934855,2.3036036,-0.98389214,3.042103,-0.9889871,2.5185807,-2.4382024,28
-0.3058419,0.32660872,-0.43518806,-0.9606356,1.8980062,-0.7980913,-1.05153,-0.61246204,0.026901431,-0.57371,1.513317,-1.972368,1.393023,0.4414995,0.96002394,-2.5799255,90
-1.9929674,1.2295444,0.9287005,-2.205234,2.878461,-2.284898,-2.3229809,-1.5823655,1.1256613,0.1374394,3.8487697,-1.5292406,3.516044,-0.39663887,2.939576,-1.6649065,25
-2.4475036,2.90244,-1.6219821,0.9661375,1.3201584,-2.0808315,0.050724708,-0.028450528,-0.46804363,-1.6547345,2.5278907,-0.45195556,2.3438928,0.36475292,1.602604,-1.25118,53
-0.38772124,1.1570079,0.34267324,-1.140111,1.5544046,-2.293243,-1.0222312,-2.482425,1.1379243,-1.4235382,3.6045787,0.24958742,3.6517289,-0.3258992,3.4073024,-2.6661816,53
-0.21163167,0.8073199,0.31966674,-0.3843022,1.2811583,0.3219446,0.2435989,0.27494776,0.31010818,-1.9346082,1.7048109,-1.2306831,1.8041766,-0.23830554,0.6786102,0.0001604855,3
-0.29579788,0.7126583,0.57982385,-0.18393923,1.3990538,0.35618418,-0.31130302,-0.034114536,-0.12442653,-0.89516085,1.6637439,-2.261475,0.91744447,0.5246607,0.65185934,-0.4956671,23
-1.1666892,1.2080581,0.222883,-0.635478,0.99535656,-1.1321236,-0.3510837,-0.97291535,0.32713634,1.0666751,2.4242074,-1.7581022,1.4730575,0.8599347,1.2680824,-0.50276697,78
-1.5796669,1.9219756,-1.5597473,-0.23613922,1.8612926,-1.4390306,-0.85609305,-0.006107346,-0.2972147,-0.98192984,1.8365378,-0.6723421,1.8188307,0.16424397,0.9978378,-1.7994928,62
-3.4052565,2.25734,-1.1977987,-1.7471292,2.512659,-2.9438038,-1.5519117,-1.1962091,1.0319774,-0.62401587,5.211537,0.64266616,4.267396,-0.85439134,2.6332963,-0.79049593,104
-2.5507288,1.6119158,0.07069166,-1.1429639,2.057192,-2.7145696,-1.8109684,-0.9194865,0.17364879,-0.7577585,2.4193215,-1.1982751,3.0413709,-0.5593092,2.5455058,-2.7898293,28
-0.28635207,0.40057194,-0.5306673,-0.7451649,1.664038,-0.8150975,-0.8008486,-0.58890456,-0.13224484,-0.55009484,1.3218595,-1.9764259,1.3093753,0.5539003,0.90278643,-2.444924,90
-2.1213336,1.2259951,1.0044376,-2.5379791,2.903973,-2.2454386,-2.5142076,-1.5735788,1.3513337,0.81391233,3.8197737,-1.8832471,3.3260267,-0.34679556,2.8187585,-1.7042046,25
-2.440861,2.7509227,-1.7028913,0.6396084,1.2554662,-2.2986367,-0.24394491,-0.23580346,-0.57901365,-1.2416329,2.2576122,-0.52242297,2.3211632,0.27119145,1.7017863,-1.5795386,53
-0.10750073,1.2169838,-0.03274736,-0.7845241,1.5699896,-2.0583057,-0.93655765,-2.2943716,0.6336592,-1.7529969,3.3044453,0.3966024,3.3119948,-0.3335872,3.1064816,-2.5129712,53
-0.084409155,0.72773856,0.40858805,-0.4497578,1.3390447,0.44941312,0.23789974,0.4236367,0.3622839,-1.813329,1.48784,-1.3338447,1.6877491,-0.20227379,0.4826286,0.058903605,3
-0.42482656,0.8008321,0.7131654,-0.2398396,1.5302156,0.19240275,-0.34341657,-0.07658112,-0.06490299,-1.0143005,1.8041085,-2.2901647,1.1350083,0.50777763,0.81064636,-0.6632199,3
-0.8617905,1.273519,0.081257135,-0.24470654,0.90712994,-0.9513424,-0.13465065,-0.9783442,0.06501351,0.83196455,2.5327191,-1.8128991,1.2273448,1.0293056,1.1715112,-0.46693426,78
-1.6595426,1.7965415,-1.1804667,0.020221323,1.5949372,-1.3544863,-0.54880995,0.11826045,-0.5183891,-0.9271188,1.6670451,-0.8558706,1.7869608,0.1926189,0.89931434,-1.211777,62
-3.4132981,2.3253567,-1.2209153,-1.5111624,2.341569,-2.7138405,-1.3886313,-1.0060472,0.86811554,-0.82969904,4.9785633,0.5840745,4.0016828,-0.8746872,2.5407996,-0.57146275,104
-2.5627584,1.5341282,0.19816254,-1.1186526,2.07625,-2.7009683,-1.8086435,-0.8995277,0.04773181,-0.41407752,2.172956,-1.4238214,2.8801882,-0.27902144,2.3387616,-2.7032554,28
-0.4213773,0.68833566,-0.9063071,-0.7486527,1.8239383,-0.831679,-0.8326861,-0.50313956,-0.112504825,-0.55218685,1.469222,-1.775744,1.3053021,0.55096936,0.8226161,-2.5046644,121
-2.0996573,1.2380755,0.952557,-2.6796691,2.9062204,-2.2673879,-2.5734034,-1.5688505,1.332668,1.1793121,3.724129,-2.0408726,3.2169163,-0.3832085,2.7489514,-1.7545805,25
-2.247382,2.4192302,-1.6361231,0.2519095,1.1591457,-2.275599,-0.51909167,-0.4024021,-0.58342695,-0.75278634,1.8616785,-0.6011549,2.1522357,0.25080767,1.6182207,-1.6152346,53
0.2185774,1.0208826,-0.20944144,-0.49501133,1.3627377,-1.8015482,-0.79275715,-2.0777552,0.23932269,-2.1274662,2.7488244,0.39588273,2.9521427,-0.47958153,2.89457,-2.6413343,53
-0.027897313,0.6431401,0.46756428,-0.55026734,1.3920901,0.5127017,0.16645934,0.40949145,0.31628063,-1.6230016,1.4084699,-1.4674232,1.619344,-0.18941551,0.40664756,0.09786785,3
-0.39033324,0.8817707,0.7493116,-0.37400016,1.6651591,-0.0072252415,-0.4351362,-0.24084169,0.12922342,-1.0938433,1.9601952,-2.1577492,1.3433511,0.58970135,0.98242855,-0.97201353,3
-0.9300563,1.2111648,0.18939243,0.14676005,0.73389006,-0.8864566,0.061534673,-0.9721059,-0.0026411861,0.8019754,2.4909742,-1.8582702,0.99765366,1.2520193,1.1429844,-0.53646976,60
-1.653007,1.8598044,-1.1338903,0.41571534,1.3594129,-1.4151317,-0.14609757,-0.097429365,-0.5256933,-1.1581819,2.1170971,-0.73662055,1.9057035,0.38097885,1.0206771,-1.000647,75
-3.109748,2.356839,-1.361217,-0.9642564,1.7388215,-2.5712397,-0.85297966,-0.8647707,0.56941473,-0.79430294,4.3918357,0.6274194,3.3992827,-0.55558336,2.2361865,-0.5569223,104
-2.4465144,1.3502884,0.39640927,-0.7780371,1.913451,-2.525148,-1.4970874,-0.7706428,0.05386889,-0.52668726,2.0897665,-1.5993447,2.8270037,-0.059798256,2.1157498,-2.5536525,28
-0.67194426,0.82097393,-0.9008667,-0.9214548,2.1863766,-1.0195704,-1.1142209,-0.51804674,-0.0670083,-0.7414507,1.6831408,-1.6458812,1.6975312,0.3996525,1.0012213,-2.6282415,121
-1.978671,1.1739445,0.99961525,-2.4847555,2.9467802,-2.1994991,-2.4880533,-1.4183173,1.1949673,0.92401874,3.5792816,-2.0533297,3.1975455,-0.43730214,2.6188915,-1.786623,25
-2.4379945,2.4924335,-1.3258348,0.3408925,1.4712911,-2.4799824,-0.5504802,-0.28555533,-0.76655096,-1.1190106,1.9274234,-0.4446912,2.4665086,0.26290733,1.6625946,-1.4416401,53
0.39253384,0.788221,-0.5412663,-0.21108526,1.0467578,-1.5914228,-0.5698917,-2.0191596,0.18235275,-1.9825706,2.6525538,0.46571928,2.5810256,-0.5862195,2.6962044,-2.5313714,53
-0.16932768,0.69718504,0.40732646,-0.5654169,1.4456226,0.4464137,0.1373479,0.44407952,0.3046622,-1.4855129,1.5193292,-1.5716987,1.6446123,-0.16096821,0.39927167,0.16830081,3
-0.25856853,0.80756056,0.6182209,-0.35300785,1.567931,-0.038540218,-0.37408125,-0.446717,0.095062144,-1.1339624,1.9554965,-1.9959972,1.3904934,0.72785497,1.0245076,-1.0426021,3
-0.9098078,1.3164546,-0.16674793,-0.04817599,1.003715,-0.5971137,-0.13146293,-0.71886945,-0.113757476,0.7515216,2.349947,-1.7253666,0.7451125,1.1279744,0.8644528,-0.33311316,78
-1.613082,2.0261374,-1.2411158,0.25367534,1.6395257,-1.2576623,-0.16942903,0.2362133,-0.33831912,-1.124049,2.1958668,-0.6658087,1.7509141,0.16784835,0.7478794,-0.7674461,127
-2.8279076,2.2550695,-1.4813344,-0.98433155,1.3468889,-2.3780851,-0.6045167,-0.58858633,0.59907097,-0.36302865,3.8217974,0.64153534,2.7649672,-0.48257715,1.737787,-0.47340322,104
-2.0479212,0.9618592,0.5788601,-0.582502,1.4549062,-2.1370683,-0.8245469,-0.762339,0.5207783,-0.40596452,2.2546682,-1.8279271,2.724106,0.33130708,1.8118466,-2.4988434,28
-0.9312234,0.98376334,-0.9071953,-0.9008359,2.3932257,-1.1199558,-1.2710754,-0.47367138,-0.017613664,-0.99702585,1.9089973,-1.5056622,2.0132372,0.3025757,1.1226852,-2.671419,62
-1.8060122,1.0378196,1.0817862,-2.4850924,3.05118,-2.0821836,-2.4615579,-1.3784939,1.1915171,0.81442857,3.4575317,-2.2027285,3.2024527,-0.31284478,2.4673398,-1.9734902,25
-2.333141,2.3627036,-1.4559671,0.16756374,1.6773461,-2.5434718,-0.73605,-0.467814,-0.831526,-1.0371267,2.0614517,-0.28247508,2.608758,0.34137896,1.6334401,-1.527673,53
0.2961231,0.7014566,-0.71165836,-0.13907391,0.87412596,-1.4536681,-0.4442466,-1.8559704,0.09181839,-1.9326776,2.6054296,0.5038078,2.3745937,-0.7234416,2.514576,-2.3545117,53
-0.36615145,0.7737204,0.39423984,-0.66610014,1.509192,0.4186875,0.09476845,0.51812196,0.38495862,-1.3952688,1.5888076,-1.7023952,1.682935,-0.109557904,0.38361365,0.16344583,3
-0.009570874,0.51803243,0.7688175,-0.60737133,1.3821639,0.07592561,-0.27174187,-0.6495654,0.26244006,-0.58995944,1.9016101,-2.0400977,1.2924254,0.9204038,0.85011464,-0.8472178,23
-0.76830596,1.1218722,-0.015492536,-0.10319893,1.1694353,-0.30632704,-0.24665135,-0.71532375,-0.059801385,0.5426749,2.3495703,-2.0005693,0.72717434,1.2176988,0.7997814,-0.32941785,23
-2.0909586,2.385711,-1.4468197,-0.48462868,2.3816004,-0.9236167,-0.72290117,0.9664168,0.101098,-1.0823218,2.4874642,-0.60423064,1.6165576,-0.6618708,0.4336084,-0.45003822,127
-3.0226598,2.4353366,-1.1779628,-1.3782761,2.1581135,-2.5641463,-0.92833394,-0.29548955,1.1884881,-0.41161963,4.5452385,0.88501865,3.1938066,-0.8424529,1.714307,-0.20227407,104
-1.7161334,0.87828094,0.1561578,-1.5098196,1.8627465,-1.6549002,-1.0457673,-0.54203063,0.99067193,0.14724246,2.5899346,-1.5066187,2.4077625,-0.009435717,1.2519579,-2.2421687,3
-1.0415889,1.1610782,-0.8995919,-0.9058969,2.6665716,-1.3010583,-1.4225589,-0.41929245,0.046059206,-1.2258033,2.071848,-1.3890839,2.2343667,0.20061699,1.2302817,-2.8725758,62
-1.5349795,0.96903646,0.99531466,-2.492676,3.057941,-2.0086641,-2.3440883,-1.5746465,1.2312778,0.9660474,3.5905902,-2.229924,3.2360792,-0.115592375,2.375902,-2.0292864,25
-2.4694338,2.2252758,-1.1047926,-0.2017176,1.8242118,-2.5172336,-0.89516544,-0.16879287,-0.5843592,-0.78126687,1.6595504,-0.36506847,2.499407,0.4226042,1.3491404,-1.594388,62
0.17846148,0.6424874,-0.92144454,0.005651921,0.55506945,-1.1263255,-0.2249316,-1.5821592,-0.0891121,-2.2170753,2.335939,0.42924476,2.063062,-0.7442196,2.2856061,-2.3333764,53
-0.40265715,0.7433572,0.41032964,-0.76746434,1.4518014,0.3909898,0.12823114,0.47507223,0.46670592,-1.1771607,1.5401441,-1.8448269,1.6622431,0.08752226,0.3401728,0.07495004,109
-0.15262175,0.37446406,0.7140273,-1.6636314,1.6415772,0.20041695,-0.8118433,-0.75275326,0.6223268,0.19398859,2.0387309,-1.9363964,1.3364992,0.5792726,0.7038545,-0.49028602,23
-0.581149,0.9566959,0.011983186,-0.035724282,1.1221775,-0.1430467,-0.21314576,-0.70555735,-0.06478894,0.43987635,2.336152,-2.1107361,0.67468613,1.1233528,0.78262764,-0.23817372,23
-2.2195685,2.2874622,-1.2847921,-0.65250397,2.670279,-0.80525637,-0.90458506,1.1914216,0.1251011,-0.90876734,2.3886766,-0.87116843,1.6150837,-0.80179876,0.28542092,-0.20896448,127
-2.675853,2.155564,-0.8649257,-1.8094664,2.86406,-2.207033,-1.3824096,-0.2774087,1.1695709,-0.54166096,4.4820166,0.6846471,3.5004327,-1.3369508,1.6797836,0.081467986,104
-1.3388014,0.45385376,0.5216416,-0.62572694,1.2796214,-1.2834176,-0.332398,-0.64924836,0.37941533,-0.5479286,2.1034248,-2.0411253,2.3546894,0.46187058,1.2830563,-1.9492295,3
-0.9920275,1.2227008,-0.7858359,-0.7402283,2.6523066,-1.4381757,-1.3388706,-0.5033211,-0.028228998,-1.5655764,2.1567473,-1.1719806,2.408348,0.12416046,1.3958077,-2.868829,62
-1.6071621,1.1459447,0.62584203,-2.9075272,3.3333855,-1.7543486,-2.4811378,-1.435738,1.2622921,1.0887886,3.824496,-1.976752,3.0580053,-0.15685397,2.027336,-1.7883763,25
-3.1828809,2.5320244,-0.93487656,-0.4259606,1.6351593,-2.7574663,-0.9285864,-0.10023475,-0.16750695,-0.5145165,1.8557384,-0.4362531,2.5667431,0.3769931,1.633339,-1.809098,53
0.09444621,0.6564354,-0.9980996,0.033588678,0.54331076,-0.97501403,-0.19460931,-1.370487,-0.28228748,-2.414513,2.151515,0.33546373,1.9542971,-0.79028934,2.1238768,-2.27098,53
-0.51482004,0.7756622,0.4975661,-0.66444695,1.1920115,0.33226687,0.35236806,0.52732325,0.44373375,-1.0547284,1.3454448,-2.003866,1.6204555,0.336627,0.2784406,0.06460452,109
-0.6540717,0.6981689,0.6606296,-2.271422,2.291667,-0.09190403,-1.2930185,-0.8955827,1.038797,0.05766096,2.7607188,-1.4995542,2.077038,0.11147987,1.055885,-0.33676243,23
-0.45692265,0.8911724,-0.025325213,0.05744174,0.9277418,-0.11053975,-0.031052426,-0.7391242,-0.20747958,0.2581694,2.1909049,-2.085749,0.74445534,1.1693188,0.7807794,-0.1676613,23
-2.1827414,1.9553566,-0.91948074,-0.64383906,2.411703,-0.8373145,-0.8342119,1.2102597,0.21054581,-0.501337,2.1048918,-1.311646,1.5596006,-0.8895771,0.3229546,-0.24163395,127
-2.6428614,2.0509367,-0.59293216,-1.9594922,3.1974864,-2.1200578,-1.544595,-0.21711963,1.37132,-0.587452,4.511864,0.47746253,3.7478242,-1.409505,1.6689212,0.02629441,104
-1.4227479,0.45335498,0.40236408,-0.93640536,1.7479918,-1.0042652,-0.55776167,-0.48256475,0.49663705,-0.88465,2.4002423,-1.9315197,2.5431633,0.14515457,1.191228,-1.722151,3
-0.8309687,1.1900356,-0.6324328,-0.33723477,2.3126926,-1.4912664,-0.9722051,-0.59064436,-0.2600124,-1.7313774,2.0677583,-1.0817719,2.3901818,0.23300523,1.4367003,-2.6765428,62
-1.8140367,1.4295206,0.24285673,-2.9602182,3.427535,-1.6737474,-2.4322162,-1.2697499,1.2274688,0.7124434,4.003701,-1.481555,3.0419333,-0.10090598,1.8006083,-1.5954471,25
-3.7645104,3.0377803,-1.0619603,-0.30945343,1.4617488,-3.3845444,-0.9074719,-0.169114,0.20102367,-0.5674767,2.1595213,0.0056497827,2.8045542,0.3195189,2.054115,-2.3444998,53
-0.15407744,0.9061094,-1.2249391,-0.13079599,0.76806325,-1.0464163,-0.40411896,-1.0685762,-0.30469984,-2.2859356,2.3296027,0.5467849,1.9612064,-1.2512622,2.0541477,-1.9409611,53
-0.59640497,0.81125844,0.5150984,-0.55537754,0.9412779,0.31684774,0.5129261,0.53882813,0.40194792,-1.0636778,1.2037274,-2.1410944,1.5783949,0.5251832,0.27318743,0.010474086,109
-1.3765119,1.2281226,0.42444474,-3.0667605,2.8468728,-0.629935,-1.9486178,-1.0549672,1.5041238,0.20572829,3.3777127,-0.94458604,2.7098224,-0.29635176,1.4330931,-0.43533957,25
-0.61837745,0.7002723,0.2159868,-0.44210914,0.9718034,0.0807523,-0.12167462,-0.60497844,-0.0904209,0.52088624,2.1662934,-2.1953714,0.75925916,1.0683535,0.5450388,0.14992869,23
-1.9706862,1.6797366,-0.730169,-0.6000613,2.0546365,-0.9209929,-0.6661882,1.1232716,0.3131884,0.006174788,1.7576145,-1.5163152,1.3728402,-0.7686642,0.24615556,-0.34113264,127
-2.5020468,1.9444547,-0.1709851,-1.8878907,2.8621936,-1.9603425,-1.3126502,-0.22520038,1.4511431,-0.15438461,4.0642776,-0.01675424,3.5620646,-1.0193604,1.6004566,0.07789281,104
-1.4291883,0.5728151,0.2042798,-1.1910365,2.3262458,-0.8755896,-0.9180288,-0.20981154,0.47378236,-1.1082191,2.4832153,-1.6805906,2.6213577,-0.2278085,0.9960788,-1.5834928,3
-0.71461684,1.1083206,-0.5670016,-0.25221777,2.0900102,-1.4803147,-0.83377886,-0.56863296,-0.3994013,-1.5730965,1.7877626,-1.2042725,2.2049994,0.29193997,1.3526087,-2.5668952,62
-1.9980967,1.57726,0.03757392,-2.792462,3.190359,-1.672864,-2.186297,-1.2006081,1.1827885,0.44430408,4.0015306,-1.1133225,3.0633373,0.11708262,1.6593438,-1.3244319,25
-4.092268,2.6202645,-0.81846905,-0.88580865,1.8404499,-3.6694336,-1.4564693,-0.26017648,0.69604945,0.036554523,2.353547,0.048603192,2.9916418,0.23012653,2.05524,-2.6964054,62
-0.61290294,0.9801248,-1.4449574,-0.30609077,0.870944,-1.1477633,-0.5449178,-1.1976066,-0.17795198,-2.1942585,2.8870618,0.61434036,2.1412547,-1.3393967,2.2063122,-1.9120367,53
-0.7082191,0.9282479,0.47408462,-0.61296606,1.1095074,0.31372833,0.39089513,0.72910994,0.34822664,-0.92412496,1.1440251,-2.2862108,1.5083859,0.45199487,0.15695502,0.066130936,109
-1.4631001,1.3425231,0.44487464,-3.016707,2.8977036,-0.63646716,-1.9866173,-0.9736425,1.3734322,-0.06498639,3.136454,-0.93728673,2.8147314,-0.2148343,1.4220518,-0.4099004,25
-0.9285727,0.9033146,0.11658974,-1.1427352,1.7512856,-0.026264424,-0.66740173,-0.5686269,0.23876241,0.36976334,2.8429554,-1.616416,1.3127444,0.46634093,0.5994163,0.38004094,23
-1.8182611,1.5539176,-0.8226438,-0.5945846,1.7759272,-1.2400179,-0.4679196,0.62528044,0.55242395,0.26660225,2.0864344,-1.3986149,1.6816561,-0.33111537,0.4531382,-0.6496603,127
-2.588153,1.8698668,0.091735676,-1.9328969,2.6445808,-1.9518464,-1.2075636,-0.2647353,1.631586,0.25732434,3.8385208,-0.3302301,3.4597614,-0.6903923,1.5614536,0.016005754,104
-1.4515069,0.6169754,0.3029828,-1.1156114,2.3790145,-0.7816296,-0.8428216,0.1579329,0.3947153,-1.2568897,2.2049174,-1.580342,2.535638,-0.3484572,0.79520017,-1.3110965,3
-0.6542053,0.9060538,-0.2564094,-0.4768567,2.0569978,-1.4689418,-0.8846363,-0.29833984,-0.41002697,-1.3475114,1.3032764,-1.3906317,1.9927104,0.08473841,1.1526765,-2.5536938,62
-2.0012052,1.6106637,-0.107143626,-2.4580586,2.6741061,-1.65202,-1.7809848,-1.1711636,0.9236532,0.36286244,3.529846,-0.9289577,2.8928664,0.59834445,1.4199269,-1.061688,25
-3.8657486,2.0867023,-0.36707664,-0.701859,1.5341436,-3.6425226,-1.2483716,-0.5117008,0.85044926,0.27807266,2.5173318,-0.30741954,3.0165148,0.30927563,2.1602461,-2.8635614,62
-0.74640644,0.922883,-1.0276855,-0.018022507,1.2397205,-1.1696007,-0.42788082,-1.0615854,0.0028900355,-2.3649507,3.3148882,0.3267342,2.4866667,-1.1603239,2.1147466,-1.5709658,53
-0.9441016,1.1557624,0.427253,-0.65682876,1.2501439,0.31204337,0.24859188,0.91600686,0.3213117,-0.89738977,1.1542983,-2.3653972,1.4301102,0.35201845,0.11376857,0.10144681,109
-1.4597564,1.4455996,0.32278788,-2.9387157,2.8737173,-0.6135202,-1.9168136,-0.84110737,1.27681,-0.2181285,3.122633,-0.9148023,2.7780726,-0.29750815,1.3964138,-0.41113302,23
-1.1077604,1.1751671,0.06553732,-1.249526,2.2046723,-0.20586054,-0.82702905,-0.551256,0.3851366,-0.061609372,3.1266122,-1.2154689,1.7720687,0.27993608,0.7575787,0.3131044,23
-1.8533169,1.5405197,-0.7694706,-0.8090152,2.0655956,-1.1050164,-0.3707798,0.87232393,1.0287865,-0.103090204,2.6056912,-1.1000834,1.8849704,-0.4132427,0.23454654,-0.7270409,127
-2.4090922,1.7121077,0.13645963,-1.8877234,2.5973802,-1.6850755,-1.1569091,-0.15974945,1.3924671,0.21883276,3.4103622,-0.4949986,3.274033,-0.5435932,1.2992936,0.22104359,104
-1.4401417,0.53236574,0.4345833,-1.3660614,2.3555846,-0.7602558,-0.94739693,0.16680583,0.5397014,-1.108675,1.9273642,-1.5988708,2.5393782,-0.32673925,0.76714724,-1.25944,3
-0.6470776,0.73095244,-0.21392459,-0.5360007,1.8757081,-1.1171186,-0.8861162,-0.27061617,-0.6282168,-1.483942,1.1615086,-1.559211,1.905827,-0.065600514,1.1293011,-2.1517124,28
-2.3327467,1.7449019,-0.21975751,-2.4181254,2.4850001,-1.7874622,-1.6591151,-1.0881139,0.97526747,0.38018277,3.4598625,-0.6599576,2.9650738,0.80669165,1.3330587,-0.7774003,25
-3.4021885,2.029403,-0.07665884,-0.43291914,1.4841939,-3.830998,-0.9133282,-0.8295592,1.080706,-0.31657717,2.8605683,-0.18376952,3.386901,0.45146635,2.4938366,-3.455401,62
-0.8741328,0.8583615,-0.6377708,-0.07417324,1.4909112,-1.072812,-0.50649047,-0.82145303,0.28065926,-2.2747595,3.5115118,-0.031656027,2.598931,-1.266701,1.99932,-1.3183101,53
-1.0823183,1.3187029,0.31957215,-0.585896,1.2089887,0.24995807,0.23671104,0.9094256,0.23086947,-0.95713824,1.1144156,-2.359619,1.3834345,0.44700435,0.14232317,-0.033604115,109
-1.5000459,1.5479891,0.15527596,-2.811055,2.790368,-0.6799948,-1.7596179,-0.69380194,1.2265221,-0.34064236,3.1497872,-0.8353206,2.7533636,-0.38936925,1.3713703,-0.46965495,23
-1.0702386,1.2172608,0.11436385,-1.4195771,2.2791877,-0.37746882,-0.956259,-0.7243408,0.5872856,-0.017855681,3.1953895,-1.2435174,2.08807,0.2503863,0.97670525,0.10238138,23
-1.908155,1.5968113,-0.88740957,-0.7551113,1.8573229,-1.0653572,-0.18596756,0.77310306,0.70442784,-0.4014522,2.6362567,-0.83530885,1.8270366,-0.26806304,0.22674428,-0.7134161,127
-2.173069,1.617173,0.39391035,-1.6686927,2.6927886,-1.4261512,-1.0266051,-0.008509885,1.262354,-0.0031904504,3.103667,-0.76113605,3.1600235,-0.3813183,1.1132805,0.24518812,104
-1.503782,0.5585347,0.5192091,-1.4171349,2.569829,-0.6527659,-1.1069802,0.2789632,0.55621034,-1.1658634,1.9590616,-1.5731454,2.444107,-0.45004767,0.6821899,-1.149889,109
-0.59369886,0.6744504,-0.1360726,-0.35870537,1.5567083,-0.9429711,-0.6573697,-0.25721756,-0.80966896,-1.3846561,0.9514055,-1.7534518,1.747906,0.04693068,1.0336266,-1.7739522,28
-2.5241654,1.7259266,-0.39750743,-2.263317,2.3369274,-2.026288,-1.5249896,-1.2420683,1.0755334,0.23228317,3.9172242,-0.22006388,3.2600193,0.6637745,1.5453919,-0.64186966,104
-3.1080258,2.189571,-0.19049817,-0.3206718,1.6572134,-3.6760187,-0.7178272,-0.7422471,1.2217762,-0.64414215,3.1089573,-0.15541776,3.3601184,0.57699436,2.374413,-3.681072,62
-0.80798197,0.91216093,-0.47542417,-0.16581203,1.4827389,-1.3835435,-0.53914446,-0.96087545,0.4465397,-1.7624825,3.408172,-0.36987096,2.7124991,-1.0235751,2.0983968,-1.5604732,53
-1.1848483,1.4015274,0.30384958,-0.46244052,1.1074519,0.24788168,0.26911932,0.972301,0.0892911,-1.119728,0.92059517,-2.345928,1.339267,0.5112602,0.11933066,-0.06747049,109
-1.7035912,1.6370239,0.30046976,-2.6586385,2.8550825,-0.9203832,-1.7582952,-0.80629414,1.2337488,-0.55313754,3.366512,-0.8263505,3.1265736,-0.4531622,1.6671944,-0.45988297,25
-1.0277029,1.2236192,0.19411905,-1.277761,2.160896,-0.5149517,-0.8533532,-0.81250983,0.6208197,0.052632637,3.1818202,-1.413799,2.1552315,0.37107491,1.1085331,-0.100235194,23
-2.2046227,1.7706003,-1.0555017,-0.98341525,1.9891846,-1.1189708,-0.35150474,0.7541052,0.91807544,-0.39062765,3.0479295,-0.6062089,1.929189,-0.5068409,0.3328936,-0.68285394,127
-2.5442286,2.0431218,-0.14567524,-2.1103976,2.9849105,-1.7700719,-1.4868164,-0.18850783,1.1250147,0.1856133,3.5417552,-0.19663888,3.360356,-0.65799195,1.3093183,0.55450505,74
-1.247754,0.49501777,0.6208233,-1.2437572,2.6473918,-0.49181774,-1.043658,0.35891452,0.5870877,-1.152533,1.8727049,-1.6830869,2.214972,-0.38734964,0.5298059,-1.1816783,109
-0.80410296,0.6244443,-0.022746194,-0.41151112,1.4111363,-1.0394527,-0.53379154,-0.26492113,-0.69953895,-1.1027852,0.9746677,-1.8938873,1.7993906,0.23147124,1.024839,-1.645766,28
-2.9725254,2.045345,-0.35378277,-2.7766833,2.7709227,-2.4865673,-2.0163248,-1.2829454,1.3172289,0.25159988,4.13855,0.047856554,3.8329203,0.28092152,1.8895566,-0.7254782,25
-2.7597349,1.8614724,0.050281137,0.64708173,0.8726595,-3.2671144,-0.20131494,-1.1770687,0.4177556,-1.4383686,3.0993633,-0.35695535,3.2537367,0.7312087,2.748912,-3.2101438,53
-0.7448511,0.92791855,-0.47338784,-0.46166432,1.4079753,-1.4783188,-0.6322499,-1.1547385,0.6795696,-1.3110917,3.3395534,-0.5821605,2.8101957,-0.9214201,2.2427943,-1.626235,53
-1.1391844,1.3891609,0.34888083,-0.31002396,1.0927484,0.28429753,0.3433249,1.1116519,0.045575164,-1.294785,0.78321874,-2.246291,1.3344572,0.40249878,0.034602568,0.0071487725,109
-1.7774152,1.714386,0.18250306,-2.532401,2.8535151,-1.084285,-1.6518284,-0.8001999,1.2557997,-0.3987162,3.5424776,-0.8034028,3.1897845,-0.41289598,1.6674916,-0.4120319,25
-1.3267087,1.5281794,-0.14003444,-1.0779619,2.1128578,-0.7897483,-0.7383848,-0.7353245,0.5464414,0.050681822,3.51696,-1.22645,2.1966007,0.26458937,1.1961129,-0.08338368,104
-1.4928263,1.3612227,-0.82304347,-0.8288928,1.7599757,-0.80280024,0.019026645,0.3580863,0.8793948,-0.63996035,2.9375489,-0.79312325,2.093335,-0.1023303,0.36582187,-0.6344019,127
-2.9201665,2.236616,-0.3087038,-2.3662722,3.1427712,-2.051826,-1.8476735,-0.40244544,1.0990204,0.10954546,3.8859959,-0.07136023,3.7010217,-0.836566,1.677484,0.47084475,74
-1.0124712,0.4524727,0.56609255,-1.2916602,2.544241,-0.40639222,-1.0123017,0.12965325,0.51632565,-0.97268593,2.0269806,-1.6959977,2.1053681,-0.3042292,0.63036853,-1.0250077,109
-0.9683445,0.7145879,0.013664387,-0.529452,1.4634087,-1.0201173,-0.6083092,-0.19900465,-0.56451625,-0.92815465,1.0584171,-2.0217903,1.7868547,0.23143351,1.0156239,-1.5373111,28
-2.9870968,2.0845249,-0.12733456,-2.852891,2.6651683,-2.517876,-1.9675673,-1.2682122,1.4077562,0.26926807,3.7348268,-0.29512745,3.9523249,0.44776747,1.9350107,-1.0131056,25
-2.2232738,1.741715,-0.03845031,0.55576295,0.3360675,-2.8522804,0.031721324,-1.3762002,0.42143792,-1.3021424,2.597634,-0.67971534,2.8873298,0.9057461,2.7865615,-3.244234,53
-0.678762,0.97543585,-0.58424896,-0.65974677,1.5222491,-1.5799754,-0.7572015,-1.2922343,0.8812011,-0.89087313,3.3536541,-0.68209195,2.8381395,-0.70015514,2.2330222,-1.701772,53
-1.1166506,1.3661261,0.25187832,-0.5379857,1.3588477,0.23926741,0.1759203,1.1759648,0.2281262,-1.2542762,1.046928,-1.8523977,1.4479725,0.049967326,-0.05239933,0.14831376,109
-1.8199959,1.810679,-0.1163218,-2.535799,2.9267097,-0.9756506,-1.6581055,-0.5564886,1.1911749,-0.3848248,3.4853013,-0.7022157,2.9661705,-0.4896133,1.4142098,-0.32390323,23
-1.5793155,1.6460016,-0.1279518,-1.1056709,2.3108435,-0.8941199,-0.8942648,-0.74258727,0.4850133,-0.1084892,3.6177049,-1.1957331,2.3802817,0.2714354,1.2949659,-0.0045737624,104
-1.2560152,1.1343896,-0.83128923,-0.7869967,1.5512772,-0.54536635,0.08359045,0.19898579,0.53727376,-0.6312473,2.5675838,-0.8435397,1.9360523,0.23699975,0.24377929,-0.37432358,127
-3.1736896,2.329003,-0.3530888,-2.309784,3.1559625,-2.3243272,-1.9817564,-0.8433243,1.0190253,-0.09562863,4.4645815,-0.03316261,4.03989,-0.8388124,2.2007177,0.14672834,74
-1.0461862,0.4819501,0.48778576,-1.2799084,2.2446918,-0.38953626,-0.7751956,0.003053749,0.56924826,-0.5960492,2.1588538,-1.9023981,2.015799,-0.032295812,0.660616,-0.9835993,23
-1.0272223,0.79786897,0.010495417,-0.5644735,1.460843,-0.95515215,-0.62519926,-0.12532993,-0.41223925,-0.74935454,1.081508,-2.0958939,1.6920123,0.28069603,0.91476494,-1.4797161,28
-3.5890937,2.3906603,-0.5663316,-2.9305592,2.501316,-2.726858,-2.0500805,-1.0599078,1.4334352,0.34387696,3.9733696,0.006322935,3.9265738,0.16674167,1.9789866,-0.80572146,45
-1.8045443,1.4407711,-0.30283278,0.08100793,-0.258366,-2.5070393,0.14403431,-1.7224952,0.42237222,-0.61686146,1.989491,-1.0657449,2.3986142,1.2595817,2.6871698,-3.3228953,98
-0.94645005,1.4650652,-1.1850568,-0.5576929,1.6460888,-2.40289,-1.0998161,-1.7052411,0.24182333,-1.1516979,3.1314006,-0.15490972,2.9671326,-0.39164418,2.6787472,-2.6485424,53
-0.6715979,0.8200622,0.82611734,-0.009928316,0.92835057,0.55136377,0.58287895,1.1629758,-0.082262844,-1.4085615,0.4929536,-2.3809955,1.2762599,0.10443091,-0.063114606,0.26122963,109
-1.833929,1.7226572,-0.22108169,-2.5116684,2.839851,-0.8196725,-1.6070453,-0.3868907,1.1490339,-0.24566284,3.3117256,-0.83330244,2.7151487,-0.4621401,1.2002187,-0.25999957,23
-1.5768207,1.6259451,-0.14957215,-0.70299625,1.8647678,-0.95781034,-0.50651217,-0.80697966,0.3729604,-0.09837064,3.4829164,-1.4990435,2.2917247,0.58137757,1.3722382,-0.21682452,104
-1.1517466,0.9041794,-0.7349681,-0.8670497,1.223909,-0.8793141,0.1388493,-0.073643014,0.5992837,-0.012660913,2.2113452,-0.9014434,2.0666668,0.4211431,0.361524,-0.5063255,3
-3.2796562,2.2273273,-0.22931218,-2.1195621,3.1059132,-2.6300085,-2.0130343,-1.2236485,1.0509216,-0.30919442,4.994907,-0.022305094,4.3522964,-0.8302133,2.682617,-0.27444974,74
-1.1939704,0.70353365,0.32993144,-1.2315836,2.270289,-0.36735818,-0.860519,-0.092046514,0.42574072,-0.7199629,2.279988,-1.6128099,1.8879614,0.043856695,0.6992461,-0.7539786,23
-1.2322153,1.0014164,-0.17602986,-0.52864665,1.6482502,-1.1415069,-0.8636323,-0.049179524,-0.7113293,-0.8304615,0.8566043,-1.9778304,1.6257789,0.15230921,0.9494663,-1.4855001,28
-3.7742426,2.5888813,-1.032602,-2.9763389,2.5428314,-2.7726824,-2.1960645,-1.0232811,1.2398856,0.49059078,3.9513335,0.27318904,3.8260415,0.13139194,1.9037904,-0.43771148,45
-1.8908463,1.0991156,-0.16369832,-0.5630758,0.020177722,-2.3079948,-0.3614416,-1.7028452,0.42457902,-0.23821318,1.871743,-1.475388,2.33133,1.0447087,2.592922,-3.201155,98
-1.3415654,1.8878522,-1.6592464,-0.8001732,2.2511897,-2.1711972,-1.4279232,-1.3578466,0.55110997,-1.2885159,3.5746791,0.0557511,3.1060727,-0.6250862,2.534675,-2.383624,53
-0.81943035,0.82249695,1.090124,0.101599604,0.87887394,0.4150936,0.6698585,1.1740859,-0.047800764,-1.3220791,0.4832803,-2.5253744,1.3502388,0.1447533,0.02331332,0.18440527,109
-1.8945669,1.58974,-0.07989957,-2.4681315,2.7529721,-0.8228425,-1.5740926,-0.38065848,1.1708835,-0.09009549,3.2466428,-1.1513109,2.7057104,-0.35630402,1.2106558,-0.3266315,23
-1.4610425,1.4506538,-0.038836274,-0.5996547,1.6482493,-1.0498528,-0.40357238,-1.0055165,0.42814618,-0.0022680834,3.453725,-1.6787958,2.329238,0.65861255,1.5671841,-0.44981804,104
-1.4447899,1.025474,-0.4899928,-0.65186584,1.3872728,-1.0571399,0.19180769,0.06647929,0.71700764,-0.13223173,2.4477103,-0.84870136,2.259795,0.37885973,0.4163804,-0.45865884,104
-3.1977925,2.175166,-0.19910677,-1.7580037,2.7953439,-2.7108314,-1.7608721,-1.2892565,0.9490149,-0.5459406,5.105523,-0.0012589023,4.2886744,-0.85745776,2.8582664,-0.46591577,104
-1.0091281,0.68823254,0.15330689,-0.92142713,1.8706529,-0.27412242,-0.57404286,-0.12519398,0.24431553,-0.62084424,2.1943505,-1.4076796,1.5650759,0.20911881,0.54518026,-0.4497237,23
-1.2142997,1.0675418,-0.41219497,-0.67892325,1.7419499,-1.1435918,-0.9367961,-0.085587636,-0.65785694,-0.59864056,0.82706743,-1.8383114,1.543875,0.20064783,0.8725393,-1.523155,28
-3.9301996,2.677701,-0.8516857,-2.8743138,2.8946357,-2.940516,-2.4226027,-1.2258577,1.1967627,0.28258657,4.1988835,0.2617296,4.2677693,0.0694428,2.2517555,-0.23092546,45
-2.1049523,1.2683742,-0.52192324,-0.85075843,0.44756046,-2.3912158,-0.66469735,-1.466747,0.53873926,-0.35644343,2.0085635,-1.1822162,2.4868462,0.7356871,2.4820118,-3.1965714,98
-1.3743376,2.1126332,-1.5202549,-0.7365937,2.5542946,-1.8009313,-1.3873712,-0.92323506,0.51961315,-1.7180403,3.2392228,-0.13567652,2.9863455,-0.4410399,2.1995564,-2.1723492,53
-0.8992044,0.79691714,1.2019879,0.038220584,0.9129453,0.36114433,0.60399324,1.095846,-0.07938725,-1.2050074,0.46119815,-2.6676362,1.4062037,0.27628365,0.06252037,0.11473957,109
-1.9289523,1.490875,0.20046408,-2.1985683,2.7094254,-0.98653805,-1.4863138,-0.48343432,1.250153,-0.14901894,3.4902072,-1.4242392,2.9923573,-0.33594355,1.4579362,-0.39207807,23
-1.2161872,1.2613676,-0.057775807,-0.5561696,1.4882692,-1.0703924,-0.35951775,-1.0987726,0.39255255,0.19172555,3.3123534,-1.7531836,2.192494,0.6679539,1.5675583,-0.54045,104
-1.3536682,0.91871035,-0.24898785,-0.7638671,1.616399,-1.0148923,0.061941147,-0.0061644036,0.86793584,-0.084653735,2.5098293,-0.99365854,2.3242543,0.4036848,0.47697762,-0.5709914,3
-3.3528144,2.2857273,-0.25603992,-1.6638398,2.6913705,-2.770943,-1.672905,-1.1956851,1.0288548,-0.632006,5.2504697,0.07112621,4.160758,-0.8785054,2.9091847,-0.5492341,104
-0.68775153,0.4898895,0.19373395,-0.30917662,0.9545966,-0.17625722,0.13867621,-0.26591352,0.15230446,-0.6018625,2.030124,-1.5874779,1.2043681,0.7219041,0.50112414,-0.57264924,3
-1.5066233,1.1286886,-0.5966971,-0.9114138,1.5187267,-1.1624291,-1.0331693,-0.42564052,-0.470703,-0.33966717,1.0388547,-1.977231,1.7697392,0.46763173,1.137312,-1.7315261,98
-4.1546125,2.666967,-0.75852454,-3.3429704,3.3175082,-3.1645577,-2.9300067,-1.4707661,1.3558748,0.45843992,4.488092,0.19777477,4.5634894,0.02454856,2.5127347,-0.5037964,78
-2.1694853,1.1632787,-0.45890993,-0.9809757,0.8749486,-2.2935078,-0.9262083,-1.2407352,0.5713866,-0.1978518,2.1302228,-1.3696778,2.4320815,0.5363248,2.2546563,-3.1093018,98
-1.4721845,2.2250865,-1.4856343,-0.77300215,2.6411343,-1.6003984,-1.4181695,-0.5726449,0.42788005,-1.790511,2.882708,-0.3043358,2.7249393,-0.41059756,1.9169925,-2.1940541,62
-1.0902919,0.80005693,1.3712778,0.08503923,0.9573898,0.30222374,0.63585514,1.187454,-0.028701887,-1.204545,0.5238371,-2.8362474,1.4830992,0.32285854,0.103143275,0.07536206,109
-1.9140792,1.3955524,0.5252706,-1.849241,2.7353082,-1.1364429,-1.404457,-0.5523103,1.180023,-0.36842167,3.6098535,-1.5848365,3.2733803,-0.32825157,1.666974,-0.34844393,25
-1.3714323,1.3911803,-0.015185751,-0.50589114,1.6193595,-1.0508324,-0.41854447,-0.8317773,0.20822507,0.07937481,3.1197908,-1.8745608,2.1688063,0.69397527,1.4152263,-0.34336013,23
-1.2237328,0.93457264,0.16138446,-0.74047583,1.9048935,-1.0280542,-0.034226194,-0.12054026,0.9538467,-0.34642038,2.656112,-1.1486697,2.5509312,0.42847577,0.72183794,-0.72460043,3
-3.3614235,2.2805676,-0.3965909,-1.4564587,2.221078,-2.7820628,-1.3856443,-1.2113453,0.9892577,-0.37384242,5.0218463,0.013299778,3.8267565,-0.6204755,2.803816,-0.62972057,104
-0.72648,0.56931734,0.09804365,-0.27962273,0.9595483,-0.25141364,0.120548606,-0.39356798,0.17477319,-0.7206568,2.2164812,-1.5560429,1.3512802,0.84514517,0.63257897,-0.66537124,3
-1.7090375,1.2881095,-0.7540453,-1.1141523,1.2333951,-1.0785987,-0.9675528,-0.41874543,-0.3361218,0.21125752,0.9174014,-2.0751503,1.6255322,0.72753537,0.9858089,-1.6270766,98
-4.5111594,2.6616094,-0.8121277,-3.545312,3.311089,-3.2186422,-3.029998,-1.5249447,1.5538487,0.4349099,4.860454,0.08119924,4.673353,-0.015592929,2.7022984,-0.73167074,78
-2.1488032,1.0722153,-0.42151016,-1.065856,1.337642,-2.1925623,-1.1693072,-0.92973363,0.5441548,-0.093735315,2.0973628,-1.5476506,2.3773024,0.33384058,1.9526181,-3.0373938,56
-1.4926836,2.2300732,-1.3821266,-0.49361825,2.5401416,-1.3215287,-1.1521349,-0.31929928,0.29354376,-1.9019207,2.8469296,-0.43346226,2.5085175,-0.39531684,1.6777261,-1.8008466,75
-1.215054,0.8487887,1.5016456,-0.001381278,1.1080037,0.22599173,0.53273636,1.2751403,0.09086475,-1.3263402,0.5019213,-2.725828,1.6459103,0.25769618,0.12508786,0.16105759,109
-1.8187174,1.3190014,0.7613251,-1.3364316,2.5076432,-1.3107712,-1.0988985,-0.6755118,1.0426809,-0.5078949,3.6126602,-1.6960621,3.4220002,-0.11220081,1.8279016,-0.33076862,25
-1.5117238,1.5248353,-0.15208505,-0.39387813,1.541815,-1.001304,-0.40892124,-0.6478704,-0.039798424,-0.012388706,2.8368769,-1.8966737,2.0733225,0.7102648,1.2963129,-0.17215896,23
-0.7537709,0.7132806,0.39955485,-0.685406,1.8344278,-0.78433037,0.025001407,-0.284593,0.7830642,-0.3569875,2.553693,-1.4970431,2.4048324,0.43821815,0.83411574,-0.7140653,3
-3.2433577,2.3403575,-0.45775002,-1.2365348,2.0550494,-2.5081832,-1.2062707,-0.944756,0.7058337,-0.27392545,4.626123,-0.21997204,3.340354,-0.5324964,2.4585702,-0.45594254,104
-0.8152313,0.76411855,0.0030574128,-0.03635916,0.96574974,-0.2531019,0.19442852,-0.28147388,-0.06847574,-1.1733856,2.1837807,-1.4383473,1.3904171,0.776861,0.6859929,-0.63697195,3
-2.1123095,1.6034908,-1.012978,-1.6724198,1.3432695,-1.0316477,-1.209189,-0.15801093,-0.14217074,0.759932,0.91323406,-1.7997324,1.3273547,0.6941975,0.6247736,-1.3568318,98
-4.080777,2.1765163,-0.6593034,-2.375373,1.718875,-2.6146028,-1.7050157,-1.2386664,1.131388,0.68595374,3.9074664,-1.1935768,3.7076597,0.7716932,2.24754,-0.85725224,78
-1.9606704,0.9650348,-0.3848164,-1.0705218,1.6603333,-1.9682293,-1.2947757,-0.6892286,0.48273343,-0.017191425,2.024286,-1.7213688,2.2353282,0.2601411,1.6175444,-2.8341594,56
-1.3086945,2.000495,-1.2454288,-0.4914112,2.6037617,-1.1037375,-1.1677889,-0.049894743,0.10289787,-1.9655452,2.378262,-0.5382923,2.2530618,-0.3401903,1.3174113,-1.7077608,62
-1.2516247,0.88736844,1.5226861,-0.104186565,1.2005028,0.15240578,0.4180686,1.2004647,0.16400895,-1.3118567,0.55516,-2.5927153,1.713078,0.27418,0.16648723,0.13804275,109
-1.5756259,1.2472498,0.82616645,-0.63800514,2.0760045,-1.38568,-0.6375415,-0.7534147,0.6600764,-0.79113984,3.3559186,-1.705256,3.3640316,0.10813332,1.8881887,-0.30849397,25
-1.6436917,1.4942641,-0.12062387,-0.2107316,1.2971334,-1.021932,-0.28054118,-0.5954611,-0.21483593,0.026595093,2.691811,-1.9097459,2.0325937,0.73977524,1.2458066,0.03139949,23
-0.40742826,0.5443961,0.27207845,-0.17971641,1.3143446,-0.4828641,0.43647867,-0.22155446,0.5709296,-0.3757883,2.327074,-1.5477352,1.8309197,0.5786793,0.63327533,-0.728616,3
-3.024579,2.3746037,-0.58019423,-1.2149518,2.0764441,-2.410659,-1.0360004,-0.7844283,0.7868457,-0.2728975,4.5174775,-0.14026657,3.2775676,-0.47100216,2.2203987,-0.24970262,104
-0.85502714,0.88773954,-0.17532867,-0.06591907,0.98263836,-0.23841877,0.14902017,-0.23615381,-0.10637638,-0.96524906,2.159371,-1.4506097,1.1970279,0.79002774,0.600887,-0.6556754,3
-2.349251,1.6502223,-0.9461245,-2.0706182,1.310634,-1.0329489,-1.4111155,0.004549332,0.046425104,0.94664276,0.69167286,-1.67713,1.1486397,0.6230211,0.49238217,-1.2898767,98
-4.540854,2.4081173,-0.8127916,-2.8618174,2.5642495,-2.1148632,-2.3198428,-0.2518593,1.0393946,0.6812859,3.6776702,-1.5073609,3.494858,-0.08361397,1.6964465,-0.34485346,25
-1.6384321,0.6969198,-0.08368853,-0.8248026,1.6087868,-1.6928308,-1.0099282,-0.68216836,0.5300888,0.102314286,2.0955052,-2.077727,2.204079,0.61423326,1.3636565,-2.443879,56
-1.1313139,1.9337063,-1.3132324,-0.36826134,2.4710302,-1.0141507,-0.9603933,0.061382554,-0.05547887,-1.8476511,2.1969318,-0.48447675,2.0718424,-0.21361369,1.0415711,-1.4719281,121
-1.455153,0.99482584,1.5650454,-0.11399673,1.1901032,0.021895215,0.3627991,1.067518,0.25268394,-1.409232,0.8243161,-2.4082122,1.9133129,0.18043843,0.38509715,0.17066836,109
-1.4250331,1.3071302,0.70024854,-0.20244046,1.856743,-1.3219204,-0.37106705,-0.68965644,0.3577428,-1.1110584,3.1744401,-1.4746585,3.1702201,0.20205045,1.7820191,-0.18369494,25
-1.714849,1.2378223,0.32619995,-0.19467144,1.1906133,-1.0902855,-0.25749174,-0.6935176,-0.20846377,0.09646345,2.5342035,-2.070338,2.2007942,0.82388264,1.3308433,0.08553782,25
-0.21331152,0.46667373,0.47803432,0.18709004,1.2401048,-0.20835666,0.5090755,-0.059318297,0.21913476,-0.98071724,1.853062,-1.4315715,1.6968284,0.61888117,0.5084792,-0.32038626,3
-2.6697476,2.2896388,-0.713121,-1.3876703,1.8597367,-2.2565289,-0.8608909,-0.7129644,0.9261416,-0.05613772,4.1842213,-0.054330815,2.9860115,-0.3708104,1.9506028,-0.28678894,104
-1.2810702,1.1473265,-0.5447368,-0.8793624,1.1782153,-0.2661719,-0.28664654,-0.199074,0.37043023,-0.37354705,2.3987577,-1.3600132,1.0726702,0.59466624,0.5798802,-0.8888607,127
-2.636055,1.8704014,-0.9144855,-2.477979,1.4542155,-1.0337961,-1.6643186,0.254945,0.12277091,0.9211947,0.5775109,-1.421247,1.0654495,0.32232448,0.40205947,-1.0883162,103
-5.3437943,2.8738737,-1.144143,-3.1827903,2.696271,-2.5991,-2.4964678,-0.18101302,1.1848705,1.1483047,3.7268274,-1.3740029,3.7500384,-0.02039421,1.847647,-0.49961305,45
-1.6866246,0.68713355,0.03502448,-0.89878625,1.9680786,-2.1855254,-1.1899626,-1.0642719,-0.18143795,-0.31808284,2.1067278,-1.7783101,2.7503326,0.6098897,1.7618469,-2.4235663,28
-1.0554754,1.9020028,-1.2942606,-0.21960422,2.3537831,-1.1117606,-0.7828118,-0.013568067,-0.10630928,-1.5729319,2.2740564,-0.49439713,2.0442238,-0.07237743,0.97512203,-1.3115356,127
-1.5377629,1.0942626,1.5233591,-0.0034439564,1.1530006,-0.09454797,0.37925518,0.90868556,0.28443038,-1.5121057,1.1090935,-2.308843,2.035329,0.16304371,0.5877343,0.07163021,3
-1.4596809,1.3767483,0.6667699,-0.28993383,2.0523424,-1.2848079,-0.46634918,-0.5935269,0.29865432,-1.1419743,3.210462,-1.3092084,3.1519778,0.09414203,1.6887779,0.0052246153,25
-1.6682218,1.1000155,0.48012018,-0.23520619,1.1118853,-1.0577459,-0.2092203,-0.7587805,-0.19665481,0.12720582,2.3075316,-2.0274303,2.1770544,1.0109233,1.2716132,0.016926348,25
0.2529801,0.18098764,0.38532555,0.1184738,1.0679595,0.004197255,0.46947223,-0.24105442,-0.029647663,-0.9081266,1.5335057,-1.346173,1.4591782,0.64977527,0.3947412,-0.14482976,3
-2.5533438,2.2164953,-0.7484171,-1.4927793,1.9006606,-1.9120828,-0.8585703,-0.47349578,0.8626174,-0.07478297,3.871517,-0.053329647,2.7204819,-0.39270657,1.6136293,-0.017069697,104
-1.4040059,1.2881843,-0.7290821,-1.3336301,1.4373152,-0.057539534,-0.550552,0.11189019,0.37532324,-0.34589052,2.211209,-1.2558181,0.94431233,0.34100628,0.31812808,-0.6954889,127
-3.0232422,2.2612214,-1.3110244,-3.0524387,1.8029841,-1.1473098,-2.0746539,0.39464247,0.2805429,1.0219514,1.0374482,-0.80227315,1.0738864,-0.32646987,0.43801683,-0.87831235,103
-5.710089,3.3283963,-1.0449656,-2.835272,1.8280452,-3.6594448,-2.0131745,-0.8427598,1.7883422,1.6635706,4.0131283,-1.2166343,4.070781,0.5453587,2.642082,-1.4486911,45
-1.5178425,0.4488058,0.09530613,-1.1229155,2.1040077,-2.1348574,-1.2634592,-1.0738484,-0.15113808,-0.26191977,1.970786,-1.6094265,2.7857006,0.3896014,1.6833967,-2.3528023,28
-0.8927611,1.772341,-1.3244196,-0.04360318,2.2850685,-1.12529,-0.6681202,-0.15213254,-0.2188723,-1.3435118,2.331476,-0.6291174,1.9211278,0.20570686,0.8797131,-1.3547571,99
-1.2737739,1.1611707,1.4310423,0.119707614,1.2796464,-0.15227953,0.40038866,0.74927473,0.36550638,-1.6577047,1.3211575,-2.1848147,2.0504177,0.22843102,0.7076666,-0.23651235,3
-1.5897295,1.3970289,0.6771145,-0.70614254,2.3141785,-1.2663069,-0.7801433,-0.5548359,0.4034071,-0.7545003,3.2523963,-1.3629203,3.1305575,-0.15279613,1.6302558,0.11038619,25
-2.0810528,1.3375571,0.6889123,-0.16165058,0.81007934,-1.1366278,-0.017716154,-0.5791973,-0.08992571,0.20619887,1.9720956,-2.0593266,2.0056703,1.3771638,1.1859334,-0.061787635,23
0.18088068,0.21223244,0.48549467,0.23480052,0.8430496,-0.03727289,0.62364495,-0.2249471,0.086000115,-0.9213023,1.6878266,-1.4854805,1.383419,0.6273941,0.5281076,-0.31884134,3
-2.5923505,2.2333608,-0.8313773,-1.51777,1.9892097,-1.7561698,-0.92411643,-0.3039631,0.9408072,-0.16041201,3.8526218,-0.029929265,2.6260662,-0.41703042,1.4881135,0.11145955,104
-1.6589426,1.4555001,-0.9071962,-1.6259825,1.8262624,-0.012819186,-0.96117496,0.35542807,0.37370363,-0.44283774,2.1705463,-1.1204989,0.92134196,0.09973147,0.20209756,-0.7242724,127
-2.489684,1.6828725,-1.0182173,-3.0705717,1.7449124,-1.053602,-2.1422937,0.26689053,0.111668006,1.6188974,0.54613906,-1.1125774,0.727346,-0.18590751,0.19632164,-0.9179893,103
-5.232181,3.3681438,-1.0870304,-2.3181517,0.95442325,-3.9476032,-1.3113438,-1.2964277,1.8714956,1.7409427,3.6622314,-1.2596161,4.0272756,1.0474793,2.9842846,-2.0231948,117
-1.6654067,0.58783174,0.23474,-1.4505191,2.6785169,-2.3140829,-1.5059108,-0.95027745,0.34560996,-0.2998272,2.407064,-1.361579,3.1514776,0.049630493,1.7457979,-2.4755576,28
-0.6532084,1.6928174,-1.437208,-0.021383077,2.2484026,-0.94133586,-0.59066933,0.039382987,-0.2750311,-1.1190468,2.0091794,-0.78262085,1.5337124,0.31513932,0.5389922,-1.4781322,121
-1.4225283,1.3352835,1.4962014,-0.3297744,1.5186877,-0.50945747,-0.030778052,0.34567544,0.41452676,-1.3365415,1.7102491,-2.0824273,2.390423,0.008440144,1.2018678,-0.19220482,3
-1.639206,1.3025151,0.8772669,-0.7586299,2.302526,-1.1271555,-0.78668666,-0.36603087,0.40611702,-0.50719094,2.9034207,-1.7117057,2.9994369,-0.061963886,1.4198226,0.22086543,25
-2.4400752,1.4352436,0.87027,-0.4026654,0.5627658,-1.0865122,-0.05349078,-0.40022895,0.09453976,0.31583747,1.5485568,-2.0545323,1.6738687,1.5683866,1.0721767,-0.26438797,23
0.2088782,0.27155146,0.5033133,0.3201539,0.88734835,-0.011234615,0.66527,-0.14495441,-0.046215877,-0.88718235,1.5195422,-1.6268699,1.3096366,0.74753535,0.4391412,-0.19672273,3
-2.4235096,2.1539817,-0.71370953,-1.5272952,2.0785983,-1.5538442,-0.9740134,-0.21416578,0.8776548,-0.11422816,3.5744753,-0.055390265,2.4515085,-0.4052864,1.3148661,0.20680434,104
-1.6732435,1.5158036,-0.7821997,-1.6552231,2.0349545,-0.03421843,-1.1085483,0.48993915,0.3873195,-0.5389989,2.208484,-1.0401101,0.9618672,-0.16049722,0.21531373,-0.5985751,127
-2.1581845,1.422827,-0.9737642,-3.0070024,1.7121743,-0.9648926,-2.0689907,0.32607487,0.1578337,1.9257593,0.39138553,-1.1536367,0.50865924,-0.24242386,-0.014556283,-0.8207898,103
-4.8063335,3.1183584,-0.61922026,-1.4996586,0.107349955,-4.1696396,-0.45053113,-1.602254,2.0521739,1.4786528,3.401709,-1.5197997,4.222837,1.5708927,3.3272011,-2.5678372,117
-1.7003281,0.7763351,0.24095355,-1.4761724,3.0214424,-2.5018709,-1.6932625,-0.8532064,0.5475625,-0.43798932,2.5554414,-1.3635714,3.2902508,-0.0121621415,1.8290313,-2.8817642,28
-0.70668274,1.4770262,-1.083641,0.08578712,2.0104103,-0.57773185,-0.58680475,0.24819744,-0.5275431,-1.4723694,1.6728487,-1.2772892,1.2761958,0.19901764,0.54218215,-1.4316602,121
-1.5268217,1.2653584,1.5856764,-0.79934335,1.6351489,-0.71318674,-0.408682,0.19572291,0.45875263,-0.96567124,1.6428844,-2.273551,2.5054712,-0.09426787,1.3683295,-0.45184225,23
-1.6969341,1.2736557,0.9637516,-0.8493503,2.126292,-1.1840069,-0.72651315,-0.3742448,0.487531,-0.26051727,2.6998029,-1.9424541,2.9944437,0.0915241,1.426334,0.082303286,25
-3.1461873,1.8668563,0.2992491,-2.1578937,0.7562602,-1.8213458,-1.052793,-0.68808895,1.0631995,1.5177795,1.7774429,-1.3921254,1.7950289,1.2078061,1.3937261,-1.1545722,78
0.2501893,0.34270298,0.34466535,0.32954597,0.874933,0.16276269,0.64278877,-0.021925773,-0.23903562,-0.9305239,1.2350065,-1.7699633,1.0628457,0.84084433,0.26553428,-0.18038222,3
-2.2566302,2.0468156,-0.60432494,-1.3827118,1.9418479,-1.4370066,-0.8185642,-0.112035215,0.8294764,0.07842126,3.1591072,-0.2330544,2.2376983,-0.18413833,1.0963326,0.20456749,104
-1.4999834,1.5382917,-0.84082973,-1.7074903,2.0780358,-0.03197655,-1.1163939,0.51090884,0.4013335,-0.33864003,2.1202366,-0.9566486,0.8831624,-0.21203288,0.1265243,-0.4864483,127
-2.2818675,1.6493106,-1.1973279,-2.9983854,1.720804,-1.2920907,-2.0520968,0.20757094,0.3196985,1.9519265,0.8148396,-0.90653586,0.6297708,-0.2722403,0.13243522,-1.1170722,103
-4.4745398,2.599104,0.17219396,-0.80420196,-0.3668757,-4.3010445,0.4384266,-1.5530725,2.3808434,0.8035534,3.2929082,-1.6526582,4.568743,2.0287724,3.3294208,-3.1506824,53
-1.7276716,0.9836706,0.2578107,-1.1866558,3.079114,-2.5616145,-1.6746467,-0.7346165,0.33479404,-0.6876257,2.45449,-1.3720737,3.2912998,-0.008162767,1.8355788,-2.8468192,28
-0.46238953,1.112175,-0.70655257,-0.18054266,1.9572892,-0.51756954,-0.65388,0.19129497,-0.5505011,-1.3955345,1.3728348,-1.4459693,1.3160369,0.10961651,0.51729405,-1.4707115,121
-1.5112166,1.1900737,1.5378475,-0.9928408,1.6257895,-0.7356422,-0.6368196,0.32573166,0.28919113,-0.83594084,1.3270415,-2.3126116,2.2907999,-0.24169937,1.255116,-0.5662767,25
-1.7467732,1.2087862,1.020022,-0.7463335,1.9014944,-1.1477985,-0.5320267,-0.26631218,0.54654175,-0.27553242,2.5190125,-2.0382197,2.9041705,0.19361117,1.3698939,-0.042172134,25
-3.1074874,1.9058063,0.12727754,-2.2834916,1.4846385,-2.0385187,-1.361512,-0.17008504,1.1523416,1.7983569,1.8131201,-1.1159384,1.9327786,0.4746091,1.0981568,-0.88509613,103
0.13832106,0.35379982,0.29560798,0.36476737,0.73217493,0.17903717,0.65119934,0.07116406,-0.26921242,-0.6649066,1.1026394,-2.0765705,0.9188297,0.9082937,0.18501054,-0.2433977,3
-2.1591516,2.1331067,-0.7131587,-1.2436328,1.9343767,-1.3858824,-0.67062867,0.0011783075,0.84727305,0.10928952,3.0347714,-0.30461752,2.0957696,-0.041842498,0.9426693,0.031291872,104
-1.4745746,1.6162074,-0.9191,-1.8140397,2.1581395,-0.05059373,-1.1871953,0.534687,0.4610741,-0.28862312,2.018688,-0.8340105,0.880011,-0.21745518,0.06316166,-0.48304188,127
-2.3936114,1.7284157,-1.0333838,-2.8185844,1.9874141,-1.4435526,-1.9994627,0.06665287,0.5905422,1.3745085,1.4090502,-0.8570885,1.1064442,-0.26714635,0.49660838,-1.5619378,95
-4.7693677,2.6573448,0.10305259,-0.43115976,0.30031472,-4.961564,0.33566856,-1.8685956,2.1070735,-0.47850925,4.02961,-1.0232803,5.5717115,2.1567862,3.8307045,-4.001195,92
-1.8768425,1.0616516,0.4394526,-1.142477,3.2258697,-2.7320263,-1.8048077,-1.0122163,0.25042093,-0.66190004,2.6712582,-1.3169179,3.5169754,0.2046943,2.0086987,-2.766535,28
-0.6574543,1.044901,-0.44997197,-0.3216956,1.819972,-0.6145193,-0.65156,0.060081244,-0.4416362,-1.1918776,1.5615011,-1.515182,1.4889088,0.048191257,0.7169597,-1.3588607,121
-1.2453083,1.0892336,1.4974538,-1.1754208,1.7322867,-0.6348733,-0.90775996,0.2984364,0.1675921,-0.750197,1.2109646,-2.389063,2.1518362,-0.41059747,1.2516456,-0.5102453,25
-1.9900422,1.2828943,1.1720867,-0.7863794,1.9628956,-1.2182859,-0.5833426,-0.20986891,0.66284156,-0.40285674,2.4988189,-2.0315328,3.0647154,0.2087299,1.4455425,-0.0475806,25
-3.0346951,1.7416604,0.32823431,-1.8087833,1.1071396,-2.415626,-1.0049081,-0.36008435,1.0810275,1.8019423,2.1562788,-1.0984342,2.0922956,0.37996387,1.3531572,-0.9929935,25
-0.0146512315,0.30605206,0.467732,0.19129062,0.68895406,0.27061573,0.6023358,0.19853488,-0.15136655,-0.41072214,0.9903299,-2.3508556,0.8737124,0.8989056,0.092796504,-0.22668977,3
-2.0153723,2.084067,-0.6460879,-1.0776229,1.9947244,-1.3029078,-0.613911,0.035412665,0.8098835,0.08494977,3.007823,-0.38333613,1.9911027,0.06880792,0.8502821,0.009392202,104
-1.5076672,1.6112721,-0.85658216,-1.9233654,2.2562833,-0.071379006,-1.2567953,0.5732719,0.64366525,-0.093720704,2.05509,-0.85284704,0.88202995,-0.22946504,0.04225548,-0.452656,127
-2.2093801,1.6997163,-0.8285357,-2.4187937,1.5415006,-1.6045395,-1.4147347,-0.46336946,0.972761,1.1301273,1.8709699,-1.0221019,1.3980703,0.3434885,0.95539147,-2.2139802,95
-3.9775214,2.2003272,0.12070477,0.03025508,0.3279388,-3.6328135,0.46330732,-1.2531909,0.6347039,-0.9288731,2.8402054,-1.8426657,4.712249,1.7689216,3.046977,-2.4963868,53
-1.9380901,1.1430764,0.57351315,-0.9286995,3.2963848,-2.8366416,-1.7699775,-1.1343937,0.28737354,-0.84603363,2.9243565,-1.1837242,3.708336,0.27369848,2.1482253,-2.7017713,28
-0.70844394,0.9322207,-0.27393752,-0.4174975,1.871167,-0.4226159,-0.7487962,0.15388682,-0.54100907,-1.2247671,1.5259662,-1.6547642,1.5171137,-0.20678675,0.7108019,-0.94628906,3
-1.0693598,1.0323489,1.3529718,-1.2041833,1.6955581,-0.6686736,-0.9642379,0.1538825,0.102509566,-0.7761295,1.2885284,-2.3848155,2.1467297,-0.4276533,1.3536671,-0.67125726,25
-2.2088223,1.4759572,1.342029,-0.86369306,2.14084,-1.3684766,-0.70419383,-0.17851272,0.87168545,-0.5757601,2.646913,-1.8925555,3.3207536,0.08655422,1.6242126,-0.060189247,25
-2.2655845,0.7159654,1.0611553,-0.52187556,-0.36775434,-1.4898574,0.07149717,-1.1901175,0.13619389,1.1734962,1.3580041,-2.306481,1.6506827,1.6927996,1.4848338,-0.7932012,78
-0.08189769,0.29587165,0.5506224,-0.0018204749,0.678366,0.41325408,0.5204105,0.33761892,-0.13756947,-0.30077532,0.7435638,-2.494821,0.73416203,0.8884708,-0.035746023,-0.23058209,109
-1.8265595,1.9787285,-0.48959738,-0.8761918,1.983284,-1.1684566,-0.5115184,0.02530615,0.8213363,-0.058159143,3.0456097,-0.45772916,1.8904703,0.1741499,0.8364308,-0.05046171,104
-1.5397139,1.5686944,-0.66617554,-1.9060761,2.3815708,0.020306103,-1.2595195,0.59612477,0.82908344,-0.24477482,2.1831026,-0.9537847,0.94115764,-0.21669942,0.13980705,-0.5825257,127
-2.0117788,1.5802433,-0.36494833,-1.1029568,0.7446434,-1.6811376,-0.6604824,-1.2331272,0.5086119,0.030300811,2.3582304,-1.0093765,1.7869115,0.7726525,1.8391874,-2.1995435,3
-4.23536,2.1310453,-0.06959097,-0.68432975,0.90207416,-3.3794062,0.028140374,-0.8588798,0.84265584,-0.6105671,2.8375878,-1.9178009,4.593093,1.5948677,2.6718132,-2.375952,53
-1.8883954,1.2043984,0.51715297,-0.77952075,3.1684723,-2.757903,-1.6660552,-1.1578578,0.36346924,-1.0642103,3.119725,-1.1315837,3.6547542,0.19012484,2.2941666,-2.777052,28
-0.98239416,1.034198,-0.1903972,-0.52683496,1.9920533,-0.41666403,-0.8521026,0.3146337,-0.5024343,-1.7099414,1.518894,-1.65098,1.7148261,-0.3782628,0.7958793,-1.1614254,3
-1.3969382,1.2251424,1.5108911,-1.1587776,1.8709973,-1.065295,-0.98192966,0.11094109,0.36990973,-0.82286423,1.7727135,-2.3683336,2.553431,-0.445278,1.6461449,-0.8765696,25
-2.3937464,1.6558015,1.4669652,-0.9522195,2.3583832,-1.5273919,-0.8525046,-0.1957773,1.0531992,-0.7462845,2.8584538,-1.7345994,3.5442305,-0.036501393,1.8160303,-0.17959276,25
-1.9664022,0.9153077,0.31260788,0.19920015,-0.5430844,-1.0994867,0.4702738,-1.2806405,-0.23872127,0.9123647,1.6796801,-2.2504444,1.3453412,1.8249475,1.3443327,-0.5146035,78
-0.09113668,0.36741003,0.6991436,0.0877119,0.73315436,0.44526678,0.58946776,0.4745588,-0.16740625,-0.47467616,0.6895745,-2.581502,0.7390315,0.82492334,-0.04119651,-0.21203771,109
-1.933534,2.1026773,-0.34940064,-0.35354802,1.9005923,-1.2405621,-0.317914,-0.11195738,0.5257914,-0.35190874,3.4299228,-0.45636952,1.9510036,0.2197159,1.1085368,0.11217651,104
-1.481934,1.6323473,-0.7026253,-1.6843768,2.343019,-0.022360522,-1.1416956,0.3928595,0.8916905,-0.52322984,2.3687212,-0.96522874,1.0748367,-0.033660945,0.40322885,-0.9728227,127
-2.030867,1.762141,-0.6985546,-1.1358601,1.2457662,-1.413201,-0.9587037,-1.0638813,0.61156356,-0.40069583,2.8771296,-0.7050032,1.983762,0.17134318,1.9163741,-1.8476634,75
-4.0191684,1.7283738,-0.37207425,-1.9284045,1.2517399,-3.2416477,-0.7069477,-1.1982753,1.3556108,0.16408235,2.77503,-1.862458,4.543633,1.6629955,2.5836265,-2.7074976,78
-1.7919142,1.1901705,0.49297774,-1.6323284,3.5758877,-2.6815104,-2.2350802,-0.89594156,0.79988575,-0.9157266,2.848638,-1.0925677,3.3684897,-0.32779238,2.2392652,-3.4035304,28
-1.0567294,1.0914514,0.16895415,-0.5939766,2.0455701,-0.56937796,-0.9318032,0.2941486,-0.4256481,-1.6195323,1.5096481,-1.8195786,1.8751698,-0.46810982,0.9483471,-1.0730848,28
-1.7548909,1.3829484,1.6319559,-1.269669,2.0600934,-1.4439647,-1.1479923,-0.0095220655,0.5651181,-0.87580913,2.1107836,-2.2847471,2.9378006,-0.48022196,1.9693775,-1.1441412,25
-2.4855812,1.7768574,1.4935498,-0.86891955,2.4445834,-1.6450707,-0.87306476,-0.2422244,1.0639595,-0.93834776,3.002437,-1.6443691,3.674894,-0.05077286,1.9541236,-0.310294,25
-2.3300872,1.8169374,-0.15829653,0.25656968,-0.036481053,-1.2986594,0.4154982,-0.9026805,0.035738654,0.24356225,2.4874222,-1.6479695,1.4729683,1.2496462,1.6130588,-0.7347668,104
-0.13525032,0.43842053,0.6660833,0.12761217,0.58333206,0.33817154,0.6386708,0.36206806,-0.34257525,-0.39190385,0.63380575,-2.5597718,0.7576735,0.8861998,0.032840624,-0.07036787,3
-2.0094175,2.055718,-0.03702757,-0.41810688,2.122291,-1.4282831,-0.6685712,-0.53572285,0.38006383,-0.98736006,3.8302002,-0.23892033,2.516224,0.042536348,1.6769457,0.049512595,104
-0.71521366,1.5110066,-0.85062146,-1.0672035,1.7978369,-0.077240154,-0.587057,0.12170287,0.6428942,-0.55755544,1.9361798,-0.98553526,0.94241923,0.30932063,0.45901436,-1.3260179,127
-1.6596569,1.7837794,-0.99296844,-0.8206898,1.089916,-1.3960116,-0.6881818,-1.2081599,0.47651684,-0.49746877,2.989618,-0.41743833,2.0364006,0.068311386,2.0028188,-1.5144584,75
-3.7333128,1.3551934,-0.3972391,-2.3946526,1.1422259,-2.9232776,-0.9248843,-1.264721,1.530552,0.5175184,2.4990385,-2.021542,4.279373,1.5444434,2.4826527,-2.7228825,78
-1.5678667,1.06391,0.31461686,-1.5255908,3.3005242,-2.5081174,-2.113171,-0.90578854,0.5103664,-1.0146585,2.6884625,-1.0484014,3.063302,-0.517051,2.244348,-3.3076727,28
-1.1596122,1.1935328,0.34713787,-0.48703638,1.9755576,-0.8166363,-0.851175,0.18311688,-0.38525397,-1.6731565,1.5589933,-1.7827637,2.0716622,-0.33968484,1.1081446,-1.1736783,28
-1.9593155,1.4753058,1.6961299,-1.3410056,2.1243892,-1.6409017,-1.2642395,-0.100226104,0.70940334,-0.9522912,2.3023033,-2.1864176,3.1575384,-0.5804134,2.19363,-1.2507305,25
-2.294732,1.7415476,1.4873971,-0.6818498,2.482769,-1.5847179,-0.82942754,-0.235461,0.9543622,-1.221688,2.923309,-1.6479235,3.5990925,-0.011822861,1.9563025,-0.53396165,25
-2.0543272,1.4731352,-0.16359325,-0.45291683,-0.18067306,-0.85920954,0.28000176,-0.8319166,0.22876287,0.6970784,1.8226559,-2.0066946,1.1162791,1.1654302,1.3957769,-0.7654545,3
-0.23423626,0.506963,0.5339718,-0.0024395287,0.55814636,0.3494848,0.6210044,0.4381853,-0.4393835,-0.23916605,0.4824561,-2.5269837,0.68572986,0.8569646,-0.071178064,0.074332654,109
-1.8708521,1.929065,0.13757248,-0.36870825,2.3394675,-1.4038002,-0.9247165,-0.65184015,0.2919386,-1.0386717,3.9054627,-0.3883947,2.629964,-0.17255898,1.8471056,0.05943513,104
-0.4957499,1.3826118,-0.9711771,-0.8356393,1.6076162,-0.3056999,-0.44265884,-0.091682225,0.4983967,-0.54345834,1.9696096,-0.7431586,0.9615168,0.24620652,0.5886857,-1.5743434,127
-1.5548564,1.7540131,-0.8186916,-0.36308238,1.1189282,-1.4144319,-0.5064322,-1.0501691,0.3469222,-0.89041924,3.0454738,-0.5610817,2.1362095,-0.060068652,2.0409117,-1.45015,75
-3.2927036,1.3196397,-0.5308574,-2.543597,1.1315446,-2.8202908,-0.90538037,-1.3419552,1.5785774,0.65244234,2.28705,-1.8135762,4.1123543,1.5810617,2.3512568,-2.6637871,78
-1.3445069,0.8511376,0.53324354,-1.55811,3.2725763,-2.2005444,-2.318758,-0.96626836,0.11507777,-1.3839846,2.3905,-1.2336092,3.0050604,-0.5549429,2.2924445,-3.109259,28
-1.1400743,1.1774371,0.3829686,-0.32062694,1.8548054,-0.98751885,-0.68913496,0.0009210147,-0.2925179,-1.6540172,1.7458973,-1.6580675,2.2161837,-0.19255611,1.1851436,-1.2942096,28
-2.119476,1.5637915,1.756967,-1.1517143,2.0521789,-1.6888041,-1.1462286,-0.03937807,0.70142996,-1.0587186,2.3224335,-2.1869476,3.201389,-0.52762824,2.201204,-1.1640759,25
-2.2063205,1.7459693,1.3699144,-0.40563744,2.2545729,-1.5700521,-0.6601618,-0.40896246,0.6740051,-1.2757719,2.9746833,-1.5665252,3.5381148,0.13613391,2.0381541,-0.24596271,25
-1.8875228,1.5234871,-0.4939013,-0.31064746,-0.4522937,-0.7697201,0.50971884,-0.79136044,0.28274453,0.6978072,1.6094505,-2.0980818,0.9949145,1.2475128,1.3308529,-0.8289449,118
-0.40961468,0.67501265,0.26149207,-0.35462308,0.9160833,0.38383526,0.36807364,0.7395424,-0.43079585,-0.23177713,0.39580885,-2.3263113,0.7202325,0.49835905,-0.23403454,0.24569744,109
-1.7918621,2.073709,0.027757645,-0.45674443,2.478951,-1.3764758,-1.050521,-0.59786254,0.2091682,-1.0863805,3.9296954,-0.24329743,2.5812593,-0.49839604,1.9084215,0.15621823,104
-0.37288666,1.092187,-0.7427192,-0.06548199,1.0950241,-0.08964145,0.03343229,-0.39812005,0.07295917,-1.3088934,2.2476053,-0.5487886,1.1494933,0.16616473,0.9173842,-1.0159675,127
-1.5058734,2.061306,-0.62001026,0.4096068,1.192691,-1.3452033,-0.06238202,-0.58456963,0.20751864,-1.5295463,3.1632123,-0.50244886,2.1221464,-0.18836658,1.9130676,-0.9561213,75
-3.0404005,1.0244272,-0.2270639,-2.5394294,1.1884075,-2.6301548,-1.0236917,-1.2060171,1.4647992,0.9108798,1.9798603,-1.7457924,3.7629535,1.3863653,2.0660934,-2.2324035,78
-1.1419134,0.75488853,0.2846381,-1.6399217,3.2421823,-1.8959512,-2.328099,-0.68901265,-0.05053608,-1.2871966,1.9489884,-1.3028083,2.6102073,-0.5033046,1.8872174,-3.0253692,28
-1.0715957,1.0651608,0.5126892,-0.26614326,1.8658923,-1.0264139,-0.58929753,-0.06060289,-0.17394204,-1.585995,1.8291963,-1.6108673,2.3456516,-0.18812343,1.1687509,-1.2549119,28
-2.2160525,1.6002934,1.8467963,-0.9422445,2.1148143,-1.6895965,-1.0721661,0.108554415,0.6140205,-1.3082496,2.2373276,-2.1403682,3.2279718,-0.4911262,2.0975695,-1.0987798,25
-1.9962299,1.5912957,1.3695575,-0.09097265,2.0095382,-1.3771652,-0.3947453,-0.2958128,0.45140278,-1.3509504,2.6046784,-1.8171787,3.3035061,0.43014908,1.800476,-0.24435607,25
-2.0904338,1.1923372,-0.06945953,-0.6069838,-0.18631601,-0.9902824,0.0062389635,-1.0400447,0.3305824,1.2531675,1.6974081,-2.5747175,1.1708872,1.3103034,1.4816271,-0.9765214,78
-0.6106866,0.9107015,-0.07691008,-0.5638054,1.1459767,0.43868116,0.251729,0.84632015,-0.30944884,-0.28629902,0.5110935,-2.1189327,0.7267911,0.42658374,-0.31279004,0.32193696,109
-1.989506,2.236341,-0.041663352,-0.66295874,2.7982407,-1.2260063,-1.2658284,-0.34959248,0.3267951,-1.2301705,4.0536995,-0.30378443,2.526692,-0.73707163,1.8662717,0.095244944,104
-0.3837697,1.267581,-0.76476085,-0.00051268935,1.3874263,-0.22402456,-0.09246455,-0.5957979,0.020235717,-1.853377,2.4993098,-0.33606356,1.4984198,0.20567828,1.2053438,-1.1339927,75
-1.3183074,1.9537334,-0.5385871,0.5062558,1.5035478,-1.5434424,-0.33887357,-0.79435045,0.046838365,-1.6260555,3.475045,-0.38747045,2.3689892,-0.40371478,2.0796351,-0.88500124,53
-2.803111,0.5814471,0.41034395,-2.3255937,1.139615,-2.508889,-1.0312744,-1.0300593,1.3658203,1.151016,1.6626916,-1.8895783,3.43894,1.1476058,1.8533853,-2.02254,78
-1.2165426,0.7485148,0.13046148,-1.913093,3.1701627,-1.7280631,-2.2909424,-0.54534817,0.17367107,-1.1292878,1.9984938,-1.2700603,2.497942,-0.68993604,1.7756709,-3.0072606,28
-1.1192205,0.9624152,0.7408382,-0.5591638,2.0831654,-1.1903672,-0.7842034,-0.3136389,-0.19307698,-1.381583,1.9562138,-1.7520182,2.6726623,-0.15914094,1.3650563,-1.2130834,28
-2.2248464,1.5564935,1.8815064,-0.92518866,2.328075,-1.7111423,-1.2143574,0.3232044,0.38723814,-1.4717209,1.8427818,-2.153498,3.1319287,-0.50588524,1.8820852,-1.2386396,28
-1.7900124,1.5232005,1.0833937,-0.19214499,1.9224135,-0.9594858,-0.312545,0.23514298,0.4512325,-0.9342602,2.1544564,-2.1499715,2.6493287,0.32233903,1.215404,-0.1034036,23
-2.1009057,0.9119717,0.086474106,-0.87702155,0.38509962,-1.1236076,-0.51855975,-0.9416673,0.13344695,1.2395593,1.6471845,-2.6160223,1.3962057,1.0204132,1.4097632,-1.0630096,78
-0.81258094,1.1656778,-0.14459537,-0.79520845,1.1873926,0.5118791,0.17150426,1.0240757,-0.055536896,-0.25654104,0.5104626,-2.1374054,0.6692351,0.44683674,-0.3832469,0.30275393,109
-2.0442274,2.1541176,0.13704732,-0.7400782,2.9448304,-1.3765506,-1.3630506,-0.38783258,0.39955574,-1.0317564,4.1328936,-0.621934,2.6597884,-0.68726236,1.9367926,-0.022155315,104
-0.49882656,1.3615844,-0.4932785,0.14849892,1.291704,-0.29514074,0.02612257,-0.65406394,0.18299016,-1.9791955,2.8062856,-0.46936703,1.648107,0.15401357,1.4360352,-1.1375229,75
-1.3303427,1.8460205,-0.32932293,0.76281977,1.6356326,-1.797529,-0.5163747,-0.9394613,-0.62647575,-2.193016,3.2589192,-0.433564,2.6450417,-0.4129352,2.3127074,-0.9861686,53
-2.6181936,0.49793047,0.5042042,-2.0932772,1.3412004,-2.4961343,-1.1734996,-1.1899403,1.3017514,1.1024388,1.8736291,-1.75979,3.3291724,1.1041178,1.8729186,-2.1758895,78
-1.3862644,0.72058487,0.13124263,-2.278169,3.127263,-1.7096972,-2.4388828,-0.50883675,0.4282238,-0.9993499,1.903715,-1.2566507,2.5040789,-0.87225646,1.8330755,-3.1267939,28
-1.224168,1.0593485,0.72917503,-0.89135593,2.3363438,-1.3782825,-1.0305196,-0.483184,-0.0037405342,-1.0400264,2.193008,-1.701792,2.8919067,-0.32010266,1.5282485,-1.1873716,25
-2.2078898,1.3891883,1.9470725,-1.182332,2.522605,-1.6968566,-1.4496515,0.22546732,0.30816436,-1.1420536,1.7050701,-2.2620153,3.0921881,-0.42017344,1.7498437,-1.2105689,28
-1.4047077,1.3931684,0.6128329,-0.61002886,1.863835,-0.567273,-0.42182934,0.60310656,0.51332915,-0.36314154,1.5426134,-2.4030735,1.8223424,0.26007345,0.64665914,-0.33950007,109
-1.8846066,0.66812587,0.27463818,-0.5824048,0.46870562,-1.2533723,-0.26352108,-0.9051589,0.39053887,1.0455846,2.0179086,-2.6005805,1.742614,1.1167216,1.3425834,-1.1419075,78
-1.0451037,1.3016496,0.12934113,-0.8076083,1.2443255,0.51926285,0.13522425,1.2519623,0.18822864,-0.4139281,0.6065847,-2.2958524,0.754268,0.38387477,-0.34498477,0.27948982,109
-1.9172791,1.9829078,0.15108296,-0.7565182,2.8736782,-1.4511554,-1.3155285,-0.5035831,0.43621397,-0.8056059,4.1706214,-0.61508703,2.7062058,-0.6813631,1.9107836,0.03818056,104
-0.7548688,1.8555262,-0.7932639,0.41174096,1.3548568,-0.5795255,0.04576256,-0.60634875,0.005602002,-2.3390384,2.8344164,-0.11049427,1.6420753,0.26348975,1.5715705,-1.3348475,75
-1.1535543,1.4127195,-0.15956199,0.41179734,1.5520439,-1.7629932,-0.5360451,-1.2715263,-0.5453313,-1.6966645,3.2794614,-0.5485933,2.772339,-0.2947442,2.2874928,-0.9349365,53
-2.356611,0.5475621,0.37969136,-2.0186346,1.57279,-2.532807,-1.3895882,-1.511651,1.1947478,0.9385729,2.1542678,-1.5217423,3.313499,1.1427364,2.0189605,-2.4670281,78
-1.579267,0.6964459,0.21275668,-2.3958757,3.0762396,-1.7783203,-2.477522,-0.4885472,0.5695078,-0.8589937,1.8965576,-1.3543406,2.5420053,-0.81179196,1.8443683,-3.2210329,28
-1.3800858,1.042526,0.9332538,-1.1450175,2.4398026,-1.4412508,-1.1976031,-0.4528817,0.10862449,-0.85442895,1.9869272,-1.8395336,2.9968538,-0.2691338,1.5389813,-1.1704388,25
-2.4375858,1.3694973,1.9874504,-1.2156248,2.6293898,-1.8438989,-1.5473353,0.09513368,0.35692465,-0.9135187,1.8654869,-2.2361853,3.3194869,-0.3213323,1.7866513,-0.9664344,25
-1.1910982,1.4604928,0.29286957,-0.44834977,1.6819412,-0.3365639,-0.3019175,0.7319888,0.30927867,-0.7574985,1.3469261,-2.3275666,1.4876859,0.4238826,0.4649157,-0.61231506,109
-1.5221056,0.6041065,0.16655941,-0.6679332,0.64476085,-0.98439854,-0.04001077,-0.8328005,0.8202442,1.0556812,2.5505438,-2.415064,1.6434121,1.1892482,1.0191146,-1.0433553,60
-1.1868242,1.3309944,-0.06282391,-0.8776358,1.342716,0.47464472,-0.035688095,1.1293815,0.26948708,-0.45331952,0.825809,-2.2794337,0.8769852,0.35962853,-0.1956979,0.112908274,109
-1.651961,1.6448088,0.37600046,-0.73384273,2.4811492,-1.3971174,-1.1000404,-0.565354,0.17329133,-0.6029402,3.5596619,-1.0174448,2.6555822,-0.46793795,1.7995968,0.07320526,25
-0.5997546,1.602211,-0.7788278,0.27124023,1.0212029,-0.10270507,0.22903006,-0.47850192,0.25915974,-1.898058,2.3049598,-0.51436067,1.2554748,0.608484,1.2116559,-1.2433257,127
-1.1893477,1.3569772,-0.118289635,-0.23010272,1.9653443,-1.8290952,-0.8824032,-1.293754,-0.17626296,-1.1513596,3.30753,-0.60918117,2.934246,-0.35565162,2.1950486,-1.084662,53
-2.3818395,0.9652141,0.18356498,-2.5229087,2.391955,-2.7672405,-2.088701,-1.7187731,1.3875229,0.83440757,2.8486428,-1.1731071,3.6206653,0.7369242,2.3856666,-2.7171867,7
-1.7204837,0.61610264,0.44061685,-2.4389493,2.9449353,-1.8849946,-2.4877808,-0.5541142,0.64103943,-0.65838563,1.9290754,-1.4997635,2.5836084,-0.7461353,1.9168798,-3.2669473,28
-1.4761304,1.0013137,1.0908531,-1.2561026,2.4491882,-1.4162052,-1.2349054,-0.33901456,0.16160113,-0.82975465,1.751836,-1.9655113,2.978856,-0.13410729,1.4502025,-1.2126949,28
-2.6092997,1.4163694,1.9161569,-0.9976774,2.474412,-1.9542493,-1.3045775,0.10627288,0.48954874,-1.0664433,1.9295624,-2.070663,3.4669697,-0.17154269,1.7893592,-0.98779106,25
-1.4429649,1.6513424,0.12099691,-0.40838885,1.731066,-0.41153136,-0.29251593,0.8890412,0.24836388,-0.8585229,1.4059792,-2.2146463,1.4813786,0.47144195,0.38789332,-0.6771312,109
-1.1168104,0.35944116,0.33558315,-0.82276237,0.8026652,-0.88614357,-0.07006311,-1.0279768,0.42962712,0.81625724,2.4431515,-2.4416718,1.8090646,1.0962589,1.0650201,-1.0583625,33
-1.3695278,1.4463794,-0.30040485,-0.838199,1.2854058,0.38069716,-0.11757139,1.0364449,0.043710142,-0.4360117,0.72393346,-2.3287756,0.8999191,0.3972572,-0.08258686,0.07887262,109
-1.8178172,1.5958531,0.5820297,-1.0554266,2.5785165,-1.5037949,-1.203125,-0.6481022,0.5517339,-0.22526339,3.7591422,-1.1887641,2.9685106,-0.52967584,1.8597044,0.13703918,25
-1.3994544,1.8941548,-1.1626049,-0.5284842,1.1020328,-0.18979774,-0.23235245,-0.52186143,0.80261934,-1.1116911,2.7772727,-0.60521793,1.3762519,0.49533585,1.3320842,-1.2512616,127
-1.4724725,1.4709797,0.11760704,-0.76678425,2.4556446,-1.924884,-1.3113819,-1.1857036,0.14729904,-1.0113518,3.3274536,-0.7514494,3.2623792,-0.49225032,2.2497427,-1.1848841,25
-2.2695045,1.2330878,0.1466429,-2.5982945,2.8056006,-2.7304232,-2.2556474,-1.8801218,1.530274,0.28180045,3.4944074,-0.82353497,3.7529712,0.5846629,2.6442506,-2.8418617,7
-1.7939504,0.5637782,0.56257343,-2.516935,2.8376398,-2.0165567,-2.5492435,-0.7245881,0.7311235,-0.43860093,2.0667267,-1.5504231,2.6353772,-0.7236761,2.0537834,-3.3301983,28
-1.4179785,0.9408477,1.0828153,-1.21051,2.35913,-1.2951422,-1.1060286,-0.24260563,0.18995957,-0.7610721,1.6234771,-1.9770687,2.8741565,-0.06085513,1.2987506,-1.0373983,25
-2.4863875,1.3198454,1.7802494,-0.92017305,2.2762408,-1.7769628,-1.1219496,0.111310266,0.4184128,-1.257997,1.6284236,-1.9872522,3.3456206,0.01763162,1.6492664,-1.0630581,28
-1.751736,1.9129775,-0.13512367,-0.45294338,1.8725386,-0.50468135,-0.3859902,0.96677834,0.2753829,-1.0841156,1.4968005,-2.0562768,1.5940335,0.49391767,0.42170036,-0.8642481,109
-1.368555,0.6109171,-0.00749439,-1.4161239,1.688815,-0.9887326,-0.6565601,-0.6382437,0.76151943,0.70862645,2.8802085,-1.7695827,2.06489,0.14078638,0.94966114,-1.0058,25
-1.2428719,1.3795781,-0.31353262,-0.73693067,1.0965959,0.3641224,-0.03429102,0.988508,-0.25910562,-0.27970237,0.35960263,-2.4236507,0.75350535,0.43947706,-0.123659216,0.08775908,109
-1.9736693,1.7113883,0.63298047,-1.5201062,2.8926535,-1.7125474,-1.5469235,-0.77176434,0.8809945,-0.18150094,3.9626677,-0.9897463,3.3691745,-0.8026423,2.085716,-0.03488815,25
-2.0656922,2.179025,-1.2598344,-1.2430265,1.4402703,-0.289085,-0.69797534,-0.05789467,0.9275893,-0.92179465,2.5914056,-0.4651147,1.4967837,0.16160607,1.1248916,-1.1278652,127
-1.3634721,1.2771138,0.147298,-0.8957191,2.368555,-1.7154495,-1.3474717,-1.2151744,0.17783178,-0.6878596,3.099779,-0.9839428,3.051954,-0.29321656,2.0763628,-1.1082277,25
-1.830617,1.4065592,-0.05980319,-2.1200008,2.7112932,-2.8420346,-1.9597837,-2.216597,1.4517491,-0.5142609,3.783351,-0.38747814,4.0086145,0.6937693,3.0498579,-3.2123759,7
-1.8662962,0.59531164,0.64413506,-2.532866,2.801591,-2.1522515,-2.5645006,-0.8528523,0.81779885,-0.23613605,2.2570062,-1.5747197,2.7160842,-0.6676133,2.1491556,-3.325466,28
-1.6267011,0.97483295,1.2158039,-1.123159,2.404457,-1.2552536,-1.0844293,-0.109790936,0.25055653,-0.84966016,1.6547728,-2.067889,2.9346666,-0.07889004,1.2837247,-0.8759213,25
-2.7361445,1.5354311,1.7774404,-0.41954675,2.2110004,-1.8551359,-0.827802,0.2610003,0.32806367,-1.5872711,1.757352,-1.8622022,3.4316497,0.11308671,1.6459703,-0.9538311,28
-1.8981658,1.990766,-0.20112772,-0.43597332,1.8965356,-0.5658999,-0.37284315,1.0179306,0.33641493,-1.1547521,1.5203724,-1.9951322,1.6654058,0.5302412,0.40630224,-0.9366665,109
-1.7127777,1.151618,-0.3258549,-2.3346608,2.6791372,-1.3607938,-1.497038,-0.8140706,1.261094,0.61981255,3.5217435,-0.9593,2.7970052,-0.41075647,1.2861966,-0.977956,25
-1.04383,0.9258602,0.06927852,-0.67089915,0.8318221,0.22691694,0.09521043,0.7345932,-0.5076863,-0.0056465343,0.13139674,-2.5491428,0.82773435,0.51093847,-0.05877763,0.22039813,109
-2.1455872,1.8436213,0.7440298,-1.5038402,2.8420877,-1.9008459,-1.5103085,-0.8182227,1.03545,-0.12965636,3.9525895,-1.0475639,3.5726278,-0.61771464,2.1974192,-0.15784203,25
-1.9174618,2.0671864,-1.3055189,-1.3548337,1.3603948,-0.26360458,-0.76469433,-0.11450947,0.9501823,-1.013824,2.4583912,-0.37157074,1.399101,0.14051771,1.1147934,-1.2802798,127
-1.6499077,1.3486829,0.38067144,-1.0254917,2.5920157,-1.8371993,-1.4981484,-1.1899645,0.3835544,-0.46259326,3.1659722,-1.1906257,3.1426737,-0.19296172,2.1295173,-1.2177737,25
-1.7726073,1.580544,-0.049067028,-0.53368324,1.7536398,-2.904832,-0.8230794,-2.3858466,0.8291825,-1.4107741,4.224354,-0.015921496,4.0091214,1.0016376,3.297348,-2.677629,53
-1.866541,0.66439426,0.7122003,-2.3492854,2.8055868,-2.1658883,-2.463162,-0.81405574,0.7525336,-0.26016182,2.3182464,-1.5560279,2.7494786,-0.6587674,2.094405,-3.1412537,28
-1.8680173,1.076122,1.3067131,-1.2272435,2.6007886,-1.3018653,-1.269879,-0.05639008,0.36380085,-0.94773513,1.778001,-2.0055978,3.0505352,-0.20424241,1.3516414,-0.8732767,25
-3.045108,1.7314997,1.9155904,-0.068528384,2.207656,-1.8382673,-0.67749864,0.5703716,0.38453788,-1.9019486,1.8610572,-1.9375384,3.4558835,-0.018659834,1.6787239,-0.8519506,28
-1.9034846,1.9699423,-0.08653848,-0.27466667,1.7997606,-0.5955721,-0.19166155,1.1005237,0.39539152,-1.2674465,1.4712106,-1.9909203,1.6917815,0.5630754,0.3529558,-0.9721581,109
-1.8695241,1.2028728,-0.20962389,-2.5818174,2.7354403,-1.5553958,-1.6712143,-1.0044029,1.3949845,0.7463974,3.5013673,-1.0224675,3.1021388,-0.25719255,1.4946405,-1.0377784,25
-1.0737531,0.828472,0.20495729,-0.51063716,0.5715769,-0.11953017,0.18487084,0.4070901,-0.59867543,-0.0023390874,0.25305653,-2.2950566,1.081413,0.57198757,0.20609011,0.11554092,103
-2.2323542,1.8132102,0.7881742,-1.4239194,2.7278523,-1.8724768,-1.4357468,-0.864971,1.0815272,0.013666093,3.9101222,-1.2687986,3.5275097,-0.35973433,2.171062,-0.22579148,25
-1.793727,2.0263937,-1.3452837,-1.480349,1.3921269,-0.36884585,-0.8543707,-0.26484457,1.0086551,-0.88900745,2.5082428,-0.3316931,1.3945277,0.16975886,1.1713711,-1.388489,127
-1.8871952,1.4201958,0.63412976,-0.92044264,2.7758923,-1.8736957,-1.5420246,-1.0493045,0.43665814,-0.6387382,3.152715,-1.2599089,3.2413113,-0.13382505,2.1268616,-1.178314,25
-1.7627207,1.8812847,-0.66462296,0.23029947,1.3555061,-2.7970352,-0.4236548,-2.4831007,0.5419764,-1.6947327,4.5200386,0.38506863,3.6618302,1.148358,3.288852,-2.6913197,53
-1.6534966,0.7033433,0.5912114,-2.1996865,2.9209943,-2.122603,-2.3791182,-0.73741496,0.58686835,-0.4788367,2.1469402,-1.4147284,2.6725485,-0.6953036,1.9291526,-3.1924179,28
-2.0781214,1.1646547,1.4138547,-1.4879103,2.8258681,-1.4117222,-1.5034947,-0.16360363,0.63471985,-0.8562882,2.038348,-1.8709078,3.2854495,-0.31083587,1.5197825,-0.8182579,25
-3.0464287,1.6878152,1.9024136,-0.16638634,2.1797695,-1.6603843,-0.7252544,0.5299578,0.52328455,-1.8600701,1.939059,-1.9289591,3.4130769,-0.0682278,1.7065898,-0.6743585,28
-1.7383553,1.8514891,0.019119434,-0.035836607,1.7367114,-0.64033103,0.01145627,1.1206312,0.4268412,-1.2384255,1.4463067,-1.9647474,1.6705847,0.60171837,0.24071491,-0.94565135,109
-1.9900954,1.283329,-0.22439873,-2.4602282,2.5731182,-1.6098967,-1.4964471,-0.85898054,1.3291111,0.6938472,3.3723788,-1.0026934,3.1148925,-0.13589117,1.399313,-0.9404747,25
-1.1507814,0.8327863,0.35746777,-0.57715166,0.7175909,-0.08596087,0.11369778,0.42551976,-0.66894215,0.071135454,0.2936178,-2.3360324,1.0858604,0.6315327,0.11559996,0.29793853,103
-2.3504078,1.7917874,1.0679094,-1.1993322,2.6485329,-1.7793155,-1.2655573,-0.8151098,1.0641248,-0.15808475,3.7429218,-1.4431479,3.546993,-0.054261286,2.1279457,-0.16253708,25
-1.6657056,2.0266209,-1.4647081,-1.6023794,1.40481,-0.4753076,-0.84599614,-0.30613998,1.1859659,-0.6051167,2.5139387,-0.26580518,1.3488731,0.31922835,1.0614523,-1.4056296,127
-1.9317597,1.4589374,0.58454937,-0.86925083,2.834755,-1.9252245,-1.5949589,-1.0324497,0.41207188,-0.79138994,3.1563773,-1.1126695,3.2324262,-0.24265373,2.1760178,-1.2352884,25
-1.4835234,2.1144085,-0.95295775,0.6297813,1.0851691,-2.5473711,-0.088142015,-2.419351,0.39949828,-2.0592697,4.4377556,0.48878306,3.446462,1.1368576,3.2481718,-2.4199736,53
-1.2610371,0.55054975,0.6103126,-2.2872148,2.848744,-1.8732157,-2.151033,-0.82361525,0.68293726,-0.21092969,2.0955431,-1.5305121,2.5681708,-0.5184776,1.7032472,-3.0970335,28
-2.334214,1.2466803,1.5373074,-1.7517538,3.0108666,-1.5897113,-1.7253656,-0.3753927,0.9502656,-0.7655197,2.4266887,-1.8109472,3.6099,-0.3535008,1.8150592,-0.8815737,25
-2.9201367,1.5623782,1.6856474,-0.09371708,1.9065155,-1.5482966,-0.61107016,0.28989294,0.5009669,-1.5862614,2.0288672,-1.9936879,3.2080474,0.10663804,1.7060282,-0.6990612,25
-1.4571415,1.6336818,0.009494022,0.09212014,1.6989696,-0.57169366,0.17507291,1.1145636,0.41491973,-1.0530082,1.4743979,-1.8805287,1.6179304,0.51543033,0.06919684,-0.7066852,3
-2.254448,1.3117955,0.08772409,-2.5581007,2.795772,-1.7039008,-1.6752453,-0.915201,1.3762215,0.73651665,3.4517415,-0.97019684,3.2884305,-0.0109526925,1.4594917,-0.7551706,25
-1.7789592,1.4736588,0.08098464,-0.8433669,0.78270453,-0.4396246,-0.051815018,0.5734909,-0.38990712,0.3954359,0.5279648,-2.0694282,1.0188849,0.7251744,0.10098299,0.028173268,103
-2.3284633,1.7807446,1.1605185,-0.9074874,2.613922,-1.7708788,-1.0997225,-0.7783205,1.0331693,-0.28455737,3.628609,-1.5635927,3.5390809,0.11310675,2.087758,-0.25680956,25
-1.8945472,2.1780078,-1.4802139,-1.7458553,1.5973103,-0.5682434,-0.9039908,-0.17734984,1.3687178,-0.37096968,2.7355711,-0.24857089,1.371954,0.32564723,0.95141405,-1.3112952,127
-1.808699,1.4435449,0.48989254,-0.9227501,2.8059382,-1.8889151,-1.589171,-0.9335458,0.49324572,-0.7326768,3.0813046,-1.0509136,3.019556,-0.40209717,2.1321766,-1.3794258,25
-1.305235,2.3082798,-0.8696014,0.6171224,1.2782739,-2.4008453,-0.036859747,-2.1019003,0.49045986,-2.1851249,4.320554,0.31885645,3.4148016,0.9326122,3.1116333,-2.1260116,53
-1.1060938,0.56609625,0.5964818,-2.0850759,2.7596283,-1.8583033,-1.9441099,-0.9297921,0.4691851,-0.5581094,2.139656,-1.4676011,2.696463,-0.44795784,1.8560789,-3.0775704,28
-2.4603622,1.3200197,1.58103,-1.8478583,3.1665921,-1.7546074,-1.9084619,-0.5735064,1.0550624,-0.77868325,2.7407763,-1.8016233,3.8064187,-0.36455926,2.0689445,-1.0860673,25
-2.6509192,1.575238,1.0875612,0.2846009,1.2995567,-1.4437088,-0.2351311,0.047183678,-0.06097351,-1.1461347,1.8511672,-1.8847833,2.799167,0.38284868,1.5484657,-0.18646526,25
-1.0970794,1.3636229,-0.0331606,0.19484401,1.5062963,-0.44283298,0.3690095,1.038815,0.3868534,-0.7897141,1.5256443,-1.8386014,1.5281518,0.3463173,-0.030956434,-0.4018109,3
-2.377312,1.3832335,0.18515845,-2.7077758,3.1198578,-1.7966133,-1.9480503,-1.0021319,1.4641398,0.7336478,3.6739087,-0.90532136,3.4383469,-0.07244089,1.5765225,-0.77106696,25
-1.645791,1.2622111,0.2748245,-0.14737245,0.22039784,-0.66856533,0.3319484,0.30523777,-0.6990615,0.08503727,0.28942737,-1.8368807,1.0750322,0.9410463,0.32106417,0.03413579,117
-2.4000843,1.8995273,0.95606273,-0.7166503,2.43017,-1.8973275,-1.008995,-0.87530196,0.86726093,-0.32303384,3.770056,-1.4288881,3.5217712,0.04579226,2.2628832,-0.15429318,25
-1.7365166,1.9131372,-0.90213734,-1.2099371,1.3413242,-0.48483995,-0.5459563,-0.2038531,1.0065017,-0.52815175,2.5288587,-0.5873525,1.3263426,0.48449644,0.9860643,-1.023938,127
-2.0906284,1.5217917,0.81536376,-1.1616197,2.884951,-1.9927536,-1.827762,-0.90621924,0.42758435,-0.7123111,3.0241628,-1.188576,3.1376765,-0.5409888,2.3394063,-1.2043842,25
-1.1743621,2.2873585,-0.86965436,0.43597656,1.3510283,-2.0863302,-0.117859766,-1.6999393,0.47971648,-2.3504963,3.722648,0.1663709,3.2314703,0.7230171,2.8614674,-1.9125156,53
-0.81133455,0.77278507,0.44552654,-1.6496831,2.6984582,-1.8294262,-1.7546083,-0.9123611,0.18139851,-0.9108708,1.9233898,-1.4734845,2.6548536,-0.20316288,1.801031,-3.1702478,28
-2.3712747,1.4122462,1.5565879,-1.6186149,3.139432,-1.7739857,-1.8168381,-0.56143355,1.0048836,-1.0029932,2.8085613,-1.8293595,3.7511604,-0.3950249,2.1821122,-1.3240061,25
-2.591907,1.5836661,0.7377934,0.25169694,1.1600168,-1.6327782,-0.19278765,-0.031682193,-0.22827147,-0.80553085,1.6751446,-1.7382512,2.8289237,0.51002085,1.4305509,-0.009852082,25
-0.854168,1.1415384,-0.084290594,0.21273082,1.287247,-0.35537192,0.55168563,1.1013114,0.38906425,-0.50162774,1.3855497,-1.7906752,1.3706119,0.24705029,-0.22997116,-0.2104854,109
-2.2419796,1.397831,0.24847393,-2.7466998,3.3692088,-1.7903425,-2.130443,-1.0387217,1.4406531,0.6255333,3.7107382,-0.8346044,3.461551,-0.19432315,1.623787,-0.8309759,25
-1.9556893,1.4899619,0.22348817,0.109203845,-0.1660881,-1.0406251,0.5543428,0.0073248763,-0.59766406,-0.053246267,0.5802263,-1.6426656,1.2823651,1.2010653,0.7120862,-0.25712222,117
-2.5903072,2.0799508,0.9184584,-0.6156301,2.4243865,-2.0341933,-1.0113447,-0.86415946,0.9450168,-0.27420795,3.9692895,-1.5082233,3.5364437,0.07406225,2.36546,-0.2591216,25
-1.5966753,1.8890691,-0.5741186,-0.83279467,1.3405191,-0.30044794,-0.2950905,0.0023302045,0.80573314,-0.85572124,2.4387715,-0.80342805,1.2955153,0.43366674,0.88548905,-0.7289164,127
-1.6599638,1.196597,0.846359,-1.0622917,2.5472002,-1.5971746,-1.7062956,-0.9552673,-0.036993563,-0.6017276,2.6653614,-1.5708652,2.7678607,-0.4292821,2.1623921,-0.89720464,25
-1.3609601,2.5447757,-0.9928318,0.35921133,1.525338,-2.018519,-0.1655753,-1.3549261,0.82635933,-2.4386196,3.7207663,0.18914095,3.2141416,0.64166874,2.734092,-1.8654218,53
-0.6309621,0.84581393,0.203133,-1.2551401,2.4314766,-1.734418,-1.4512196,-0.89181,-0.07668108,-0.83568007,1.7454137,-1.576602,2.4750829,0.16951543,1.5989408,-3.0083044,90
-2.356283,1.5264785,1.3946626,-1.4318949,3.0005822,-1.8527286,-1.7607046,-0.7382042,0.7108136,-0.9674595,2.9271033,-1.817841,3.7455359,-0.34453207,2.3473175,-1.1171181,25
-2.6101024,1.6304212,0.64509845,0.75542367,0.7551699,-1.4070148,0.09686285,0.110435136,-0.90303975,-1.1727469,1.3908045,-2.1743176,2.6416137,0.6863576,1.3756683,0.2567221,75
-0.7972753,1.0841949,-0.25088072,0.007893592,1.3353541,-0.3471699,0.50253254,1.0638902,0.49641234,-0.4969458,1.5324504,-1.5094469,1.3636608,0.15766773,-0.2897755,-0.27947453,127
-2.0602403,1.3070656,0.462686,-2.7418878,3.446044,-1.753413,-2.2113848,-1.2142613,1.4480602,0.5835065,3.7641575,-0.99745935,3.4750588,-0.19564876,1.8051513,-1.044816,25
-1.7496034,1.3033583,0.2607633,-0.0336245,-0.40884942,-1.1206644,0.5249354,-0.33197787,-0.41555822,0.3184584,0.47676224,-1.6183789,1.2741675,1.313921,0.854099,-0.43464974,117
-2.3452957,1.9457936,0.6876668,-0.5635426,2.3227391,-1.8315439,-0.8483942,-0.681017,1.0095141,0.016233824,3.8629057,-1.7922885,3.1719897,0.109422676,2.067953,-0.4547118,25
-1.4415106,1.8932071,-0.49873406,-0.6625346,1.6377392,-0.12739849,-0.30133605,0.3036865,0.54745674,-1.1489128,2.3030558,-0.76929176,1.2489474,0.18115598,0.67721695,-0.36325315,127
-0.9946926,0.88863504,0.66345847,-0.64823985,2.0961726,-1.1004517,-1.3243792,-0.7688356,-0.55307186,-0.6571067,2.1668434,-1.7091169,2.1243567,-0.24519134,1.6847464,-0.585673,25
-1.318303,2.4373894,-0.9907514,0.12814409,1.5714686,-1.8697042,-0.2495016,-1.260193,1.1008153,-2.196952,3.6715145,0.06532836,3.1493442,0.6724501,2.5483787,-1.7704198,53
-0.5636661,0.76236475,0.09972513,-0.908685,2.1411645,-1.7203455,-1.1475983,-0.94186485,-0.1419325,-0.7845781,1.7302358,-1.6091335,2.4485118,0.39286298,1.5485516,-2.8857255,90
-2.1936898,1.4266062,1.2779188,-1.2948198,2.8309417,-1.7974937,-1.6577187,-0.76760006,0.4649158,-0.8566384,2.7309527,-1.9003975,3.5432665,-0.18979467,2.2294478,-1.0921178,25
-2.167003,1.82583,-0.10715605,0.8983946,0.41520092,-1.2753264,0.47266585,0.32866588,-1.0794092,-0.63372284,0.92814636,-2.1435134,2.0346954,1.0440333,0.8021814,0.4079665,117
-0.9884629,1.247658,-0.58674836,-0.45678154,1.6708567,-0.39190915,0.16095686,1.0270668,0.70464164,-0.62698126,1.9345816,-1.0501345,1.4388645,-0.07188417,-0.24672848,-0.44073942,127
-2.154356,1.50215,0.2464044,-2.6154723,3.4031973,-1.8673605,-2.2187483,-1.3924907,1.2292086,0.43220314,4.09538,-0.8188563,3.5522168,-0.3551667,2.0763597,-0.9247009,25
-1.5373474,1.1924213,0.36550683,-0.14152676,-0.20282778,-1.1591009,0.32066536,-0.4461426,-0.2744153,0.48651704,0.39520442,-1.6115751,1.2552361,1.3824414,0.8274211,-0.62267745,117
-1.7834408,1.4355056,0.78229463,-0.177656,1.6403097,-1.2332616,-0.48927665,-0.5328006,0.3643222,-0.10529165,2.9650066,-2.0573509,2.4974577,0.21441409,1.7207029,0.0100238025,25
-1.1737647,1.7656875,-0.49582714,-0.30910295,1.6981014,-0.098252535,-0.17099999,0.45787808,0.27249667,-1.2066526,2.146557,-0.8666577,1.1483502,0.037777416,0.5333859,-0.24034524,127
-1.0363575,0.9443924,0.6849408,-0.74444246,2.1964855,-0.8869447,-1.3487217,-0.55331016,-0.46461105,-0.7837367,2.326057,-1.6630118,2.0576494,-0.5077416,1.6102211,-0.37277618,25
-1.147579,1.9193912,-0.5506751,-0.1089478,1.43404,-1.5968328,-0.1405842,-1.1371726,1.2457033,-1.6236342,3.531621,-0.2819486,3.0001445,0.64900863,2.2010329,-1.263849,75
-0.26193714,0.5875324,0.03951242,-0.5796115,1.8728145,-1.6753442,-0.8579072,-1.1772549,-0.21953367,-0.79908645,1.7974962,-1.5522122,2.3802047,0.53876805,1.6021396,-2.7748585,90
-1.9805336,1.3503332,1.1352917,-0.95520324,2.4570103,-1.468576,-1.2727451,-0.41666543,0.34452736,-0.7114155,2.464044,-2.0730095,3.0539885,-0.18883616,1.8420788,-0.7489767,25
-2.388731,1.9036472,-0.26972738,1.1406518,0.22488143,-1.1606815,0.5738059,0.3871716,-1.0969512,-1.0110779,1.1261871,-2.151825,2.0814152,0.919387,0.9407117,0.46623445,53
-1.2493395,1.5532362,-1.0870217,-1.1196773,2.021027,-0.5466107,-0.29393125,1.011063,0.9826752,-0.5868887,2.157564,-0.5576546,1.5797977,-0.29531494,-0.20328346,-0.65733016,127
-2.1067653,1.4592259,0.26600808,-2.1653113,3.079217,-1.8130981,-1.9169618,-1.434606,0.9222843,0.23820198,3.93526,-1.0028889,3.4897428,-0.16733024,2.1172209,-0.87345064,25
-1.7624817,1.4290838,0.22853021,-0.202453,-0.16658878,-1.486152,0.22572152,-0.5824238,0.0156767,0.56236523,0.8048479,-1.3824158,1.4329906,1.2164365,1.1120087,-0.9382293,117
-1.0473857,1.1037216,0.6278652,0.4976461,0.6219275,-0.82504064,0.37978774,-0.40941033,-0.1766314,-0.11850375,2.090802,-2.204569,1.6595302,0.7166612,1.2454736,0.06582001,23
-1.0380485,1.7163925,-0.29995018,-0.013074845,1.6749105,-0.11471629,-0.026167301,0.6382184,0.25826234,-1.3795944,2.2263076,-1.0446944,1.1851816,-0.25990072,0.5760715,-0.16501239,127
-1.1582444,1.0300627,0.6559268,-0.8851583,2.3679,-0.8411989,-1.4501148,-0.4236037,-0.266218,-0.85119796,2.5029957,-1.6960967,2.0960464,-0.6280256,1.6318797,-0.4267453,25
-0.69653314,1.2772347,-0.42404097,-0.74399567,1.406176,-1.1853731,-0.14549191,-1.0975509,1.2813963,-0.8137472,3.4481928,-0.60638815,2.7190037,0.26366934,1.801979,-0.8973816,104
-0.034162045,0.54493576,-0.14114757,-0.3219519,1.6102793,-1.5569892,-0.5641479,-1.2414373,-0.36864328,-0.7509467,1.7255487,-1.48827,2.1865811,0.6667192,1.5156025,-2.4481146,90
-1.7813482,1.2425702,1.1798563,-0.72862554,2.2730956,-1.1124834,-1.1636924,-0.24311948,0.27107242,-1.0957941,2.4499354,-2.2819238,2.883603,-0.32218134,1.8039626,-0.6108496,25
-2.6694732,2.0122826,-0.2245239,1.0793711,0.2542398,-1.4870899,0.609836,0.33630875,-0.7204891,-0.9453644,1.4688132,-2.0078905,2.3899965,0.95491296,1.1091112,0.24683422,53
-0.58205914,1.000884,-0.37969965,-0.25523037,1.8975201,-0.07929626,0.25214398,1.1211498,0.524929,-1.6310551,1.5751891,-0.95353526,1.6155617,-0.022862032,-0.30293283,-0.5405682,127
-1.7919048,1.2464986,0.24869041,-1.4210719,2.4496598,-1.7454454,-1.3157388,-1.5573231,0.6041737,0.22478613,3.7279983,-1.2402263,3.2548068,0.17207423,2.0967994,-0.8094717,25
-2.0288098,1.6221259,0.19747059,-0.40480703,0.09001837,-1.7574344,-0.07672761,-0.5925184,0.14063135,0.69161725,1.0409577,-1.2668748,1.6088622,0.99610215,1.2995123,-1.025712,117
-1.2612947,1.1468575,0.5916052,0.38678557,0.88853174,-0.80370003,0.16337074,-0.32944968,-0.146475,-0.11639773,2.145471,-2.383731,1.7110639,0.8279857,1.157614,-0.02636978,23
-1.0447665,1.7664549,-0.18989353,0.07919413,1.700249,-0.21783832,-0.027326128,0.5694163,0.3222515,-1.3533939,2.53782,-1.0991842,1.2898216,-0.32908475,0.69069654,-0.07096663,127
-1.3419474,1.0439706,0.7911235,-1.0991886,2.5465484,-1.0093151,-1.6673957,-0.51237816,-0.0023043454,-0.6578159,2.7563078,-1.8563721,2.3483202,-0.6430037,1.7773991,-0.5319713,25
-0.5523872,1.0746499,-0.6089665,-1.2483642,1.8381646,-1.1022855,-0.42724115,-1.2228565,1.3817061,-0.8040057,3.860174,-0.29716396,2.8243973,-0.11928613,1.7353663,-1.0768349,104
-0.24103233,0.54352695,0.044972435,-0.6052082,1.7916697,-1.4879854,-0.65439725,-0.95501137,-0.28033006,-0.6670734,1.5694453,-1.6240551,2.2607079,0.45225254,1.391655,-2.1670117,90
-1.1486394,0.86210907,0.9729449,-0.107718065,1.279436,-0.7812858,-0.3872528,-0.28217816,-0.16653235,-1.0271674,1.9349091,-2.480361,2.2332733,0.14961377,1.4821784,-0.6104816,25
-3.3014567,2.4948702,-0.20209458,0.7329134,0.69932216,-1.651716,0.49566168,0.78003216,-0.059139177,-0.8106734,1.866365,-1.8502243,2.4888031,0.7538086,1.0009323,0.1756618,75
-0.7288055,1.2310319,-0.47676617,0.0685375,1.8092989,-0.38045615,0.40038276,1.0468125,0.5070708,-1.9648564,1.8182093,-0.59606266,1.7627182,-0.08462241,-0.047142915,-0.825243,127
-1.5971129,1.151073,0.20164602,-1.2529767,2.2415195,-1.7635251,-1.2258023,-1.6754599,0.55331,0.29035684,3.7926183,-1.1674297,3.133936,0.08323445,2.1967244,-0.7942292,25
-1.8179126,1.5500846,0.33331972,-0.4707014,0.35107487,-1.4908508,-0.06358858,-0.39302188,0.3535396,0.5710862,1.0807528,-1.4517663,1.5186777,0.9255271,1.1508839,-1.1312406,3
-1.5132339,1.1497095,0.55583626,-0.12043065,1.3248659,-0.6372928,-0.25775337,-0.15923792,0.09944583,0.03342452,2.4136598,-2.402387,1.6981916,0.59756315,1.0057303,0.14122039,23
-0.923214,1.6864619,-0.2884537,0.185776,1.5626272,-0.36130324,0.095372066,0.264049,0.31962052,-1.423807,2.7947152,-0.93205625,1.4715855,-0.19958198,0.8074651,-0.2138722,127
-1.392908,1.1196468,0.8245102,-1.1297027,2.642943,-1.0498511,-1.6964426,-0.4873853,0.11240588,-0.7334961,2.9398782,-1.8437593,2.4978106,-0.79333824,1.8504332,-0.48839816,25
-0.9060349,1.2444289,-0.85558087,-1.4189078,2.078978,-1.4151288,-0.6318147,-1.1269374,1.5559468,-0.95654505,4.2508035,0.30100498,2.9275243,-0.32422796,1.7171316,-1.4197905,127
-0.6220432,0.40948287,0.42401087,-1.0670121,1.8238832,-1.523035,-0.8128624,-0.8721868,-0.23131157,-0.4690795,1.5250576,-1.7781394,2.5026329,0.31970373,1.4286169,-1.8944361,28
-1.093517,0.8534547,0.9570766,0.2550596,0.79304,-0.84913725,0.046811238,-0.3736587,-0.33855748,-0.91206557,1.7687411,-2.627718,2.077366,0.62565285,1.4434724,-0.65801394,3
-3.757198,2.48496,0.13943014,0.21228015,0.5119827,-1.9909977,0.542751,0.8387595,0.44616383,-0.19809045,1.4752702,-2.0494676,2.5900946,0.8979096,1.0831192,-0.14219539,75
-0.80880064,1.3428767,-0.5318468,0.13478664,1.913867,-0.5648548,0.36438906,0.9858595,0.48904485,-1.9619012,1.9365083,-0.5504334,1.8660841,-0.013815567,0.046986133,-0.9831697,127
-1.3889488,1.1457906,0.20685337,-0.97710085,2.108706,-1.7244984,-1.0457698,-1.5763112,0.46035916,0.04691092,3.7584608,-1.0578573,3.017798,0.037124738,2.1721835,-0.7558694,25
-1.6544886,1.518239,0.4581688,-0.40626347,0.46070984,-1.2101735,0.10400994,-0.23509261,0.44355863,0.47883186,1.1560247,-1.6522481,1.3801444,0.99581105,1.0198683,-1.1046841,3
-1.3683071,1.2567115,0.34562522,0.16499919,1.1803098,-0.626018,-0.0009590462,-0.042814888,-0.16218658,-0.17346665,2.1550748,-2.3053122,1.5450873,0.69202566,0.8883797,0.07514584,23
-1.2210047,1.5366023,-0.4037451,-0.69190025,1.8433908,-0.4277834,-0.31598997,0.1371359,0.70916736,-1.0655907,3.2736862,-0.5181692,1.637414,-0.44691548,0.7258093,-0.18694271,127
-1.4732398,1.2852889,0.54878455,-1.049038,2.5059438,-1.4260818,-1.8352581,-0.5702056,-0.4045456,-0.9115881,2.526711,-1.7645442,2.4965158,-0.92692393,2.0702426,-0.9316535,25
-1.0462279,1.3712022,-1.0966859,-1.600315,1.9462738,-1.5190918,-0.68154794,-0.99367946,1.5655881,-0.6931286,4.0564804,0.582752,2.7380385,-0.3199721,1.5338035,-1.3952234,127
-0.63302,0.5905855,0.2565797,-0.87738174,1.7757442,-1.3315448,-0.81215125,-0.7282891,-0.543904,-0.8125733,1.5093832,-1.767853,2.422185,0.1546604,1.4033691,-1.6453984,28
-1.2360883,0.90151846,0.9125056,0.28481388,0.6358868,-0.92332107,0.10230821,-0.45367742,-0.3939433,-0.79888856,1.6846439,-2.7431352,2.0852544,0.8163068,1.506543,-0.69702566,3
-4.1959114,2.5354908,0.36524183,-0.49779338,-0.05316724,-2.9754105,0.44776857,0.31622574,1.1777074,0.40894556,1.1786135,-1.7237494,2.9865396,1.0429316,1.7676522,-1.2038879,117
-1.1150678,1.6243846,-0.72531563,0.05470422,2.1852965,-0.5932264,0.20558812,0.97752845,0.51338625,-2.1489892,2.4625869,-0.28449166,2.0151339,-0.1471306,0.18292779,-0.7945615,127
-1.5686556,1.1709793,0.25713605,-0.90817773,1.7818267,-1.6311407,-0.8156046,-1.4139178,0.5228769,0.16686285,3.6802673,-1.2607431,2.820518,0.23133075,2.0297031,-0.7174072,25
-1.31017,1.7299433,0.06848699,-0.27408677,0.5075215,-1.1237044,0.28765517,-0.30516338,0.5089206,0.3815049,1.5845813,-1.3535619,1.1871257,1.0172952,0.9878254,-1.2207861,3
-1.8136977,1.666913,0.09024909,-0.4204141,1.7103355,-0.49213365,-0.29841518,0.36919057,0.27367944,-0.20777482,2.5295942,-2.1416123,1.533292,0.4302711,0.660764,0.067240715,23
-0.8244867,1.343041,-0.23766893,-0.14575486,1.4212666,-0.4426893,0.23741789,-0.22416747,0.5195559,-1.2842624,3.2179708,-0.6176788,1.6172793,0.062181912,0.9046095,-0.521459,127
-1.8997283,1.1392945,1.0226226,-1.4529953,2.4524522,-1.8696563,-2.0710928,-0.9411777,-0.3088287,-0.49351785,2.492451,-2.0414782,2.9781663,-0.7056904,2.4054687,-1.2287662,25
-1.4130069,1.5910149,-1.5930719,-2.3104496,1.8355217,-1.6861995,-1.0751581,-1.0333984,1.8039455,0.046551533,4.0383334,0.9348635,2.4614978,-0.3878085,1.4528993,-1.4986932,118
-0.8850166,0.8763228,0.09232426,-0.95819694,1.9338795,-1.5603187,-0.9434337,-0.75376844,-0.29768813,-0.83483684,1.9532286,-1.5630212,2.6883898,-0.060280904,1.6428105,-1.6813669,28
-1.4416094,1.0363404,0.8967847,0.21068633,0.70239383,-0.9782952,0.019984387,-0.4139865,-0.36029428,-0.8364232,1.6692688,-2.7154684,2.1894813,0.78844523,1.5545714,-0.6608065,3
-4.567253,2.6052186,0.5474259,-1.3422321,-0.05451505,-3.8889806,0.07273683,-0.26079276,1.9961568,0.76802564,1.363145,-1.3594732,3.578832,1.1867899,2.4256592,-2.4837406,117
-0.83686006,1.2972167,-0.18366641,0.03443253,2.1381416,-0.37873352,0.19175842,0.7981118,0.4545012,-2.4151335,2.301499,-0.5355761,2.124846,-0.06366905,0.3656424,-0.680035,3
-1.7774287,1.357341,-0.014042795,-1.0291874,1.7938496,-1.3969872,-0.8734794,-1.0918516,0.37183464,0.21470168,3.6299481,-1.3035579,2.5081499,0.013463467,1.7701725,-0.41121697,25
-1.2684358,1.8939445,-0.24579063,-0.49927643,0.9114948,-1.192411,-0.021125806,-0.30896264,0.6746562,0.18532228,1.9158031,-0.95596516,1.1741788,0.79433125,1.0231633,-1.736681,3
-1.9042434,1.6998093,-0.2385266,-0.77056384,1.9820195,-0.29541472,-0.5244008,0.5481457,0.38587576,-0.2824264,2.6871037,-1.8338678,1.5207825,0.15201744,0.48145038,0.14096427,23
-1.2263688,1.6745961,-0.5975372,-0.45276678,1.249278,-0.6361717,0.26359177,-0.22691554,0.9328697,-0.8766451,3.5078697,-0.41448095,1.5142121,0.201585,0.93594295,-0.7152933,127
-2.05794,1.3751979,0.8312318,-1.5045853,2.4358501,-2.1566863,-1.9992808,-1.2978873,-0.13907127,-0.33542472,2.8435156,-1.8008888,3.3598576,-0.51032746,2.6317046,-1.2605367,25
-2.3350887,1.8728676,-2.067234,-3.3545663,1.8862865,-2.3787944,-1.8970306,-1.4926447,2.350875,1.0624899,4.7605953,1.4950492,2.6953216,-0.7859924,1.9519415,-1.7113717,118
-1.263834,1.1157324,0.40914464,-1.1141428,2.2578783,-1.8177186,-1.0933226,-0.55053926,0.09667957,-0.78969663,2.3654404,-1.5305083,3.0498831,-0.34825015,1.8037696,-1.5016296,25
-1.5417585,1.1317524,0.9611886,0.4690649,0.5776874,-1.0039147,0.23128746,-0.36791795,-0.32333732,-1.1233422,1.6225414,-2.6284225,2.2569134,0.90650964,1.5462835,-0.72076553,75
-5.0853996,2.6569219,0.585504,-1.2444757,0.0064842105,-4.8190527,0.07347896,-1.0607711,2.6927476,0.41873127,2.752208,-1.0015802,4.7280383,1.5408914,3.3595536,-3.6542766,117
-0.36150897,0.86452127,0.22411598,0.083211005,1.6859844,-0.12555741,0.38439542,0.52333707,0.5307916,-2.3614163,1.7048259,-1.1908035,2.031475,0.46184924,0.5141343,-1.1624262,3
-2.0627518,1.5911899,0.024621636,-1.5472822,2.5187535,-1.4892839,-1.3965968,-0.8838282,0.5055737,0.08005699,3.8653483,-1.0441042,2.921992,-0.53919715,1.8074163,-0.105214685,25
-1.4261264,1.6300051,0.55575156,-0.45361695,1.2157962,-1.329273,-0.58751374,-0.5926767,0.3168915,-0.78740203,2.1177266,-0.9278532,1.7120442,0.1459567,1.786235,-1.7183387,3
-2.2696342,1.9617121,-0.5626909,-1.0903201,2.296112,-0.26521313,-0.92649275,0.70180255,0.43576247,-0.44816035,2.834315,-1.452111,1.5661974,-0.1118111,0.45711797,0.20911807,127
-1.0186456,1.5894969,-0.78070635,-0.9566744,1.4400035,-0.29189032,-0.06813927,-0.055555776,0.6386656,-0.92756283,3.0003881,-0.17622197,1.4010098,0.012130037,0.58334446,-0.19127227,127
-2.233737,1.6064107,0.7405347,-1.645557,2.5996437,-2.3403542,-2.053465,-1.337875,-0.06888312,-0.45617765,2.782202,-1.5915213,3.6049998,-0.31359643,2.6346502,-1.4176574,25
-2.2181551,1.7045848,-2.10509,-2.836399,1.6056404,-2.35285,-1.556587,-1.6287838,1.9917947,0.42007598,4.774599,1.682467,2.8769138,-0.74044853,2.0942352,-1.5923443,118
-1.5334239,1.2960036,0.6621973,-1.2287092,2.406466,-1.7895213,-1.281502,-0.26147765,0.3202474,-0.7707656,2.3486104,-1.6938343,3.0379279,-0.67083055,1.8249485,-1.3458238,25
-1.8035637,1.2960663,0.80933446,0.5265693,0.6993197,-1.3040799,0.013785452,-0.22839487,-0.8324499,-1.655909,1.1710788,-2.404237,2.3493762,0.65499353,1.6621509,-1.1023401,75
-4.7763944,2.063446,1.034831,-0.41729456,-0.15519196,-4.593151,0.6764772,-1.1487823,2.725141,0.29287404,3.1894412,-1.4572878,5.0184875,1.9471564,3.1953285,-3.3994358,53
-0.4367535,1.0058161,0.055511802,0.21687794,1.3897017,-0.023463998,0.5325288,0.386945,0.30413792,-2.34885,1.8861402,-1.1890867,1.9583662,0.5185974,0.63569707,-0.82527316,3
-2.017498,1.4961405,0.21153189,-1.8309158,2.619153,-1.5694772,-1.5212991,-0.9599494,0.6543716,0.24369067,3.7342794,-1.0813255,3.1282728,-0.5380351,1.8600154,-0.15424618,25
-1.239413,1.6404135,0.58550847,-0.71281016,1.7935556,-1.1105384,-0.93263996,-0.5147217,0.27277327,-1.2857138,2.3009355,-0.8628183,1.9251642,-0.2065632,1.8278309,-1.565392,3
-2.4493349,2.1271682,-0.65312874,-1.3389598,2.3991556,-0.37267277,-1.132803,0.6529831,0.6942233,-0.37939915,3.0533142,-1.3013563,1.6454673,-0.31708974,0.6433106,0.12406582,127
-1.2268506,1.7494655,-0.9268042,-1.1615546,1.893166,-0.08471596,-0.49994326,0.15414196,0.40568364,-1.2464263,3.0258465,0.031593546,1.3569834,-0.24057475,0.4687899,0.09108916,127
-2.3823667,1.6597474,0.86539125,-1.6001773,2.623509,-2.413355,-2.026707,-1.3112918,-0.030737817,-0.57085496,2.5992799,-1.581397,3.735496,-0.03551963,2.5864906,-1.5146732,25
-2.2176275,1.9165714,-2.0526319,-2.6478136,1.7145205,-2.2478015,-1.4247,-1.2448088,1.8787748,0.10786284,4.6878853,1.6092324,2.817589,-0.9054243,1.9404801,-1.5227113,118
-1.6571158,1.4210589,0.68087715,-1.1239226,2.4212856,-1.8273715,-1.3747687,-0.20351678,0.27493465,-0.6821661,2.2613049,-1.7096496,2.896969,-0.68498343,1.7786059,-1.3309231,25
-2.0208514,1.1293421,1.067778,-0.18304987,1.2624586,-1.4585534,-0.6438744,-0.28847796,-0.83242625,-1.3199606,1.0896256,-2.397193,2.5573137,0.3575145,1.6777294,-1.1194065,28
-4.8195324,1.7736332,0.9940898,-0.45556766,-0.06971905,-5.171213,0.45650142,-2.33894,1.6798952,0.13025194,3.73855,-1.041693,5.8485236,1.9364071,4.0943813,-2.8852847,45
-0.47840905,1.1087662,-0.04197064,0.2784679,1.4235644,0.116430834,0.493636,0.46955937,0.1957682,-2.392051,1.7563341,-1.351057,1.9115295,0.58773285,0.5667791,-0.68245685,3
-2.101895,1.5459275,0.41079617,-1.9033704,2.606865,-1.6540068,-1.5330088,-0.94152874,0.7179397,0.28552237,3.489082,-1.1716018,3.26631,-0.38416344,1.8802255,-0.16110674,25
-1.4674941,1.7606523,0.6166449,-0.7037617,2.1258154,-1.1572816,-0.9684924,-0.3173384,0.49285263,-1.6511029,2.6592312,-0.81811124,2.184366,-0.31276298,1.8918611,-1.5684779,3
-2.3240788,2.1100385,-0.66592973,-1.3291615,2.2235837,-0.39830798,-0.9908417,0.5227754,0.85673773,-0.43583655,2.9446895,-1.1348655,1.6316972,-0.08226094,0.64945686,-0.055042893,127
-1.2230705,1.7666028,-0.890461,-1.2011286,2.113381,-0.04555585,-0.63527197,0.31432313,0.3526348,-1.2206674,2.8969488,0.016350888,1.3746018,-0.31686267,0.33270314,0.31494194,127
-2.9007714,1.6911972,1.2173475,-1.6824632,2.8009748,-2.6308265,-2.22657,-1.3422618,0.22833575,-0.6502957,2.725117,-1.6441064,4.025721,0.073998116,2.8059862,-1.7314188,25
-2.2244911,1.8653412,-1.6121311,-2.3789709,2.0126872,-2.0889957,-1.2879854,-0.9494524,1.8290912,-0.08230319,4.5726924,1.0002816,2.960395,-0.55951875,1.7092919,-1.3785422,118
-1.6092076,1.4361122,0.55873066,-0.83820903,2.3316617,-1.7197282,-1.2330027,-0.06985537,0.052107275,-0.8875614,2.0919285,-1.5536242,2.7234197,-0.7149216,1.5851805,-1.2006099,28
-2.3910933,1.2266449,1.2590618,-1.0359774,2.1745853,-1.802233,-1.4022796,-0.3805181,-0.35614103,-0.9971583,1.5481992,-2.0662904,3.130678,-0.07247908,1.8735653,-1.031796,28
-5.7603784,2.1558433,1.459558,-1.2269785,0.95838654,-5.981724,-0.16594431,-2.3757486,2.545696,-0.3508747,4.5930414,-0.57307637,7.107943,1.3025272,4.8428082,-3.2899725,45
-0.42330468,1.1987218,-0.17833316,0.10211122,1.6660774,0.22899857,0.27948964,0.62934834,0.2445571,-2.1922405,1.7332131,-1.3286805,1.7454374,0.3949773,0.39117646,-0.48628062,3
-2.3541846,1.5970209,0.49292374,-1.914703,2.576334,-1.7321914,-1.5935377,-0.94282174,0.80815476,0.41884235,3.4746675,-1.2715006,3.2865338,-0.28306907,1.9241701,-0.19146638,25
-1.6023791,1.7495399,0.7416356,-0.73172325,2.274672,-1.2852669,-1.0271984,-0.23768574,0.8098442,-1.6369154,3.0134516,-0.832283,2.3520498,-0.5838557,2.0189838,-1.656934,3
-2.283796,1.9558141,-0.489097,-1.150367,2.0689225,-0.39658114,-0.8662908,0.5049287,0.79489446,-0.47176337,2.7554672,-1.2006121,1.5468309,0.06524608,0.6098067,-0.14208314,127
-1.128699,1.7034338,-0.9063197,-1.1977944,2.0464976,0.082016096,-0.58584684,0.35642835,0.28982067,-1.2181345,2.6112652,-0.10633928,1.2551668,-0.1830056,0.20356107,0.27515066,127
-3.2057736,1.7266736,1.5094639,-1.756267,3.1786647,-2.6735954,-2.4597094,-1.2461665,0.42956436,-0.7929965,2.736566,-1.6246791,4.1614237,0.16389588,2.7667723,-1.8375952,25
-2.280727,1.8343124,-1.4295603,-2.619937,2.402956,-2.0505514,-1.4847814,-0.81095827,1.9870157,0.36883608,4.5861015,0.64464146,3.0307403,-0.52201325,1.523139,-1.1564143,118
-1.8703626,1.4383209,0.49665874,-1.1970222,2.508799,-1.5234624,-1.283995,0.10334239,0.41057777,-0.73148865,2.5142074,-1.4139848,2.727021,-0.8538069,1.3687905,-0.9517977,25
-2.5131845,1.3659117,1.3312081,-1.3106289,2.4857311,-1.9656972,-1.4805733,-0.38678902,0.22551647,-1.111149,1.9261919,-1.8814261,3.5318182,-0.05456523,1.9911386,-1.3049283,28
-5.8863373,2.1400633,1.5273409,-1.7783797,1.2621471,-6.2506876,-0.3840295,-2.5146356,2.9939187,-0.29601654,4.7617836,-0.41650778,7.5000157,1.1770732,5.110455,-3.600869,45
-0.27974483,1.212566,-0.29650894,-0.2664475,1.862881,0.3519685,0.094945446,0.7038312,0.38322568,-1.7496296,1.7521454,-1.4322145,1.4826055,0.21955782,0.2225646,-0.4933601,3
-2.4867952,1.574806,0.66713524,-1.9470848,2.6043215,-1.7940192,-1.6606992,-1.0577462,0.8936048,0.55801696,3.4282427,-1.4166255,3.343738,-0.033037998,1.9699246,-0.30067962,25
-1.3361009,1.658452,0.8222785,-0.92762303,2.5171795,-1.200142,-1.2130241,-0.18090817,0.9182313,-1.5045899,2.9772975,-0.9148323,2.275182,-0.7755883,1.9137284,-1.6156168,3
-2.0753314,1.89149,-0.2997934,-0.85191613,1.7696928,-0.501009,-0.5416563,0.47992468,0.7914839,-0.4417234,2.6310422,-1.1721666,1.4588666,0.17455986,0.63507414,-0.22906788,127
-1.6796395,2.2017856,-1.2391803,-1.2957025,2.0921955,-0.22208007,-0.6639266,0.44761425,0.363469,-1.3576721,2.9459534,0.21277267,1.4853134,-0.35461676,0.4016476,0.34434646,127
-3.4184706,2.0080082,1.5255436,-1.9057972,3.668479,-2.88496,-2.6871562,-1.2292168,0.87254226,-0.86823237,3.1865032,-1.2765567,4.441718,0.016136728,2.8847215,-1.8967412,25
-2.7674763,2.164133,-1.383117,-3.4967024,3.1332603,-2.6377726,-2.2607467,-1.0808666,2.4794412,0.88443154,5.268065,0.8831418,3.6643834,-0.9643242,1.99591,-1.2268333,118
-2.0521898,1.6772525,0.15356857,-1.865631,2.9475951,-1.515586,-1.5421549,0.19855842,0.7718506,-0.47454825,2.9912047,-0.9206654,2.8173792,-1.1203408,1.1813459,-0.74001175,25
-2.460424,1.4063456,1.264995,-1.3990155,2.5450363,-2.068382,-1.4889033,-0.42914057,0.3562413,-1.0698922,1.876791,-1.6981082,3.606575,0.080627196,1.9401497,-1.4163654,28
-5.725923,1.8099856,1.6479281,-2.8072987,1.376673,-6.089799,-0.86948377,-2.9342818,3.391863,0.21669972,4.5366535,-0.49719834,7.62258,1.1557065,5.303334,-3.576922,45
-0.25247365,1.1502306,-0.2984537,-0.5214412,1.919362,0.45889103,-0.056185715,0.82958156,0.4661584,-1.4879984,1.62688,-1.6198678,1.3005598,0.045223616,0.1262662,-0.52019644,127
-2.624355,1.5855458,0.74622405,-1.9967794,2.6163454,-1.8997948,-1.7184039,-1.1824942,0.96808606,0.69423175,3.4316423,-1.3993316,3.461844,0.15438849,2.0118248,-0.28008622,25
-1.2435162,1.7422402,0.50417554,-0.9646438,2.8346558,-1.35699,-1.5002999,-0.099652976,0.49575853,-1.7830504,2.710144,-0.8462282,2.2483592,-0.9359567,1.9157102,-1.8769889,28
-1.5934374,1.75787,-0.11020177,-0.41363835,1.2573075,-0.40949804,-0.05183846,0.4046253,0.61610633,-0.32245505,2.2563071,-1.4574056,1.1329857,0.5156936,0.5508808,-0.40222257,127
-1.9586526,2.3976357,-1.2895857,-1.3694053,2.171137,-0.27430284,-0.6653346,0.67937547,0.44793212,-1.2954488,2.8355205,0.05245343,1.5407755,-0.3350414,0.3490102,0.29572803,127
-3.4515588,2.135814,1.3170254,-2.0088,3.7019,-3.0161107,-2.7168927,-1.4211217,1.1862309,-0.54504055,3.7222817,-1.0372391,4.552603,-0.13292739,3.0585272,-1.7256837,25
-2.5582087,2.0624413,-1.0291128,-3.670188,3.1778646,-2.7939835,-2.2975357,-1.2057576,2.7068489,1.1558521,5.171123,0.69401824,3.8607378,-0.97613436,2.1458244,-1.4338355,60
-1.6315813,1.4478977,-0.0051169246,-1.3605503,2.3953023,-1.3718451,-0.93224126,0.00955876,0.5938121,-0.6133194,2.818737,-0.85170174,2.661707,-0.7374006,1.0831039,-0.7581046,3
-2.8794732,1.551404,1.4982834,-1.236408,2.6288042,-2.1618316,-1.4792925,-0.21379119,0.36018836,-1.2161994,1.9302794,-1.8121526,3.702316,0.12608567,1.9664023,-1.3582358,28
-5.146955,1.5441463,1.4851418,-2.11481,1.0862656,-5.5159492,-0.4263193,-2.7543828,2.892332,-0.0028418228,4.2958536,-0.8224905,7.207691,1.291577,4.915233,-3.1523116,45
-0.42521304,1.2782023,-0.4429679,-0.6650939,2.0216932,0.42397976,-0.20264307,0.9190104,0.5143639,-1.4999225,1.5894101,-1.6207504,1.3101177,-0.0625523,0.13444066,-0.6557746,127
-2.6585786,1.6088283,0.8999392,-1.969162,2.7114725,-1.9596865,-1.7782829,-1.2656808,1.0092355,0.6051798,3.414028,-1.4042816,3.6101463,0.26862973,2.0899606,-0.3009757,25
-1.0331492,1.2233813,0.83880484,-1.2418946,2.6167278,-1.1951532,-1.5073559,-0.26386598,0.3599073,-1.402174,2.3384254,-1.1628022,2.2265635,-0.8894588,1.7952826,-1.7871466,28
-1.0371453,1.1845589,0.47751695,-0.2005455,0.9936474,-0.027755983,0.09800562,0.22521073,0.11099758,-0.32130286,1.8376459,-2.0201128,0.9329521,0.5383805,0.56045926,-0.03166452,23
-2.4719286,2.9130516,-2.0824974,-2.216837,3.040163,-0.46524948,-1.5146809,0.6852582,0.72012246,-1.1481769,3.3106968,0.42343217,1.8510807,-0.71164143,0.47029188,-0.054261982,127
-3.1957994,1.989625,1.3464756,-1.8659945,3.4350376,-2.8465464,-2.4623995,-1.1989315,1.2205231,-0.51925594,3.479266,-1.2137835,4.175859,-0.12907119,2.8777587,-1.9302168,25
-2.4183671,1.9124177,-0.54607135,-3.4905858,3.2388678,-2.7127573,-2.215063,-1.1682454,2.7272625,1.0462472,5.045727,0.40079564,3.918789,-0.8452394,2.1352906,-1.4692276,33
-1.424917,1.2751018,-0.07074307,-0.9115013,1.6942446,-1.2142043,-0.32827532,-0.14038652,0.4891404,-0.67802304,2.537165,-1.0235337,2.4347372,-0.09015564,0.97078437,-0.8433945,3
-3.17433,1.5614347,1.7591939,-1.2755507,2.8069987,-2.1349585,-1.6815739,-0.054058306,0.45604736,-1.2692116,1.9118985,-1.9871163,3.7137487,0.045871064,1.9937158,-1.349179,28
-4.9262567,1.3666089,1.4182762,-2.2989259,1.1577301,-5.2314777,-0.52526754,-2.8124695,2.7678616,0.23054361,4.230673,-0.86523926,7.0286217,1.2077879,4.762851,-2.774178,45
-0.5196314,1.3688841,-0.42243588,-0.5611175,2.0009036,0.36304677,-0.17948763,0.99717367,0.522392,-1.4308851,1.6080506,-1.6587288,1.2618237,-0.07556082,0.11000041,-0.59810627,127
-2.5869918,1.6409583,1.0849826,-1.8923897,2.883172,-2.0190506,-1.7873842,-1.2913665,1.1423372,0.49982503,3.479932,-1.4445524,3.7568097,0.30840555,2.1776183,-0.38853556,25
-0.87259066,1.1084747,0.97997695,-1.4973575,2.7581549,-1.3436488,-1.5701936,-0.69776535,0.6543937,-1.2552826,2.6221137,-1.0914185,2.686349,-0.74220175,2.0215502,-1.8961468,28
-0.9867012,1.4578927,0.45933628,0.030657798,1.2594478,-0.063192606,0.048368394,0.47940713,0.11187718,-0.5987064,1.9404818,-1.985662,1.0412159,0.18434152,0.6481601,0.1478278,23
-2.7588067,3.2231767,-2.4319103,-2.2828174,3.0992026,-0.6556694,-1.6738853,0.5082276,0.8601551,-1.1353608,3.4925537,0.49170148,2.0743477,-0.54382133,0.6859746,-0.25682077,127
-2.760736,1.6496391,1.3309261,-1.634457,3.007011,-2.4109375,-2.116485,-0.59711194,0.8704199,-0.5878312,2.6480036,-1.4796023,3.3448305,-0.24049371,2.309319,-2.0281518,28
-3.1712258,2.4043667,-1.527462,-3.5435817,2.9252405,-3.1757693,-2.3532639,-1.1525025,2.2620535,1.3474215,5.077678,1.0457115,3.785607,-0.8720809,2.0686607,-1.1016405,33
-1.2096059,1.1275356,-0.15925841,-0.6293747,1.2946317,-0.93204683,0.037207097,-0.071517915,0.29515672,-0.8238341,2.1189194,-1.0842787,2.1634197,0.26882687,0.7127905,-0.73414785,3
-3.20518,1.4244218,1.8061811,-1.4086372,2.8112383,-1.935925,-1.7832245,-0.058431976,0.59174734,-0.95287013,1.8651937,-2.1096199,3.5231423,0.04826323,1.9071622,-1.1283998,28
-4.7903256,1.291571,1.4185225,-2.7928562,1.506224,-5.045676,-0.9115032,-2.970182,2.8515952,0.5104481,4.2948174,-0.7801938,6.9923124,1.086795,4.707827,-2.5161939,45
-0.46899015,1.2460731,-0.28589836,-0.3731512,1.8404927,0.36779422,-0.046867635,1.0397395,0.43679905,-1.3574932,1.524811,-1.7013419,1.2133219,-0.10660738,0.039314784,-0.40599757,127
-2.4710352,1.6638346,1.1594335,-1.8835833,3.0680614,-2.075189,-1.8701458,-1.337187,1.2069207,0.28379864,3.5893748,-1.4076433,3.822386,0.18988565,2.3233333,-0.69010997,25
-0.6112124,1.1646273,0.7457603,-1.6002992,2.980422,-1.4090148,-1.6442913,-0.8299616,0.78227514,-1.3494178,2.6734931,-0.82495815,2.8883305,-0.6716377,1.9929502,-2.0992568,28
-0.92933685,1.5050583,0.46483785,0.23527753,1.2829849,-0.058935907,0.18777865,0.5713949,0.011842325,-0.8212004,1.8750981,-1.9688022,1.1049175,0.21288595,0.6106172,0.19428903,23
-2.8824058,3.3208811,-2.3004594,-1.9674617,2.9663067,-0.8101562,-1.5081811,0.5515213,0.8691645,-1.2587008,3.5864913,0.42579746,2.2012153,-0.5547701,0.8189708,-0.21016765,127
-1.8992552,1.1307348,1.0071551,-0.8424287,2.0685315,-1.8130659,-1.3196393,-0.56969696,-0.1361164,-0.32595763,1.9518312,-1.82007,2.4146338,0.2349649,1.676613,-1.4252825,28
-3.3160448,2.4417176,-1.9953747,-3.5074384,2.8590946,-3.1124692,-2.295851,-1.0843148,2.1533053,1.3379092,5.018715,1.1030002,3.7052546,-0.68353754,1.8807783,-1.0060458,118
-1.1851158,1.2318219,-0.3635962,-0.6561775,1.4128915,-0.61410314,0.061968952,0.38177964,0.19560203,-0.9724528,1.8235493,-0.9535917,1.7850657,0.18995175,0.29615304,-0.561097,3
-3.1165788,1.1971029,1.8357958,-1.4819983,2.5269537,-1.7102443,-1.6600668,-0.08262177,0.73361915,-0.3591406,1.6978658,-2.4157872,3.1708772,0.23704079,1.7270607,-0.97542787,25
-4.566208,1.2588278,1.4368069,-3.010115,1.8845234,-4.8350754,-1.2413583,-2.976188,2.7760556,0.5306655,4.220854,-0.6880091,6.8850636,0.9538786,4.5654044,-2.3117979,45
-0.31018317,1.0106442,-0.06534137,-0.28949106,1.5987545,0.37381852,0.13206889,0.9736523,0.3953359,-1.2072822,1.4684029,-1.6958232,1.2447491,-0.16437161,-0.005062606,-0.1297154,109
-2.3943026,1.716028,1.1133969,-1.8303156,3.0628943,-2.127895,-1.8662603,-1.2803067,1.2328969,0.11880455,3.6627517,-1.349725,3.7030199,-0.0077693015,2.4282417,-1.0350542,25
-0.25957635,1.0091186,0.53149325,-1.2549952,2.665833,-1.2684327,-1.324491,-0.9075228,0.5542739,-1.3890762,2.4263968,-0.75422984,2.7502995,-0.37966007,1.8080102,-1.9583678,28
-1.1357887,1.5009103,0.5917538,-0.12322396,1.5805029,-0.03480053,-0.10962301,0.5307511,0.24543905,-0.7445607,2.2311869,-2.1105757,1.2652857,0.042870514,0.71169055,0.22720045,23
-2.874964,3.2272182,-2.082789,-1.6700065,2.9486613,-0.85220873,-1.4142483,0.50303805,0.76739764,-1.4200119,3.6479552,0.311829,2.2761073,-0.49078098,0.91837025,-0.22225437,127
-1.6394323,0.9827022,1.1393394,-0.7274875,1.9743572,-1.5883265,-1.4623005,-0.82005787,-0.5442608,-0.6258213,1.8748181,-1.8546767,2.322765,0.25171676,1.8540218,-1.1981728,28
-3.3521588,2.4404178,-2.1308281,-3.572745,2.9183455,-2.9780254,-2.3561802,-1.057703,2.281173,1.3106453,4.9345574,0.8784444,3.7984297,-0.64681524,1.9035176,-0.9729757,118
-1.2806828,1.3242025,-0.5508059,-1.1502411,1.775526,-0.44087648,-0.3408714,0.70647645,0.2740723,-0.8372461,1.5965607,-0.8229491,1.58337,-0.10833059,0.016157323,-0.37516645,3
-2.7248783,0.9831934,1.6290413,-0.9763813,1.7243663,-1.5027429,-1.1034315,-0.028564136,0.39223593,-0.04998674,1.3026942,-2.6237926,2.5797908,0.5042418,1.4419255,-0.8498832,25
-3.9847648,0.9930874,1.3868424,-2.7524722,1.8906746,-4.462137,-1.2439482,-2.959734,2.3187528,0.38282013,3.952761,-0.68686295,6.4682126,0.91861093,4.297322,-2.187975,78
-0.20878896,0.87704706,0.04279563,-0.14748067,1.4582766,0.44122705,0.25163978,0.9621351,0.09391789,-1.3521887,1.1989084,-1.790149,1.1610574,-0.13249916,-0.010433227,-0.24994835,109
-2.4368505,1.7964048,1.1158975,-2.10862,3.2791882,-1.9913595,-2.1310134,-0.9465955,1.2652721,0.049131967,3.478377,-1.5968995,3.3641176,-0.27963632,2.3281002,-1.3876474,25
-0.49939066,1.0780808,0.52947795,-1.0687475,2.5019817,-1.4705657,-1.1923392,-0.98305374,0.44102544,-1.4580708,2.4174042,-0.76174176,2.8251102,-0.29936728,1.954488,-2.1765869,28
-1.0375158,1.607753,0.3490227,0.38985074,1.2082795,-0.2526386,0.16248707,0.45165426,-0.39095753,-0.9698164,1.8269331,-2.1068807,1.2411454,0.11671438,0.8468862,0.17676103,3
-2.8811164,3.2893627,-2.0235167,-1.2841799,2.8734055,-1.0488414,-1.213316,0.3608486,0.7571817,-1.4683598,3.9264178,0.31474864,2.4115567,-0.37657142,1.1105516,-0.29152107,127
-1.5694312,1.035563,1.1036179,-0.9842588,2.1557755,-1.2864326,-1.5885621,-0.7413851,-0.38454396,-0.49046883,2.1346166,-1.8792758,2.2022238,-0.026623044,1.7948873,-0.88727754,25
-3.612555,2.4581175,-1.7173812,-3.0661924,2.8841991,-3.1288311,-2.1867452,-1.1266956,2.284786,1.0569599,5.1638074,0.54349965,4.2241464,-0.51838905,2.2028074,-0.7263632,45
-1.2755268,1.3849416,-0.5575709,-1.3439807,2.1560893,-0.31677982,-0.67158747,0.88554114,0.20622867,-1.0742424,1.485398,-0.7446661,1.5506208,-0.40307167,-0.053916007,-0.297253,109
-2.4608204,1.0354056,1.5438074,-0.46287954,1.171525,-1.561845,-0.5897003,0.02737651,0.15952754,-0.223156,1.0970415,-2.5239153,2.3028135,0.8175548,1.3395426,-0.95326,28
-3.3786805,0.7946574,1.1780756,-2.6480231,1.9340222,-4.0188694,-1.3476048,-3.085393,1.9824481,0.24101105,3.8087907,-0.6256327,6.099336,0.93481153,4.1129327,-2.0728443,78
-0.16444291,0.7476021,0.17504175,-0.12809119,1.1407888,0.5000344,0.39369702,0.8605663,-0.024057806,-1.1543336,0.91372067,-2.0481243,1.0046338,0.08563381,-0.03134028,-0.36611304,109
-2.0690162,1.4954362,1.1047891,-1.7749002,3.0226612,-1.8045846,-1.8284329,-0.8091357,0.959886,0.013870649,3.0729496,-1.7645202,2.963355,-0.09814933,2.0183802,-1.5353804,25
-0.7776518,1.1255436,0.49651766,-1.0546019,2.378633,-1.5846207,-1.0872753,-0.79408,0.49951035,-1.2470046,2.3317754,-0.8529088,2.66526,-0.31391078,1.8604342,-2.3652081,28
-0.9197299,1.1958525,0.5526826,0.16219842,1.0121261,-0.3982466,0.08561635,0.013128951,-0.38798225,-0.6669665,1.7999668,-2.213763,1.3656576,0.27057737,0.9993356,-0.12620923,23
-2.5789697,3.2991278,-2.0112762,-0.6552408,2.5720363,-1.1559365,-0.7543757,0.26347977,0.53066844,-1.8796921,3.8313022,0.60441846,2.4174793,-0.23969835,1.1547456,-0.31857333,127
-1.7923144,1.0144191,1.1922355,-1.2845461,2.3706203,-1.309016,-1.7514085,-0.6659805,-0.11052944,-0.4691585,2.3567193,-2.004238,2.2998412,-0.11607021,1.8649135,-1.1154647,25
-3.645453,2.440314,-1.3344951,-2.7644622,3.0213175,-3.2013717,-2.064082,-0.9736618,2.3720458,1.1326947,5.3123097,0.2006998,4.404116,-0.6392446,2.237796,-0.48910525,45
-1.1175126,1.3982894,-0.44793248,-1.219689,2.2861872,-0.14212409,-0.662603,1.0214005,0.2464955,-1.375425,1.4320405,-0.8286467,1.443955,-0.4569841,-0.08547214,-0.43911144,109
-2.1150846,1.1527629,1.477661,-0.3423312,1.2964752,-1.6124439,-0.5211571,0.07778402,0.15315457,-0.6945581,1.131027,-2.2517917,2.3423553,0.794901,1.3641689,-1.2260407,28
-2.8767977,0.72911584,0.97635716,-2.8043382,2.2110896,-3.8552597,-1.6844835,-3.247652,1.8668149,0.037528932,3.8985722,-0.52012646,5.9650173,0.8569475,4.1264977,-2.453279,78
-0.17192042,0.68451023,0.20594864,-0.11276044,0.7559771,0.5731445,0.57431096,0.6858826,-0.10165496,-0.9096187,0.7212332,-2.2957299,0.8284174,0.46778956,-0.052274033,-0.44962326,109
-1.4849758,1.1487793,0.8922932,-1.2264748,2.5300012,-1.4460195,-1.4005721,-0.5108677,0.4258923,0.033779226,2.395834,-1.8462062,2.2081378,-0.0624376,1.5482192,-1.3572477,25
-1.0154005,1.1747011,0.5385333,-1.0978352,2.5984688,-1.4659429,-1.3735242,-0.4039297,0.30422983,-1.7293246,2.0576315,-0.88281816,2.5261095,-0.6824802,1.8085362,-2.3122184,28
-0.79182416,0.89000994,0.5225809,0.021492332,0.7982208,-0.40767816,0.11329688,-0.25864708,-0.41129518,-0.590424,1.6338041,-2.0989301,1.3711295,0.46675912,0.99572974,-0.427064,3
-2.4793358,3.275076,-1.9526237,-0.63160044,2.7542257,-1.2056464,-0.73586744,0.26683283,0.5900959,-1.7621751,3.951304,0.67295897,2.3480816,-0.086663455,1.0081673,-0.33105904,127
-1.9226521,0.9590803,1.1525569,-1.6416544,2.5320215,-1.4248421,-2.052445,-0.7445285,0.04437542,-0.36294943,2.3757858,-2.0469925,2.4521668,-0.19804072,1.9849329,-1.346691,25
-3.3864138,2.399368,-1.2389867,-2.2521024,2.9996886,-3.0061083,-1.7314814,-0.7110505,2.0434906,0.78673905,5.130871,0.13166611,4.2201366,-0.6842545,2.023649,-0.25088313,104
-1.5436182,1.8561325,-0.8150407,-1.229805,2.196261,-0.24038106,-0.5742279,0.9199967,0.3498891,-1.610669,2.0870855,-0.5767025,1.5949187,-0.46056733,0.20852242,-0.4351291,127
-1.8975607,1.2955804,1.331513,-0.4654884,1.645664,-1.422384,-0.68805414,0.39759257,0.20873597,-0.8886382,1.2667882,-2.1948025,2.1276207,0.37275788,1.2251925,-1.41997,28
-2.3581686,0.6276476,0.7608615,-2.949447,2.5418015,-3.6689365,-1.994066,-3.3463488,1.8976088,-0.386963,4.047378,-0.29646882,5.685761,0.69078124,4.1371455,-3.0885577,7
-0.1740841,0.6754184,0.23166017,-0.24150914,0.7701451,0.69365656,0.5278714,0.75674015,-0.11386728,-0.9039137,0.53032124,-2.3788593,0.7092415,0.5434995,-0.15017521,-0.4832544,109
-0.8895554,1.0070214,0.3772012,-0.8208616,2.024553,-1.0541799,-0.9460502,-0.2594944,-0.006492108,0.02088371,1.8289082,-1.7864437,1.5197501,0.07894952,1.0581313,-1.2355206,28
-1.0312555,1.0967529,0.5865097,-1.2960817,2.757392,-1.4730135,-1.6110872,-0.3409177,0.24794385,-1.9008023,1.7404162,-0.95165974,2.5654042,-0.83096117,1.8159933,-2.4952621,28
-0.96064305,1.0258887,0.5037849,-0.38483277,1.2144821,-0.5935927,-0.17040259,-0.25956282,-0.12582193,-0.511587,1.8490471,-1.8108535,1.735678,0.36515516,1.018804,-0.48534596,3
-1.9868226,2.777089,-1.6306932,-0.6365299,2.579832,-0.8647052,-0.5338498,0.29700774,0.37510753,-1.6933098,3.4626727,0.28060883,2.149063,0.0044433624,0.77422,-0.14793931,127
-2.1072993,0.94925755,1.2494795,-1.8308281,2.5979176,-1.4780293,-2.1879752,-0.70930606,0.24058631,-0.21526372,2.5436373,-2.1915865,2.623202,-0.35223937,2.0763948,-1.2753471,25
-2.7938056,2.3799436,-1.3497227,-1.177463,2.4638414,-2.7410147,-0.96057856,-0.62642705,1.2271509,0.056533568,4.569033,0.2212773,3.6829722,-0.04334578,1.6903764,-0.18911281,104
-2.2411249,2.579612,-1.6176159,-1.9682387,3.0075998,-0.3639146,-1.3267817,1.1072347,0.57824737,-1.7211692,2.5068505,-0.3234091,1.9672,-0.7970878,0.33710667,-0.719524,127
-1.7484493,1.3701043,1.0113418,0.47997564,0.97939837,-1.0456033,0.07872951,0.5423828,-0.18435605,-1.4760679,1.2462473,-2.222045,1.7031014,0.6144567,1.0660384,-1.4786742,3
-2.6387353,0.8622988,0.751362,-2.5958443,2.453422,-3.9450736,-1.9351729,-3.5394795,1.917854,-0.7956258,4.8321056,0.08588582,5.8606086,0.47555706,4.5529823,-3.1959355,78
-0.2866686,0.7383421,0.18446423,-0.60095936,1.0405573,0.83847755,0.2552629,0.99336815,0.04578258,-0.9338162,0.4717834,-2.2829108,0.6288941,0.33009285,-0.31327918,-0.40822464,109
-0.7622554,0.89995533,0.07470395,-0.97101057,2.0201278,-0.91243595,-0.99110234,-0.28333786,0.063787505,0.13975489,1.7642063,-1.8315725,1.3433619,0.21955833,0.890796,-1.4832304,56
-1.1378167,1.075638,0.70785654,-1.4909707,2.904173,-1.5581439,-1.8023405,-0.24960896,0.35818708,-1.8446722,1.6773922,-1.0659492,2.6301305,-1.020832,1.8463562,-2.6637456,28
-1.187912,1.071384,0.6128347,-0.45134282,1.3620723,-0.60063666,-0.3526923,-0.24458784,-0.029578403,-0.5072119,1.8693846,-1.9398804,1.7711363,0.43378788,1.0561739,-0.5619124,3
-1.7145132,2.5621672,-1.723956,-0.7592776,2.5570254,-0.6415082,-0.57938594,0.35613042,0.20160633,-1.7351348,3.2017946,0.35282388,2.027146,-0.0945589,0.5499831,0.0040837526,127
-2.1119268,0.96460176,1.2492104,-1.8595965,2.6705656,-1.5831953,-2.23401,-0.7867994,0.42297,-0.087753214,2.8418663,-2.234579,2.7712266,-0.42627293,2.1647887,-1.3040891,25
-2.4826646,2.6048748,-1.7418863,-0.524471,2.0776193,-2.8363786,-0.46153438,-0.83368856,0.9243439,-0.2817068,4.448699,0.5346991,3.420026,0.5043369,1.6784995,-0.5655542,104
-2.4551144,2.9359858,-2.2354918,-2.3993819,2.711173,-0.6735773,-1.4556724,0.8467504,0.9426181,-0.86887133,2.2589176,-0.49728945,1.9736106,-0.40691155,0.51010525,-1.247291,127
-1.5939918,1.3633678,1.1044519,1.1666818,0.3581608,-0.8228957,0.4253685,0.017969348,-0.44023007,-2.125307,1.373417,-2.1930032,1.5741932,0.9944499,1.4661152,-1.4981318,75
-2.3770409,0.9849785,0.72620875,-1.863766,2.161317,-3.6388996,-1.5366054,-3.2592294,1.6389909,-1.1334406,4.5786858,0.17277527,5.45003,0.559238,4.2818594,-2.8123567,25
-0.32708418,0.7979257,0.26352435,-0.6699551,1.1680934,0.9350296,0.17633799,1.1459359,0.10177585,-1.1738644,0.42142397,-2.2127163,0.6290586,0.26288325,-0.37942564,-0.35459742,109
-0.66119224,0.7478987,-0.028598342,-0.8660324,1.839596,-0.69926953,-0.8522341,-0.24612993,0.004658371,0.22134963,1.591088,-1.9830823,1.1014278,0.4239983,0.67385316,-1.4035814,56
-1.1911424,1.0298373,0.77764106,-1.5170035,2.968451,-1.550016,-1.8467537,-0.06292825,0.4228142,-1.8941116,1.7167764,-1.1645422,2.6138535,-1.1939816,1.8176093,-2.7214212,28
-1.2396195,1.0322168,0.8027539,-0.3696083,1.4574183,-0.6096464,-0.39594215,-0.24479195,-0.06960395,-0.45263568,1.7582725,-2.0723386,1.7581482,0.6137805,1.0083003,-0.5583586,23
-1.616199,2.5105913,-1.7695593,-0.8380022,2.5160322,-0.6425246,-0.63682616,0.24537694,0.14461459,-1.4959809,3.1742482,0.29114655,1.9280584,-0.05047594,0.56205785,-0.059022397,127
-1.998865,0.9605752,1.2062091,-1.7720876,2.6585503,-1.6122829,-2.087938,-0.8087224,0.5026886,-0.14031437,2.9543605,-2.1724458,2.878987,-0.428138,2.1296988,-1.3470883,25
-2.6927214,2.8709307,-1.9244235,-0.61568177,2.3709598,-2.8341422,-0.7139803,-0.8696305,0.9726358,-0.3233074,4.7031126,0.67298156,3.3477283,0.43474773,1.7357786,-0.72183514,127
-2.410686,2.8986087,-2.105159,-1.9489448,2.5427098,-0.5078425,-1.294352,0.83301586,0.84863645,-1.2847581,2.3333354,-0.6029335,1.9120481,-0.37420475,0.6186016,-1.2202601,127
-1.2995713,1.3444905,0.8317485,0.7535428,0.42445156,-0.63185656,0.2770331,-0.1018818,-0.38787448,-1.5105722,1.185268,-2.2756567,1.2527456,0.99536806,1.297751,-1.4299457,3
-1.6759161,1.017357,0.37046123,-1.1018319,1.2953185,-3.208053,-0.7916756,-3.0701246,1.3494782,-1.3476229,3.9864945,0.36653227,4.680762,0.8264176,3.886909,-2.6349177,53
-0.42086333,0.9004544,0.35410172,-0.6737887,1.2822775,0.9329226,0.12574461,1.2602333,0.12171959,-1.413553,0.42762327,-2.1173043,0.7380681,0.18531561,-0.35777727,-0.25908303,109
-0.98618317,1.1766921,-0.78393894,-1.340608,2.3409047,-0.7716869,-1.2759953,0.028894797,0.18480386,0.003703691,1.5738237,-1.4898202,1.0822862,0.1932697,0.5420989,-1.7452207,121
-1.062205,0.9048986,0.69130015,-1.7468787,2.990839,-1.5401741,-1.9821849,-0.14934519,0.53613955,-1.534575,1.8107018,-1.2835305,2.523354,-1.2214502,1.7907144,-2.8366723,28
-1.1786633,0.98823225,0.8444228,-0.32527763,1.465533,-0.4114365,-0.34333456,-0.034807988,-0.023568988,-0.40245673,1.5752047,-2.1181796,1.5057766,0.6464082,0.76349026,-0.3690118,23
-1.673439,2.466693,-1.4892135,-0.60513544,2.397398,-0.82667613,-0.44391936,0.24536046,0.29019666,-1.2417605,3.2323594,0.1271737,1.9588006,0.13223132,0.60323924,-0.09650329,127
-1.8232005,0.7463211,1.3465075,-1.8078542,2.553627,-1.4834795,-1.8267013,-0.86274,0.75066257,0.09831216,3.009878,-2.3782742,2.9510846,-0.17168894,1.9641328,-1.3084843,25
-2.6285608,2.9245818,-2.0709484,-0.388907,2.3818097,-2.7623513,-0.76724064,-0.8446792,0.8689517,-0.25159037,4.665109,0.6415955,3.098102,0.38772458,1.6536331,-0.7723452,127
-2.3795547,2.9610713,-2.0414257,-1.7651947,2.5969448,-0.56755435,-1.2205515,0.7412575,1.0078908,-1.4888604,2.6398215,-0.5599747,2.0683556,-0.35123414,0.78808665,-1.3011534,127
-1.261373,1.1692543,0.96465856,0.53212625,0.28609654,-0.45841572,0.3132416,-0.06283136,-0.3516822,-1.2050395,0.9781126,-2.6652887,1.1182632,0.97667724,1.2151964,-1.3432217,3
-1.4507849,1.2123046,0.41800332,-0.7736253,0.6944254,-2.993331,-0.26662493,-2.7271874,1.3723767,-1.6575606,3.5555892,0.21419981,4.33603,0.9632712,3.7247105,-2.7696922,53
-0.77259535,1.1799114,0.14037187,-0.7602922,1.351628,0.8016082,0.042692393,1.2338712,0.17410037,-1.4793943,0.7374355,-1.9787943,0.9555512,0.15005949,-0.19378942,-0.12580504,109
-1.2600341,1.3786247,-0.79935443,-1.474312,2.6217055,-0.60724443,-1.4373143,0.29806533,0.32784027,-0.20192383,1.7292576,-1.6080248,1.1685886,0.15761083,0.43662915,-1.7529161,121
-1.0844147,0.87439144,0.7190561,-1.7234695,3.0176816,-1.4844842,-1.9894404,0.030686002,0.5726663,-1.467414,1.8035055,-1.3654768,2.428236,-1.3077766,1.6649929,-2.7399783,28
-1.9515064,1.3707409,0.9153741,-0.99186695,1.6365151,-0.7825715,-0.791771,-0.03481091,0.14357117,-0.07384791,1.8586208,-1.8717759,1.64376,0.445491,1.0051088,-0.19695245,23
-1.694926,2.5465682,-1.5164844,-0.5490259,2.3678737,-0.8939974,-0.4165768,0.21323854,0.2993161,-1.3483764,3.2651336,0.2888021,1.9784932,0.09990185,0.6623717,-0.15246221,127
-1.5193354,0.5521664,1.4134624,-1.6445127,2.468155,-1.3856126,-1.4581211,-1.0078169,0.61213076,0.16362911,3.0764432,-2.622595,3.034728,0.1319451,1.8867941,-1.2514656,25
-2.571214,2.7557807,-2.0087316,-0.733644,2.5283508,-2.5762308,-1.0442948,-0.7571819,0.98438793,0.059648506,4.5635476,0.7191625,2.8063273,0.14224657,1.461138,-0.6781213,127
-2.4760878,3.050296,-1.8362753,-1.230559,2.473257,-0.7228788,-0.9625504,0.73303455,0.87431383,-1.7071463,2.819792,-0.6518629,2.24929,-0.2576015,0.96641386,-1.1337324,127
-1.3122721,1.0445415,1.0116057,0.30220354,0.372572,-0.3801328,0.19317889,0.10297264,-0.39219552,-0.9318758,0.6882427,-2.8303332,1.0179265,0.973507,1.0106195,-1.1896552,3
-1.4274,1.201838,0.33643198,-0.986582,0.32474816,-2.8057935,-0.080771945,-2.4866967,1.5481632,-1.838357,3.039416,0.014498353,4.2408295,0.9549766,3.6885273,-2.9715796,53
-1.1252663,1.3770738,0.00160487,-0.97274446,1.4730132,0.7314441,-0.06602578,1.2224112,0.33857077,-1.3907964,1.0177693,-1.9707892,1.1273516,0.17493182,-0.10230104,-0.08952168,109
-1.7680143,1.8209686,-0.9571751,-1.3125126,3.0235267,-1.1554563,-1.602608,0.2478374,0.39737803,-0.93096215,2.3423564,-1.2222631,1.8902886,0.08991253,0.86854637,-2.2705781,121
-1.1385446,0.87799925,0.7033141,-1.80024,2.9918728,-1.4232891,-2.0300698,0.07327402,0.613251,-1.4109262,1.8181627,-1.4076636,2.3641145,-1.3305033,1.6342968,-2.7076364,28
-2.185175,1.4908371,1.1806922,-0.6447829,1.5356896,-1.0288613,-0.5792876,0.030646916,-0.0018254966,-0.38749126,2.0460353,-1.9069602,1.9088962,0.44573912,1.2180828,-0.17127314,25
-1.5741799,2.311933,-1.0867003,-0.13895713,2.1248193,-0.7963459,-0.1077628,0.16861713,0.2232435,-1.4963413,3.1891773,0.05866401,1.8662708,0.3639962,0.6827532,-0.21972021,127
-1.5382676,0.64906484,1.3973727,-1.8164684,2.8089685,-1.3085219,-1.5681114,-1.0795829,0.6106893,-0.16344395,3.1761782,-2.451401,3.3774602,0.001330398,1.9523052,-1.0170279,25
-2.6260853,2.601968,-1.9371746,-1.2307246,2.5744967,-2.6793532,-1.2398019,-0.76273423,1.3219852,0.6736515,4.629115,0.790933,2.7261097,0.027515575,1.3887019,-0.7975329,127
-2.3748064,3.0168543,-1.7355685,-0.78733623,2.3511243,-0.7960765,-0.75577337,0.82351524,0.4954297,-2.0002804,2.6240277,-0.44865942,2.194468,-0.29652202,0.88837045,-0.91463554,127
-1.320773,1.0065413,0.8991878,0.02663225,0.5489546,-0.25845647,0.07940388,0.2700829,-0.31572402,-0.65485716,0.66249067,-2.9168282,1.0214779,0.78649807,0.8280167,-0.8851146,109
-1.5913398,1.2111394,0.48025304,-1.2949195,0.4199884,-2.7326589,-0.30594045,-2.3670774,1.9004052,-1.7904634,3.06323,-0.3480028,4.316778,0.86586446,3.8012571,-3.1055965,53
-1.3499857,1.5091369,-0.018878736,-1.1274307,1.5954103,0.6092264,-0.092996016,1.323642,0.37480438,-1.1839775,0.98380536,-1.9833789,1.2449732,0.25622714,-0.19277972,0.04440117,109
-2.3073757,2.235506,-1.1753857,-1.1857706,3.233471,-1.8895683,-1.7291172,-0.17061916,0.63788813,-1.5705092,3.1525211,-0.5857566,2.8259218,0.14726591,1.5664736,-2.916344,62
-1.2148926,0.87672657,0.7965455,-1.9356403,3.0175672,-1.4714895,-2.1397321,-0.039911002,0.71640337,-1.2058848,2.004995,-1.4911051,2.461613,-1.3676991,1.7437571,-2.6260896,28
-1.8706189,1.3924484,1.2517868,-0.5945697,1.6299931,-1.0020262,-0.67079365,0.006568201,-0.052242383,-0.4359131,2.0471241,-2.1143181,2.0194135,0.1438703,1.3593854,-0.21607238,25
-1.3547193,1.9295812,-0.5220734,-0.06269738,1.8626871,-0.83354354,0.013053242,0.014412727,-0.04584624,-1.3884262,2.813118,-0.28009564,1.9179876,0.42985865,0.83945113,-0.017384231,127
-1.4463297,0.8002943,1.0812366,-1.9974735,2.8510885,-1.2838148,-1.589055,-1.0352782,0.70113677,-0.016195893,3.097518,-2.2499766,3.2994204,-0.027127903,1.8008589,-1.0053287,25
-2.5836108,2.5209453,-1.7969346,-1.2277262,2.5587049,-2.4345033,-1.0772854,-0.7091776,1.1198809,0.5011992,4.734358,0.52096486,2.822129,0.063737206,1.3534905,-0.42061028,104
-2.3770077,3.2406695,-1.9112128,-0.78894496,2.5366015,-0.8976249,-0.70725346,0.8743135,0.56045943,-2.1546085,2.7161908,-0.115457684,2.246332,-0.2802918,0.8294658,-1.0386671,127
-1.29621,1.0079904,0.87913626,0.07801631,0.6923144,-0.35789052,0.046368897,0.2634338,-0.29231077,-0.7754512,0.822573,-2.845625,1.1854854,0.691298,0.8757147,-0.92172444,3
-1.6460317,1.1707091,0.66616684,-1.5198026,0.4746684,-2.7028346,-0.46588695,-2.3112125,2.310761,-1.5834376,3.1678617,-0.6739069,4.374028,0.84152883,3.876378,-3.1806664,53
-1.5624577,1.6882021,-0.03321936,-1.066927,1.6240315,0.5044557,-0.086704,1.4145845,0.30566,-1.1949528,1.0463175,-1.9681432,1.335835,0.18396145,-0.16474785,0.20438892,109
-2.4640818,2.5449052,-1.5697814,-1.1304524,3.1366715,-2.1381419,-1.7324919,-0.46602744,0.6686487,-1.8837143,3.4366639,-0.13197318,3.1614053,0.27202183,1.9057238,-3.0883803,62
-1.2187208,0.9096811,0.893342,-1.9836314,3.050765,-1.5225241,-2.1347945,-0.15660155,0.8334243,-0.94696057,2.2299678,-1.5753286,2.589419,-1.3384117,1.8036302,-2.4466524,28
-1.7875036,1.4256372,1.3177553,-0.87182695,2.0292532,-1.0462234,-1.123962,-0.10282542,-0.117953405,-0.55701977,2.1270237,-2.1091685,2.2234747,-0.17143635,1.5908762,-0.255569,25
-1.4039825,1.9146571,-0.32247844,-0.25164616,2.3932714,-0.8171392,-0.46325737,0.032396086,-0.27288628,-1.5727035,2.95353,-0.36816606,2.198715,-0.03656584,0.984599,0.26305002,75
-1.3756624,0.79449016,1.0112722,-1.8471459,2.649839,-1.1827391,-1.3678434,-0.89204407,0.7336291,0.0040371716,2.904119,-2.302869,3.1519227,0.14264426,1.6158947,-0.9938537,25
-2.5658875,2.4589553,-1.8535352,-1.1436424,2.299271,-2.4702644,-0.9453388,-0.6935083,1.0643406,0.53168154,4.4792304,0.47242677,2.8575277,0.09837278,1.3495901,-0.38976568,104
-1.9100142,2.8104837,-1.5483738,-0.42831892,2.3512073,-0.68458307,-0.33935177,0.85129637,0.23532444,-2.3257017,2.490047,-0.23900855,2.186498,-0.20632324,0.68102586,-0.6909253,127
-1.1703058,0.9755039,0.87059855,0.29844356,0.78819764,-0.4673337,0.12327038,0.22448096,-0.21780549,-1.1067693,0.9904905,-2.607879,1.3623531,0.6969315,0.89352083,-1.1188066,3
-1.635201,1.0004609,0.95714873,-1.7425096,0.5076779,-2.53454,-0.6150924,-2.2975013,2.6010685,-1.0924889,3.2404985,-1.1142018,4.284291,0.819607,3.8371303,-2.988069,75
-1.4546273,1.6585255,-0.022801578,-0.96867543,1.4960899,0.53994584,-0.042602528,1.3558619,0.25636518,-1.1656195,0.979922,-2.120869,1.2590873,0.22617868,-0.12777473,0.1442405,109
-2.5673795,2.7012897,-1.6132333,-0.96606034,2.8605475,-2.2941027,-1.5742539,-0.3579809,0.6016584,-2.041635,3.261449,-0.100838155,3.2015328,0.13550106,2.008624,-3.292107,62
-1.3236164,1.0750453,0.92542714,-2.0197816,3.1836543,-1.7331997,-2.2630932,-0.22658467,0.6368357,-0.9221938,2.141387,-1.6209738,2.6795309,-1.2778032,1.9011364,-2.5295403,28
-1.6764979,1.6585772,0.986257,-0.86325985,2.1060128,-0.9173387,-1.1317047,0.00741728,-0.1530991,-0.71260023,2.2604158,-1.841876,2.1156218,-0.5183282,1.5888286,-0.048908353,25
-1.4118458,1.8288517,-0.09812865,-0.7603773,2.8579607,-0.9187713,-1.0276366,-0.045463327,-0.05391881,-1.3795308,3.0895584,-0.4752426,2.4341567,-0.39038625,1.1655736,0.17992532,75
-1.5071528,0.8440859,0.8894928,-1.6168363,2.5402007,-0.99886715,-1.209652,-0.5807648,0.69901943,-0.25051633,2.7840087,-2.1793132,2.956799,0.084413745,1.404876,-0.7797343,25
-2.3918076,2.198926,-1.6149935,-0.8544274,2.0277205,-2.2955315,-0.7914867,-0.77150035,0.9323426,0.35513526,4.085169,0.19683754,2.884484,0.30081254,1.4152079,-0.380505,104
-1.7508143,2.6819987,-1.3498899,-0.12814976,2.17624,-0.6245047,-0.1223734,0.89491147,0.0010109991,-2.6624382,2.272726,-0.20608956,2.2513983,-0.10165185,0.62103117,-0.5187141,127
-0.7722096,0.7385509,0.76107085,0.454055,0.7477242,-0.5369612,0.36399198,0.047505245,-0.02481234,-1.0400932,1.1203612,-2.4253404,1.4570656,0.9236629,0.7591179,-1.351583,3
-1.6194261,0.99183434,1.0127821,-1.5735172,0.5303797,-2.5812175,-0.48934096,-2.2368953,2.6021426,-0.8748634,3.4442074,-1.2364409,4.309295,0.7241269,3.777006,-2.8176992,75
-1.3547205,1.567111,0.16113682,-0.68654436,1.3506435,0.52576536,0.13068692,1.3444388,0.14795463,-1.0702034,0.86567605,-2.3688211,1.2187936,0.36962616,-0.13297974,0.2456581,109
-2.6902616,2.8418622,-1.511511,-0.5369136,2.7818031,-2.2007287,-1.3519149,0.071297504,0.42239183,-2.4154453,3.1665556,-0.19123313,3.0060596,-0.08426762,1.861462,-3.1370213,62
-1.4071978,1.1138232,0.9832571,-2.0142262,3.1396828,-1.8390201,-2.2067695,-0.272882,0.60628116,-0.91229945,2.0708182,-1.6631753,2.744244,-1.1087302,1.9180021,-2.700442,28
-2.0833263,1.885037,1.1843498,-0.91113436,2.3409781,-1.1874088,-1.2750036,0.052417688,0.09808465,-0.7896795,2.5487177,-1.9269099,2.4405234,-0.58627576,1.8046124,-0.18908587,25
-1.4603897,1.8441415,0.12678438,-0.88435245,3.0877876,-0.9537748,-1.2316098,0.19002396,0.06664128,-1.4243236,3.0423887,-0.66045,2.5035279,-0.7482283,1.2114745,0.0712105,75
-1.5900037,1.0112234,0.77365404,-1.7465225,2.8441458,-0.8689946,-1.4023236,-0.35179827,0.70532286,-0.6092669,2.7707329,-1.9144757,2.9211545,-0.1982848,1.3020738,-0.6700283,25
-2.4653394,2.2106767,-1.139039,-0.33878896,1.8802394,-2.4439852,-0.4334901,-0.6970103,1.0627117,0.04423412,4.0568223,0.11619669,2.9361513,0.5898424,1.5208603,-0.72314566,104
-1.7413034,2.621484,-1.2170304,0.09179613,2.0150619,-0.6826795,-0.020018686,0.83714247,-0.045599192,-2.6652071,2.1857612,-0.39338446,2.2015362,0.048345372,0.69828475,-0.7377006,127
-0.349481,0.28464252,0.9682898,0.20531696,0.6139513,-0.38249636,0.5882273,-0.23523235,0.36217463,-0.5389378,1.320414,-2.5782914,1.5633569,1.0916742,0.6535801,-1.2455828,3
-1.4858409,1.3358371,0.39873588,-0.97395104,0.86401105,-2.763987,-0.32325983,-2.1715865,1.8446597,-1.4172293,3.5866017,-0.80501467,4.268185,0.5352012,3.7384825,-2.9575927,53
-1.4312316,1.5714242,0.23174922,-0.53014755,1.3024037,0.43462104,0.17189144,1.3151146,0.09789557,-0.84766436,0.9166863,-2.5192378,1.2004535,0.44319454,-0.114116676,0.3464135,109
-2.777928,2.9190936,-1.7148203,-0.53136414,2.8795443,-2.2537355,-1.3532432,0.27680334,0.33672595,-2.2773373,3.0145795,-0.17629814,2.8360405,-0.07349679,1.5962197,-3.1107638,62
-1.3299716,1.1925793,1.0348243,-1.7838724,3.0430965,-2.1142979,-1.9866904,-0.6036867,0.5839962,-1.07022,2.3018699,-1.4543245,3.1592546,-0.85024047,2.157917,-2.7407165,28
-2.1972678,1.9788492,1.0174266,-0.9629119,2.3410964,-1.5271392,-1.5121924,-0.22608179,-0.009067446,-0.64490384,2.6116495,-1.9510479,2.6443355,-0.684261,2.1343772,-0.36603743,25
-1.3357582,1.716279,0.1435614,-1.1081841,3.2043996,-0.8706481,-1.4495932,0.16931856,0.13740247,-1.3321255,2.9832184,-0.8028006,2.4547644,-0.89616376,1.2426772,-0.05786556,23
-1.7342575,1.103241,0.88716453,-1.7648946,3.072321,-0.8370089,-1.5130973,-0.21542713,0.8011439,-0.69418234,2.8516374,-1.8843257,2.9490068,-0.3060383,1.2646357,-0.54240537,25
-2.358449,2.3086653,-1.280291,-0.35164666,1.752057,-2.4794536,-0.27160347,-0.84799874,1.2991061,0.01956138,4.01029,0.19494301,2.9635074,0.8400166,1.6356217,-1.1393219,127
-1.9427646,2.6793535,-1.0766145,0.27279806,1.9666578,-0.9243453,0.11668399,0.8030267,0.12843426,-2.5065262,2.481262,-0.42976952,2.266809,0.121969245,0.8275318,-0.88479537,127
-0.05419457,-0.056821793,0.9448053,0.1560655,0.6929911,-0.32054263,0.7393034,-0.24205303,0.42215294,-0.67234236,1.5489725,-2.4186783,1.6860495,0.9213284,0.59703916,-1.28859,3
-1.2747091,1.6989245,0.18067418,-0.5706196,0.9088788,-2.700873,-0.00042157248,-2.0617352,1.7371845,-2.024464,3.6129656,-0.5955393,4.281731,0.66984975,3.683515,-2.9653425,53
-1.5135614,1.5834496,0.30715632,-0.39859587,1.200648,0.3707863,0.21656631,1.3057144,0.03068038,-0.7988737,0.85682607,-2.614702,1.2008606,0.49544838,-0.0852618,0.39260024,109
-2.5796201,2.8259263,-1.8813858,-0.8241177,3.12921,-2.1177528,-1.576794,0.50129044,0.36070484,-2.0909882,2.5332603,-0.11614042,2.669896,-0.39807874,1.3719133,-2.8489978,62
-1.1448526,1.289191,0.8072067,-1.5196832,2.878685,-2.2041109,-1.7698478,-0.7901765,0.38985986,-1.2197688,2.1958714,-1.284096,3.2230117,-0.47976592,2.1501455,-2.8177085,28
-2.0070856,2.0101783,0.65057856,-0.5480288,2.1545947,-1.8136607,-1.3842332,-0.3330502,-0.5513966,-0.77986974,2.350219,-1.6876478,2.6157947,-0.71657395,2.1695228,-0.47449988,25
-1.2867223,1.5440426,0.44065017,-1.2088108,3.2741232,-0.97590995,-1.6111708,0.08595314,0.2570212,-1.0199051,2.945589,-1.1597528,2.4573264,-0.8746015,1.3299315,-0.21372168,25
-1.9272237,1.186885,1.0620162,-1.9244359,3.2984548,-0.92744637,-1.7011966,-0.19536865,0.9708931,-0.7137446,2.9830334,-1.8284838,3.1259556,-0.46741584,1.3801852,-0.50486636,25
-2.514415,2.3649142,-1.091644,-0.41342598,1.8869102,-2.557523,-0.37505156,-0.9192292,1.3534691,-0.11944991,4.185711,0.20252097,3.0918891,0.8293428,1.8145522,-1.2102804,104
-1.9061894,2.649386,-1.0613515,0.40773916,2.0305657,-0.9605026,0.084975466,0.74569345,0.042737216,-2.6405814,2.6317196,-0.12978485,2.272424,0.032302,0.84340376,-0.74333465,127
-0.45780528,0.28048506,0.9262474,-0.23977455,1.7427313,-0.66200924,0.13049804,-0.15298301,0.6336897,-1.4856255,2.241124,-1.7286727,2.4706619,0.16863346,0.9500737,-1.3466535,3
-1.3301717,2.0536852,-0.21108481,-0.42053115,1.0303726,-2.483978,0.08860007,-1.627084,1.9598995,-2.3117363,3.5326188,-0.5526043,4.078729,0.771669,3.3724291,-2.9803646,53
-1.5751064,1.6101782,0.4526965,-0.10808626,1.0304902,0.3095677,0.39576733,1.3942757,-0.067471325,-0.92712206,0.67134804,-2.7205293,1.2065021,0.5557987,-0.077887684,0.3762462,109
-2.597205,2.904951,-1.847286,-0.74211246,3.3278499,-1.8673589,-1.5370017,1.0428861,0.26273113,-2.2194588,2.207333,-0.20553002,2.334773,-0.6445557,1.01783,-2.526351,121
-1.0914612,1.2529027,0.6927217,-1.2199678,2.602666,-2.2832592,-1.4711667,-0.93096846,0.265529,-1.2981445,2.1113687,-1.2152882,3.2956617,-0.1680887,2.1608841,-2.8606062,28
-2.196163,1.6715262,0.91261744,-0.59650004,1.9458941,-2.118112,-1.378551,-0.88390803,-0.5594869,-0.6227049,2.6202133,-1.6776521,3.0350766,-0.41183612,2.479417,-0.6153578,25
-1.1243685,1.4372551,0.40871102,-1.0844039,3.102456,-1.0214833,-1.5148774,0.055988833,0.29406083,-0.84349406,2.7606266,-1.2896707,2.338891,-0.82304245,1.2737154,-0.41396874,25
-1.8663377,1.1270719,1.244168,-2.0644488,3.2396598,-1.059596,-1.7738183,-0.4689552,1.1223066,-0.53870106,3.0074775,-1.9681568,3.2649305,-0.42505518,1.655542,-0.7306527,25
-2.3362226,2.4851193,-0.94637346,-0.48891264,2.226881,-2.5186539,-0.5258455,-1.0615637,1.483382,-0.52660304,4.358726,0.21385562,3.146809,0.93706673,2.0190501,-1.6550069,127
-2.0795736,2.6205711,-1.0252032,0.3468784,1.9705038,-0.9736733,0.06687283,0.7402222,-0.26400995,-2.3434281,2.6676893,-0.011888936,2.1922407,-0.027864601,0.7613816,-0.033093452,127
-0.35177994,0.2899099,0.8674602,-0.5951079,2.0776076,-0.5997549,-0.24727677,-0.16163126,0.6395817,-1.6820195,2.1027362,-1.4690733,2.5196881,-0.06524615,0.9615451,-1.4025052,3
-1.4614543,2.0379362,-0.7048602,-0.8669729,1.3010163,-1.9680959,-0.24634956,-1.155353,2.186774,-1.9662035,3.3889563,-0.81451106,3.6836452,0.49787477,2.9106753,-2.9216847,75
-1.47235,1.5383277,0.5638462,0.19788885,0.9132922,0.21560475,0.5886297,1.3736118,-0.10791588,-1.1758524,0.6265282,-2.6475883,1.2749338,0.60885704,-0.051551,0.19461954,109
-2.497246,2.7610385,-1.6349564,-0.76448315,3.4745007,-1.7455927,-1.5130322,1.3585908,0.40733552,-1.8991259,1.9611958,-0.38259292,2.100868,-0.66482085,0.6618449,-2.282573,121
-1.2802123,1.2312242,0.80889726,-1.0509443,2.529028,-2.420019,-1.3183379,-1.1340774,0.29131687,-1.3059726,2.4473844,-1.2016547,3.611355,-0.09585596,2.381624,-2.6661491,28
-2.319734,1.5931525,0.8401089,-0.9977792,1.9736165,-2.3338192,-1.5518088,-1.1808665,-0.26120973,-0.5995322,2.8151023,-1.3180192,3.326688,-0.47121018,2.6806517,-1.0509493,25
-1.0300678,1.2539052,0.5224889,-0.903474,2.8692856,-1.0068569,-1.357583,0.024958424,0.18180953,-0.6817852,2.5002384,-1.4478633,2.1753058,-0.59642655,1.1353712,-0.45597672,25
-1.9159871,1.2339599,1.1257583,-2.3035135,3.1606102,-1.1371257,-1.922967,-0.7387837,0.9993172,-0.38515452,3.063129,-2.0065312,3.3271413,-0.3847663,1.8929809,-0.7016964,25
-2.8022895,2.8594964,-1.007797,-0.3179749,2.2647123,-2.909289,-0.6459172,-1.3579868,1.0497391,-0.91530854,4.9576864,0.69202775,3.481521,0.82355547,2.4742286,-1.2805848,104
-2.0621107,2.385985,-0.6635927,0.38251996,1.895157,-0.97728944,0.13240266,0.7380414,-0.34464222,-2.0286689,2.6466079,-0.3582926,2.1362352,-0.10254101,0.7652256,0.20448095,127
-0.26946506,0.2985786,0.79833657,-0.63489354,2.0026598,-0.34459528,-0.20914094,-0.08096745,0.62149626,-1.6296632,2.0180862,-1.5753973,2.305609,0.07220397,0.7961989,-1.2853554,3
-1.5493686,1.9610419,-1.0353231,-1.1551287,1.5461944,-1.6342939,-0.5256903,-0.7521357,1.9747932,-1.646903,3.1143951,-0.8963891,3.243547,0.22726849,2.4093196,-2.8149912,3
-1.2923108,1.3598363,0.6703114,0.25262332,0.83962506,0.096360505,0.7109866,1.1777996,0.05398292,-1.2257428,0.8159665,-2.464928,1.4596231,0.59146595,0.05407323,0.06899062,109
-2.5340383,2.8168337,-1.7299688,-0.85606784,3.2260528,-1.9013594,-1.464447,1.3140823,0.27929354,-1.5824404,1.5693829,-0.38915873,1.971555,-0.6225391,0.63495666,-2.1716204,121
-1.4555963,1.2678947,0.77929395,-1.1676353,2.7531214,-2.6163702,-1.4754692,-1.0215669,0.466151,-1.3810571,2.470688,-0.9690351,3.6382074,-0.27454802,2.3887355,-2.9791875,28
-2.335395,1.6297772,0.7357294,-1.3165774,2.0733373,-2.4779482,-1.5684013,-1.353903,0.035087466,-0.44153893,2.8062518,-1.0201681,3.5641828,-0.20809749,2.6419213,-1.2028731,25
-1.0862896,0.99900967,0.82957715,-0.6310568,2.5888758,-1.029571,-1.149137,0.07918282,-0.29035246,-0.6177145,1.8900634,-1.8489072,2.137684,-0.23803523,0.96886647,-0.32666412,25
-1.9262756,1.2072265,1.2528034,-2.4178276,3.0877209,-1.2048264,-2.0305328,-0.8976472,0.8444556,-0.18928948,2.8481865,-2.2638576,3.3516304,-0.2322869,2.024057,-0.7331992,25
-3.255274,3.4247842,-1.637261,-0.5837877,2.6146111,-2.8654888,-1.0161835,-1.2468746,1.0441296,-1.0673071,5.3236685,0.9689875,3.484986,0.68296885,2.4851284,-1.3361295,127
-2.1364145,2.3688326,-0.8183164,0.4201969,1.7220141,-1.1195035,0.135179,0.41800955,-0.26926202,-1.9978803,3.0610232,-0.33500946,2.2891893,-0.11974383,1.0525153,0.080756456,127
-0.2817705,0.31153116,0.683503,-0.7428012,1.8448431,-0.33816078,-0.13651854,-0.059910495,0.6748623,-1.5691758,1.9626218,-1.4266975,2.2348816,-0.009475134,0.8347553,-1.3078512,3
-1.7858096,2.1503863,-1.3573618,-1.2917978,1.6965783,-1.6634592,-0.7064385,-0.58393335,1.6831192,-1.164704,3.0747662,-0.78134584,2.8660538,0.08780793,2.101522,-2.8190513,3
-1.2985117,1.2617465,0.6893371,-0.060076028,0.953943,-0.01097803,0.6449935,1.0700369,0.35488072,-0.9609264,1.2202754,-2.3342404,1.6182745,0.37645164,0.12084264,0.034463704,109
-2.4645689,2.5006227,-1.6336429,-1.2548006,3.0938382,-1.9810857,-1.6702195,1.0838301,0.16948628,-0.94097465,1.1952602,-0.40230483,1.8055639,-0.6139523,0.6058511,-1.989322,121
-1.8043644,1.3114276,0.7793164,-1.3235162,2.797862,-2.4653761,-1.764496,-0.7700911,0.46473014,-1.512558,2.3424504,-1.1240277,3.413933,-0.5641366,2.3974628,-2.9272244,28
-2.5888116,1.6582661,0.9031933,-1.2380891,2.1145205,-2.489803,-1.5600287,-1.3109052,0.19626093,-0.47860754,2.7580087,-1.1113703,3.6281092,-0.011447154,2.6305594,-1.3129671,25
-1.3872216,0.85357535,1.1955299,-0.81183374,2.6218657,-1.1994346,-1.1748871,-0.0039510597,-0.10906249,-0.3876189,1.9793663,-1.9767163,2.4846969,-0.16502286,1.0194907,-0.2631534,25
-1.911513,1.0878423,1.3273566,-2.4340525,2.973391,-1.3521132,-2.098819,-1.1009665,0.7614446,-0.03074263,2.8457239,-2.322179,3.3909345,-0.2030586,2.1883636,-0.85365176,25
-3.2566693,3.4884937,-2.09368,-0.7862426,2.8478494,-2.410432,-1.4914966,-1.2077802,0.7582637,-1.3897829,5.1408553,1.1424153,3.2361755,0.48660824,2.354116,-1.125906,127
-2.2189589,2.4838548,-0.8675862,0.4024691,1.7410834,-0.9522429,0.09827468,0.814554,-0.21729453,-1.8959177,2.8032176,-0.6202511,2.0047708,-0.28288424,0.8168552,0.123187214,127
-0.31389952,0.28488964,0.61808807,-0.75689185,1.7657322,-0.2942745,-0.17586121,-0.0061228387,0.5257643,-1.9120921,1.8614646,-1.2561679,2.2576952,-0.3093407,0.94675875,-1.2926105,3
-1.9473801,2.0555894,-1.0738491,-1.5112606,1.8576375,-1.5262339,-0.9132977,-0.3902424,1.4726949,-0.7011823,2.990764,-0.9558381,2.5642252,-0.0937496,1.8204937,-2.435217,3
-1.0142568,0.8220014,1.1870549,0.11223224,0.84518224,0.23367482,0.85001904,1.0750291,0.18194577,-1.1079235,0.7800513,-2.8996038,1.6206369,0.45769534,0.1100818,-0.04578358,109
-2.9360478,2.7424476,-2.0764358,-1.5947328,3.5763702,-3.041447,-2.2595568,0.24652383,0.33709002,-0.93003505,2.1216702,0.35507762,2.7468514,-0.5161401,1.421162,-2.7755828,62
-1.9162668,1.2795169,0.7598874,-1.3849311,2.6984916,-2.5470476,-1.7711256,-0.8200108,0.4654789,-1.4918312,2.1669366,-1.0473711,3.4557562,-0.56835645,2.4444566,-2.8947392,28
-2.8846557,1.64726,1.1545312,-1.3630489,2.3380346,-2.4909687,-1.757371,-1.3800138,0.4374053,-0.40668496,2.8477128,-1.2472265,3.773666,0.19116229,2.687885,-1.3670669,25
-1.579155,0.9521677,1.1015371,-1.2689345,2.7860937,-1.3003193,-1.4903511,-0.25212774,0.1699436,-0.33218,2.299227,-1.7438562,2.7828658,-0.3828989,1.2850746,-0.34689248,25
-1.9148121,1.0138359,1.4679701,-2.2384782,2.7792597,-1.4764061,-1.948131,-1.0147742,0.76487625,-0.02025747,2.8707056,-2.3730633,3.3982215,-0.25901073,2.2293255,-0.9320797,25
-2.927504,3.3897388,-1.8292836,-0.7721592,2.9158025,-2.1001878,-1.5117015,-0.93616855,0.78433245,-1.7857909,4.9306006,1.0201354,3.1673265,-0.012282897,2.35426,-0.9239229,127
-2.2789993,2.517404,-0.88204116,0.10207084,2.1139367,-0.6992715,-0.22074752,1.1959903,-0.19801761,-1.9792382,2.5730562,-0.5713924,1.83037,-0.60147816,0.5459798,0.32634228,127
-0.26174888,0.25826612,0.7582017,-0.7494103,1.8645382,-0.23159096,-0.21364269,0.038497675,0.5574904,-2.043786,1.8523027,-1.2747593,2.2799158,-0.40035132,0.9849342,-1.2478237,3
-2.3901281,2.1834793,-1.1368989,-1.4114108,1.8321393,-1.5008901,-0.87350285,-0.34505773,1.2592986,-0.7737775,3.2709956,-0.9771834,2.4646409,0.08393445,1.7203637,-2.3391194,127
-1.1681327,0.8803812,1.346734,0.0044845343,0.9696232,0.16836908,0.8229755,1.1700625,0.22888874,-1.1314089,0.70965594,-2.9103825,1.7429588,0.5013923,0.083066866,-0.010608733,109
-3.6243997,3.0620377,-2.4675121,-1.9182482,4.0682726,-3.656331,-2.791652,-0.42434686,0.74579096,-1.2954658,3.38332,0.6077678,3.9031386,-0.36110514,2.2880933,-3.7232933,62
-1.9966007,1.2097301,0.74554116,-1.4377459,2.5836115,-2.6093295,-1.7492034,-0.737327,0.6268697,-1.3737903,2.0700696,-1.0620868,3.3757493,-0.6356128,2.415449,-3.066156,28
-2.9552002,1.6820014,1.2901235,-1.2777026,2.6801414,-2.4191866,-1.8538231,-1.2226853,0.4769218,-0.55422044,2.7760763,-1.2870626,3.8044071,0.34614956,2.4978266,-1.2827685,25
-1.8739002,1.1240139,1.2296177,-1.2321899,2.7789254,-1.4224238,-1.3738494,-0.19731626,0.38725477,-0.45987472,2.3952794,-1.7194204,2.988472,-0.21259782,1.3635976,-0.46899125,25
-1.7764739,1.0037355,1.4685311,-1.9461814,2.5368142,-1.4984106,-1.6915753,-0.89150184,0.71932906,-0.118751064,2.8563626,-2.3999045,3.3074632,-0.2491341,2.2038937,-0.9798927,25
-2.8044484,3.1228955,-1.6128106,-0.8746452,2.947968,-1.8290265,-1.5727016,-0.63905275,0.6877217,-1.7655903,4.5362606,0.7053072,3.0067995,-0.25150734,2.1219616,-0.75121546,127
-2.2212365,2.3335562,-0.6491565,0.2171672,2.1799831,-0.69697005,-0.2499686,1.2551162,-0.3051663,-1.8635156,2.3417833,-0.8642061,1.8360813,-0.610841,0.51069623,0.37372357,127
-0.11678127,0.1852175,0.7430207,-0.96569264,1.8189873,-0.17298406,-0.3303985,-0.117162384,0.63076854,-1.8035024,1.818683,-1.3674803,2.2152455,-0.41970628,1.0620196,-1.2526045,3
-2.5402505,2.2964873,-1.4082962,-1.4655474,1.757463,-1.4512346,-0.79418373,-0.38281876,1.2086333,-0.7108925,3.3753362,-0.85541046,2.4108222,0.39623028,1.5458808,-2.2770522,127
-1.2763413,0.9056599,1.4550654,-0.12017591,1.0446746,0.21579361,0.732555,1.2254192,0.24333349,-1.1596937,0.64033884,-2.9394348,1.8280363,0.54117113,0.062882766,0.12346077,109
-3.8242652,3.1210084,-2.533218,-2.2505033,3.845954,-3.6853836,-2.827041,-0.5977514,1.0318885,-1.0009142,3.5399532,0.5926733,4.0094714,-0.060345124,2.3532438,-3.9637303,62
-1.9832346,1.2100801,0.8508428,-1.3587906,2.7462726,-2.4643161,-1.8445839,-0.45551994,0.5360022,-1.7820209,2.0316045,-1.129807,3.3873374,-0.8389713,2.3379352,-3.0355735,28
-2.9423501,1.7212777,1.2695574,-1.119555,2.7400885,-2.317215,-1.8096409,-0.97341913,0.4766184,-0.6163472,2.6901035,-1.3286784,3.5927656,0.23149723,2.3560653,-1.2126968,25
-2.2021675,1.3015952,1.4411598,-1.0077641,2.6549463,-1.499198,-1.1914748,-0.09113613,0.4092034,-0.7176033,2.296167,-1.8350778,3.1206234,0.025687404,1.438617,-0.5366967,25
-1.9107369,1.1440316,1.5463816,-1.6905202,2.4574337,-1.6674819,-1.6085259,-0.9790919,0.667994,-0.24525803,3.1326728,-2.3881757,3.480941,-0.15426952,2.3828468,-0.91109127,25
-2.654881,2.9535968,-1.5547451,-0.7574295,2.8776784,-1.7187158,-1.4562037,-0.51514804,0.6550874,-1.7272757,4.2497215,0.4517799,2.8751628,-0.15138462,1.9771945,-0.90166515,127
-2.1705604,2.1580157,-0.40698057,0.39407134,1.8380264,-1.0204725,-0.11014218,0.93564266,-0.13462423,-1.7394099,2.3969104,-0.9871946,2.0119119,-0.5327413,0.8426147,-0.09242618,75
-0.17007133,0.36360842,0.4622659,-0.9999123,1.7973206,-0.0063341297,-0.3697214,-0.16336808,0.62513584,-1.8905525,1.9736979,-1.3200102,2.1357267,-0.35543716,1.0491145,-1.1346903,3
-2.572346,2.5327935,-1.835334,-2.2735267,2.5646386,-1.0833614,-1.5424045,0.19773692,1.3435429,-0.50142694,3.0472124,-0.7643451,2.2458887,-0.24350813,1.1056229,-1.9907455,95
-1.418867,0.8607436,1.606599,-0.263524,1.1728461,0.23417252,0.575111,1.2863921,0.32080293,-1.184869,0.5959779,-3.0328104,1.9115732,0.481002,0.107451044,0.11788216,109
-4.421244,3.3058965,-2.298287,-2.722013,3.5751204,-4.0720863,-2.9086576,-0.67403364,1.6338943,-0.53049445,3.5548446,0.5411573,4.1823854,0.06857184,2.6292112,-4.4979486,69
-1.9883332,1.1244395,0.79570436,-1.4292929,2.578949,-2.4860816,-1.8074611,-0.49527675,0.56103164,-1.6936375,1.9832455,-1.0790346,3.3261836,-0.7927639,2.3151217,-3.1148334,28
-3.094648,1.8308821,1.5318786,-1.2628632,2.6665373,-2.4178393,-1.8036706,-0.7822099,0.83154273,-0.2468814,2.7850606,-1.557565,3.424948,0.1397807,2.4012163,-1.356431,25
-2.592214,1.4717288,1.7784548,-1.0306998,2.7719584,-1.6039963,-1.2769561,-0.041047864,0.55127263,-0.8787062,2.3062353,-2.066181,3.3239446,0.21267974,1.6045833,-0.698977,25
-2.1266534,1.3601525,1.5911947,-1.5805994,2.4721956,-1.6939499,-1.5956444,-0.8703242,0.61644197,-0.5076504,3.2108233,-2.2543006,3.5516622,-0.27365777,2.4627678,-0.71527386,25
-2.5753486,2.8227122,-1.672373,-0.8510748,2.8252993,-1.6502964,-1.4529201,-0.525176,0.7147306,-1.4694732,4.061991,0.18255597,2.813071,-0.006833136,1.9083207,-1.0840046,127
-1.903181,1.9966421,-0.36278534,0.6597433,1.6638211,-1.2316678,0.014290359,0.6011215,-0.57095605,-1.7006775,2.16861,-1.0241172,2.1544855,-0.27620995,0.9714286,-0.024341166,75
-0.16538888,0.3769694,0.3836373,-0.90904593,1.5767875,0.12227003,-0.26701814,-0.12008652,0.5010378,-1.7853129,1.819666,-1.3684208,1.9236531,-0.2868567,0.9361696,-0.9565221,3
-2.695682,2.498208,-1.7817553,-2.1200485,2.4607477,-0.8912296,-1.5698643,0.29648668,1.2599431,-0.49252886,2.9867768,-1.0178659,2.1884627,-0.4191512,1.1429998,-1.6044087,127
-1.4891857,0.910099,1.6356794,-0.32865268,1.2991029,0.16374524,0.4471156,1.3858433,0.4000768,-1.3540502,0.51256174,-2.834269,1.9894278,0.29516146,0.13040361,0.11463237,109
-4.684128,3.0727391,-1.730885,-3.1953228,3.2295852,-4.3479567,-2.9850624,-0.91734755,2.052718,0.051073737,3.3941782,0.3416242,4.383629,0.12840283,2.919314,-4.7381244,69
-2.0045435,1.0106905,0.67036986,-1.2936012,2.348771,-2.3647544,-1.6802578,-0.44684437,0.4021771,-1.547299,1.9225785,-1.1647894,3.0723627,-0.66131055,2.1390169,-3.0021758,28
-2.8919952,1.667706,1.5734253,-0.5364516,1.815216,-2.1051311,-1.0058415,-0.6200302,0.37993932,-0.20421137,2.6342068,-1.9236465,2.9395401,0.47207114,2.1388414,-0.84474754,25
-2.77176,1.4942625,1.9072343,-0.88342625,2.8001652,-1.7038356,-1.1742322,0.028165128,0.73916304,-0.9320126,2.350404,-2.0496721,3.4331164,0.3497126,1.5967722,-0.77298,25
-2.1246164,1.4318023,1.3842914,-1.6344595,2.4291306,-1.7019026,-1.5975378,-0.7992242,0.36606562,-0.38990808,2.92305,-2.219415,3.3966842,-0.33198535,2.3464353,-0.70354706,25
-2.4295332,2.5444753,-1.5851707,-0.96050406,2.5299754,-1.6530542,-1.3517554,-0.6370466,0.7417812,-0.8634343,3.6640277,-0.3215359,2.6572576,0.26196578,1.8319674,-1.318502,127
-2.13417,2.1998734,-0.5581371,0.00848037,1.8272654,-1.3883096,-0.17174682,0.4970035,0.042467937,-1.1724477,2.6115205,-0.6600247,2.184008,-0.16800138,0.8827167,-0.14277256,75
0.052636847,0.18783584,0.40783018,-0.61042875,1.1134977,0.22620147,0.025828741,-0.18690205,0.32546604,-1.60798,1.5398935,-1.5063958,1.6889215,-0.109810084,0.85600376,-0.8194786,3
-2.8456087,2.4909437,-1.540838,-1.4974892,1.9046227,-1.1582,-1.1560931,0.24012783,1.0349488,-0.62544215,2.8426936,-1.1601064,2.322834,-0.35043022,1.3898265,-1.4969101,127
-1.5755639,0.9205539,1.5255601,-0.37125677,1.0920986,0.06354486,0.40944695,1.3170592,0.2724583,-1.1468266,0.33508995,-2.6780589,1.932621,0.2823565,0.13187957,0.37272328,109
-4.367921,3.0737834,-1.3458284,-2.481939,3.1659045,-4.5183315,-2.6271765,-0.69263774,1.9152597,-0.52423227,3.3870008,0.45639384,4.2546315,-0.08807557,2.8948975,-5.060287,69
-1.9853461,0.89221823,0.47976595,-1.1215672,1.8141459,-2.1317155,-1.3254405,-0.49965155,0.21636859,-1.1472663,1.7738087,-1.2399592,2.71422,-0.3353682,1.9216278,-2.556263,28
-1.9520379,1.400825,0.86299926,0.22490019,0.69431984,-1.3891549,0.027647033,-0.4818491,-0.20098577,-0.051194992,1.9175293,-2.075698,1.7694511,1.1067774,1.3983644,-0.720877,23
-2.8240318,1.6364524,1.4748785,-0.85742587,2.0427508,-1.7902361,-0.8378,-0.29448855,0.43671447,-0.17271273,2.1538358,-1.9142175,3.162316,0.5110646,1.6502635,-0.12434101,25
-2.6261942,1.5961735,1.3461542,-2.2878242,2.7393699,-1.8286067,-1.9796115,-0.86749846,0.7226174,0.040524177,3.2550862,-2.0928857,3.5979028,-0.43910253,2.370561,-0.6731465,25
-2.384918,2.3207464,-1.2933174,-1.0096515,2.2750506,-1.6706105,-1.226465,-0.6427477,0.8234035,-0.44983974,3.4010918,-0.76769775,2.5801778,0.3886205,1.7808918,-1.4394732,127
-2.223884,2.3087857,-0.9024373,-0.6067318,1.7979403,-1.2003193,-0.3174796,0.50352776,0.11970244,-0.82093155,2.550662,-0.4668239,1.9011331,-0.090917215,0.6581805,-0.10163602,127
0.16138943,0.11376591,0.52115047,-0.3545033,0.78404653,0.25308335,0.2887665,-0.17487374,0.2340866,-1.506616,1.3672225,-1.659159,1.5615933,0.040877834,0.8119861,-0.74126637,3
-2.8518972,2.4550152,-1.2717956,-0.99347526,1.50581,-1.3431538,-0.7683337,0.14925274,0.9320873,-0.84719974,2.8187568,-1.2886627,2.5322127,-0.2725462,1.6185057,-1.4269826,127
-1.7385585,1.0517967,1.2755513,-0.4172759,0.9092095,-0.12829189,0.36491686,1.1086152,0.11206273,-0.87944067,0.3431269,-2.4054055,2.00008,0.3293684,0.18741691,0.72691804,109
-3.5958755,2.608054,-0.99077755,-1.8382006,2.8181858,-3.9417098,-2.1512094,-0.30552655,1.6681365,-0.79370534,2.9573555,0.15933877,3.463488,-0.25138307,2.358998,-4.9691815,69
-2.05703,0.8063519,0.46242213,-1.1201833,1.6980664,-1.954371,-1.2938147,-0.4169637,0.15402061,-0.909295,1.7041781,-1.2977846,2.5252678,-0.32244658,1.7280859,-2.2223277,28
-1.6203214,1.2402611,0.7743656,0.62108386,0.52345216,-0.9841294,0.035640985,-0.52429664,-0.6968452,-0.6058239,1.54654,-2.0766995,1.4454801,1.0498466,1.3998165,-0.5133757,75
-3.4029264,1.937763,1.6584749,-1.6727458,2.6884336,-2.235424,-1.7280002,-0.47430018,0.72968423,-0.09905795,2.6170986,-1.7341142,3.643552,0.11960066,2.1183183,-0.4671541,25
-2.7219427,1.8441868,1.107023,-2.3511233,2.8235617,-2.0221214,-1.979923,-0.97659487,0.80896777,-0.09643024,3.413886,-1.6684408,3.912212,-0.48852882,2.4622345,-0.5415565,25
-2.2852623,2.17534,-1.0265535,-0.9007925,2.0677104,-1.6388549,-1.0303128,-0.47057074,0.990022,-0.35009617,3.1754224,-1.0342946,2.4928772,0.3389831,1.6854005,-1.5344119,127
-1.9274065,2.2887065,-0.949981,-0.55681574,2.1670403,-0.7189455,-0.30693865,0.919201,-0.14925446,-1.4721493,2.3153276,-0.36040494,1.8151197,-0.3012843,0.2704507,0.29984152,127
0.22662966,0.091853276,0.44832093,-0.17398843,0.5874214,0.08763501,0.48813987,-0.3303176,0.16548489,-1.1911237,1.3122606,-1.875766,1.5070729,0.38333037,0.8220331,-0.9219004,3
-2.9658625,2.5341783,-1.224047,-0.97727954,1.6019621,-1.4927882,-0.74897844,0.17444861,1.2672732,-1.0209324,3.1849613,-1.091988,2.7375185,-0.41884604,1.6965386,-1.568609,127
-1.8921762,1.2342185,0.9422992,-0.47337687,0.72224706,-0.32396802,0.35456657,0.8604235,0.004271522,-0.56213456,0.45822644,-2.2148302,2.0836499,0.46976277,0.26828498,0.979417,74
-2.9191024,1.997596,-0.8242093,-0.8646337,2.260036,-3.3550472,-1.2935427,-0.37811223,0.7956959,-1.2294166,2.8231087,-0.005601175,3.1899252,-0.31766507,2.2355828,-3.8442986,62
-2.2563658,1.0099423,0.30766684,-1.1612179,1.7701813,-2.067386,-1.5198946,-0.32083842,-0.121302366,-0.7895154,1.3983841,-1.3493006,2.371985,-0.34239855,1.6778188,-2.1670868,28
-1.5625377,1.3373337,0.6286128,0.4031567,0.8512614,-0.68929243,-0.12304397,-0.32015297,-0.66671336,-0.7486244,1.7007412,-1.9264672,1.3290095,0.7820416,1.2348188,-0.2762646,23
-2.6631846,1.4065468,1.6288011,-1.05673,2.0222774,-1.9423032,-1.3189403,-0.4210193,-0.025066525,-0.32189304,1.9709039,-1.9508607,3.1314595,0.124706306,1.9265919,-0.4001763,25
-2.778459,1.90347,1.1896671,-2.1943016,2.6187048,-2.1595914,-1.8049964,-1.0506204,0.69454354,-0.301327,3.1206357,-1.6651149,4.103686,-0.2159105,2.541264,-0.62294924,25
-2.033724,1.9897237,-0.9112706,-0.6932262,1.8851848,-1.5353916,-0.79188395,-0.30576313,1.0221134,-0.4189986,2.9016075,-1.1419525,2.371746,0.31956336,1.488629,-1.5925353,127
-1.6836364,1.9920006,-1.1088681,-0.8664711,2.010499,-0.53972447,-0.41542906,0.7083264,-0.15978758,-1.1332448,2.1168227,-0.4503352,1.7390828,-0.1746108,0.20059079,0.34424305,127
0.15838401,0.14665277,0.4200247,0.014153779,0.4709498,-0.078478634,0.5786439,-0.44529635,0.09069212,-1.2110142,1.3278695,-1.9369678,1.5794706,0.57616234,0.9152828,-1.0678942,3
-2.627286,2.806675,-1.2967108,-0.065915436,0.861747,-2.6599436,0.09242636,-0.8042988,0.8223764,-1.5912049,3.0757034,-0.8316458,3.5403612,0.6311079,2.5565062,-2.7458727,53
-1.842724,1.2597444,0.5865462,-0.50109124,0.47851446,-0.3915087,0.4396233,0.70842975,-0.103127316,-0.25156465,0.41996914,-2.156836,2.0122104,0.6162449,0.2542642,1.0960422,74
-2.43925,1.8772106,-0.95891607,-0.44904965,1.7032294,-2.999823,-0.8595074,-0.37159675,0.34537584,-1.3915057,2.2089667,-0.09040584,2.8655622,-0.26987728,2.1111598,-3.4294481,62
-2.1737428,1.0883412,0.2649086,-1.0960405,1.7969058,-1.863541,-1.47229,-0.03150786,-0.3405928,-0.56980526,0.91898656,-1.466218,2.0329607,-0.33195636,1.3144401,-1.7529826,28
-1.5651196,1.4036705,0.48527306,0.41884226,0.93949354,-0.5225803,-0.1252544,-0.08351132,-0.6453546,-1.0124117,1.579721,-1.9254138,1.2276981,0.67868096,1.1077003,-0.34262848,3
-2.4859695,1.6164536,1.5036458,-1.2939044,2.4253526,-2.2465408,-1.6852981,-0.5156071,0.16595432,-0.49614766,2.4075854,-1.7345798,3.4222994,-0.39833274,2.3253448,-0.7641748,25
-2.7369483,1.72841,1.3215804,-2.0906215,2.4056478,-2.048022,-1.645084,-1.0532515,0.6998745,-0.2600746,2.762962,-1.8129468,3.993566,0.1366716,2.393622,-0.7117727,25
-1.9876615,2.091083,-1.3003646,-0.6431875,2.0187058,-1.7052095,-0.8006461,-0.42039937,0.79988503,-0.762498,2.9700706,-0.8199613,2.5428436,0.34875733,1.5841507,-1.8944676,127
-1.8485163,2.0605652,-1.0043043,-0.6171114,1.945696,-0.6361416,-0.30612868,0.78664863,-0.22100763,-1.1159459,2.1802905,-0.46231344,1.6858633,-0.08420659,0.17074548,0.37670547,127
0.08625363,0.24238583,0.4402905,0.0053192973,0.50202644,-0.063613534,0.5729207,-0.35423642,0.096891984,-1.1037214,1.2965392,-1.939239,1.5442123,0.61924404,0.8066803,-0.8656047,3
-1.9524348,2.2145321,-0.74119693,0.5059293,0.64512,-2.5999148,0.58596814,-1.0449541,0.11959772,-1.8838642,2.6323366,-0.9790879,3.5515666,1.0567383,2.4043891,-2.5430377,53
-1.7151438,1.1680982,0.44384927,-0.5008583,0.38306496,-0.5139353,0.45337802,0.4323296,-0.2317522,-0.037991025,0.43545032,-2.1203036,2.0367558,0.794312,0.34722626,1.0602331,74
-2.1984508,1.6765971,-1.0118964,-0.8747736,1.3179681,-2.9425895,-0.8169481,-0.65614474,0.39192027,-0.74741054,1.6868252,-0.348575,2.6479611,-0.065402955,2.1134388,-3.420048,47
-2.0463555,1.028444,0.12664665,-1.3067722,1.8353939,-1.933847,-1.5190228,-0.19950247,-0.37978417,-0.13895231,0.75829667,-1.3961895,1.9324362,-0.1899091,1.2471602,-1.6532011,28
-1.6059996,1.3513994,0.5103585,0.30726284,0.90521765,-0.4824942,-0.15674391,-0.14063147,-0.3877712,-0.7694175,1.7707726,-2.1283677,1.3172746,0.7003903,1.1254689,-0.27712932,3
-2.5652514,1.7567616,1.4658147,-1.7567145,2.8269749,-2.350363,-2.2077358,-0.7101692,0.41816312,-0.52018434,2.8986382,-1.7532983,3.7032716,-0.84955645,2.7299445,-1.02614,25
-3.0325453,1.7213776,1.580715,-1.9978561,2.3490176,-2.0407548,-1.5699334,-0.96717757,0.8776601,-0.29593465,2.7260814,-1.8913198,4.089363,0.27847052,2.392932,-0.60210353,25
-1.8520997,1.9769192,-1.4152493,-0.7262283,2.1229591,-1.932527,-0.93855655,-0.6126142,0.4811123,-1.0704972,2.8019109,-0.58897954,2.663906,0.23788735,1.7491846,-2.4970777,62
-1.8639146,2.0793657,-0.8144819,-0.37303922,1.7965686,-0.6127753,-0.10895648,0.8844045,-0.1652429,-1.2992526,2.047361,-0.5284266,1.6380272,0.022369042,0.15522276,0.29518092,127
0.12643401,0.1920096,0.5187733,-0.14575943,0.61020464,0.13822916,0.59573144,-0.17961225,0.14279725,-0.82430416,1.2948499,-2.0969799,1.4356658,0.65717983,0.5394622,-0.516858,3
-1.7283527,1.5177186,-0.13302024,0.5142515,0.78028697,-2.0482914,0.53487694,-0.73894,-0.15481524,-1.6970518,2.138294,-1.7172992,3.2464335,1.0689172,1.9567202,-2.1105864,53
-2.095185,1.4864507,0.2545395,-0.46433473,0.59943175,-0.75445735,0.34894675,0.38111597,-0.31305057,-0.26392844,0.82762945,-1.8990109,2.3335807,0.7320622,0.5628946,1.0928891,74
-2.1711676,1.5036128,-0.8194841,-0.87677896,1.0949967,-3.0431616,-0.82389617,-0.6989787,0.38485473,-0.6090919,1.4683592,-0.47887567,2.5371532,-0.21582577,2.1551342,-3.5421813,47
-2.1357934,1.0476089,0.06833756,-1.2897631,1.9110726,-2.2990468,-1.5962995,-0.6250292,-0.44958514,-0.32458362,1.1515958,-1.1094747,2.4913113,-0.15247646,1.6866636,-1.7487445,103
-1.3377256,1.1969904,0.54073185,0.32047945,0.85966563,-0.38540527,-0.09423774,-0.21192002,-0.37979102,-0.7614638,1.8057704,-2.2118394,1.3435588,0.6178136,1.128829,-0.1537821,23
-2.7389753,1.8427558,1.3259964,-1.6295149,2.7458181,-2.2678113,-2.0770173,-0.60726804,0.40706396,-0.68402827,3.0921295,-1.6633198,3.6604936,-1.027793,2.766616,-0.8775831,25
-3.2219517,1.7769313,1.7028182,-1.9017557,2.4595976,-1.9556739,-1.5471888,-0.83584034,1.0322845,-0.47256213,2.7760541,-1.8255577,4.13394,0.31517658,2.326525,-0.48108092,25
-1.8984885,1.7963493,-1.3080018,-0.7788207,2.1045198,-1.9106721,-0.99884534,-0.55203664,0.28505117,-1.1727135,2.5744145,-0.67108524,2.7031562,0.23774663,1.6844598,-2.5966372,62
-2.0738595,2.2792153,-1.1690072,-0.6167768,1.731231,-0.83465433,-0.29603454,0.7846337,-0.2930954,-0.97489697,2.0600297,-0.14302154,1.6905422,-0.117074475,0.19465128,0.6845532,127
-0.13479654,0.35464808,0.6887645,-0.6468096,1.1153975,0.11666429,0.20006123,0.09518364,0.31735456,-0.8026076,1.3554527,-2.046417,1.6640427,0.14334306,0.5359684,-0.3274309,3
-1.8019123,0.9785642,0.49186492,0.082637995,1.226185,-1.5964018,0.2275029,-0.24542007,0.15358251,-1.2980027,1.9369873,-2.272889,3.0702775,0.7151689,1.5533918,-1.7446043,75
-2.0827596,1.6882453,-0.113283284,0.25050187,-0.016883567,-0.91608256,0.95399874,0.38968956,-0.52517533,-0.33202043,0.65696454,-2.0271976,2.1915512,1.175574,0.5549807,0.92278427,45
-2.4413486,1.6606972,-0.9367756,-0.93671024,1.2185065,-3.2641063,-1.090592,-0.7052695,0.45511025,-0.7176724,1.5626605,-0.28547263,2.6494606,-0.40506643,2.2658215,-3.7229772,47
-2.2992349,1.1823424,0.17960067,-1.0107193,2.1813388,-2.9121509,-1.5967741,-1.0263046,-0.23661081,-0.9074866,1.9200273,-0.8020345,3.4854436,-0.06924999,2.3084638,-2.2080936,28
-1.052176,1.1402631,0.32905662,0.590036,0.81623214,-0.45999208,0.032844737,-0.3042591,-0.7191087,-0.9946075,1.6333953,-2.2139647,1.2952976,0.7355126,1.1483572,-0.39911994,3
-3.0700383,1.7869112,1.6168344,-1.883851,2.916819,-2.202946,-2.2630959,-0.34217554,0.5650855,-0.40639272,2.9256792,-2.0268207,3.510679,-1.0379126,2.609292,-0.8879106,25
-3.3896487,1.9522312,1.7950962,-1.8148996,2.7715898,-2.1014292,-1.6497706,-0.8550077,1.2549504,-0.61469483,3.1303077,-1.64814,4.3509936,0.22771269,2.4608746,-0.49261943,25
-1.8082657,1.6517503,-1.3042917,-0.6031525,2.083253,-1.7129447,-0.9413928,-0.487189,0.22802994,-1.2461256,2.6007626,-0.84072185,2.6247292,0.31740022,1.5618881,-2.54252,62
-2.2191842,2.260234,-1.256938,-0.86527723,1.7432823,-0.9232473,-0.43658155,0.8404381,-0.28793567,-0.4765485,1.9649816,-0.17223233,1.673713,-0.16888243,0.09163759,1.0034194,127
-0.36988854,0.49923062,0.8666435,-0.90823126,1.4548197,0.14594798,-0.04132513,0.3600809,0.46003538,-0.88172704,1.3660929,-2.1248314,1.7902913,-0.09368269,0.49091348,-0.263341,109
-1.8526875,0.66825384,0.791123,-0.55496615,1.2187083,-1.3376218,0.043074243,-0.13210383,0.49157166,-0.6974698,1.6865704,-2.7094233,2.8879204,0.7148923,1.39982,-1.6882629,3
-2.202554,1.8169637,-0.3562395,-0.09212349,-0.53313553,-1.2857767,1.0483354,0.41028878,-0.36429894,0.51151496,-0.04622306,-2.0394797,1.8505883,1.6706514,0.37239704,0.7385641,117
-2.3927033,1.6167092,-0.80013543,-0.79304016,1.4840235,-2.8633645,-1.170418,-0.38135207,0.30959946,-0.6418436,1.5474106,-0.7426967,2.4081647,-0.38277155,1.8813208,-3.3307009,62
-2.4289694,1.350961,0.39883643,-0.9323922,2.3447661,-3.235985,-1.6184705,-1.0441176,-0.06751424,-1.0188664,2.0818372,-0.83453065,3.7924888,0.0968181,2.444051,-2.603541,28
-1.0587255,1.1987824,0.11394657,0.26248842,0.9789728,-0.42558363,0.04465857,-0.4448461,-0.320163,-0.98638386,2.0920036,-1.8948767,1.2810755,0.8574854,1.1313756,-0.77183133,3
-3.2298143,1.728492,1.6400949,-2.15165,2.8335905,-2.158699,-2.4459243,-0.36162034,0.7296969,0.28674555,2.587033,-2.347498,3.163678,-0.7173305,2.3817043,-1.0920928,25
-3.5712738,2.1338835,1.8597095,-1.9127712,3.0898147,-2.3382745,-1.8353423,-0.9669459,1.6152086,-0.62902135,3.6062107,-1.4597261,4.663097,0.048241213,2.7311785,-0.59683824,25
-1.8175071,1.6890755,-1.4467772,-0.7446947,2.363956,-1.5796105,-1.0931985,-0.26868066,0.3892399,-1.1341571,2.629465,-0.9719156,2.459188,0.32664883,1.3617983,-2.7026494,62
-2.565342,2.226477,-1.2795329,-1.0178567,1.8145807,-1.1243417,-0.61967933,0.73917305,-0.23106791,-0.13112439,2.2349987,-0.30871975,1.8910561,-0.23772138,0.23145323,1.1138759,104
-0.48261267,0.55433255,0.9625984,-1.1658375,1.6969874,0.13282773,-0.2862484,0.38422105,0.5984495,-0.8666822,1.4129014,-2.190689,1.8799081,-0.19266531,0.5451721,-0.37583524,109
-1.7281634,0.48235276,0.8117853,-0.91630685,1.2534131,-1.0365002,-0.24679342,0.05091592,0.40179265,-0.41857752,1.2255257,-2.9154904,2.4591134,0.55779153,1.1374158,-1.6277609,109
-3.0102704,1.8656688,0.0068928897,0.1162498,-0.6821833,-1.1311499,1.0218887,0.8131489,-0.28101426,0.4470524,0.053960063,-2.6499326,1.7607648,1.517492,0.39499083,0.8597422,117
-2.243749,1.5427411,-0.7904928,-0.74801564,1.9055766,-2.7822735,-1.3241664,-0.23868206,0.17855954,-0.5897179,1.6147861,-0.8016313,2.384266,-0.36360234,1.6141456,-3.1135895,62
-2.4746177,1.4166768,0.7501136,-0.6569027,2.3154302,-3.2809055,-1.4028906,-0.9204024,0.064212605,-1.1603616,2.105021,-0.9459324,3.880822,0.20635357,2.4316726,-2.639047,28
-1.4084089,1.5127661,-0.3994136,-0.566566,1.5636873,-0.28747314,-0.3988387,-0.288961,0.22897103,-1.0391821,2.6329052,-1.3432689,1.3699925,0.5971347,0.96217746,-0.8565532,3
-3.0766764,1.4152336,1.6857384,-2.0934086,2.4645476,-1.86406,-2.2179215,-0.31324175,0.4310062,0.97739494,1.9434634,-2.738849,2.5991256,-0.23037326,1.8828323,-0.81530356,25
-3.5361702,2.221646,1.7310699,-2.075049,3.2896986,-2.5280282,-2.057763,-1.1904247,1.7452168,-0.5931027,3.9324877,-1.281203,4.778213,-0.10187173,2.972017,-0.897655,25
-1.6121709,1.6326096,-1.4656233,-0.72140384,2.403521,-1.3546772,-1.068679,-0.15807769,0.27181822,-1.0201514,2.4776623,-1.0505595,2.21498,0.3475619,1.1221718,-2.4469469,121
-3.2997797,2.6104646,-1.668181,-1.174851,2.0993443,-2.0425858,-1.0625415,0.0065719727,-0.024509043,-0.17170188,3.5380354,0.32673076,2.693151,-0.29947892,1.091837,0.6526782,104
-0.61147505,0.6514346,0.986381,-1.3237785,1.8393285,0.103821665,-0.4381569,0.36826384,0.7203596,-0.9269124,1.5548077,-2.0498347,2.012722,-0.32238728,0.6481864,-0.27023697,109
-1.5115937,0.2865597,0.7056026,-1.1695021,1.2731569,-0.7405592,-0.5065382,0.09365382,0.24127837,-0.042798765,0.9047086,-2.8819876,1.9745567,0.47062334,0.8214413,-1.3739841,109
-3.6935956,2.312762,-0.17649056,-0.3695503,-0.87074184,-2.5204778,0.91807866,0.09308884,0.59684616,1.0189916,0.672668,-2.036909,2.5350444,2.0173256,1.1759448,-0.38627315,117
-1.9048392,1.310265,-0.69488937,-0.5621325,2.0880876,-2.6022213,-1.1527748,-0.13328283,0.19455904,-0.53668857,1.7805146,-0.72494817,2.3399649,-0.22652966,1.2624514,-2.8183932,62
-2.6220617,1.3729515,1.0380257,-0.64026546,2.3482919,-3.3216457,-1.4013873,-0.88573587,0.20486557,-1.1545631,2.0964484,-1.0141056,3.989888,0.15003663,2.501512,-2.5631528,28
-1.4873217,1.6740775,-0.8815034,-1.0290995,1.80652,-0.23986816,-0.6774697,-0.15800306,0.29608825,-0.98677784,2.6903918,-0.851359,1.4549809,0.37003428,0.76742476,-0.6559797,127
-2.8621469,1.142978,1.6907446,-1.5666807,2.0235763,-1.735909,-1.6022875,-0.23319909,0.543412,0.9908899,1.9802735,-2.8579972,2.5157607,0.071010806,1.6433489,-0.7148809,25
-3.4357488,2.3280826,1.3691118,-1.7981402,2.944429,-2.6234787,-1.8820122,-1.480212,1.4902817,-0.4495471,4.198713,-1.1315236,4.634045,-0.09578553,3.184552,-0.75379145,25
-1.407075,1.5051894,-1.2533576,-0.5647148,2.2042942,-1.1605318,-0.8299698,-0.08737504,0.10063684,-0.8582641,2.2483876,-1.1314955,2.0005808,0.46331438,0.90222794,-1.9767451,121
-3.3490713,2.5349696,-1.731075,-0.91517925,1.787266,-2.4564238,-0.88925236,-0.61685514,0.116728626,-0.32766926,3.9175534,0.35529944,3.114449,0.113006435,1.6248399,0.053980738,104
-0.7509279,0.7559862,1.0096031,-1.3848199,1.9298579,0.07021567,-0.5399082,0.40276983,0.69744384,-1.1342723,1.5576187,-1.9509354,2.1056268,-0.44693372,0.7369044,-0.2800484,109
-1.3159069,0.09870793,0.7098263,-1.0897121,1.117162,-0.56676495,-0.46652168,0.04030686,0.15556264,0.29186976,0.7445028,-2.8717992,1.6142106,0.6305722,0.57204586,-1.1554965,109
-4.519625,2.5068686,-0.12436064,-0.48027194,-0.9713901,-2.8045144,0.77191454,0.055037715,0.7981152,0.6904064,0.95825547,-2.2135234,2.8986657,1.9469743,1.6677723,-0.9351751,117
-2.0009606,1.5357537,-0.6144027,0.110506654,2.2334242,-2.9073465,-0.780116,-0.35972258,-0.13723595,-1.2519937,2.4254935,-0.5502574,2.9503314,0.13317975,1.5720981,-2.6992083,62
-2.5479174,1.3435929,1.0916399,-0.86562747,2.7231998,-3.361335,-1.7442505,-0.8961175,0.35815582,-1.0950661,2.0173354,-0.9834657,4.025398,0.06371506,2.4857621,-2.702594,28
-1.8095298,2.0962486,-1.2999792,-1.5284728,2.630241,-0.2396399,-1.3137367,0.17081386,0.49804437,-1.2896556,3.033225,-0.40803862,1.6427338,-0.13377714,0.71886283,-0.6534963,127
-2.8008926,0.795997,1.7132229,-0.9771516,1.8457696,-1.9886127,-1.0698746,-0.63293684,0.17134634,0.31766063,2.2773173,-2.7337265,3.1768441,0.52905786,1.8786764,-0.69981354,25
-3.4179394,2.2863958,1.4118725,-1.625112,2.9219022,-2.5071325,-1.8262445,-1.3346437,1.2883024,-0.40212137,3.9715273,-1.4035451,4.355088,0.10609343,2.9887013,-0.81666654,25
-1.1445972,1.311338,-1.0193971,-0.32216224,1.864317,-1.0466113,-0.51916987,-0.21332046,-0.023181051,-0.64429486,2.1446433,-1.2117803,1.8554983,0.6842494,0.80076104,-1.5719614,121
-3.8159664,2.7849853,-1.7053524,-1.1225092,1.9267527,-2.633849,-1.090874,-0.55359936,0.23674712,-0.19714078,4.093184,0.18842459,3.29779,-0.042285655,1.7954751,-0.009870648,104
-0.87003255,0.829366,1.0551155,-1.4446622,2.03939,0.049976952,-0.638016,0.3968911,0.7015513,-1.2701333,1.580119,-1.9271629,2.1917071,-0.51899797,0.8197314,-0.33542222,109
-1.2338327,-0.012590766,0.7657723,-1.0581577,0.8870214,-0.5332098,-0.39309955,-0.12982973,0.20560434,0.5582945,0.72237164,-2.9189324,1.4711072,0.8697366,0.53865385,-1.1447229,109
-4.7556906,2.7677507,0.17147745,-0.5618743,-0.99974203,-3.3907988,0.87965214,-0.061566718,1.3157737,0.55178547,1.0154971,-1.890624,3.3706667,2.0274339,2.0647764,-1.4573019,117
-1.7443563,1.60813,-0.93573624,-0.25083244,2.6874623,-3.072805,-1.1310601,-0.6801379,-0.20898668,-1.3916498,2.666045,-0.15246725,3.321404,0.17618823,1.7073525,-2.977806,62
-2.2824945,1.3474374,0.87305415,-0.52948356,2.7473469,-3.155581,-1.656629,-0.7923249,0.21901464,-1.3087695,2.0110176,-1.0411537,3.8176157,-0.013676617,2.3725662,-2.6696358,28
-1.6427473,1.8941369,-1.0720937,-1.3923181,2.5171967,-0.15856345,-1.2273798,0.19909218,0.43410993,-1.3721646,2.796036,-0.48997802,1.5690844,-0.14600462,0.6851647,-0.59200484,127
-2.6598694,0.8541959,1.4398886,-0.87904346,2.202506,-2.004887,-1.0648293,-0.7681147,0.35889184,-0.22041065,2.8994617,-2.2170882,3.6378574,0.1964139,2.055094,-0.62624544,25
-3.0497072,2.118871,1.2377634,-1.4403573,2.7706861,-2.3309324,-1.6355847,-1.3090903,1.1594856,-0.14148071,3.9715748,-1.4405046,3.9922872,0.11742366,2.7564385,-0.70410347,25
-0.9656433,1.1007295,-0.69951457,0.11031729,1.5021291,-0.9814784,-0.18209803,-0.2919203,-0.135549,-0.69097376,2.0970364,-1.3732219,1.7912321,0.78912455,0.83694005,-1.3331404,75
-4.0154634,2.8012614,-1.3983407,-1.1507487,1.966063,-2.540121,-1.1720878,-0.4156317,0.26946262,-0.20554522,3.9746435,-0.010906592,3.217634,-0.20206594,1.8571047,0.06953609,104
-0.8217872,0.8120965,1.1329786,-1.5381206,2.1066933,0.08037711,-0.6930086,0.362202,0.7807118,-1.3317047,1.5538405,-1.9170504,2.25968,-0.55254245,0.873683,-0.37328085,23
-1.1247172,0.081207305,0.5120315,-1.0165825,0.6626572,-0.5571892,-0.253601,-0.27864483,0.19389987,0.8134942,0.77068764,-2.849312,1.2341714,1.1663743,0.46440735,-1.2828982,109
-4.7802606,2.8108737,0.3950929,-1.0542575,-0.39706874,-3.9460845,0.47789556,-0.39290157,1.7882221,0.37228674,1.392983,-1.4292026,3.948358,2.0190382,2.4594038,-2.2034123,117
-1.8784921,1.701709,-1.0774693,-0.3203816,2.7085114,-3.200228,-1.1279641,-0.72742605,-0.024465308,-1.4871403,2.839534,0.037488908,3.5514061,0.2936444,1.7939744,-3.1842852,62
-2.1273856,1.370461,0.7974043,-0.5044759,2.7937922,-2.837096,-1.6057639,-0.45595723,0.31541163,-1.3171568,1.9867078,-1.1408343,3.4424937,-0.2685404,2.1365743,-2.6280568,28
-1.6339852,1.8730841,-1.0542496,-1.3559694,2.3693533,-0.21362166,-1.1596313,0.06639898,0.56155103,-1.279654,2.775052,-0.5793869,1.5374982,0.047791377,0.7675114,-0.87889355,127
-2.626855,1.0545114,1.2340713,-0.64348334,2.2119303,-2.0528398,-0.82411563,-0.6889256,0.58146346,-0.47907943,3.2051852,-1.9250441,3.761691,0.12055407,2.0776303,-0.6828503,25
-2.1624765,1.4602334,0.9857891,-0.75492895,2.0452924,-1.6466461,-1.0505449,-0.9630914,0.34710312,0.018651396,3.0751436,-1.783623,2.9640725,0.29736283,1.9899685,-0.22645189,25
-0.8566129,0.9602543,-0.48254114,0.43654865,1.2951343,-0.9145168,0.032869257,-0.32620904,0.007927433,-0.9134024,2.1306052,-1.5146554,1.7334776,0.88878495,0.95512366,-1.5221205,75
-4.1006355,2.6538908,-1.0136721,-1.0686914,1.9875479,-2.642152,-1.0994455,-0.5804597,0.5430599,-0.21283051,4.0739655,-0.32122543,3.3431356,0.06806133,2.053596,-0.47846937,104
-0.683821,0.83411974,0.8893535,-1.6886103,2.1334276,0.12840265,-0.73321223,0.24476892,0.78286105,-1.0745211,1.5640842,-1.832833,2.166747,-0.4948735,0.81595117,-0.2368983,23
-0.8070802,0.13558057,0.34242707,-0.8860696,0.53699714,-0.51505125,-0.11467681,-0.3814872,0.23932129,0.7902638,0.710419,-2.8691444,1.0069366,1.3669059,0.45861107,-1.6243129,109
-4.3520713,2.593992,0.41696846,-0.85689306,-0.047866866,-4.2283897,0.6373149,-0.7877325,2.0760329,0.1558598,1.989752,-1.1542969,4.5502625,2.1542094,2.6646342,-2.501696,53
-2.1054049,2.040056,-1.4052305,-0.26366755,2.6979136,-3.393321,-1.2343627,-0.90591484,0.07576443,-1.7921716,3.1295562,0.22971132,3.7131217,0.32919374,2.1470158,-3.6355844,62
-2.1527767,1.3590593,0.86183614,0.058431685,2.2393951,-2.7066886,-1.1843354,-0.54227,-0.43464416,-1.3450357,1.9335701,-1.2066848,3.2528355,-0.06619153,2.123599,-1.8130846,28
-1.8851129,2.0022717,-0.91652656,-1.1366597,2.1527731,-0.42958432,-0.9656976,0.10944883,0.45663625,-1.1307209,2.8352478,-0.68028486,1.5950089,0.11862447,0.8696726,-0.65154064,127
-2.4528196,1.0827892,1.1163683,-0.9086724,2.3145022,-1.9029317,-0.91764206,-0.6707401,0.7788749,-0.5314299,3.0979493,-1.8588276,3.76466,0.07651695,2.0315413,-0.7551805,25
-1.1228669,1.0311012,0.34883553,0.059092134,0.6579682,-1.0533892,0.008321714,-0.9615367,-0.35362804,0.2661686,2.1312673,-1.9525092,1.7001631,1.0178459,1.3142536,-0.21307124,25
-0.89098096,1.0900218,-0.6374392,-0.099267185,1.7490631,-0.78439075,-0.502453,-0.0724571,0.1831685,-0.942276,2.0803168,-1.390743,1.5764618,0.38915157,0.9059364,-1.7613199,121
-3.9705548,2.4466796,-0.7055436,-1.1435115,1.8447384,-2.850261,-1.1388769,-0.9054632,0.8682308,0.14581686,4.1463523,-0.5590584,3.39393,0.12996292,2.3363326,-0.9842153,104
-0.51769847,0.7220862,0.7153235,-1.6630101,1.9574463,0.1883826,-0.607901,0.13394573,0.74003816,-0.8743115,1.4987547,-1.8148088,2.0149045,-0.35387617,0.7234301,-0.25154924,109
-0.6366606,0.22374712,0.4503373,-0.8745784,0.541649,-0.5795935,-0.13536909,-0.5646869,0.20240803,0.49708804,0.7873493,-2.755895,1.1799119,1.292739,0.75041354,-1.7308648,109
-4.523956,2.0973868,1.0871854,-1.0739169,0.070723996,-5.2501736,0.5359664,-2.1519907,1.9727436,-0.1330974,2.9570065,-1.0578997,6.049409,2.3545766,4.0246387,-3.0936422,92
-2.2865355,2.5834477,-1.9654447,0.24084592,2.6095018,-3.5615172,-1.0737019,-1.299327,-0.23544858,-2.3174114,3.8018987,0.87412727,3.9936054,0.43741086,2.5599003,-3.1592624,62
-1.6444253,1.2956325,0.67151535,0.06255528,1.8425242,-2.187783,-1.0891593,-0.6866753,-0.8684608,-1.3990835,1.6150582,-1.4724646,2.8863294,-0.03663178,2.0386477,-1.4312527,28
-2.2392497,2.4589114,-1.190914,-1.3583658,2.6520314,-0.4118761,-1.3063165,0.4413869,0.48053908,-1.5179671,2.9712152,-0.549978,1.7110794,-0.28032613,0.8953669,-0.7790998,127
-2.4362807,1.0954533,1.132627,-0.9957536,2.0198317,-1.776789,-0.7185182,-0.4583093,0.9057209,-0.3403337,2.692145,-2.1031547,3.5351686,0.12711889,1.9153384,-0.81459314,25
-1.2934741,1.309809,-0.11808996,-0.4605118,1.3495439,-0.7719334,-0.51059306,-0.43894544,-0.41746676,0.2806806,1.9981713,-1.8391731,1.4376824,0.616053,0.91678494,-0.026841432,78
-1.1452254,1.575248,-1.1172997,-0.9463268,2.5160403,-0.92600834,-1.3021442,0.12557042,0.5581719,-1.1016924,2.4503655,-0.79814357,1.7043984,-0.38236126,1.0486987,-2.2437258,121
-3.6428318,2.2067304,-0.41413873,-0.8108084,1.5721483,-2.8319716,-0.8620695,-0.91835684,0.8008833,0.22137558,3.783109,-0.68068033,3.2571917,0.3031654,2.2198744,-0.9751707,104
-0.4968043,0.60454357,0.7594744,-1.3214452,1.58435,0.24669433,-0.30473006,0.21506777,0.587099,-0.8696299,1.335525,-1.9674957,1.8559496,-0.230117,0.62917495,-0.18673557,109
-0.54781604,0.53778565,0.2572326,-1.2573237,0.8946344,-0.60082716,-0.5054608,-0.3656692,0.24890934,0.3975494,0.953302,-2.401468,1.1173561,0.69436586,0.83004016,-1.7465329,109
-5.286927,2.1555212,1.6573706,-1.7209979,0.6524373,-5.799239,-0.033047095,-2.406389,2.8539977,-0.2919982,3.7636683,-0.82966,7.149482,1.8964775,4.73894,-3.4658692,92
-2.2281013,2.3366292,-1.9091713,0.062204897,2.732129,-3.4291992,-1.351363,-1.2237614,-0.5798575,-1.9735333,3.3842568,0.7818134,3.7203126,0.2770555,2.3371348,-2.746545,62
-1.5500075,1.3073692,0.69904834,-0.0684647,2.0428944,-1.9910051,-1.1952513,-0.42214182,-0.83276725,-1.4852806,1.5622684,-1.5033262,2.7382655,-0.2868917,1.8734765,-1.377104,28
-2.0508986,2.423519,-1.4367107,-1.4131317,2.649693,-0.15572542,-1.3759222,0.388195,0.41023296,-1.5655248,2.7511241,-0.7382145,1.5821033,-0.2088491,0.8478216,-0.8907164,127
-2.4231534,1.1453669,1.1067365,-1.1662245,2.156843,-1.71263,-0.86012965,-0.3027654,0.9228538,-0.3169911,2.44086,-2.0885513,3.4219024,0.056726523,1.7730687,-0.82556427,25
-1.7002286,1.4737985,-0.035563715,-0.26484972,1.3977445,-0.7472884,-0.512162,-0.36752644,-0.3470505,0.057850845,2.2504976,-1.9844425,1.5379293,0.7103167,1.0266043,0.025616378,23
-1.1836339,1.5885384,-1.0778807,-0.97272813,2.4129815,-1.1660262,-1.252989,-0.035498057,0.6709907,-1.3388041,2.6869965,-0.49958915,1.91012,-0.49348927,1.293972,-2.597137,121
-3.4515035,1.978651,-0.09757556,-0.7833731,1.7631721,-2.8532748,-0.7668728,-0.74925816,1.1313388,0.06863927,3.899093,-0.6798828,3.4957001,0.37686622,2.0482397,-1.0522604,104
-0.3198561,0.43182278,0.7390555,-1.0327344,1.3181568,0.20734057,-0.075116545,0.15212727,0.47311544,-0.74240774,1.2144578,-2.135755,1.7091038,0.0008926168,0.5677972,-0.35733297,109
-0.6819029,1.0039692,-0.14420629,-1.5258199,1.3624507,-0.73460114,-0.851716,-0.17881787,0.6470359,-0.10107884,1.4359608,-1.832274,1.2738147,0.19619274,1.0197644,-2.2930834,109
-5.768135,2.127165,2.09616,-1.9721469,1.0318722,-5.90221,-0.16548209,-2.270356,3.2386484,-0.38564137,4.167416,-0.78592676,7.574207,1.5903773,4.908045,-3.2599366,45
-1.8368165,1.9252944,-1.3814303,0.45442104,2.3623152,-3.308413,-0.9771908,-1.0204502,-0.7283038,-1.9376409,2.9108562,0.3317294,3.3824158,0.18487024,2.1553662,-2.828053,62
-1.607593,1.297977,0.7198754,-0.4799879,2.1832318,-1.6993486,-1.3960942,-0.25901037,-0.58187526,-1.2848922,1.8237642,-1.6030073,2.519313,-0.6475798,1.8072063,-1.2750298,28
-1.9398247,2.50362,-1.4688469,-1.269545,2.6611414,-0.1665796,-1.2991934,0.48320556,0.36731595,-1.7080933,2.6304538,-0.7457487,1.6037352,-0.26622587,0.8495696,-0.89588755,127
-2.5045261,1.1292771,1.237294,-1.3414602,2.3920841,-1.7270374,-1.1047313,-0.28666413,0.89962,-0.29901943,2.2956357,-2.066712,3.4303057,0.08255694,1.7140796,-0.84097064,25
-1.6745819,1.4779079,-0.0010079741,-0.014565945,1.2546709,-0.6706308,-0.34896463,-0.3107022,-0.3441168,-0.14173779,2.2104971,-2.0679562,1.5047436,0.71765566,1.0411501,0.038181394,23
-1.1652727,1.4683695,-0.93522286,-0.31222528,1.9490744,-1.1379998,-0.71987975,-0.078278095,0.4098934,-1.8548857,2.6835842,-0.38483086,1.9430034,-0.24355909,1.3057175,-2.577765,62
-2.5991857,1.4804091,0.25139254,-0.30715147,1.6810848,-2.2668784,-0.30607593,-0.99255806,0.5241522,-0.35247952,3.6714182,-1.1196115,3.6547346,0.5380665,2.0029204,-0.33576584,104
-0.32946527,0.42698863,0.78746504,-0.85823303,1.2591721,0.06390978,-0.019687595,0.027644139,0.44950747,-0.75755274,1.3641454,-2.2433484,1.8134096,0.14637622,0.69451284,-0.5021986,109
-1.1760685,1.0856185,0.041490898,-1.4671186,1.4408358,-0.93124133,-1.0338744,-0.09175997,0.85264623,-0.6686815,1.7520624,-1.6669269,1.6363041,-0.067007236,1.3514277,-2.6710823,109
-5.478098,1.9516318,1.9693081,-2.228352,1.2765143,-5.629615,-0.38456303,-2.2903788,3.24117,-0.28258303,4.149072,-0.6413714,7.3710117,1.3585191,4.760043,-3.056387,45
-1.6832207,1.6826005,-1.1617403,0.41493583,2.2084384,-3.2802184,-1.0174419,-1.0291947,-0.79465187,-2.0735724,2.729513,0.17665845,3.3981197,-0.1619826,2.2891,-2.9810615,62
-1.6772416,1.355164,0.52447224,-0.6565709,2.225925,-1.462627,-1.4810672,0.039495345,-0.5439354,-1.2927662,1.6511791,-1.5216045,2.2022483,-0.8242313,1.5668385,-1.1988587,28
-1.7597685,2.374589,-1.2903391,-1.0528879,2.5278292,-0.19157465,-1.1429646,0.55058366,0.3195886,-1.820362,2.313699,-0.89863557,1.6182604,-0.17975588,0.8223239,-0.9587908,127
-2.5102584,1.1317973,1.327299,-1.4296159,2.7064795,-1.7391951,-1.3484601,-0.3478211,0.9845353,-0.31624565,2.4755895,-1.8820407,3.539589,-0.037116036,1.7327013,-0.72757083,25
-1.5322989,1.3112208,0.2841305,0.20073271,1.0108716,-0.5826178,-0.06017598,-0.30729938,-0.2676857,-0.23508993,2.1294763,-2.2445316,1.5565856,0.8793932,0.9972096,0.16026801,23
-0.9567263,1.1530176,-0.30863208,-0.028247148,1.8148223,-0.8901441,-0.64413315,-0.13341601,0.04791365,-2.1626945,2.2363904,-0.72972596,1.9043024,-0.12108905,1.3288468,-2.1867216,62
-2.644565,1.4626229,0.23049815,-0.5657642,2.0765018,-1.9747939,-0.57424104,-0.78655887,0.63017696,-0.3016045,3.9113812,-1.2189181,3.665932,0.031489104,1.926834,0.04323286,104
-0.51559126,0.520041,0.9561263,-0.5829704,1.1382356,-0.07859464,0.14315313,0.042432025,0.37348723,-0.8806817,1.4206219,-2.3277252,1.9632344,0.28713804,0.7919281,-0.4249776,3
-1.3857014,0.8090806,0.6284326,-1.4010051,1.2026349,-1.1744007,-1.1838952,-0.57063705,0.85080564,-1.0682111,2.1061935,-1.7116163,2.0878496,-0.27807492,2.050358,-2.8809507,28
-5.142853,1.7501435,1.7866025,-1.755391,1.2363038,-5.264577,-0.15555674,-2.1172907,2.866676,-0.4413734,4.134013,-0.8341383,7.026535,1.2093163,4.5227747,-2.825697,45
-1.7994043,1.65202,-1.3233658,0.06418848,2.2281303,-3.1675448,-1.2618861,-1.0208764,-0.7655026,-2.1408997,2.7166424,0.23226678,3.4284885,-0.5289572,2.4109566,-3.0009675,62
-1.9229102,1.3806739,0.539095,-0.8639798,2.2161317,-1.4353551,-1.5761648,0.30642086,-0.4975841,-1.1929383,1.3483403,-1.6219802,2.0855029,-0.9354877,1.4296143,-1.1773721,28
-1.677461,2.4283419,-1.3332973,-0.8657109,2.5672517,-0.31963876,-1.052635,0.55015755,0.3516553,-1.9198413,2.3801942,-0.86808574,1.7646985,-0.12181129,0.8399836,-0.9713229,127
-2.3861196,1.087224,1.4429692,-1.3764936,2.8866572,-1.6186348,-1.4656283,-0.31836239,1.0381254,-0.4842291,2.5815253,-1.9098785,3.4919238,-0.17405498,1.7573301,-0.77796626,25
-1.5833172,1.7705646,-0.34774822,0.3354752,1.1178838,-0.7340497,0.0028481483,-0.08770864,-0.5519416,-0.57480186,1.8865567,-1.7905221,1.4797754,0.8061699,0.91112995,-0.13408163,75
-0.89647883,1.1758449,-0.09308359,-0.119546264,2.0291681,-0.85995597,-0.77204496,-0.04020548,0.037356623,-2.2597482,2.1222255,-0.9527164,1.8889952,-0.24575058,1.3340731,-2.3111434,62
-2.8334336,1.5924604,0.120236635,-1.2948766,2.4471684,-2.2608843,-1.0367506,-1.0273902,1.2164675,0.16732442,4.290031,-1.0037513,4.01567,-0.15503138,2.1674635,-0.18025136,104
-0.6851041,0.6194055,1.0422295,-0.33220693,0.97555894,-0.21115564,0.2954617,0.023882173,0.2225808,-0.9766607,1.3885686,-2.394209,2.0206845,0.48033133,0.8581484,-0.4219447,3
-1.5771075,0.8666243,0.7930133,-1.585426,1.2541413,-1.1643167,-1.3540955,-0.51021534,0.83303416,-0.94738036,1.9773611,-1.9066308,2.0855317,-0.40603995,2.0600886,-2.885275,28
-5.0979533,1.7138081,1.640444,-1.6754192,1.4083918,-5.1951017,-0.32822484,-2.2194552,2.6969767,-0.53083134,4.3576303,-0.84823024,7.0514283,0.96023875,4.6263847,-2.7427866,45
-1.8748641,1.589987,-1.0990009,0.011489779,2.2557673,-2.9588115,-1.1543326,-0.55277354,-0.6707374,-2.0351717,2.2938647,-0.059729375,3.2295492,-0.6506962,2.1119945,-2.7020361,62
-2.2598777,1.4184911,0.6229105,-0.9959427,2.0780723,-1.483293,-1.6890974,0.32041803,-0.17029704,-0.9078807,1.402004,-1.8257215,2.076497,-0.95537186,1.4825329,-1.3657945,28
-1.3447593,2.175828,-1.3011084,-0.7177075,2.2712793,-0.34693414,-0.69160104,0.41200086,0.3189634,-1.7592483,2.3878546,-0.7669443,1.744658,-0.0013712049,0.70738816,-0.86327136,127
-2.3798115,1.1903642,1.1502974,-1.3465223,2.6458602,-1.6359193,-1.4575748,-0.6417043,0.5857521,-0.2450389,2.6827228,-1.8318543,3.3130574,-0.14230192,1.9374496,-0.40723777,25
-2.3781285,2.2875226,-0.96881384,-0.97571546,1.7574126,-0.67091984,-0.8269657,0.2064802,-0.007999197,-0.21567035,2.144595,-1.4138844,1.4781506,0.3247182,0.768301,-0.33294982,127
-0.89504856,1.2674351,0.13922954,-0.22103997,2.0886216,-0.8041775,-0.71183264,0.06654268,0.17199685,-2.4410133,2.0969899,-1.0605505,1.9595814,-0.30326706,1.3825966,-2.359156,62
-3.037039,1.5327935,0.5270303,-1.6041385,2.599761,-2.415723,-1.1581239,-1.0187304,1.6686296,0.31329933,4.272743,-1.3185258,4.241461,-0.1415902,2.3884823,-0.63142145,25
-0.72638184,0.6647134,1.110684,-0.079834014,0.81741565,-0.17421305,0.48844802,0.1506375,0.06774412,-1.1765277,1.2173322,-2.362833,1.976352,0.5943671,0.7492238,-0.2642278,3
-2.025295,0.9859046,0.9549605,-1.2855885,1.052634,-1.1929823,-1.3366277,-0.51368487,0.59868956,-1.5255166,1.9631245,-2.0486968,2.2731829,-0.51840246,2.337303,-2.9545906,28
-4.878964,1.6050982,1.4668864,-1.9723811,1.7930765,-5.142767,-0.7929098,-2.4598868,2.6026337,-0.38684762,4.464448,-0.75421506,7.0321774,0.7901684,4.648876,-2.779115,45
-2.0319376,1.6409831,-0.8449873,-0.04690525,2.4950151,-3.0023112,-1.293477,-0.28650245,-0.459736,-2.01009,2.1879597,-0.2553876,3.2345574,-0.75043577,2.019378,-2.776837,62
-2.3664706,1.4250696,0.72763896,-1.1197212,2.0827954,-1.3994116,-1.7751733,0.36763206,-0.1454265,-0.5293168,1.2519884,-2.16545,1.9159863,-0.8212816,1.3682796,-1.2885664,28
-0.48827052,1.4962952,-0.56804365,-0.049444944,1.8146491,-0.11445229,0.059467643,0.29781398,-0.13166825,-1.893991,1.9282281,-1.1334045,1.513243,0.42721793,0.48900965,-0.5942029,3
-2.510257,1.361865,1.3033422,-1.4815387,2.8584938,-1.7996255,-1.7409012,-0.9302428,0.51096493,-0.28101486,2.9074512,-1.9781837,3.5183458,-0.045820594,2.2802813,-0.60167515,25
-2.656449,2.5084856,-1.0853597,-1.0629071,2.096132,-0.55885863,-0.9322157,0.6686006,-0.031027362,-0.439522,2.2991312,-1.1454487,1.4756005,0.028238907,0.4455887,0.0865545,127
-0.76880544,1.2743633,0.19431962,-0.38665086,2.1254776,-0.7146492,-0.78432184,-0.010103237,0.28949115,-2.4893792,2.061558,-1.0441664,1.952954,-0.27744034,1.4346778,-2.3533306,62
-3.1783278,1.7706699,0.34330845,-1.5820041,2.7825274,-2.438293,-1.1672614,-0.8056939,1.7153622,0.03822051,4.360703,-0.9505976,4.2438374,-0.28362522,2.3080103,-0.5570972,104
-0.6331697,0.72038776,1.0419142,0.22097594,0.72690994,-0.122572705,0.6950658,0.2828644,-0.14786212,-1.2262211,1.035634,-2.363315,1.7848268,0.7625117,0.55468714,-0.17882423,3
-2.1302185,1.2635853,0.7398599,-1.3234253,1.1601431,-1.5011262,-1.4677737,-0.7408927,0.34774554,-1.5814272,1.9892124,-1.8187761,2.5120761,-0.52100325,2.5775962,-3.0055597,28
-4.7364745,1.4682882,1.4533643,-2.210527,1.9455453,-5.0718336,-1.1151174,-2.7044277,2.5571182,-0.22792572,4.521821,-0.8661034,7.028611,0.73969084,4.752562,-2.8861985,45
-1.8994904,1.59923,-0.6540461,0.18974972,2.4418569,-2.8180916,-1.2099578,-0.1026916,-0.29035437,-1.7264863,2.1436923,-0.6811365,2.9329252,-0.6185813,1.7276213,-2.7724624,62
-2.0898104,1.3643513,0.5482135,-1.062963,2.0760596,-1.3220944,-1.6507354,0.43402585,-0.17631884,-0.37741813,1.0377043,-2.182959,1.7001896,-0.63452256,1.0889049,-1.3871679,28
-0.27839336,0.9962309,-0.15177944,-0.23091173,1.8539407,-0.035680145,0.01718364,0.16657323,0.0132096335,-1.6723323,1.892423,-1.2954695,1.5879173,0.29122624,0.50708264,-0.6450584,3
-2.3705304,1.3449056,1.274723,-1.6763717,3.0437202,-1.7946148,-2.0146825,-1.1807898,0.5213615,-0.28461716,3.136542,-1.9623911,3.619267,-0.095847555,2.4267397,-0.6611674,25
-2.758899,2.495156,-1.1039937,-0.97851986,2.0553994,-0.71722883,-0.9292656,0.77004576,-0.1269408,-0.4482136,2.1845818,-0.9461712,1.543587,0.004817687,0.38563433,0.17026782,127
-0.8293496,1.3754516,0.03753662,-0.72434694,2.2681942,-0.85541934,-1.0499499,-0.022654096,0.21951953,-2.3702922,1.8158844,-1.079383,1.9621952,-0.36400807,1.5040917,-2.5693352,62
-3.5395412,1.9263813,0.4667111,-1.9474189,3.1575332,-2.581031,-1.4957429,-0.8295014,1.9328246,0.10926015,4.5552044,-0.779287,4.495185,-0.32395378,2.3817666,-0.4390365,104
-0.6470022,0.7124247,1.068828,0.04189536,0.8477918,-0.13055357,0.5142598,0.27401438,-0.1873491,-0.97869843,0.99087435,-2.5057473,1.7444131,0.6838957,0.54038817,-0.1423898,3
-2.057083,1.506192,0.36609644,-1.0785179,1.1333995,-1.4883378,-1.3497888,-0.7119531,-0.1063768,-2.0001972,1.7327,-1.4495533,2.439424,-0.4993412,2.466855,-2.9131548,28
-4.4553127,1.4274819,1.3494345,-2.090144,1.9185573,-4.9654665,-1.1474836,-2.8882442,2.4579067,-0.22170472,4.693543,-0.97054523,6.9391317,0.8321671,4.8021636,-3.0816805,78
-1.8112952,1.508822,-0.44788116,0.24627924,2.39002,-2.856106,-1.1223462,-0.11442013,-0.2354789,-1.4122188,2.085047,-0.77792066,2.8381343,-0.39617714,1.572373,-2.6946168,62
-1.7926918,1.1439251,0.4783535,-0.91143024,1.8407409,-1.2831465,-1.2499493,0.32456806,-0.041186407,-0.24683833,1.0194814,-2.1162536,1.6899195,-0.3024085,0.89562184,-1.448842,28
-0.24294356,0.8212133,0.12562458,-0.4754029,1.9080818,-0.051534202,-0.09563324,0.050586917,0.20744221,-1.4414303,1.9315064,-1.3841469,1.7508545,0.22246003,0.5750905,-0.6564755,3
-1.9460858,1.0671296,1.2184591,-1.6623654,2.9521027,-1.4444801,-1.9833262,-0.9441446,0.3851152,-0.052824147,2.871975,-2.1127875,3.1658976,-0.22169879,2.031103,-0.43633118,25
-2.7668202,2.4320369,-1.1102324,-1.3542652,2.1666892,-0.78992456,-1.2855132,0.53787196,0.044232532,-0.1777272,2.2675633,-0.9127911,1.5669241,-0.076296456,0.5520747,0.07531506,127
-0.8398022,1.0346081,0.24830298,-1.0321399,2.1723619,-1.0691221,-1.2569754,-0.0386234,0.1738294,-1.8729428,1.3805543,-1.3673263,1.8916221,-0.46020767,1.4583358,-2.9155755,28
-3.6693015,1.9899333,0.58020633,-2.1420503,3.4500256,-2.5407188,-1.722962,-0.7616611,2.0829992,0.07449482,4.6754913,-0.710608,4.5652966,-0.4174793,2.363554,-0.37809396,25
-0.8758525,0.71786946,1.244761,-0.055476278,1.0737329,-0.09926359,0.30863047,0.6303009,-0.17595144,-0.9609735,0.78896165,-2.6470315,1.7369192,0.45377585,0.397928,0.01632744,109
-1.7112503,1.6707897,0.058685392,-1.1970029,1.5576017,-1.7090571,-1.6725178,-0.9393301,-0.370735,-1.6780405,1.7082924,-1.154108,2.3343935,-0.47588798,2.4143615,-2.8671787,28
-3.8587108,1.3598514,1.2279707,-1.617979,1.9359827,-4.704919,-1.0364248,-2.9283586,2.0680544,-0.65990716,4.7513676,-0.8641147,6.665152,0.9051027,4.6561294,-3.207536,78
-1.8047278,1.5295601,-0.19265316,0.48073626,2.5107837,-3.0907054,-0.91445446,-0.38721657,-0.4996754,-1.6043885,2.315476,-0.63713866,3.2111337,0.0523332,1.6989123,-2.3582885,62
-1.6548299,0.8410583,0.8012647,-0.8064742,1.6320859,-1.1816593,-0.7928508,0.18768951,0.19476189,-0.20629954,1.396685,-2.2531357,1.9611042,-0.035681672,0.870723,-1.2905571,28
-0.21053344,0.8041678,0.21578394,-0.57103956,1.9210397,-0.08544496,-0.20783134,-0.06820469,0.12689023,-1.2813722,1.910012,-1.3977425,1.7279522,0.2556685,0.61898994,-0.66974723,3
-1.3023942,0.7542026,0.94743043,-1.2548299,2.3307753,-1.0482203,-1.4711174,-0.65060455,0.080376185,0.12837237,2.4499156,-2.2615871,2.433326,-0.18086286,1.5380918,-0.3526445,25
-2.6188474,2.4670503,-1.1294572,-1.3144757,2.0196376,-0.89237833,-1.1174637,0.45776865,0.19077072,0.0072857067,2.2156,-0.8661674,1.4865093,0.07179282,0.56137806,-0.11454934,127
-1.087001,1.1010711,-0.129353,-1.2927966,2.2210112,-1.3015983,-1.3878005,-0.25420132,0.55005056,-1.5477775,1.6725299,-1.1095946,2.0555327,-0.34854296,1.6059331,-3.207708,62
-3.4978411,1.8486619,0.5842742,-2.322112,3.6129441,-2.3942335,-1.9397213,-0.78060305,2.0157135,0.14383715,4.5846357,-0.7216434,4.3954806,-0.42025906,2.2258644,-0.4491452,25
-1.070267,0.6966194,1.3910815,-0.16565698,1.2754251,-0.13283138,0.16940053,0.7892657,-0.041899472,-0.9277935,0.7487861,-2.7152984,1.7665889,0.4035622,0.336792,-0.077563405,109
-1.6512893,1.6507022,0.1504224,-1.2590816,1.4930818,-1.8666115,-1.654323,-1.0744294,-0.48529768,-1.1059574,1.5418319,-1.2175012,2.2926576,-0.19642714,2.2982733,-2.6652877,98
-3.1770194,1.2954369,1.0644001,-1.240412,1.7477696,-4.377926,-0.86427736,-2.9560168,1.8053313,-1.1374558,4.5850286,-0.6549439,6.211883,0.9836969,4.545985,-3.3585577,53
-1.4683315,1.4569912,-0.34907138,0.5661291,2.4872022,-3.145963,-0.80378586,-0.73774505,-0.6791387,-1.7396394,2.5330136,-0.27858096,3.317158,0.29475322,1.740474,-2.414486,62
-1.4463708,0.9766525,0.32663244,-1.1479939,1.8015363,-0.9638563,-0.7831551,0.23299882,0.17702517,-0.23318368,1.6284002,-1.7874691,1.8582959,-0.22140837,0.619353,-1.0887272,109
-0.54345095,1.0315825,0.013870247,-0.5636655,1.9399998,-0.121383116,-0.24053308,0.047669828,0.11699337,-1.1288784,2.2750459,-1.321053,1.7271998,0.045729227,0.6415434,-0.23185672,3
-1.2886015,0.699415,1.0918783,-1.0253923,2.1019957,-1.0170234,-1.2412665,-0.46693286,-0.11008738,0.009991437,2.1754978,-2.4372537,2.2843795,0.008074626,1.4203976,-0.39253676,25
-2.4520867,2.438058,-1.0752176,-1.1163282,1.8195581,-1.0144198,-0.87836254,0.43552613,0.30914223,0.08049489,2.0250058,-0.7550299,1.3725975,0.24545246,0.5016991,-0.35949185,127
-1.0928051,1.0552293,-0.17336288,-1.4456689,2.222753,-1.421649,-1.3924136,-0.45284772,0.70839536,-1.2896514,1.7946104,-1.0743212,2.1886168,-0.24466354,1.6955956,-3.2522974,62
-3.1279323,1.6451554,0.6024545,-2.3155262,3.6420784,-2.1969523,-2.0187235,-0.9129329,1.9199011,0.26782852,4.585076,-0.87147844,4.1466823,-0.42582542,2.20323,-0.536832,25
-1.165656,0.7428645,1.4843643,-0.22130665,1.4092615,-0.15071467,0.12313102,0.8803431,0.11096355,-1.0425413,0.80797035,-2.6594758,1.8436699,0.28136796,0.36274192,-0.14326233,109
-1.8401186,1.8097668,0.18203185,-0.86291194,0.94590735,-1.9905046,-1.209369,-1.1526664,-0.6881404,-0.89575565,1.2404689,-1.2454894,2.341664,0.267709,2.2626648,-2.2150931,98
-2.9113808,1.361799,0.8765979,-1.2025607,1.8802865,-4.2517376,-1.1029626,-3.2510905,1.3022869,-1.416124,4.7187896,-0.123965114,6.06059,0.73205674,4.6972466,-2.886658,78
-1.3045923,1.2422674,-0.41661882,0.43942755,2.2676892,-2.9688687,-0.6681151,-0.8691012,-0.58001333,-1.5793023,2.5280824,-0.3460206,3.2812717,0.4755073,1.696713,-2.493573,62
-1.6060835,1.2459154,-0.10544099,-1.2551527,1.8634157,-0.9213406,-0.6836662,0.38236192,0.3514815,-0.4614552,1.9611884,-1.3125412,1.8749068,-0.38018042,0.50128525,-1.0065639,3
-0.7238393,1.1123189,-0.03887267,-0.52629113,1.9478861,-0.06577346,-0.24159281,0.14327955,0.12853989,-1.2121929,2.354764,-1.4360981,1.7081647,-0.00402255,0.6518339,-0.20951894,3
-1.4697531,0.7355957,1.3008631,-1.0682243,2.1536212,-1.0658398,-1.2323004,-0.3241532,0.06788434,0.042353764,2.178854,-2.5448399,2.3769796,0.012034714,1.4129748,-0.3832967,25
-2.1989143,2.1672606,-0.8910003,-0.8616417,1.6778489,-1.1258104,-0.7086133,0.3397004,0.21349302,0.15682474,2.0052085,-0.6787507,1.2866149,0.27176878,0.48563495,-0.39925826,127
-0.82418305,0.9694289,-0.36126393,-1.5321743,2.28412,-1.409769,-1.4610143,-0.69580925,0.68895274,-1.2047706,1.8925811,-0.95244825,2.2245023,-0.1455141,1.6974027,-3.307874,62
-2.6529713,1.5012136,0.662037,-2.108965,3.4738154,-2.168042,-1.9860239,-1.326619,1.7116532,0.24983189,4.63955,-0.9579434,4.0154943,-0.34786704,2.477383,-0.7662108,25
-1.377887,0.93460673,1.57541,-0.12705818,1.54218,-0.18976796,0.12141305,1.0866598,0.17869785,-1.4500451,0.8603038,-2.5455117,1.9848602,0.07359973,0.43765107,-0.1734508,109
-2.1653585,2.0751657,0.18289448,-0.4992091,0.6742971,-2.3088288,-0.9594462,-1.0014694,-0.7479873,-0.98918337,0.89862645,-1.186626,2.425071,0.5395756,2.2735734,-2.1877952,98
-2.5827935,1.385225,0.5561799,-1.0378666,1.8435876,-3.8714566,-1.2070667,-3.2667658,0.7924143,-1.4390851,4.4944324,-0.052371196,5.5468955,0.7009183,4.478346,-2.578247,78
-1.5000445,1.334569,-0.4199921,0.56137395,1.9759455,-2.8882236,-0.4067194,-0.785167,-0.3116365,-1.5524927,2.561731,-0.49546131,3.2807138,0.6474165,1.7603867,-2.528764,62
-1.1670213,0.8446507,0.17559378,-0.7597858,1.5875478,-0.46179304,-0.19920102,0.2723242,0.26824212,-0.9829164,1.7121152,-1.7161946,1.8958848,0.10515293,0.42289847,-0.87895924,3
-0.62246925,1.0281273,-0.041320745,-0.4167663,1.7540332,-0.058891978,-0.08146271,0.12469024,0.113911234,-1.0860374,2.2087977,-1.7787526,1.6470613,0.092958756,0.6862765,-0.4411486,3
-1.5376377,0.7310621,1.3027381,-1.1964988,2.3107815,-1.1255932,-1.4270253,-0.3721916,0.1901524,0.077721186,2.2816253,-2.5851426,2.4470196,-0.056814034,1.4975429,-0.5713401,25
-1.9359856,2.0321188,-0.53454083,-0.3790214,1.5484877,-1.1051472,-0.31403846,0.28276342,0.24355215,-0.25400624,2.100248,-0.7203724,1.4259546,0.45983753,0.6010122,-0.4622216,127
-1.0320398,1.1043105,-0.16050258,-1.5123173,2.5062356,-1.6284977,-1.5264492,-0.60013163,0.80543065,-1.4326758,2.0163307,-0.9394454,2.4881904,-0.2532103,1.8557111,-3.4664273,62
-2.6581166,1.5812163,0.69444996,-1.7177007,3.2170882,-2.3996723,-1.9477584,-1.7233784,1.209657,0.053933628,4.756447,-0.9513225,4.139345,-0.20970955,2.8854783,-0.64626503,25
-1.5870632,1.0892867,1.6972395,-0.19813137,1.7806683,-0.26860583,-0.08502366,1.1834619,0.2588119,-1.7631476,0.9157758,-2.418226,2.1486664,-0.13214035,0.5665933,-0.24809378,109
-2.2822626,2.461226,-0.47675347,-0.4134856,0.26076472,-3.4102895,-0.61622727,-1.8816994,-0.17350902,-0.71948576,1.8352313,0.21524072,2.81517,0.8387012,2.881327,-3.0871892,98
-2.1621294,1.5376463,0.39319593,-0.57873416,1.6571225,-3.5300288,-0.951384,-2.8772573,0.68946266,-1.5632392,4.3436217,-0.010562025,4.983462,0.47631034,4.166241,-2.3469448,53
-1.5457411,1.564853,-0.6812519,0.80013263,1.7810551,-2.9450455,-0.20981397,-1.0053958,-0.23474835,-1.7143772,2.8237321,-0.35608172,3.3929636,0.81337315,2.008185,-2.5418491,62
-1.2714669,1.0093325,-0.026717931,-0.91277295,1.9084985,-0.47798836,-0.3902079,0.2527068,0.14943862,-1.1845583,1.9216896,-1.4797719,2.1425793,0.0497152,0.43248174,-0.7075618,3
-0.44599265,1.0223963,-0.21503271,-0.47023547,1.6579926,0.009228606,-0.04365096,0.27299276,0.14739645,-0.91429436,1.8498884,-1.8372755,1.4147043,0.054455616,0.5482549,-0.57937974,3
-1.5768307,0.7174307,1.4316231,-1.4439045,2.5818157,-0.9632991,-1.6964909,-0.25799006,0.21019891,0.09302024,2.160494,-2.7522812,2.3558998,-0.113312125,1.3802851,-0.5422872,25
-1.6181446,2.047857,-0.5061186,0.0073019266,1.2571522,-0.97606355,0.060890444,0.024589863,0.24806061,-0.535167,2.228836,-0.9225981,1.3914082,0.8570234,0.7517989,-0.78207916,127
-1.1051525,1.195975,-0.13733107,-1.3537709,2.7206564,-1.8408046,-1.5668054,-0.5863565,0.7927603,-1.5153356,2.2151506,-0.8394614,2.5957963,-0.35155597,1.9289637,-3.5226269,62
-2.3694065,1.4779184,0.59854025,-1.4735608,3.0431128,-2.0459723,-1.839376,-1.6601553,0.89240503,0.03668323,4.410765,-1.1816318,3.6959357,-0.046781115,2.6318486,-0.50633913,25
-1.7200351,1.15666,1.8023424,-0.28830644,1.957895,-0.31459665,-0.26718038,1.1687618,0.3599882,-2.0179005,1.0222601,-2.312402,2.3114367,-0.27063486,0.7213605,-0.3643169,109
-3.226572,2.2854407,0.39243072,0.07577485,0.16047123,-3.803174,-0.43994516,-0.9916819,0.11586492,-0.99548393,1.4556625,-0.28263044,3.0069098,0.7251524,2.8341186,-3.3359137,98
-1.5729423,1.5971615,0.19610728,-0.3109563,1.5881397,-3.1291828,-0.76855654,-2.5997424,0.53795207,-1.7882109,4.138633,0.10979256,4.457566,0.34568468,3.8346746,-2.1679711,53
-1.8149208,1.7293129,-1.0616882,0.52653193,1.8732654,-3.0884402,-0.50616014,-1.3058625,-0.4999649,-1.3443979,3.070228,-0.027307086,3.4304588,0.80915266,2.1279345,-2.0877597,92
-1.1255672,1.0038624,0.061656535,-0.7122818,1.8625566,-0.26735163,-0.2873255,0.44090953,-0.11912024,-1.3986388,1.5619097,-1.4916177,1.8791988,0.14741874,0.24000612,-0.57581013,3
-0.48114312,1.2179153,-0.48150647,-0.5370706,1.7015843,0.06710998,-0.11740637,0.42837748,0.1878432,-0.9813244,1.653555,-1.7067683,1.2590811,0.12653908,0.4153808,-0.6942479,3
-1.4502019,0.6159734,1.4923247,-1.3828372,2.5069275,-0.8233078,-1.4715312,-0.116247654,0.34975633,0.06796054,2.0895007,-2.8086526,2.319122,-0.0554449,1.1792098,-0.493512,25
-1.2244489,1.6679943,-0.1401807,0.81901777,0.49276772,-0.761776,0.54322845,-0.4180448,-0.33118427,-1.1300263,1.9418986,-1.3632231,1.3695157,1.1294463,1.174016,-0.826983,75
-1.218293,1.2934344,-0.13204262,-1.0653315,2.8170261,-1.9633727,-1.5264493,-0.4539153,0.6245894,-1.5423498,2.1866236,-0.8823486,2.563376,-0.32031074,1.8717402,-3.3993235,62
-2.2202294,1.3233683,0.6470454,-1.3363583,3.0048103,-1.7633635,-1.872597,-1.5108025,0.6995831,-0.07743987,4.23807,-1.3447316,3.3953214,-0.024471693,2.436808,-0.36849606,25
-1.8637539,1.2756131,1.8902423,-0.2812887,2.0454946,-0.40597457,-0.3535626,1.0403093,0.4396953,-2.343236,1.303982,-2.1538842,2.5896428,-0.3648046,0.9971137,-0.41877395,3
-3.411016,1.8910358,0.8212404,0.123413295,-0.122789234,-3.6224108,-0.36707377,-0.99625874,0.24478385,-0.56496835,1.4355785,-0.6011807,2.7930875,0.7343215,2.8011215,-3.0883675,98
-1.1602288,1.6684961,-0.12229709,-0.54469585,1.5729927,-2.807626,-0.83029574,-2.5080657,0.63059515,-1.8192585,3.959045,0.20278963,4.0945897,0.30699632,3.661635,-2.2686255,53
-1.9407231,1.6138799,-0.8460499,0.50900143,1.7587929,-3.033059,-0.4766099,-1.19361,-0.6614674,-1.1252496,2.8395734,-0.2548588,3.2578635,0.766447,2.0440078,-1.8294613,92
-1.2341748,0.8121613,0.42258263,-0.8708599,1.9022392,-0.3116936,-0.45843124,0.40018475,0.032392263,-1.1595312,1.4326717,-1.8396888,1.9572854,0.15115005,0.35330862,-0.7123107,3
-0.7152359,1.4141266,-0.67386436,-0.6752932,1.8135878,0.03634043,-0.27082956,0.5363469,0.25410673,-0.88964415,1.6639131,-1.6677346,1.2501771,0.12159713,0.35696203,-0.64939356,127
-1.4739846,0.63663304,1.1961025,-1.8487983,2.6011734,-0.6953794,-1.4653678,0.013331298,0.78291136,0.44517735,2.4507163,-2.4898589,2.2433958,-0.24196455,0.88302225,-0.32037625,25
-1.2114415,1.7709517,-0.39152944,0.78995275,0.6882299,-0.5963029,0.3555354,-0.35109556,-0.268578,-1.6398417,2.0115023,-1.3250613,1.4996271,0.80698067,1.332263,-0.9735703,75
-1.3774524,1.2729149,0.15449148,-0.9611827,2.7978272,-1.9263453,-1.4890293,-0.16249892,0.47545892,-1.5278332,1.935148,-1.0815499,2.4253595,-0.39443257,1.7299376,-3.1376166,28
-1.7496759,1.0384521,0.6230148,-0.7434803,2.4031715,-1.5752894,-1.3395673,-1.3032428,0.29084256,-0.2207261,3.7586513,-1.5053234,2.9421878,0.15066087,2.1459024,-0.39171255,25
-1.8128116,1.3532958,1.7024668,-0.30052269,1.8739092,-0.48984888,-0.37443417,0.6723183,0.2380453,-2.2350698,1.5137559,-2.0467668,2.6073382,-0.3335138,1.2729574,-0.31603718,3
-3.617887,1.7635779,0.8253957,-0.006935507,-0.3101708,-3.3603911,-0.38840115,-0.9217284,0.45536768,-0.29821682,1.4146202,-0.82096636,2.6012354,0.55587,2.7843175,-2.9330406,98
-1.2619219,1.4780028,0.15582927,-1.0244086,1.8604009,-2.561842,-1.1637734,-2.1722305,0.9076373,-1.5425624,3.7981412,-0.27543768,4.002236,0.046521895,3.4922013,-2.252357,53
-1.7695616,1.4713223,-0.5775552,0.57354736,1.8683543,-2.8553166,-0.5334457,-0.92952687,-0.7591164,-1.243135,2.764164,-0.5160489,3.1500015,0.29061893,1.9618952,-1.6637912,53
-1.1058608,0.77023464,0.46933758,-0.7387005,1.6874734,-0.18419176,-0.2873752,0.3207488,0.1297121,-1.2248968,1.4054003,-1.9741495,1.8039768,0.3461711,0.37974718,-0.9031734,109
-0.8927785,1.611408,-0.66971457,-0.6699374,1.816085,0.029785752,-0.24821427,0.6888296,0.16652422,-0.9317027,1.5673947,-1.750457,1.2810977,0.10390965,0.32716426,-0.5113616,127
-1.5726972,0.7684177,1.0634149,-2.0630019,2.741725,-0.9358738,-1.4752576,-0.029065324,1.1034265,0.4276726,2.8657496,-1.9862075,2.6034138,-0.47258887,0.9698449,-0.26640594,25
-1.3282701,1.8896964,-0.73083586,0.4956686,1.0440109,-0.59618145,-0.00731742,-0.29477218,-0.31033933,-1.665295,2.0700018,-1.1899602,1.5483923,0.55699784,1.36812,-0.9589299,75
-1.5055661,1.1910226,0.19234885,-1.3931602,2.8957448,-1.8160335,-1.7828319,0.0038288683,0.576201,-1.3604391,1.7835447,-1.1921308,2.3157904,-0.6909038,1.6646135,-3.173267,28
-1.341494,0.82999897,0.5213058,-0.3359912,1.740227,-1.340366,-0.7883996,-1.246296,0.09318226,-0.1922236,3.3154488,-1.6518192,2.4177897,0.560786,1.8612554,-0.49221402,25
-1.7391158,1.3143178,1.6956539,-0.4614231,1.8893211,-0.64312875,-0.50335205,0.49253124,0.11923352,-1.9052292,1.427483,-2.1228049,2.646063,-0.27220893,1.3521205,-0.31265673,23
-3.4340768,1.8236775,0.298303,-0.13411604,-0.3916213,-3.137549,-0.31461823,-1.0181118,0.48347765,-0.009175971,1.5867162,-0.58606607,2.3403983,0.5263363,2.6359053,-2.7934148,98
-1.3438497,1.3591309,0.32922363,-1.3120356,2.1058178,-2.33896,-1.3880968,-1.8806996,1.0297087,-1.2847689,3.6820636,-0.6610311,3.845554,-0.13814294,3.301921,-2.1250997,25
-1.6384407,1.2871642,-0.47270238,0.35870868,1.9247732,-2.6689315,-0.71728414,-0.8601994,-0.7329811,-1.1808558,2.677104,-0.7236792,3.1116319,-0.087918945,2.0102654,-1.5257964,53
-0.6587187,0.6864706,0.7273685,-0.53138137,1.7688767,-0.1852481,-0.22230628,0.19002742,0.19637984,-1.2921491,1.2890819,-2.164304,1.7562158,0.56133777,0.460759,-1.1632366,3
-0.6176368,1.1956791,-0.09050364,-0.42511123,1.6757424,0.11619893,-0.03888343,0.72387403,-0.024528325,-1.1370637,1.2777395,-1.8981495,1.3037934,0.061267354,0.24801564,-0.32588992,3
-1.5703585,0.84279984,1.0524795,-1.7509699,2.635098,-0.9724886,-1.1532881,-0.08567161,1.2072009,-0.0027275607,3.1954389,-1.7055662,2.8234084,-0.4724255,1.1080086,-0.24376297,25
-1.2302885,1.6849346,-0.3409012,0.5694483,0.823389,-0.6413013,0.17820059,-0.35263506,-0.13772719,-1.3905307,2.1780467,-1.4969771,1.5295832,0.57252795,1.4348322,-0.8558452,75
-1.3374915,1.0941176,0.011943214,-0.9383223,2.444181,-1.2194271,-1.5380232,0.18693706,-0.14612563,-1.7358296,1.4325602,-1.4083419,1.9431291,-0.5907841,1.3467035,-2.566549,28
-1.3344088,0.80240273,0.5409766,-0.28913152,1.5242774,-1.2274318,-0.57604176,-1.125914,0.20039356,-0.09197491,3.147068,-1.8005466,2.2425818,0.78669256,1.6901352,-0.52660024,25
-1.7671317,1.2572249,1.6909567,-0.7460901,1.8656762,-0.76514846,-0.7025813,0.39782476,0.061431356,-1.5979577,1.3118609,-2.2282012,2.6678405,-0.3130165,1.4175975,-0.36154526,25
-3.9964774,1.9505446,0.26736635,-0.74141425,-0.6747698,-3.8129196,-0.71436983,-1.7344619,0.5675425,0.3984537,1.8980727,-0.5284056,3.077775,0.34814635,3.4933732,-2.957024,117
-1.3869985,1.2435547,0.5312816,-1.5381035,2.302723,-2.1994174,-1.5451661,-1.6547667,1.1495029,-0.8475488,3.5868163,-1.0905273,3.6654801,-0.23916695,3.0902526,-2.0436573,25
-1.5539279,1.3112283,-0.6088556,0.12466189,1.9351217,-2.2104852,-0.7073806,-0.5420867,-0.66056937,-1.0817115,2.5463386,-0.74193287,2.7903028,-0.379962,1.7315817,-1.0070784,53
-0.27264506,0.54726374,0.7350884,-0.72935665,1.6639557,-0.14029148,-0.2793802,-0.09636693,0.34666565,-0.9650148,1.3000929,-2.3550465,1.5535257,0.6468333,0.6294723,-1.5781274,109
-0.5749626,1.0224082,0.18239342,-0.48104697,1.6624876,0.077374525,-0.026970597,0.6375293,0.10690854,-1.1368443,1.3011284,-1.9554195,1.4193702,0.01233799,0.34057748,-0.5363093,3
-1.2683187,0.8747706,0.73540086,-1.2448018,2.1234539,-0.8046487,-0.5930672,-0.116552964,1.0144461,-0.28751346,2.927319,-1.5625463,2.6229467,-0.019775987,0.9048446,-0.19485308,23
-1.214359,1.8825505,-0.12509744,0.94151664,0.92261684,-0.7489187,0.43296212,-0.08252339,-0.049986035,-1.7489581,2.2822697,-1.372745,1.6786993,0.5227844,1.3784881,-0.71775526,75
-1.1155858,1.0527112,-0.13226934,-0.75478405,2.1837878,-1.0705392,-1.2464415,0.18952185,-0.30778325,-1.560686,1.2018017,-1.4399734,1.7330775,-0.27920675,1.0782064,-2.353237,28
-1.3433502,0.83771807,0.50321066,-0.36274603,1.5048076,-1.0131232,-0.52889377,-0.92474127,0.24054423,-0.03296719,3.0606568,-1.803608,2.066761,0.7601067,1.4611783,-0.2722143,25
-1.6484371,1.1793016,1.6417155,-0.8898109,1.8610244,-0.65606934,-0.93215,0.51400685,-0.11323924,-1.614611,1.0612744,-2.3367417,2.4698253,-0.5141845,1.3548001,-0.3833503,28
-4.1818027,1.8830652,0.108242705,-0.6967849,-0.55774367,-4.0206575,-0.80738485,-2.135358,0.59059703,-0.124087475,2.48257,-0.2365233,3.614412,0.39300615,3.872828,-3.2605186,98
-1.3902438,1.2370348,0.6720275,-1.6628336,2.4747338,-2.0467045,-1.6693046,-1.4664035,1.1827005,-0.70461833,3.4774487,-1.3330228,3.4999366,-0.29524758,2.9140203,-1.9709613,25
-1.7776664,1.2650211,-0.30857235,0.07398346,1.8570527,-2.0134282,-0.6326158,-0.2790742,-0.5744726,-0.86296415,2.226992,-1.1240504,2.6330786,-0.26502973,1.5216603,-0.70471585,53
-0.25682706,0.55523664,0.734056,-0.70182914,1.4029961,-0.020982467,-0.21143454,-0.08460471,0.22094378,-0.87537193,1.2490475,-2.6588879,1.350841,0.5948271,0.72342676,-1.6166463,109
-0.6302872,1.0200353,0.49198127,-0.5567686,1.8331364,-0.012570009,-0.113407254,0.6590481,0.2349479,-1.076379,1.312106,-2.089082,1.5658686,0.07190771,0.35991162,-0.6081051,109
-1.2860168,1.0767812,0.33080852,-0.98705244,1.9056697,-0.72799927,-0.346074,-0.045648694,0.9039009,-0.43856522,3.0052176,-1.3052335,2.3850613,0.097964995,0.79108125,-0.1760393,23
-1.2345498,1.9617789,-0.28254834,0.89627206,1.2213995,-0.9824225,0.036092326,-0.04454854,-0.5983646,-1.9524148,1.9017408,-1.3495488,1.6477909,0.38699237,1.4306526,-0.9906199,75
-1.041527,1.1804515,-0.4291191,-0.6501868,2.1595693,-0.90998304,-1.0917368,0.48072714,-0.2210704,-1.457032,1.0000015,-1.372762,1.4112074,-0.24891475,0.72268707,-2.305709,62
-1.1176916,0.76066804,0.5055607,-0.22937354,1.4266392,-0.82925755,-0.33735704,-0.76891595,0.057827413,0.02671443,2.729325,-1.9454916,1.841718,0.924183,1.1657226,-0.12712194,23
-1.3148215,0.99116206,1.4959778,-0.8594272,1.6305859,-0.46858928,-0.85718495,0.5179613,-0.26184785,-1.6559029,0.9109762,-2.3848655,2.2429936,-0.6063816,1.2784287,-0.39539674,28
-3.9221416,1.7235239,-0.03322168,-0.52969265,-0.6965565,-3.3205347,-0.64637655,-1.9022462,0.32667238,-0.68987167,2.2435424,-0.32990563,3.3650153,0.38813698,3.5325117,-2.6899922,98
-1.3688538,1.1976665,0.77397573,-1.8937018,2.6402812,-1.9026989,-1.8943014,-1.404278,1.1524401,-0.5230612,3.340096,-1.4740837,3.3017519,-0.3405255,2.7822075,-1.9702859,25
-2.0175428,1.3796303,-0.3474558,0.010166526,1.9123719,-2.1336193,-0.80599844,-0.2937757,-0.19453461,-0.5459058,2.3933344,-1.3556869,2.577294,-0.15332735,1.5203506,-1.1364272,53
-0.43474966,0.5978742,1.0947671,-1.1216613,1.8160057,-0.042130277,-0.80762595,-0.15776956,0.132333,-1.0271443,1.2920256,-2.613188,1.5793073,0.15913802,1.0227326,-1.3920474,28
-0.72198766,1.0280318,0.6959339,-0.6718131,1.960004,-0.1768962,-0.27830923,0.45521897,0.27272117,-1.0220535,1.4916736,-2.102621,1.744931,0.12152708,0.53954273,-0.72663474,109
-1.0660843,1.1130035,0.14048758,-0.71455467,1.855361,-0.56080717,-0.13447082,0.12040254,0.69132847,-0.57400995,2.819042,-1.1945994,2.084418,0.13779125,0.57532567,-0.17820802,23
-1.2185652,1.7710941,-0.12563679,0.74953187,1.4947498,-1.0136756,-0.21391861,0.0013749916,-0.7310931,-2.052331,1.8016964,-1.3196561,1.7144239,0.27781886,1.3490909,-1.1071925,75
-0.9582479,1.2050295,-0.41819072,-0.47723162,2.1002688,-0.5433038,-1.0387746,0.7822564,-0.39639813,-1.7519907,0.66668916,-1.5474482,1.1016062,-0.376578,0.48689285,-2.0600576,62
-0.9886162,0.7802615,0.3112223,-0.34804422,1.2411122,-0.6982872,-0.13649467,-0.77348274,0.15902871,0.22405031,2.6106596,-1.9112065,1.5905743,1.1160084,0.9657627,-0.29685685,23
-1.4020686,1.122524,1.4363748,-0.85195816,1.7446645,-0.65025496,-0.85483176,0.48976266,-0.12445621,-1.5470822,1.2501462,-2.3506434,2.3605692,-0.6565127,1.3881553,-0.46449175,28
-3.9558659,1.7671983,0.103897884,-0.7074628,-0.4548617,-3.121404,-0.79088795,-1.5890495,0.341381,-0.5648733,2.1457765,-0.48524943,3.1485634,0.2701362,3.259667,-2.496617,98
-1.1816126,1.0521424,0.78941566,-2.0479283,2.6603856,-1.793187,-2.010681,-1.4354734,1.1121608,-0.33700186,3.1791544,-1.4924197,3.0822139,-0.3913418,2.6517553,-2.1041226,25
-1.9419441,1.2081101,-0.24846233,-0.112247854,1.7828673,-2.0940485,-0.85189104,-0.3676397,-0.14782359,-0.14200166,2.2406611,-1.5694959,2.3933198,-0.066773616,1.4347208,-1.179729,53
-0.29309598,0.5521093,1.1393235,-1.0846493,1.8075013,0.08107256,-0.8461545,-0.102563605,-0.048813447,-1.1324477,1.1164451,-2.5591118,1.4798725,0.09053651,0.9434571,-1.1710386,28
-0.80566335,0.9951378,0.85386395,-0.8084162,2.1101036,-0.35838264,-0.4440679,0.15585822,0.4694293,-0.8045667,1.7834163,-2.070774,1.9116039,0.27350223,0.7189434,-0.89165574,3
-0.7715134,0.9426059,0.11925891,-0.6395969,1.8879234,-0.3396253,-0.08364294,0.10303651,0.55316836,-0.6585995,2.607126,-1.2081785,1.9168305,0.116698675,0.45443222,-0.1801167,23
-1.3034227,1.5639267,-0.2121091,0.5199517,1.4727699,-0.9541227,-0.30599207,-0.21674731,-0.5784029,-1.9117228,1.9830443,-1.2308905,1.8996284,0.4262335,1.3778169,-1.1203725,75
-1.1560385,1.2463996,-0.31979886,-0.5780185,2.2039018,-0.5685432,-1.1656864,0.953013,-0.34577042,-1.7595173,0.5731512,-1.6376517,1.086015,-0.48561108,0.4545046,-2.0809615,62
-0.8615259,0.7027557,0.48009872,-0.13155845,1.152009,-0.4509395,0.10850561,-0.61144555,0.048481368,-0.07044055,2.4192512,-1.935777,1.5462546,1.1395699,0.8026466,-0.08992687,23
-1.693971,1.3151214,1.4624032,-0.81526256,1.8901229,-0.9508087,-0.870846,0.45961443,0.019647248,-1.4288898,1.5607672,-2.3273795,2.5689356,-0.5872747,1.5333701,-0.5820229,25
-3.6448243,1.7152858,-0.05840627,-1.0545237,-0.092731744,-2.8339047,-0.9826632,-1.4672366,0.34162804,-0.24793231,2.1367972,-0.60086936,2.888519,0.143931,2.944352,-2.426592,98
-0.93983716,0.96498644,0.74481034,-2.0551052,2.7118907,-1.7210737,-2.0179327,-1.4656339,0.9925155,-0.1820732,3.0957923,-1.3716712,2.9274838,-0.4817862,2.491407,-2.07228,25
-1.8469541,1.0172894,0.031641282,0.14264545,1.6846793,-2.1648374,-0.5689895,-0.6176976,-0.5768404,-0.29792425,2.1533706,-1.7272315,2.6621351,0.31603035,1.5595143,-0.8313389,25
-0.2550124,0.53225064,1.139323,-1.0588746,1.6389982,0.060493387,-0.69901675,-0.0820328,0.014144622,-1.1244233,1.2434042,-2.4674904,1.5054474,-0.008598063,0.9894873,-1.1095567,109
-0.75785077,0.9782447,0.6989851,-0.80167526,1.9511788,-0.17811504,-0.3974148,0.14191678,0.3744231,-0.7263896,1.7505394,-2.211067,1.7167027,0.25451997,0.7067753,-0.75092876,109
-1.1191367,1.2055526,-0.2656389,-0.9080851,1.9554121,-0.2895006,-0.27987415,0.21507475,0.41662037,-0.8217935,2.681771,-0.946955,1.9450994,-0.10577583,0.4570813,0.22714108,104
