0,1,2,3,4,5,6,7,8,9,10,11,12,13,14,15,pred_class
1.6300325,0.051523842,-1.4810774,-3.640646,0.6885965,1.2024609,-0.8351186,1.7955872,0.70781004,-1.5975286,-0.56285584,1.2326609,-1.9889979,-1.1505463,-1.3363674,1.5742345,126
1.6300325,0.051523842,-1.4810774,-3.640646,0.6885965,1.2024609,-0.8351186,1.7955872,0.70781004,-1.5975286,-0.56285584,1.2326609,-1.9889979,-1.1505463,-1.3363674,1.5742345,126
1.6300325,0.051523842,-1.4810774,-3.640646,0.6885965,1.2024609,-0.8351186,1.7955872,0.70781004,-1.5975286,-0.56285584,1.2326609,-1.9889979,-1.1505463,-1.3363674,1.5742345,126
1.6300325,0.051523842,-1.4810774,-3.640646,0.6885965,1.2024609,-0.8351186,1.7955872,0.70781004,-1.5975286,-0.56285584,1.2326609,-1.9889979,-1.1505463,-1.3363674,1.5742345,126
1.6300325,0.051523842,-1.4810774,-3.640646,0.6885965,1.2024609,-0.8351186,1.7955872,0.70781004,-1.5975286,-0.56285584,1.2326609,-1.9889979,-1.1505463,-1.3363674,1.5742345,126
1.6300325,0.051523842,-1.4810774,-3.640646,0.6885965,1.2024609,-0.8351186,1.7955872,0.70781004,-1.5975286,-0.56285584,1.2326609,-1.9889979,-1.1505463,-1.3363674,1.5742345,126
1.6300325,0.051523842,-1.4810774,-3.640646,0.6885965,1.2024609,-0.8351186,1.7955872,0.70781004,-1.5975286,-0.56285584,1.2326609,-1.9889979,-1.1505463,-1.3363674,1.5742345,126
1.6300325,0.051523842,-1.4810774,-3.640646,0.6885965,1.2024609,-0.8351186,1.7955872,0.70781004,-1.5975286,-0.56285584,1.2326609,-1.9889979,-1.1505463,-1.3363674,1.5742345,126
1.6300325,0.051523842,-1.4810774,-3.640646,0.6885965,1.2024609,-0.8351186,1.7955872,0.70781004,-1.5975286,-0.56285584,1.2326609,-1.9889979,-1.1505463,-1.3363674,1.5742345,126
1.6300325,0.051523842,-1.4810774,-3.640646,0.6885965,1.2024609,-0.8351186,1.7955872,0.70781004,-1.5975286,-0.56285584,1.2326609,-1.9889979,-1.1505463,-1.3363674,1.5742345,126
1.6300325,0.051523842,-1.4810774,-3.640646,0.6885965,1.2024609,-0.8351186,1.7955872,0.70781004,-1.5975286,-0.56285584,1.2326609,-1.9889979,-1.1505463,-1.3363674,1.5742345,126
1.6300325,0.051523842,-1.4810774,-3.640646,0.6885965,1.2024609,-0.8351186,1.7955872,0.70781004,-1.5975286,-0.56285584,1.2326609,-1.9889979,-1.1505463,-1.3363674,1.5742345,126
1.6300325,0.051523842,-1.4810774,-3.640646,0.6885965,1.2024609,-0.8351186,1.7955872,0.70781004,-1.5975286,-0.56285584,1.2326609,-1.9889979,-1.1505463,-1.3363674,1.5742345,126
1.6300325,0.051523842,-1.4810774,-3.640646,0.6885965,1.2024609,-0.8351186,1.7955872,0.70781004,-1.5975286,-0.56285584,1.2326609,-1.9889979,-1.1505463,-1.3363674,1.5742345,126
1.6300325,0.051523842,-1.4810774,-3.640646,0.6885965,1.2024609,-0.8351186,1.7955872,0.70781004,-1.5975286,-0.56285584,1.2326609,-1.9889979,-1.1505463,-1.3363674,1.5742345,126
1.6300325,0.051523842,-1.4810774,-3.640646,0.6885965,1.2024609,-0.8351186,1.7955872,0.70781004,-1.5975286,-0.56285584,1.2326609,-1.9889979,-1.1505463,-1.3363674,1.5742345,126
0.9343211,0.47609425,-2.308297,-2.958273,0.81236553,0.56000316,-0.94193864,3.517547,-0.3098789,-1.3883948,-0.91160566,0.47992718,-1.2304106,-1.1754239,-1.754847,3.474203,126
0.9409079,0.47386134,-2.3109581,-2.962593,0.8092673,0.56986654,-0.9349158,3.5167952,-0.30959147,-1.3919652,-0.90998733,0.47581363,-1.2327541,-1.1705515,-1.7604561,3.4672778,126
0.9348026,0.47435236,-2.30953,-2.9588032,0.8129568,0.55821854,-0.9420488,3.517461,-0.30970287,-1.3895512,-0.91238314,0.48132354,-1.231892,-1.1748819,-1.7539923,3.4740484,126
0.9398059,0.4600241,-2.318928,-2.9627457,0.8159081,0.55572677,-0.9392107,3.5193846,-0.31023192,-1.4000351,-0.916526,0.484497,-1.2454034,-1.1665807,-1.75495,3.4737697,126
0.92817956,0.47761193,-2.3055623,-2.9542413,0.8147099,0.55591905,-0.94725645,3.5196037,-0.3109932,-1.3861022,-0.91258013,0.48056525,-1.2296458,-1.1782632,-1.7529802,3.4815872,126
0.9435733,0.46026155,-2.319357,-2.9651332,0.8135934,0.5609758,-0.93516856,3.5176694,-0.3095557,-1.400769,-0.91508025,0.48273838,-1.2448031,-1.164784,-1.7572908,3.4680715,126
1.0400985,0.36081854,-2.3980794,-3.0609517,0.7591356,0.7010362,-0.7933316,3.5354767,-0.3071766,-1.4923162,-0.9211136,0.4658354,-1.2977608,-1.0905991,-1.8110206,3.336309,126
0.9510732,0.45083588,-2.3271549,-2.9704003,0.81483483,0.55714047,-0.9319385,3.5176275,-0.30851543,-1.4077139,-0.9178912,0.48749256,-1.2536556,-1.1598797,-1.7557094,3.4641929,126
0.9440009,0.47133824,-2.3130438,-2.9648557,0.8084996,0.5716865,-0.9321776,3.5159745,-0.3091377,-1.3942912,-0.91009206,0.47597098,-1.2347304,-1.1682396,-1.7614357,3.4636662,126
0.9549599,0.4645975,-2.3191748,-2.9730167,0.8045267,0.580829,-0.9215384,3.512998,-0.30744082,-1.401237,-0.9094906,0.47506732,-1.2394235,-1.1608672,-1.765871,3.4498565,126
0.9470776,0.47989562,-2.307543,-2.965413,0.8027111,0.5833517,-0.92723495,3.5131843,-0.30850923,-1.3887597,-0.90530926,0.46963668,-1.2264363,-1.1694372,-1.7657864,3.4557276,126
0.92264766,0.48097402,-2.3028812,-2.950924,0.8165877,0.5515282,-0.95248234,3.5219417,-0.31168061,-1.3830745,-0.91326475,0.481398,-1.2273622,-1.1826105,-1.750597,3.489109,126
0.9485931,0.4561183,-2.3233669,-2.9687152,0.81354165,0.55937606,-0.9326731,3.51674,-0.3084759,-1.404146,-0.9161755,0.48551077,-1.2485585,-1.1625056,-1.7562728,3.4641,126
0.9599114,0.45860156,-2.326708,-2.9775934,0.8067299,0.57331944,-0.9210948,3.51446,-0.3062299,-1.4067197,-0.91257447,0.48074996,-1.245726,-1.1598232,-1.7625465,3.4507334,126
0.9411611,0.45887244,-2.3205082,-2.9638243,0.81593883,0.55573636,-0.9383342,3.5197172,-0.31011343,-1.4012613,-0.91680056,0.48467404,-1.246518,-1.1658561,-1.755208,3.4734259,126
0.94326085,0.4723114,-2.312512,-2.9643364,0.80861175,0.57139677,-0.93283165,3.5163188,-0.30925286,-1.3935895,-0.90997005,0.47574115,-1.2339947,-1.1690035,-1.7612929,3.4647462,126
0.72947145,0.40730047,-2.1640475,-2.6150208,0.80969477,0.35256958,-1.0924346,4.1778426,-0.6652362,-1.4092351,-1.177661,0.48529303,-1.4876848,-0.93129164,-1.4323347,3.6620243,126
0.68869066,0.38912386,-2.1453812,-2.6009927,0.8099961,0.3356807,-1.1235118,4.199755,-0.69639003,-1.4020424,-1.1854537,0.50834364,-1.4935405,-0.932271,-1.3920224,3.6707916,126
0.7695683,0.33254334,-2.2259543,-2.656539,0.8072933,0.3208822,-1.0836632,4.1525435,-0.68037134,-1.4126147,-1.1943396,0.49459952,-1.5383081,-0.8671444,-1.4145896,3.5833526,126
0.8231608,0.3816221,-2.3062837,-2.7304845,0.8107213,0.36977214,-1.0453173,4.0967574,-0.5628446,-1.4717647,-1.2517502,0.4683324,-1.527764,-0.96843857,-1.6140084,3.7007687,126
0.90711194,0.21588653,-2.4052267,-2.8107667,0.8309134,0.35139826,-1.0890522,3.9994776,-0.54630464,-1.5159981,-1.3274534,0.5158389,-1.672199,-0.93433946,-1.7039118,3.6945682,126
0.78236157,0.34855193,-2.2402153,-2.6539102,0.7952726,0.35852692,-1.0134069,4.1427774,-0.6399726,-1.4327562,-1.1959097,0.46826285,-1.5039369,-0.88102025,-1.4814913,3.5882704,126
0.6639898,0.14372176,-2.3987145,-2.6368427,0.74020064,0.33518782,-0.85298103,4.1433535,-0.6517368,-1.5480864,-1.360975,0.44584435,-1.5382379,-0.8198624,-1.5912173,3.5352051,126
0.7225157,0.3831004,-2.1813064,-2.6114244,0.79714215,0.3701777,-1.0465927,4.167495,-0.65437424,-1.4221147,-1.186867,0.4709949,-1.4786172,-0.9171277,-1.4658966,3.6435297,126
0.79099953,0.25481832,-2.3541713,-2.7467365,0.8226173,0.31514624,-1.0994666,4.092597,-0.6139563,-1.4883883,-1.3070459,0.5228517,-1.597456,-0.9331927,-1.5920329,3.6889222,126
0.99831945,0.21660168,-2.4759014,-2.8460054,0.78820705,0.43197352,-0.9727199,4.0133653,-0.5076484,-1.5503554,-1.3674154,0.47399098,-1.6777881,-0.95658964,-1.817719,3.7203815,126
0.8636976,0.2281789,-2.4177341,-2.7871609,0.81277204,0.3449605,-1.0495619,4.065418,-0.5836892,-1.5164738,-1.3327038,0.50266963,-1.6287678,-0.92912966,-1.6779006,3.6883295,126
0.7933847,0.44693497,-2.1853302,-2.620277,0.8100641,0.3976049,-1.0430275,4.1525464,-0.6224543,-1.4209802,-1.1568172,0.43250984,-1.4799163,-0.9355322,-1.510498,3.673375,126
0.80990696,0.34144902,-2.3067732,-2.6955876,0.8016373,0.3830955,-0.9963407,4.0939856,-0.5956164,-1.4737842,-1.226985,0.4430369,-1.5225569,-0.9038573,-1.5914357,3.6203358,126
0.7966649,0.32510948,-2.2708635,-2.6710277,0.78583753,0.3647617,-0.9833601,4.136846,-0.6317622,-1.4457524,-1.2138965,0.4643638,-1.5129582,-0.8705006,-1.5027442,3.5701945,126
0.72203106,0.38185343,-2.218324,-2.6553512,0.8184351,0.3388567,-1.1082928,4.1486416,-0.63973993,-1.4347532,-1.2184669,0.4901641,-1.5080929,-0.94884515,-1.4866421,3.6903121,126
0.77548796,0.39151374,-2.2118263,-2.6258173,0.79789054,0.3890471,-1.0140173,4.150593,-0.63753617,-1.436007,-1.1795765,0.4464398,-1.4875195,-0.90835595,-1.503901,3.6298325,126
0.45073813,0.14542408,-2.1904247,-2.3513453,0.8681216,-0.122281715,-1.4009633,4.2467422,-1.0522997,-1.4926957,-1.3340516,0.65841985,-1.7027092,-0.57123816,-1.0708125,3.6716237,126
0.42173135,0.168702,-2.1001832,-2.3043132,0.8704796,-0.15263474,-1.4450722,4.2132945,-1.0549804,-1.4459815,-1.2900877,0.67947614,-1.6797782,-0.5567054,-0.98127604,3.6254628,126
0.37852734,0.0725275,-2.2277114,-2.335402,0.79103494,-0.12557559,-1.2707326,4.2113547,-1.0418246,-1.4680705,-1.3211329,0.61932427,-1.6487777,-0.5011575,-1.011472,3.5324972,126
0.68465656,0.13431138,-2.4200892,-2.6685343,0.8478099,0.05073437,-1.281935,4.0600004,-0.82510793,-1.5168293,-1.4137592,0.55061036,-1.7491044,-0.63771904,-1.4828658,3.7216313,126
0.69541144,0.053328417,-2.5861645,-2.8169627,0.86701286,0.056121692,-1.2583334,3.8707886,-0.67992246,-1.5199084,-1.4133115,0.46296293,-1.7693332,-0.613828,-1.5949297,3.6781602,126
0.39996833,0.08437045,-2.2330205,-2.300015,0.7572671,-0.06383498,-1.1639228,4.243189,-1.0371282,-1.4948199,-1.3444757,0.59457654,-1.6122478,-0.51399374,-1.1032069,3.5673566,126
0.348875,-0.11010433,-2.6268837,-2.5796728,0.66575944,-0.026333872,-0.89842266,4.251549,-0.8777082,-1.6578577,-1.6274716,0.4782099,-1.6523558,-0.6078053,-1.5318522,3.733071,126
0.3725872,0.1728584,-2.0512295,-2.14927,0.7891729,-0.111535065,-1.2563357,4.309262,-1.0829062,-1.4909161,-1.2646294,0.63420564,-1.6116709,-0.53475165,-0.9728032,3.6598597,126
0.60783654,0.048620522,-2.4835863,-2.731946,0.8741478,-0.017226845,-1.3132436,3.9486775,-0.7313578,-1.527073,-1.42901,0.55955523,-1.7527801,-0.62902313,-1.4777577,3.699147,126
0.7028151,-0.060837656,-2.8240802,-2.8944283,0.7920122,0.17334087,-0.995294,4.0979695,-0.7373381,-1.6375548,-1.5769217,0.39985222,-1.794536,-0.6819253,-1.8322551,3.8901758,126
0.6243855,0.009120145,-2.6157262,-2.801457,0.8195137,0.050897256,-1.2054164,4.0311446,-0.7724251,-1.5630543,-1.4826998,0.49998635,-1.7659537,-0.62123126,-1.5579846,3.7290149,126
0.42853922,0.16497368,-2.1532753,-2.1947858,0.83491707,-0.10101393,-1.2736626,4.419088,-1.1239785,-1.5744845,-1.2982287,0.63103104,-1.6952693,-0.5701382,-1.0458293,3.8043375,126
0.54782647,0.044271164,-2.460576,-2.5803394,0.7727721,0.03570129,-1.1442714,4.166538,-0.90249217,-1.5599719,-1.4575487,0.512236,-1.7170975,-0.59816796,-1.4529824,3.6972103,126
0.4820645,0.015387291,-2.3995776,-2.5036845,0.7359626,-0.000580227,-1.1200933,4.171198,-0.95479774,-1.5233691,-1.4475145,0.56339186,-1.6725882,-0.5427972,-1.2969737,3.5709536,126
0.59983975,0.15798245,-2.301541,-2.5751815,0.89434576,-0.05323776,-1.4162159,4.0127544,-0.85463715,-1.4786185,-1.3522747,0.5945163,-1.7396945,-0.62332916,-1.3280597,3.6631408,126
0.516656,0.10315593,-2.3140454,-2.4250336,0.796741,-0.020505492,-1.2210546,4.240378,-1.0134758,-1.5332196,-1.3835362,0.5752898,-1.7031361,-0.5699767,-1.2509503,3.678803,126
0.100712314,0.23512551,-2.6628563,-2.7097745,0.86654055,-0.5740353,-1.9346297,3.9784837,-1.2274928,-1.6736913,-1.3750216,0.4833538,-1.6285764,-0.330059,-1.0980456,3.625552,126
0.17071564,0.3047507,-2.5366805,-2.6323795,0.9015688,-0.6491757,-2.054035,3.869468,-1.218417,-1.6091125,-1.2889163,0.5077018,-1.6712216,-0.2967498,-0.9372343,3.5324507,126
0.43186957,0.53477114,-2.9663906,-1.3446226,0.50691676,-0.9330373,-1.3288233,4.1384087,-1.0757902,-3.1275434,-0.99180514,0.36887413,-2.2671134,-0.25944334,0.095620215,3.9785094,84
0.23340176,0.59475756,-2.0708532,-2.36655,0.24137989,-0.57171196,-1.2666252,3.4552305,-0.75463194,-1.7046034,-0.8722602,-0.005820766,-1.6445322,-0.27422127,-0.45488736,3.5860474,81
0.2438565,0.32968274,-2.2441118,-2.3194056,0.3690947,-0.69554025,-1.342047,3.559667,-0.7992339,-1.7958146,-1.007446,0.09371735,-1.8556224,-0.2838557,-0.36738068,3.613313,81
0.47089916,0.49204275,-2.5651042,-1.3924475,0.37060598,-0.8283326,-1.1030408,4.171842,-0.8767427,-2.9335668,-1.10448,0.3822826,-2.1634743,-0.3598347,-0.13616511,4.265014,84
0.12756653,-0.01916817,-3.2128732,-3.1469002,0.5468222,-0.3415435,-1.237575,3.8717544,-0.9523921,-1.7397933,-1.5251654,0.2824663,-1.6144462,-0.3890611,-1.3821113,3.5427191,126
0.13920496,0.30922517,-2.6314304,-2.4888868,0.80963504,-0.602955,-1.8524704,4.0837417,-1.264583,-1.7992638,-1.3078781,0.49243844,-1.6465297,-0.2981656,-0.93993646,3.6358054,126
0.2880072,0.47567067,-2.2930603,-1.9835678,0.40137437,-0.8571951,-1.4577587,3.7164004,-0.8984251,-2.1517067,-0.9966297,0.20152615,-2.022472,-0.27868584,-0.12618855,3.779697,81
-0.083926626,0.19996274,-2.4895365,-2.9090629,0.1974628,-0.4570041,-1.0812466,3.4911432,-0.8185183,-1.5940446,-1.148705,-0.08754026,-1.4984242,-0.32114422,-0.872958,3.4737403,81
0.28727317,0.057038397,-3.0170524,-3.1218796,0.73027945,-0.3425207,-1.5994058,3.6531205,-0.90084195,-1.5960078,-1.3761017,0.23757075,-1.6824327,-0.36028013,-1.3230584,3.5487778,126
0.11686884,0.28815365,-2.7745519,-2.512372,0.80135334,-0.5710912,-1.7654986,4.2285843,-1.2900329,-1.9426339,-1.3793259,0.46339566,-1.6384189,-0.3137083,-1.1381826,3.8085737,126
0.019775406,0.19168979,-2.2178297,-2.1915712,0.2355501,-0.5230084,-1.0170143,3.9464765,-0.9248984,-1.9626915,-1.1916885,0.18436004,-1.7345449,-0.30553812,-0.58361804,3.8067608,81
0.03481543,0.054889686,-2.90582,-2.8867574,0.6110532,-0.40040502,-1.4820814,3.9177463,-1.1108102,-1.667023,-1.4460282,0.3610698,-1.5632653,-0.27736548,-1.1572793,3.3885868,126
0.2289174,0.60440993,-2.3060894,-1.8583695,0.42978606,-0.9240234,-1.631855,3.7118988,-0.9728594,-2.252463,-0.8919188,0.20760264,-2.0146675,-0.33044297,-0.049322292,3.8113418,81
0.075581,0.17837934,-2.814398,-2.8001475,0.6841302,-0.40861547,-1.5704432,3.983452,-1.1443315,-1.6740568,-1.4201775,0.32475662,-1.492795,-0.30485258,-1.3119307,3.529202,126
0.41078466,0.7312098,-2.9535773,-2.011764,0.39441183,-0.82517046,-1.8352556,3.72674,-0.93218267,-2.8449576,-0.9738927,0.15393294,-2.0716875,-0.36191532,-0.47396854,4.0625734,81
0.60240304,0.84210205,-2.9287648,-1.8928117,0.45377144,-0.9617574,-1.9122181,3.6439295,-0.8485745,-2.9155889,-0.87205774,0.10964884,-2.2324522,-0.42206448,-0.27398205,4.1476927,81
0.7266829,1.0558586,-3.9541285,-1.3020494,0.47309938,-1.3196155,-1.3483174,4.1399693,-0.7000222,-4.0918674,-0.8130566,-0.16155714,-2.6878068,-0.44576058,0.42720777,4.6088266,84
0.66768914,1.1025908,-3.081663,-1.6331524,0.17148155,-0.7939131,-1.5476348,3.0786915,-0.33276457,-3.2745416,-0.6978419,-0.08129788,-1.8766787,-0.50351113,-0.7561914,4.160605,81
0.566253,0.8327585,-2.8592932,-1.5390354,0.25180572,-0.7437532,-1.3729944,3.25794,-0.49205726,-2.9295788,-0.65475947,-0.058174998,-1.8685441,-0.59041625,-0.39964697,4.145971,81
1.041995,1.1469883,-3.831996,-0.9579884,0.48327562,-1.2500862,-1.4539819,4.088652,-0.7203123,-4.4208784,-0.8186889,-0.000103995204,-2.8488364,-0.3681398,0.37644196,4.5058093,84
0.023386538,0.1539861,-3.1707902,-2.277036,0.16152239,-0.553035,-0.75119525,3.2911916,-0.5816088,-2.3634212,-0.96205264,-0.017372295,-1.4825108,-0.5020797,-0.8546084,3.8683774,81
0.12605841,0.8167764,-3.0301588,-2.4843135,0.27323085,-1.0027452,-1.8121405,3.5678842,-0.84959936,-2.5765781,-0.90242445,-0.07664311,-1.8956939,-0.37421328,-0.3616174,3.8734982,81
0.7391761,0.9702826,-3.2335653,-1.3529198,0.40209255,-1.0454856,-1.469634,3.6220374,-0.58005,-3.4501595,-0.67616785,-0.06983803,-2.3339803,-0.5287342,0.07324366,4.3906007,84
0.3035981,0.52816963,-2.933721,-2.2445693,0.21333194,-0.40745604,-1.0643146,3.2472072,-0.52954865,-2.3605886,-0.90343195,-0.07887102,-1.407212,-0.5488155,-1.1223502,4.054724,81
0.012331769,0.1961186,-2.9285026,-2.8438482,0.5288987,-0.5362372,-1.297548,3.3575733,-0.7027778,-1.7698922,-0.9599219,-0.065193936,-1.4140028,-0.6043558,-1.0136057,3.9601219,81
0.40739697,0.47870144,-3.2221897,-2.5231247,0.6041535,-0.39952895,-1.7830215,3.5351727,-0.9779943,-2.4352982,-1.1687493,0.28739274,-1.6184086,-0.30186164,-1.6380777,3.8250117,81
0.56548476,1.0170019,-3.1174147,-1.2380852,0.09665629,-0.7031511,-1.3849034,3.1287823,-0.54481834,-3.490766,-0.7302406,-0.005723387,-1.8561095,-0.43433982,-0.73375577,3.8945303,81
0.17640768,0.60838264,-3.237136,-2.0190573,0.07167217,-0.6684095,-1.2468667,3.379329,-0.70053023,-2.966893,-0.92932236,0.040976807,-1.7442316,-0.41629595,-0.66160077,3.8877785,81
0.80953807,1.059369,-3.5880158,-1.6494472,0.5687351,-1.4135737,-1.8065412,4.1832275,-0.7842983,-3.6105309,-0.8328085,-0.1969705,-2.733535,-0.5232878,0.40494686,4.647645,84
0.09142573,0.74844944,-3.1298625,-2.3299296,0.16674325,-0.67367184,-1.3665731,3.2213259,-0.58559376,-2.66085,-0.87012565,-0.11935325,-1.4865149,-0.4570471,-1.051358,3.8740394,81
0.5114403,1.3618717,-3.127325,-1.622431,0.12704378,-0.97010314,-1.9086978,3.1209376,-0.35876876,-3.4538767,-0.7177392,-0.29704607,-1.9278435,-0.42584667,-0.5508918,3.9780672,81
0.8062579,1.3056469,-3.016119,-1.3498986,0.28812343,-0.9943871,-1.7455287,2.9304056,-0.16427849,-3.436981,-0.67701864,-0.18669994,-2.0224872,-0.57777184,-0.59330964,4.176619,81
0.42820638,1.2874929,-3.3076994,-1.6025125,0.11723372,-1.0184308,-1.3055604,3.2933836,-0.26974922,-3.392282,-0.6455273,-0.49847448,-2.053628,-0.34728822,0.12475419,3.921494,84
0.51578337,1.2003791,-3.0562615,-1.5384355,0.106805354,-0.86361593,-1.6726375,3.037015,-0.2973827,-3.431979,-0.6029647,-0.2588099,-1.9348688,-0.5363054,-0.4663815,4.154456,81
0.7397028,1.0563296,-3.3901708,-0.8084051,0.36263254,-0.83342737,-1.1877689,3.240069,-0.16288991,-4.0133486,-0.6473917,-0.06791152,-1.8698745,-0.85087043,-0.9426506,4.7274194,84
0.94909126,1.43831,-3.2295306,-1.2546887,0.21640193,-1.1169333,-1.6511085,3.4538698,-0.32089484,-3.8924704,-0.7495086,-0.29300076,-2.5288124,-0.2195269,0.23438951,4.041959,84
0.17689969,0.37001008,-3.058372,-1.5327028,0.048272192,-0.48460644,-0.59886,3.1173086,-0.4847151,-2.762765,-0.76667595,-0.11350259,-1.4972471,-0.60454994,-0.5817602,3.8577442,81
0.5008151,1.3006366,-2.8521547,-1.9967779,0.043281645,-0.8920365,-1.7484612,3.009237,-0.20611592,-2.960216,-0.7445551,-0.34562382,-1.8218466,-0.3237146,-0.48783502,3.711906,81
0.84278506,1.1763124,-3.500244,-1.0875871,0.37251434,-1.016476,-1.3557265,3.5195477,-0.1992537,-4.0578218,-0.6763668,-0.1918158,-2.2506964,-0.68751526,-0.32788175,4.7096066,84
0.53873545,0.78891724,-3.0613778,-1.118254,0.10951486,-0.33460265,-1.0267873,2.7555256,-0.29500657,-3.452321,-0.73237216,0.083728984,-1.4839312,-0.82163566,-1.3320751,4.283285,81
0.065121695,0.22129968,-2.5422373,-2.2236655,0.4594905,-0.34621125,-1.0490078,3.248752,-0.6481511,-1.8385762,-0.85524666,0.0054202527,-1.306131,-0.7955443,-0.82628345,4.0234466,81
-0.16730104,0.5013445,-2.6947196,-3.318253,0.31539834,-0.68785024,-1.7436457,3.0419402,-0.6553113,-1.7763346,-1.1498911,-0.15738314,-1.4423445,-0.14629115,-1.2262251,3.328768,126
0.4194584,1.3885819,-3.22443,-1.373374,-0.11878646,-0.7362342,-1.5162542,2.850086,-0.17729951,-3.8236706,-0.7117542,-0.29948193,-1.6532093,-0.4662523,-1.0296462,3.972875,81
0.43775928,1.0305772,-3.0695214,-1.1099283,-0.08095759,-0.4789663,-1.015075,2.7679877,-0.307275,-3.4323502,-0.66815335,-0.11880209,-1.4760664,-0.46539176,-0.8478359,3.7076812,81
0.7955724,1.1977351,-3.2859278,-1.6072826,0.3763787,-1.1964048,-1.545413,3.6725261,-0.30880898,-3.47907,-0.69248366,-0.39135963,-2.4675891,-0.5922683,0.24422118,4.522107,84
0.41453803,1.1099524,-2.9866493,-1.7144794,-0.017152011,-0.6275876,-1.3361354,2.8605838,-0.13696079,-3.1629875,-0.7491933,-0.22621116,-1.4962623,-0.48671448,-1.0302384,3.8818197,81
0.39071345,1.3165319,-2.9151583,-1.6281208,-0.027330756,-0.9365547,-1.8525054,2.764576,-0.25274402,-3.3836303,-0.6373875,-0.4147911,-1.9659325,-0.2683593,-0.35127512,3.6525846,81
0.6327993,1.201627,-2.815854,-1.2000315,0.23732913,-1.008772,-1.6813073,2.606177,0.07964273,-3.5193217,-0.596115,-0.27759632,-2.0762277,-0.5454283,-0.46942657,4.0381656,84
0.31939173,1.3150699,-3.1667633,-1.5593909,0.0009809136,-1.0303928,-1.2136471,2.826483,0.046388164,-3.405949,-0.5949659,-0.6208827,-1.9247847,-0.2873122,-0.053428456,3.6500778,84
0.42977315,1.1011885,-2.9078457,-1.3317306,0.1105769,-1.0402228,-1.6754618,2.6422527,-0.0914651,-3.5472708,-0.5453044,-0.28189334,-2.17248,-0.4745377,-0.08443612,3.9272988,84
0.6183203,0.96326077,-3.0771015,-1.2464881,0.2491984,-0.9865223,-1.4682059,3.0218115,-0.05232592,-3.7386546,-0.68806154,-0.20157781,-2.3267455,-0.5780167,-0.151973,4.312088,84
0.7144747,1.6404523,-3.0498137,-1.5995685,0.0871605,-1.240784,-1.8636904,2.8454926,0.05792989,-3.600793,-0.73175627,-0.56702137,-2.2883184,-0.11871576,-0.006884709,3.7174602,84
0.38583463,0.45830324,-2.956014,-0.8108342,0.03224741,-0.4586056,-0.45050347,2.6176362,-0.1566763,-3.2511168,-0.6147543,-0.1269854,-1.6178035,-0.6856884,-0.5580704,3.9106927,84
0.45882356,1.1523429,-2.332384,-1.558438,0.009136379,-0.8143928,-1.5110035,2.438117,0.1490247,-2.8673668,-0.7045087,-0.30634177,-1.8019863,-0.3405428,-0.5949541,3.6928709,81
0.7409146,1.1914691,-3.1914322,-1.1247612,0.32456264,-1.1237862,-1.4309533,3.1308513,0.0151889175,-3.8501408,-0.6575506,-0.32695547,-2.343802,-0.49609703,-0.009826653,4.255761,84
0.354941,0.61451435,-2.8792243,-1.5347986,0.07347144,-0.776056,-1.6934614,2.792666,-0.44532073,-3.5337303,-0.79310423,0.07603161,-2.3671465,-0.4241615,-0.2848221,3.970286,81
0.25898808,0.2951283,-2.4405937,-1.5795099,0.41334936,-0.48956278,-1.0284919,2.9065928,-0.27199054,-2.5029168,-0.7307277,0.05650349,-1.6709319,-0.849199,-0.6018397,4.2121177,81
-0.28217804,0.41719103,-2.3004038,-3.594534,0.16786793,-0.7793935,-2.110107,2.664399,-0.69749004,-1.4788237,-1.0869699,-0.23754919,-1.738236,0.0743932,-0.60520995,2.7870893,126
0.15788494,1.3868431,-2.8255498,-1.6488622,-0.28614536,-0.77095157,-1.7864375,2.3069806,-0.16630836,-3.3524373,-0.59475553,-0.47279686,-1.6691464,-0.18256474,-0.6435331,3.2458053,81
0.08180489,1.071819,-2.7740324,-1.2580861,-0.2738858,-0.6022805,-1.2737598,2.270735,-0.21838914,-3.2758586,-0.6158636,-0.3590933,-1.4685512,-0.23555045,-0.6547466,3.1679723,81
0.675754,1.2269742,-3.0073268,-1.2489419,0.3317922,-1.2162243,-1.3378417,2.9101617,0.1754767,-3.4319732,-0.59182614,-0.4973719,-2.1979246,-0.56891835,-0.05565016,4.1982584,84
0.28517604,0.81899166,-2.7748587,-1.8898184,0.010180846,-0.8363864,-1.703733,2.9815934,-0.50012356,-3.036992,-0.69408816,-0.2268881,-2.1679926,-0.24049373,-0.015859924,3.6738114,81
0.31765378,1.3696694,-2.9332364,-1.5297168,-0.15158571,-0.9034516,-1.7878513,2.4237216,-0.11293994,-3.5852938,-0.625697,-0.44721657,-1.9530276,-0.24788961,-0.43136021,3.474278,81
0.78528744,1.06283,-3.0088227,-0.99821794,0.34592417,-1.0581731,-1.4483931,2.886675,0.18183017,-3.994944,-0.7280065,-0.15110222,-2.451527,-0.5939649,-0.31591174,4.511275,84
0.37662947,1.3098228,-3.1138914,-1.4579155,-0.017550468,-1.0291884,-1.31812,2.5497723,0.093979314,-3.4684517,-0.569806,-0.6439592,-1.9528034,-0.27066344,-0.14927527,3.478362,84
0.39475626,0.90753937,-3.002243,-1.2643054,0.23803946,-1.075504,-1.706099,3.01573,-0.19964363,-3.8643868,-0.7153232,-0.073157825,-2.4041815,-0.60395074,-0.08602174,4.4424443,84
0.422673,0.9268935,-2.767767,-1.2873311,0.17595175,-1.0808328,-1.6737907,2.9004066,-0.14842562,-3.6098418,-0.7318997,-0.27227062,-2.3819087,-0.4555791,0.008437946,3.9918106,84
0.6430862,1.6442115,-2.8656142,-1.7330823,0.016690776,-1.1256495,-2.048986,2.575859,0.06995097,-3.3716352,-0.8205222,-0.6106979,-2.1716623,-0.21342143,-0.37101662,3.7128053,81
0.33572495,0.350047,-2.9077427,-1.443779,0.007557124,-0.81462586,-0.8687051,2.853827,-0.2696547,-3.1216166,-0.7333014,-0.29387704,-2.397911,-0.35268727,0.39115143,3.7231822,84
0.39433688,1.108573,-2.532152,-1.07729,0.018452615,-0.9577655,-1.489217,1.9612778,0.45275646,-3.594381,-0.66023976,-0.1913677,-1.9985301,-0.43959805,-0.69579244,3.836595,81
0.5181034,1.1880214,-2.6675594,-1.0388623,0.16557193,-1.0417119,-1.5665145,2.583576,0.07175115,-3.5114968,-0.58443666,-0.4193666,-2.156245,-0.41256103,-0.0892124,3.7475333,84
0.24163033,0.48408857,-2.8266432,-2.0799603,0.053599283,-0.91609013,-1.9527779,3.2580035,-0.81123817,-3.3168356,-1.0505311,0.078584656,-2.6882892,-0.10188794,0.15464115,3.8369703,81
0.36513853,0.26622283,-2.0934467,-1.492601,0.32436794,-0.85130894,-1.1252558,2.5233912,0.1737705,-2.6834428,-0.86311316,-0.022882596,-2.2351022,-0.51910883,-0.14776042,3.9147604,81
-0.41270578,0.38333905,-2.345016,-3.896265,0.07120299,-0.95595443,-2.5401912,2.9673684,-0.92753613,-1.5542285,-1.2424784,-0.22601935,-2.18547,0.094821095,0.06294523,2.8252246,126
0.23121955,1.3549498,-3.0340123,-1.9690918,-0.29514366,-0.7829407,-1.9994249,2.550275,-0.29465127,-3.6222527,-0.7820849,-0.36836547,-2.0379868,-0.18638764,-0.6543903,3.6075263,81
0.027984723,1.0865505,-2.736094,-1.6474915,-0.39496726,-0.6517002,-1.5315948,2.2182403,-0.29913145,-3.188984,-0.7020396,-0.45254594,-1.7612524,-0.030161351,-0.39111698,2.9163682,81
0.5852709,1.1079681,-2.5819242,-1.0215018,0.32120162,-1.0781088,-1.2856569,2.6521943,0.22021015,-3.0926685,-0.59226274,-0.53987026,-2.037158,-0.53820133,-0.14668062,3.9514866,84
0.28371543,0.64860386,-2.759972,-1.9476476,-0.0035574734,-0.9875923,-1.7307103,3.0032637,-0.5904647,-3.1200848,-0.7759594,-0.20069912,-2.5118995,-0.13362934,0.35570458,3.6645613,81
0.3602963,1.4552258,-3.0483468,-1.7112609,-0.26768076,-0.78092986,-1.8221049,2.4981146,-0.1308014,-3.7912757,-0.7803852,-0.4345262,-2.0577605,-0.33500808,-0.63480574,3.6394258,81
0.95848614,0.96049744,-3.022936,-0.83727276,0.3660061,-0.9755512,-1.3271284,3.1411264,0.15173556,-4.3560314,-0.85272735,0.0026179552,-2.7536528,-0.76271677,-0.329534,4.9369764,84
0.43167704,1.2542413,-3.1318462,-1.6376832,0.026789993,-1.0219119,-1.3311975,2.6747587,0.13971643,-3.4698112,-0.7334294,-0.5972527,-2.0385802,-0.35466096,-0.27484345,3.7444327,81
0.6296067,1.0183182,-2.9869761,-1.2822562,0.2495783,-1.1388125,-1.6129797,3.0013483,0.018526793,-3.927075,-0.83476704,-0.21054038,-2.494922,-0.64091355,-0.24663484,4.491753,84
0.5458621,0.963008,-2.732163,-1.3393455,0.2605067,-1.200521,-1.5590806,2.9465744,0.08523202,-3.5094318,-0.858363,-0.39908624,-2.3462038,-0.5164081,-0.13509962,4.193228,84
0.7229288,1.7397112,-2.8893003,-1.7953874,0.07115643,-1.0285665,-1.9396367,2.57932,0.24812801,-3.3389792,-0.9049959,-0.68245775,-2.0702925,-0.32332215,-0.6282842,3.809002,81
0.35413074,0.25162703,-3.0445962,-1.6189945,-0.06521281,-0.885981,-0.7883632,3.251897,-0.30784243,-3.3786843,-1.0073504,-0.33545446,-2.7625222,-0.309728,0.50776166,4.0210643,84
0.5990511,1.2191417,-3.1056595,-0.5105098,0.10285011,-0.9358274,-1.4518981,2.0723953,0.62946856,-4.911589,-0.81467414,0.13127132,-2.2085783,-0.80051225,-1.3563159,4.7629256,81
0.53616005,1.2374969,-2.6060786,-1.1959779,0.20835629,-1.173186,-1.5288911,2.6171904,0.30425155,-3.3102145,-0.75543857,-0.5991454,-2.0775454,-0.4296021,-0.16757038,3.7785525,84
0.37252462,0.6881422,-2.9877093,-2.008884,0.018049687,-0.9761005,-1.9018245,3.158779,-0.6185194,-3.6209207,-1.059581,-0.0061475486,-2.6626415,-0.19850236,-0.124108516,4.009244,81
0.29992348,0.120814174,-2.1546586,-1.5638133,0.45657024,-1.1875736,-1.379152,2.948442,0.1466095,-3.0343134,-1.1156656,0.04239191,-2.6979082,-0.5166953,0.103927106,4.2179575,84
-0.17920715,0.43633837,-2.4883857,-4.0113454,0.04157956,-0.8448166,-2.5598168,3.6320708,-1.1233598,-1.7399431,-1.3600498,-0.26583308,-2.5311623,-0.024813503,0.32103133,3.3849957,126
0.36234856,1.3857852,-3.0674815,-1.9672828,-0.18447882,-0.8224066,-1.9634662,2.6533625,-0.19179071,-3.6354375,-0.8933192,-0.36596072,-2.025689,-0.20827642,-0.79467994,3.6313138,81
0.12933694,1.0725038,-3.2191675,-1.9446216,-0.39548358,-0.6709983,-1.592761,2.780279,-0.37517798,-3.7105403,-1.0445484,-0.34474367,-2.0809944,-0.16908616,-0.64405924,3.5660532,81
0.584749,1.0825616,-2.4659567,-1.121038,0.31461263,-1.1163357,-1.2138772,2.751564,0.38352183,-3.0354245,-0.77305996,-0.6165194,-2.0755794,-0.52973336,-0.15524127,4.0230713,84
0.43371743,0.7384671,-3.0118916,-1.9344969,0.06342164,-0.9804171,-1.821991,3.3261242,-0.58719,-3.552372,-0.98079085,-0.112126306,-2.640181,-0.24513498,0.10129811,4.140775,84
0.37175363,1.5257622,-3.0216477,-1.9280322,-0.19307795,-0.77439314,-1.951621,2.7679286,-0.09488855,-3.7369385,-0.88321275,-0.42754486,-2.0578308,-0.4425666,-0.8084333,3.8284602,81
1.0194259,0.87601537,-2.8595862,-0.84263146,0.5140891,-1.1540883,-1.2620647,3.5291092,0.22195534,-4.26997,-1.0616341,-0.039899006,-2.9413815,-0.74347895,-0.105081365,5.0138273,84
0.503659,1.1363274,-3.1444721,-1.7100861,0.09715691,-0.91444165,-1.3901315,3.137637,-0.054203138,-3.5471976,-0.8633549,-0.44632602,-2.1596143,-0.53420013,-0.41541094,4.296449,81
0.669505,1.0006555,-2.8890054,-1.4195259,0.30324936,-1.3148013,-1.4906521,3.184972,0.1959239,-3.7376392,-0.9660924,-0.38915223,-2.5679953,-0.63586193,-0.10638172,4.572977,84
0.6356971,0.9260826,-2.6669142,-1.4557931,0.28381318,-1.2881585,-1.3017378,2.9715414,0.28679997,-3.2377317,-0.8900777,-0.5738147,-2.3070457,-0.5609106,-0.12883098,4.292913,84
0.7416665,1.618463,-2.8970952,-1.8768159,0.14888987,-0.92734617,-1.9415135,2.918597,0.13833317,-3.4875464,-1.0456126,-0.4926759,-2.2391002,-0.47426745,-0.7690023,4.1769433,81
0.7503848,0.097823925,-3.2456796,-1.1950705,0.018121228,-0.8697784,-0.2539262,3.6547835,-0.22026391,-3.7338154,-1.1174248,-0.29854208,-2.9421923,-0.47754213,0.39972436,4.735034,84
1.043276,1.3405501,-3.3800902,-0.2264921,0.14277971,-0.9466857,-1.3979533,2.3427129,0.63359946,-5.57907,-0.9069882,0.23166214,-2.6028624,-0.99593467,-1.4591959,5.2607255,84
0.69553816,1.1100962,-2.7573109,-1.3794012,0.31088606,-1.2508681,-1.3951211,3.1673455,0.33051014,-3.4386628,-0.9879275,-0.55217856,-2.358343,-0.5889825,-0.16845167,4.464916,84
0.45873463,0.87724036,-2.8388832,-1.9452128,-0.040343873,-1.0648147,-1.7662375,2.6249645,-0.3116175,-3.3842895,-0.91378546,-0.25779358,-2.4270353,-0.1489576,-0.18405302,3.5243971,81
0.60578215,-0.10203444,-2.2624552,-1.5112109,0.6762241,-1.3799981,-1.2259011,4.1903963,-0.20840104,-3.210327,-1.3747826,0.07493071,-3.2993617,-0.56110835,0.7166016,5.0290565,84
-0.19449037,0.35217607,-2.481929,-3.8732471,0.114020586,-0.9323152,-2.5691323,4.144747,-1.2216871,-1.9913844,-1.5473341,-0.072896324,-2.810413,-0.06088779,0.51895696,3.8768601,81
0.3996182,1.3277779,-2.9393334,-2.2535884,-0.07476964,-0.854072,-2.0197284,3.092684,-0.28695852,-3.4330142,-1.0176915,-0.34761715,-2.1795163,-0.30052608,-0.7128597,3.9504607,81
0.22613062,1.0096804,-3.2047536,-1.8790283,-0.34326288,-0.6216542,-1.5411348,2.8993905,-0.43784463,-3.661846,-1.0784659,-0.30933136,-2.0578256,-0.20765865,-0.74528986,3.605547,81
0.68572235,1.0273029,-2.5332944,-1.1896131,0.35821882,-1.2121133,-1.190767,3.1144927,0.48291528,-3.2518055,-1.0035095,-0.602056,-2.3213446,-0.6184553,-0.12241444,4.437936,84
0.60143024,0.9958199,-3.022901,-1.9206576,-0.03425601,-0.93177116,-1.7205062,3.0503063,-0.3700468,-3.6337564,-0.96079344,-0.27852243,-2.5224774,-0.30685765,-0.2618965,4.052916,81
0.2285992,1.5366931,-2.7642932,-1.9262962,-0.23983514,-0.68159926,-2.0053604,2.797533,-0.16855554,-3.4635248,-0.82209134,-0.49120235,-1.9383551,-0.39552495,-0.6523032,3.5836422,81
0.95452696,0.9555736,-2.4447064,-0.65052915,0.46686402,-1.370123,-1.2221525,3.1464045,0.48420352,-3.7632668,-1.0851028,-0.39406183,-2.7736979,-0.5223793,0.16812053,4.299211,84
0.4456845,1.06865,-2.7679234,-1.4587661,0.04856138,-0.8001332,-1.342655,2.948682,-0.02555789,-3.2716713,-0.78118956,-0.4837855,-1.994044,-0.500263,-0.3506933,4.0482087,84
0.70499307,0.8994749,-2.6998382,-1.130358,0.35658112,-1.3570781,-1.269769,3.243991,0.26348722,-3.5568914,-0.9489574,-0.4761228,-2.539867,-0.5911452,0.17735165,4.507179,84
0.6946552,0.74020535,-2.6033003,-1.2913888,0.32130498,-1.3500594,-1.0189731,3.218003,0.34000662,-3.294835,-0.94553286,-0.48091918,-2.431508,-0.5532867,0.09200214,4.5276675,84
0.73011893,1.5251387,-2.7460914,-1.7510805,0.12197137,-0.9205306,-1.8002291,2.8731408,0.2274438,-3.5177634,-1.1099572,-0.4574383,-2.3017924,-0.5147902,-0.8069099,4.2368627,81
0.9598842,-0.097477116,-2.7756832,-0.88201773,0.03276001,-0.8384892,0.23560306,3.4210322,-0.06777705,-3.1235535,-1.0020037,-0.48102158,-2.8569932,-0.36353078,0.81874216,4.350671,40
1.1598978,1.4755067,-3.134253,0.027250826,0.09886494,-0.95010823,-1.3131928,2.0607646,0.7864978,-5.461145,-0.8531777,0.097725525,-2.51652,-0.9596682,-1.4420586,4.894737,84
0.7505719,0.95537615,-2.7061002,-1.1923516,0.30656528,-1.2729387,-1.1575809,3.2893677,0.36452338,-3.4834032,-1.021343,-0.4902957,-2.441151,-0.6473018,-0.084713295,4.7136965,84
0.4146557,0.89787185,-2.8277075,-1.8726636,-0.120498255,-0.965027,-1.5294182,2.6960223,-0.26069725,-3.3061442,-0.8882619,-0.35218096,-2.2822921,-0.22683097,-0.16058905,3.5293121,81
0.87020904,-0.07182224,-2.3212183,-0.8558544,0.78190184,-1.6022046,-0.79055303,4.201857,0.11570439,-3.51169,-1.3387215,-0.085770674,-3.3202574,-0.5747593,0.84378713,5.156315,40
-0.14040773,0.26615083,-2.3224173,-3.5896773,0.24783674,-0.8101807,-2.5517948,4.3529043,-1.0363973,-2.2094321,-1.7832531,0.14000784,-2.8472164,-0.27742574,0.26461118,4.0855794,81
0.35384244,1.3257338,-2.8306775,-2.150164,-0.13015126,-0.78917664,-1.9525228,3.114333,-0.23102807,-3.461002,-1.0124633,-0.36298144,-2.1815207,-0.32122266,-0.6106532,3.9151974,81
0.16533665,0.9005658,-2.9136636,-1.9159055,-0.37798685,-0.561794,-1.3989258,2.9676497,-0.4499132,-3.2982154,-1.0767229,-0.37999398,-2.0256455,-0.2132226,-0.5163259,3.4590533,81
0.7703227,0.8827524,-2.503966,-1.0065489,0.38449886,-1.2412511,-0.9199521,3.317747,0.5687343,-3.2653134,-1.116657,-0.5997919,-2.3820322,-0.7384585,-0.12101577,4.8434935,84
0.47010648,1.0776724,-2.7363071,-1.8979621,-0.17897686,-0.6993128,-1.576397,2.8804731,-0.39765394,-3.1667361,-0.8329299,-0.5270237,-2.1474826,-0.35318282,-0.27750885,3.67989,81
0.16801499,1.4499149,-2.568325,-1.6920245,-0.24675244,-0.6381383,-1.9313073,2.7253008,-0.17307736,-3.3723118,-0.76383746,-0.46065593,-1.8867748,-0.3488964,-0.49333668,3.427633,81
0.9148385,0.7911201,-2.373821,-0.4017483,0.52656317,-1.4455006,-1.1141745,3.284296,0.45399737,-3.6443677,-1.2135073,-0.38749403,-2.7164848,-0.5793656,0.26186955,4.4960837,84
0.3643481,0.98251575,-2.5904093,-1.2811761,0.02328971,-0.7466896,-1.22365,2.9874094,-0.030742839,-3.100054,-0.79313964,-0.5296537,-1.8684056,-0.44826874,-0.19989648,3.919859,84
0.9221619,0.7737151,-2.7607815,-0.9063501,0.47977445,-1.4173673,-0.93520045,3.6997557,0.3099823,-3.6747224,-1.0910506,-0.43704858,-2.683631,-0.6147608,0.3202217,5.0210238,84
0.9365801,0.5624084,-2.675887,-1.0386934,0.48528895,-1.4297583,-0.7292607,3.7844517,0.395407,-3.5506258,-1.1609771,-0.34745663,-2.7057703,-0.6044979,0.25635523,5.1565676,84
0.6568228,1.4691283,-2.50943,-1.423256,0.041558817,-0.9687061,-1.6016324,2.6106544,0.43314564,-3.5026627,-1.1073401,-0.5006238,-2.252703,-0.5024709,-0.74808294,4.07133,81
1.3040777,-0.4295654,-2.7879462,-0.68400437,0.3287293,-0.89559054,0.726593,4.3246174,-0.15395953,-3.0291836,-1.2627436,-0.45151532,-3.1506073,-0.38810852,1.3031483,4.997537,40
1.1015077,1.6006204,-2.8762977,0.32809103,0.02221103,-0.9115942,-1.2221127,1.6484604,0.9732453,-5.1851897,-0.7381829,-0.106553525,-2.207805,-0.8252465,-1.3961806,4.3132663,84
0.93828887,0.79915977,-2.7719665,-0.99068284,0.44365367,-1.3411767,-0.8314516,3.8147285,0.42341438,-3.735173,-1.1915226,-0.39604604,-2.6654806,-0.69003147,0.080855444,5.2591853,84
0.41136742,0.7687095,-2.7450461,-1.6172166,-0.118433245,-0.91401625,-1.3760588,2.6581972,-0.30198234,-3.2535644,-0.87226456,-0.28770027,-2.2527428,-0.17283776,0.0028867424,3.4158049,84
1.1843675,-0.031877473,-2.467938,-0.3753262,0.97291017,-1.8106773,-0.39114124,4.3545218,0.4547876,-3.8032784,-1.4386952,-0.16821133,-3.3224812,-0.60074437,0.815486,5.419435,40
-0.28958812,0.4338649,-2.0066657,-3.3774872,0.027036756,-1.0172296,-2.5477397,3.72673,-1.0580378,-1.8932438,-1.5245998,-0.15338239,-2.730852,-0.008410551,0.7135425,3.5220115,81
0.30593526,1.3433173,-2.6120691,-1.7747521,-0.16274214,-0.7421351,-1.8161509,2.8518598,-0.09680466,-3.4421926,-0.91839176,-0.39848116,-2.0647779,-0.25164226,-0.5063694,3.605242,81
0.15001707,0.80791855,-2.7016687,-1.6173985,-0.40033984,-0.5241078,-1.2145789,2.8008654,-0.38146108,-3.2072825,-1.0495415,-0.38466638,-1.9888666,-0.12735564,-0.33662373,3.230451,81
0.96645325,0.65247464,-2.4741812,-0.6040478,0.50389504,-1.253677,-0.55050087,3.70195,0.55785555,-3.3719416,-1.2182343,-0.5012342,-2.5079484,-0.7541304,0.07734071,5.2468586,84
0.38955867,0.9801247,-2.5566115,-1.5363679,-0.117394455,-0.6169551,-1.5202825,2.7708454,-0.46109694,-3.019102,-0.77928215,-0.43869126,-1.9768654,-0.30274403,-0.15306562,3.4686196,81
0.26214522,1.3690581,-2.5165193,-1.5477328,-0.16236587,-0.6904662,-1.7996716,2.8678358,-0.13760246,-3.4166424,-0.8380903,-0.41813403,-1.9970304,-0.33459026,-0.33315754,3.5799534,81
1.0896182,0.5976319,-2.3777275,-0.16013624,0.6338185,-1.4862317,-0.81286603,3.6015375,0.4306447,-3.6197665,-1.3406404,-0.33936107,-2.79966,-0.64443976,0.4264599,4.8952794,40
0.46014428,0.9018286,-2.604657,-1.0541501,0.077598035,-0.80072457,-1.062444,3.1436155,-0.040800706,-3.1583006,-0.8345997,-0.55255514,-1.9395231,-0.3377195,0.056702152,3.8803174,84
1.1557409,0.6372347,-2.7688682,-0.5512316,0.6034659,-1.6333923,-0.5051352,4.068087,0.5867891,-3.9322422,-1.2604609,-0.49318063,-2.9224677,-0.51698613,0.61580825,5.2973795,40
1.29026,0.435699,-2.8647022,-0.73209906,0.68684065,-1.7136372,-0.36272365,4.4217796,0.6758935,-4.0987635,-1.4231546,-0.33811134,-3.1441247,-0.66480255,0.540926,5.753249,40
0.70490676,1.414931,-2.4584374,-1.108269,0.03966865,-1.062813,-1.4400933,2.5719552,0.5819579,-3.6407313,-1.1899002,-0.49372923,-2.349379,-0.48872605,-0.6487936,4.100906,84
1.9363004,-0.70300996,-2.8093226,-0.31777328,0.74447966,-1.0294987,1.1249113,4.960663,-0.027327836,-3.2584386,-1.4406799,-0.33143657,-3.7524178,-0.20446484,1.8463359,5.4973927,106
1.0630773,1.5789562,-2.6844578,0.7149533,-0.029449716,-0.974913,-1.1535323,1.2616658,1.077455,-5.0036144,-0.7514676,-0.17675968,-2.071124,-0.6815133,-1.291148,3.9224768,84
1.2228572,0.6426449,-2.8850915,-0.6600094,0.6492466,-1.6403342,-0.6002611,4.3222766,0.6067771,-4.123747,-1.4511544,-0.36699274,-3.0768256,-0.65993774,0.44111812,5.6361117,40
0.4630869,0.7821519,-2.808384,-1.5874356,-0.06933492,-0.96415955,-1.2415037,2.8485253,-0.17691936,-3.3727195,-1.0081533,-0.30506727,-2.280287,-0.24789159,0.0072164237,3.6729758,84
1.6166804,0.065466724,-2.7927907,0.074915856,1.0422196,-2.0796864,0.03849837,4.5807095,1.0449799,-4.4764643,-1.7136048,-0.32659328,-3.6095927,-0.6132556,0.68976337,5.8689203,40
-0.2569819,0.23611021,-1.4275095,-2.7263036,0.05920221,-0.99913126,-2.1560867,2.9672594,-0.8970597,-1.4209399,-1.4890591,-0.07577889,-2.439149,0.06693147,0.3998627,3.165017,81
0.19325607,1.1947023,-2.3758354,-1.762361,-0.056047022,-0.7378658,-1.5387936,2.8801029,0.020940319,-3.2010348,-1.005934,-0.3486759,-1.9469302,-0.2309645,-0.6477859,3.7156496,81
0.23565392,0.7273632,-2.6895037,-1.4075164,-0.33978346,-0.55797297,-0.9904985,2.8707612,-0.2732818,-3.2984529,-1.1263088,-0.36111546,-2.0434692,-0.11076009,-0.23791954,3.379788,84
1.19603,0.5108462,-2.5118876,-0.16551927,0.60291445,-1.5149058,-0.1465574,3.91514,0.91503245,-3.7119818,-1.397474,-0.516814,-2.779844,-0.6266316,0.34066448,5.4205427,40
0.36523998,0.946887,-2.6539245,-1.4283388,-0.03196937,-0.77117074,-1.3683362,2.8156435,-0.25502568,-3.1474934,-0.8680794,-0.4034738,-1.9689308,-0.29094505,-0.07628861,3.5872955,84
0.43538845,1.3097545,-2.431657,-1.2820106,-0.04625524,-0.7484504,-1.6279948,2.9961858,-0.08638452,-3.466099,-0.8829694,-0.39492413,-2.0986784,-0.34483558,-0.17590557,3.7259963,84
1.2943696,0.5231999,-2.207482,0.39714378,0.65716684,-1.5885732,-0.37487543,3.6451597,0.74824595,-3.6264987,-1.4012777,-0.5153892,-2.8444402,-0.55326074,0.65050364,4.8853006,40
0.7493797,0.87317574,-2.512574,-0.66508126,0.16484064,-0.9834765,-0.78142506,3.1738486,0.21413356,-3.3190699,-0.8674163,-0.6463629,-2.1731524,-0.14857092,0.44703907,3.7577682,84
1.017883,0.5009175,-2.248368,0.08905998,0.59272265,-1.818328,-0.36874595,3.9803364,0.5863351,-3.8694634,-1.2474611,-0.3970682,-3.0505528,-0.2122525,0.859343,5.0051923,40
1.1553377,0.45880073,-2.3301828,-0.08183518,0.4990988,-1.6878219,-0.34114042,3.9305413,0.45235428,-3.8705575,-1.1592073,-0.36086565,-3.073588,-0.27100068,0.74963313,5.142019,40
0.87645274,1.3459162,-2.3705862,-0.6273749,0.13905904,-1.1157871,-1.3020203,2.6308331,0.6187657,-3.7627842,-1.2525728,-0.45574546,-2.4466674,-0.4873965,-0.46758994,4.1149898,84
2.043074,-0.6978053,-2.61543,-0.33929226,0.67390025,-0.954841,1.3640506,4.6754317,0.4305486,-3.1668193,-1.4209965,-0.35755873,-3.688943,-0.16848467,1.6580606,5.402912,106
1.006858,1.5894691,-2.5858982,0.8976358,-0.17402908,-1.0550295,-0.98965013,1.043259,1.3055009,-4.937257,-0.8164729,-0.3109111,-1.9756783,-0.643088,-1.2138436,3.792963,84
1.2569057,0.6218057,-2.4904664,-0.1295417,0.5343579,-1.6448119,-0.592031,4.1226945,0.30686957,-3.9922,-1.2737141,-0.3492731,-3.2020843,-0.35974476,0.6645172,5.3046427,40
0.5718744,0.71986634,-2.7026765,-1.3123407,-0.02551487,-0.8956118,-1.0504243,3.0750003,-0.1718225,-3.4160023,-1.0579835,-0.31550825,-2.3324113,-0.27200347,0.17164707,3.7847936,84
1.578349,0.07761644,-2.2719564,0.7240021,0.8129047,-2.0744355,-0.06746938,4.0609727,0.6170884,-4.3133802,-1.3036206,-0.21583985,-3.7063837,-0.11920705,1.0899706,5.1907144,40
-0.025312394,0.11363419,-1.2337303,-2.157575,0.24794689,-0.86683255,-1.5891378,2.5611048,-0.59536386,-1.3970865,-1.2050866,-0.009922266,-2.1093915,0.001842469,0.002261743,3.088478,81
0.20853974,1.1367587,-2.1666427,-1.6449833,-0.020169705,-0.6583472,-1.4105718,2.8667955,0.067879975,-3.0631201,-1.0532683,-0.3204534,-1.9037721,-0.21367173,-0.6606589,3.6745489,81
0.40256387,0.64977735,-2.6648314,-1.1295874,-0.21295589,-0.59113175,-0.83255744,3.0183332,-0.24818261,-3.385852,-1.1640037,-0.31381175,-2.1391141,-0.08740741,-0.116913155,3.5272686,84
1.2362121,0.4285362,-2.079331,0.3707919,0.54942966,-1.5714864,-0.16572368,3.9119222,0.43574286,-3.5750713,-1.2102823,-0.4089687,-3.006209,-0.3282516,0.7153976,5.2097654,40
0.31536955,0.9597114,-2.461958,-1.1251475,-0.08105928,-0.77236694,-1.163018,2.503896,-0.042713627,-3.046359,-0.80607235,-0.51617295,-1.801077,-0.15154561,0.02040635,3.1837156,84
0.43934745,1.1050961,-2.2667482,-1.1454997,0.11129838,-0.6517689,-1.3353531,3.3887205,-0.1584904,-3.3504188,-0.9608374,-0.28326166,-2.0629435,-0.46275547,-0.2595527,4.162669,84
1.0762378,0.2292106,-1.6855991,0.6874099,0.65296984,-1.6446191,-0.16313444,3.7572246,0.6214549,-3.303739,-1.4203645,-0.37550953,-2.930714,-0.35912684,0.76379186,4.863594,40
0.9538123,0.7816159,-2.5157506,-0.23714,0.3789644,-1.2434238,-0.6801839,3.710228,0.2586148,-3.8543775,-1.0690553,-0.41120243,-2.6772747,-0.02680387,0.6835334,4.322484,40
1.0681374,0.4485213,-2.0445962,0.30451924,0.49005494,-1.5751989,-0.48503745,4.089023,0.20764735,-3.499162,-1.286896,-0.4635812,-2.9451797,-0.22969441,0.9614683,4.898763,40
1.1610218,0.46714154,-2.2503862,0.5552121,0.5697727,-1.5664346,-0.4592995,3.9770784,0.2556802,-3.843667,-1.2458436,-0.3683706,-2.9792626,-0.23978998,0.7881493,5.0316663,40
1.1520234,1.2127554,-2.5985098,-0.34387547,0.41307744,-1.1553878,-1.1466532,3.4846883,0.48258018,-4.1008205,-1.438439,-0.3349585,-2.72498,-0.6720226,-0.3197736,4.8816185,84
1.2043073,-0.943188,-2.2795954,0.5454412,0.6737187,-1.18827,1.0441661,4.3493843,0.10071584,-3.5649421,-1.4888992,0.25046903,-3.5669506,0.28419283,1.576092,5.2336974,106
1.2843606,1.3563097,-2.111896,1.2913225,-0.34326446,-0.81757116,-0.7552139,0.8237383,1.1266571,-4.4693613,-0.7269971,-0.2489921,-2.0263643,-0.5163481,-0.98400986,3.5540535,84
1.116772,0.6074695,-2.418701,0.40333974,0.5552888,-1.4967067,-0.5793555,4.0930276,0.17385806,-3.9673424,-1.2636914,-0.3367753,-2.9412212,-0.35699618,0.52509105,5.2883654,40
0.8628209,0.7149758,-2.6916912,-0.8802228,0.14215928,-0.8891846,-0.85869694,3.3762548,-0.08594112,-3.6490858,-1.0411211,-0.3198344,-2.4994972,-0.25608957,0.4020648,4.0059667,84
1.3319774,0.121700056,-1.8988453,0.8763262,0.6552787,-1.6896511,-0.27173465,3.947877,0.17245126,-3.531987,-1.2458065,-0.32591456,-3.1642294,-0.025480747,1.103317,4.7461305,40
0.42533654,0.37662074,-1.28215,-1.6099141,0.26593074,-0.7929787,-1.0135074,1.9067999,-0.14886527,-1.4908941,-0.7718033,-0.3014153,-1.7204813,-0.07167631,-0.49719393,2.8945923,81
0.2692256,1.0969472,-2.093151,-1.4019988,0.048796818,-0.53936726,-1.3728077,3.1362257,0.01577802,-3.2076352,-1.095201,-0.21140422,-1.9561123,-0.27457243,-0.66089755,3.880902,81
0.3699829,0.41673243,-2.361119,-0.93374115,-0.07591408,-0.4315991,-0.5364406,3.2291431,-0.32226175,-3.097614,-1.1980128,-0.21750283,-2.0009742,-0.12117639,-0.25703356,3.7453394,84
1.1440233,0.3793,-2.0310104,0.30333793,0.6196841,-1.4513404,-0.42358482,4.22047,0.01656574,-3.1722617,-1.2608354,-0.41397473,-2.8885932,-0.24827534,0.91501933,5.076856,40
0.42969078,0.9799016,-2.347645,-0.8160193,-0.074680045,-0.74993765,-1.0021601,2.5193205,0.057023957,-3.0997055,-0.78136283,-0.57832813,-1.8195343,-0.11288668,0.16520515,3.1060073,84
0.57268673,0.9454993,-2.3225918,-0.9779572,0.28780717,-0.55266535,-1.1187738,3.8704848,-0.21828805,-3.5287452,-1.0283201,-0.14001866,-2.1633146,-0.5736076,-0.36556718,4.715,84
1.1763757,0.23901986,-1.613273,0.2231884,0.5294914,-1.3675023,-0.34739506,4.338851,-0.037841603,-2.7827249,-1.4242905,-0.40792826,-2.914981,-0.30822015,0.86890846,5.016611,40
0.8567447,0.88918144,-2.5596337,-0.16543488,0.34269574,-1.0979382,-0.69488317,3.7915225,0.161464,-3.9397078,-1.0342522,-0.36909783,-2.5057874,-0.18881507,0.39113653,4.6688833,84
1.1303374,0.5325848,-2.084442,0.35765648,0.5887797,-1.5270121,-0.64881665,4.1703877,0.06847347,-3.3830376,-1.2598826,-0.53834003,-2.9394407,-0.16867143,1.136327,4.751859,40
1.0966771,0.6060296,-2.0944812,0.5119095,0.54501,-1.3987696,-0.5303389,3.7335184,0.22602792,-3.4818747,-1.1472285,-0.4984287,-2.7162752,-0.20577869,0.7676656,4.718323,40
1.1609297,0.947203,-2.5518563,-0.18491942,0.5810913,-1.1334976,-0.90858465,3.990092,0.39507124,-4.0111885,-1.6628283,-0.22475027,-2.771327,-0.75063586,-0.3908446,5.3398027,84
1.7671111,-0.6035876,-3.1991448,0.8392509,1.061319,-1.3821653,0.5435596,5.0893526,-0.15735494,-4.74237,-1.4644759,0.3238896,-4.164931,0.18473414,1.9980738,5.5612373,106
1.4788153,1.380519,-2.0477967,1.1518992,-0.35677424,-0.68659586,-0.8328703,0.9774956,0.9126844,-4.263714,-0.76308835,-0.19292381,-1.9625155,-0.65108657,-1.0708508,3.7795255,84
0.9999463,0.7008284,-1.9576327,0.42610443,0.48091218,-1.3323154,-0.6043226,3.527144,0.18226972,-3.244022,-1.0829588,-0.5513927,-2.5785854,-0.20978123,0.7166704,4.523127,40
0.80988544,0.5928827,-2.4920545,-0.4191862,0.3251787,-0.91318476,-0.86202407,3.7069395,-0.17476724,-3.9546118,-1.1005112,0.015405625,-2.6779928,-0.105259545,0.21856534,4.414206,84
1.1684049,0.23703785,-1.47438,0.655627,0.5741651,-1.412162,-0.3596909,3.6611032,0.07491146,-2.726101,-1.1292995,-0.5123725,-2.7836325,0.07565363,1.2519915,4.1143703,40
0.3650099,0.27618793,-1.2281443,-1.6090562,0.3368238,-0.45632887,-1.0984541,1.9431642,-0.32187086,-1.4280901,-0.7558092,-0.109889254,-1.5182939,-0.09594452,-0.814501,3.0288637,81
0.44435757,0.97782815,-2.227627,-1.2299073,0.21544713,-0.4429407,-1.2891726,3.799532,-0.13008924,-3.4973674,-1.2222487,-0.04399322,-2.1676347,-0.4105069,-0.64788145,4.47317,84
0.492019,0.26613668,-2.3475726,-0.8034694,0.025618896,-0.25930396,-0.2962798,3.5097718,-0.3748204,-3.1420927,-1.2513597,-0.112462245,-2.02482,-0.19312808,-0.48657012,4.132403,84
1.066553,0.5287076,-1.9391104,0.28231645,0.56493664,-1.3874294,-0.50309896,3.8210924,0.12327696,-3.0899627,-1.1008661,-0.52939475,-2.7718432,-0.14234427,0.98009795,4.6484,40
0.74127865,0.95991564,-2.5424223,-0.76740193,0.110903144,-0.7863494,-0.9904336,3.272276,-0.024260834,-3.4986918,-0.8983603,-0.46295136,-2.199647,-0.26103514,0.29250708,3.8754175,84
0.69169754,0.96539843,-2.0085945,-0.4157894,0.24605978,-0.45349073,-0.87619835,3.1051354,0.047985822,-3.3663855,-0.77353233,-0.23142983,-1.9119653,-0.43723124,-0.42600736,4.0619397,84
1.2003845,0.34310862,-1.6657104,0.02067542,0.5747318,-1.4853534,-0.75654495,4.2640944,-0.24336396,-2.5826778,-1.3433506,-0.52021074,-2.9930663,-0.100652605,1.1937833,4.523048,40
0.6363648,1.0307097,-2.3394403,0.24023962,0.25646627,-1.1228055,-0.7631942,2.8452652,0.3956926,-3.8341804,-0.8075463,-0.37165153,-2.1352117,-0.14937876,0.09799133,4.1702013,84
1.0212065,0.7597635,-1.862079,0.4179895,0.45532653,-1.3384292,-0.6664432,3.4557939,0.16742834,-3.0881517,-0.95178556,-0.7086621,-2.5270998,-0.06454114,0.98699623,4.1301923,40
0.9630061,0.83635247,-1.8144895,0.43104255,0.37591502,-1.243923,-0.6318864,3.044501,0.28149316,-3.1284943,-0.81617486,-0.6758126,-2.3512256,-0.08008595,0.7351144,3.9584088,40
0.6956675,0.62436706,-1.9381763,-0.12971392,0.4254329,-1.0168996,-0.74399763,3.5138233,0.35656172,-3.1738331,-1.7169536,-0.16263588,-2.3889756,-0.50730443,-0.59500116,4.756201,84
1.6021533,-0.43677127,-2.9081063,0.868111,0.97638,-1.4357657,0.42039937,4.6430984,-0.1268263,-4.3771152,-1.2394931,0.14387946,-3.9558,0.3885815,2.287405,4.915682,40
1.4885628,1.4769825,-2.1203134,1.0002768,-0.3791139,-0.6366768,-1.0880255,0.7708562,0.80483663,-4.174018,-0.69492835,-0.19020197,-1.8125968,-0.74760175,-1.2359204,3.738012,84
0.96323794,0.94131666,-1.8600086,0.23632711,0.34076938,-1.1840107,-0.6985049,3.1390164,0.24663013,-3.0940156,-0.87036914,-0.6732305,-2.3661997,-0.19051343,0.59046894,4.150002,40
0.60793144,0.87148315,-2.0540042,-0.30272672,0.09848946,-0.84199554,-0.9208485,2.6688824,0.12903176,-3.4483445,-0.87503093,-0.19726777,-2.0941484,-0.059638433,0.07420911,3.5372574,84
1.0523072,0.5418952,-1.5711339,0.62228537,0.45949426,-1.3072777,-0.5117035,3.161197,0.17947978,-2.8389657,-0.87189215,-0.67438436,-2.4772253,-0.005576931,0.8209722,3.9072695,40
0.82193416,0.03472171,-0.84422815,-1.5863476,0.39437678,0.0032297987,-0.65858006,1.2618082,-0.015933976,-0.9383142,-0.75682473,-0.11907857,-1.25796,-0.024545051,-1.6006687,2.7029169,81
0.5806338,0.9405757,-1.9216806,-0.7404946,0.16927102,-0.39999765,-1.0793002,3.1830564,0.13485989,-3.4028437,-1.1201591,-0.022128373,-2.0708385,-0.28904617,-0.6275135,3.9361825,84
0.6746163,0.26768616,-2.0312517,-0.3619751,-0.104243875,0.0017785691,0.015448108,2.7373805,-0.1842152,-2.9081497,-0.99145925,-0.22700262,-1.7861558,-0.0813196,-0.6444805,3.472514,84
0.93641037,0.81065816,-1.8693999,0.18305027,0.3693929,-1.2767935,-0.70197666,3.1287358,0.25002384,-2.9904785,-0.8343118,-0.69611317,-2.4337225,-0.15874827,0.6710958,4.1680965,40
0.6838997,0.91765606,-2.3015347,-0.4676321,0.21145132,-0.93191195,-1.1982975,3.1935663,-0.13410567,-3.5306342,-0.8394899,-0.23911133,-2.3240647,-0.09391915,0.41134393,3.794578,84
0.5481999,0.90926915,-1.9633265,-0.16913427,0.20270216,-0.58292735,-0.868506,2.8988519,0.0070775,-3.4075422,-0.74757004,-0.08673522,-1.8913043,-0.2964266,-0.36231557,3.9419725,84
1.0432322,0.55916256,-1.7236322,0.07424557,0.44214466,-1.4724013,-0.86960775,3.6865468,-0.033628955,-2.7748966,-1.1255181,-0.66795444,-2.7627263,-0.11333383,0.9007047,4.223916,40
0.65158665,1.1215031,-2.4024315,0.10018295,0.26857254,-1.1128448,-0.9522937,2.9413555,0.26689866,-3.7648752,-0.7339704,-0.4071729,-2.1461563,-0.23454742,0.26147932,4.171669,84
0.96486837,0.9416733,-2.0249703,0.12216401,0.4184629,-1.1359111,-0.7687225,3.4151642,0.13791469,-3.1507459,-0.80400664,-0.6879414,-2.3452773,-0.21310027,0.60178614,4.3003373,84
0.8546185,1.0198151,-2.1890767,0.24587077,0.3988032,-1.1906292,-0.84949505,3.2384713,0.21965562,-3.3822014,-0.8443738,-0.6492957,-2.2326963,-0.2808106,0.3110194,4.3012495,84
0.49953473,0.8043423,-1.7502239,-0.0018173456,0.13440767,-0.9408235,-0.9623152,3.2176526,-0.041358963,-2.9969053,-1.3368378,-0.29613832,-2.233895,-0.4338359,-0.4797395,4.3541226,84
1.298773,-0.07884424,-2.5614557,0.7480898,0.84891605,-1.364394,0.20158765,3.9781537,0.00986284,-3.878454,-0.99309915,-0.12164691,-3.2918937,0.4254424,2.0506425,4.275855,40
1.385022,1.3579029,-2.0875177,0.7006978,-0.4335,-0.5424752,-1.2256072,0.74841267,0.7100566,-3.9476473,-0.7412983,-0.15355581,-1.7448113,-0.81570536,-1.3992696,3.7618322,84
0.81633544,1.1005602,-2.2390363,0.10775459,0.37541345,-1.1623511,-0.9366174,3.3710525,0.17783213,-3.445279,-0.8880992,-0.63139534,-2.2446887,-0.4203295,0.15869728,4.51606,84
0.57574075,0.98450077,-1.8663813,0.027030468,0.040340707,-0.7949795,-0.8506226,2.289495,0.24181478,-3.3803077,-0.7586551,-0.25399038,-1.918734,-0.052878942,-0.043361284,3.3552923,84
0.8394826,0.72889584,-1.7409815,0.23526031,0.43322477,-1.2485809,-0.8866111,3.482046,-0.012263,-2.7351835,-0.90599096,-0.7791665,-2.3457737,-0.17623362,0.6911447,4.0689254,84
1.1500645,0.07100567,-0.8337035,-1.5263681,0.17348906,0.28386608,-0.76337576,1.0502613,-0.045738563,-1.21863,-0.83629245,0.028410763,-1.4903935,-0.13366313,-1.8610134,2.8184543,81
0.4214543,0.89371884,-1.7879803,-0.50942737,0.085745886,-0.41236696,-1.0525545,2.840254,0.15487419,-3.4110622,-1.0527191,0.15548171,-1.9957303,-0.255649,-0.69088054,3.7659547,84
0.48459345,0.25706303,-1.9626833,0.08375457,-0.17216331,-0.19863929,-0.08857239,2.5140035,-0.27195007,-3.2085238,-0.9554929,-0.016502172,-1.8420726,0.09099388,-0.61504066,3.3892093,84
0.79841405,0.9602001,-2.089222,-0.012539208,0.38521996,-1.2233878,-0.94321746,3.3928154,0.10228249,-3.0690897,-0.8418859,-0.7333506,-2.302018,-0.337008,0.4375934,4.4245124,84
0.62478137,1.0578055,-2.2925978,-0.24592192,0.19429624,-0.9432489,-1.2574852,2.9306934,-0.12724088,-3.5404198,-0.70605934,-0.3180409,-2.175549,-0.141513,0.40921426,3.7024755,84
0.48783243,0.9046888,-1.9756876,-0.06765357,0.2165092,-0.7166639,-0.7837061,2.8151321,0.08483641,-3.390598,-0.72667265,-0.16900474,-1.9288205,-0.33049792,-0.11771079,3.951229,84
0.81743294,0.6755187,-1.7328722,-0.024901688,0.36989692,-1.3565186,-0.9983977,3.624367,-0.004002899,-2.768515,-1.0476401,-0.7290157,-2.521558,-0.30291152,0.60698545,4.2892995,84
0.64539814,1.1887643,-2.2707841,0.070919424,0.25067154,-0.9681928,-0.93323016,2.8079493,0.23264414,-3.5413659,-0.66360784,-0.48514903,-1.9813328,-0.27471983,0.19915697,3.940643,84
0.66923636,1.0218831,-2.2542362,0.01634723,0.40877083,-1.2029535,-0.9662863,3.3872435,0.114703014,-3.2914784,-0.81049144,-0.68123084,-2.1407132,-0.36130095,0.28047433,4.415083,84
0.6468294,1.0805565,-2.2440877,-0.026274323,0.3343524,-1.1733799,-1.0474443,3.1036322,0.12520105,-3.2025187,-0.777426,-0.6956961,-2.0040576,-0.32452768,0.13140082,4.174247,84
0.2932762,0.766313,-1.6568816,-0.43466076,0.049086154,-0.95547277,-1.1130307,3.1975875,-0.15526117,-2.6550002,-1.1256523,-0.46080726,-2.163692,-0.5060656,-0.13991773,4.166557,84
1.1950128,0.20662582,-2.7748353,0.38492727,0.81480324,-1.0914719,0.0012585223,4.043923,-0.0048506856,-3.95853,-1.0131686,-0.10704082,-2.9019206,0.1730038,1.2356384,4.7100253,40
1.1477597,1.2182698,-1.6393758,0.67900527,-0.57936937,-0.32299176,-1.266624,0.7010624,0.5773865,-3.3350685,-0.6507534,-0.2351329,-1.3852456,-0.8737901,-1.46134,3.5635498,84
0.6273732,1.1403205,-2.2340863,-0.068247914,0.3166946,-1.1871156,-1.1650403,3.1757689,0.043314457,-3.1993876,-0.8041439,-0.708222,-2.0294464,-0.40605223,0.08853294,4.2459416,84
0.6177763,0.98921925,-1.9859376,-0.14036512,0.11828554,-0.8307145,-0.84360504,2.6952908,0.16163082,-3.3645527,-0.846054,-0.30859965,-2.0581691,-0.1646879,0.118857205,3.668714,84
0.61482894,0.82839143,-1.8587621,-0.049461275,0.39672688,-1.255398,-1.077742,3.3218315,0.0020571053,-2.7319493,-0.83058643,-0.793465,-2.1653433,-0.20201835,0.46864444,3.99222,84
1.3525928,-0.063656636,-0.6096788,-1.2254697,0.056321964,0.3487105,-0.73110104,1.1343689,0.07335508,-1.4109812,-1.0391164,0.23703124,-1.9280025,-0.264314,-1.5823734,2.891859,81
0.25995564,0.94090813,-1.8168001,-0.6266117,0.041971132,-0.4784273,-0.9397595,2.9743152,0.13601418,-3.2221355,-1.0363307,-0.04599817,-1.857693,-0.43996236,-0.6438944,3.993831,84
0.51585007,0.38165128,-2.2816281,0.11034024,-0.02758956,-0.43048424,-0.19352801,2.7279189,-0.10573153,-3.6496422,-0.9662185,0.006881833,-2.0168273,-0.07624858,-0.38881645,3.711813,84
0.6469049,1.0086808,-2.3197346,-0.26122504,0.39916512,-1.2198278,-1.1567953,3.4755728,-0.055844888,-3.0903344,-0.79477394,-0.7330876,-2.1251132,-0.46441492,0.1771558,4.5768533,84
0.4484505,1.0660203,-2.0945957,-0.11958054,0.18425,-0.87749857,-1.0638427,2.78051,-0.034280762,-3.3071444,-0.6330813,-0.39951423,-1.9488412,-0.17292322,0.37716734,3.6288195,84
0.425044,0.8421969,-1.813587,-0.24548988,0.1983062,-0.7743888,-0.8750618,2.6225677,0.0087213665,-3.042213,-0.65306556,-0.27391642,-1.9681065,-0.25903618,0.20374948,3.5091758,84
0.6244576,0.8427841,-1.865865,-0.058479756,0.3440157,-1.344215,-1.1232467,3.44662,0.027441353,-2.7860692,-0.9280048,-0.8366048,-2.2487638,-0.34088755,0.4139461,4.1774964,84
0.43435752,1.1811906,-2.21794,-0.016334683,0.26246965,-0.9924427,-1.0887375,2.7028198,0.15173134,-3.3241818,-0.5865004,-0.57480437,-1.7851459,-0.2800607,0.20193002,3.630195,84
0.44265383,1.0819796,-2.1789615,0.008899808,0.32568294,-1.2143958,-1.2618358,2.8601382,0.07708374,-3.0579891,-0.69972694,-0.72680223,-1.8192468,-0.3632733,0.06615056,3.8739839,84
0.47303343,1.1257975,-2.1901672,-0.07198885,0.2739753,-1.145444,-1.2844923,2.743894,0.05280505,-3.0521939,-0.67163134,-0.6879281,-1.7597538,-0.29074383,0.016189635,3.6710877,84
0.26225716,0.972446,-1.6188431,-0.54296434,-0.04207249,-0.8990898,-1.4438324,2.821112,-0.21212517,-2.536923,-0.9296269,-0.5650762,-2.115346,-0.3776547,-0.021452792,3.5891159,84
0.8614654,0.21035711,-2.7807314,0.059408754,0.8023374,-1.1162044,-0.18351822,3.9351742,-0.039492086,-3.742171,-0.9862686,-0.13573803,-2.6174142,0.08756442,0.9967107,4.612893,40
1.2500846,1.3053137,-1.8433576,0.6244912,-0.73348284,-0.34142435,-1.5775201,0.38464546,0.48564988,-3.5224981,-0.6001699,-0.2571876,-1.4687977,-0.88263106,-1.6964335,3.4161355,81
0.51360494,1.2119738,-2.160485,-0.028110951,0.25348064,-1.1287328,-1.3734264,2.7808342,0.021274552,-3.051284,-0.6828257,-0.7077646,-1.7877768,-0.37604076,-0.043319665,3.7598784,84
0.4593513,1.0233439,-1.6558858,0.011018455,0.021386907,-0.82288796,-0.969634,1.9796733,0.18728533,-2.9496887,-0.6600363,-0.4128536,-1.8162761,-0.015266597,0.16967556,2.7942278,84
0.3996414,0.9458314,-1.8675193,-0.118083954,0.32213116,-1.1872905,-1.271244,2.924368,0.04365474,-2.7109241,-0.70608354,-0.76396906,-1.886425,-0.21980776,0.22269264,3.6264484,84
1.7440761,-0.06201151,-0.782402,-0.5624001,-0.08609092,0.27870685,-0.8406977,1.0142416,0.16095841,-1.9160625,-1.1073662,0.28787267,-2.3592193,-0.33480144,-1.3368132,2.92075,84
0.35056317,1.0104189,-1.7658155,-0.55856216,0.0017403066,-0.6049468,-1.0392582,2.689054,0.12370831,-3.1423173,-0.8725525,-0.20663203,-2.0367172,-0.40053657,-0.1967932,3.6193829,84
0.41752678,0.3462937,-2.0983646,-0.070640355,-0.051405758,-0.43014976,-0.16317882,2.5809193,-0.17187811,-3.2665756,-0.88957417,-0.13526653,-2.031592,-0.009794302,-0.08301252,3.284572,84
0.49531758,1.0691289,-2.336934,-0.28215286,0.36354873,-1.1695831,-1.368973,3.3033502,-0.0924872,-3.0679255,-0.7450589,-0.6906809,-1.9401997,-0.5186466,0.011316761,4.3345976,84
0.3824188,1.0589817,-1.8944213,-0.053114653,0.16744038,-0.8848901,-1.0973102,2.4127216,0.050185964,-3.061227,-0.5503273,-0.4595499,-1.8412399,-0.12196877,0.42273492,3.1835408,84
0.28288704,0.6869323,-1.6498859,-0.37576798,0.1873075,-0.78830653,-0.9616086,2.4600275,-0.10145752,-2.8037636,-0.6521212,-0.21054359,-2.0162265,-0.22102815,0.32093218,3.1458383,84
0.46491462,0.912761,-2.0466847,-0.19578917,0.38567528,-1.273093,-1.2917747,3.426013,-0.053232834,-2.9003818,-0.83037037,-0.77347094,-2.042233,-0.46335155,0.1851905,4.2218266,84
0.2226366,1.0978153,-2.2148616,-0.22225939,0.26037556,-0.99417216,-1.2697992,2.7095149,-0.036156908,-3.1858497,-0.5705967,-0.5556399,-1.6979936,-0.27989224,0.17586851,3.4491944,84
0.36458135,1.1076841,-2.3185523,-0.2725994,0.31423858,-1.142119,-1.4151576,3.0655587,-0.10577907,-3.053542,-0.729187,-0.6702598,-1.7434042,-0.46783555,-0.061933085,3.9735343,84
0.40466475,1.068155,-2.4004204,-0.33130574,0.33650514,-1.1260186,-1.3924458,3.1661713,-0.14311753,-3.1849723,-0.79256755,-0.54908377,-1.8142054,-0.43963185,-0.063269965,4.023978,84
0.15944801,1.1130954,-1.7318186,-0.54105663,-0.086040124,-0.88217086,-1.6834917,2.8089488,-0.24515702,-2.7067971,-0.9631391,-0.5953723,-2.0583723,-0.48474953,-0.3039321,3.6467743,84
0.68321127,0.30496144,-2.7171943,-0.20609996,0.78714263,-1.1629701,-0.3964675,3.717266,0.04497692,-3.6755865,-0.9818355,-0.13577569,-2.4578109,0.09013447,0.71427774,4.4117217,40
1.2589182,1.2952476,-1.9783226,0.6218343,-0.767094,-0.3667579,-1.7489243,0.22714373,0.47738266,-3.7101665,-0.62409866,-0.20747246,-1.5695767,-0.8634183,-1.8037775,3.3103633,81
0.49107945,1.1707081,-2.3762987,-0.2685596,0.3135423,-1.090792,-1.4682817,3.1443093,-0.14426269,-3.202937,-0.77150774,-0.57722366,-1.832114,-0.5060159,-0.15017068,4.0643353,84
0.4079603,1.0385631,-1.7021059,0.1582914,0.10746145,-0.94773644,-1.150237,1.8982596,0.102008045,-2.9969072,-0.63391465,-0.4496377,-1.7631012,-0.017534338,0.1400168,2.5661378,84
0.3388713,0.96837837,-2.083505,-0.2797974,0.3180864,-1.1894962,-1.383667,2.9995368,-0.06286912,-2.8157184,-0.748724,-0.67631245,-1.8260279,-0.38455603,0.039955035,3.8537343,84
1.9558021,-0.21540645,-1.0302523,-0.4991902,-0.02101922,0.2305799,-0.935248,0.9991805,0.28332987,-2.4199061,-1.2290235,0.45862567,-2.9066336,-0.2526114,-1.257426,2.8973536,84
0.30954152,0.9043469,-1.5776478,-0.53993523,0.04903394,-0.69694906,-1.1056837,2.5775926,-0.07276778,-2.791295,-0.76525044,-0.27469593,-2.041597,-0.31354275,0.10772909,3.16673,84
0.29085547,0.3235213,-2.0100975,-0.28997588,0.014934912,-0.5256451,-0.31421936,2.6387465,-0.2772771,-3.0872657,-0.93642074,-0.13593327,-2.0789692,-0.03726566,0.08591403,3.0897574,84
0.45419645,1.1196303,-2.36702,-0.4274716,0.31111774,-1.1172043,-1.4611247,3.3156865,-0.14977325,-3.0548854,-0.78193986,-0.65090024,-1.8843964,-0.5826799,-0.102133796,4.323627,84
0.27373368,1.0980811,-1.8504784,0.0019027591,0.12774596,-0.8393459,-1.1702645,2.1422215,0.043011233,-2.9763813,-0.48579174,-0.4787817,-1.6789622,-0.14605325,0.23220336,2.9149473,84
0.33537704,0.7523752,-1.9231714,-0.34175023,0.25922507,-0.7620487,-1.1406991,2.7111642,-0.26271194,-3.1822324,-0.69468296,-0.087143555,-2.1309614,-0.43542093,0.09654449,3.503924,84
0.39339584,1.0113391,-2.327445,-0.47513187,0.38862088,-1.1526803,-1.5088537,3.701125,-0.22396113,-3.0442626,-0.8668634,-0.67806035,-1.9543512,-0.6846797,-0.09642376,4.559545,84
0.17131962,1.0575255,-2.3405445,-0.5261394,0.2870682,-0.9574329,-1.4793372,3.045968,-0.2996769,-3.0959828,-0.6683183,-0.49014807,-1.7316455,-0.42875054,0.084777236,3.732455,84
0.37682128,1.0712553,-2.5655274,-0.6123344,0.35899833,-1.1143701,-1.4644802,3.568133,-0.27295125,-3.21931,-0.87534815,-0.54202604,-1.8910908,-0.612741,-0.12616514,4.4659038,84
0.4308622,0.985378,-2.6133802,-0.6864592,0.41098788,-1.1532922,-1.4542933,3.7352927,-0.2909028,-3.333484,-0.9901975,-0.42434913,-2.056355,-0.57165945,-0.063022904,4.553493,84
0.050562188,1.0430355,-2.09037,-0.4971096,0.038875416,-0.9071611,-1.7002001,3.3489828,-0.26058078,-3.283877,-1.1419399,-0.39018413,-2.1376793,-0.7226676,-0.59121996,4.329585,84
0.60410583,0.39861795,-2.7317562,-0.5905762,0.74327207,-1.033316,-0.5845753,3.9156153,-0.22484858,-3.333222,-1.0001872,-0.17450932,-2.2583985,-0.0728734,0.49240547,4.5565968,84
1.2851917,1.308267,-2.3819222,0.6032218,-0.7940855,-0.3414707,-1.9468913,0.49465537,0.37697324,-4.2937546,-0.6791837,-0.03500004,-1.7869401,-1.0602983,-1.8858151,3.7871711,81
0.47486317,1.0473894,-2.5505013,-0.5933479,0.41099462,-1.1317502,-1.5021207,3.7031212,-0.2885927,-3.3395867,-0.9722124,-0.42964548,-2.0673342,-0.5995393,-0.0863062,4.5134444,84
0.4484687,0.9534802,-2.0189626,-0.12700549,0.2552062,-1.0250636,-1.310401,2.6041481,-0.11841224,-3.253163,-0.80988854,-0.3001643,-2.0374348,-0.1633452,0.1704643,3.1600914,84
0.30633664,0.9512931,-2.1892192,-0.4662869,0.32975727,-1.2025061,-1.446228,3.1919665,-0.121784225,-2.90078,-0.864365,-0.5832741,-1.9196367,-0.47824207,0.012951419,4.074708,84
2.1952252,-0.13787809,-1.5962975,-0.56652224,-0.023349255,0.28952625,-1.3215878,1.0251049,0.2998298,-3.4377337,-1.2800764,0.6740386,-3.5620787,-0.4662916,-1.4072907,3.1501963,84
0.38241738,0.93139195,-1.8460277,-0.47781765,0.115733385,-0.7028039,-1.1760767,2.8208964,-0.19772033,-3.2348838,-0.7658737,-0.13613352,-2.177832,-0.46694833,-0.015522882,3.475018,84
0.3157642,0.48558712,-2.1651764,-0.33772942,0.072918594,-0.5262873,-0.54309237,2.7701864,-0.34082794,-3.3631313,-0.9540172,-0.025948763,-2.1067443,-0.18246512,-0.11388747,3.3313496,84
0.43607748,1.0563372,-2.4606142,-0.67219186,0.34172782,-1.1049957,-1.4722533,3.6460695,-0.24754672,-3.1307614,-0.9163899,-0.52847886,-2.0188565,-0.6527896,-0.07288502,4.5894003,84
0.18696587,1.1006655,-2.0472918,-0.09411287,0.18681014,-0.85694313,-1.3349025,2.390418,-0.11917041,-3.0589178,-0.5245615,-0.44514254,-1.635949,-0.31177464,0.062417835,3.161706,84
0.39886326,0.73787135,-2.0722113,-0.27399716,0.4035242,-0.799197,-1.2935867,2.9739094,-0.35804474,-3.3760047,-0.7801928,0.051647276,-2.2280648,-0.6199878,-0.08402386,3.9127018,84
0.34391952,1.0908718,-2.384597,-0.6526182,0.28868237,-1.085003,-1.607805,3.643731,-0.2161069,-3.0487385,-0.93924636,-0.63867015,-1.9207969,-0.7549369,-0.26184404,4.601118,84
0.24408986,1.0177766,-2.5613844,-0.7745335,0.38577405,-0.95135504,-1.6350322,3.4989986,-0.46678543,-3.1947386,-0.78804183,-0.3824389,-1.8811563,-0.6046442,-0.01698605,4.209199,84
0.3748271,1.0065782,-2.552205,-0.6965337,0.39551094,-1.1189283,-1.5151691,3.6498919,-0.27604127,-3.2293112,-0.9756268,-0.450993,-1.9953719,-0.64098567,-0.13059713,4.5233254,84
0.41709507,0.9167489,-2.58106,-0.729458,0.46218595,-1.1413292,-1.5025058,3.8895621,-0.32117647,-3.344777,-1.0705,-0.3288954,-2.163605,-0.6005528,0.01703909,4.616471,84
-0.013458148,0.9280877,-2.1771102,-0.5191349,0.16330338,-0.9578224,-1.775923,3.5649965,-0.27162528,-3.4739354,-1.2066811,-0.23800953,-2.2053344,-0.7468815,-0.5123154,4.351649,84
0.5324639,0.4747152,-2.6907103,-0.8846804,0.63435006,-0.97657955,-0.7272481,3.860808,-0.32133847,-3.1418378,-1.0109342,-0.20928155,-2.1562302,-0.15424922,0.30787542,4.496534,84
1.263729,1.3026015,-2.6444728,0.5731634,-0.7601317,-0.33848575,-2.0641646,0.78302133,0.39086765,-4.7274027,-0.7667419,0.11344014,-1.95978,-1.1853735,-1.9249237,4.122972,81
0.48916733,0.97200686,-2.5469923,-0.6551157,0.45362845,-1.1292531,-1.5491939,3.8936462,-0.29676956,-3.386697,-1.0924275,-0.3208405,-2.2386146,-0.6433303,-0.023731358,4.6834764,84
0.57381624,0.9381147,-2.142,-0.21077915,0.37374768,-1.0466325,-1.3869534,3.0066974,-0.20767806,-3.3282106,-0.89382046,-0.23340356,-2.1924264,-0.24040373,0.20909518,3.5268204,84
0.3090124,0.9157308,-2.2985573,-0.5687635,0.3734477,-1.1871316,-1.5170982,3.4312735,-0.18866841,-3.0245454,-0.9696758,-0.47317874,-2.0314171,-0.57717896,-0.0036751926,4.3046927,84
2.3762596,0.052607156,-2.3605247,-0.36366224,-0.15626022,0.284291,-1.8075972,1.0534437,0.21511614,-4.7707777,-1.3035774,0.94260633,-4.0925937,-0.6489707,-1.6090393,3.5877078,84
0.39309537,0.9062323,-2.0097618,-0.3034603,0.2752002,-0.78485453,-1.3399138,3.0571437,-0.2859668,-3.4374623,-0.88434327,-0.0123346895,-2.2194574,-0.564554,-0.20965505,3.8194172,84
0.24742652,0.54591626,-2.1392217,-0.4912483,0.2326388,-0.5891161,-0.79585385,2.961148,-0.38647443,-3.2873075,-0.97320265,0.057904974,-2.0539336,-0.26970464,-0.18901415,3.5264914,84
0.425797,0.9658322,-2.532751,-0.8159047,0.3903055,-1.1126294,-1.507654,3.892099,-0.24935721,-3.2894986,-1.0782601,-0.3744325,-2.2176392,-0.7020577,-0.06412818,4.8077216,84
0.17902492,1.0229344,-2.1351,-0.24005134,0.26793042,-0.8731327,-1.4788563,2.62784,-0.2697317,-3.0615408,-0.5903237,-0.35559028,-1.7287179,-0.4206328,0.034012154,3.3557146,84
0.48959064,0.7174804,-2.105098,-0.2953294,0.46976253,-0.7962496,-1.3316247,3.1325083,-0.40541828,-3.3739593,-0.8122594,0.097911045,-2.3114898,-0.64534026,-0.082096614,4.082008,84
0.27674848,1.0678649,-2.361462,-0.7797756,0.20583692,-1.062956,-1.6148202,3.552473,-0.12988819,-3.08974,-1.05094,-0.54464155,-1.9596881,-0.75490594,-0.32847035,4.5589128,84
0.3235855,0.9698057,-2.7005777,-0.9206469,0.46902803,-0.96176124,-1.6527033,3.9077225,-0.52086216,-3.3541746,-0.9156988,-0.28578818,-2.064584,-0.69420344,-0.03480131,4.597777,84
0.36198425,0.91246575,-2.5831046,-0.8148025,0.45140442,-1.1183208,-1.5331533,3.9562607,-0.3359214,-3.3276772,-1.091104,-0.34454948,-2.1798174,-0.6865066,-0.0143650025,4.707087,84
0.4659723,0.8293383,-2.6618464,-0.7959577,0.54600334,-1.1677235,-1.4850473,4.269093,-0.38249975,-3.4917374,-1.2072657,-0.21479946,-2.3849401,-0.6477016,0.14375594,4.9113154,84
0.013532713,0.9554978,-2.3100982,-0.6185414,0.1781432,-0.9365889,-1.8466282,3.5546825,-0.27637434,-3.558304,-1.1905413,-0.2328051,-2.2116125,-0.7017785,-0.5160556,4.245562,84
0.54294556,0.531241,-2.6946642,-1.035696,0.60992944,-0.9361222,-0.8607434,3.9571238,-0.3887484,-3.1283662,-1.0272571,-0.1550312,-2.1722736,-0.2948155,0.1947492,4.631447,84
1.2765144,1.3096398,-2.8020496,0.548805,-0.74284446,-0.3659851,-2.0824268,1.0343655,0.4316386,-4.999409,-0.8974279,0.19719411,-2.0813265,-1.236176,-1.952795,4.3708344,81
0.5328409,0.8927534,-2.6485147,-0.71247387,0.5311824,-1.1363627,-1.542949,4.2266774,-0.3687364,-3.5376127,-1.1921263,-0.21647285,-2.4141884,-0.68162304,0.09220581,4.917369,84
0.70114625,0.91166717,-2.3579392,-0.25811827,0.5152383,-1.0465811,-1.3974962,3.587118,-0.32213396,-3.4938314,-1.0151098,-0.15028733,-2.3665252,-0.3831643,0.23611066,4.1100063,84
0.34932303,0.84004205,-2.581678,-0.7601367,0.467321,-1.1725835,-1.5349667,3.9931087,-0.31496286,-3.3329778,-1.1355809,-0.3095502,-2.2669227,-0.7148777,-0.00971365,4.8422594,84
2.5460296,0.28466025,-2.6340387,0.05157426,-0.3725637,0.15427175,-1.9021158,1.1356716,0.3514601,-5.7502804,-1.3358411,1.1160439,-4.366291,-0.7442168,-1.4997208,3.8331375,84
0.4044848,0.9116082,-2.0597472,-0.3420724,0.30731598,-0.8082916,-1.4159708,3.1018007,-0.27658385,-3.4077678,-0.9447856,-0.024023876,-2.208619,-0.55323213,-0.319784,3.952454,84
0.25069207,0.6022051,-2.2138588,-0.6800229,0.33354604,-0.6276135,-1.0071654,3.2404702,-0.38486058,-3.3735871,-1.0084883,0.13951658,-2.1279106,-0.37001795,-0.20961985,3.84785,84
0.43004215,0.8808493,-2.644165,-0.9049716,0.45496085,-1.1143485,-1.5369761,4.17272,-0.3092081,-3.4777248,-1.1865273,-0.24543619,-2.3916895,-0.74788207,-0.011348791,5.0096254,84
0.3406248,0.9630112,-2.4274814,-0.42684287,0.43393794,-0.89096624,-1.5775685,3.2933242,-0.44770914,-3.268359,-0.76127326,-0.22440512,-1.9586269,-0.6413488,-0.048236802,4.049871,84
0.5839364,0.77701116,-1.9333155,-0.079042375,0.4124935,-0.7893074,-1.3449323,2.6894114,-0.39427066,-3.0593965,-0.6906321,-0.048470303,-2.1876118,-0.5339228,0.01907681,3.6888971,84
0.26146883,1.0975727,-2.0369368,-0.5711342,0.03797303,-1.0129455,-1.5485535,2.8827777,-0.011760831,-2.726907,-0.9640931,-0.6309126,-1.7764671,-0.59281254,-0.2615048,3.9589705,84
0.4114483,0.99806577,-2.4797325,-0.71471274,0.42005065,-0.9265222,-1.5819156,3.6098351,-0.47810453,-3.1196313,-0.83461785,-0.34922093,-2.0048225,-0.61187744,0.08721486,4.3102617,84
0.47200358,0.8984419,-2.5231473,-0.753957,0.44291207,-1.0931563,-1.5052135,3.9421408,-0.42566592,-3.172032,-1.0791318,-0.35679072,-2.234296,-0.6349777,0.19236237,4.63349,84
0.59617364,0.7918704,-2.5874357,-0.6756884,0.5476812,-1.1805525,-1.4015322,4.2444057,-0.42867798,-3.3338287,-1.2209189,-0.23568115,-2.4669285,-0.5586401,0.37643546,4.847567,84
0.03328307,1.0632911,-2.1397448,-0.5263095,0.038588703,-0.8162495,-1.86973,2.916466,-0.2623868,-3.1827562,-0.97450995,-0.39336744,-1.9104254,-0.56274545,-0.52668107,3.6623652,84
0.6071917,0.60368574,-2.4802341,-0.8359573,0.59023726,-0.924657,-0.9365423,3.639193,-0.36136705,-2.9866889,-0.9235939,-0.17767438,-2.102024,-0.31087852,0.22716397,4.3333893,84
1.4427745,1.4754833,-2.903823,0.9152808,-0.8608005,-0.43393737,-2.0907965,0.7454555,0.51598495,-5.1758676,-0.85369545,0.115949646,-2.107858,-1.1877508,-1.8807888,4.2760315,81
0.63200045,0.86166036,-2.4996414,-0.49637097,0.5257988,-1.1623333,-1.4603498,4.0095468,-0.39582288,-3.308659,-1.1552045,-0.27026063,-2.4065924,-0.52446425,0.34298417,4.6086755,84
0.8524142,0.8997004,-2.3767135,-0.07403222,0.57735205,-1.048479,-1.3146343,3.7158377,-0.38297558,-3.40205,-1.0136864,-0.17022324,-2.4066424,-0.39273533,0.38413423,4.3015428,84
0.45149857,0.8398391,-2.4590402,-0.609889,0.419068,-1.1458195,-1.5070047,3.7351234,-0.3498968,-3.1044738,-1.1001519,-0.3588084,-2.248716,-0.60576284,0.1418244,4.5481133,84
2.7588823,0.38892004,-2.5098877,0.35523427,-0.42187792,-0.03676439,-1.6839573,0.99742347,0.50659966,-5.668513,-1.4055107,1.0526979,-4.3402557,-0.67234063,-1.2585382,3.8111992,40
0.39755857,0.9851609,-1.797448,-0.13411596,0.19917217,-0.7861929,-1.4509213,2.4070666,-0.20365383,-2.9502997,-0.7870577,-0.22985165,-1.9087611,-0.3599329,-0.31475532,3.300645,84
0.3645246,0.7121787,-2.0287697,-0.570031,0.31708983,-0.582549,-1.095268,2.8537025,-0.36718988,-3.055181,-0.82131034,0.0141886175,-1.9567057,-0.29731166,-0.12453881,3.4935513,84
0.51005,0.9048212,-2.475001,-0.7047336,0.40348324,-1.0834372,-1.5213006,3.8353531,-0.37615663,-3.181199,-1.0871458,-0.33110029,-2.2892592,-0.6193512,0.19596958,4.577834,84
0.49782604,0.96909106,-2.4126177,-0.31543976,0.47751394,-0.8627289,-1.5644028,3.3724527,-0.54053694,-3.1452754,-0.7576119,-0.2553665,-1.9854254,-0.6916846,0.00896211,4.1690683,84
0.61488676,0.77547127,-1.6394801,0.20246744,0.31581515,-0.78504235,-1.2886131,1.9709505,-0.27585608,-2.655425,-0.5422214,-0.19401464,-1.9880214,-0.35764256,0.11675444,3.0641716,84
0.312298,1.1199021,-1.8238124,-0.34546602,-0.047092646,-0.9955676,-1.5209639,2.2965746,0.043204725,-2.4559476,-0.8556794,-0.71818966,-1.6360729,-0.40654933,-0.15862772,3.3643687,84
0.5591192,1.0498219,-2.2215316,-0.39418113,0.34445664,-0.934584,-1.5150688,3.051596,-0.36839384,-2.8631854,-0.7144054,-0.4614402,-1.9259279,-0.4550052,0.2087827,3.8292015,84
0.64050955,0.9236571,-2.2630553,-0.3429516,0.37358972,-1.1209791,-1.4216633,3.3331215,-0.325633,-2.8923886,-0.97385883,-0.4651245,-2.1710753,-0.4282099,0.38456327,4.0667515,84
0.755159,0.8282894,-2.2210634,-0.15499738,0.44777402,-1.2247657,-1.2988305,3.4471335,-0.24336804,-3.0019355,-1.0966315,-0.3696335,-2.3710487,-0.27838585,0.59118944,4.0804644,84
0.035907075,1.1447963,-1.6947389,-0.27461675,-0.16492672,-0.70155895,-1.8443644,1.8036124,-0.14007427,-2.5428061,-0.6792052,-0.62254673,-1.4661381,-0.29677206,-0.48445725,2.6117246,81
0.813994,0.6718759,-2.3688505,-0.6389483,0.56787443,-0.94178677,-0.96621716,3.3492827,-0.4083588,-2.8576586,-0.8208901,-0.22456887,-2.1239204,-0.24260113,0.3642855,4.0304046,84
1.6828961,1.6592408,-2.9414105,1.4307182,-1.0027772,-0.5448292,-2.0987191,0.11515873,0.6502258,-5.2915134,-0.73028153,-0.031137794,-2.1169128,-1.0370326,-1.7597494,3.8542101,84
0.8118488,0.88848686,-2.160567,0.012495518,0.427178,-1.2060343,-1.3325484,3.2498236,-0.22730376,-2.9542284,-1.0424005,-0.40804633,-2.3137865,-0.2594285,0.5530145,3.930006,84
1.0067042,0.87066853,-2.2191875,0.28779107,0.6038672,-1.1341949,-1.2067225,3.424221,-0.29278612,-3.247609,-0.96816105,-0.23910946,-2.430712,-0.23285602,0.6082402,4.0326085,84
0.5734161,0.8405674,-2.2379646,-0.29100335,0.3426204,-1.1532127,-1.4310842,3.2409062,-0.29294562,-2.8364038,-1.0303319,-0.43850735,-2.2017245,-0.4392754,0.33276057,4.0627246,84
3.142037,0.77095145,-2.6338956,0.8767328,-0.5999119,-0.26293588,-1.7385724,0.3537228,0.6422393,-5.7679176,-1.3854934,0.8671031,-4.297257,-0.5375139,-1.2258918,3.5814748,40
0.44922954,0.98980755,-1.5621525,0.14014733,0.120167166,-0.76348364,-1.4434595,1.68952,-0.10007687,-2.5852418,-0.62230873,-0.3661775,-1.6711296,-0.2082752,-0.29975373,2.7209058,84
0.5109317,0.78618115,-1.7739171,-0.32239994,0.26793784,-0.57378376,-1.1246934,2.1777484,-0.24006762,-2.7668307,-0.60620546,-0.09648469,-1.8181502,-0.123011485,-0.008676782,2.918818,84
0.67789906,0.92855364,-2.2593958,-0.33124027,0.3284999,-1.0942628,-1.4330745,3.2473137,-0.29955256,-2.9157562,-0.9724227,-0.42645127,-2.2177835,-0.40697953,0.37431204,4.022182,84
0.6912267,1.0069628,-2.2120996,-0.03336391,0.43289545,-0.8675814,-1.5057561,2.9819577,-0.48409653,-2.9197357,-0.686453,-0.35247618,-1.964493,-0.57041633,0.1352826,3.8400588,84
0.6494926,0.72719526,-1.440268,0.49978322,0.25185823,-0.80287004,-1.1851096,1.5202062,-0.16516645,-2.4333408,-0.48456308,-0.27913147,-1.9034295,-0.243304,0.24999437,2.6938167,84
0.3594212,1.1184406,-1.69306,-0.16507806,-0.084889494,-0.99975926,-1.4957454,1.9504368,0.070476845,-2.327058,-0.794014,-0.753522,-1.6145533,-0.23797359,0.016168699,2.9118955,84
0.69369584,1.054044,-2.0812757,-0.1403912,0.32247183,-1.0034087,-1.445543,2.7441363,-0.30304515,-2.7712593,-0.6863996,-0.5050309,-1.9843544,-0.2803285,0.39961022,3.4980154,84
0.7528583,0.9023897,-2.0663667,0.04496622,0.35341325,-1.177997,-1.2752707,2.9547412,-0.19683532,-2.8046887,-0.94877875,-0.5064,-2.1990077,-0.23437716,0.6026709,3.662901,84
0.8789616,0.82009536,-1.9845692,0.29983205,0.43642285,-1.278895,-1.1271255,3.049996,-0.11100565,-2.8683898,-1.0525723,-0.43976635,-2.3625455,-0.09584318,0.83023304,3.6493044,84
0.023181036,1.113298,-1.4730636,-0.13498917,-0.2171725,-0.64933056,-1.7582798,1.3534372,-0.041593418,-2.253809,-0.5862634,-0.67186326,-1.2696719,-0.17934388,-0.44154322,2.217147,81
1.0771457,0.6991181,-2.427963,-0.4161799,0.6349938,-1.0275189,-0.97915775,3.3843403,-0.44146615,-3.000356,-0.82109183,-0.17484948,-2.34159,-0.21875575,0.518041,4.0927486,84
1.8985673,1.7688447,-2.8833709,1.4908019,-0.99993753,-0.58413243,-1.9245231,0.0143846795,0.8359036,-5.223325,-0.6794479,-0.08071236,-2.1498315,-1.0645889,-1.5584128,3.8126774,84
0.9504433,0.85927206,-1.9618161,0.44809514,0.41407248,-1.2846481,-1.1514145,2.856894,-0.096058324,-2.8268561,-1.0158253,-0.47956645,-2.3198938,-0.077909246,0.77847624,3.5495603,84
1.1660551,0.82973385,-2.0370986,0.7507074,0.6217817,-1.2322036,-1.0711689,3.0611787,-0.18806057,-3.1018653,-0.9368684,-0.31386903,-2.4570193,-0.04886555,0.838857,3.6775217,40
0.68594706,0.79740155,-2.1661558,0.027509362,0.36147407,-1.2043911,-1.2702608,3.1251984,-0.24392925,-2.8178139,-1.0445813,-0.44656795,-2.2604804,-0.3525719,0.5470454,3.9353695,84
3.5576277,0.9001477,-2.6114933,1.1202732,-0.7090924,-0.24743727,-1.6465545,-0.11778273,0.7874052,-5.729651,-1.4496938,0.7751502,-4.557422,-0.23873588,-1.1692772,3.151099,40
0.5491623,0.9413907,-1.384868,0.41430056,0.10310966,-0.8230943,-1.3479598,1.2705652,0.013957471,-2.3830695,-0.5938936,-0.44607598,-1.6041604,-0.04157514,-0.18105263,2.3564963,84
0.70527524,0.8679418,-1.5596062,0.060103983,0.2447134,-0.651212,-1.1189406,1.6197938,-0.07722746,-2.6094337,-0.47094882,-0.20297074,-1.7727137,0.014933743,0.10776548,2.5413084,84
0.7938666,0.9094927,-2.022835,0.11067504,0.29280934,-1.1758409,-1.2779899,2.7150738,-0.15836264,-2.7535434,-0.9243141,-0.49904037,-2.183505,-0.17511654,0.58233213,3.4869869,84
0.8554717,0.9929127,-2.0774636,0.22857505,0.4168904,-0.8984025,-1.375901,2.7861998,-0.4233336,-2.81916,-0.6518837,-0.3938269,-2.0346065,-0.4430032,0.350211,3.6613905,84
0.7311598,0.66400725,-1.1727864,0.98788226,0.20967433,-0.91433614,-0.98621875,0.98146564,-0.00021739304,-2.1575823,-0.4473338,-0.44490242,-1.8069153,-0.10019722,0.46547252,2.2256172,84
0.4613785,1.1119121,-1.4885756,0.14882076,-0.120470464,-1.0490094,-1.4057677,1.4266946,0.11853617,-2.0947819,-0.6946149,-0.820119,-1.5469079,-0.025997374,0.21633175,2.3435054,84
0.82209533,1.1103768,-1.6115355,0.4775988,0.18979794,-1.1008655,-1.2772887,1.8069861,-0.095044866,-2.370475,-0.54581404,-0.6968255,-1.8396902,0.017332636,0.6526988,2.6385784,84
0.8911043,0.92408824,-1.7662197,0.5870252,0.28341,-1.208302,-1.0526226,2.3502867,-0.08165012,-2.5359087,-0.82737654,-0.6343929,-2.0941932,-0.03185278,0.85626596,3.0900528,84
1.1738682,0.89418787,-1.5722598,0.9188504,0.19379532,-1.2275078,-0.7615816,1.9911093,0.14967614,-2.4997747,-0.7933119,-0.6003314,-2.1672785,0.09997292,1.0057566,2.959964,40
0.09472759,1.1108655,-1.168526,0.26450813,-0.261408,-0.67699534,-1.5812314,0.77523583,0.11056586,-1.9231471,-0.49617994,-0.79155385,-1.0516502,-0.010330379,-0.33766472,1.720182,84
1.2245432,0.82254034,-1.91716,0.24128348,0.48842385,-1.1057782,-0.84510857,2.4488995,-0.15184866,-2.6996439,-0.6626607,-0.34721455,-2.2437036,0.04799612,0.7523347,3.2511816,40
2.051773,1.9288181,-2.5939982,1.6810855,-1.140684,-0.6254831,-1.7304428,-0.73323816,1.1740367,-5.061994,-0.48313257,-0.21038085,-2.099359,-0.93234235,-1.3033757,3.1604621,84
1.1899015,0.91047865,-1.5359787,1.1043795,0.15967983,-1.2050282,-0.77485776,1.7475373,0.18511124,-2.4710712,-0.737257,-0.61869854,-2.0940547,0.07127334,0.9267954,2.8562286,40
1.3287535,0.7229776,-1.7745838,1.288483,0.60691965,-1.343725,-0.8579893,2.480403,-0.0907992,-2.8031714,-0.8725061,-0.40734327,-2.408058,0.21894631,1.0834937,3.0887606,40
0.8817437,0.78143877,-1.9773115,0.5536995,0.34966186,-1.3179188,-1.1042451,2.5890274,-0.12234019,-2.6808236,-1.0003607,-0.535124,-2.250939,-0.1332942,0.75328517,3.4043846,84
3.7208178,0.90453464,-2.2048235,1.8206562,-0.82911944,-0.14668149,-1.3993533,-0.60006267,0.9244398,-5.4734144,-1.3562602,0.7042853,-4.478896,0.11456157,-0.81321293,2.484102,104
0.6552448,0.85590494,-1.0181619,0.9199313,0.070033684,-0.8782836,-1.0730462,0.7365423,0.1605331,-2.00254,-0.5256952,-0.5871618,-1.4755281,0.17796066,0.079598516,1.8624035,84
0.8951871,0.91580075,-1.304056,0.65556884,0.23332152,-0.7843593,-0.9791003,1.1222144,0.07296178,-2.4683764,-0.3561817,-0.3768568,-1.7515944,0.18681738,0.39721888,2.0692713,84
0.8746831,0.92113334,-1.6431824,0.7129518,0.20752263,-1.228219,-1.0492798,1.9549153,0.005287364,-2.4417148,-0.7890876,-0.65123636,-2.0224845,0.046558365,0.83008933,2.7630699,84
1.028349,0.9459453,-1.8887464,0.6831106,0.4256914,-1.0542763,-1.1706446,2.3483477,-0.29501623,-2.6394053,-0.61858314,-0.49345052,-2.062466,-0.20395254,0.6232406,3.253197,84
0.72631854,0.48984095,-1.0636884,1.4451201,0.28208333,-1.0480697,-0.73702955,0.81983095,0.09701177,-2.0698235,-0.5147747,-0.50262123,-1.7526389,-0.025781844,0.5809124,2.1276097,40
0.56910187,1.1027901,-1.295045,0.60603577,-0.121149845,-1.0975729,-1.2252438,1.0252266,0.18121621,-1.9327036,-0.6249125,-0.88131726,-1.487263,0.1397553,0.425475,1.9887224,84
0.84874684,1.1073183,-1.2125226,1.0993688,0.11933985,-1.1676358,-1.0454758,1.1316025,0.111047015,-2.1558986,-0.4733767,-0.8358439,-1.6945432,0.24049127,0.85077024,2.027203,84
0.9559987,0.87759304,-1.4434476,1.2861584,0.25923002,-1.3141092,-0.82659763,1.6258758,0.112962335,-2.3499322,-0.735417,-0.73767346,-1.9526,0.21299359,1.0149176,2.4024632,40
1.1392078,0.95856214,-1.1887238,1.6244503,0.0021717101,-1.1138452,-0.4654957,0.8836333,0.507153,-2.3725548,-0.5017697,-0.69415694,-1.7080115,0.16199915,0.846657,2.306192,40
0.21466686,1.0079777,-1.0729812,0.7671089,-0.13786916,-0.83202523,-1.3691432,0.6247519,0.17324325,-1.948247,-0.52545655,-0.79087394,-1.0694977,0.14847526,-0.13555637,1.5344863,84
1.199995,0.900372,-1.3333412,0.8939693,0.3337432,-1.0954403,-0.6021733,1.5380421,0.09220451,-2.2940197,-0.45678014,-0.5727684,-1.9563648,0.29409117,1.0048261,2.333416,40
2.1622183,2.0496686,-2.3626537,1.9688603,-1.2911761,-0.64868784,-1.6621511,-1.5172666,1.3461955,-5.040943,-0.28449562,-0.2639016,-2.0760283,-0.73619354,-1.1132557,2.4553072,13
1.1650064,0.9896553,-1.2771933,1.7022873,-0.03816177,-1.0738449,-0.50935394,0.68016833,0.48992658,-2.410757,-0.45856065,-0.66039425,-1.6590003,0.09211844,0.71296805,2.2656186,40
1.3453783,0.63638407,-1.4155142,1.61401,0.4944274,-1.2795732,-0.74930453,1.8508102,0.065013185,-2.5084424,-0.7084396,-0.4431934,-2.2249002,0.30310977,1.2115936,2.5640364,40
0.9989036,0.74772733,-1.6062568,1.2652279,0.2829424,-1.440933,-0.86008394,1.76512,0.10526846,-2.4467168,-0.911378,-0.6768438,-2.1326354,0.17106274,0.9888397,2.5945144,40
4.17529,1.0486313,-2.3918874,2.3490863,-1.2889165,-0.6809379,-0.8623836,-1.0213943,1.5165504,-6.663495,-1.3990388,0.7963884,-5.3167405,0.027915515,-0.08736208,2.9383686,104
0.7988782,0.6426084,-1.0306846,1.4014214,0.24230355,-1.0069216,-0.78014904,0.93335325,0.159177,-2.0406952,-0.6043874,-0.56783336,-1.5864792,0.28433022,0.40533525,1.9705817,84
0.9788,0.85314566,-1.0801042,1.1929243,0.25654262,-0.8728335,-0.7421646,0.9099711,0.16598266,-2.3734956,-0.29839924,-0.49586076,-1.7337357,0.31085467,0.6944489,1.8208306,84
0.9371888,0.8630399,-1.4003711,1.2872839,0.2097668,-1.3112628,-0.81630236,1.4464449,0.16169849,-2.316421,-0.7246356,-0.72962296,-1.927585,0.24017614,1.0035877,2.2692423,40
1.0732169,0.8519674,-1.5217702,1.3723856,0.40498158,-1.2143027,-0.9078273,1.6061698,-0.07740869,-2.4058485,-0.54138374,-0.619237,-1.963323,0.10038945,0.8953975,2.5234492,40
0.7272937,0.24529624,-1.1830345,1.722701,0.45969996,-1.1236699,-0.5266644,1.0960823,0.037388057,-2.1194568,-0.60804486,-0.4365364,-1.8066984,0.018494785,0.64889234,2.2631829,40
0.78927076,1.0125048,-1.4465533,1.0647787,0.07145047,-1.2435913,-1.0046144,1.2294934,0.1275653,-2.1406417,-0.6747379,-0.8496323,-1.6671553,0.20183015,0.6787961,2.1201873,84
0.86580056,0.99196875,-1.3190252,1.4293063,0.24394381,-1.2091217,-0.9060491,1.2922461,0.028305277,-2.3158393,-0.5047424,-0.78147346,-1.7319119,0.22421673,0.93099123,2.1305404,84
1.02889,0.7819221,-1.4309572,1.5089674,0.23713633,-1.3244078,-0.76340014,1.5009269,0.16856162,-2.5089164,-0.6713731,-0.6476849,-2.064173,0.19575197,1.1824636,2.3553631,40
0.9498475,1.1324818,-1.3953222,1.9225858,-0.15748689,-0.78761286,-0.5050999,0.15138793,0.6509722,-2.7557998,-0.23968124,-0.5752622,-1.164788,-0.10452128,0.090319335,2.1852844,84
0.4687057,0.95747936,-1.1465669,1.130153,-0.29855865,-0.80502135,-0.87378395,0.2249726,0.3212199,-2.1474469,-0.3102077,-0.72717494,-1.1271605,0.14335217,0.020048097,1.6603237,84
1.1813006,0.8560393,-1.2279342,1.2682946,0.26766825,-1.0289977,-0.47909397,1.1907907,0.21195386,-2.3132634,-0.332926,-0.5469626,-1.8412379,0.17820576,0.9637086,2.2268274,40
2.183224,2.1033642,-2.3337085,2.302166,-1.3549074,-0.53050727,-1.6974964,-1.8949649,1.2116091,-5.162834,-0.06131117,-0.20395495,-2.0053935,-0.6562903,-0.99244505,2.0073748,13
1.0675175,1.190642,-1.6160852,2.080203,-0.2171947,-0.7915103,-0.6229916,0.0069093034,0.68609744,-3.092282,-0.2193341,-0.5131669,-1.2393616,-0.20359737,-0.04559005,2.2416463,84
1.205315,0.5985736,-1.3492855,1.5560204,0.41638532,-1.214975,-0.6509937,1.6452342,0.08561592,-2.3192668,-0.6305681,-0.5810095,-2.0489893,0.30351254,1.2759926,2.4151442,40
1.2006271,0.5890479,-1.785991,1.5055735,0.4706647,-1.4787936,-0.6835805,2.0936356,0.029500023,-2.5978503,-1.0142162,-0.566373,-2.2573268,0.18759829,1.075563,2.800749,40
4.559834,2.1314979,-4.0612397,3.4546876,-1.9176404,-0.8980863,-1.7971227,-1.8842137,1.662076,-9.717004,-0.94576406,0.9927032,-6.031001,-0.38639867,-0.16306949,3.33335,104
0.90446657,0.42454937,-1.2643529,1.5949603,0.27655312,-1.19172,-0.7700216,1.1151508,0.15918016,-2.4615037,-0.6364882,-0.4228149,-2.0126636,0.2786017,0.7975328,2.1955786,40
0.98506254,0.6984067,-1.1381805,1.4213794,0.2464895,-0.8990967,-0.7035906,0.8857713,0.107206546,-2.4727364,-0.21635473,-0.4292723,-1.8250633,0.26633736,0.8330362,1.8942971,40
1.0506157,0.7669682,-1.5117507,1.4840802,0.24102202,-1.3073269,-0.74657726,1.5186044,0.1727047,-2.5464725,-0.69130623,-0.6216813,-2.077616,0.19321209,1.1403756,2.397087,40
1.1490538,0.7329393,-1.4499401,1.7956287,0.33872113,-1.2124104,-0.73802996,1.2803823,0.07328734,-2.56952,-0.4676721,-0.5601902,-2.0444682,0.10988106,1.0258927,2.3881643,40
0.5123458,0.13063046,-1.0068321,1.5847046,0.33203834,-0.95245403,-0.5683621,1.1569756,0.014180452,-1.8587548,-0.6276647,-0.41255534,-1.7273722,-0.01247976,0.70777756,2.2124875,40
0.83017,0.8898583,-1.4408427,1.3559115,-0.016114578,-1.2170509,-0.7741489,1.2080944,0.25945938,-2.4055352,-0.66713023,-0.73935765,-1.8374358,0.18322355,0.8377593,2.248188,40
0.70256716,0.9484804,-1.2022016,1.4207885,0.104527175,-1.065778,-1.0011286,1.3125625,0.08242467,-2.346754,-0.48265672,-0.73492247,-1.7656931,0.10240835,1.0041726,2.1317918,84
0.826989,0.7955206,-1.3124804,1.4156193,0.099901974,-1.0913124,-0.68525416,1.4320865,0.16745165,-2.3033004,-0.58578587,-0.76733816,-1.7695138,0.08494951,1.1457219,2.2588446,40
0.8045595,1.3001462,-1.5106801,1.9497353,-0.5791129,-0.3036559,-0.73993665,-0.57460344,0.6454485,-2.9799929,-0.006566435,-0.48444164,-0.7632077,-0.3734305,-0.3209467,1.9262292,84
0.45106602,1.2705383,-1.5673921,1.7614647,-0.5730305,-0.6353281,-1.004556,-0.6671735,0.70137775,-3.26347,-0.044646442,-0.5203984,-0.84671795,-0.1679099,-0.7111682,1.695945,84
1.0075755,0.8747968,-1.3706203,1.1635053,0.3504819,-0.9929386,-0.72702754,1.5587329,0.0503304,-2.3728275,-0.39114517,-0.5409631,-1.8341844,0.11841391,0.9430036,2.330262,40
2.1056428,2.125594,-2.4684741,2.5748396,-1.3678381,-0.3676922,-1.8010104,-1.9486945,1.0075289,-5.4742336,0.12670094,-0.080243506,-1.9423707,-0.63418245,-0.9359853,1.8247449,13
0.9612363,1.4071056,-1.7407937,2.1608224,-0.6912215,-0.303073,-0.9155399,-0.7293615,0.6476729,-3.4336998,0.015767217,-0.4136327,-0.91012335,-0.42446193,-0.44383562,1.9529244,84
1.0153452,0.58447653,-1.2481972,1.2981496,0.32732117,-0.997936,-0.6973176,1.5924294,-0.040222034,-1.9879174,-0.55788183,-0.6853321,-1.8469081,0.2576288,1.3193903,2.2151673,40
1.05326,0.4717038,-1.6080233,1.2374841,0.36439726,-1.2755896,-0.7211378,2.0174704,0.016424105,-2.272455,-0.99718434,-0.5173602,-2.1428246,0.18426779,1.1009178,2.6060855,40
4.0562215,2.0290546,-3.8387575,2.9819818,-1.9515665,-0.7999167,-1.5937164,-1.9042432,1.2801441,-8.565308,-0.77604985,0.608525,-5.2727304,-0.34077114,-0.42408752,3.1259074,104
0.7274202,0.41045523,-1.1832983,1.4202933,0.1584628,-1.0921419,-0.778019,1.1203833,0.03453836,-2.210587,-0.5146653,-0.59509116,-1.8903052,0.255075,1.0523736,2.0482168,40
0.8754464,0.6907188,-1.1680975,1.4269098,0.19109988,-0.8888778,-0.699363,0.9943853,0.10926144,-2.4802122,-0.19332245,-0.52946454,-1.8259969,0.22969306,1.0114822,1.9442911,40
0.87486166,0.737359,-1.4353607,1.3598285,0.12651867,-1.1593747,-0.67882925,1.4840164,0.16313279,-2.3951473,-0.63187677,-0.72279125,-1.882596,0.1388816,1.1681542,2.2852156,40
1.0197747,0.71857464,-1.3820511,1.7355927,0.27020252,-1.0985053,-0.69274336,1.3983437,0.074475855,-2.49015,-0.46030438,-0.6410859,-1.967124,0.060377,1.0956037,2.3851848,40
0.39297724,0.2921788,-0.947444,1.2523141,0.08215627,-0.798016,-0.6561314,0.91972995,-0.06605537,-1.6337917,-0.46820962,-0.635121,-1.5321184,0.03535182,0.81580776,1.972075,84
0.6175213,0.8259431,-1.349244,1.3175792,-0.08806482,-1.1428857,-0.7724645,1.3145036,0.2549286,-2.4041052,-0.6725589,-0.77521014,-1.7923247,0.16907069,0.981319,2.1526406,40
0.5897696,1.073491,-1.1832635,1.2629524,-0.05968821,-0.87187165,-1.055413,1.076942,0.12086099,-2.3028564,-0.37295362,-0.81242174,-1.556562,0.071937844,0.80935997,1.9964479,84
0.54545265,0.8423503,-1.1959691,1.1103617,-0.043548457,-0.85782886,-0.7756137,1.2086807,0.11770515,-1.9959285,-0.5152098,-0.8474454,-1.4658573,0.078880444,0.96135324,1.9987447,84
0.65219164,1.4130188,-1.8116176,2.0222335,-0.78278434,-0.24031007,-0.9136488,-0.8703174,0.63374144,-3.292489,0.03148076,-0.48873293,-0.64346015,-0.49136445,-0.50491667,1.9198542,84
0.5066378,1.5610416,-1.9431523,2.1050868,-0.8638474,-0.4999057,-1.3574262,-1.0590233,0.7632165,-4.0981884,0.008680582,-0.38495797,-0.8774666,-0.35829926,-0.94951266,1.7037802,84
0.67967355,0.932929,-1.1390469,1.1292865,0.16697222,-0.80810887,-0.80640244,1.0513052,0.11218858,-2.0513194,-0.27625108,-0.7091206,-1.3924962,0.106301725,0.7476335,1.9031067,84
2.1423488,2.0607977,-2.361813,2.62914,-1.4645356,-0.3539115,-1.5565686,-1.8320657,1.056931,-5.407295,0.07778761,-0.10306199,-2.009266,-0.6022483,-0.7584936,1.8548632,13
0.8095659,1.5063266,-1.9414742,2.173429,-0.8677299,-0.23469597,-1.0299008,-0.9837673,0.655076,-3.5791528,0.04061556,-0.46097374,-0.74963695,-0.49569458,-0.5947392,1.9569942,84
0.96411663,0.6993871,-1.3875697,1.3178205,0.22510943,-0.9235989,-0.7318711,1.4359224,-0.1262926,-2.0513527,-0.43427956,-0.7877154,-1.7906202,0.22599682,1.280124,2.1318324,40
0.62259036,0.49540773,-1.3537738,1.0268037,0.13675636,-1.050076,-0.5985818,1.4616894,0.042340234,-1.7679433,-0.77694833,-0.78250974,-1.606845,0.21578145,1.0519049,2.1582363,40
3.7123165,1.8951052,-3.581389,2.3676767,-1.7658151,-0.77563184,-1.31249,-1.7046525,1.2522628,-7.393498,-0.78287053,0.20469178,-4.617978,-0.22012442,-0.61831737,2.9688916,104
0.7011021,0.48420876,-1.1743066,1.2085149,0.09571299,-1.0320245,-0.8746618,1.3296714,-0.10419454,-2.0387888,-0.5256131,-0.7212214,-1.9025007,0.27240273,1.2687113,1.9686917,40
0.87131923,0.7437632,-1.1599721,1.2869327,0.15420306,-0.8984909,-0.8884708,1.0978355,0.0030958802,-2.3353653,-0.23915154,-0.640793,-1.8364468,0.24253154,1.1050489,1.8508284,40
0.5913553,0.7911442,-1.2863231,1.067831,-0.02694808,-0.9167998,-0.76173365,1.2173389,0.114221275,-2.0391328,-0.52744746,-0.8271417,-1.5501591,0.15024307,0.9962482,1.9801079,84
0.7331096,0.822892,-1.2475598,1.45038,0.12599257,-0.85766363,-0.8551147,1.145008,0.041952133,-2.1806107,-0.41239962,-0.72374123,-1.5866123,0.022245884,0.7984938,2.122224,84
0.4802848,0.523682,-1.1705742,0.9822229,0.021759406,-0.9013732,-0.92616665,1.0162065,-0.2135394,-1.7136409,-0.3980807,-0.828408,-1.6301248,0.14875153,1.0425394,1.8435848,84
0.43693632,0.92428565,-1.320148,0.9223548,-0.16044712,-0.9866347,-0.9706481,1.3558135,0.105283156,-2.1960425,-0.63739383,-0.87942904,-1.6740327,0.19636968,1.0210471,1.9420185,84
0.48982877,1.1804135,-1.2564737,0.9358779,-0.13121319,-0.8098586,-1.2200744,0.9834282,0.0024752766,-2.1228204,-0.32834336,-0.9233931,-1.4108127,0.103459954,0.7327488,1.8190726,84
0.45109904,0.987973,-1.4042419,0.9169736,-0.121327996,-0.81450313,-0.9095681,1.0269865,-0.009136528,-1.998424,-0.41264623,-0.9276154,-1.352963,0.10974565,0.8435721,1.8505824,84
0.64404345,1.5932161,-2.0259593,1.8929106,-0.91989505,-0.28460872,-1.1304805,-1.2327706,0.5925225,-3.3706129,0.08692911,-0.60515255,-0.5211477,-0.46089053,-0.8743812,1.7993797,84
0.43759727,1.7159754,-2.0579703,1.976991,-1.0010478,-0.38445815,-1.4171135,-1.2474847,0.7972523,-4.0265474,0.03320712,-0.49087757,-0.70096564,-0.4725238,-1.1221514,1.7226217,84
0.61579466,1.0066893,-1.1301998,0.9276676,0.08477104,-0.78580844,-0.9980881,0.97005606,-0.021443844,-1.7786992,-0.23291256,-0.8699194,-1.3161999,0.100160286,0.8211288,1.7994028,84
2.3228202,2.0557685,-2.5288355,2.6131368,-1.4803345,-0.3989787,-1.3621025,-1.6627591,1.0628564,-5.359575,0.022625983,-0.25295123,-2.0741649,-0.5952018,-0.70223606,1.9655166,13
0.8379293,1.7042416,-2.1329312,1.9982883,-1.0130582,-0.3062327,-1.1958373,-1.3655909,0.6801102,-3.6467485,0.09356016,-0.5867331,-0.6388855,-0.44297284,-0.92249554,1.8225079,84
0.8147691,0.7453044,-1.3711466,0.92993367,0.11003566,-0.8997653,-0.91578096,1.2047899,-0.27366495,-1.7904837,-0.393889,-0.778426,-1.6822834,0.35267183,1.1069827,1.8588811,84
0.3782285,0.615815,-1.396985,0.8996755,-0.041001603,-0.87116367,-0.6924056,1.1940882,-0.009211525,-1.8854396,-0.6424134,-0.7597648,-1.488248,0.23641929,0.8671461,1.9816742,84
3.1917164,1.6527976,-3.192878,1.8642133,-1.5138057,-0.8223514,-1.1427116,-1.6062056,1.1423674,-5.831206,-0.81816345,-0.25145805,-3.6079254,-0.21378188,-0.8762129,2.7311988,13
0.61481756,0.5432729,-1.2385955,1.0457665,0.042440474,-1.0135484,-0.95849717,1.1375647,-0.21221583,-1.9150485,-0.4834876,-0.7251534,-1.7788031,0.29798576,1.151597,1.840217,84
0.8391331,0.7734989,-1.2048889,1.1991673,0.11236665,-0.873359,-0.92991954,1.0070066,-0.08650826,-2.167323,-0.2205396,-0.71753865,-1.7290127,0.22332546,1.0306838,1.7997494,84
0.4922834,0.9796437,-1.4274449,0.8753995,-0.14899984,-0.83872396,-0.8731459,1.0300034,0.06296463,-2.0236578,-0.45463818,-0.9479626,-1.4161398,0.17447051,0.8480407,1.8666792,84
0.7073973,0.9568274,-1.4290501,1.1840141,0.04305646,-0.8505472,-1.0201805,0.9752932,-0.0970407,-2.0475125,-0.3434845,-0.86293304,-1.4548023,0.066382214,0.7545661,1.9568486,84
0.38379908,0.61380637,-1.2725736,0.7530551,-0.06875858,-0.9536123,-1.0698808,0.7644042,-0.25406295,-1.6837885,-0.41498545,-0.8498464,-1.5204537,0.16697985,0.8940608,1.7131724,84
0.29510456,1.0178155,-1.4173138,0.5893167,-0.25049838,-0.9602007,-1.059453,1.1739434,0.061154485,-2.0449586,-0.6274749,-0.9508615,-1.5356054,0.23771665,0.905603,1.7908121,84
0.42343867,1.1619668,-1.2748291,0.65162396,-0.18743174,-0.82220674,-1.2705843,0.9046782,-0.06301783,-1.9312785,-0.37661707,-0.9393388,-1.3703318,0.14303145,0.77159494,1.6929,84
0.29959106,0.977744,-1.4212976,0.5319975,-0.19989069,-0.8056807,-1.1000018,0.86521894,-0.18345867,-1.7271823,-0.42811406,-0.9055573,-1.2645572,0.23198226,0.74912083,1.6121956,84
0.7518003,1.8144879,-2.3143024,1.770295,-1.0482823,-0.35209695,-1.3026521,-1.5781875,0.69285953,-3.5791852,0.10138631,-0.6696836,-0.5071687,-0.43683904,-1.1598799,1.7521445,81
0.39629424,1.8572116,-2.2192957,1.7436389,-1.0463562,-0.42639166,-1.4308646,-1.453043,0.8521861,-3.861899,0.08030915,-0.65380293,-0.51174974,-0.49185523,-1.2991319,1.6533937,81
0.6502603,1.1634518,-1.2662866,0.7532717,-0.014452338,-0.7982956,-1.0714692,0.81611454,0.017688647,-1.8524795,-0.20121312,-0.93634784,-1.2775655,0.121610984,0.66983944,1.7080402,84
2.3524191,2.031067,-2.7650096,2.3468914,-1.5429811,-0.55326205,-1.4009514,-1.741627,1.0466791,-5.2667346,-0.0815807,-0.37966603,-2.1494312,-0.56516105,-0.8698627,2.0532055,13
0.8154507,1.7964177,-2.3005035,1.872388,-1.0694308,-0.3859913,-1.3122852,-1.5877242,0.71589077,-3.646718,0.07713431,-0.6589947,-0.56310403,-0.45476818,-1.1086991,1.8133128,81
0.6268184,0.9358413,-1.4547715,0.7274958,0.04256633,-0.8673513,-1.0514964,0.9811169,-0.32717496,-1.7462907,-0.26948175,-0.8292318,-1.4470161,0.39555645,0.9128453,1.689877,84
0.28550458,0.82418746,-1.4862044,0.5712748,-0.2816711,-0.8842823,-0.9185231,0.9172668,-0.014457494,-1.9551214,-0.73323774,-0.8307809,-1.5457867,0.29427204,0.68627983,1.8488542,84
3.1973603,1.5916086,-3.299698,2.1285782,-1.4165273,-1.0572885,-1.2295003,-1.6319366,1.3161491,-5.891965,-0.87337464,-0.3067002,-3.5580263,-0.3580491,-0.74176794,2.8313568,13
0.47962618,0.70191705,-1.3406198,0.7438165,-0.03198774,-0.9519476,-1.0256689,0.898951,-0.23713575,-1.725188,-0.3836475,-0.79077166,-1.5108924,0.3011013,0.91106135,1.6590754,84
0.70698357,0.7718475,-1.1687565,0.88108003,0.08476025,-0.8597741,-1.0192192,0.90551525,-0.17819847,-1.8518509,-0.23290361,-0.7081825,-1.5930294,0.24238348,0.9391306,1.665799,84
0.36261117,1.0149403,-1.4664521,0.4691286,-0.2384572,-0.8370335,-1.0635525,0.88040614,-0.07716827,-1.7859285,-0.507708,-0.9417006,-1.3430291,0.2751492,0.7443815,1.6568099,84
0.5009875,0.8953324,-1.3966159,0.7037004,-0.05112181,-0.813823,-1.1507728,0.71823084,-0.28655952,-1.6858423,-0.30349022,-0.82057273,-1.2730932,0.17894259,0.68739957,1.6209124,84
0.29014844,0.75260925,-1.3915373,0.51783067,-0.10187243,-0.9964306,-1.2125862,0.6062011,-0.2794789,-1.6700983,-0.42519766,-0.86708397,-1.4028176,0.17620942,0.7543107,1.6129189,84
0.2083167,0.97905123,-1.4528186,0.3642581,-0.29414237,-0.9435416,-1.1480315,1.0034448,-0.05177687,-1.842083,-0.6251713,-0.9310926,-1.4263214,0.27368394,0.83824354,1.6479106,84
0.39849424,1.2119704,-1.3808441,0.42052937,-0.18715747,-0.8825824,-1.358926,0.7880981,-0.10811265,-1.7945473,-0.36874735,-0.9723646,-1.313979,0.17974153,0.72730446,1.6076415,84
0.17636679,1.1647091,-1.552217,0.32960838,-0.26885074,-0.87801355,-1.3280482,0.60879725,-0.18397622,-1.728781,-0.39579308,-0.97227436,-1.1581484,0.25904852,0.59905374,1.5470209,84
0.73176485,1.799043,-2.380392,1.6896733,-1.0579708,-0.46134868,-1.399004,-1.7438296,0.7651847,-3.6130624,0.06619793,-0.6613155,-0.5433184,-0.44065306,-1.237731,1.7560813,81
0.3842796,1.9381846,-2.2854953,1.5447198,-1.092611,-0.47202885,-1.4713802,-1.6107013,0.94090885,-3.756079,0.08206195,-0.7651315,-0.41114348,-0.4817814,-1.4490948,1.5960518,81
0.62591136,1.1083426,-1.2550976,0.5340151,0.0047976226,-0.83567816,-1.2310405,0.8024114,-0.16593681,-1.7428412,-0.25274003,-0.8368032,-1.3864788,0.2480039,0.7047329,1.5850309,84
2.4136484,2.1844716,-3.028346,2.1274838,-1.6079623,-0.6431328,-1.4663382,-1.7990702,1.1823506,-5.5066643,-0.09003495,-0.5151441,-2.229621,-0.48779786,-1.0460038,2.0839417,13
0.8025569,1.7930773,-2.378107,1.7789668,-1.0836713,-0.48036334,-1.3917968,-1.7433045,0.8032549,-3.708685,0.059572875,-0.62989765,-0.6288721,-0.4236322,-1.1948183,1.7989658,81
0.4412645,0.983666,-1.427837,0.5749093,-0.023680404,-0.94450647,-1.1715173,0.6986533,-0.25408858,-1.5794361,-0.28165448,-0.90375125,-1.2371342,0.36254808,0.7190205,1.6166133,84
0.19030194,0.9357349,-1.714613,0.20696038,-0.31377298,-0.9409255,-1.1626632,0.77601,-0.16687672,-1.8585975,-0.6816313,-0.85854155,-1.4779468,0.3563525,0.6458104,1.6374097,84
2.921651,1.2153252,-3.062947,2.2862763,-1.2879119,-1.2026366,-1.077912,-1.6478876,1.3350216,-5.499878,-0.8308142,-0.23429109,-3.4140594,-0.45327497,-0.42395437,2.827302,13
0.33241236,0.8408058,-1.3838977,0.6221616,-0.07606902,-1.0227814,-1.202873,0.6816242,-0.20050205,-1.731288,-0.35142758,-0.84155655,-1.386923,0.32772437,0.76504546,1.5947444,84
0.6177383,0.93575364,-1.1515785,0.8528893,0.07237911,-0.8905979,-1.1160237,0.8184806,-0.08708383,-1.8674384,-0.19903438,-0.76379836,-1.4557163,0.25327328,0.7851925,1.6645075,84
0.24199979,1.2159137,-1.6494656,0.27558845,-0.28320065,-0.88040906,-1.2974422,0.7150132,-0.11652969,-1.8036137,-0.45796633,-1.0184995,-1.2333916,0.27615288,0.6163927,1.6051638,84
0.2929172,1.0853468,-1.3982198,0.46727842,-0.14792874,-0.79419446,-1.3626487,0.5626309,-0.31131548,-1.6226091,-0.26408508,-0.8741818,-1.1301255,0.20285445,0.5413568,1.5349345,84
0.16251428,0.9776942,-1.4554255,0.3611719,-0.19482547,-1.0215732,-1.3711467,0.33488187,-0.16132809,-1.6834315,-0.41089457,-0.9405602,-1.221869,0.14740147,0.4857368,1.5477101,84
0.10910107,1.1503931,-1.5821404,0.24301189,-0.37979102,-0.91509694,-1.3388453,0.7424497,-0.060169294,-1.8611859,-0.5936439,-0.9959823,-1.2892733,0.24996814,0.584806,1.6301016,84
0.3503846,1.3309284,-1.4831814,0.4333133,-0.20419261,-0.89937085,-1.4719896,0.61539847,-0.06707515,-1.8749083,-0.34400508,-0.9911544,-1.2230568,0.14620681,0.5418502,1.6182841,84
0.069209784,1.3055643,-1.5654813,0.15416372,-0.35461253,-0.8867879,-1.459666,0.410587,-0.10720922,-1.6345854,-0.40255296,-1.0674734,-1.0079259,0.19701043,0.37742198,1.5006139,84
0.63246137,1.8180034,-2.326682,1.6733476,-1.0401928,-0.56170326,-1.4527423,-1.7434341,0.8894686,-3.656126,0.01699847,-0.6892114,-0.5349982,-0.46044993,-1.277432,1.7748286,81
0.41476816,2.0199997,-2.3902729,1.4876721,-1.151458,-0.4427053,-1.5057747,-1.7187736,1.0274398,-3.836436,0.09515837,-0.79758084,-0.41064513,-0.49787304,-1.5598705,1.606477,81
0.6587079,1.2526987,-1.3502283,0.5988357,-0.038757518,-0.8705603,-1.3183119,0.5390844,-0.026683688,-1.8600613,-0.2379472,-0.86227727,-1.3212987,0.18752378,0.4689421,1.6576291,84
2.5027943,2.3318594,-3.2555118,1.9641126,-1.6709001,-0.771196,-1.6197829,-1.9288173,1.3877736,-5.914523,-0.1555747,-0.52726346,-2.4287708,-0.47121885,-1.1910222,2.1001897,13
0.710682,1.819081,-2.3275523,1.678768,-1.0552933,-0.55070144,-1.4067411,-1.7236861,0.93240994,-3.6664548,0.014780968,-0.6887948,-0.57993245,-0.43282008,-1.2521105,1.7859788,81
0.35448778,1.1378318,-1.408441,0.48627627,-0.11467077,-1.0204446,-1.3346305,0.42514992,-0.08637796,-1.576896,-0.307941,-0.9942216,-1.0818156,0.2896892,0.4648314,1.584781,84
-0.090861805,1.0020778,-1.6472582,-0.033625543,-0.39937174,-0.9574833,-1.3746073,0.54775834,-0.23945622,-1.5614635,-0.6521434,-0.9537695,-1.2131493,0.32759058,0.49796617,1.5105629,84
2.7008512,0.9047283,-2.7057846,2.328117,-1.2611197,-1.1693642,-0.9179851,-1.5987855,1.3180432,-5.169499,-0.8163333,-0.06337088,-3.3507748,-0.5394891,-0.18017538,2.773694,13
0.27721196,0.9775143,-1.382878,0.4654358,-0.14828174,-0.99036896,-1.2903347,0.5233225,-0.12447725,-1.6085489,-0.35180002,-0.9546368,-1.2228519,0.2639527,0.58187234,1.5523901,84
0.6328526,1.0016345,-1.1411208,0.77429175,0.03675708,-0.94126064,-1.191488,0.653084,0.019492194,-1.8038777,-0.21228276,-0.83467865,-1.3959266,0.22560975,0.65810156,1.6429306,84
0.088681355,1.3197466,-1.6562898,0.05613306,-0.40104315,-0.94744,-1.4643371,0.44143087,-0.025184855,-1.7154243,-0.4955944,-1.1000959,-1.1149329,0.24869499,0.40080303,1.531973,84
0.25051498,1.2765115,-1.4212865,0.2334826,-0.28932184,-0.82298523,-1.4728234,0.21071526,-0.122645125,-1.5797873,-0.27508703,-0.97462416,-1.0039469,0.19567919,0.27186662,1.4490415,84
0.074910656,1.0993646,-1.5061961,0.17382067,-0.23650041,-1.0409468,-1.4320309,0.15238617,-0.023931518,-1.5963342,-0.35613254,-1.0076575,-1.0721322,0.11346513,0.32418436,1.4361326,84
-0.055394724,1.2953931,-1.6526015,-0.026888758,-0.5109017,-0.913589,-1.4676077,0.5008374,0.08346452,-1.7976197,-0.6436765,-1.0832089,-1.1748514,0.18080652,0.35982323,1.5886446,84
0.33882135,1.4186474,-1.5422666,0.38396418,-0.24318591,-0.9546131,-1.5338871,0.4526071,0.06665632,-1.8966602,-0.3637362,-1.0414689,-1.1716465,0.09662236,0.39515483,1.6176169,84
-0.09290926,1.3685648,-1.5835085,-0.01576978,-0.4340229,-0.97193813,-1.540637,0.17983821,0.08641046,-1.6517808,-0.4294475,-1.1029731,-0.9296337,0.16431946,0.21240005,1.4436613,81
0.74893034,1.8811914,-2.430949,1.8858484,-1.035222,-0.629977,-1.4873197,-1.7317301,0.93479365,-3.9344084,0.055724293,-0.69737697,-0.6647869,-0.49761048,-1.2846296,1.8528903,81
0.42224813,2.0592463,-2.4364736,1.4828264,-1.1507702,-0.49223205,-1.5088315,-1.7258021,1.1385016,-3.9257128,0.05897993,-0.8277082,-0.45020682,-0.53709364,-1.575165,1.6538398,81
0.63135654,1.3497286,-1.3782738,0.4927191,-0.07232401,-0.9689302,-1.3517275,0.42571157,0.17419946,-1.9225014,-0.2803415,-0.9280826,-1.3126521,0.15027823,0.36333174,1.6630639,84
2.4774945,2.272515,-3.3172765,1.8280822,-1.6777405,-0.8545202,-1.6472449,-2.0338304,1.552558,-6.2056184,-0.2134521,-0.37370342,-2.6676023,-0.504928,-1.1380584,2.086382,13
0.79505277,1.8636281,-2.422575,1.8779947,-1.0456638,-0.6430065,-1.4544742,-1.7228609,0.98044276,-3.926738,0.031240314,-0.7035803,-0.6897382,-0.47653818,-1.2544982,1.8611888,81
0.33564526,1.2436265,-1.394628,0.40531844,-0.16479613,-0.9834165,-1.3865514,0.34889013,0.0021285713,-1.5716143,-0.27883777,-1.0738102,-0.98959017,0.22180405,0.3171902,1.5323973,84
-0.28459555,1.0318921,-1.5957302,-0.19460465,-0.46685874,-0.9923533,-1.4484701,0.31137437,-0.089046136,-1.4808717,-0.64324844,-0.9646801,-1.0810997,0.3023384,0.34431624,1.4253287,84
2.8236055,0.68610966,-2.772585,2.4143057,-1.2085811,-1.2770756,-0.8995138,-1.5660754,1.2921363,-5.510297,-0.8493562,0.17729868,-3.7862425,-0.62358546,-0.023982279,2.782163,13
0.25167638,1.1129912,-1.4469038,0.32762855,-0.20322083,-0.9936052,-1.3268359,0.3383224,0.015492052,-1.5618503,-0.31551573,-1.0710845,-1.063576,0.18991545,0.37876832,1.4889959,84
0.68780714,1.1056864,-1.2023863,0.71360505,0.030738816,-0.98318183,-1.1956999,0.5695744,0.14217082,-1.7934884,-0.21489093,-0.950478,-1.3188924,0.15662584,0.5252989,1.6537725,84
-0.08783639,1.3481895,-1.6281801,-0.06864607,-0.46087298,-0.96872914,-1.5293906,0.27389216,0.0728731,-1.6496842,-0.49216628,-1.1225604,-0.9960218,0.19880679,0.27486193,1.4723454,84
0.15901883,1.3937882,-1.4816612,0.11696923,-0.34608895,-0.87675637,-1.52437,0.00021273643,0.064399704,-1.5752536,-0.26973027,-1.0502088,-0.88181883,0.11661641,0.09729914,1.41938,81
0.0512629,1.1514559,-1.5295882,0.11962485,-0.25707796,-1.0538746,-1.4066186,0.024348661,0.109790325,-1.5938776,-0.32144195,-1.0788394,-0.98141056,0.061221674,0.21671423,1.3987097,84
-0.21447223,1.3330537,-1.6948527,-0.27666932,-0.57063746,-0.92879313,-1.5136912,0.33070576,0.20034464,-1.7747211,-0.66424406,-1.1021354,-1.1071107,0.17727405,0.23397908,1.4825636,81
0.2900135,1.425405,-1.5251793,0.34458065,-0.26439342,-0.977045,-1.5288172,0.36156312,0.15350497,-1.922854,-0.36078298,-1.0600129,-1.1370419,0.06708695,0.3292893,1.5782305,84
-0.14049771,1.3628922,-1.5412194,-0.029851109,-0.45413667,-0.9890405,-1.5450385,0.13283357,0.18012695,-1.6887271,-0.45057026,-1.1281235,-0.9064555,0.14572097,0.13635486,1.4210454,81
0.86568016,1.8789127,-2.4859843,1.9770869,-1.0099252,-0.7271308,-1.4489958,-1.6983647,1.0236884,-4.1861734,0.049949586,-0.69891924,-0.84861004,-0.4578077,-1.2584314,1.884356,81
0.5018925,2.0726655,-2.4676104,1.6903414,-1.1239421,-0.5456944,-1.5068936,-1.669692,1.161755,-4.151666,0.045478046,-0.81732666,-0.5594844,-0.57214403,-1.5118375,1.743797,81
0.6270902,1.3616436,-1.3804293,0.5277899,-0.077445686,-1.014407,-1.2975495,0.44610643,0.32458705,-2.032684,-0.30905733,-0.97403294,-1.3434949,0.11074886,0.35405052,1.7082715,84
2.3170264,2.053481,-3.0873,1.5071576,-1.5856521,-0.85608125,-1.434479,-1.947716,1.7614604,-5.946743,-0.3399796,-0.30355948,-2.7022352,-0.4841772,-1.0340567,2.0237668,13
0.94595295,1.876686,-2.4836967,2.0542107,-1.0183944,-0.7115288,-1.4453483,-1.6804457,1.0252832,-4.205497,0.050329983,-0.69485795,-0.87459356,-0.4608214,-1.2308018,1.9135932,81
0.29125822,1.2535175,-1.3763474,0.33828908,-0.19978753,-1.0476639,-1.4357934,0.218714,0.12768286,-1.6068299,-0.32695895,-1.1198685,-0.9756193,0.1585532,0.18741667,1.5098271,84
-0.35257834,1.0886084,-1.6410018,-0.27402738,-0.51031864,-0.9830606,-1.4388185,0.20214228,0.07230894,-1.5889009,-0.6240605,-0.98116237,-1.032936,0.2952188,0.18735662,1.3650208,81
2.999067,0.5001771,-3.0002913,2.6031637,-1.1089451,-1.5459546,-0.9773058,-1.618621,1.4835386,-6.559946,-0.84638286,0.56875247,-4.5707765,-0.61692303,0.20446062,2.7720203,104
0.19261228,1.1522107,-1.4088815,0.24661624,-0.2482349,-0.9890259,-1.3257365,0.20920259,0.100748405,-1.5194827,-0.32435146,-1.1432422,-0.9563834,0.13024664,0.2398363,1.4484036,84
0.7081006,1.1498595,-1.2247341,0.66887033,0.0015596747,-1.0242891,-1.1745865,0.48301202,0.25439945,-1.8270102,-0.2638356,-1.0376896,-1.2833725,0.083235845,0.41669118,1.663547,84
-0.121734515,1.3682837,-1.6069864,-0.11618233,-0.49132323,-0.9470926,-1.5251212,0.21239412,0.15825452,-1.6559782,-0.46247286,-1.1561022,-0.95007515,0.18803546,0.18931156,1.4153926,81
0.12464048,1.459383,-1.5201455,0.033979207,-0.3789788,-0.9608424,-1.5376914,-0.11263698,0.24108313,-1.6451452,-0.30201504,-1.1368817,-0.86076057,0.062110007,0.015153572,1.4110438,81
0.07808642,1.1462811,-1.5287212,0.13366431,-0.23872241,-1.0774306,-1.371566,-0.041818604,0.17217153,-1.5788703,-0.30347726,-1.1247426,-0.9224537,0.024374992,0.11670315,1.3594955,81
-0.28365347,1.3182424,-1.6960113,-0.3781898,-0.56379163,-0.9289621,-1.4839206,0.25666812,0.26601857,-1.736833,-0.63798153,-1.1204156,-1.0438455,0.15580083,0.16353068,1.3975204,81
0.32707757,1.4200466,-1.5587255,0.36123973,-0.24398498,-1.0422,-1.4731779,0.3096437,0.2696697,-1.986624,-0.38767853,-1.1025885,-1.1495306,0.020127386,0.2511099,1.5900048,84
-0.11641275,1.3372008,-1.5088336,0.0330925,-0.43650657,-0.9647324,-1.5052567,0.17915156,0.19331224,-1.7183115,-0.4249236,-1.1349027,-0.9042565,0.08944741,0.12765506,1.40533,81
0.9165496,1.8580401,-2.4853253,2.045601,-0.96503234,-0.7788427,-1.3939991,-1.5891154,1.0941682,-4.308459,0.023614675,-0.71783334,-0.93902415,-0.49947158,-1.2256954,1.9208119,81
0.5853162,2.0345979,-2.4971073,1.8831893,-1.0805888,-0.6344388,-1.4709375,-1.6097457,1.1735958,-4.341852,0.022377253,-0.7996862,-0.69892454,-0.6078642,-1.4109302,1.8287811,81
0.6869072,1.3224045,-1.3949751,0.6190796,-0.048786767,-1.0853236,-1.2118001,0.5374794,0.44653806,-2.2038584,-0.4012411,-0.99454993,-1.4549441,0.0680283,0.35781178,1.8076571,84
2.0307689,1.7781633,-2.7089927,1.1781291,-1.3972019,-0.9116848,-1.2580187,-1.7853717,1.7956624,-5.0401583,-0.4685188,-0.49948043,-2.3472922,-0.51849663,-1.0754262,1.9833053,13
1.0201141,1.8909733,-2.5234876,2.1045384,-0.9876653,-0.7526374,-1.3965862,-1.6029919,1.1072077,-4.3834624,0.03149882,-0.71466875,-0.9829563,-0.49664053,-1.216126,1.944201,81
0.31954873,1.2385106,-1.3877509,0.33872533,-0.17410567,-1.1231178,-1.4196758,0.20434059,0.2505254,-1.7108018,-0.37198222,-1.1341407,-1.0321993,0.10384904,0.12900886,1.508528,84
-0.39724904,1.1027753,-1.6506215,-0.37674266,-0.5325108,-0.98012435,-1.4067674,0.17475866,0.1615708,-1.6225806,-0.6264052,-1.0258335,-1.005798,0.26518226,0.11982864,1.3000475,81
3.147515,0.531941,-3.2085528,2.825418,-1.1174916,-1.6311022,-1.1042333,-1.7039938,1.6038004,-7.3316374,-0.7632619,0.7556849,-4.9458857,-0.6035848,0.26044092,2.7400599,104
0.22931714,1.1924291,-1.4140664,0.23453629,-0.24203688,-1.0248647,-1.326904,0.18654907,0.21530199,-1.5793988,-0.36500221,-1.1906644,-0.9701729,0.0591646,0.16577935,1.46997,84
0.76482385,1.1311934,-1.2755911,0.65449274,0.032786682,-1.1292281,-1.1585089,0.48018235,0.36802736,-1.9446385,-0.35916054,-1.0537237,-1.3740509,0.05049807,0.36947727,1.6831388,84
-0.13078654,1.3567737,-1.6031097,-0.13997692,-0.48559478,-0.9727128,-1.4959457,0.18208319,0.23968223,-1.7068264,-0.47417367,-1.1726307,-0.9521582,0.15082581,0.11846024,1.3822674,81
0.13116224,1.3911542,-1.4666516,0.068323165,-0.35153067,-1.0181503,-1.523627,-0.13474952,0.25293487,-1.650053,-0.32805252,-1.1346402,-0.8858664,0.031950004,-0.015838109,1.3842616,81
0.123002455,1.1703374,-1.501703,0.21669018,-0.22731,-1.0843904,-1.3685892,-0.0061944723,0.21556732,-1.6239667,-0.32968533,-1.1516771,-0.9046439,-0.034345016,0.062433884,1.3829955,84
-0.28888297,1.3080591,-1.659408,-0.34961984,-0.55496097,-0.8808243,-1.438031,0.2892721,0.2798791,-1.7454804,-0.5879869,-1.1189672,-1.009049,0.1324347,0.16184929,1.3538307,81
0.39068627,1.3798339,-1.563823,0.42359388,-0.17668149,-1.0957085,-1.3781874,0.45560122,0.35006046,-2.0756211,-0.463246,-1.12147,-1.234053,-0.011866249,0.27910495,1.6493455,84
-0.061543256,1.3428175,-1.5066485,0.03003034,-0.41005152,-0.96658874,-1.4529581,0.31252438,0.2611211,-1.8329464,-0.43220723,-1.1429185,-0.98859835,0.0683133,0.14826387,1.4315768,84
0.97371215,1.8084047,-2.433465,2.142786,-0.92782605,-0.79289615,-1.3230469,-1.459579,1.1587725,-4.42498,0.018727899,-0.6922671,-1.0407872,-0.5198306,-1.158958,1.9551692,81
0.60527325,1.9136599,-2.4214137,2.0011015,-1.0071146,-0.63099384,-1.4035945,-1.4807559,1.1123191,-4.365695,0.026946038,-0.735814,-0.7733227,-0.6009215,-1.3152122,1.8291019,81
0.7757741,1.2594813,-1.4297282,0.621914,0.013479739,-1.1717355,-1.1008795,0.70341414,0.5648256,-2.350127,-0.5378469,-0.9946251,-1.6074975,0.082658514,0.37545085,1.8938204,84
1.9808542,1.6898203,-2.689247,1.2850196,-1.353898,-0.9690307,-1.2024863,-1.7704087,1.7257371,-4.8386397,-0.43917078,-0.5688726,-2.2231278,-0.5544811,-1.0606852,1.9710667,13
1.0767478,1.8501762,-2.5005336,2.191636,-0.9408456,-0.7591686,-1.3323257,-1.4685287,1.1499637,-4.478755,0.011122048,-0.70528615,-1.0609157,-0.5318966,-1.16818,1.9861634,81
0.35150617,1.225219,-1.374158,0.3567704,-0.14552766,-1.1315709,-1.3377085,0.3273197,0.34307617,-1.7911338,-0.38156247,-1.1509002,-1.0944382,0.072169006,0.18092012,1.515811,84
-0.40059716,1.1157033,-1.6007283,-0.40853754,-0.52718294,-0.98004395,-1.4137306,0.20283154,0.2282508,-1.6745738,-0.6258203,-1.0388583,-1.0178674,0.2365349,0.10165495,1.2683909,81
3.1231256,0.51911676,-3.1153722,2.8813176,-1.0313785,-1.5622288,-1.0792842,-1.6191471,1.6069628,-7.180212,-0.64764315,0.72072196,-4.7717037,-0.60312575,0.27648574,2.649324,104
0.2794028,1.2156546,-1.4734876,0.30505824,-0.19715665,-1.0539933,-1.314074,0.2971509,0.25415376,-1.6881633,-0.37022573,-1.2102057,-1.0135043,0.0035609975,0.19969046,1.497339,84
0.84833103,1.1113449,-1.320441,0.70160174,0.08128919,-1.2009857,-1.0988002,0.56617564,0.48151898,-2.0471706,-0.44486368,-1.0674182,-1.4755079,0.020004623,0.36393136,1.7591426,84
-0.10634324,1.328152,-1.5704247,-0.11710155,-0.45539033,-0.95732516,-1.4568276,0.30175504,0.25987253,-1.7642142,-0.48488387,-1.1685618,-0.9911018,0.108942166,0.13151473,1.3978584,81
0.19684117,1.3718069,-1.4496509,0.13878363,-0.3110276,-1.0450405,-1.4915619,-0.040663943,0.29339257,-1.7373382,-0.36314914,-1.1167502,-0.96782994,0.006809719,-3.990531e-05,1.3944188,81
0.21157204,1.1668682,-1.4532732,0.3265828,-0.19366503,-1.070092,-1.3432975,0.10631191,0.23249723,-1.6889875,-0.35035005,-1.12137,-0.9574812,-0.05603747,0.09878485,1.4063191,84
-0.28310636,1.2670457,-1.580077,-0.19955938,-0.50977767,-0.80259573,-1.4029684,0.45100296,0.21123368,-1.7717246,-0.55934393,-1.0732011,-0.9860787,0.06587976,0.18588209,1.4067512,81
0.49953562,1.2820773,-1.4758387,0.5916652,-0.09059639,-1.100189,-1.2760088,0.6954743,0.35292572,-2.1128788,-0.5431001,-1.087694,-1.3545876,-0.03328217,0.37010992,1.7578951,84
0.011441693,1.253078,-1.4231586,0.20517415,-0.3156302,-0.9743864,-1.3998113,0.5276731,0.23328713,-1.8436952,-0.48619217,-1.11357,-1.0480686,-0.008178495,0.19504297,1.5681363,84
1.0696696,1.6747112,-2.3182626,2.3759804,-0.8561448,-0.7816023,-1.2580326,-1.2604909,1.104094,-4.458747,-0.03702873,-0.611257,-1.1272726,-0.55943495,-1.0047314,2.0521424,84
0.6173105,1.797911,-2.3044722,2.057572,-0.9189278,-0.6124628,-1.355403,-1.3678216,1.0287282,-4.2402563,0.01627034,-0.67932343,-0.78539646,-0.6049946,-1.2554483,1.8155715,81
0.96301264,1.1798254,-1.5461671,0.6167127,0.1509921,-1.1983854,-1.0102663,1.2921454,0.57258695,-2.5740013,-0.741971,-0.9265366,-1.859516,-0.009889573,0.4183057,2.3843863,84
2.0233874,1.6337084,-2.7029145,1.5434443,-1.3205019,-1.0017926,-1.1644511,-1.7696476,1.676061,-5.018865,-0.34523612,-0.46392614,-2.2817256,-0.53974843,-0.9349138,1.917892,13
1.1801765,1.724181,-2.393373,2.404161,-0.87486255,-0.74637234,-1.2811761,-1.2847137,1.0761299,-4.4714375,-0.043899402,-0.6383445,-1.1409645,-0.57345676,-1.0474918,2.0770395,84
0.41287184,1.1245992,-1.2951204,0.51275355,-0.05563379,-1.1525187,-1.2457502,0.54790604,0.35568053,-1.8519379,-0.43905348,-1.1019322,-1.2025743,0.034428798,0.30262893,1.6158516,84
-0.39075178,1.1074672,-1.4647955,-0.30455935,-0.51534164,-0.8857335,-1.4296176,0.35753652,0.19025758,-1.6656213,-0.6052828,-1.0087541,-0.9814306,0.16184753,0.13218671,1.3172667,81
3.1647046,0.51168764,-3.1391423,2.7205667,-0.94571483,-1.5666927,-0.98629004,-1.5887408,1.7249434,-7.088989,-0.63551354,0.70042956,-4.765805,-0.59968823,0.30697834,2.6111054,104
0.31582564,1.164784,-1.4276499,0.44076872,-0.12575978,-1.0633773,-1.2763736,0.43540585,0.23858556,-1.7379991,-0.3934471,-1.1633639,-1.0571946,-0.03442717,0.26202214,1.5477222,84
0.90634924,1.0499624,-1.284858,0.8092234,0.14335164,-1.2092842,-0.9922234,0.71408206,0.54288495,-2.085268,-0.5159236,-1.0406114,-1.5339929,-0.00653217,0.4042251,1.8401221,84
-0.052527905,1.2437998,-1.4851522,-0.014450729,-0.3819306,-0.9177117,-1.4118848,0.5131675,0.19325027,-1.7391617,-0.53198934,-1.1167868,-1.03005,0.03549125,0.17507619,1.5025804,84
0.28861988,1.3408988,-1.3838605,0.2628007,-0.2430234,-1.0476832,-1.4423602,0.112273805,0.33072293,-1.8034309,-0.41916,-1.0748956,-1.0540012,-0.017949127,0.04605037,1.4556837,84
0.3593294,1.07869,-1.3708762,0.5068854,-0.080915645,-1.0515419,-1.284796,0.3299337,0.1369757,-1.6438005,-0.40231264,-1.0356838,-1.0335945,-0.03930753,0.19468877,1.4370905,84
-0.22921978,1.1052297,-1.374157,0.07363737,-0.4325476,-0.73396504,-1.3697808,0.53771406,0.013603464,-1.6228007,-0.53228676,-0.9688928,-0.9600773,0.028062254,0.23664269,1.3815631,84
0.6521605,1.150186,-1.3976077,0.76522076,0.0299488,-1.1700282,-1.1885164,0.8934995,0.3186019,-2.1166084,-0.6461951,-1.0019712,-1.514328,-0.02139996,0.49100316,1.8180643,84
0.13707127,1.1023338,-1.28358,0.4446206,-0.20269756,-1.0167495,-1.3204367,0.69771796,0.15653226,-1.8036712,-0.5572667,-1.0292931,-1.1536634,0.0008830428,0.31321618,1.5939717,84
1.316085,1.479707,-2.152216,2.5914307,-0.8444296,-0.7823953,-1.237761,-1.2662721,0.9861593,-4.4662867,-0.062970206,-0.41967762,-1.3704723,-0.51780796,-0.83136463,2.0411325,84
0.6523493,1.6512579,-2.1685512,2.1637383,-0.8239858,-0.59258556,-1.3451326,-1.2797793,0.8392373,-4.050356,0.03089726,-0.5868194,-0.78872985,-0.57800657,-1.1868691,1.7657691,81
1.0467188,1.066095,-1.3196428,0.9614886,0.17403567,-1.292796,-0.9000536,1.1614013,0.6419769,-2.4440536,-0.7900294,-0.9501499,-1.8665333,0.011732511,0.5508246,2.1886952,84
2.0615587,1.5026966,-2.5654914,1.9125017,-1.2488292,-0.9350283,-1.1920943,-1.7339065,1.4389566,-5.0034885,-0.26110476,-0.28637025,-2.2642672,-0.53184175,-0.808307,1.8633101,13
1.4294891,1.4980513,-2.2438056,2.6562839,-0.8566172,-0.7604662,-1.2419891,-1.2787813,0.9492859,-4.5237217,-0.094599366,-0.4310705,-1.424101,-0.50532275,-0.8608916,2.0668135,84
0.598373,0.9993418,-1.2290255,0.7438475,0.07661958,-1.2331045,-1.1148312,0.8046519,0.37827367,-1.9267787,-0.55047905,-1.023489,-1.3902532,0.026731938,0.44618958,1.7544401,84
-0.35533863,1.0300862,-1.3562331,-0.17917272,-0.46148616,-0.8502349,-1.4171147,0.5194653,0.073196396,-1.6328293,-0.5574336,-0.94359523,-0.9792212,0.1263977,0.2477668,1.2953061,81
3.223999,0.12307498,-2.8482294,2.630713,-0.72215974,-1.4443988,-0.8673307,-1.470313,1.5421324,-6.652575,-0.6767076,0.9432602,-4.9055614,-0.4913646,0.44925624,2.5325952,104
0.44863313,1.0732741,-1.3797129,0.5903488,-0.02729167,-1.1312848,-1.2301204,0.54465073,0.22172248,-1.7668238,-0.47209877,-1.0701956,-1.1855332,-0.007878065,0.31283414,1.5856457,84
1.0047231,0.91537046,-1.1910249,1.0250992,0.23010162,-1.2271085,-0.8875749,0.85485554,0.51208705,-2.04209,-0.6002038,-0.96103907,-1.5998659,-0.018177897,0.45913643,1.9284333,84
0.02093558,1.1111295,-1.3295869,0.21453893,-0.32040954,-0.9543963,-1.3718784,0.5974775,0.10187779,-1.6597695,-0.5628556,-1.0579227,-1.0730339,0.030353963,0.29653406,1.4694576,84
0.4271481,1.1969678,-1.2820185,0.4859376,-0.13823171,-1.0765347,-1.3791728,0.2953986,0.23777775,-1.7485032,-0.4613012,-0.9987531,-1.1561806,-0.034103796,0.16374993,1.4950786,84
0.55639124,1.0424482,-1.402461,0.6598389,0.010109037,-1.2167557,-1.1896544,0.5314459,0.23394662,-1.8540707,-0.54112124,-0.99930716,-1.262399,0.009893239,0.3373705,1.543261,84
-0.1747286,1.0632697,-1.283138,0.2412458,-0.39963758,-0.7886623,-1.3633301,0.57686,-0.016426608,-1.626533,-0.57536054,-0.9435061,-0.97612077,0.008374132,0.28894386,1.3769951,84
0.8247629,1.0521243,-1.3560829,0.9803176,0.09620762,-1.2980851,-1.0481889,1.0719767,0.39862955,-2.233722,-0.76115954,-0.98015934,-1.7022699,-0.024619587,0.6320225,1.9428962,84
0.27847964,1.0165911,-1.2506914,0.6950525,-0.12424156,-1.1564229,-1.1920497,0.9182184,0.2203022,-1.981734,-0.64153445,-1.0160824,-1.3315773,-0.003389798,0.5140051,1.7063038,84
1.5862387,1.3950332,-1.9104373,2.646111,-0.89310324,-0.6693218,-1.2677698,-1.4322608,0.83616567,-4.300191,-0.020504326,-0.2754774,-1.4686276,-0.4909247,-0.7167141,1.8783075,13
0.6678232,1.5978428,-2.0576599,2.2352614,-0.7947891,-0.6484007,-1.3321185,-1.2196614,0.8003369,-3.986452,-0.0055223107,-0.5752956,-0.8022823,-0.5665527,-1.1242318,1.7621458,84
1.1520547,0.9545886,-1.2254065,1.1753522,0.19221255,-1.4253883,-0.7715739,1.2399108,0.75146157,-2.484233,-0.85064566,-0.9679229,-1.9804103,0.028124928,0.7093225,2.186083,40
2.1580207,1.3886042,-2.4256814,2.2101626,-1.2311313,-0.95080465,-1.2096951,-1.7171052,1.2504405,-4.9417667,-0.27218857,-0.21094926,-2.3252606,-0.5357673,-0.71507126,1.8979261,13
1.6434226,1.421219,-2.0063515,2.771626,-0.9048662,-0.6744848,-1.3036187,-1.4297827,0.7840803,-4.418174,-0.043408543,-0.27171984,-1.512169,-0.4730608,-0.75223607,1.9210013,13
0.7468227,0.8647483,-1.17745,0.96099937,0.1381771,-1.4109311,-0.9500884,0.96320224,0.48447388,-2.08562,-0.6653621,-0.9652915,-1.6200991,0.030300654,0.6635133,1.8407886,84
-0.28869498,0.9766636,-1.2230275,0.066054285,-0.42399663,-0.89817613,-1.3997288,0.53500557,0.039592847,-1.6209513,-0.55506897,-0.91941744,-0.9755,0.09975012,0.33445328,1.2689086,84
3.3992763,-0.34978357,-2.579881,2.6361747,-0.43589634,-1.5493907,-0.65837574,-1.3400663,1.325805,-6.335898,-0.80298096,1.21897,-5.3261695,-0.22293426,0.6924956,2.5698388,104
0.5736824,0.96425635,-1.350222,0.7771015,0.0351187,-1.2600765,-1.1018695,0.7369655,0.26550418,-1.8974015,-0.56691843,-1.026881,-1.3613322,0.018908896,0.49749017,1.6616508,84
1.0990773,0.81975776,-1.1329702,1.1623648,0.2576388,-1.3457581,-0.7514091,0.93610865,0.6264082,-2.118617,-0.71968627,-0.92229027,-1.7355348,0.0030810311,0.5545788,2.0024798,40
0.14178263,1.0236319,-1.2611779,0.493401,-0.24980749,-1.0647001,-1.2759125,0.80070156,0.11458303,-1.7834578,-0.6300148,-1.0396885,-1.1992879,0.021351859,0.49976093,1.560254,84
0.6122367,1.112039,-1.2574178,0.70806336,-0.04266181,-1.2088624,-1.249749,0.54885375,0.2871312,-1.9005064,-0.5691432,-0.97142947,-1.3639095,-0.013255306,0.3530468,1.606751,84
0.69218236,0.9216245,-1.3832707,0.943318,0.08644891,-1.4086928,-1.0613909,0.87279856,0.33127934,-2.1421063,-0.67955995,-0.9583181,-1.5578921,0.033750117,0.6556382,1.7332255,84
-0.1166108,0.97490567,-1.192689,0.45268786,-0.35797572,-0.82553613,-1.2965446,0.8422818,-0.062108085,-1.6917567,-0.6052476,-0.9512562,-1.0462524,-0.005971834,0.49484777,1.4435024,84
0.85395616,0.8725385,-1.2228519,1.1980495,0.111297786,-1.3843646,-0.93014914,1.3039827,0.43375403,-2.3044252,-0.8739396,-0.92390597,-1.8647892,-0.02914377,0.8475163,2.0461297,40
0.41306317,0.86303306,-1.2475107,1.0549595,-0.029139742,-1.310552,-1.0544435,1.2565736,0.29313686,-2.238235,-0.7640324,-0.97202,-1.5774848,-0.027285587,0.8151724,1.9017327,84
1.7083716,1.414503,-1.7881267,2.6304488,-1.0008852,-0.5679225,-1.2647309,-1.5295528,0.787087,-4.1954775,0.04346752,-0.30715775,-1.4530685,-0.5472853,-0.6424221,1.8281015,13
0.871795,1.4543277,-1.7715324,2.3893323,-0.8354441,-0.49487996,-1.3729353,-1.3107432,0.54725647,-3.771178,0.060438186,-0.43735018,-0.8852777,-0.47476274,-1.0830817,1.6706096,84
1.2305766,0.7686282,-1.0645419,1.3296396,0.25135684,-1.5049261,-0.74784005,1.495609,0.7082993,-2.5664883,-0.9934717,-0.8003624,-2.2731538,0.056507528,0.8881299,2.3242745,40
2.2479768,1.3073517,-2.2425213,2.4360647,-1.1911517,-0.9901949,-1.2046373,-1.6037161,1.1591218,-4.935343,-0.30933288,-0.14385588,-2.429988,-0.5230082,-0.594456,1.9477949,13
1.7198776,1.4141343,-1.7940055,2.6898613,-1.0498474,-0.50816435,-1.3601668,-1.6245714,0.6585909,-4.148366,0.036402404,-0.27162954,-1.4095086,-0.5183288,-0.74775594,1.7810704,13
0.7656152,0.6487096,-1.0339104,1.2937162,0.21897998,-1.541905,-0.94012946,1.1497772,0.4073549,-2.2554917,-0.7545222,-0.7378106,-1.8768891,0.131182,0.81230044,1.9517455,40
-0.16464931,0.8693637,-1.162168,0.3443532,-0.36306208,-0.9821304,-1.3121445,0.74901766,0.036515772,-1.7426335,-0.5904279,-0.8897588,-1.113605,0.076062456,0.5895744,1.3499775,84
3.454489,-0.7229783,-2.0328274,2.4208302,-0.18913162,-1.6563666,-0.103526525,-0.95323503,1.1053879,-5.3585396,-0.8859346,1.0970395,-5.3853908,0.18574643,0.9216688,2.6435652,104
0.5141857,0.80290014,-1.2097527,0.9655849,0.045216143,-1.3735886,-0.9885231,0.96968955,0.3798594,-2.0566912,-0.71186733,-0.9487367,-1.5131959,0.016973853,0.6880682,1.7841219,84
0.9826545,0.66199994,-0.9537699,1.2670064,0.22928539,-1.439021,-0.6753059,1.026814,0.6862079,-2.1226926,-0.8343056,-0.84772444,-1.7906568,-0.014718011,0.68056613,2.0224094,40
0.30248082,0.8740855,-1.2837054,0.8125688,-0.1478747,-1.2378169,-1.1120248,1.1522995,0.23500343,-2.0884886,-0.7447199,-1.0074893,-1.4847544,0.020857431,0.819773,1.7619336,84
0.7770515,1.00558,-1.2921463,1.0019027,0.0682798,-1.4341928,-1.0831946,0.92133033,0.45133615,-2.2658095,-0.75630987,-0.93202686,-1.7034185,0.014643259,0.63548815,1.8405977,84
0.9302649,0.8639347,-1.1756569,1.3599186,0.022103071,-1.305677,-0.9544921,1.0209785,0.10309033,-2.2698402,-0.5800605,-0.82715636,-1.8728523,0.27036068,0.8246842,1.8376951,84
-0.03599879,0.8644254,-1.1931953,0.6750523,-0.26997554,-0.94688785,-1.2105584,1.1455643,0.0015366077,-1.8845823,-0.68116444,-0.93704873,-1.2234873,-0.0021590814,0.7557948,1.5763139,84
1.0838817,0.87909746,-1.0439477,1.5250174,0.034052745,-1.2639297,-0.82649076,1.3440481,0.24366392,-2.3806505,-0.77515316,-0.8345508,-2.082682,0.15752035,0.8772029,2.1191595,40
0.46211666,0.6604025,-1.1442891,1.2581211,0.035835624,-1.4123517,-0.9672405,1.5368085,0.30053014,-2.3748362,-0.9060911,-0.7747347,-1.8806183,0.086235315,0.96379644,2.0737123,84
1.733086,1.3956288,-1.5513471,2.827582,-1.2294399,-0.5294646,-1.4978068,-1.6928736,0.6680879,-4.3347006,-0.05992496,-0.13815379,-1.6277053,-0.41887248,-0.74610883,1.8449347,13
1.0128832,1.4757977,-1.6214527,2.306356,-0.9191656,-0.38080433,-1.4725022,-1.4601187,0.4659083,-3.5657687,0.09638101,-0.43839252,-0.8287737,-0.415166,-1.1815195,1.5420347,84
1.4073851,0.9344109,-1.0238665,1.6717087,0.09086931,-1.3365571,-0.69263136,1.3276508,0.5510441,-2.6650872,-0.7995771,-0.83275145,-2.2990398,0.083850905,0.83586854,2.3045928,40
2.6370752,1.0929546,-2.1314192,2.748426,-1.2054644,-0.98246455,-1.189055,-1.5240368,0.9070481,-5.120505,-0.38396034,0.10010643,-2.949331,-0.43593127,-0.42111674,2.0393417,13
1.6986037,1.4330122,-1.6279545,2.5601945,-1.1773807,-0.4718531,-1.4475319,-1.7214842,0.7036481,-4.0396566,-0.029673636,-0.29216078,-1.4379916,-0.5789297,-0.82588667,1.7791414,13
0.83836395,0.8222379,-0.91495997,1.5400519,0.06207511,-1.3474863,-0.89445496,1.2042003,0.20410404,-2.2383819,-0.5855087,-0.8332385,-1.8338733,0.13879144,0.8429231,1.98656,40
0.06041029,0.6790257,-1.1709927,0.6805701,-0.26205435,-1.0984502,-1.0869097,1.1696879,0.11371595,-1.9890275,-0.6789168,-0.85364646,-1.4457368,0.078711554,1.0073435,1.5864743,84
3.549499,-0.7657939,-1.8306422,2.5317855,0.08201052,-1.7289089,-0.002396062,-0.45756465,0.95807445,-4.7139225,-1.0426474,0.7785439,-5.141306,0.26165175,0.81330264,2.8340535,104
0.63397574,0.88353467,-1.0250893,1.2804979,-0.057147935,-1.2210181,-0.97128624,0.9654826,0.11884113,-2.1084821,-0.5395653,-0.8712517,-1.6173278,0.18653134,0.6498537,1.8173373,84
1.1478336,0.75919497,-0.79555386,1.677508,0.10909271,-1.2764549,-0.5848056,0.99535215,0.39091623,-2.237676,-0.61423373,-0.75941086,-1.9419405,0.1595379,0.6890802,2.0853808,40
0.4301628,0.69344574,-1.2058578,1.0796918,-0.04494988,-1.3683379,-1.0147624,1.4853129,0.25410387,-2.3684525,-0.8882502,-0.7822753,-1.8966523,0.16460413,0.97923785,1.9776857,84
0.8854137,0.7190743,-0.9739197,1.459446,0.07074615,-1.35661,-0.8422209,1.1742667,0.19582634,-2.2309027,-0.75822574,-0.73801225,-2.0092883,0.28323218,0.78092015,1.9971217,40
0.6062807,0.96072394,-0.9321676,1.2908112,-0.09833217,-1.1476636,-0.9857762,1.003962,0.022850096,-2.078589,-0.44713157,-0.86742085,-1.6097442,0.30624163,0.7494879,1.7204475,84
0.11196549,0.7262963,-1.1255063,0.8799082,-0.17691642,-1.0704156,-1.1745455,1.3468782,0.08291897,-2.1692338,-0.7875516,-0.7236844,-1.5813947,0.14762817,0.80784947,1.7381794,84
0.85706395,1.0260226,-0.9598199,1.5301656,-0.06374282,-1.1222068,-0.81599736,1.1620331,0.2522684,-2.3503175,-0.54822445,-0.9066479,-1.8252442,0.15596472,0.7153945,2.0288482,40
0.5448763,0.8997672,-1.150125,1.4295279,-0.09947971,-1.3187581,-1.0008233,1.4907521,0.19216305,-2.5175815,-0.69957954,-0.912397,-1.8778858,0.113256484,0.96815354,2.0671258,84
1.5656396,1.4269214,-1.2736399,2.5656257,-1.3438661,-0.28150064,-1.5523729,-1.7839401,0.7090036,-3.8989916,-0.070216656,-0.22161886,-1.3338898,-0.45977327,-0.9234885,1.7158431,13
1.0492706,1.4863597,-1.5419071,2.17373,-1.0015918,-0.3081307,-1.5439062,-1.5348284,0.4683299,-3.360163,0.07640612,-0.52593327,-0.7430054,-0.42798406,-1.2757301,1.5242274,84
1.2658682,1.0908446,-1.0108042,1.6583258,-0.02541162,-1.216686,-0.7747833,1.1482434,0.49884707,-2.666557,-0.6187116,-0.8904933,-2.1399345,0.10991368,0.7415926,2.171654,40
2.7996871,1.3611919,-2.3017273,2.4934616,-1.3595558,-1.0550923,-1.259929,-1.5216237,1.1376626,-5.361421,-0.53071165,-0.07100025,-3.1365776,-0.43019867,-0.60511065,2.1495912,13
1.5029969,1.3869017,-1.2797769,2.5325856,-1.330851,-0.28535053,-1.5246911,-1.7143874,0.72542393,-3.9105508,-0.09584953,-0.20898107,-1.3261874,-0.4207766,-0.9230753,1.7119067,13
0.63920134,0.8663546,-0.8490515,1.5093935,-0.055144474,-1.1432667,-0.8374838,1.117624,0.15654421,-2.1373854,-0.48550767,-0.88489366,-1.6779151,0.14401159,0.78097165,1.9386269,84
0.14528604,0.5896885,-1.0900398,0.8326216,-0.17891262,-1.2560201,-1.0117731,1.5336907,0.20575723,-2.3119636,-0.8742087,-0.66663945,-1.8690721,0.26029253,1.1436121,1.8183489,84
3.2510443,-0.17423905,-1.9022082,2.5601811,-0.24287835,-1.5224434,-0.40119246,-0.8177941,0.7828423,-4.3639946,-0.7856104,0.25740647,-4.1674438,0.038459048,0.24475056,2.5817358,104
0.34130043,0.93595713,-0.9075352,1.343958,-0.13132277,-1.0427309,-0.984094,0.836371,0.041122913,-2.0381718,-0.35458297,-0.8701219,-1.3837109,0.14111832,0.5396537,1.7479557,84
0.88977855,0.9055506,-0.68470556,1.5548512,-0.01526019,-1.0986551,-0.62711924,0.8447273,0.33623016,-2.0851774,-0.4330703,-0.8368708,-1.6670716,0.16990969,0.5381595,1.9580966,40
0.49346596,0.89852047,-1.2239609,1.3345472,-0.13295335,-1.2792711,-1.0102977,1.4574115,0.18752304,-2.5382662,-0.70987093,-0.90557843,-1.8546115,0.15480892,0.9159998,2.0483718,84
0.8335838,1.0397412,-1.0769665,1.4911283,-0.09162653,-1.2928826,-0.94783753,1.0446557,0.26477885,-2.4603076,-0.6009989,-0.88013786,-1.8547533,0.19511631,0.6989712,1.9533101,84
0.30813026,0.9688764,-0.8090189,0.95201886,-0.17871673,-1.0277494,-1.06599,0.79800767,0.052093312,-1.8968368,-0.28814402,-0.8650252,-1.4449481,0.3322334,0.6701192,1.4936085,84
0.1710171,0.83677596,-1.2229389,1.0859685,-0.1980659,-1.1069794,-1.1762631,1.3430707,-0.0078944415,-2.3182964,-0.6058454,-0.8526352,-1.6001365,0.14704756,0.85382843,1.775708,84
0.5475079,1.0771058,-0.77302176,1.0877353,-0.17628501,-1.0023612,-0.9971015,0.93119574,0.18377915,-1.9779631,-0.35819343,-0.95954835,-1.57764,0.19332755,0.63194185,1.723536,84
0.3722068,0.8813621,-0.99195254,1.1906385,-0.16521193,-1.1627159,-1.0121176,1.4085236,0.13079923,-2.1971953,-0.543085,-1.0053439,-1.74189,0.13207972,1.0141263,1.9065259,84
1.4999559,1.3498632,-1.108821,2.0263004,-1.3250339,-0.29485047,-1.5071626,-1.8722061,0.7417566,-3.4200745,-0.1803968,-0.3564411,-1.3552573,-0.37314394,-1.155987,1.6457771,13
1.0240809,1.2247514,-1.2345701,1.9527076,-1.0080135,-0.27404547,-1.505187,-1.5190538,0.5073925,-2.9468427,-0.07640611,-0.50778764,-0.76801556,-0.34380522,-1.2626324,1.5031753,84
0.9917255,1.14687,-0.7520353,1.223145,-0.13242625,-1.0695647,-0.8354278,1.0856553,0.41760892,-2.2177207,-0.47712564,-0.9607229,-1.8938922,0.14293715,0.7469313,1.898107,40
2.7637982,1.31692,-2.0445483,2.461296,-1.4628497,-1.0447745,-1.2990983,-1.556726,1.1370425,-5.2020836,-0.65633774,-0.14096612,-3.1585946,-0.17543504,-0.7486862,2.216846,13
1.4811351,1.3483149,-1.1941416,2.0289917,-1.3343734,-0.27592427,-1.5159047,-1.8326437,0.7503951,-3.544173,-0.16781256,-0.34630084,-1.3780724,-0.36860275,-1.1604257,1.6473758,13
0.4713148,0.89734674,-0.6548448,1.1000389,-0.17523278,-0.9741528,-0.9354053,1.0274826,-2.656877e-05,-1.7370504,-0.34376556,-0.9608322,-1.5366664,0.19968632,0.82885987,1.6866204,84
0.24527122,0.7486262,-1.1609708,1.1261914,-0.19903879,-1.2312212,-1.1076989,1.4754969,0.04114683,-2.41523,-0.68026215,-0.78494424,-1.8415117,0.19039088,1.1341848,1.8501943,84
3.182154,0.637642,-2.6765063,2.358482,-0.8495071,-1.4222742,-1.1969981,-1.7182007,0.8949643,-5.4915304,-0.64511716,0.1566552,-4.098216,-0.15762594,-0.5028183,2.3410156,104
0.12742503,0.9639167,-0.8336565,1.0367906,-0.17269497,-0.94093543,-1.0739479,0.6954844,0.057965517,-1.8741596,-0.22610685,-0.9112657,-1.2346334,0.164244,0.45231086,1.5566245,84
0.7195427,0.9675908,-0.68646634,1.2097851,-0.022701457,-1.0755073,-0.78235275,0.8763935,0.24559493,-1.9339656,-0.31246167,-0.8994668,-1.6287956,0.2410641,0.642798,1.7714065,84
0.28898913,0.8704309,-1.0693346,1.152241,-0.21456373,-1.1192486,-0.9837481,1.2241845,0.13772446,-2.1969385,-0.4693886,-1.0054263,-1.6095151,0.1275544,0.8816071,1.8464797,84
0.53116417,0.98746616,-0.833584,1.1051023,-0.17781244,-1.1225152,-0.9839035,0.99756265,0.13244095,-2.014758,-0.44503045,-0.91827434,-1.6815034,0.2478576,0.80844074,1.7098161,84
0.3046159,1.0201665,-0.8299761,0.7100103,-0.1823401,-1.0598098,-1.2943082,0.7409514,0.02063872,-1.8109705,-0.22676523,-0.8821925,-1.4709421,0.29188392,0.73048526,1.342554,84
0.06366734,0.8258913,-1.1631138,0.95146275,-0.2765538,-1.0274252,-1.1485698,0.9490369,-0.0152647495,-2.08708,-0.33522213,-0.90905386,-1.4414381,0.12842667,0.8012294,1.5655253,84
0.44095683,1.1126289,-0.74277854,0.7807467,-0.2093127,-1.0168335,-1.2442513,0.8457507,0.09387836,-1.7549794,-0.27470037,-1.0101255,-1.4798167,0.17487761,0.6291503,1.49166,84
0.28226453,0.9112429,-0.88131565,0.8506131,-0.28820807,-1.0087401,-1.2108421,1.0315571,-0.017518342,-1.8475847,-0.30667233,-1.0309132,-1.5389936,0.13505766,0.88134426,1.534148,84
1.565139,1.4146444,-1.3058081,1.7993838,-1.2952412,-0.40397835,-1.7192008,-1.9880555,0.7433924,-3.5087502,-0.23276909,-0.39846715,-1.4933792,-0.41113654,-1.3964317,1.5982332,13
0.95952576,0.9960004,-1.0083313,1.597788,-0.99671054,-0.26535168,-1.3005042,-1.4867826,0.62438107,-2.584196,-0.1600872,-0.5278119,-0.82021403,-0.23961312,-1.2030027,1.4183433,84
0.81392324,1.2209855,-0.73810047,0.85408497,-0.20417279,-1.0604758,-1.1540232,0.90351295,0.21884988,-1.8455434,-0.33753458,-1.0699232,-1.6892675,0.091052696,0.6249635,1.6436235,84
2.8028295,1.310983,-2.062372,2.3304667,-1.4580041,-1.0641638,-1.2281063,-1.6614339,1.0605373,-4.888633,-0.6616744,-0.3228811,-3.048781,-0.15235662,-0.8600212,2.1906333,13
1.6317223,1.3776802,-1.3664452,1.7354604,-1.2449161,-0.44587597,-1.7129157,-1.9337337,0.7706431,-3.554061,-0.29264164,-0.36223724,-1.598826,-0.35748443,-1.4036105,1.6072361,13
0.4308607,1.0175042,-0.6644315,0.7870946,-0.2593732,-0.942916,-1.2322886,0.8127788,-0.053553388,-1.5613549,-0.22294778,-1.0373557,-1.4388093,0.13929875,0.68031174,1.4558166,84
0.2232825,0.7918418,-1.1618987,1.0359503,-0.25750995,-1.0899652,-1.1743546,1.1356357,-0.029141158,-2.1842728,-0.41194046,-0.8708998,-1.668221,0.13517734,1.0353377,1.6655135,84
3.1696355,0.875508,-2.841792,1.7069045,-0.94716585,-1.45885,-1.478251,-2.0810149,0.9572394,-5.5481567,-0.74406934,0.090357766,-4.16763,-0.12802178,-0.9936064,2.1490076,104
0.08488493,1.0013621,-0.79206944,0.7391442,-0.23039018,-0.96063554,-1.2831697,0.58603495,0.034235314,-1.7365233,-0.17385256,-0.95189357,-1.2235823,0.15651152,0.4688726,1.3637553,84
0.6528942,1.0391376,-0.7395946,0.89732647,-0.061098278,-1.1640998,-1.1081145,0.7605485,0.17480507,-1.8141134,-0.2916711,-0.9493282,-1.6222352,0.23660564,0.5992087,1.5875996,84
0.19963698,0.89919347,-0.9891386,0.9487052,-0.28820127,-0.9936535,-1.1583319,0.8496996,0.0918767,-2.030571,-0.26676583,-0.9849606,-1.4206073,0.093059525,0.66519624,1.5423822,84
0.50630176,1.0300663,-0.79359245,0.74569845,-0.21888654,-1.0462124,-1.2166729,0.94884855,-0.018832639,-1.7501751,-0.31714383,-0.9491572,-1.6315532,0.24070996,0.8583283,1.4617804,84
0.13529803,1.056271,-0.8306409,0.70199966,-0.16095296,-1.0598428,-1.5007625,0.77500993,-0.0061754137,-1.7218742,-0.25175214,-0.9205094,-1.3283716,0.10357201,0.58918434,1.3727204,84
-0.0014439672,0.8374693,-1.1108469,0.81224513,-0.31757185,-0.9675066,-1.2751226,0.72706616,-0.011901423,-2.0580232,-0.23385265,-0.864602,-1.3799059,0.10178615,0.6724475,1.3940142,84
0.23897038,1.1626072,-0.7779639,0.623001,-0.20045105,-1.0181055,-1.4856973,0.8324253,0.005161613,-1.6153296,-0.24935819,-1.0684965,-1.2840705,0.06392625,0.49255294,1.3813322,84
0.13317464,0.9612982,-0.8250116,0.6602943,-0.31867093,-0.96599585,-1.4187245,0.92393076,-0.060922816,-1.7035391,-0.25108808,-1.0454259,-1.3826282,0.04005,0.7124737,1.3640785,84
1.5582072,1.4474761,-1.5159816,1.8018254,-1.315284,-0.48655587,-1.8450472,-2.0496974,0.82891554,-3.8892288,-0.26203144,-0.33045638,-1.6733395,-0.47190636,-1.4418237,1.6318271,13
0.9490556,1.0414169,-1.0980185,1.3387529,-1.0089382,-0.31034142,-1.4928551,-1.6134804,0.68504226,-2.7248034,-0.20239627,-0.51291716,-0.92583585,-0.23895773,-1.4202282,1.3352079,81
0.5384635,1.2612804,-0.72510713,0.69632506,-0.24139358,-1.0722985,-1.3971863,0.72395414,0.12232175,-1.6303157,-0.28515995,-1.1131762,-1.4264857,0.058245927,0.41486543,1.4915085,84
2.743186,1.3821913,-2.025322,2.044448,-1.3745962,-1.0796674,-1.3306437,-1.6623887,1.076846,-4.694068,-0.68327844,-0.3978258,-2.924604,-0.12175181,-1.0638862,2.074836,13
1.6469494,1.3718393,-1.4888148,1.5948894,-1.184687,-0.5221355,-1.8615286,-2.0199287,0.739152,-3.6291265,-0.3317794,-0.35826153,-1.679449,-0.38046676,-1.5556781,1.5614272,13
0.27296895,1.0665998,-0.8079318,0.6951293,-0.22651947,-1.0065186,-1.4257395,0.7093412,-0.023339719,-1.6157784,-0.22315872,-1.047651,-1.2803234,0.10585946,0.4598981,1.3457457,84
0.15995948,0.8225809,-1.0618373,0.7678058,-0.2921137,-0.99105334,-1.317754,0.91868544,-0.053185508,-2.0414114,-0.29959828,-0.84521765,-1.5652332,0.13312246,0.89140576,1.4000883,84
3.022381,0.6402649,-2.2760746,0.9785837,-0.69136703,-1.3057777,-1.3647707,-1.8788307,0.8213332,-4.4162703,-0.8805493,-0.04420781,-3.9424615,-0.0339194,-1.21895,1.9816837,104
-0.025233477,1.0658,-0.8858264,0.5991267,-0.2231969,-0.9894197,-1.5394998,0.56748563,-0.00021964312,-1.7561203,-0.18507528,-0.96243525,-1.1556406,0.073373616,0.3360961,1.2784185,84
0.5005267,1.1294152,-0.79851466,0.75994396,-0.11721511,-1.1721336,-1.3891013,0.61127234,0.13637263,-1.7323661,-0.2798808,-1.0304508,-1.4457015,0.13670516,0.34816152,1.5063772,84
0.06832828,0.9148848,-0.9594532,0.7770641,-0.29136822,-0.9957445,-1.3499393,0.7655331,0.087488696,-1.970749,-0.2539603,-0.9651494,-1.3335431,0.027867854,0.5278203,1.392154,84
0.29031688,1.1137718,-0.7961914,0.6972017,-0.23466259,-1.0032907,-1.4532335,0.878917,-0.04521875,-1.640537,-0.2627862,-1.005165,-1.3884531,0.053518265,0.644767,1.4118685,84
0.122554526,1.082103,-0.89870226,0.6165674,-0.13400455,-1.0688248,-1.6129119,0.6369594,-0.08774473,-1.6538994,-0.2117324,-0.94000506,-1.2139379,0.1162495,0.43369913,1.2903571,84
-0.123499386,0.812148,-1.0483905,0.7085111,-0.2900287,-0.898665,-1.4335926,0.72567475,-0.10106586,-1.9438113,-0.212797,-0.82148117,-1.2813839,0.006644264,0.59025884,1.2913177,84
0.103730336,1.2026314,-0.75356966,0.5187186,-0.20515181,-0.96823174,-1.6401482,0.66335106,-0.09143449,-1.4567922,-0.17066552,-1.0678369,-1.0702684,0.025568753,0.33005807,1.2555546,84
-0.04971455,1.0001779,-0.89071214,0.6635215,-0.27236232,-0.9295675,-1.5565789,0.8445434,-0.09746878,-1.6787536,-0.22789565,-1.0110844,-1.1524577,-0.053148035,0.47918576,1.3012718,84
1.6143789,1.4065906,-1.5239226,1.6691276,-1.1836635,-0.52234745,-1.8407958,-1.9503174,0.76223695,-3.7479014,-0.27654964,-0.34402865,-1.6779017,-0.4230755,-1.5044048,1.5604199,13
0.9748557,1.1345526,-1.3386804,1.3610581,-1.0359914,-0.3113907,-1.7924917,-1.8066437,0.6227267,-3.0111265,-0.20057774,-0.4523062,-0.9826046,-0.30296674,-1.6339557,1.2868527,81
0.38886738,1.2525481,-0.7195221,0.60981464,-0.22853032,-1.0292403,-1.5642893,0.58436906,0.025818542,-1.4847435,-0.24864095,-1.0732273,-1.2267013,0.041442543,0.23667961,1.3727199,84
2.6576478,1.3450977,-2.1078017,1.7040619,-1.2945659,-1.0715871,-1.5441918,-1.8109477,0.900765,-4.4628487,-0.7479582,-0.41379946,-2.8612053,-0.10422238,-1.3816078,1.9678355,13
1.632975,1.4374665,-1.6012878,1.7465998,-1.1969641,-0.4911964,-1.9829214,-2.012963,0.7234264,-3.9410312,-0.27079025,-0.2854873,-1.7181213,-0.43852434,-1.5630689,1.5606618,13
0.16097595,1.0843582,-0.8559757,0.6437218,-0.16765805,-1.0138503,-1.5814941,0.654523,-0.06543152,-1.6294444,-0.21134964,-0.9818046,-1.1865633,0.10342537,0.3632226,1.2746333,84
0.08502467,0.8550816,-1.052519,0.5182254,-0.28145206,-0.93662024,-1.4630721,0.85254073,-0.1467766,-1.8434597,-0.24505632,-0.86501247,-1.4337378,0.10790016,0.7454679,1.2104113,84
2.9052017,0.61099446,-2.0269415,0.535279,-0.5420095,-1.0950574,-1.3205137,-1.731357,0.722664,-3.806917,-0.8976442,-0.13043354,-3.7120256,-0.03953381,-1.3651552,1.8402476,104
-0.09685591,1.0575308,-0.90496695,0.5489488,-0.16615805,-0.97880054,-1.6864519,0.5109129,-0.06864907,-1.7208867,-0.16974556,-0.89771605,-1.0788782,0.06049046,0.23856631,1.2037188,84
0.40676647,1.1302564,-0.82696337,0.65501404,-0.0810283,-1.144312,-1.540077,0.52575654,0.04871434,-1.6431812,-0.24978809,-1.0045111,-1.3083743,0.14518183,0.20901766,1.4058868,84
-0.08894278,0.98472345,-1.0016427,0.7663412,-0.26659518,-0.9111566,-1.4803867,0.68135506,0.0059293807,-1.864026,-0.19795938,-0.95484114,-1.0753678,-0.082244426,0.3011385,1.3260255,84
0.23486935,1.1350796,-0.8083623,0.6683589,-0.206326,-1.0301036,-1.5693319,0.80621314,-0.06521316,-1.6358459,-0.27145743,-1.0085521,-1.2944481,0.07490842,0.47160178,1.3593191,84
0.16054891,1.1481882,-0.9889475,0.6052086,-0.12396281,-1.003425,-1.7108309,0.55080414,-0.16334881,-1.6598005,-0.15833586,-0.9174089,-1.1459655,0.08704579,0.29538423,1.2470846,84
-0.2869653,0.9115174,-1.043468,0.57774436,-0.2889372,-0.8232258,-1.5794692,0.6832211,-0.13729452,-1.8455774,-0.1864527,-0.8432235,-1.0879127,-0.0916313,0.4087193,1.2042717,84
0.06459071,1.2907687,-0.79180175,0.48745215,-0.22180152,-0.86444885,-1.7527161,0.55616844,-0.14956571,-1.4465051,-0.10043697,-1.0360448,-0.95448476,-0.044942904,0.18093008,1.1977136,84
-0.074976675,1.0662744,-0.92267925,0.46987456,-0.29758447,-0.88169503,-1.6784475,0.637236,-0.1277451,-1.6090283,-0.15540625,-0.977688,-1.0783126,0.0042676777,0.3537729,1.1459777,84
1.8279904,1.5215935,-1.7595919,1.746766,-1.188654,-0.6298361,-1.8451626,-1.9101822,0.82842326,-4.1137943,-0.3199559,-0.3019303,-1.917208,-0.41301665,-1.4789474,1.6262246,13
1.1625353,1.3625748,-1.7913128,1.5917665,-1.170217,-0.2651972,-2.0370586,-2.0066242,0.6177134,-3.8057396,-0.09316453,-0.34161603,-1.2278074,-0.40376717,-1.7161026,1.3144205,1
0.3286022,1.3006126,-0.74366254,0.545729,-0.21172962,-0.9660116,-1.6285131,0.5731971,0.024219707,-1.4976478,-0.21474868,-1.0312159,-1.146798,0.0460099,0.17580888,1.304338,84
2.5486825,1.4143764,-2.1582863,1.7369577,-1.3158432,-0.9199242,-1.8257694,-1.9007227,0.76348567,-4.630838,-0.70460975,-0.3143851,-2.8003874,-0.2218572,-1.5712376,1.8953032,13
1.8306886,1.5602806,-1.8499591,1.8569998,-1.2022052,-0.593475,-2.0216315,-2.0171084,0.7555396,-4.3154325,-0.28506967,-0.24995135,-1.9196957,-0.43315738,-1.5610657,1.612349,13
0.20749341,1.1336769,-0.9727373,0.6138879,-0.15067782,-0.9997493,-1.662966,0.53406996,-0.09835772,-1.6826419,-0.17470545,-0.93903416,-1.1655502,0.12931782,0.2373228,1.2266434,84
-0.087097146,0.8786753,-1.058152,0.4821543,-0.25874138,-0.9054118,-1.5865142,0.82844293,-0.20126982,-1.7862703,-0.26457715,-0.82818687,-1.2845173,0.056973353,0.5858036,1.1539665,84
2.9370198,0.7220584,-2.0784607,0.5504518,-0.5657834,-0.98898745,-1.2762411,-1.638138,0.6592085,-3.832329,-0.9245897,-0.10552039,-3.5922642,-0.046385806,-1.4008067,1.8035252,104
-0.03718224,1.14023,-1.0047127,0.5242449,-0.16824889,-0.91849905,-1.7949843,0.3850068,-0.11897324,-1.7362381,-0.111860946,-0.8594489,-1.0449256,0.04022546,0.12286958,1.1617682,84
0.38944137,1.1630759,-0.9374678,0.6725422,-0.01860495,-1.0924964,-1.6438184,0.5151899,-0.025926158,-1.6969082,-0.20145261,-0.93523574,-1.2414728,0.111037284,0.13432527,1.3654183,84
-0.14313796,1.0333024,-1.0098895,0.5815203,-0.28815746,-0.83164346,-1.6034963,0.5216772,-0.069058344,-1.7772993,-0.12866153,-0.90935004,-0.9892561,-0.040102158,0.1963051,1.1591536,84
0.21117674,1.1861042,-0.87916154,0.6207011,-0.18567564,-0.9671319,-1.6568544,0.70603436,-0.11167641,-1.6350751,-0.21706037,-0.9734902,-1.1859545,0.069810614,0.3102683,1.2734866,84
0.24366127,1.1750759,-1.064578,0.5389387,-0.12245153,-0.9676304,-1.7485571,0.5025809,-0.21273656,-1.6481569,-0.15073073,-0.90260273,-1.159736,0.113909334,0.2258229,1.2095517,84
-0.27982736,0.9810403,-0.9998931,0.40140325,-0.33623898,-0.70758486,-1.6424794,0.52148503,-0.20903058,-1.6684059,-0.07625395,-0.8576542,-0.97402203,-0.053691577,0.3216796,1.0454041,84
0.14902799,1.3001319,-0.87734455,0.40878922,-0.21252915,-0.81861645,-1.8013115,0.47817308,-0.22279705,-1.4365697,-0.088436335,-0.99758834,-0.9725298,-0.016485132,0.103438556,1.1398385,84
-0.09604916,1.0684923,-0.9497671,0.3565793,-0.2993314,-0.8103565,-1.7341864,0.5218872,-0.22527094,-1.5411468,-0.12894006,-0.9279521,-1.0039386,0.046867475,0.24233261,1.0235462,84
2.0011947,1.6094474,-1.9869089,2.0066934,-1.2203249,-0.689252,-1.8948772,-1.9663694,0.78654313,-4.513064,-0.29540083,-0.22120568,-2.083029,-0.44066927,-1.416667,1.6982596,13
1.362276,1.4654716,-1.9626187,1.5869741,-1.1506703,-0.26369634,-2.0848694,-2.0340502,0.56078523,-3.8855698,-0.08965364,-0.36435956,-1.3051971,-0.41220596,-1.7998812,1.331852,1
0.37320882,1.308012,-0.85781825,0.49853832,-0.17519854,-0.95802295,-1.6467052,0.5463432,0.021824673,-1.5980206,-0.22375534,-0.9679976,-1.1961845,0.109953925,0.1330885,1.2671329,84
2.4388819,1.357849,-2.0276325,1.4540211,-1.2019155,-0.8738534,-1.7746539,-1.8169197,0.7327188,-4.270191,-0.7068033,-0.37220556,-2.6547935,-0.16724244,-1.6589265,1.7936603,13
1.9834994,1.6270252,-2.0594923,2.1171155,-1.1977776,-0.6465992,-2.0783648,-2.0617044,0.6724271,-4.632021,-0.25554267,-0.16967472,-2.0180287,-0.45142734,-1.5122936,1.6525407,13
0.26605326,1.1606779,-1.0253273,0.5846515,-0.1468543,-0.98737335,-1.6927319,0.4856035,-0.14229245,-1.6723025,-0.17888929,-0.90651333,-1.1773505,0.15359186,0.20640942,1.215101,84
-0.09806538,0.9145335,-1.0127246,0.35976303,-0.286965,-0.8251647,-1.6567099,0.70743555,-0.27903146,-1.6436095,-0.20920923,-0.8233088,-1.1932259,0.07915498,0.5086788,1.0404989,84
2.9727116,0.92148393,-2.1869678,0.7635323,-0.6891887,-0.9777507,-1.2828424,-1.6035086,0.70999444,-4.250949,-0.9105276,-0.015026346,-3.569953,-0.06957907,-1.3698757,1.7993516,104
0.046406507,1.170983,-1.0851885,0.4554006,-0.16325602,-0.8813969,-1.8351433,0.29119402,-0.18978332,-1.7184128,-0.106326535,-0.8371807,-1.0375235,0.071003065,0.016839743,1.1070573,81
0.510417,1.2071236,-1.0476804,0.63995886,-0.0038918257,-1.0642174,-1.7029161,0.4476294,-0.10130207,-1.6959286,-0.19168666,-0.9053993,-1.2707059,0.13192214,0.08587563,1.3416156,84
-0.15478377,1.058314,-1.0397837,0.45384467,-0.3100497,-0.75668025,-1.6614769,0.40297753,-0.14288785,-1.7347584,-0.096373245,-0.8737999,-0.93280596,-0.0007045269,0.09025483,1.039987,81
0.2528599,1.2432792,-0.93719137,0.5141395,-0.21923372,-0.9150195,-1.6644735,0.6176618,-0.10369466,-1.6423944,-0.18760306,-0.9685996,-1.1680659,0.121223554,0.23014158,1.2082847,84
0.3176127,1.1323539,-1.1049525,0.43879205,-0.08727877,-0.9600104,-1.7481985,0.5153042,-0.29230773,-1.590957,-0.20291907,-0.86041063,-1.1917236,0.1763663,0.23006892,1.1529449,84
-0.30920103,1.0102328,-0.9920113,0.25974774,-0.3437698,-0.6371419,-1.6975434,0.46385044,-0.25436312,-1.6031704,-0.081287146,-0.84283125,-0.9016689,-0.0359121,0.19169605,0.9418132,81
0.23714863,1.2929019,-0.90556765,0.37338275,-0.21068364,-0.809205,-1.7696085,0.48770654,-0.21390282,-1.4563699,-0.14230238,-0.95218635,-1.0433271,0.03470949,0.11213243,1.1379758,84
-0.14622197,1.1072516,-0.9000804,0.33281916,-0.33407468,-0.76213026,-1.71843,0.53691006,-0.18959881,-1.545116,-0.14930212,-0.9182376,-0.96827817,0.02343756,0.21534193,1.0262166,81
2.0684147,1.6718348,-2.1100535,2.2876525,-1.2617579,-0.688169,-1.9513919,-1.9928541,0.8127478,-4.895351,-0.2586734,-0.12719327,-2.1715114,-0.48497194,-1.328927,1.7497407,13
1.4717569,1.5452034,-2.0173283,1.6586384,-1.1429207,-0.31982532,-2.0995202,-2.0393877,0.53843504,-3.8962276,-0.09999785,-0.39778,-1.3048302,-0.442978,-1.8128197,1.3647386,1
0.4388427,1.2813736,-0.89349395,0.5043032,-0.14958096,-0.95599407,-1.6311159,0.5474613,-0.028227553,-1.5735836,-0.24700671,-0.9302453,-1.2241611,0.14467815,0.16333795,1.2759917,84
2.4516182,1.4306142,-2.02492,1.4058715,-1.2202024,-0.8340806,-1.7343168,-1.7645549,0.73036647,-4.1923537,-0.74084127,-0.40863055,-2.576602,-0.11811045,-1.7103243,1.7791467,13
2.049651,1.7142417,-2.1787486,2.382388,-1.2304975,-0.6459834,-2.155737,-2.0799022,0.66526115,-4.9387965,-0.2190091,-0.103305854,-2.0602734,-0.50328016,-1.4600797,1.7038139,13
0.27514273,1.1167505,-1.0344133,0.5645984,-0.10195944,-0.9960111,-1.7083626,0.5682019,-0.2013462,-1.6702808,-0.23701152,-0.84996444,-1.2276081,0.16994411,0.26293156,1.2098854,84
-0.09459048,0.9336261,-1.0290334,0.27379113,-0.26905477,-0.8093775,-1.6940863,0.62523293,-0.28503025,-1.6107677,-0.20926613,-0.80588186,-1.1382546,0.10498069,0.39793342,0.9733145,84
2.991583,1.0425408,-2.332061,0.8853774,-0.66684103,-1.0045774,-1.2890975,-1.5856078,0.6939172,-4.466322,-0.8686931,0.027706891,-3.4728832,-0.03594371,-1.3665059,1.7666942,104
0.113258705,1.1685525,-1.088956,0.46145535,-0.14013386,-0.8742503,-1.8045437,0.33975732,-0.2209451,-1.6845157,-0.15076031,-0.828534,-1.0520865,0.07995395,0.014247745,1.1304741,84
0.62311757,1.1712952,-1.1107068,0.60529107,0.04301156,-1.0592481,-1.6977665,0.4431951,-0.22793631,-1.6238467,-0.23494133,-0.86085796,-1.3006603,0.1881485,0.0920338,1.3118753,84
-0.1588463,1.1008475,-1.0206965,0.43225396,-0.32407963,-0.7142352,-1.6749575,0.35461342,-0.13023107,-1.7236557,-0.10000193,-0.8613188,-0.8842441,-0.021732494,0.011306122,1.0199164,81
0.26114476,1.1958436,-0.9693777,0.45431745,-0.20027082,-0.88566524,-1.6725917,0.6063387,-0.20051958,-1.579781,-0.20953186,-0.9214598,-1.1543621,0.15745533,0.23633084,1.1529386,84
0.36763346,1.1332995,-1.0737151,0.47480202,-0.0814219,-0.9353335,-1.7141502,0.6198822,-0.31051195,-1.5389647,-0.24982095,-0.855179,-1.207268,0.1614812,0.2962277,1.2078156,84
-0.33923036,1.0471061,-0.9711037,0.196944,-0.34223628,-0.6204392,-1.723614,0.46440327,-0.23055072,-1.6147876,-0.122143805,-0.833603,-0.87183756,-0.03882898,0.12655431,0.92024904,81
0.28816026,1.2550355,-0.9305357,0.39121473,-0.17394844,-0.8381653,-1.7494047,0.5507685,-0.23306756,-1.4845159,-0.21356572,-0.89925784,-1.1090149,0.08194819,0.15963188,1.1651337,84
-0.19449951,1.0857694,-0.90768504,0.2708242,-0.29328614,-0.76533055,-1.7350595,0.59452236,-0.19179575,-1.5920863,-0.1922175,-0.86446726,-0.9939098,0.04781401,0.24028018,1.001088,81
2.1693137,1.7180651,-2.273957,2.5520697,-1.2806383,-0.72823787,-2.0065668,-2.0043657,0.8652593,-5.2842774,-0.2559144,-0.032807574,-2.3034718,-0.49364358,-1.2345126,1.8294417,13
1.4768703,1.6044655,-2.0201535,1.7876393,-1.1224852,-0.33200982,-2.120099,-2.0234957,0.5094153,-3.9322908,-0.08093123,-0.39294827,-1.240946,-0.48086682,-1.785331,1.3908271,1
0.48109883,1.2842753,-0.89593565,0.55445,-0.14823854,-0.93772054,-1.6111562,0.62220156,-0.02652815,-1.6020081,-0.272861,-0.90906304,-1.2673242,0.12444557,0.23641032,1.3334398,84
2.426883,1.5004104,-2.0517673,1.5023587,-1.2893418,-0.8137513,-1.7083867,-1.7899704,0.7534105,-4.285045,-0.74430573,-0.39711726,-2.5194569,-0.12965955,-1.6988215,1.7934878,13
2.1282043,1.7776989,-2.3339906,2.6302772,-1.2270046,-0.6657748,-2.196635,-2.0570192,0.6876846,-5.2753315,-0.193943,-0.03807135,-2.1316526,-0.50898623,-1.3731074,1.7719783,13
0.29242742,1.0853958,-1.0557203,0.5948523,-0.062153183,-0.9962521,-1.6759026,0.7416315,-0.25708026,-1.6767042,-0.29146954,-0.8201689,-1.2835163,0.17320135,0.38021815,1.2667215,84
-0.13033423,0.97044724,-0.9973597,0.23401886,-0.2723017,-0.7961679,-1.6758926,0.666393,-0.19989364,-1.6750076,-0.23741992,-0.7950151,-1.141529,0.119231984,0.39019674,0.9709642,84
2.9958906,1.1921582,-2.6141691,1.1484265,-0.60892254,-1.0444832,-1.4575214,-1.6890208,0.62156045,-4.8398337,-0.7785491,0.13095294,-3.345914,-0.059993096,-1.3978658,1.7306902,104
0.14272483,1.1360987,-1.0965662,0.51225525,-0.086814374,-0.890665,-1.7904713,0.48774743,-0.25794643,-1.6948091,-0.22143407,-0.7951241,-1.1005667,0.071460366,0.09874116,1.182392,84
0.6916642,1.1649671,-1.1035533,0.69148076,0.053027824,-1.0487223,-1.6604211,0.56349593,-0.223087,-1.6365279,-0.294969,-0.8389957,-1.3530486,0.16813311,0.16606355,1.3868542,84
-0.20886959,1.1165627,-1.0238049,0.3995486,-0.29047722,-0.7048082,-1.6874614,0.39988846,-0.0778247,-1.8261138,-0.13917243,-0.8241325,-0.8847112,-0.014349669,-0.02219326,1.00657,81
0.29693186,1.1844225,-0.97593886,0.4675454,-0.19437574,-0.867317,-1.6834049,0.6601607,-0.25210804,-1.5348849,-0.2498267,-0.9049277,-1.1630938,0.14073226,0.28477642,1.1852382,84
0.3523985,1.1385227,-1.02923,0.52759826,-0.07318122,-0.945596,-1.6753409,0.7967697,-0.22178392,-1.6530981,-0.36949843,-0.85534817,-1.2586056,0.14365762,0.37028098,1.3070595,84
-0.36523628,1.1056283,-0.92887247,0.17858374,-0.36109716,-0.5977146,-1.7350559,0.4974156,-0.14059894,-1.7029744,-0.19362998,-0.8455697,-0.8662008,-0.051983453,0.0950325,0.96198344,81
0.30434948,1.2613893,-0.9218037,0.43249416,-0.16344234,-0.84881896,-1.721427,0.6805059,-0.16609664,-1.6058464,-0.28707585,-0.87888867,-1.1766044,0.101943135,0.23906353,1.2318949,84
-0.15603292,1.1299578,-0.89893514,0.25052148,-0.30959266,-0.73117495,-1.7288268,0.65644616,-0.1631053,-1.6244378,-0.24193767,-0.88396275,-1.0109386,0.055563927,0.27989396,1.0486583,84
2.2992325,1.7589387,-2.3934844,2.7512078,-1.2916085,-0.7497661,-1.9866033,-1.971374,0.9055967,-5.530709,-0.28340638,0.0049220473,-2.4106,-0.48236185,-1.1375508,1.9351304,13
1.4543853,1.7034082,-2.0135944,1.9205695,-1.152823,-0.3255392,-2.1457305,-1.9757979,0.59124875,-4.119654,-0.08858873,-0.40060937,-1.2184114,-0.5223366,-1.7488382,1.4536294,13
0.49740273,1.2796708,-0.91688144,0.60138196,-0.11880182,-0.9009855,-1.5648699,0.8242286,-0.038141474,-1.681262,-0.29497185,-0.88451254,-1.3214607,0.13530195,0.3814273,1.3850472,84
2.361847,1.5454602,-2.0934937,1.6570374,-1.3166292,-0.77452856,-1.7164826,-1.8209839,0.77060735,-4.4293814,-0.7135141,-0.35647854,-2.4058495,-0.1531296,-1.6580772,1.7808511,13
2.2693903,1.8356026,-2.4415581,2.7985091,-1.2584147,-0.7092967,-2.157635,-2.0236883,0.7842158,-5.5173335,-0.2530244,-0.04346089,-2.2622445,-0.5029776,-1.2800448,1.9128536,13
0.35652447,1.0791966,-1.0643196,0.645993,-0.017326027,-1.0104,-1.6437631,0.9456316,-0.2642551,-1.7034909,-0.38422447,-0.8046818,-1.3716381,0.17883006,0.5005325,1.3736584,84
-0.1437664,0.99347085,-0.980217,0.20567203,-0.27015078,-0.7768105,-1.6455703,0.7437284,-0.14328535,-1.7449311,-0.2734368,-0.7837927,-1.1648412,0.13871858,0.4322214,0.9869408,84
3.0669122,1.4166374,-2.936124,1.3717146,-0.646582,-1.0963562,-1.628128,-1.8722835,0.68431723,-5.378849,-0.68749857,0.18688254,-3.3543787,-0.09871356,-1.4270782,1.7309915,104
0.2024904,1.1594965,-1.0747571,0.55728924,-0.09131345,-0.89570916,-1.7579508,0.67669857,-0.20388503,-1.7832502,-0.34551087,-0.8165564,-1.1913924,0.06758089,0.21322462,1.2975047,84
0.72081846,1.1281476,-1.1117898,0.8092234,0.10630554,-1.0714355,-1.5915365,0.80146086,-0.18901257,-1.7435105,-0.4041898,-0.8161773,-1.4314432,0.15899105,0.31073016,1.5090015,84
-0.1807815,1.1836648,-1.0005475,0.39365,-0.3243686,-0.67214584,-1.6646523,0.43958938,-0.00028203428,-1.8905406,-0.18882458,-0.8535372,-0.893155,-0.012633465,-0.004199967,1.0649565,81
0.28175366,1.1801609,-0.952384,0.47991794,-0.19487755,-0.86133975,-1.6610017,0.7853414,-0.2239892,-1.5840168,-0.32590872,-0.91509414,-1.1888102,0.13396746,0.3691848,1.2501786,84
0.42228156,1.1044829,-0.9269644,0.57316446,-0.16485953,-0.9839586,-1.5228317,0.708301,-0.05919011,-1.7054269,-0.45722526,-0.87849456,-1.3193057,0.12152311,0.519401,1.4001212,84
-0.3391168,1.1330662,-0.8774215,0.2048952,-0.3976009,-0.60157377,-1.6753542,0.48525023,-0.053526387,-1.757023,-0.25392878,-0.88945425,-0.879777,-0.05166685,0.14105022,1.0412248,81
0.35085952,1.23074,-0.9416403,0.51119673,-0.13501447,-0.91730064,-1.649051,0.7581106,-0.09110363,-1.7266101,-0.37254855,-0.8899806,-1.247393,0.123946786,0.34939966,1.3326956,84
-0.09858509,1.1345576,-0.9250796,0.28456044,-0.29154766,-0.7767958,-1.6849527,0.6956956,-0.10418047,-1.6992326,-0.32224065,-0.9077952,-1.0478046,0.066775635,0.31806585,1.1418802,84
2.364007,1.7366127,-2.4348497,2.9316726,-1.3271743,-0.7678757,-1.8908007,-1.8804486,1.0004513,-5.7212806,-0.37234962,0.043296278,-2.515182,-0.4582999,-1.0055504,2.061696,13
1.5083766,1.7751802,-2.0323656,2.0485253,-1.2060511,-0.3722296,-2.120478,-1.9591079,0.7566522,-4.406336,-0.14553387,-0.39790913,-1.3196716,-0.5360693,-1.6680062,1.552824,13
0.5959615,1.2269173,-0.95855683,0.68056226,-0.07073552,-1.0056834,-1.505439,0.8991283,-0.002486363,-1.75439,-0.40605992,-0.89344555,-1.4216009,0.16709524,0.5062902,1.5059351,84
2.338409,1.5872622,-2.112343,1.7901515,-1.3379169,-0.7925236,-1.692985,-1.8468784,0.88584113,-4.6140585,-0.7590598,-0.3621094,-2.3510437,-0.15412998,-1.5965786,1.8358222,13
2.3556378,1.7771138,-2.4762893,2.9824152,-1.2583236,-0.75093013,-2.0742013,-1.9340241,0.836063,-5.6427994,-0.34730265,0.0030246526,-2.366741,-0.46934023,-1.15024,2.0291831,13
0.45205557,1.031005,-1.0842134,0.7096206,0.06417152,-1.1037741,-1.5517712,1.1674742,-0.1860524,-1.824141,-0.5529269,-0.8005373,-1.5124332,0.243164,0.6478381,1.5203314,84
-0.1433613,1.0451733,-0.9412793,0.27114213,-0.30138472,-0.736417,-1.5781612,0.89356923,-0.08156769,-1.7984103,-0.34643504,-0.8305339,-1.1622105,0.10053998,0.50987977,1.1339048,84
3.0873046,1.4758466,-3.12933,1.4064078,-0.6239234,-1.2056271,-1.6299484,-1.9757674,0.8041786,-5.6974707,-0.6497314,0.2218311,-3.4165392,-0.07589716,-1.3834486,1.703498,104
0.3266967,1.1030335,-1.089352,0.654688,-0.04613275,-1.0255085,-1.674938,0.78990906,-0.12404315,-1.9055066,-0.5212312,-0.8215099,-1.3459321,0.12891679,0.35108474,1.4495317,84
0.8608555,1.0398984,-1.1657127,0.93828046,0.17906916,-1.2392454,-1.4903111,0.958625,-0.094650045,-1.9483651,-0.5959119,-0.79092866,-1.6489528,0.23609036,0.4990285,1.6662905,84
-0.11831656,1.2117194,-1.0184743,0.44740874,-0.32523367,-0.70355505,-1.6356189,0.47673815,0.08244312,-2.0053334,-0.27133852,-0.8691116,-0.9425416,-0.0053448007,0.017880574,1.1638142,84
0.36971962,1.1648554,-0.98975074,0.49948478,-0.17973778,-0.93712306,-1.6125677,0.8387348,-0.14200886,-1.702795,-0.4504153,-0.9405432,-1.2761197,0.16704974,0.42740524,1.3425106,84
0.64194363,1.1366937,-0.88570035,0.7085979,-0.21184517,-1.0148017,-1.4080989,0.5225166,0.098815665,-1.8106358,-0.45667726,-0.8244845,-1.429818,0.12882827,0.626902,1.4931413,84
-0.20861624,1.1410793,-0.91235465,0.24405617,-0.37875378,-0.68170244,-1.6616604,0.4384635,-0.01615198,-1.7972819,-0.31512535,-0.904407,-0.9403195,0.00076457113,0.16617459,1.1036508,81
0.5172693,1.1685086,-1.0184394,0.6600026,-0.08026202,-1.0667354,-1.5849679,0.7530066,-0.04267542,-1.8362478,-0.4734237,-0.87351537,-1.3913544,0.18508801,0.4566309,1.4531671,84
0.03368017,1.116089,-1.0044891,0.37204885,-0.23558548,-0.8755947,-1.6464336,0.7650239,-0.08641501,-1.771591,-0.42511904,-0.9157756,-1.1360419,0.104657635,0.3800701,1.2559844,84
2.6516085,1.6603912,-2.2928462,2.7423105,-1.2506226,-0.85126764,-1.5948482,-1.8061283,1.2235347,-5.515511,-0.5105829,0.10944061,-2.748768,-0.47801232,-0.73663014,2.1303027,13
1.6422325,1.770464,-2.1128051,2.1944084,-1.21914,-0.4657031,-2.0816348,-1.9779944,0.82984006,-4.616212,-0.2127911,-0.35635644,-1.4643463,-0.49382523,-1.5738688,1.6326476,13
0.78327465,1.1524662,-1.0588628,0.86284316,0.014731213,-1.156281,-1.4085464,0.9815581,0.050654262,-1.8942398,-0.5406437,-0.85973275,-1.6017249,0.2292844,0.6258304,1.6764519,84
2.37544,1.5928843,-2.1763868,1.9035383,-1.3569499,-0.8997522,-1.6495681,-1.9186752,1.0343529,-4.843865,-0.82502675,-0.36281195,-2.4138048,-0.14051238,-1.5095191,1.9027141,13
2.5868936,1.6273496,-2.1826327,2.778719,-1.2032615,-0.81158763,-1.6538749,-1.8126543,1.1037688,-5.250314,-0.502819,0.04415661,-2.5371954,-0.48830333,-0.80275583,2.1118283,13
0.6989503,0.92799914,-1.2067673,0.9545573,0.19286785,-1.2625927,-1.398885,1.3281857,-0.1636921,-1.9858422,-0.7194786,-0.7640827,-1.7224991,0.31870127,0.81231403,1.7464483,84
-0.030513346,1.0285705,-1.0109634,0.4070521,-0.25225168,-0.8193034,-1.5420363,0.9587201,-0.03374295,-1.8984983,-0.44899103,-0.8394245,-1.2394091,0.10073674,0.5431682,1.2945533,84
3.0193295,1.5089661,-3.1315632,1.4885781,-0.6727959,-1.1928372,-1.5952733,-1.9751477,0.9484212,-5.8725543,-0.5937003,0.25610483,-3.4244006,-0.14445554,-1.2726355,1.7028254,104
0.5881463,1.0286846,-1.2020838,0.92322433,0.077674136,-1.2235674,-1.52651,0.92997694,-0.08501561,-2.050558,-0.68174314,-0.80238223,-1.556356,0.21522123,0.5051647,1.6837735,84
1.0855478,0.918094,-1.2600526,1.241553,0.30687177,-1.4437668,-1.3013384,1.1441251,-0.028494269,-2.140673,-0.78560954,-0.7412951,-1.898057,0.33115727,0.7036989,1.9211882,84
0.013380453,1.2006303,-1.1109115,0.58227545,-0.26272157,-0.79404074,-1.5952086,0.5323651,0.09463227,-2.089056,-0.3475965,-0.87084264,-1.0125691,0.019870766,0.059813708,1.2907522,84
0.55846745,1.0791038,-1.1128397,0.6162636,-0.06690174,-1.1000684,-1.5420947,0.900012,-0.12273295,-1.8340489,-0.57894325,-0.8911186,-1.4505581,0.2576756,0.5210367,1.45663,84
0.8610781,1.1794482,-0.91124743,0.9816145,-0.22230583,-0.98603666,-1.1324375,0.40323317,0.23288666,-1.9793998,-0.38692105,-0.7745118,-1.4749196,0.107163,0.7065405,1.6802307,84
-0.050183162,1.1471869,-1.0314624,0.32144308,-0.3049311,-0.79834306,-1.6646934,0.49614626,-0.029555157,-1.8754839,-0.37213358,-0.89359206,-1.041251,0.07022554,0.21859625,1.173907,84
0.7106494,1.1234941,-1.1590099,0.9258938,0.03276989,-1.2286483,-1.4626381,0.915162,-0.01323761,-2.0063934,-0.60306466,-0.85179466,-1.5726082,0.24649552,0.5810005,1.6915028,84
0.22133078,1.1079338,-1.1276846,0.54022485,-0.15215504,-0.9746307,-1.5859835,0.90740186,-0.08034952,-1.8811594,-0.5127194,-0.90116006,-1.2717198,0.16072053,0.469068,1.4077731,84
2.9391894,1.8202868,-2.4130702,2.7928243,-1.376157,-0.86125714,-1.5011194,-1.8037082,1.3868632,-5.937395,-0.5685708,0.19225313,-3.104497,-0.5028912,-0.56104285,2.2897289,13
1.779933,1.7251309,-1.9287994,2.1587486,-1.2650244,-0.54395664,-1.7676501,-1.977416,1.0882831,-4.488395,-0.25771227,-0.35971737,-1.6115357,-0.52325404,-1.2605932,1.7611684,13
1.0061705,1.0595399,-1.242961,1.189851,0.185547,-1.3128234,-1.2331443,1.2081218,0.036455646,-2.0824258,-0.6568428,-0.81326836,-1.7933537,0.2899404,0.7900746,1.9339048,84
2.526205,1.5301218,-2.074795,1.751177,-1.2859703,-1.0287368,-1.3526933,-1.8858039,1.2753893,-4.672724,-0.8838852,-0.3615855,-2.539955,-0.16726103,-1.244165,1.9505941,13
2.9344628,1.7693506,-2.3180473,2.8589187,-1.358825,-0.8513408,-1.5084136,-1.7963806,1.2912351,-5.702661,-0.58754426,0.125257,-2.9737387,-0.5041019,-0.58178174,2.3071282,13
0.9566905,0.8156166,-1.3316047,1.2936492,0.30726883,-1.4282914,-1.2019732,1.5012368,-0.08409171,-2.2218838,-0.8977337,-0.69584274,-1.9648015,0.3923594,0.9625612,2.0133183,84
0.18577458,1.0022734,-1.1161848,0.49788272,-0.17734605,-0.9630321,-1.4864106,1.0056055,-0.006008774,-1.9611603,-0.555874,-0.84667546,-1.3716433,0.19164798,0.61317706,1.417946,84
2.890581,1.544555,-3.0201466,1.5080254,-0.7571064,-1.0991601,-1.5071199,-1.9093337,1.1254604,-5.93354,-0.5210208,0.25700825,-3.3677495,-0.20767419,-1.1443489,1.6861016,104
0.81149447,0.92937195,-1.3069777,1.2770127,0.18771079,-1.37473,-1.3034585,1.1262046,-0.03954728,-2.2396774,-0.81193143,-0.7594087,-1.7604716,0.29152954,0.6928437,1.9557945,84
1.2478517,0.7556321,-1.3795999,1.6282209,0.42553917,-1.5944353,-1.0473052,1.3363837,-0.025702983,-2.3210483,-0.9271076,-0.683839,-2.0870397,0.38390923,0.8936774,2.2131338,40
0.17222635,1.2696745,-1.0496247,0.70746887,-0.37507498,-0.7987469,-1.4325576,0.3554631,0.2380412,-2.0835328,-0.30763066,-0.9073622,-1.0429173,0.017224558,0.17356002,1.4033144,84
0.76295316,1.0159885,-1.2286606,0.876938,0.044756398,-1.2749287,-1.3937786,1.1009477,-0.06335156,-2.0234623,-0.74573296,-0.8598519,-1.6726457,0.31818464,0.68114775,1.7126621,84
0.93084306,1.1495469,-0.9555928,1.3330477,-0.20364271,-0.8987321,-0.8299259,0.23533022,0.35329932,-2.2400012,-0.30595472,-0.6302567,-1.4139577,0.048634067,0.58350813,1.8291599,84
0.08735685,1.1889259,-1.1262943,0.4766993,-0.23421547,-0.8698816,-1.626904,0.7006614,-0.05147071,-1.9593462,-0.4336542,-0.90651536,-1.1379833,0.108304605,0.31624344,1.3248397,84
0.8376847,1.0260903,-1.2921225,1.225037,0.16279367,-1.3365631,-1.2626173,1.167632,-0.040540352,-2.1793606,-0.7200311,-0.8096165,-1.7157794,0.29474252,0.73189753,1.9296178,84
0.3765961,1.122933,-1.1988317,0.7776787,-0.10162605,-1.0399084,-1.480166,1.0072533,-0.026200816,-2.0263848,-0.60299313,-0.88164717,-1.3579953,0.19673803,0.49540573,1.5981364,84
3.0274324,1.951639,-2.4287093,2.9386601,-1.4572597,-0.7581471,-1.4865179,-1.710522,1.406435,-6.242597,-0.5676868,0.23960342,-3.239531,-0.5444335,-0.4618243,2.4200547,13
1.9796206,1.927338,-2.1375325,2.4029193,-1.4333551,-0.53705317,-1.7445889,-2.1087527,1.1173717,-4.9582815,-0.17165735,-0.3083728,-1.817431,-0.5415691,-1.0992433,1.8832076,13
1.0814565,0.9082815,-1.3476862,1.4399852,0.2903888,-1.4394652,-1.0820391,1.3419329,0.002589196,-2.2444406,-0.7848402,-0.71772504,-1.9239988,0.36898488,0.92545074,2.0898218,40
2.577413,1.627087,-2.034043,1.793702,-1.3691427,-0.99511075,-1.1840403,-1.8881207,1.4666522,-4.888224,-0.76989174,-0.30568126,-2.6638744,-0.25148702,-0.9749327,1.9872769,13
3.021003,1.8965023,-2.4157643,3.1237478,-1.476405,-0.7616893,-1.4755311,-1.7082933,1.3097057,-6.1680903,-0.5652344,0.15991639,-3.1679265,-0.5750933,-0.4251272,2.5044062,13
0.997577,0.75975245,-1.2187921,1.4311284,0.14096689,-1.362653,-1.0693057,1.245772,0.13864115,-2.4110932,-0.7912077,-0.5951811,-2.0355866,0.35659224,1.0832949,2.027796,40
0.3479784,0.9545159,-1.2067606,0.70395255,-0.07317124,-1.0189968,-1.3964245,1.1273819,-0.05819176,-2.0133324,-0.63229287,-0.79446995,-1.4415534,0.24719518,0.64989793,1.5540584,84
2.7520547,1.5163474,-2.8899164,1.5125785,-0.81439114,-1.0669576,-1.423877,-1.9144094,1.2325492,-5.911005,-0.47353348,0.25573385,-3.3193276,-0.22381294,-1.0196596,1.6498213,19
0.8364821,0.9017424,-1.290336,1.4541107,0.02611439,-1.3223084,-1.1537418,1.003323,0.18206245,-2.5422113,-0.6991929,-0.6845042,-1.90275,0.23833713,0.8846746,2.0399792,84
1.1442008,0.68237,-1.2764014,1.6544663,0.22614878,-1.486862,-0.9821273,1.1936904,0.1768271,-2.485847,-0.8355283,-0.588281,-2.1948016,0.2903678,1.0849338,2.2354615,40
0.31238472,1.4039699,-1.0941253,0.950006,-0.42940336,-0.740498,-1.258801,0.22133727,0.34133223,-2.2733352,-0.21232596,-0.8870865,-1.0143608,0.005168475,0.15386522,1.5388267,84
0.9259108,1.0185758,-1.270411,1.203708,-0.058607593,-1.3246837,-1.1213689,0.9041139,0.1801514,-2.3299422,-0.7275531,-0.82281214,-1.8010277,0.30314127,0.78797144,1.9278152,84
0.8301218,1.3597307,-1.3469495,2.0991664,-0.46476066,-0.655725,-0.847315,-0.57869005,0.76271015,-3.4151175,-0.084867716,-0.32865185,-1.118987,-0.27409723,-0.18548377,1.9604653,84
0.167338,1.2021132,-1.1767201,0.7010193,-0.18747339,-0.9439722,-1.524734,0.85920024,-0.015511394,-2.1134124,-0.49947128,-0.9021794,-1.2265381,0.13948627,0.40494937,1.4991134,84
0.7552786,0.9629534,-1.2302924,1.3594599,-0.014122024,-1.2348862,-1.13939,1.0852636,0.13023569,-2.4209576,-0.62885666,-0.7112835,-1.8320818,0.21347395,0.9181449,1.9931937,84
0.35263842,1.1272634,-1.1259588,0.99393594,-0.2600225,-0.9692723,-1.3149569,0.8594032,0.16654769,-2.2877693,-0.4672507,-0.8341197,-1.4184722,0.11960392,0.6507753,1.6743442,84
3.239166,2.049477,-2.694346,3.0138016,-1.4836699,-0.7711423,-1.3960934,-1.5889663,1.4008257,-6.748933,-0.4922446,0.2557162,-3.6022968,-0.55962574,-0.31184012,2.5477848,13
2.0401487,2.019081,-2.4006245,2.773714,-1.4954462,-0.4634629,-1.8311014,-2.0994084,0.96923286,-5.5426435,-0.024529338,-0.16953725,-1.9747238,-0.57917976,-0.96687126,1.9389431,13
1.0041941,0.857153,-1.2986869,1.4339507,0.158241,-1.3799363,-1.091122,1.1803855,0.1309377,-2.4193354,-0.691345,-0.60458183,-2.0175822,0.32080376,1.0243499,2.0527737,40
2.5348394,1.8074591,-2.074696,2.0906801,-1.5533803,-0.75818235,-1.1869519,-1.8487115,1.4437816,-5.255374,-0.5879503,-0.23487282,-2.677205,-0.39637163,-0.81222576,2.0738857,13
3.2362685,2.0049212,-2.8252194,3.3360658,-1.4693465,-0.7930684,-1.5365973,-1.6593443,1.2748636,-6.892233,-0.44642526,0.2211244,-3.5589688,-0.6549874,-0.29218245,2.6556323,13
0.87211674,0.7856048,-1.1799424,1.2944893,0.042124122,-1.1901011,-0.9285843,1.2999647,0.04852216,-2.2207227,-0.6502574,-0.728188,-1.9006641,0.38722053,1.2797871,2.0119407,40
0.33876473,0.9440967,-1.1843013,0.91184163,-0.17597798,-0.9959603,-1.2595704,0.9403972,0.12440641,-2.2467875,-0.50363773,-0.7255617,-1.473424,0.20915288,0.73730683,1.5985882,84
2.6478915,1.5162926,-2.815105,1.6453534,-0.90295184,-1.0089992,-1.3632755,-1.8945723,1.2218527,-5.8731194,-0.4134931,0.23631011,-3.2398763,-0.27482057,-0.9109532,1.6718432,19
0.71452373,0.8933873,-1.3321446,1.2910264,-0.039972864,-1.1935917,-1.0779581,1.0522888,0.087269545,-2.4391437,-0.55133855,-0.76682717,-1.8144765,0.26209685,1.0429223,1.970501,84
0.93289596,0.71341056,-1.280346,1.3854449,0.099832505,-1.3265245,-0.9550439,1.0946723,0.09305054,-2.3034616,-0.6509044,-0.72079366,-2.0164316,0.30035383,1.1220098,2.1193788,40
0.28787768,1.5685148,-1.2986487,1.4529096,-0.52445596,-0.57056755,-1.0566084,-0.3799308,0.62590754,-2.856923,0.07007748,-0.7729238,-0.71194905,-0.16816798,-0.37933645,1.6244272,84
0.7688942,0.9023785,-1.2507197,1.2813677,-0.058823176,-1.3041648,-1.0853026,1.0523355,0.21444543,-2.488721,-0.70207167,-0.7036832,-1.8957051,0.30339625,0.9718587,1.9496039,84
0.963669,1.6014006,-1.8351294,2.358562,-0.9383602,-0.4697864,-1.3878,-1.4086305,0.77495795,-4.3389606,0.06750822,-0.08423148,-1.153178,-0.4263361,-0.60471463,1.7836164,84
0.13013469,1.2134036,-1.2175136,0.9163294,-0.3143902,-0.9194774,-1.4236646,0.68003,0.12613568,-2.4171548,-0.35551298,-0.83391595,-1.2820289,0.071345046,0.47197175,1.5388665,84
0.60581326,0.9821318,-1.2425681,1.1574078,-0.10225336,-1.1194432,-1.1327885,0.99606764,0.06323135,-2.2920346,-0.47930145,-0.7835238,-1.6936312,0.24268779,0.94712013,1.87948,84
0.23541345,1.1204892,-1.1458058,0.9586208,-0.3134998,-0.90013486,-1.2211342,0.7325318,0.120636255,-2.2124414,-0.32573763,-0.8638819,-1.2737224,0.16302875,0.6821701,1.6120504,84
3.3085773,2.0339978,-3.1985126,3.0897484,-1.4892305,-0.72547287,-1.6072721,-1.7189062,1.124133,-7.2068,-0.33408344,0.3704912,-3.8162112,-0.646948,-0.3426605,2.5541492,104
2.1334333,1.957449,-2.6366658,3.0096698,-1.5013032,-0.46293303,-1.9031732,-2.0850246,0.8609391,-6.075819,0.06733441,0.048778355,-2.2865715,-0.60327774,-0.81238526,1.9696876,13
0.7769427,0.9215948,-1.24374,1.2253212,0.002052784,-1.1795365,-1.0299897,1.0502253,0.0898259,-2.2232547,-0.5136181,-0.74636984,-1.7617011,0.2955977,0.9924007,1.9608927,84
2.5381532,1.885515,-2.2992997,2.4729404,-1.6208363,-0.64118314,-1.3645403,-1.8737636,1.250593,-5.8112884,-0.43079832,-0.045432627,-2.79606,-0.4358013,-0.7408841,2.108634,13
3.2045522,2.0020669,-3.3104987,3.4762878,-1.4575562,-0.77402824,-1.7010989,-1.7770861,1.1114175,-7.4298444,-0.25290012,0.30271482,-3.6650772,-0.7031729,-0.2722712,2.6797853,13
0.63815516,0.7741138,-1.1953347,0.9412582,-0.047120817,-1.0502813,-1.0122905,1.1307793,-0.09178768,-1.9537365,-0.5341425,-0.75837,-1.7009842,0.3706812,1.208184,1.7902368,84
0.27522695,1.0133754,-1.2268252,0.9714719,-0.22287434,-0.95977587,-1.1722372,0.8618235,0.13571686,-2.2610512,-0.40655562,-0.7928573,-1.3553408,0.2265873,0.7208756,1.6430689,84
2.5449286,1.5949862,-2.8377047,1.8252538,-1.0547907,-0.99153537,-1.386956,-1.8862143,1.2286751,-5.9896455,-0.38477045,0.17923336,-3.2008753,-0.30043894,-0.88854337,1.7481071,19
0.5469041,0.85272926,-1.4215641,0.9912696,-0.071542434,-1.1363374,-1.1808336,0.9040471,-0.06224288,-2.233451,-0.4498561,-0.7529981,-1.6836882,0.2934167,1.0010688,1.7542229,84
0.7679064,0.75254095,-1.3771954,1.0510094,0.04392688,-1.2145026,-1.0985875,0.91956234,-0.08060096,-2.130933,-0.505179,-0.7223848,-1.8616254,0.3699269,1.0572805,1.8742293,84
0.29993403,1.7488836,-1.5986414,1.8297459,-0.8370495,-0.336317,-1.1890688,-1.074295,0.7640712,-3.538739,0.26191586,-0.5602442,-0.5003869,-0.3859653,-0.8907633,1.5690542,84
0.5570649,0.85966,-1.1685456,1.1197622,-0.15228601,-1.1538863,-0.9675423,0.87996554,0.1876587,-2.2792194,-0.54810965,-0.72872466,-1.6603931,0.31971315,0.9377015,1.821542,84
1.0027311,1.7041415,-2.0588458,2.2084417,-1.1298167,-0.40083444,-1.5882499,-1.7860545,0.79900324,-4.4061394,0.07281205,-0.13382295,-1.0789008,-0.51339966,-0.8678667,1.719166,84
0.08599125,1.2278452,-1.2356238,0.8086152,-0.3933133,-0.8539834,-1.3848369,0.57953596,0.07191357,-2.3454788,-0.21551977,-0.85621846,-1.2052613,0.10473359,0.56423485,1.420997,84
0.36399496,1.0544392,-1.2840811,0.85896015,-0.19103259,-1.0358554,-1.3087497,0.78896004,-0.02733624,-2.1218686,-0.4058141,-0.8187071,-1.4744009,0.23787221,0.7840307,1.6956522,84
0.13620739,1.1729119,-1.2412221,0.7893132,-0.33719128,-0.8459563,-1.2616408,0.70800656,0.03665498,-2.1129403,-0.2601957,-0.88944435,-1.1490525,0.1567934,0.6209244,1.5071671,84
3.206605,2.1694784,-3.495386,2.9959912,-1.6368546,-0.8802618,-1.8112793,-1.8755351,1.1707217,-7.6488457,-0.3606538,0.42064536,-3.9612093,-0.7075775,-0.47900668,2.6366596,13
2.199094,1.8872764,-2.9863608,3.0930924,-1.5104942,-0.4493613,-1.9635267,-2.0933127,0.77800494,-6.495185,0.12619579,0.16777249,-2.5217576,-0.63471144,-0.7518459,1.997973,13
0.5711003,1.025876,-1.2924062,0.908425,-0.079200104,-1.0166091,-1.215651,0.88648725,-0.0614904,-2.030609,-0.40609744,-0.7936534,-1.5292698,0.29488805,0.83494574,1.7577453,84
2.4772637,1.824543,-2.3754942,2.724298,-1.636846,-0.6260472,-1.4873757,-1.9517603,1.1229106,-6.094285,-0.31930462,0.080044106,-2.838789,-0.44309938,-0.6641217,2.1003675,13
3.1137292,2.1896956,-3.507258,3.0562572,-1.579773,-0.954551,-1.8240454,-1.9606361,1.2007486,-7.4347277,-0.29854834,0.20737298,-3.6635678,-0.69470215,-0.53732693,2.682765,13
0.41865492,0.8170444,-1.3534902,0.81271553,-0.094467156,-1.0662136,-1.1640153,0.8836452,-0.19434674,-1.9200627,-0.4871027,-0.7651616,-1.5181156,0.32613644,0.9669396,1.6904722,84
0.15623163,1.1022667,-1.2101182,0.78108823,-0.31716275,-0.82767516,-1.1855168,0.8440584,0.030828103,-2.081318,-0.31526798,-0.8624933,-1.1931666,0.21109477,0.722638,1.5260592,84
2.9024825,1.5413334,-2.9573112,1.9789618,-1.1675227,-1.2454284,-1.031851,-1.9113872,1.2993076,-6.040351,-0.5148161,0.0938897,-3.6047676,-0.34156093,-0.5370718,2.0846262,104
0.3279881,0.81014717,-1.4476815,0.8246405,-0.11490769,-1.12827,-1.2611701,0.7321495,-0.16926183,-2.0614116,-0.47554135,-0.7205873,-1.5169804,0.27597773,0.8631137,1.6629213,84
0.58331877,0.7025004,-1.3466045,0.8348589,-0.035332277,-1.167078,-1.1708639,0.77198684,-0.19693734,-1.9383651,-0.5423785,-0.6813555,-1.7326504,0.38755214,1.0156431,1.7556798,84
0.2583869,1.8540139,-1.79067,1.8086141,-0.9917772,-0.27769414,-1.2962687,-1.2744826,0.80562466,-3.6442552,0.27125043,-0.60534096,-0.35104793,-0.5019283,-1.0230923,1.5597881,81
0.36211228,0.91475123,-1.2768523,0.9457933,-0.19916523,-1.1107497,-1.0464916,0.6926512,0.11784219,-2.1562634,-0.45861346,-0.7677972,-1.4476403,0.29388914,0.7635664,1.7206222,84
1.0510795,1.7749523,-2.211179,1.993132,-1.1726905,-0.39805365,-1.6085715,-1.9053314,0.77394766,-4.2365417,0.06642529,-0.2931339,-0.96650803,-0.5261611,-1.0643182,1.6953915,84
0.03469357,1.2988681,-1.3269662,0.69495785,-0.40490067,-0.8512428,-1.4583056,0.57110643,0.037696853,-2.3315864,-0.18739232,-0.87450475,-1.1382239,0.09246169,0.50661224,1.3657609,84
0.23247193,1.0255582,-1.2985483,0.6548388,-0.25307283,-0.96803266,-1.3508971,0.69800985,-0.108108446,-1.9797521,-0.42950785,-0.78321713,-1.3651556,0.25746667,0.732143,1.5747006,84
0.022538424,1.1452866,-1.2662077,0.6784034,-0.37026992,-0.8568771,-1.356399,0.6535232,-0.021205977,-2.014462,-0.3208839,-0.8712794,-1.1026434,0.10673161,0.5669178,1.491449,84
3.3829124,2.1008275,-3.7158406,2.8405008,-1.4820759,-1.0924064,-1.9241712,-1.9739163,1.0988989,-7.7640214,-0.4572018,0.45122123,-4.157542,-0.57824206,-0.62948036,2.6070054,104
2.2751212,2.126418,-3.4192846,3.1700602,-1.6150022,-0.72621894,-2.2172225,-2.3184056,0.9794831,-7.278922,0.11219165,0.13441034,-2.7677221,-0.71313125,-0.87458587,2.1611578,13
0.45859247,1.0507836,-1.3508141,0.70753634,-0.14779831,-0.9529468,-1.2992649,0.77025515,-0.15294714,-1.9010981,-0.38486597,-0.80379385,-1.3837276,0.3026042,0.7656581,1.6246551,84
2.6695018,1.8370605,-2.4793422,2.6048899,-1.6618738,-0.84539,-1.3088663,-1.8516861,1.2705237,-6.206096,-0.39710906,0.048741266,-3.1171718,-0.43332198,-0.52975404,2.2213194,13
3.184405,2.06003,-3.5435565,2.9062896,-1.4616398,-1.1002598,-1.7901285,-1.9345367,1.1545019,-7.313872,-0.44366327,0.18462889,-3.7448068,-0.5450225,-0.6377551,2.6839027,13
0.25421196,0.90263766,-1.3646595,0.51794034,-0.2024211,-0.95284957,-1.2993996,0.69832206,-0.29957485,-1.7016816,-0.42630982,-0.7914086,-1.3189751,0.35603982,0.7746578,1.5122524,84
0.04643689,1.0984632,-1.3037912,0.65951514,-0.33291206,-0.8722542,-1.2873642,0.6870576,-0.026634976,-1.9942505,-0.31065556,-0.8539051,-1.1017793,0.18413234,0.59297746,1.4577113,84
3.1710646,1.7415228,-3.5357227,2.477768,-1.2495357,-1.3533254,-1.3503768,-1.8876104,1.1111654,-6.8188443,-0.5173883,0.15770353,-3.9013066,-0.36349085,-0.58803993,2.3218427,104
0.21505435,0.91388094,-1.4730773,0.54450125,-0.19804391,-1.0138192,-1.3672266,0.59376776,-0.26657957,-1.8233755,-0.4246301,-0.775248,-1.3208679,0.28167528,0.70199746,1.5247209,84
0.47603214,0.83110577,-1.4202311,0.544406,-0.09848377,-1.0471413,-1.2506974,0.62559396,-0.2823912,-1.7286785,-0.4738069,-0.754196,-1.4924706,0.37637034,0.8211452,1.616307,84
0.33898765,1.8657887,-1.8840833,1.6713845,-1.0100358,-0.3595223,-1.3920989,-1.4443388,0.82913435,-3.528519,0.21124977,-0.6693307,-0.30904806,-0.5324168,-1.1876407,1.5330627,81
0.250421,0.89820004,-1.332087,0.7756065,-0.23048171,-1.05236,-1.0998762,0.6719658,0.028672844,-2.034459,-0.46348435,-0.75627637,-1.3624719,0.26884952,0.74459517,1.6331867,84
1.0782133,1.8053373,-2.214262,1.8940285,-1.2377464,-0.35995153,-1.623379,-1.9274354,0.79170644,-4.0727034,0.025183111,-0.41405493,-0.8996092,-0.5460311,-1.1848464,1.7445498,13
-0.011958569,1.2366294,-1.3001069,0.5880116,-0.4112386,-0.834722,-1.4841957,0.5849444,-0.011329979,-2.1801512,-0.25166702,-0.8366079,-1.1363678,0.07518393,0.5100076,1.3681269,84
0.16924022,1.1028446,-1.3119371,0.37065023,-0.32450384,-0.8549364,-1.3881767,0.63228804,-0.17957042,-1.7060608,-0.40870655,-0.8740145,-1.1769143,0.24937236,0.64309096,1.4661078,84
-0.027936578,1.1288924,-1.3116983,0.38599038,-0.37321055,-0.8497792,-1.4611282,0.60179824,-0.14559431,-1.7874058,-0.31013152,-0.86612666,-1.0598913,0.16833428,0.57097626,1.3387756,84
3.395862,1.7568825,-3.6399825,2.5726,-1.271587,-1.2334057,-1.8438566,-1.9925866,1.0165164,-7.2545695,-0.6579244,0.44842303,-4.1292744,-0.3918914,-0.73429096,2.5386512,104
2.44617,2.1658359,-3.5140634,3.150456,-1.5890605,-0.8268383,-2.1861563,-2.2427852,1.0975777,-7.3961387,0.018662184,0.10026695,-2.93595,-0.6612596,-0.87584233,2.2836726,13
0.37592423,1.1167163,-1.3756816,0.39230627,-0.23960671,-0.85959476,-1.3912683,0.540163,-0.21708809,-1.664848,-0.32558364,-0.8519569,-1.1929678,0.34430623,0.57590425,1.4337434,84
2.6315482,1.8865876,-2.6329153,2.291101,-1.5706242,-1.0094757,-1.248358,-1.7962636,1.3251919,-5.940837,-0.46874446,-0.16855302,-2.9937086,-0.41392544,-0.67125434,2.3126676,13
3.0938764,1.8454711,-3.41913,2.5531282,-1.3905439,-1.1344427,-1.7390804,-1.9628179,1.1022127,-6.8163342,-0.6093517,0.15813048,-3.6427934,-0.41935086,-0.80829483,2.5825727,13
0.094069764,1.0663445,-1.416477,0.35839242,-0.27692232,-0.868195,-1.432812,0.44062,-0.3254382,-1.5995102,-0.33992198,-0.85320437,-1.0659893,0.32065734,0.50448316,1.4228257,84
-0.008053675,1.1027305,-1.3334383,0.40181124,-0.3466277,-0.85887325,-1.4123828,0.63081694,-0.14704533,-1.7595749,-0.28609648,-0.8610845,-1.0354923,0.22058228,0.5700093,1.3094008,84
3.0573075,1.8103486,-3.5815284,2.4768777,-1.3473954,-1.14131,-1.6987157,-1.752081,1.0778339,-7.1758423,-0.56432986,0.31712693,-4.0455084,-0.4602149,-0.7943421,2.3748894,13
0.11521228,1.1093589,-1.4701645,0.44039,-0.29917467,-0.8879113,-1.4712749,0.41824144,-0.24766971,-1.7708415,-0.34995168,-0.8622082,-1.1169609,0.25355154,0.49960923,1.4823737,84
0.33394676,1.0631996,-1.4453343,0.42586815,-0.22241981,-0.9419505,-1.35585,0.406478,-0.20767735,-1.70979,-0.39082807,-0.8584329,-1.2540667,0.3253339,0.5663127,1.5666647,84
0.46282536,1.8781563,-1.940219,1.6399144,-1.0600243,-0.36699164,-1.4865308,-1.574423,0.8411647,-3.5315013,0.16757652,-0.680004,-0.32303149,-0.5210448,-1.3100257,1.534557,81
0.18673103,0.9849415,-1.3199605,0.4101802,-0.30696562,-0.93585145,-1.2136157,0.62280065,-0.11115469,-1.6981834,-0.44356602,-0.8606723,-1.2238238,0.3079575,0.6806782,1.4994648,84
1.1685385,1.8359323,-2.1847746,1.8155936,-1.2665051,-0.38863295,-1.6059451,-1.945097,0.90386635,-4.0462666,-0.015158892,-0.46028346,-0.9685922,-0.5382815,-1.219542,1.7777458,13
-0.037485406,1.2144095,-1.2971308,0.3516072,-0.41433626,-0.80863667,-1.515048,0.563118,-0.07618524,-1.9119431,-0.2800263,-0.8851463,-1.0572383,0.09903276,0.50778866,1.2969273,84
0.0841697,1.2775505,-1.3691434,0.30445832,-0.38937667,-0.8000324,-1.5115006,0.42960733,-0.139832,-1.696394,-0.37686652,-0.96026564,-0.999499,0.20600817,0.39475363,1.4752915,84
-0.05707605,1.2671586,-1.3388774,0.33187622,-0.4119427,-0.7928951,-1.5545883,0.46395683,-0.10820003,-1.7874854,-0.27716038,-0.9291415,-0.9423959,0.16572589,0.3974738,1.3385727,84
3.1700954,1.5557734,-3.3374212,2.052085,-1.1892517,-1.2534453,-1.6735773,-1.9275413,1.1360252,-6.53544,-0.7814501,0.3074612,-3.8945029,-0.35419333,-0.82957387,2.4179268,104
2.465433,2.1505349,-3.3325312,3.039506,-1.6124774,-0.8082058,-2.0655527,-2.0627234,1.2241158,-7.214274,-0.06284191,0.04942034,-2.9350638,-0.6250306,-0.8577358,2.2945943,13
0.23084746,1.2581716,-1.4027987,0.28645998,-0.32493752,-0.810198,-1.4880631,0.3080734,-0.15944348,-1.6393192,-0.30183768,-0.92509824,-0.99247086,0.2943117,0.32337633,1.4091555,84
2.7366395,2.0558262,-3.0047824,2.07873,-1.5079867,-1.1265502,-1.3640516,-1.7959325,1.414367,-6.0105805,-0.5131478,-0.3599947,-2.9971185,-0.4219193,-0.88622457,2.4067914,13
2.856305,1.7055142,-3.1494205,2.161605,-1.384835,-1.0953797,-1.6389227,-1.9549656,1.1898581,-6.26214,-0.6700233,0.07490794,-3.4030695,-0.4347821,-0.88415873,2.4334648,13
-0.0017433614,1.1216196,-1.3527247,0.21561742,-0.3260072,-0.8096304,-1.523756,0.27016458,-0.32189268,-1.4476937,-0.30972588,-0.89410436,-0.90242934,0.29275274,0.33379656,1.3302771,84
-0.09450954,1.2034459,-1.3407809,0.31903768,-0.40810737,-0.7693931,-1.5186627,0.48550707,-0.17226298,-1.7243727,-0.2493447,-0.8949186,-0.9140792,0.20471591,0.427069,1.2870588,84
2.8490896,1.7965584,-3.5700114,2.3474035,-1.5157243,-1.3129361,-1.6677201,-2.0511613,1.2630463,-7.4033375,-0.42696923,0.26485014,-4.0740056,-0.5054437,-0.71707064,2.444924,13
0.03631705,1.1901547,-1.4149499,0.30649918,-0.36385787,-0.82199943,-1.559099,0.27871692,-0.22170262,-1.6292672,-0.33061284,-0.9184088,-0.975772,0.2167289,0.34601426,1.4189316,84
0.23188378,1.1425965,-1.4044548,0.33539194,-0.2718821,-0.8660804,-1.4308908,0.30170476,-0.16426943,-1.573105,-0.36129498,-0.9121481,-1.0982407,0.25676733,0.42276585,1.5276405,84
0.5861894,1.9195234,-1.9825095,1.7310606,-1.0873004,-0.37479022,-1.5789549,-1.6338235,0.8944356,-3.7351503,0.14969105,-0.6346733,-0.44412428,-0.4911162,-1.3649924,1.5872743,81
0.09651549,1.1800195,-1.335376,0.29721445,-0.3898615,-0.83904564,-1.3503752,0.4682923,-0.075876996,-1.6537066,-0.4209705,-0.9729954,-1.0350484,0.25315365,0.46459782,1.4810686,84
1.1843442,1.7932692,-2.144664,1.8281971,-1.2313113,-0.45033056,-1.5818114,-1.9102623,0.9733369,-4.022293,-0.03394091,-0.45308626,-0.99934363,-0.5549779,-1.1714554,1.782573,13
-0.034126878,1.3987917,-1.3712448,0.2860589,-0.4400292,-0.8020465,-1.6361794,0.43186337,0.008454636,-1.9403763,-0.28659624,-0.97574824,-0.9539818,0.08974083,0.3094749,1.3237317,84
0.036903158,1.377219,-1.3905445,0.20016599,-0.42919457,-0.74009216,-1.6002028,0.31598097,-0.09725295,-1.6265682,-0.35016513,-1.0113015,-0.88420165,0.17634717,0.212538,1.4281138,84
-0.02079387,1.3539804,-1.3251632,0.26288432,-0.43489859,-0.7374964,-1.6337802,0.4063422,-0.088235125,-1.7284137,-0.2975165,-0.99333847,-0.88329035,0.13764806,0.26277483,1.3463098,84
2.9671116,1.3055503,-3.0664148,1.8945278,-1.1199695,-1.2592177,-1.5161953,-1.7871095,1.1689075,-5.995592,-0.87102693,0.23782124,-3.6873164,-0.3827649,-0.77425164,2.3762364,104
2.4937835,2.114212,-3.1730363,2.8355508,-1.6286446,-0.8480955,-1.9490004,-1.9308157,1.3695183,-6.9909244,-0.20163417,0.010938227,-2.9635105,-0.62924856,-0.8790157,2.2797143,13
0.12680607,1.2646043,-1.3458484,0.19032794,-0.36455762,-0.77909225,-1.5383735,0.19751735,-0.13088183,-1.5421476,-0.3040322,-0.93032473,-0.91162866,0.27893233,0.21826476,1.3658258,84
2.8303282,2.1479309,-3.2219963,2.0950074,-1.5447139,-1.1571977,-1.4473617,-1.8059828,1.493552,-6.214527,-0.5895918,-0.4543153,-3.0656753,-0.45465297,-0.99300635,2.5211108,13
2.6937883,1.5180048,-2.9343574,1.9934455,-1.3259975,-1.0986046,-1.500627,-1.8828998,1.2349555,-5.849463,-0.72644764,0.032347247,-3.24233,-0.46628684,-0.82315636,2.3712013,13
-0.07814423,1.1524274,-1.3056222,0.16725206,-0.34478658,-0.8216276,-1.6132305,0.19279401,-0.28022712,-1.4018929,-0.31118932,-0.92396754,-0.8271114,0.25207222,0.2363235,1.2881936,81
-0.08610356,1.2692183,-1.3359566,0.20638233,-0.41979575,-0.731622,-1.6193683,0.39732724,-0.17408104,-1.6541222,-0.26367003,-0.93422014,-0.85504234,0.2057881,0.2849381,1.2472782,84
3.0202746,1.8052073,-3.601365,2.3858209,-1.3223485,-1.4159379,-1.6624904,-1.9939258,1.4159355,-7.55996,-0.3588876,0.29694086,-4.1580625,-0.38239115,-0.6035408,2.4227011,104
-0.006644964,1.2329066,-1.384813,0.2736603,-0.37630355,-0.7982787,-1.6078279,0.21118481,-0.18743296,-1.5641664,-0.30683738,-0.96351844,-0.8791352,0.16936022,0.22422987,1.3840444,84
0.17754574,1.1505455,-1.3522867,0.35714668,-0.26718894,-0.8473718,-1.4534366,0.2640783,-0.1332543,-1.539174,-0.32489458,-0.932633,-1.0153944,0.20825288,0.36336094,1.4947625,84
0.67543906,1.9777042,-2.0240798,1.7662569,-1.0685052,-0.38942087,-1.6174197,-1.613552,0.9510219,-3.8442917,0.1421777,-0.6413765,-0.50521314,-0.49460152,-1.3973718,1.6120193,81
0.04719448,1.2958536,-1.3381485,0.16238308,-0.4427448,-0.7531041,-1.4599411,0.34911394,-0.059065536,-1.5619757,-0.39124,-1.044286,-0.8993436,0.21656656,0.28867438,1.4213519,84
1.2489003,1.7810763,-2.1395257,2.0414476,-1.198112,-0.52107173,-1.5728247,-1.8497545,1.0095022,-4.181273,-0.031030238,-0.4382938,-1.0828621,-0.58246577,-1.0880468,1.8485667,13
-0.0075454414,1.5067713,-1.35612,0.20123059,-0.4822215,-0.7225952,-1.7042329,0.38426727,0.051838294,-1.881856,-0.30144107,-1.0512722,-0.8862997,0.05601655,0.17654529,1.3321288,81
-0.0051659793,1.4250501,-1.3553457,0.16655684,-0.4526358,-0.7042344,-1.6331804,0.22526798,-0.04033871,-1.5845218,-0.3228463,-1.0409687,-0.80011314,0.13852672,0.090134144,1.4028192,81
-0.03927149,1.3830172,-1.317156,0.21753228,-0.4468796,-0.7207598,-1.6727052,0.36309645,-0.08249827,-1.6949184,-0.29425356,-1.0179237,-0.83677053,0.10869488,0.1924847,1.3140672,81
2.9313712,1.1860366,-2.9926486,2.1206546,-1.1399174,-1.2350069,-1.4612343,-1.7120179,1.1420715,-6.096766,-0.8590286,0.3052261,-3.7245803,-0.44560418,-0.6265077,2.4135134,104
2.356495,1.8582307,-2.8699455,2.7363763,-1.5663631,-0.8659089,-1.8066828,-1.8243372,1.3603407,-6.462377,-0.3311739,-0.0033421516,-2.846002,-0.6881833,-0.8223192,2.276798,13
0.056743562,1.2997622,-1.2782499,0.19026232,-0.40016103,-0.7660187,-1.5600893,0.122036085,-0.04183866,-1.5248873,-0.30421248,-0.96956086,-0.83549434,0.21835983,0.1333161,1.3728602,84
2.7521183,2.0976684,-3.114238,1.8748101,-1.5554553,-1.1315019,-1.35693,-1.7980965,1.6096597,-5.982431,-0.65751576,-0.52145714,-2.9921212,-0.47709805,-1.0431674,2.4764094,13
2.654065,1.4035958,-2.8466094,2.1785994,-1.3164886,-1.1016207,-1.4499359,-1.8168392,1.1880753,-5.8332667,-0.700441,0.06905399,-3.2272708,-0.50922906,-0.7077729,2.380189,13
-0.09106347,1.1860433,-1.2290007,0.17979515,-0.382687,-0.7992363,-1.6502371,0.1370551,-0.22515066,-1.3878858,-0.32668006,-0.970616,-0.80169153,0.18394741,0.16435629,1.3093369,81
-0.10136962,1.3370184,-1.352531,0.12223202,-0.44433805,-0.7273358,-1.7078366,0.30817646,-0.15825807,-1.6128519,-0.27624062,-0.98183167,-0.7951164,0.17358732,0.15599042,1.2188345,81
3.033859,1.8975805,-3.4823694,1.88264,-1.4147161,-1.4551306,-1.4838767,-1.9017861,1.8855939,-7.3738084,-0.5823239,0.118378416,-4.2208333,-0.3663585,-0.72308517,2.440596,19
-0.03496717,1.2419323,-1.2936336,0.27588844,-0.4029705,-0.75583655,-1.5985379,0.16654344,-0.15546666,-1.4886756,-0.29145035,-1.0171716,-0.8005198,0.09801468,0.15585667,1.3702705,81
0.13142474,1.1198218,-1.2462714,0.40967762,-0.28512233,-0.8498373,-1.4416895,0.205524,-0.10712747,-1.5023685,-0.319665,-0.9720995,-0.9541996,0.1412629,0.30990547,1.4871196,84
0.7549396,1.999372,-2.108291,1.9525043,-1.0226927,-0.45993897,-1.6204221,-1.5472114,0.95073897,-4.0463285,0.13609779,-0.63538474,-0.6055466,-0.5349499,-1.3484545,1.6972095,81
-0.01111263,1.313982,-1.3059016,0.14671344,-0.4595505,-0.73063916,-1.5230744,0.25201052,-0.05641021,-1.5121416,-0.3626412,-1.0543586,-0.8260504,0.17985025,0.18567929,1.383922,84
1.3642496,1.7121387,-2.1785743,2.4621582,-1.1137367,-0.6241836,-1.5620723,-1.7158492,0.93625504,-4.49706,-0.019355386,-0.37217528,-1.2859168,-0.6192563,-0.9503829,1.994722,13
0.008372381,1.5504544,-1.3890138,0.14225763,-0.4830628,-0.6937157,-1.7208319,0.34181517,0.06319012,-1.8276346,-0.28279763,-1.0859632,-0.83675694,0.03234513,0.095809385,1.3054365,81
-0.054540694,1.3889678,-1.2744333,0.19313836,-0.46305937,-0.68742853,-1.5923388,0.17100981,-0.024241373,-1.5219193,-0.30381775,-1.0690454,-0.72873414,0.0705089,0.053352892,1.3890965,81
-0.07726534,1.378208,-1.2657642,0.1948781,-0.46689573,-0.72176415,-1.6584535,0.2979533,-0.03228028,-1.6621804,-0.29761553,-1.0468942,-0.8005136,0.065130696,0.14447922,1.3044806,81
3.01018,1.1530799,-3.000696,2.3264847,-1.1775726,-1.2793212,-1.4395587,-1.6651398,1.1693412,-6.287691,-0.8616915,0.3295203,-3.8717,-0.5088402,-0.5344752,2.488277,104
2.3409274,1.693795,-2.7208307,2.7163143,-1.4814382,-0.91380996,-1.6985288,-1.725687,1.3297682,-6.180345,-0.40387282,-0.018303037,-2.8302686,-0.7329805,-0.76468754,2.305885,13
0.012930766,1.3114961,-1.1924617,0.21671838,-0.4370762,-0.77119595,-1.550674,0.078798234,0.021790743,-1.5242891,-0.32371786,-1.0291051,-0.7886432,0.14869465,0.08925672,1.3888181,81
2.5266285,1.921019,-2.9044821,1.7251781,-1.5181603,-1.0525837,-1.2485447,-1.7805223,1.6423775,-5.700081,-0.6400757,-0.45348936,-2.842977,-0.53673625,-0.964371,2.3348436,13
2.7198524,1.3612053,-2.8352344,2.3693929,-1.3180726,-1.1522504,-1.3995924,-1.7506025,1.1984047,-5.9303684,-0.68032044,0.073642716,-3.3138018,-0.5606898,-0.61165965,2.4269168,13
-0.08448806,1.1823785,-1.1579137,0.17972243,-0.39498693,-0.8222521,-1.6640508,0.11572002,-0.16546957,-1.4263947,-0.34257662,-0.97888887,-0.8450795,0.14617825,0.15317032,1.313806,81
-0.13025896,1.3651298,-1.3015864,0.067717135,-0.48267436,-0.7105036,-1.7179146,0.2462154,-0.095642194,-1.5723994,-0.29431334,-1.031713,-0.75320613,0.12750348,0.09917359,1.214022,81
2.9198017,1.8858556,-3.3346565,1.5263276,-1.4744987,-1.3705075,-1.3387816,-1.7811824,2.1339202,-7.0671034,-0.7248429,0.013352752,-4.1056533,-0.45843738,-0.8231788,2.370696,19
-0.045554742,1.2136679,-1.2162995,0.3133251,-0.39132148,-0.7735746,-1.5976391,0.16624539,-0.13274483,-1.4747245,-0.2921837,-1.028531,-0.8055053,0.037603438,0.15074971,1.3787818,81
0.11565368,1.0946208,-1.1461538,0.455993,-0.2928513,-0.8649421,-1.44315,0.18359843,-0.08579315,-1.4774699,-0.32653603,-1.0004786,-0.9402501,0.071283385,0.27487397,1.494734,84
0.854775,1.9736587,-2.168885,2.1959271,-0.9657512,-0.5631398,-1.5846117,-1.4593697,0.96025985,-4.295516,0.12420142,-0.6176107,-0.7870927,-0.5695699,-1.2487266,1.8232293,84
-0.06976613,1.3144083,-1.2414596,0.13948995,-0.4878751,-0.7186136,-1.5415707,0.16466746,-0.047782496,-1.468513,-0.34781367,-1.0760572,-0.76313275,0.11196497,0.11992207,1.3578415,81
1.550111,1.6761309,-2.2764351,2.74889,-0.99919665,-0.73287547,-1.4546478,-1.5028669,0.9392148,-4.7846813,-0.034497082,-0.35556024,-1.5314473,-0.6463634,-0.8172448,2.1370137,13
-0.0058371425,1.5265038,-1.3478636,0.15187025,-0.46986604,-0.6875672,-1.6697688,0.32310605,0.098159544,-1.7928532,-0.2805288,-1.0996228,-0.80832136,-0.02000685,0.063577086,1.3051362,81
-0.04684426,1.3488469,-1.2309264,0.2409035,-0.4346297,-0.6988069,-1.5561895,0.21201806,-0.026993066,-1.5136924,-0.30065244,-1.0756085,-0.7442132,0.017283127,0.059810787,1.3851388,81
-0.068815626,1.3620223,-1.2342223,0.19940704,-0.4405805,-0.74028355,-1.6450946,0.3375558,0.0013199747,-1.6702541,-0.31133303,-1.056493,-0.82802176,0.020010978,0.15553632,1.307131,81
3.0619895,1.1418513,-3.0197854,2.4793124,-1.1793947,-1.2612362,-1.4306808,-1.6095637,1.200276,-6.4101186,-0.81314325,0.3621797,-3.9249098,-0.5664307,-0.47823253,2.4887352,104
2.4220648,1.6143992,-2.7242112,2.7567496,-1.4116001,-0.96448636,-1.6177106,-1.6474342,1.3164452,-6.152093,-0.43108833,0.009121746,-2.9173334,-0.7684191,-0.69932944,2.3264961,13
0.020679012,1.279729,-1.1168787,0.23505235,-0.43307048,-0.77694815,-1.5403304,0.11374659,0.028771162,-1.5236468,-0.30767936,-1.0332386,-0.82966965,0.13595466,0.1107337,1.3610346,84
2.3769267,1.8556864,-2.8740625,1.7051822,-1.5036008,-1.0132058,-1.2528865,-1.815069,1.659025,-5.6754255,-0.6025398,-0.39087048,-2.763685,-0.6148548,-0.9279156,2.2614636,13
2.7704127,1.3328989,-2.831741,2.504766,-1.3002301,-1.1305426,-1.3720994,-1.682864,1.1956502,-5.97564,-0.6427871,0.09727375,-3.3306608,-0.6160939,-0.558228,2.414528,13
-0.071782805,1.1338228,-1.1062039,0.22301632,-0.35423064,-0.8126702,-1.6480703,0.22407243,-0.1894071,-1.4451027,-0.31359902,-0.9541813,-0.8977622,0.117707655,0.22021261,1.284834,84
-0.14332487,1.3417908,-1.2510571,0.067489296,-0.4634554,-0.70881397,-1.7052639,0.26273075,-0.06429635,-1.5798795,-0.28536943,-1.0230122,-0.7712906,0.09914328,0.112360656,1.1941725,81
2.5631776,1.6742778,-3.0965433,1.3772439,-1.3200572,-1.196869,-1.2477198,-1.6797838,1.8956939,-6.063549,-0.63210344,-0.16844144,-3.41955,-0.6118404,-0.8773279,2.1958165,19
-0.0073090494,1.173633,-1.174396,0.37140912,-0.33228534,-0.77743316,-1.5871425,0.28448194,-0.1716796,-1.4809787,-0.27396038,-1.0071999,-0.85861737,-0.0008913353,0.20960036,1.3673241,84
0.1600336,1.0585672,-1.101489,0.5316411,-0.24293762,-0.8702292,-1.4446535,0.283715,-0.124167666,-1.4822993,-0.30881217,-0.98435676,-0.99026066,0.01984734,0.31793335,1.4892588,84
0.9442938,1.9315324,-2.198115,2.312982,-0.8858522,-0.6422469,-1.4924576,-1.3214304,1.015123,-4.4535437,0.083927274,-0.61291,-0.95142764,-0.584322,-1.1670716,1.9084622,84
-0.07170731,1.3223168,-1.2335742,0.13076061,-0.4669237,-0.7225671,-1.547468,0.18685734,-0.03493519,-1.477623,-0.33211762,-1.0837016,-0.77475834,0.06424433,0.096349806,1.3380482,81
1.6702965,1.5830847,-2.309395,2.9291806,-0.8875997,-0.81646967,-1.3429286,-1.3229518,0.93597454,-4.9288564,-0.070397526,-0.32075644,-1.7040612,-0.6643261,-0.6905822,2.208786,13
-0.030599833,1.453481,-1.304463,0.22525221,-0.4099083,-0.7090086,-1.6091285,0.4001444,0.09659082,-1.7941887,-0.30507207,-1.0753783,-0.82512134,-0.09287572,0.09272632,1.3294294,81
-0.032586098,1.2659787,-1.1856539,0.33490223,-0.3640268,-0.7406383,-1.5363615,0.33606955,-0.07907702,-1.5335568,-0.3250118,-1.0303205,-0.8262913,-0.029574562,0.13174087,1.3957982,84
-0.06596358,1.3073462,-1.2014964,0.27172756,-0.37445962,-0.7613134,-1.6088412,0.49269444,-0.024613649,-1.7008058,-0.32468334,-1.0318589,-0.8853025,-0.028320696,0.24572861,1.3204474,84
3.1107168,1.0801493,-3.0221786,2.5979967,-1.1541741,-1.2307241,-1.4248707,-1.5505056,1.1965046,-6.508046,-0.79939234,0.43590653,-3.9988663,-0.61140716,-0.4288854,2.4727829,104
2.464353,1.4666923,-2.6776416,2.840887,-1.3203133,-0.9474654,-1.5520699,-1.5954914,1.1783471,-6.06065,-0.40747532,0.09460883,-2.9495387,-0.78431445,-0.609352,2.2867382,13
0.06503017,1.240593,-1.1140401,0.28222167,-0.35755673,-0.8016794,-1.526546,0.2815852,-0.0063564926,-1.5602384,-0.3092172,-1.0112889,-0.9182398,0.106445655,0.18334985,1.3495456,84
2.443716,1.8613782,-3.0366955,1.8831314,-1.4440744,-1.093524,-1.2875178,-1.853877,1.6307845,-5.8858438,-0.5398234,-0.33566236,-2.8582225,-0.6721373,-0.87867045,2.2767246,13
2.829512,1.2933078,-2.8547537,2.6082697,-1.2745199,-1.1112807,-1.37408,-1.6344315,1.179098,-6.047164,-0.63057023,0.16003789,-3.3820367,-0.6539701,-0.5314952,2.3851154,13
-0.0905298,1.0586544,-1.0550184,0.3355567,-0.30109784,-0.8268883,-1.6162641,0.35799366,-0.23032667,-1.4829303,-0.31251517,-0.90880257,-0.94828594,0.060409814,0.31894848,1.2999012,84
-0.15107769,1.3094177,-1.2520095,0.091991335,-0.41862318,-0.7568029,-1.6844726,0.31622538,-0.041249856,-1.639678,-0.2977678,-1.0024439,-0.8226579,0.06408824,0.1490674,1.1878453,81
2.5879817,1.767785,-3.2850566,1.4287833,-1.3229568,-1.2383273,-1.268327,-1.8406377,1.8547509,-6.0762196,-0.54555106,-0.23671617,-3.298589,-0.65665245,-0.9120043,2.166172,19
0.024262086,1.1034677,-1.1586392,0.48021704,-0.25528896,-0.8102288,-1.5599284,0.42112613,-0.24082525,-1.4881214,-0.27163035,-0.9672011,-0.9185711,-0.050748516,0.2931195,1.3711113,84
0.2274767,0.99947035,-1.1248507,0.6338005,-0.14727725,-0.91181856,-1.4185829,0.4551183,-0.18274422,-1.5185415,-0.3052821,-0.9547543,-1.0684654,-0.027669389,0.3975103,1.4885995,84
1.0162675,1.8413755,-2.1744363,2.453673,-0.7916223,-0.6730672,-1.3885121,-1.138281,1.0016241,-4.502859,0.042141676,-0.58388084,-1.0563383,-0.6187297,-1.0561893,1.9781663,84
-0.06463621,1.2669483,-1.2259533,0.18361998,-0.39686507,-0.7381386,-1.5396638,0.2847227,-0.09093912,-1.4835501,-0.3133822,-1.0444864,-0.8265804,0.016572878,0.15194562,1.3145826,81
1.7650764,1.4683317,-2.3038802,3.067841,-0.83587205,-0.85635424,-1.2869661,-1.2251256,0.8654787,-4.9468284,-0.096551165,-0.2634628,-1.8076408,-0.6705655,-0.60356474,2.2157323,13
-0.011336088,1.3361373,-1.2244134,0.35470134,-0.3328014,-0.72207564,-1.5503957,0.54824144,0.0004685372,-1.7549218,-0.33635506,-1.0115082,-0.8919645,-0.12260736,0.19249469,1.356689,84
0.019434974,1.1476018,-1.1548162,0.4772386,-0.27261555,-0.8105077,-1.5250669,0.46990776,-0.1849628,-1.5314386,-0.3504852,-0.95448214,-0.93326426,-0.06127563,0.23103881,1.4005753,84
-0.016999125,1.2064435,-1.1501489,0.41529417,-0.28891528,-0.77940166,-1.5569305,0.65906507,-0.114858255,-1.6924393,-0.33236754,-0.9686637,-0.9683449,-0.048289634,0.35472783,1.3466564,84
3.255757,1.0459301,-3.0881715,2.674881,-1.1225725,-1.2756563,-1.4443614,-1.5136161,1.1783466,-6.651807,-0.8417525,0.5239444,-4.1660976,-0.6010295,-0.42551836,2.468455,104
2.6014218,1.399563,-2.720775,2.8954926,-1.2729771,-0.9500243,-1.5440321,-1.594819,1.0745581,-6.0273223,-0.4224351,0.16782694,-3.0502815,-0.78862864,-0.5928987,2.2637045,13
0.10943462,1.1739523,-1.1040288,0.39963365,-0.26986605,-0.85976624,-1.4907286,0.46523315,-0.03613533,-1.6076014,-0.35534412,-0.98114586,-1.0126444,0.04891932,0.27938434,1.3932251,84
2.577345,1.8337845,-3.1626687,2.047584,-1.3247943,-1.2079153,-1.2799616,-1.8322469,1.594032,-6.040777,-0.49248457,-0.26097757,-2.9918654,-0.66329086,-0.816841,2.2608647,13
2.9766681,1.285589,-2.9240558,2.6859784,-1.2490371,-1.1696894,-1.3952937,-1.6076158,1.1930562,-6.1912136,-0.67256737,0.21900414,-3.532252,-0.62852144,-0.52942044,2.3799865,13
0.010000408,0.99391985,-1.058612,0.49918717,-0.20859803,-0.8748487,-1.5775087,0.49894035,-0.2807598,-1.5205096,-0.30725262,-0.8594904,-1.03873,0.027097702,0.39710182,1.3276019,84
-0.13685434,1.2717986,-1.189858,0.17239994,-0.37909782,-0.7367431,-1.6290293,0.4456023,-0.06999974,-1.6443646,-0.29766297,-0.97516084,-0.86016107,0.02275528,0.23502582,1.2053896,81
2.731628,1.7103018,-3.4021451,1.7681504,-1.2634043,-1.3530165,-1.3269663,-1.9156339,1.6251625,-6.18574,-0.4827773,-0.15275387,-3.368145,-0.6593201,-0.8216999,2.1970851,19
0.07701136,0.9847864,-1.1223706,0.6399803,-0.1871909,-0.8626037,-1.5229607,0.5343067,-0.34582412,-1.473351,-0.2771259,-0.9064696,-0.99388915,-0.07445709,0.39878017,1.3871888,84
0.3085419,0.9148157,-1.1405363,0.7678249,-0.07159249,-0.99078906,-1.3764567,0.59310246,-0.22452949,-1.5712103,-0.33508742,-0.91723436,-1.1756705,-0.043772515,0.47701496,1.5200182,84
1.1196833,1.6925607,-2.1285937,2.6405468,-0.6929673,-0.7130466,-1.2911005,-0.9543083,0.91835797,-4.4941864,-4.3272972e-05,-0.5166592,-1.1812932,-0.62282306,-0.9148236,2.0396776,84
-0.049441576,1.1726582,-1.1889466,0.34203637,-0.31531763,-0.7667635,-1.5460358,0.40870488,-0.21230035,-1.4810109,-0.30747265,-0.9713696,-0.8794879,-0.040830426,0.23260477,1.3158427,84
1.8769041,1.4001725,-2.2671647,3.146503,-0.8571471,-0.8856583,-1.2514479,-1.1830276,0.86192715,-4.9615455,-0.18422978,-0.2315574,-1.9133329,-0.68015516,-0.53805375,2.2425041,13
0.052638814,1.1945915,-1.1143451,0.54756886,-0.25694534,-0.7713322,-1.5098925,0.66222453,-0.12522356,-1.7080787,-0.39779174,-0.9123314,-0.99740803,-0.11858913,0.3057704,1.39555,84
0.082435146,1.0597296,-1.0734289,0.63129854,-0.22057864,-0.87631196,-1.4752398,0.6099923,-0.21115594,-1.5823874,-0.43334097,-0.89653,-1.0569113,-0.07939789,0.3456577,1.4535278,84
0.06254132,1.0835057,-1.0793077,0.6152353,-0.21951838,-0.85274935,-1.4955778,0.76796865,-0.18433358,-1.7078941,-0.37895104,-0.8954584,-1.0839856,-0.05160751,0.47468066,1.39998,84
3.7060273,0.9349212,-3.1897209,2.8709588,-1.121812,-1.4196463,-1.5185728,-1.5624856,1.172222,-7.111496,-1.0189096,0.77128243,-4.8460655,-0.57526255,-0.31658417,2.6290839,104
2.68706,1.3598069,-2.6923769,2.91856,-1.3201742,-0.9201096,-1.4944506,-1.5917466,1.0324367,-5.9999695,-0.47000206,0.18709989,-3.1244013,-0.7746275,-0.57039714,2.268072,13
0.18939398,1.0440687,-1.0589944,0.5770818,-0.18873197,-0.9362476,-1.4384072,0.6076661,-0.11583467,-1.616508,-0.39108968,-0.9186785,-1.1323429,0.024678238,0.3986578,1.4242786,84
2.670685,1.7127564,-3.1372557,2.2140722,-1.231396,-1.2457986,-1.290281,-1.804426,1.4729593,-6.0299444,-0.48957643,-0.1213067,-3.0947769,-0.62740505,-0.7447319,2.221007,13
3.389901,1.1332011,-2.9022484,2.9203873,-1.1910379,-1.3058777,-1.4756758,-1.6675247,1.114906,-6.559056,-0.77532554,0.50075275,-4.1634336,-0.5767878,-0.38388753,2.4810324,104
0.119536564,0.9390541,-1.0365202,0.6289327,-0.15388325,-0.96197116,-1.5022457,0.6534779,-0.25343126,-1.6265702,-0.3592872,-0.8290091,-1.1809932,0.021852903,0.53721577,1.3675531,84
-0.06805676,1.1476871,-1.0890747,0.39183897,-0.2958588,-0.7384798,-1.5808277,0.61086226,-0.20564409,-1.6133052,-0.30036452,-0.88261074,-0.9359168,-0.0031053796,0.3665738,1.2441207,84
2.8672407,1.564585,-3.3936803,2.041503,-1.1751019,-1.3997258,-1.315608,-1.8718475,1.3775775,-6.165252,-0.44677323,-0.028585523,-3.4498472,-0.61712444,-0.6775059,2.2025254,19
0.17063732,0.9203886,-1.0713118,0.7743496,-0.15418798,-0.94783026,-1.4478114,0.6698733,-0.3096888,-1.562031,-0.34488052,-0.8839136,-1.1329205,-0.07056825,0.54080033,1.4466302,84
0.4196304,0.8426675,-1.124759,0.9138912,-0.017979652,-1.0922383,-1.2899749,0.7435295,-0.18294053,-1.6643846,-0.4201278,-0.89915967,-1.322478,-0.049620956,0.59910357,1.5995945,84
1.2478447,1.5663596,-2.070552,2.8362074,-0.6381684,-0.80732197,-1.2062967,-0.82360953,0.8905333,-4.5416365,-0.09614141,-0.4554307,-1.3489461,-0.6012002,-0.76300466,2.1267073,84
-0.01063928,1.0996094,-1.1113133,0.48016375,-0.27074277,-0.8148559,-1.514488,0.5035667,-0.25197905,-1.499171,-0.36063296,-0.9118794,-0.9524482,-0.059810966,0.3257788,1.3382262,84
2.2267516,1.1838652,-1.9931202,3.2655535,-0.8992177,-0.787142,-1.2947705,-1.3413378,0.6499072,-4.924369,-0.19007428,0.060657755,-2.313861,-0.6058127,-0.419254,2.1717277,13
0.14408083,1.0760546,-1.0124017,0.7676523,-0.2212932,-0.8759518,-1.4190383,0.7836488,-0.13457124,-1.7659074,-0.48322344,-0.87124324,-1.1483941,-0.11587229,0.45288318,1.4982556,84
0.18354903,0.9923156,-1.0318111,0.8116504,-0.1884381,-0.96371514,-1.3798821,0.7801202,-0.17259656,-1.7063341,-0.5036905,-0.88804144,-1.2089632,-0.092478976,0.49712932,1.5548615,84
0.16909717,0.9993547,-1.0309348,0.8517226,-0.18221988,-0.9738421,-1.395762,0.91297024,-0.13328286,-1.8659985,-0.458749,-0.8712786,-1.2603022,-0.0722182,0.6335005,1.5315613,84
3.9904718,0.74186474,-2.9990509,2.9230995,-0.917572,-1.575781,-1.5892794,-1.4338217,1.2348745,-7.392665,-1.2168009,1.0761461,-5.446263,-0.44473183,-0.17391264,2.7643957,104
2.9991193,1.0215422,-2.487443,3.115614,-1.2507827,-0.9385515,-1.5151114,-1.6304387,0.77312994,-6.143659,-0.5322283,0.58009636,-3.7044425,-0.69346243,-0.37016666,2.2564096,104
0.28947985,0.9835459,-1.0205915,0.7840215,-0.13305475,-1.056947,-1.3552644,0.75666445,-0.049043998,-1.7796189,-0.50303835,-0.88593525,-1.29577,-0.002436787,0.5232495,1.5386678,84
2.7112823,1.5884794,-3.001236,2.3772173,-1.2365682,-1.2152945,-1.2913198,-1.7527688,1.3734376,-5.98472,-0.53745127,-0.01368314,-3.1624603,-0.59458923,-0.6757731,2.2209532,13
3.7625144,1.1024945,-2.8921049,3.0928955,-1.1354244,-1.3877224,-1.6014171,-1.7270064,1.0956655,-7.0360384,-0.8548201,0.74289984,-4.7156706,-0.5404844,-0.29354206,2.537949,104
0.25016844,0.88643074,-1.0137601,0.8342192,-0.11192955,-1.0801542,-1.3948503,0.84487647,-0.15573977,-1.8312023,-0.4517405,-0.8106167,-1.3765062,-0.00014489144,0.7111233,1.5092249,84
0.017698422,1.0652789,-1.0173665,0.6040482,-0.26465932,-0.83861053,-1.5130196,0.7017197,-0.19714831,-1.7267537,-0.35718474,-0.8276208,-1.0808033,-0.0078140125,0.5111303,1.3178005,84
2.9532204,1.4193159,-3.3045263,2.2321076,-1.1403195,-1.371719,-1.2583418,-1.7770119,1.2355455,-6.091505,-0.45487177,0.04908055,-3.508299,-0.56780124,-0.5567203,2.2366316,104
0.30456668,0.86966306,-1.0795898,0.956406,-0.10235502,-1.0906199,-1.3277936,0.9087566,-0.18477215,-1.7993221,-0.4513284,-0.89073944,-1.3571892,-0.068549246,0.7426015,1.597314,84
0.5547864,0.778946,-1.1309274,1.0848167,0.037156954,-1.228711,-1.1578017,0.9702966,-0.05995269,-1.8753154,-0.5305411,-0.8984611,-1.5378273,-0.05072564,0.7821998,1.737857,84
1.5332968,1.483835,-1.908198,2.9957728,-0.73373544,-0.7499466,-1.2205155,-0.9751406,0.78367835,-4.544919,-0.0788708,-0.3129586,-1.5886734,-0.5787674,-0.65730387,2.1259687,84
0.06967239,1.0395694,-1.0661216,0.6535561,-0.24949706,-0.9128343,-1.4549899,0.61604387,-0.22048612,-1.6127589,-0.41789803,-0.892017,-1.0806494,-0.077205956,0.45788687,1.4166287,84
2.4165337,1.2650485,-1.9219449,3.2566504,-0.98230946,-0.7037553,-1.4011517,-1.4975095,0.59191144,-4.9972477,-0.14073558,0.12711726,-2.4253144,-0.58882093,-0.4160049,2.0943851,13
0.27608585,0.9774838,-0.9999398,1.0219535,-0.15819502,-1.0375198,-1.2626913,1.0318651,-0.018842623,-1.976476,-0.59330386,-0.87308246,-1.3720819,-0.10151642,0.6657692,1.6830642,84
0.31458825,0.939315,-1.0564306,1.0156417,-0.12225805,-1.1222545,-1.235548,1.020035,-0.010812685,-1.9702635,-0.614378,-0.8941193,-1.438487,-0.083163254,0.6887531,1.7311684,84
0.3244688,0.92209876,-1.0366768,1.0932695,-0.12226681,-1.1365601,-1.2499108,1.1428511,0.021608263,-2.126108,-0.57917166,-0.865678,-1.5158867,-0.07340547,0.84189326,1.7337025,84
4.428988,0.88699687,-3.0866704,3.0957952,-0.9647306,-1.6418533,-1.6032023,-1.4278312,1.2414011,-7.868944,-1.2948453,1.1371047,-5.908061,-0.21030241,-0.14846766,2.8804576,104
3.1300862,0.94566584,-2.3419938,3.1717281,-1.2488018,-0.91274273,-1.5823147,-1.7195051,0.6528623,-6.1915793,-0.53308636,0.749369,-3.93327,-0.6272303,-0.31318656,2.2094843,104
0.42755097,0.9155505,-1.0386037,1.0214319,-0.06623641,-1.2122141,-1.2220385,0.988073,0.07042214,-2.037442,-0.61832154,-0.8787554,-1.523485,-0.027482446,0.7160783,1.7212404,84
2.7098117,1.4758677,-2.855306,2.5104613,-1.2413037,-1.2177331,-1.2676809,-1.6547348,1.3267702,-5.9484463,-0.6090151,0.058872536,-3.209591,-0.57434833,-0.58079064,2.2514677,13
4.0912967,1.127725,-2.9136138,3.3791409,-1.1911904,-1.416223,-1.7128177,-1.6507329,0.9966634,-7.593672,-0.9431544,0.9004178,-5.211333,-0.2268906,-0.28511453,2.6585658,104
0.43192208,0.8233873,-1.0646714,1.0775889,-0.050241925,-1.263817,-1.2404163,1.066821,0.029789865,-2.1374092,-0.5705931,-0.8087372,-1.6524816,-0.004598096,0.9230589,1.7151271,84
0.1476743,0.99058425,-1.0133953,0.84153783,-0.23382908,-0.98899484,-1.3757117,0.9051024,-0.074588105,-1.9855208,-0.44143486,-0.8236822,-1.320136,-0.011011131,0.73963857,1.4881034,84
2.9864447,1.34917,-3.1469486,2.345594,-1.1333882,-1.3759093,-1.1992133,-1.6621852,1.2247163,-6.035093,-0.5121218,0.07621516,-3.5430512,-0.52916527,-0.46602964,2.2895734,104
0.41484094,0.8336234,-1.106751,1.1483833,-0.0496533,-1.2671632,-1.2083886,1.1473846,0.049247712,-2.122776,-0.59749377,-0.8933478,-1.6007729,-0.057614602,0.89959484,1.7972883,84
0.64410824,0.74635273,-1.120258,1.23472,0.07717697,-1.3608048,-1.0424886,1.1975628,0.1493721,-2.1285408,-0.66436017,-0.8982597,-1.7327479,-0.047020826,0.9178421,1.8964595,84
1.6890936,1.559841,-1.7525003,2.7912922,-0.9350021,-0.6511453,-1.2843678,-1.2695763,0.82339805,-4.3942513,-0.066898644,-0.3113665,-1.5781035,-0.5685126,-0.69927067,1.9886266,13
0.2017066,1.0236906,-1.095504,0.84379566,-0.20804167,-1.064056,-1.3342183,0.83715487,-0.039161816,-1.925996,-0.5145223,-0.8931412,-1.321264,-0.052652024,0.6364869,1.580401,84
2.5327773,1.4624788,-2.1179726,3.0729103,-0.97711694,-0.7901584,-1.4496317,-1.5978131,0.70904046,-5.090329,-0.12574597,-0.03567274,-2.4607816,-0.560356,-0.513734,2.1247096,13
0.51314443,0.9740995,-0.7962573,1.1289614,-0.28156346,-0.8548073,-1.1241512,0.66355103,0.07681666,-1.9138677,-0.46815503,-0.78427,-1.384324,-0.023795716,0.4138304,1.6409256,84
0.3713336,0.8632787,-1.0568519,1.148536,-0.07425166,-1.3031986,-1.1175766,1.1988262,0.22858033,-2.2381372,-0.7555353,-0.86655045,-1.6658754,-0.04169804,0.8273599,1.8859833,84
0.4499256,0.795922,-0.9797821,1.253648,-0.05473952,-1.2576269,-1.178623,1.2735234,0.11885344,-2.2958007,-0.70138884,-0.7126051,-1.7753563,0.048445478,0.8856068,1.8616827,84
4.5345926,1.098686,-3.3927786,3.4292955,-1.1957365,-1.7544037,-2.0133255,-1.7401558,1.1589986,-8.645716,-1.3053371,1.2777867,-6.1305866,-0.12122652,-0.3803239,2.806471,104
3.2297666,1.1600611,-2.4284306,3.0526257,-1.2767972,-0.92073786,-1.595397,-1.7908592,0.69360507,-6.132101,-0.47153747,0.5522841,-3.8698184,-0.5649199,-0.39848572,2.227599,104
0.52661276,0.83277726,-1.039856,1.162143,-0.023860708,-1.386594,-1.0840858,1.190646,0.29708594,-2.299675,-0.7712495,-0.85854095,-1.7742987,0.009390898,0.8694424,1.8879406,84
3.1036434,1.2643872,-2.7462363,2.7636714,-1.2569151,-1.2360239,-1.2416563,-1.5991086,1.0678045,-6.0901957,-0.64208573,0.2855385,-3.7254019,-0.4415688,-0.4197691,2.3124886,104
4.1867766,1.484848,-3.3150423,3.6148572,-1.4973568,-1.4491516,-2.1887488,-2.0635889,0.9906177,-8.376556,-0.9438657,0.9871706,-5.3153396,-0.30023754,-0.59215367,2.5691938,104
0.5910811,0.7631253,-0.85937065,1.3379751,-0.043825626,-1.2004224,-1.120519,1.1470125,-0.07068874,-2.1495671,-0.526038,-0.6914432,-1.8203273,0.19396916,0.8700705,1.7847325,84
0.4055872,1.0353495,-0.8534504,0.9404472,-0.33142614,-0.836587,-1.259583,0.6604876,0.027711704,-1.9726535,-0.36172533,-0.7773391,-1.3724655,0.03836055,0.5605891,1.495353,84
3.5120306,1.0940266,-3.159083,2.6160574,-1.103621,-1.5834414,-1.1552004,-1.6430044,1.160152,-6.58225,-0.69380766,0.4121703,-4.4326477,-0.36086696,-0.23357865,2.4533472,104
0.6984084,0.910442,-1.0591847,1.36094,-0.083256505,-1.2306848,-1.1887095,1.1593946,-0.019272983,-2.24119,-0.55078626,-0.85332274,-1.8098325,0.106633544,0.83575654,1.8858435,84
0.8391771,0.7115323,-0.9621966,1.5289745,0.06340565,-1.3139577,-0.98507655,1.2025306,0.012347981,-2.1941829,-0.61179227,-0.7690514,-1.9591964,0.14252557,0.8624359,1.9875674,40
1.716468,1.5584813,-1.6664824,2.4635153,-1.0682627,-0.6419839,-1.3136373,-1.5122497,0.90528804,-4.1835074,-0.08655824,-0.35281125,-1.5878694,-0.5584669,-0.761532,1.8879364,13
0.25524563,0.9315941,-1.1049745,0.9912559,-0.1582536,-1.2432591,-1.1941655,1.0643554,0.18257818,-2.1972342,-0.6528517,-0.8681782,-1.5711204,-0.021375388,0.8254853,1.7590656,84
2.545269,1.5661744,-2.031456,2.9091687,-1.1410928,-0.7634521,-1.6299801,-1.6946459,0.76103437,-5.062916,-0.24705082,-0.032250747,-2.5008864,-0.6056255,-0.7026714,2.0895452,13
0.47691882,1.1154798,-0.7637019,1.2730108,-0.3548817,-0.78914773,-1.1698637,0.17580959,0.24123138,-2.0395977,-0.36066073,-0.7412836,-1.1464307,0.010539994,-0.11434325,1.6252761,84
0.60968745,0.9297728,-0.997001,1.3842291,-0.089548886,-1.2205123,-1.1390908,1.1867594,0.07692067,-2.2832866,-0.67059517,-0.80522746,-1.7769456,0.1293352,0.68054295,1.9409554,84
0.61489147,1.0532683,-1.0631683,1.3384136,-0.13734089,-1.1902151,-1.2342589,1.1871996,0.06638321,-2.4107666,-0.54472625,-0.8320323,-1.7767891,0.09654166,0.7904982,1.8645298,84
4.3189454,1.2578386,-3.1596851,3.2024822,-1.1897303,-1.7101287,-1.8420758,-1.721571,1.0949394,-7.721406,-1.2191305,0.9219239,-5.378003,-0.061796498,-0.53935844,2.5749826,104
3.4006996,1.3077402,-2.619755,3.1060205,-1.2644752,-1.03357,-1.6640551,-1.7410698,0.81454855,-6.4595003,-0.54765725,0.49204755,-4.022702,-0.502581,-0.4497863,2.3252058,104
0.76438123,0.8811361,-0.94665456,1.3593615,-0.048676267,-1.3347898,-1.0814753,1.2187929,0.1617908,-2.3294182,-0.7193233,-0.79708135,-1.9523889,0.19381669,0.7719816,1.9575424,84
3.226046,1.425882,-2.782405,2.4916792,-1.325459,-1.2564461,-1.1653293,-1.6242331,1.1975063,-6.0771236,-0.65298474,0.170487,-3.8417163,-0.41850093,-0.44167212,2.3406448,104
3.922061,1.5038763,-2.9145536,3.2065706,-1.3851129,-1.4081293,-1.9251387,-1.8170773,1.0162685,-7.3258004,-0.92983186,0.6350554,-4.675016,-0.23403971,-0.71083474,2.371962,104
0.722213,1.0357794,-1.0717564,1.457509,-0.07212762,-1.1781086,-1.2345643,1.074961,0.04542686,-2.4363077,-0.50501055,-0.7925644,-1.7732786,0.09313515,0.69841415,1.8759004,84
0.3789575,1.1728414,-0.8762106,1.0616736,-0.36230984,-0.8002377,-1.2937105,0.34959763,0.1366759,-2.059394,-0.29326287,-0.76655126,-1.1845721,0.05558136,0.19739059,1.5144311,84
3.7810478,1.3539293,-3.25145,2.23978,-1.2260995,-1.6788014,-1.083733,-1.6657296,1.4125109,-6.7753973,-0.81845033,0.29363275,-4.789968,-0.27610993,-0.30768752,2.5471618,104
0.6181007,1.1038328,-1.1832036,1.476614,-0.11915009,-1.1326596,-1.2856534,0.95159596,-0.026615113,-2.3978722,-0.38045073,-0.86890846,-1.6226026,0.06129074,0.6146646,1.8523953,84
0.79530454,1.0210173,-1.1584045,1.6227018,-0.04028397,-1.2085509,-1.1098146,0.87336844,0.08260302,-2.4386082,-0.4139359,-0.84036434,-1.7178699,0.063776985,0.53370124,1.946507,84
1.6518233,1.4401177,-1.3389014,2.4522233,-1.1677649,-0.5179028,-1.3765347,-1.5680066,0.7918618,-3.7852676,-0.15693769,-0.3306095,-1.4582919,-0.4373321,-0.8624028,1.819745,13
0.47774357,1.0277364,-1.0487406,1.1406854,-0.21037182,-1.1722858,-1.2543769,1.0217334,0.034165397,-2.2090335,-0.5552674,-0.8520179,-1.6716515,0.13820875,0.7029563,1.7735063,84
2.4001384,1.3929163,-1.5202684,2.2445211,-1.0639156,-0.70394737,-1.4488137,-1.4819356,0.857461,-4.155998,-0.39723495,-0.17204066,-2.3861868,-0.5681688,-0.825734,1.9752259,13
0.20421626,1.0956148,-0.58546185,1.4372768,-0.37831238,-0.5784396,-0.99075973,-0.29861242,0.4035291,-1.8052535,-0.1805669,-0.76372284,-0.64678556,-0.12510459,-0.6921056,1.6317039,84
0.4987588,1.0558455,-1.1000962,1.5383875,-0.10055025,-1.1519269,-1.2270253,0.9345266,0.06991418,-2.428547,-0.4487165,-0.8142991,-1.5977807,0.05977729,0.47542846,1.9007249,84
0.4966346,1.1001028,-0.9972765,1.2731934,-0.177787,-1.0526036,-1.2708502,1.0415065,0.053499386,-2.2211895,-0.42604452,-0.9021105,-1.5989388,0.05136001,0.65909374,1.7925915,84
4.081211,1.2299265,-2.5137484,2.533896,-1.0829225,-1.6092483,-1.4650383,-1.4842649,0.9422584,-5.9589705,-1.2652416,0.28728622,-4.6045375,0.039363638,-0.80061007,2.4876714,104
3.3043287,1.6180624,-2.5453799,3.107789,-1.5606692,-1.0000093,-1.9288511,-1.9504681,0.77897656,-6.5101066,-0.59516627,0.3447572,-3.8221521,-0.48513547,-0.8048528,2.2950432,104
0.6987556,1.0628107,-1.0999086,1.5626656,-0.09249527,-1.2586018,-1.1976707,0.9496545,0.18391849,-2.554016,-0.5455071,-0.8113823,-1.7724969,0.10236277,0.46790743,1.9664551,84
3.209809,1.5556593,-2.4596324,2.222457,-1.4254777,-1.2395598,-1.2567253,-1.7256099,1.3253938,-5.738559,-0.7987065,0.017690852,-3.7428288,-0.2783708,-0.69469213,2.3443224,104
3.620574,1.202853,-2.158341,2.2730732,-1.2308893,-1.2278664,-1.5577509,-1.60157,0.7990811,-5.4060917,-1.0929761,0.19578846,-4.09075,-0.064390376,-1.0153996,2.230087,104
0.49036652,1.1072046,-0.9835406,1.231315,-0.19320004,-0.985171,-1.2843578,0.76444244,0.022280365,-2.135416,-0.32933912,-0.8407779,-1.5035545,0.05638221,0.50500566,1.6985344,84
0.19522385,1.1783048,-0.72053146,1.2117242,-0.40913653,-0.5849038,-1.0974904,-0.11315438,0.2965218,-1.8176308,-0.13689764,-0.80111253,-0.7490271,-0.08076162,-0.3336739,1.5238284,84
3.5678601,1.519126,-2.8739786,1.7250563,-1.1929004,-1.5320046,-1.2745144,-1.7069094,1.3597995,-5.999224,-0.9169768,0.04351102,-4.3051157,0.066633746,-0.81756675,2.3627372,104
0.2988153,1.1093827,-0.99509287,1.0933845,-0.20012678,-0.942666,-1.3380995,0.70782185,-0.059370473,-1.9291725,-0.22372678,-0.9296771,-1.2996392,0.037397116,0.45520228,1.5949227,84
0.43370605,1.0289742,-0.97574013,1.1910704,-0.13848138,-1.0120227,-1.1900554,0.6346083,0.0052863955,-1.9353232,-0.23410249,-0.9102427,-1.3967681,0.06392825,0.39978975,1.6661129,84
1.5279305,1.4204245,-1.1295471,2.2284603,-1.2110207,-0.43082446,-1.3244159,-1.5659842,0.7898047,-3.3851848,-0.17869413,-0.4493056,-1.3189739,-0.42645854,-0.97528917,1.779766,13
0.3879457,1.1156063,-1.0777183,1.2275176,-0.17473742,-1.0916702,-1.3467295,0.9584342,-0.0237827,-2.2342381,-0.4121356,-0.86118585,-1.543171,0.09973578,0.6132602,1.7340757,84
2.3877497,1.3307064,-1.4825351,1.8943781,-1.1401929,-0.6734975,-1.5817773,-1.6786299,0.77709347,-4.0403504,-0.47627804,-0.15389897,-2.5309858,-0.48599458,-1.0683944,1.9069,13
0.11179523,1.1522611,-0.52097887,1.4667426,-0.45466056,-0.50414604,-1.0262318,-0.5458865,0.5401141,-1.8278593,-0.092663154,-0.7737575,-0.42809856,-0.22484416,-0.99975413,1.5504408,84
0.26576066,1.0196431,-0.924187,0.98764133,-0.19749223,-1.0243697,-1.3384383,0.6849239,-0.07128228,-1.8433347,-0.26883286,-0.9254389,-1.3587937,0.06359765,0.44615948,1.5599347,84
0.32577795,1.1180453,-0.8387594,0.87319696,-0.301044,-0.90410835,-1.3702352,0.8072146,-0.073885664,-1.7809433,-0.2560669,-0.99159855,-1.3722726,0.05294496,0.5862067,1.5133832,84
3.8748083,1.1463854,-2.5055928,2.0253315,-0.9687197,-1.5649016,-1.7137337,-1.757579,0.6941697,-5.5524793,-1.2811708,0.22411071,-4.499826,0.05376318,-1.1918142,2.3539166,104
3.3063014,1.4973984,-2.2851079,2.2713356,-1.4079633,-0.96012145,-1.8914647,-1.902839,0.675514,-5.497771,-0.82636577,0.064301,-3.7543411,-0.40667522,-1.2309322,2.2428827,104
0.45436835,1.0567347,-0.9535197,1.0546724,-0.18000782,-1.1196511,-1.2774773,0.73488265,0.06942083,-1.987254,-0.35493296,-0.94830346,-1.5228258,0.086198434,0.45860523,1.6624507,84
3.1042786,1.5466814,-2.130483,1.9798318,-1.5037626,-1.1242175,-1.192184,-1.7819121,1.22458,-5.110054,-0.8442618,-0.2110461,-3.489156,-0.2640161,-0.91321295,2.2849014,13
3.5902734,1.1262665,-2.2326944,1.6718091,-1.0688087,-1.2080151,-1.7938254,-1.8172338,0.53413296,-4.94548,-1.2349477,0.09075399,-4.1044903,-0.0025649518,-1.4953444,2.166486,104
0.26684886,1.1418159,-0.7968946,0.8943132,-0.32393092,-0.8457239,-1.3543572,0.49881047,-0.07548945,-1.7130277,-0.16066901,-0.9358176,-1.2361339,-0.010221198,0.37388802,1.4626735,84
0.012869492,1.2766536,-0.58994174,1.2656498,-0.47101235,-0.46129432,-0.9848798,-0.4593131,0.5433228,-1.8051606,-0.022451222,-0.8374147,-0.3898672,-0.20104776,-0.8516893,1.48895,81
3.5378382,1.693896,-2.7525947,1.331587,-1.1725837,-1.4117093,-1.4057567,-1.8695905,1.2813458,-5.3897305,-1.0049412,-0.2315906,-3.887967,0.052381232,-1.282203,2.220318,104
0.1294931,1.116116,-0.8604534,0.71700275,-0.31483525,-0.84358925,-1.4835413,0.4960158,-0.17949434,-1.564399,-0.09307645,-0.98736703,-1.1131822,-0.0022442043,0.381532,1.3206122,84
0.24496303,1.0498301,-0.86265737,0.75969934,-0.24337763,-0.9272296,-1.399229,0.4041021,-0.14489986,-1.5550767,-0.106885076,-0.9704359,-1.194157,0.036904685,0.28775337,1.358856,84
1.6542854,1.4448389,-1.2639434,1.8904253,-1.2094563,-0.54135555,-1.474376,-1.6888158,0.8065595,-3.3901818,-0.30065164,-0.4736399,-1.5405027,-0.38733077,-1.2257361,1.746448,13
0.20883934,1.1301804,-0.95260304,0.80742466,-0.27463984,-0.93382645,-1.4337773,0.64223135,-0.11420573,-1.7843071,-0.20925057,-0.9512364,-1.2875749,0.07136503,0.49567974,1.4461641,84
2.4133883,1.174799,-1.5270706,1.7701889,-1.0768371,-0.655417,-1.742866,-1.7380582,0.6376078,-4.019288,-0.6189333,-0.019656017,-2.6969109,-0.49039173,-1.2319515,1.8773623,13
0.13964005,1.2263832,-0.6368985,1.3728963,-0.5086061,-0.47436234,-1.1578114,-0.7590233,0.5725058,-1.8834014,-0.019253671,-0.8044858,-0.313635,-0.28826445,-1.2023551,1.4310952,81
0.19830526,1.0365005,-0.8127143,0.65358984,-0.2790712,-0.9291717,-1.5317416,0.6091006,-0.21495558,-1.5148476,-0.2132765,-0.9642266,-1.2578552,0.038022846,0.42665046,1.3449271,84
0.17093013,1.0955197,-0.7646198,0.57344896,-0.34437114,-0.86305636,-1.6071277,0.69219756,-0.2109106,-1.5255904,-0.19183363,-0.98232555,-1.2625173,0.011899732,0.5309371,1.2813332,84
3.7983057,0.8684762,-2.3596194,1.4461396,-0.647779,-1.4395264,-1.6517978,-1.6853812,0.549338,-4.8502865,-1.3919916,0.20249279,-4.4230876,0.14841257,-1.348655,2.252337,104
3.3535645,1.2741001,-2.2383244,1.7676688,-1.1661452,-0.98563224,-1.9803917,-1.8777486,0.52547824,-5.026998,-1.0542579,0.09193425,-3.8943932,-0.31774968,-1.4970186,2.2102306,104
0.3325109,1.0968596,-0.85616684,0.6912508,-0.3003252,-0.98059446,-1.4704661,0.55116796,-0.107216075,-1.6395848,-0.23460402,-1.0038003,-1.3395923,0.05274716,0.36474895,1.40383,84
3.1157591,1.6247033,-2.1964822,1.8635532,-1.4565542,-1.2159011,-1.4082284,-1.8636364,1.1945217,-5.178196,-0.846951,-0.22252123,-3.5168245,-0.28369704,-1.0900627,2.2273667,13
3.526296,0.79865044,-1.982419,1.1623421,-0.7774675,-1.1058267,-1.6109269,-1.636317,0.44339922,-4.2363625,-1.3553503,0.072687164,-4.073695,0.123626724,-1.538538,2.0888255,104
0.07783346,1.128058,-0.7954374,0.59931386,-0.30532157,-0.8499509,-1.6769764,0.44333977,-0.24841405,-1.4178076,-0.14743939,-0.95885277,-1.0731266,-0.09180195,0.25791478,1.2527605,84
-0.0012158155,1.2405659,-0.6695516,1.1999791,-0.45656985,-0.50074047,-1.0681633,-0.6573616,0.5704903,-1.811983,0.008926123,-0.82944334,-0.31386214,-0.23717813,-1.0626514,1.3860984,81
3.4621637,1.5554254,-2.4581547,1.2669348,-1.0288465,-1.4336003,-1.5373545,-1.8172363,1.1268252,-4.8988304,-1.0989656,-0.21197802,-3.711954,0.04702054,-1.4278579,2.1212256,104
-0.040016606,1.1078464,-0.79727066,0.6204653,-0.33719385,-0.8195931,-1.7078807,0.45566732,-0.2893803,-1.3641675,-0.09471908,-0.9853061,-0.98904204,-0.14641285,0.28218645,1.2518562,84
0.06503549,1.0862862,-0.82062614,0.58706117,-0.30155218,-0.8902795,-1.678654,0.26489854,-0.27732247,-1.3277031,-0.0681452,-1.0089198,-1.0124031,-0.09554292,0.1318416,1.2329502,84
1.6813946,1.478454,-1.3934709,1.7551962,-1.2308172,-0.5737796,-1.6258805,-1.8279499,0.7627763,-3.4381878,-0.32853377,-0.49934167,-1.5802723,-0.4072345,-1.4049237,1.7013737,13
0.1282657,1.1186318,-0.8368698,0.5722377,-0.3296644,-0.8475466,-1.6075706,0.529161,-0.23254068,-1.5197859,-0.14810337,-0.9475699,-1.1808368,0.011509962,0.44157082,1.2674985,84
2.3746135,1.0634012,-1.5553392,1.7149674,-1.0171634,-0.6354193,-1.8005035,-1.7265444,0.63140196,-4.131181,-0.6760043,0.1190127,-2.8081102,-0.46822172,-1.2532663,1.8356252,37
0.20766972,1.3712262,-0.8277042,1.4505583,-0.59062636,-0.41328114,-1.3419886,-0.9720218,0.58041227,-2.1989686,0.066159666,-0.75612605,-0.32472807,-0.36489317,-1.3699892,1.4077861,81
0.0841286,1.123275,-0.7978747,0.49956328,-0.3396039,-0.86704636,-1.7211773,0.5042051,-0.2808851,-1.3538861,-0.18528703,-1.0062722,-1.0992551,-0.07381216,0.26825762,1.2562674,84
0.038065255,1.1592873,-0.7431139,0.48415458,-0.35386217,-0.847633,-1.7179489,0.565145,-0.20300011,-1.4151489,-0.17963876,-0.99299526,-1.0789583,-0.04356015,0.33363357,1.1999493,84
3.73679,0.92080784,-2.30899,1.4895709,-0.63251895,-1.388633,-1.5416622,-1.5008123,0.71381795,-4.9249215,-1.3824285,0.26528406,-4.3491416,0.1803436,-1.2071722,2.2404637,104
3.3220425,1.0289165,-2.1187203,1.3585857,-0.9478476,-0.9284468,-1.9145856,-1.7729535,0.48193157,-4.6359067,-1.1757958,0.13534178,-3.9693174,-0.2420306,-1.5755763,2.1524885,104
0.15350746,1.151734,-0.7940112,0.5138693,-0.3610543,-0.90748596,-1.698678,0.4756925,-0.20423247,-1.4170527,-0.20773989,-1.035261,-1.1581846,-0.064204454,0.22780952,1.2839099,84
3.0874987,1.5897909,-2.2993772,1.6651734,-1.4058523,-1.2665595,-1.5395262,-1.939646,1.0928963,-5.156101,-0.9089742,-0.2126118,-3.5593247,-0.2554598,-1.294909,2.1609998,13
3.4572968,0.68816733,-1.7862345,0.9965035,-0.6635579,-1.0192643,-1.3688185,-1.3490998,0.57000995,-3.9933581,-1.3937026,0.14707036,-4.027608,0.21219435,-1.3662372,2.0390444,104
0.101303115,1.1243575,-0.8055332,0.4184534,-0.28037766,-0.91436815,-1.7982934,0.28243518,-0.25930613,-1.3654246,-0.13857237,-0.93402725,-1.0868254,-0.007624939,0.18149713,1.1297313,84
0.1086079,1.3092617,-0.82743204,1.3174926,-0.45008022,-0.5305078,-1.1906848,-0.7777822,0.58248115,-2.02993,0.055033922,-0.79464453,-0.36349946,-0.28706956,-1.176852,1.4112717,81
3.497483,1.3298644,-2.2848608,1.1241109,-0.866833,-1.4668463,-1.5305533,-1.6458964,1.0070744,-4.5717793,-1.2511873,-0.12535791,-3.8478634,0.09476256,-1.4436736,2.1558354,104
-0.056731276,1.1524565,-0.79054475,0.44610733,-0.326606,-0.8255994,-1.7988813,0.3000108,-0.25583893,-1.3374232,-0.07416856,-0.975525,-0.9295533,-0.08031525,0.12816197,1.1285224,81
0.049755946,1.1229302,-0.76060784,0.45602942,-0.2981934,-0.8811771,-1.7716277,0.15570343,-0.24487863,-1.2689135,-0.08274464,-1.0006514,-0.9574326,-0.06396957,-0.027865745,1.1655935,81
1.6131241,1.5264723,-1.4476792,1.7434589,-1.2643872,-0.5321544,-1.7175698,-1.8738359,0.7974831,-3.6396246,-0.27905652,-0.47469682,-1.5828452,-0.43691146,-1.4635391,1.6552131,13
-0.01380761,1.1839454,-0.7966491,0.461366,-0.3525688,-0.80359685,-1.7496257,0.4832583,-0.25736272,-1.3939751,-0.13789196,-0.9802298,-1.0190955,-0.08855197,0.27669117,1.2120012,84
2.3585207,1.0417044,-1.6217659,1.8156239,-1.0222601,-0.565513,-1.8088603,-1.7245609,0.59081167,-4.361461,-0.6344589,0.21993564,-2.842109,-0.41578975,-1.2179039,1.7981141,37
0.2721231,1.5085051,-1.0336684,1.52949,-0.63607574,-0.38703635,-1.4912539,-1.080747,0.60673404,-2.5463138,0.13682082,-0.7179093,-0.37800896,-0.42835787,-1.4560261,1.3973901,81
0.027373642,1.1970557,-0.76989996,0.39242208,-0.34143728,-0.7962341,-1.7950277,0.37607676,-0.25941932,-1.328971,-0.12217887,-0.99125683,-0.9739816,-0.074891865,0.106134936,1.1578646,81
0.009678811,1.2112525,-0.7651306,0.3675533,-0.3435735,-0.81099737,-1.799339,0.47747445,-0.19409694,-1.4157822,-0.14171752,-0.968142,-1.0200766,-0.023004465,0.23566756,1.1080679,84
3.7536044,1.0114214,-2.3797839,1.878055,-0.6886877,-1.3066456,-1.5246396,-1.3446895,0.7965068,-5.430287,-1.3300573,0.47215867,-4.39268,0.17385519,-0.9981896,2.2699146,104
3.1857712,0.9637316,-1.9350319,1.3083253,-0.9176786,-0.7905556,-1.7972407,-1.6436133,0.5463195,-4.526133,-1.126546,0.19201277,-3.8624325,-0.20428728,-1.4720051,2.064948,104
0.08613445,1.1970177,-0.7545719,0.36403096,-0.35411203,-0.8911896,-1.7900612,0.33658555,-0.17819987,-1.364292,-0.16875911,-1.0143852,-1.0561697,-0.028106473,0.10114914,1.1597878,84
2.8561294,1.5631363,-2.23293,1.7665344,-1.468022,-0.9961105,-1.6808252,-1.9440658,0.9071465,-5.196074,-0.7840861,-0.14217862,-3.3855824,-0.3715635,-1.3858609,2.0717707,13
3.4099827,0.7266293,-1.7904295,1.2961025,-0.68472147,-0.98931223,-1.3531921,-1.251161,0.6020887,-4.2485886,-1.3560549,0.30676305,-3.9520254,0.2477957,-1.2157769,2.0286298,104
0.08403824,1.1646535,-0.83692336,0.4015125,-0.2700977,-0.8668736,-1.8047512,0.29081273,-0.2359599,-1.4281876,-0.12223129,-0.9057897,-1.0567464,0.0022769049,0.12994352,1.1020038,84
0.13069369,1.365755,-0.93972445,1.3773117,-0.45585415,-0.514623,-1.2529306,-0.8077975,0.6163408,-2.2723048,0.09877232,-0.74175274,-0.39615923,-0.2932026,-1.2144225,1.3898302,81
3.4978044,1.2779322,-2.018751,1.3830651,-0.8888341,-1.2520461,-1.4952333,-1.3524352,1.0013397,-4.61147,-1.269492,0.0413983,-3.9201102,-0.048034217,-1.2380059,2.2849731,104
-0.06520521,1.1761898,-0.8722801,0.4213013,-0.28365245,-0.76519394,-1.8465602,0.26264298,-0.28298396,-1.4071915,-0.04108034,-0.9232425,-0.89120954,-0.08254641,0.020022333,1.0806158,81
0.038233712,1.1517076,-0.8151724,0.43483,-0.24010116,-0.8204642,-1.8253326,0.15952641,-0.24548723,-1.345293,-0.06667082,-0.93609965,-0.91785055,-0.07424387,-0.11960248,1.1346895,81
1.6386099,1.5697951,-1.5346417,1.6922668,-1.2342007,-0.55967546,-1.7049406,-1.8470821,0.8367579,-3.7254384,-0.26260716,-0.48318112,-1.6051111,-0.41020727,-1.4824495,1.6181539,13
-0.05532676,1.210876,-0.77805054,0.37972772,-0.32312697,-0.78248346,-1.8178327,0.40683115,-0.24279703,-1.3947773,-0.10535689,-0.942817,-0.9658992,-0.078314714,0.17204458,1.132637,81
2.5091143,1.1737874,-1.8573151,2.0613093,-1.0425507,-0.6270867,-1.9296527,-1.8535511,0.48616606,-4.6588707,-0.6230633,0.24277963,-2.8649015,-0.40751296,-1.2769454,1.8590304,37
0.35609233,1.6385413,-1.227111,1.6082942,-0.673375,-0.38591787,-1.591299,-1.1396934,0.6509234,-2.904036,0.18362641,-0.6951586,-0.4610917,-0.46720958,-1.5050094,1.3937799,81
-0.016032115,1.2357022,-0.7811724,0.38054174,-0.295502,-0.7332042,-1.8477354,0.36816224,-0.263301,-1.3841565,-0.081303135,-0.9387982,-0.90683925,-0.0994389,0.022566527,1.1048056,81
-0.013210431,1.2548088,-0.78622884,0.33616465,-0.33249044,-0.7758963,-1.7977915,0.4505136,-0.15906088,-1.4678562,-0.12141913,-0.94780165,-0.9817873,-0.0051117167,0.16076317,1.0739731,81
3.8645597,1.0964215,-2.5754926,2.1772294,-0.6968106,-1.3155897,-1.6057353,-1.3385117,0.7997601,-5.8899727,-1.333856,0.5901261,-4.5007153,0.1662884,-0.94395965,2.346443,104
3.1396646,1.0101068,-1.9060986,1.481068,-0.9199734,-0.7901373,-1.7575798,-1.6051544,0.5736166,-4.5937204,-1.0973312,0.26062554,-3.7202637,-0.17828134,-1.3797984,2.038207,104
0.055399626,1.2296655,-0.77519083,0.33191735,-0.3139097,-0.8068799,-1.8440495,0.32830244,-0.21671145,-1.3903801,-0.1207408,-0.95680726,-0.987581,-0.030918598,0.031233907,1.0879023,81
2.7470565,1.4737697,-2.0719845,1.4729662,-1.3677517,-0.9775104,-1.562212,-1.8054668,1.0030069,-4.944808,-0.83457404,-0.17035204,-3.34565,-0.28125006,-1.4122591,2.006226,13
3.4995527,0.82078195,-1.9359277,1.5855293,-0.73760664,-1.0186827,-1.4217067,-1.2710842,0.6228638,-4.617524,-1.3726681,0.42253345,-4.0075054,0.24956787,-1.158443,2.0903664,104
0.09929983,1.1885443,-0.87881327,0.42933315,-0.23668833,-0.84408647,-1.7850859,0.32829314,-0.23145445,-1.4873478,-0.1207926,-0.88478065,-1.0542499,0.018102996,0.08165164,1.1227599,84
0.24575396,1.4752468,-1.1357067,1.4869206,-0.47976264,-0.55270034,-1.3203905,-0.85443807,0.6798286,-2.6264625,0.11235812,-0.7159868,-0.51160896,-0.29181632,-1.2640567,1.4254307,81
3.6140418,1.1323291,-1.9914,1.846527,-0.92899346,-1.1200234,-1.5655274,-1.1883273,0.8492858,-4.971475,-1.3463727,0.37137353,-4.1610756,-0.04569475,-1.0615594,2.3567193,104
-0.07909412,1.177139,-0.88101256,0.42844206,-0.2546512,-0.7462647,-1.8115072,0.30006397,-0.26996702,-1.4552726,-0.04910393,-0.88596547,-0.89197904,-0.0577856,0.008999318,1.0824631,81
0.06372486,1.150722,-0.85038024,0.430412,-0.19116712,-0.8112181,-1.812074,0.21130317,-0.25209188,-1.4239736,-0.071337685,-0.8794345,-0.9635125,-0.034377724,-0.083015844,1.1262832,81
1.7086227,1.672152,-1.6658108,1.8735963,-1.2661297,-0.56964344,-1.7325592,-1.8412775,0.86206114,-3.9639096,-0.24891335,-0.44811213,-1.6489896,-0.4451601,-1.4472704,1.6755731,13
-0.048264503,1.2498063,-0.79765904,0.38980442,-0.29256678,-0.7264973,-1.8382852,0.4219097,-0.24881352,-1.4413769,-0.07749899,-0.90550864,-0.9376389,-0.09017964,0.11932823,1.1076002,81
2.6698508,1.2971551,-2.1605496,2.4000459,-1.0560249,-0.71438724,-2.004089,-1.9690549,0.41027552,-5.0672846,-0.5739291,0.2900725,-2.9086795,-0.3935891,-1.239095,1.9341577,37
0.47709388,1.7412634,-1.4014361,1.7718235,-0.6866311,-0.41439953,-1.6277647,-1.1366669,0.6575006,-3.1801639,0.18933925,-0.68421775,-0.540076,-0.5000459,-1.4957395,1.4544072,81
0.0012075752,1.2493502,-0.7967967,0.34434325,-0.28404152,-0.7092253,-1.8344002,0.37907732,-0.27169174,-1.4042182,-0.09015787,-0.921501,-0.91273147,-0.07118501,0.021848217,1.0822209,81
0.011501446,1.2733305,-0.82733643,0.35002172,-0.3121343,-0.7381732,-1.7740009,0.4514922,-0.20229454,-1.4580675,-0.11061634,-0.9339611,-0.9557828,0.0012968704,0.13256368,1.0765308,81
4.0139165,1.1510631,-2.8009086,2.4482284,-0.6565364,-1.3607668,-1.6498623,-1.3475621,0.80291307,-6.2563243,-1.3210021,0.6530234,-4.623815,0.14368798,-0.86251384,2.4656732,104
3.2151961,1.1319871,-2.1407557,1.7929729,-0.9471637,-0.8579048,-1.8582153,-1.765324,0.46089625,-4.892908,-1.0472031,0.3063509,-3.6308715,-0.15807211,-1.3995783,2.059537,104
0.050866872,1.245353,-0.7833139,0.32488877,-0.2874897,-0.7867492,-1.8275928,0.33991778,-0.2025189,-1.4359748,-0.13010196,-0.92077434,-0.98408645,-0.010417879,0.013741314,1.0760353,81
2.7318137,1.4891012,-2.0617845,1.502503,-1.3250458,-0.97076875,-1.5576158,-1.7648227,0.9966593,-4.8673053,-0.8750414,-0.1589668,-3.2596269,-0.26396844,-1.4273405,2.020661,13
3.6305354,0.904045,-2.1490545,1.918656,-0.7721664,-1.0449978,-1.5048592,-1.3472302,0.628178,-5.0623097,-1.3415672,0.5299868,-4.1045265,0.24161899,-1.0751797,2.1646993,104
0.115301296,1.1525729,-0.9236121,0.4151054,-0.16784897,-0.86329526,-1.7967849,0.39237428,-0.27462697,-1.5282118,-0.15974249,-0.823234,-1.108,0.05836022,0.11154316,1.1141891,84
0.35692668,1.5692633,-1.2920911,1.6906708,-0.4946698,-0.5764487,-1.3591223,-0.8203497,0.70146596,-2.9477673,0.12056911,-0.6887293,-0.61688757,-0.33943835,-1.2310743,1.514028,81
3.762216,0.93634284,-1.9506216,2.1991615,-0.9522562,-1.0664285,-1.5004942,-0.99702144,0.7954071,-5.224958,-1.5018566,0.6640065,-4.4406047,-0.0039536282,-0.8277197,2.4643297,104
-0.06273404,1.1446863,-0.9241654,0.42183942,-0.19867533,-0.7575729,-1.8000574,0.34293723,-0.3076375,-1.4818377,-0.09056899,-0.839695,-0.92675304,-0.022520997,0.01662615,1.0925176,81
0.09871717,1.1323059,-0.8977657,0.42191076,-0.13841599,-0.82102954,-1.7976615,0.2694208,-0.2788546,-1.4839337,-0.11723371,-0.8223032,-1.0271133,0.013476774,-0.044771828,1.1358854,81
1.8113704,1.7160109,-1.850104,2.1006083,-1.2487057,-0.6128674,-1.7818284,-1.8659383,0.8377114,-4.235646,-0.22354475,-0.38669682,-1.719741,-0.46877772,-1.3891249,1.7320544,13
-0.027233496,1.2611122,-0.81831515,0.37053847,-0.2725476,-0.71649504,-1.8224819,0.42742538,-0.24045123,-1.4694278,-0.08987185,-0.88437706,-0.9459266,-0.06378178,0.10369232,1.1006447,81
2.818377,1.4473635,-2.4534836,2.7372675,-1.115229,-0.76844764,-2.049667,-2.0412343,0.45319378,-5.548577,-0.5399196,0.286624,-2.9989955,-0.43395442,-1.1639922,2.0651944,37
0.6206132,1.8179804,-1.5577607,1.922913,-0.6776748,-0.47306892,-1.6345532,-1.0976224,0.68199635,-3.4090998,0.15202895,-0.68767595,-0.6450825,-0.50210625,-1.4730945,1.5552596,81
0.022582814,1.2734171,-0.8073269,0.337412,-0.28247386,-0.70198905,-1.8129525,0.4021685,-0.2078105,-1.4807901,-0.15503648,-0.9137924,-0.9354764,-0.054645658,0.004679978,1.114249,81
0.025800541,1.2619959,-0.8726464,0.36192608,-0.26559258,-0.75653523,-1.7765112,0.49997193,-0.20690526,-1.5135374,-0.15224977,-0.90209264,-0.9837782,0.0070861205,0.15645805,1.101862,84
4.141423,1.1671242,-2.9753275,2.646665,-0.5647483,-1.4149195,-1.6067657,-1.2989235,0.84189737,-6.463204,-1.316404,0.67046404,-4.718188,0.12501971,-0.7365823,2.6032894,104
3.2654748,1.2880672,-2.3622313,2.0839047,-1.0324188,-0.8454041,-1.9085319,-1.8660977,0.47119898,-5.264573,-0.965053,0.3222053,-3.580132,-0.17714022,-1.352742,2.1031358,104
0.09182136,1.2529984,-0.8271954,0.3159002,-0.25462037,-0.8028522,-1.8217139,0.35630143,-0.1951534,-1.489666,-0.17450017,-0.8972229,-1.0209033,0.023493268,0.011719286,1.0963767,81
2.7417533,1.5324594,-2.1522825,1.6720399,-1.2960714,-0.9817958,-1.5995162,-1.7913437,0.96777457,-4.9566894,-0.87247854,-0.1261931,-3.1795328,-0.29529035,-1.4081783,2.0536096,13
3.7706282,0.94000995,-2.3057063,2.1539578,-0.74813795,-1.1028862,-1.5008829,-1.3766589,0.6623091,-5.2969394,-1.3407791,0.56268454,-4.1891856,0.23683503,-0.96106404,2.277579,104
0.156985,1.1439782,-0.9713566,0.46779543,-0.1261957,-0.85735625,-1.7856665,0.49178505,-0.31648642,-1.5607166,-0.18840364,-0.79347223,-1.1479254,0.062383503,0.18507037,1.171475,84
0.46117234,1.6211549,-1.4445107,1.8892862,-0.472892,-0.6036552,-1.4039457,-0.7742545,0.68256253,-3.2136617,0.11727539,-0.6467471,-0.7087846,-0.3698638,-1.1888251,1.5981869,81
3.974217,0.83459616,-2.1318204,2.3405104,-0.90215206,-1.0606005,-1.5230556,-0.99773085,0.8433972,-5.623918,-1.6220149,0.9002987,-4.7761855,-0.0085317865,-0.6929558,2.560125,104
-0.0011287928,1.1593106,-0.96550316,0.4680122,-0.1774869,-0.75051886,-1.7737184,0.39318657,-0.2969504,-1.5273972,-0.12591028,-0.84007573,-0.9488122,-0.026993904,0.045503676,1.1594337,81
0.18709384,1.1272924,-0.9588245,0.48952055,-0.10029227,-0.83873594,-1.764873,0.30785313,-0.29989517,-1.5182232,-0.15300609,-0.80971676,-1.0668699,0.011109404,0.0050311685,1.2098532,84
1.9157847,1.7885385,-2.0071287,2.3238716,-1.264655,-0.6311306,-1.8188055,-1.8659002,0.86463934,-4.5426645,-0.20450673,-0.345221,-1.8070546,-0.4961521,-1.320617,1.8143071,13
0.03626983,1.2811186,-0.8487532,0.38404244,-0.25427386,-0.7214295,-1.8049114,0.44445777,-0.22246723,-1.4973111,-0.137618,-0.8876051,-0.96351343,-0.052371696,0.09754002,1.1450351,81
3.043145,1.5591604,-2.669759,2.9463134,-1.1435224,-0.9166147,-1.9813664,-1.9996884,0.6633058,-5.981599,-0.6448953,0.2471721,-3.2316613,-0.44922674,-1.03607,2.2669632,37
0.69844574,1.8628824,-1.610522,2.045061,-0.67375505,-0.5327657,-1.607997,-0.9999502,0.762256,-3.5903041,0.07139543,-0.71033025,-0.7274166,-0.50099504,-1.41271,1.6817001,81
0.077093855,1.3196189,-0.80798626,0.40735126,-0.32161677,-0.71711606,-1.7650051,0.40232378,-0.097692564,-1.5737901,-0.22430927,-0.96822137,-0.9539764,-0.066858046,0.01042822,1.229029,81
0.058928758,1.310438,-0.8732266,0.41651553,-0.28184056,-0.74920386,-1.740176,0.5959682,-0.1265467,-1.6031609,-0.21716025,-0.9373798,-1.0083666,-0.010406263,0.20371082,1.210169,84
4.173826,1.1143204,-3.0508225,2.7015252,-0.4335837,-1.4911646,-1.5361879,-1.2530153,0.9199241,-6.4996276,-1.3690841,0.64837277,-4.737569,0.14207974,-0.65297586,2.690739,104
3.3412187,1.422999,-2.5455468,2.3572617,-1.1027328,-0.9348298,-1.9236324,-1.943496,0.61775464,-5.663597,-0.97756255,0.29604596,-3.6182055,-0.21065195,-1.262001,2.2313302,104
0.14240046,1.2839993,-0.8538432,0.39458644,-0.24593988,-0.7991592,-1.7914526,0.40494353,-0.16110183,-1.5643957,-0.2108975,-0.91367614,-1.0344466,0.006466955,0.04374671,1.1860232,84
2.8006341,1.6026543,-2.2639937,1.8121804,-1.2948303,-1.0276383,-1.6091623,-1.830809,1.0364487,-5.1499224,-0.8837583,-0.13082123,-3.1976805,-0.32306638,-1.3577948,2.1295857,13
3.8798046,0.9656023,-2.4137135,2.3808074,-0.75123584,-1.2061478,-1.4681957,-1.3864632,0.80152494,-5.582819,-1.4165106,0.5776623,-4.310642,0.22795328,-0.8281239,2.4287295,104
0.21092103,1.1527791,-1.0032712,0.58110553,-0.08360934,-0.89861465,-1.7377005,0.6507209,-0.25681323,-1.682544,-0.27220204,-0.79413766,-1.226722,0.049639806,0.2711152,1.3156258,84
0.591226,1.674316,-1.5681089,2.043673,-0.45103025,-0.63095456,-1.413996,-0.6910041,0.70115316,-3.4309232,0.0732176,-0.6333819,-0.8011032,-0.36931244,-1.147512,1.7091535,81
4.2254586,0.7713218,-2.4397688,2.3341289,-0.792982,-1.1583471,-1.5264862,-1.1221126,0.98991275,-6.169068,-1.7126011,1.1153408,-5.2098536,-0.011478476,-0.5512159,2.6601744,104
0.02296868,1.1937294,-0.9671813,0.5438668,-0.1940985,-0.78343296,-1.7216954,0.49584705,-0.16887496,-1.6802647,-0.22631782,-0.87680733,-1.0100292,-0.031684235,0.10195023,1.2958312,84
0.21406431,1.1531549,-0.9686356,0.5906017,-0.110338174,-0.86344963,-1.7001734,0.41705048,-0.18659063,-1.6888592,-0.22949971,-0.82876277,-1.1339413,0.0054261535,0.09125005,1.3347588,84
1.960519,1.8374954,-2.0720093,2.5249853,-1.326389,-0.64107394,-1.802968,-1.8275573,0.9786072,-4.830263,-0.25357732,-0.31772307,-1.9008837,-0.5293728,-1.22599,1.9440196,13
0.08033286,1.3167436,-0.8537051,0.4804594,-0.27941355,-0.73562807,-1.749779,0.4898849,-0.12400691,-1.6104894,-0.19808541,-0.9269826,-0.9944124,-0.07568616,0.13231248,1.2690494,84
3.1810935,1.5167181,-2.8290176,3.0719786,-1.0567976,-1.0441152,-1.8649323,-1.918947,0.7400706,-6.177857,-0.7004834,0.24962087,-3.374801,-0.406942,-0.888713,2.3556883,13
0.780017,1.8548045,-1.6561924,2.18112,-0.6785159,-0.61013234,-1.5401366,-0.92480123,0.8515992,-3.7612383,-0.01591599,-0.72598463,-0.8293675,-0.48716784,-1.3097095,1.811608,84
0.14805327,1.3047767,-0.85302925,0.49638295,-0.3114314,-0.80439556,-1.7221389,0.43171304,-0.016013488,-1.716212,-0.31949073,-0.977106,-1.0419943,-0.030615348,0.06520559,1.3227739,84
0.13013999,1.3175838,-0.9073705,0.50950086,-0.2719381,-0.79434985,-1.6800776,0.702323,-0.051931277,-1.7177818,-0.30540952,-0.96876043,-1.0788331,-0.003996305,0.2717768,1.3392009,84
4.2267294,1.0967753,-3.180466,2.8098598,-0.31530803,-1.6380628,-1.386442,-1.159,1.031832,-6.59654,-1.3994122,0.55283535,-4.7243843,0.22077528,-0.53260773,2.7706976,104
3.3708549,1.4222025,-2.6063728,2.4222946,-1.0721233,-1.0227939,-1.8166463,-1.9577227,0.74814796,-5.757868,-0.9921458,0.24246074,-3.632356,-0.19938713,-1.1430666,2.2872832,104
0.16420473,1.3131211,-0.8548122,0.48906493,-0.2592844,-0.830922,-1.7401557,0.4993484,-0.027949825,-1.7377167,-0.3036365,-0.9418469,-1.0930734,-0.0018574372,0.106849715,1.311704,84
2.8443043,1.6444099,-2.297795,1.9326984,-1.3553026,-1.0943999,-1.5645471,-1.8609835,1.2297488,-5.362202,-0.9751735,-0.15178314,-3.2938166,-0.39022112,-1.2596312,2.2696915,13
3.9498372,1.0112264,-2.5621233,2.6154475,-0.7770196,-1.2838215,-1.4154608,-1.3811579,0.9106722,-5.8681,-1.4154721,0.5550155,-4.375702,0.24862248,-0.70129925,2.531595,104
0.28873992,1.1427153,-1.0145094,0.6998879,-0.047069296,-0.9793737,-1.6334558,0.8549642,-0.15564881,-1.8157344,-0.41044748,-0.8279508,-1.3385211,0.08221738,0.42299932,1.4894197,84
0.67931694,1.7341535,-1.4835941,2.1110044,-0.48602334,-0.5905487,-1.312788,-0.5966904,0.85667247,-3.5164366,0.028837293,-0.6573726,-0.8469573,-0.40579835,-1.0087917,1.8246669,84
4.357077,0.6717932,-2.7040575,2.4201632,-0.70516086,-1.2274765,-1.5028794,-1.2478713,1.0997897,-6.6322293,-1.721567,1.2883489,-5.555834,0.01424849,-0.36232316,2.7743921,104
0.13404553,1.1487021,-1.0327071,0.6300036,-0.15439725,-0.9251631,-1.6835897,0.5387025,-0.1199408,-1.8112109,-0.3748447,-0.8853822,-1.1404165,0.035300374,0.17670736,1.4074714,84
0.32510608,1.1269265,-1.0511116,0.6916932,-0.071822815,-0.99185616,-1.6562586,0.45648193,-0.11018427,-1.8836235,-0.35471028,-0.8251535,-1.2750027,0.0679706,0.16705146,1.4399974,84
2.0601578,1.8161796,-2.1719043,2.7042475,-1.3534919,-0.7104643,-1.7684655,-1.8062512,1.051095,-5.0643334,-0.34422362,-0.27696276,-2.0403013,-0.5090587,-1.1344008,2.0566287,13
0.16035427,1.3134578,-0.9073957,0.5619153,-0.2655401,-0.8094747,-1.6992536,0.5728328,-0.038485423,-1.7632484,-0.29242483,-0.9374202,-1.0958376,-0.03752981,0.20243439,1.3738458,84
3.33228,1.4740924,-3.016252,3.2835093,-0.9319757,-1.1296058,-1.7428095,-1.7001106,0.76956785,-6.397098,-0.72154117,0.26798683,-3.5198648,-0.34714845,-0.69809896,2.4647636,104
0.9522626,1.7996719,-1.7940203,2.3404336,-0.6434246,-0.73410404,-1.4887624,-0.90116084,0.8926762,-3.953969,-0.10940148,-0.6828579,-0.9997735,-0.40701503,-1.2165532,1.9097701,84
0.3079173,1.2732397,-1.0004106,0.61540043,-0.22412172,-0.93311405,-1.696507,0.52333087,-0.019263193,-1.866282,-0.41410136,-0.9465424,-1.1863154,0.058443815,0.13834688,1.4050103,84
0.2851621,1.2636778,-1.0167948,0.6252037,-0.1858295,-0.9177173,-1.6231883,0.82131445,-0.050624683,-1.8172381,-0.42808455,-0.95518917,-1.2152486,0.075803116,0.36464313,1.4545993,84
4.3239155,0.9593934,-2.7582102,2.5047379,-0.2640493,-1.7900989,-0.9027691,-1.0018668,1.3152317,-6.070373,-1.602838,0.5528412,-4.810743,0.20391658,-0.23398548,2.8556476,104
3.4546108,1.4641529,-2.7757359,2.6880736,-1.0129157,-1.0936828,-1.7455878,-1.8672955,0.7738956,-5.9799414,-0.9384801,0.25205624,-3.6413121,-0.18994746,-0.97208685,2.3482597,104
0.2980371,1.2847242,-0.950995,0.60489476,-0.19943878,-0.9428862,-1.6878226,0.57618314,0.009728923,-1.864745,-0.40596557,-0.9396635,-1.2089527,0.061229035,0.19101682,1.4172947,84
2.8788998,1.6217409,-2.3243337,1.9992584,-1.379073,-1.0970759,-1.4902909,-1.8113098,1.3609501,-5.4638996,-1.0320859,-0.11383638,-3.373751,-0.41589224,-1.1462758,2.332464,13
4.3024907,0.83220434,-2.3056934,2.3711333,-0.72118056,-1.5619351,-0.82956964,-1.249134,1.3449084,-5.7115607,-1.6912868,0.6099147,-4.8875346,0.20566884,-0.21396118,2.8204942,104
0.5052113,1.0596936,-1.117785,0.90876865,0.048442468,-1.1363788,-1.5119429,0.9928697,-0.11828099,-1.9586439,-0.5808804,-0.8111537,-1.5228716,0.18214276,0.57371455,1.6715896,84
0.846216,1.7818655,-1.4676145,2.1854243,-0.514027,-0.595627,-1.237349,-0.6728424,0.9735465,-3.6500018,0.0077682436,-0.6225088,-0.9549953,-0.3898714,-0.8852556,1.8988098,84
4.3243303,0.52308273,-2.716285,2.470808,-0.5991935,-1.124737,-1.4695318,-1.2772051,1.1086758,-6.6509714,-1.6523079,1.3371098,-5.610898,0.04377404,-0.23864144,2.7762067,104
0.35132092,1.1173357,-1.1528546,0.8154104,-0.07553225,-1.0628554,-1.6085346,0.6426386,-0.12465344,-1.9156128,-0.4945545,-0.87313807,-1.2986431,0.12045215,0.27289337,1.5630983,84
0.523216,1.0914702,-1.1686085,0.8778473,0.009726003,-1.142538,-1.5851443,0.54404885,-0.096082285,-2.01925,-0.47666085,-0.80884653,-1.4395121,0.14628594,0.2617277,1.5916883,84
2.244597,1.693145,-1.9754194,2.5158916,-1.3068681,-0.7581103,-1.4416907,-1.7452374,1.243244,-4.7664757,-0.4451386,-0.23112273,-2.1758626,-0.5159558,-0.86723435,2.081466,13
0.31964535,1.2870946,-1.0183419,0.69365585,-0.20380482,-0.9271793,-1.6418772,0.6737249,-0.008071467,-1.8983994,-0.4024616,-0.9335033,-1.2376105,0.03616707,0.291539,1.4920186,84
3.7865224,1.3181673,-2.7917273,2.9712057,-0.9317479,-1.3499688,-1.2433431,-1.593593,1.1401933,-6.2648864,-1.0295792,0.38862044,-4.2015643,-0.46506163,-0.23585343,2.7472634,104
1.157151,1.8097504,-1.6140853,2.2671242,-0.7916317,-0.7231034,-1.2469404,-1.1151061,1.0973221,-3.7835116,-0.08992395,-0.6674638,-1.0979196,-0.42802224,-0.96725816,1.9553096,84
0.4981445,1.237929,-1.1402469,0.8137075,-0.117916055,-1.0696598,-1.6104023,0.676009,-0.042025134,-1.9763665,-0.4987891,-0.92375845,-1.3399111,0.16064887,0.2579791,1.5544648,84
0.50733244,1.206073,-1.1525906,0.8429667,-0.06363866,-1.051361,-1.5117462,0.9959291,-0.059551284,-1.9270679,-0.5465397,-0.93088675,-1.3789158,0.17017537,0.47948503,1.6400957,84
4.504369,0.9950769,-2.889983,2.3495717,-0.37537694,-1.757762,-0.7434038,-1.0328337,1.3666447,-6.253495,-1.616351,0.6420907,-5.129255,0.15031208,-0.06146258,2.956483,104
3.8826056,1.3440069,-2.6754274,2.6906562,-0.9891672,-1.3498467,-1.2632165,-1.6574172,1.0887053,-6.038632,-1.1574867,0.34649342,-4.1887336,-0.28184125,-0.45225266,2.6200583,104
0.50514746,1.2411932,-1.0976335,0.7926525,-0.08530568,-1.0914618,-1.6050699,0.71657443,-0.0011181384,-1.9719199,-0.51904213,-0.91966623,-1.3609949,0.16435581,0.28739986,1.5655301,84
2.905248,1.5221016,-2.3689268,2.0914974,-1.3427826,-1.0688055,-1.4110627,-1.73726,1.3337177,-5.4662585,-1.0360954,-0.032910407,-3.401154,-0.40542862,-1.0182874,2.324603,13
4.566856,1.0807881,-2.7465823,2.706377,-0.80697227,-1.6133152,-0.86547387,-1.180909,1.6101013,-7.001247,-1.6638404,0.8016305,-5.5492125,0.14965366,0.06771198,3.1581607,104
0.78527415,0.971292,-1.2609698,1.2199667,0.17623174,-1.3069109,-1.3396273,1.1747725,-0.05764477,-2.1747656,-0.74393094,-0.75843817,-1.7493486,0.28533491,0.70000374,1.9175041,84
1.1357065,1.8239172,-1.5748262,2.3263965,-0.5155484,-0.6037938,-1.1579746,-0.7429,1.0042284,-3.8667414,0.023121446,-0.535176,-1.125181,-0.3386675,-0.7408312,1.9741237,84
4.239227,0.16927445,-2.2270417,2.112915,-0.41316688,-1.023219,-1.0051169,-1.033079,1.2403803,-5.8876014,-1.7551621,1.3545889,-5.651597,0.12965335,0.06415807,2.8337839,104
0.53827125,1.0593055,-1.2658383,1.0723141,0.028686404,-1.1892202,-1.442514,0.8311683,-0.11157574,-2.073671,-0.6021018,-0.83173746,-1.4581434,0.21079198,0.41266042,1.7578484,84
0.6658879,1.0159578,-1.2614702,1.1286312,0.11383295,-1.2769473,-1.4104066,0.7329754,-0.112818435,-2.1261973,-0.58164436,-0.78922355,-1.5738758,0.21857423,0.4218729,1.7900249,84
2.4296112,1.7284999,-1.9406297,2.4458933,-1.3843936,-0.72329575,-1.2505832,-1.734047,1.3566374,-4.8691306,-0.46900815,-0.13694392,-2.4088397,-0.5233332,-0.6561815,2.1406264,13
0.52985543,1.2392976,-1.1528417,0.88994086,-0.101929046,-1.072936,-1.5466483,0.79997283,-0.023603678,-2.006457,-0.5120708,-0.9061518,-1.4027512,0.14759588,0.3930807,1.6501842,84
4.0773277,1.5419396,-3.3152685,3.2194958,-1.1041757,-1.3254836,-1.3141055,-1.5414323,1.1730815,-7.254138,-1.025831,0.48939574,-4.7616425,-0.54874444,-0.13112597,3.0000684,104
1.3963466,1.8940835,-1.7654002,2.4610128,-0.9023483,-0.67841107,-1.181273,-1.2648265,1.0826269,-4.0978727,0.0064100027,-0.57419425,-1.2328534,-0.41327903,-0.77384144,2.0107915,13
0.6079148,1.1466717,-1.2567036,1.0654935,-0.005811155,-1.1971167,-1.4390378,0.8893458,-0.06507601,-2.1255765,-0.58867586,-0.8773212,-1.484583,0.24750587,0.42316204,1.7340262,84
0.6615242,1.1387856,-1.2564455,1.1112866,-0.003831908,-1.1059539,-1.3802862,1.0514461,-0.03550817,-2.1071866,-0.5975519,-0.84349847,-1.4811693,0.24941972,0.54681623,1.7757512,84
4.172178,1.2451781,-2.845506,2.3823366,-0.86189806,-1.3469872,-0.9609962,-1.3554593,1.1512588,-6.3952436,-1.3236684,0.68314713,-4.8918457,-0.11957022,-0.14516202,2.8751018,104
3.9824686,1.5613729,-2.8813558,2.8906655,-1.104084,-1.3896955,-1.3214538,-1.6756444,1.3311665,-6.8686175,-1.0990186,0.46855307,-4.594746,-0.43220484,-0.2432858,2.8212883,104
0.64518917,1.1562864,-1.2208906,1.0484756,0.020340085,-1.2063689,-1.4540772,0.90094423,-0.018689692,-2.1152368,-0.61578393,-0.87020296,-1.4873774,0.24868894,0.4133855,1.7399421,84
3.2194898,1.3624116,-2.1902459,1.9734877,-1.3860884,-1.1545259,-0.9259285,-1.5828323,1.610422,-5.350051,-1.1904029,0.049888507,-3.834871,-0.5219887,-0.54625297,2.4964395,13
4.4313207,1.4145377,-2.9549968,2.8057427,-1.188181,-1.3355919,-1.0447354,-1.4836769,1.3659115,-7.1196938,-1.3571622,0.6855537,-5.317157,-0.13761705,-0.026284307,3.180566,104
0.92689043,0.9037986,-1.2413019,1.4426426,0.11046913,-1.2747211,-1.1900277,1.0604677,0.12577784,-2.4239244,-0.66184986,-0.6428866,-1.8623935,0.26732498,0.8377837,1.9774387,84
1.448674,1.8593842,-1.7285796,2.5380154,-0.573259,-0.5860605,-1.0690708,-0.8185467,0.9896686,-4.1964417,0.05417046,-0.42757815,-1.3093467,-0.29704422,-0.54282105,2.0406082,84
4.1867957,-0.38643676,-1.245424,1.1128815,-0.042600513,-1.1420299,-0.19305712,-0.47487903,1.6948695,-4.665826,-2.1641505,1.4003491,-6.0247383,0.25528088,0.51109976,2.971888,44
0.6584901,1.0011226,-1.3196805,1.329097,-0.0481318,-1.1711687,-1.2695947,0.7709931,0.0298125,-2.3965597,-0.50952053,-0.73902655,-1.6433192,0.18204835,0.6162316,1.8661067,84
0.76631796,0.95692086,-1.2902744,1.3887467,0.012746811,-1.2287046,-1.1973491,0.68173337,0.06284033,-2.4225736,-0.4988296,-0.7118502,-1.7276877,0.17138243,0.5945546,1.91261,84
2.4133956,1.7777618,-1.9253582,2.5419946,-1.4827098,-0.59880245,-1.1974034,-1.7184286,1.3230151,-5.0821276,-0.41558707,-0.04791081,-2.4835935,-0.54450995,-0.52333,2.18705,13
0.67332315,1.1493964,-1.2897494,1.1505147,0.015422821,-1.1883355,-1.3820615,0.9772499,-0.03472905,-2.1809425,-0.5970551,-0.8467921,-1.5393212,0.23354453,0.5072114,1.8178618,84
3.6716244,1.8572009,-3.4335363,3.2698607,-1.4434532,-1.0010936,-1.745343,-1.8961003,0.9025109,-7.458948,-0.7447504,0.5019131,-4.355656,-0.70740783,-0.440809,2.832566,104
1.5250552,1.9050016,-1.9117969,2.706458,-1.0358387,-0.54083556,-1.2641082,-1.3820373,0.95289934,-4.5278587,0.100363135,-0.3629325,-1.3586389,-0.43672332,-0.63496137,1.9862679,13
0.5906651,1.0889411,-1.2759587,1.2426499,-0.10751934,-1.138458,-1.343241,0.8882742,0.046131894,-2.40691,-0.4926057,-0.787723,-1.642987,0.18090478,0.6439106,1.8129945,84
0.6098667,1.0568718,-1.2014226,1.2086394,-0.10046516,-1.0801837,-1.3118298,1.0406668,0.06879462,-2.3328738,-0.5233384,-0.7516985,-1.644305,0.20506686,0.78978264,1.8073614,84
4.112243,0.9978814,-2.800726,2.285604,-1.0322568,-1.1727978,-0.8825713,-1.4079041,0.9511647,-6.277137,-1.3445398,0.8814143,-5.118454,-0.13888621,-0.04335344,2.9834342,104
3.8273497,1.7133927,-2.979742,2.8487682,-1.3215288,-1.2104315,-1.4794652,-1.8784897,1.1468177,-6.9889297,-0.9409678,0.5098444,-4.5311704,-0.56312215,-0.3346287,2.785597,104
0.6531297,1.1451503,-1.1309346,1.2305322,-0.23590976,-1.046651,-1.1701827,0.6033082,0.21948116,-2.2885497,-0.40914425,-0.8633731,-1.4485852,0.14529765,0.53319633,1.7890197,84
3.272891,1.3687136,-2.1392872,1.9680966,-1.4660513,-1.0814608,-0.7762793,-1.5222526,1.7191076,-5.5164437,-1.1681987,0.14874144,-4.06255,-0.6155671,-0.314109,2.5956407,13
4.2723484,1.4213239,-3.199575,2.7980437,-1.2800478,-1.2028112,-1.1673927,-1.5715628,1.0859604,-7.244799,-1.1902692,0.7906545,-5.236024,-0.17898692,-0.0928295,3.1374788,104
0.8169495,0.8922884,-1.1781964,1.349551,-0.0068282634,-1.128013,-1.0299556,1.1060476,0.07454012,-2.2736053,-0.5348599,-0.7674572,-1.7771214,0.25039446,1.103044,1.9798988,84
1.712775,1.9440241,-1.9452492,2.7768836,-0.74863994,-0.48121604,-1.07708,-0.9691006,0.9679946,-4.7059174,0.15453848,-0.32898456,-1.4516689,-0.3436694,-0.3937619,2.0219016,13
4.156115,-0.47115722,-0.62728524,0.3688861,0.1563173,-1.2082345,0.5348293,0.05985245,1.938566,-3.511994,-2.27069,1.1214374,-5.8469234,0.34481823,0.77757764,3.0488377,44
0.54821754,0.988419,-1.3097672,1.2768146,-0.115399614,-1.0619657,-1.1817052,0.8610373,-0.013454512,-2.3310797,-0.4128392,-0.8173509,-1.5671009,0.15313599,0.80401224,1.8629438,84
0.6333769,0.94885457,-1.257823,1.359291,-0.0664663,-1.1028016,-1.1481087,0.73242915,0.03397149,-2.352583,-0.38968137,-0.7688351,-1.6269646,0.109077364,0.74749535,1.8985825,84
2.4456122,1.8169456,-2.0253325,2.689589,-1.5309236,-0.5162929,-1.1949189,-1.6767437,1.218941,-5.342357,-0.32642156,0.0066676885,-2.5723298,-0.5775875,-0.43269244,2.2323258,13
0.66828746,1.0978303,-1.30148,1.3071359,-0.07635524,-1.1436601,-1.3185155,0.9556275,0.06567155,-2.4576151,-0.5006546,-0.76069415,-1.7016642,0.1775535,0.7265949,1.8722346,84
3.481878,1.7616625,-3.3821065,3.012701,-1.4300516,-1.0825955,-1.7006145,-2.0182545,0.90890676,-7.2805333,-0.628493,0.55606866,-4.2731347,-0.64632034,-0.40417317,2.765722,104
1.5533181,1.9047529,-2.1332476,2.987277,-1.2726247,-0.3251506,-1.5428329,-1.6188365,0.78571105,-5.1639395,0.21910769,-0.03613417,-1.5048811,-0.5246905,-0.5895951,1.882573,13
0.4421661,1.0935267,-1.2661479,1.0514762,-0.22898626,-1.0214224,-1.3158717,0.76948905,0.016360492,-2.2948413,-0.35774028,-0.846719,-1.5044694,0.161809,0.7228544,1.6963648,84
0.47318828,1.0893116,-1.1825655,1.0731328,-0.22816119,-0.92412823,-1.2354748,0.93351775,0.013416544,-2.2202396,-0.3750942,-0.8387264,-1.4852774,0.18854573,0.8632817,1.7356815,84
3.9483967,0.98141456,-2.9006915,2.3388958,-0.9126482,-1.1657875,-1.0997956,-1.5359691,0.58208615,-5.9798393,-1.1792619,0.8375559,-4.6705737,-0.080734365,-0.2494964,2.7607448,104
3.6562576,1.7167416,-3.062834,2.6161404,-1.3403152,-1.1376746,-1.4547694,-1.9682906,1.0488772,-6.7958007,-0.72932625,0.4838344,-4.3576465,-0.52431524,-0.36499524,2.698884,104
0.5699867,1.2186482,-1.3343946,1.112751,-0.22297093,-0.9575378,-1.2973778,0.67854226,0.08366074,-2.4118161,-0.27707845,-0.86749446,-1.4473386,0.11139484,0.60311764,1.6971558,84
3.0131297,1.50839,-2.184335,2.1224265,-1.5581878,-0.9368958,-0.89872473,-1.6468587,1.5986663,-5.6803594,-0.92770034,0.13928218,-3.8049002,-0.6742125,-0.31695145,2.538223,13
4.0391874,1.3366718,-3.3361611,2.778707,-1.1760318,-1.2610929,-1.2901254,-1.6876179,0.819099,-7.1068773,-1.0618904,0.7593058,-4.897465,-0.10092172,-0.246802,2.9572952,104
0.5818479,0.8332867,-1.2253267,1.0032289,-0.080479704,-1.014572,-1.127297,1.0141522,-0.099973574,-2.0233965,-0.44827408,-0.7842879,-1.6340628,0.22540629,1.1318879,1.7703832,84
1.6601348,2.0242453,-2.1525362,2.8813963,-1.1533272,-0.1879399,-1.4643624,-1.4608929,0.84780955,-5.176139,0.2990089,-0.13863945,-1.4206778,-0.56023395,-0.5541284,1.8404001,13
4.330373,-0.4535484,-0.86785346,0.41381133,0.31230646,-1.3666809,0.74261814,0.449269,1.7242573,-3.4606647,-2.1739523,0.9846581,-5.915996,0.5287222,0.89488906,3.2345812,44
0.39367837,0.974108,-1.3481685,0.96858704,-0.1869263,-0.9909481,-1.2843802,0.78191346,-0.11052574,-2.1666567,-0.35873932,-0.81864995,-1.465997,0.15209316,0.8175431,1.6684632,84
0.44817215,0.92499477,-1.2731324,1.028143,-0.13028327,-1.0314851,-1.2658885,0.6646972,-0.091137394,-2.1449103,-0.34400168,-0.77165776,-1.5090989,0.13354605,0.75738454,1.6856114,84
2.4335282,1.839823,-2.283317,2.722787,-1.585364,-0.43239486,-1.225321,-1.6877283,1.1028144,-5.6119876,-0.19251725,0.018771172,-2.6261098,-0.6355706,-0.40798506,2.2177312,13
0.52072793,1.1302508,-1.2907393,1.1461622,-0.20635271,-0.9963688,-1.2913415,0.834458,0.03743793,-2.3718784,-0.35404313,-0.8292039,-1.5458554,0.13971335,0.76749766,1.7731581,84
3.3863707,1.6411703,-3.4213424,2.629612,-1.2222921,-1.2823995,-1.6136396,-2.0662704,0.9243249,-6.852085,-0.69448286,0.42515743,-4.047213,-0.4444786,-0.5277102,2.6709294,104
1.4672791,1.9706359,-2.4402215,3.164631,-1.4630374,-0.26169717,-1.7946122,-1.8570724,0.7905126,-5.7223477,0.3086257,0.046157718,-1.5331053,-0.6475408,-0.6401036,1.8848166,13
0.26408035,1.1708105,-1.387953,0.7924491,-0.29482853,-0.97236246,-1.4422138,0.6341506,-0.036392733,-2.221376,-0.28801167,-0.88004875,-1.3391153,0.14963432,0.6218096,1.5445888,84
0.28704256,1.1387053,-1.3028002,0.8503785,-0.28741524,-0.8735758,-1.315742,0.7714972,-0.049911007,-2.122027,-0.3023326,-0.8612373,-1.2990867,0.17359081,0.71806246,1.5917827,84
3.920967,0.91563135,-3.0212922,2.0661607,-0.77677906,-1.3179817,-1.1925347,-1.6342582,0.4554596,-5.7929564,-1.2627759,0.76497436,-4.6065764,0.026320651,-0.50813746,2.6508267,104
3.5843954,1.5331957,-3.2964168,2.4610658,-1.1952277,-1.3763062,-1.425072,-1.9833019,0.9998837,-6.665684,-0.834267,0.45138186,-4.3166265,-0.43028924,-0.40281978,2.7408183,104
0.3682018,1.2244108,-1.4195766,1.0116112,-0.26920056,-0.8380561,-1.2805214,0.51626587,0.023599893,-2.2579937,-0.21951978,-0.88196534,-1.1702156,0.05099474,0.36918116,1.6091043,84
2.9611979,1.5810442,-2.3573253,2.2586422,-1.5026431,-0.84251094,-1.0179842,-1.6527706,1.3404831,-5.741416,-0.70651037,0.1261289,-3.622297,-0.6322003,-0.353688,2.4770947,13
3.9438796,1.2673111,-3.382301,2.529594,-1.1217752,-1.3706871,-1.3282235,-1.8015171,0.7519745,-6.8700747,-1.0840063,0.6620372,-4.784632,-0.015353136,-0.44738886,2.8347435,104
0.38052773,0.89039797,-1.3807023,0.8580017,-0.14923602,-1.0125346,-1.2545595,0.8358751,-0.19778694,-1.9945438,-0.4255122,-0.81191266,-1.4791466,0.19703364,0.9199086,1.6829096,84
1.4898182,2.1379209,-2.4158769,2.794785,-1.4597669,-0.12725365,-1.8313017,-1.8695787,0.83140486,-5.4765277,0.32487154,-0.095455535,-1.3666322,-0.73162925,-0.8332245,1.8060478,13
4.4535213,-0.23387502,-1.3581723,0.6522862,0.3156003,-1.5190734,0.4175098,0.12819943,1.3762323,-3.7519867,-2.030559,0.9134021,-5.684545,0.5645636,0.6034836,3.1569955,104
0.24137373,0.98051953,-1.4500829,0.78977835,-0.22885737,-1.0074536,-1.3820746,0.65542114,-0.17995594,-2.0679064,-0.3825334,-0.83470684,-1.3415161,0.12179172,0.7225112,1.585753,84
0.34032333,0.9460251,-1.394429,0.8054267,-0.19118655,-1.0324174,-1.3282554,0.53803533,-0.1546923,-2.0281959,-0.35899135,-0.8164033,-1.3777376,0.13422088,0.69472003,1.5849952,84
2.4746146,1.9518529,-2.7921736,2.5645018,-1.672639,-0.5763279,-1.3753872,-1.7991587,1.1638026,-6.0784,-0.18536238,-0.030799806,-2.8735168,-0.7270546,-0.5246705,2.3265555,13
0.35941368,1.1837668,-1.4011046,0.87374735,-0.2590577,-0.95389986,-1.4141679,0.65638983,-0.023807332,-2.2278652,-0.27871978,-0.8674298,-1.3533164,0.1519412,0.6342679,1.5992856,84
3.4453049,1.7131829,-3.4733741,2.206954,-1.18314,-1.381058,-1.5646758,-2.0838938,1.0811923,-6.721339,-0.8165328,0.260248,-4.0852566,-0.32678908,-0.7320184,2.6729145,104
1.4917517,2.0669818,-2.6196086,2.7953749,-1.5280983,-0.31509122,-1.8906033,-2.0141196,0.8916123,-5.673007,0.2461589,-0.070512876,-1.5092574,-0.65928316,-0.8860595,1.8449757,13
0.1447411,1.0980072,-1.3353771,0.60609096,-0.34784734,-0.9080868,-1.4824102,0.6004076,-0.12054692,-2.0389862,-0.3516625,-0.8250207,-1.2873155,0.15360802,0.6318681,1.4742479,84
0.1439731,1.1033967,-1.3339536,0.6270356,-0.31926364,-0.86586195,-1.4134557,0.70059574,-0.14966996,-1.9473099,-0.3383282,-0.83235216,-1.2224327,0.1733804,0.6704749,1.4915015,84
3.8231683,0.7494542,-3.111644,1.7710153,-0.71491385,-1.3295672,-1.1260331,-1.6178197,0.3328064,-5.4800096,-1.3827195,0.6586853,-4.506691,0.16916102,-0.72123766,2.5937352,104
3.64105,1.6595861,-3.5238807,2.1544847,-1.2172234,-1.5277581,-1.5200944,-2.1156292,1.1446674,-6.893261,-0.95288795,0.36160725,-4.4515595,-0.34813368,-0.6493433,2.7817967,104
0.08096026,1.0945708,-1.2153366,0.7123319,-0.3238765,-0.76504195,-1.2682452,0.31105244,-0.05123608,-1.72981,-0.2768414,-0.84261024,-0.87471175,0.06250857,0.13713798,1.4809629,84
2.8115292,1.5661758,-2.477894,2.0782146,-1.4475151,-0.7490738,-0.97768325,-1.6308187,1.2231679,-5.620067,-0.48606366,0.053348884,-3.4205832,-0.5623482,-0.3812252,2.3451235,13
3.8012247,1.1908302,-3.3530223,2.028253,-1.0821632,-1.3876631,-1.2401288,-1.815303,0.70330864,-6.228512,-1.2340181,0.46108896,-4.5155497,0.100903496,-0.7338572,2.72377,104
0.2172362,0.8901787,-1.4012754,0.6003599,-0.22249478,-0.9235801,-1.3448179,0.6543531,-0.31572682,-1.8024397,-0.40650663,-0.7526148,-1.3264667,0.24219003,0.7460191,1.5209571,84
1.6165608,2.0835078,-2.5342925,2.6083183,-1.4253227,-0.2815149,-1.9514575,-1.932678,0.8293487,-5.515584,0.17465928,-0.026602477,-1.5847353,-0.6866704,-0.99837244,1.7970755,13
4.3558087,0.086930834,-1.7512894,0.84584904,0.12282267,-1.5434746,-0.07028773,-0.28474504,1.2138528,-4.271503,-1.9446523,0.9032364,-5.4482274,0.4444067,0.2208099,3.0505524,104
0.10554318,1.0224816,-1.4532449,0.49570352,-0.30297327,-0.901058,-1.465487,0.56712866,-0.27002323,-1.8468211,-0.3659715,-0.83432937,-1.1968129,0.14200981,0.6321611,1.4474611,84
0.2002175,0.9996305,-1.37219,0.52947205,-0.2824366,-0.8970376,-1.3758235,0.44791198,-0.19199808,-1.8313575,-0.35839126,-0.81725967,-1.2091552,0.1334637,0.5747707,1.4678121,84
2.6109977,2.1181862,-3.1205542,2.4394274,-1.699877,-0.84526426,-1.6085875,-2.0138307,1.2516207,-6.499522,-0.23093931,-0.081123196,-3.0744772,-0.6544994,-0.7514217,2.3824277,13
0.19534542,1.122519,-1.3345841,0.6328471,-0.32157153,-0.9071241,-1.4722908,0.5724325,-0.12161507,-1.9735179,-0.33058333,-0.840709,-1.2451551,0.15718393,0.6191728,1.4947006,84
3.4009733,1.586898,-3.4095418,2.0232382,-1.1917996,-1.3755624,-1.5036848,-2.0162625,1.0850381,-6.3513503,-0.95965046,0.1670148,-4.009465,-0.33742613,-0.83185124,2.6736205,104
1.5173153,2.098225,-2.6968956,2.5193863,-1.5105112,-0.3613393,-1.8731236,-2.0326629,0.933254,-5.3963547,0.14717573,-0.2539471,-1.4124144,-0.6346361,-1.073533,1.8712602,13
0.0730222,1.1560186,-1.3608502,0.37439066,-0.38706136,-0.82503414,-1.4986346,0.5493435,-0.17321579,-1.8220773,-0.3388571,-0.8896872,-1.1316695,0.14385389,0.5674869,1.398831,84
0.08221476,1.1795808,-1.3886852,0.3757298,-0.36272368,-0.8127801,-1.5033917,0.5744098,-0.21401139,-1.7488827,-0.29399168,-0.90101767,-1.0811086,0.19571891,0.5703525,1.3829792,84
3.687685,0.7786782,-3.161801,1.3106501,-0.70050263,-1.4155291,-1.0926912,-1.6427859,0.4868778,-5.2318497,-1.4663079,0.43534166,-4.3464856,0.20237839,-0.93462414,2.512522,104
3.611714,1.6198452,-3.475456,1.9718093,-1.2407194,-1.5029777,-1.4374101,-2.0126815,1.2738124,-6.843138,-1.0194995,0.2859602,-4.4915833,-0.32273024,-0.6951369,2.7829342,104
-0.06316734,1.202881,-1.1732066,0.52558094,-0.37603492,-0.6603561,-1.258146,0.20798165,-0.030941322,-1.5391369,-0.21079564,-0.91526866,-0.65391475,0.08212042,-0.00456059,1.4131132,84
2.946718,1.5880182,-2.826323,1.8321458,-1.479905,-1.172342,-0.87077045,-1.666255,1.5043117,-5.856779,-0.6875206,-0.10550707,-3.7542202,-0.52872187,-0.36640143,2.6507106,13
3.4945657,1.1921192,-3.211931,1.6599821,-1.052675,-1.3492547,-1.1350673,-1.7843343,0.8309824,-5.6813827,-1.1910083,0.2121066,-4.038568,0.074839786,-0.8495105,2.5405512,104
0.086116716,1.0770545,-1.416035,0.49787384,-0.30677617,-0.8500312,-1.4402003,0.4006912,-0.28873128,-1.7499425,-0.3007768,-0.83267444,-1.0822183,0.22508034,0.5330933,1.4522486,84
1.6896322,2.0770283,-2.6266704,2.3961244,-1.4643793,-0.39434552,-1.9278541,-2.01577,0.89869386,-5.4209046,0.028309315,-0.13107087,-1.6636975,-0.6631287,-1.130147,1.8598537,13
4.139429,0.06098082,-1.6677072,0.7958635,0.03770919,-1.4841201,-0.20070529,-0.42098528,1.1252213,-4.159589,-1.9906752,0.8989717,-5.251351,0.39707118,0.03941375,2.9533372,104
-0.002697453,1.1797192,-1.4372294,0.42796546,-0.37237513,-0.8151927,-1.5672183,0.41381437,-0.24881412,-1.8094252,-0.31022945,-0.8955396,-1.025103,0.14260659,0.45821893,1.430933,84
0.10699336,1.1545289,-1.3661802,0.48163086,-0.33210966,-0.8126981,-1.470515,0.35091084,-0.18559735,-1.8257868,-0.29750526,-0.86113185,-1.0692658,0.14034578,0.43421614,1.4599501,84
2.713949,2.014521,-3.1445901,2.3235726,-1.57774,-0.94292045,-1.5803344,-1.9509578,1.2542949,-6.3965626,-0.3524312,-0.10790625,-3.1237588,-0.535231,-0.8237058,2.3864195,13
0.11357726,1.1951375,-1.3466183,0.3681159,-0.36898467,-0.8105642,-1.5134864,0.5119091,-0.19062503,-1.7373065,-0.2999316,-0.9155765,-1.0809534,0.15873128,0.53882223,1.3994942,84
3.149754,1.5048742,-3.2243361,1.8689841,-1.2648624,-1.2316649,-1.4277198,-1.9478793,1.1953876,-6.028768,-0.9551691,0.08892955,-3.7509716,-0.46010816,-0.814704,2.5685277,104
1.5861423,2.1349034,-2.6811376,2.2485552,-1.5417677,-0.41600668,-1.8529203,-2.0220175,1.037554,-5.1881514,0.032272846,-0.3933367,-1.4216607,-0.6055482,-1.2326801,1.8894769,13
0.013054684,1.3549075,-1.4286909,0.3108549,-0.4417241,-0.81591684,-1.6219959,0.3560027,-0.08575906,-1.8599608,-0.32604587,-0.9757741,-0.98439705,0.12484349,0.32722986,1.4052873,84
0.023514554,1.3231746,-1.4131986,0.30734026,-0.4197656,-0.7749102,-1.5863023,0.3596927,-0.13353603,-1.7557064,-0.26556358,-0.9711939,-0.92232996,0.18037105,0.343615,1.3616533,84
3.5258229,0.78467697,-3.2127264,1.3806446,-0.6961076,-1.4196056,-1.1659354,-1.6546264,0.5349073,-5.4568634,-1.3596222,0.44696814,-4.2313013,0.17820054,-0.9263856,2.3791988,104
3.4388828,1.3299079,-3.2396514,1.7607983,-1.1889423,-1.3712479,-1.2479177,-1.814438,1.2696221,-6.247837,-1.0858917,0.19516943,-4.3211956,-0.38170773,-0.66417617,2.7088861,104
-0.041872576,1.2534052,-1.1424975,0.41413015,-0.39101017,-0.623712,-1.2348621,0.06960667,0.030422047,-1.4242656,-0.18309319,-0.9690372,-0.5518955,0.12794554,-0.18491504,1.3616047,81
3.1966043,1.8047671,-3.128868,1.5166578,-1.508066,-1.3719527,-0.8825741,-1.731638,1.7520567,-6.1124125,-0.8177602,-0.28314304,-4.00774,-0.426792,-0.56015587,2.8039207,13
3.3163342,1.1062781,-3.236868,1.694666,-0.9929453,-1.3578469,-1.1727533,-1.8119718,0.757288,-5.686552,-1.0909313,0.23101722,-3.8595433,0.08966929,-0.8612181,2.3663635,104
0.0113696605,1.1388099,-1.354832,0.33837724,-0.36137125,-0.84149855,-1.5226893,0.21357292,-0.23982663,-1.5942266,-0.2771108,-0.8946709,-0.936699,0.22193313,0.37002122,1.3582752,84
1.6925238,1.9434925,-2.5112777,2.1361728,-1.4187293,-0.5081847,-1.8080211,-1.9695103,1.0038185,-5.1718254,-0.08512612,-0.20035727,-1.7424127,-0.6081288,-1.1427615,1.8724426,13
4.0262094,0.192572,-1.6926762,0.8447342,-0.13587338,-1.481912,-0.22697128,-0.48628944,1.081827,-3.9482217,-1.9824193,0.60741526,-4.921059,0.33480754,-0.15905431,2.9636724,104
-0.04216166,1.2641312,-1.4072533,0.26898724,-0.4356967,-0.7788572,-1.6477342,0.23523113,-0.19711162,-1.6719496,-0.28937346,-0.9556201,-0.90158355,0.1412393,0.28961125,1.3483939,84
0.069744095,1.2336156,-1.3237201,0.35132605,-0.40047207,-0.7790718,-1.538523,0.1734685,-0.11241631,-1.7027571,-0.2748936,-0.917638,-0.9560442,0.13692267,0.28563687,1.3922677,84
2.6832333,1.852967,-3.036722,1.9541966,-1.5050333,-0.98927635,-1.439621,-1.8930011,1.380465,-5.96705,-0.5156194,-0.19060265,-3.0856996,-0.4839494,-0.8757153,2.343759,13
0.048378825,1.3790781,-1.3976016,0.30531013,-0.43573317,-0.77999073,-1.6200097,0.30361915,-0.09429319,-1.7762861,-0.2784109,-0.990952,-0.9317555,0.14018503,0.2965328,1.403333,84
2.980063,1.5365179,-3.1531239,1.9477826,-1.3358107,-1.1689689,-1.4693966,-1.9448535,1.2568148,-6.0381794,-0.9199877,0.035223752,-3.5475097,-0.58609426,-0.8011207,2.5317292,13
1.6696403,2.116582,-2.642457,2.0712142,-1.5287112,-0.47266528,-1.8211367,-1.9650655,1.1401479,-5.0796156,-0.061773956,-0.43289566,-1.5122765,-0.59735495,-1.2931008,1.8780651,13
-0.038853273,1.4435874,-1.3909193,0.19598597,-0.5018574,-0.7277166,-1.6956067,0.2533482,-0.04453723,-1.7488558,-0.31092584,-1.0334976,-0.86133164,0.09240408,0.17465845,1.366878,81
0.0032708794,1.3906115,-1.385875,0.21053469,-0.44690067,-0.73512346,-1.6695867,0.29772604,-0.10941963,-1.6719682,-0.27716106,-1.0171782,-0.84892374,0.14967385,0.21581301,1.3346725,84
3.427733,0.69966036,-3.3016734,1.5772105,-0.67256856,-1.4730891,-1.2213378,-1.6701834,0.5202757,-5.822325,-1.303496,0.54612345,-4.2925014,0.18807569,-0.8600716,2.3388395,104
3.236406,1.3478484,-3.184596,1.6590983,-1.2468262,-1.2994887,-1.2021947,-1.7420366,1.4313179,-6.1330023,-1.0175883,0.076536015,-4.08405,-0.49516198,-0.651854,2.5908551,104
-0.03334382,1.2900094,-1.1109987,0.35828543,-0.39453688,-0.600968,-1.2587807,0.01849971,0.086416125,-1.3638566,-0.21733145,-0.9940542,-0.5166778,0.10934806,-0.29844278,1.3765047,81
3.2514746,1.8161976,-3.2406473,1.3964896,-1.5188363,-1.4087397,-0.7870353,-1.7136632,1.8811743,-6.1259794,-0.8260443,-0.43053794,-4.0092006,-0.39599362,-0.5918398,2.8170102,19
3.1813152,1.0204906,-3.2494593,1.8036305,-0.9421799,-1.4211303,-1.2271979,-1.8571402,0.72551316,-5.8362775,-1.0461116,0.28631288,-3.8285964,0.10062371,-0.83746105,2.304502,104
-0.055920213,1.1884606,-1.3351574,0.27416062,-0.38585585,-0.8438203,-1.595243,0.17574367,-0.19683088,-1.5468445,-0.2802839,-0.9529213,-0.8497388,0.17522326,0.28966406,1.3201127,84
1.6392568,1.794992,-2.3585749,2.0060916,-1.3542387,-0.622835,-1.7176285,-1.8866835,1.1047688,-4.8847833,-0.18427247,-0.2519278,-1.7306666,-0.5815216,-1.1155118,1.8782315,13
3.953847,0.42959246,-1.9031179,0.8555776,-0.2434499,-1.4531795,-0.26361665,-0.5703924,1.1184863,-3.9276774,-1.8478746,0.29450387,-4.5183115,0.30540112,-0.33549345,2.8707209,104
-0.10657326,1.3128166,-1.3853077,0.18604171,-0.46034467,-0.75105506,-1.6837461,0.18608001,-0.15755449,-1.5868886,-0.27760455,-1.0139455,-0.79354244,0.0942833,0.19818538,1.3073009,81
0.0059360266,1.2996447,-1.3074479,0.26654845,-0.43366402,-0.7628054,-1.581605,0.11162527,-0.047625616,-1.6267025,-0.25859824,-0.99003094,-0.84255564,0.0827952,0.20382026,1.354798,84
2.5220518,1.6241175,-2.762194,1.5749215,-1.3804607,-1.0374434,-1.261807,-1.7538576,1.5039902,-5.3817196,-0.65325314,-0.28164014,-2.9530096,-0.4944378,-0.87081856,2.2754934,13
0.0054459423,1.4306375,-1.363346,0.21582103,-0.47046998,-0.7021419,-1.6750877,0.23130503,-0.06864627,-1.6684247,-0.2618537,-1.0260769,-0.83285457,0.107957184,0.17907736,1.3661314,81
2.9359546,1.5080154,-3.152991,2.1933784,-1.3455591,-1.1973305,-1.5040803,-1.9751792,1.1798048,-6.21945,-0.87885785,0.08904834,-3.528803,-0.61576337,-0.7400653,2.5413744,13
1.6817758,2.0608501,-2.5889983,1.9754277,-1.4902495,-0.5381252,-1.749814,-1.9170356,1.2359868,-4.988844,-0.1285205,-0.4515143,-1.5565095,-0.6398671,-1.2514203,1.8939949,13
-0.08419968,1.4661703,-1.3525681,0.13175023,-0.51644444,-0.68637174,-1.7115893,0.21989167,-0.023437366,-1.6583533,-0.28729674,-1.076047,-0.7787385,0.056477293,0.11745393,1.3260924,81
-0.05864127,1.39901,-1.3391495,0.16970545,-0.46579817,-0.72518617,-1.681891,0.2532058,-0.06669892,-1.6184549,-0.2898097,-1.0575618,-0.77780354,0.09730159,0.14721411,1.3158468,81
3.3831913,0.69616795,-3.36441,1.6814569,-0.66443264,-1.5399377,-1.2448189,-1.6925433,0.57353634,-6.041886,-1.2121423,0.5500741,-4.328089,0.20145175,-0.8234749,2.3041291,104
3.0889785,1.3703234,-3.1550703,1.8506714,-1.3123033,-1.2680503,-1.2438705,-1.7725134,1.4148334,-6.2559657,-0.93539816,0.06808485,-3.9296577,-0.5806676,-0.608635,2.5621135,104
-0.021128014,1.3335598,-1.1068093,0.3482874,-0.40321696,-0.62054324,-1.2789989,0.014121525,0.14803025,-1.4015691,-0.23817858,-1.0544688,-0.512412,0.06013687,-0.3218984,1.388767,81
3.1114318,1.5271971,-3.0142424,1.2558062,-1.4236736,-1.3522851,-0.6640818,-1.6248564,1.8802946,-5.528554,-0.9605346,-0.47411144,-3.7789063,-0.392926,-0.6334778,2.7116146,13
3.1148572,1.052069,-3.237441,1.8149973,-0.9226861,-1.4508673,-1.2312839,-1.8598489,0.786437,-5.853659,-0.94767547,0.22626819,-3.7659216,0.08080596,-0.83655065,2.2517383,104
-0.08261321,1.2198278,-1.2389452,0.23513865,-0.4316053,-0.8262092,-1.6071572,0.12841015,-0.1067705,-1.5242895,-0.3029816,-1.0111306,-0.82365763,0.13159117,0.23064423,1.3238711,84
1.675527,1.7617433,-2.3166454,2.2417383,-1.3416934,-0.69289154,-1.6857738,-1.8201106,1.1361202,-4.9970546,-0.19686219,-0.2597658,-1.7820872,-0.61504614,-1.0195441,1.967847,13
3.911882,0.5824562,-2.1898143,1.015365,-0.26770192,-1.5053427,-0.3272193,-0.60141957,1.2187728,-4.3401823,-1.7235096,0.19247784,-4.3975577,0.26241034,-0.35630023,2.8032231,104
-0.16255248,1.3077013,-1.2822455,0.16000569,-0.48762542,-0.74579215,-1.6676247,0.117501706,-0.098639205,-1.5109391,-0.28964987,-1.0674605,-0.72551006,0.042134702,0.13278094,1.2983766,81
-0.02798985,1.3014055,-1.2369788,0.24782717,-0.44774735,-0.7758769,-1.5756485,0.053545624,0.00033517182,-1.5749424,-0.26052198,-1.0444752,-0.78987664,0.036634028,0.14315027,1.342082,81
2.3391836,1.4541373,-2.5617754,1.5703729,-1.3589627,-1.0252025,-1.1700494,-1.6721729,1.5236623,-5.045954,-0.67472357,-0.32782534,-2.7654555,-0.55356896,-0.79285765,2.2538493,13
-0.032696918,1.44043,-1.3335111,0.18333447,-0.4701996,-0.6918648,-1.6722646,0.21385509,-0.029966012,-1.6145821,-0.25417292,-1.0610197,-0.77141654,0.06873922,0.13933238,1.3429089,81
3.008775,1.5465623,-3.2351103,2.3615208,-1.3452916,-1.2734158,-1.4986107,-1.9911966,1.2223343,-6.4557023,-0.8174818,0.11614321,-3.6269746,-0.62789816,-0.67288435,2.550535,13
1.6881123,1.9691329,-2.5435941,2.137506,-1.4448028,-0.6144426,-1.6941004,-1.875816,1.2322481,-5.016366,-0.14181802,-0.43599808,-1.6179582,-0.6726858,-1.1516137,1.9638659,13
-0.11523428,1.4386905,-1.2898734,0.14671701,-0.5153654,-0.70193374,-1.6713214,0.15510172,0.023822129,-1.6106458,-0.28744856,-1.1013119,-0.728525,0.003794998,0.061311513,1.3209611,81
-0.09632314,1.3811387,-1.2611856,0.17278105,-0.48675084,-0.7325332,-1.665987,0.18867084,-0.011974752,-1.5808363,-0.29643205,-1.090146,-0.7407354,0.042745292,0.10119961,1.3121095,81
3.3698719,0.7498299,-3.4114797,1.6714545,-0.6424423,-1.603458,-1.243449,-1.7103597,0.66802526,-6.067312,-1.1032598,0.48080093,-4.2826767,0.17739624,-0.81968665,2.2385013,104
3.0396109,1.3826625,-3.21398,2.0802937,-1.3310348,-1.2923265,-1.2539055,-1.8286378,1.364855,-6.444517,-0.8118173,0.12544845,-3.8880289,-0.5870197,-0.5252092,2.5200253,104
-0.01792474,1.3132132,-1.0553879,0.39201647,-0.40205866,-0.66152054,-1.3033462,-0.01853256,0.18490244,-1.4688145,-0.256938,-1.0557734,-0.5533604,0.02083695,-0.33752948,1.3971031,81
2.766624,1.2340606,-2.6959994,1.2607821,-1.3176749,-1.2446512,-0.57125473,-1.5259356,1.7941825,-4.920766,-0.95708424,-0.46860808,-3.3593361,-0.4664185,-0.5425238,2.5583777,13
3.0891507,1.1001143,-3.2651796,1.7176234,-0.8502145,-1.5343761,-1.2426436,-1.8681433,0.88281196,-5.7697797,-0.8551685,0.14438911,-3.6943069,0.046921015,-0.87841696,2.1670132,104
-0.07165566,1.2067742,-1.1750665,0.25403154,-0.42478624,-0.8613658,-1.6289515,0.11012454,-0.054534003,-1.5278451,-0.3198373,-1.0336412,-0.8443559,0.0782467,0.20451707,1.3451618,84
1.7729658,1.7272304,-2.3385613,2.4834356,-1.3128414,-0.78126425,-1.6404467,-1.7425,1.1638511,-5.236351,-0.20753905,-0.23600179,-1.941291,-0.6327936,-0.90777546,2.0622356,13
3.8647423,0.76416314,-2.434444,1.1786879,-0.25129715,-1.59358,-0.39940596,-0.58585787,1.3210548,-4.7211847,-1.5569911,0.077166304,-4.3566504,0.16572309,-0.38674492,2.7726262,104
-0.16481955,1.2736795,-1.21064,0.1866098,-0.47380763,-0.75969654,-1.6737077,0.11685766,-0.09504546,-1.4853086,-0.28776127,-1.0677489,-0.73622376,0.0010621101,0.12704703,1.2963643,81
-0.029976577,1.2662879,-1.1570814,0.28173292,-0.43604296,-0.7949637,-1.5763252,0.0422818,0.006089717,-1.5358368,-0.26943916,-1.0577252,-0.7855146,-0.013338126,0.11492546,1.3484919,81
2.3496385,1.3672383,-2.5184014,1.8316604,-1.3626368,-1.0492743,-1.1416005,-1.6280853,1.468604,-5.1238375,-0.62869406,-0.2740537,-2.8026183,-0.59201026,-0.6730908,2.2771146,13
-0.06572375,1.4053222,-1.2383649,0.21270853,-0.48278937,-0.70308036,-1.634695,0.15093113,0.007806286,-1.562516,-0.26661456,-1.0913452,-0.724277,0.0074978396,0.08700889,1.3480787,81
3.1140525,1.5642909,-3.331384,2.4566092,-1.2824943,-1.3142868,-1.5013769,-1.9502358,1.2361364,-6.5311236,-0.7296481,0.14613093,-3.6879747,-0.6426588,-0.6422303,2.5088508,13
1.7717837,1.9325137,-2.5738318,2.3966231,-1.3865901,-0.683013,-1.6494255,-1.8053879,1.2085161,-5.1859865,-0.12493344,-0.41058147,-1.7290196,-0.706363,-1.0558207,2.0475519,13
-0.118696794,1.3930409,-1.238944,0.21133882,-0.4785263,-0.72180396,-1.6365485,0.19422281,0.021423638,-1.595393,-0.30193058,-1.0990459,-0.7271812,-0.06403318,0.056552336,1.3350288,81
-0.078579515,1.3631749,-1.2169659,0.19853592,-0.45694333,-0.7492353,-1.6614633,0.23948586,0.004055962,-1.5892394,-0.3017738,-1.0916266,-0.7715063,0.002782844,0.11324966,1.3132551,81
3.3357458,0.743674,-3.3697917,1.5781397,-0.57357836,-1.6574789,-1.199116,-1.6762913,0.7724668,-5.9442873,-1.0459292,0.4367789,-4.223566,0.14391689,-0.8035353,2.1555903,104
3.1320372,1.4440975,-3.339891,2.1916661,-1.2954527,-1.3764911,-1.2752159,-1.9044473,1.3534588,-6.510223,-0.70359147,0.12527214,-3.8899124,-0.5780649,-0.5233088,2.4646802,104
0.0054231733,1.3015934,-1.0288593,0.4520961,-0.39315712,-0.69985926,-1.3447933,-0.007645428,0.19976465,-1.5554678,-0.27171817,-1.0433075,-0.6184869,-0.03213839,-0.30812544,1.4114766,81
2.6447978,1.3134692,-2.6966681,1.4547138,-1.3342806,-1.1734066,-0.6651784,-1.5946188,1.718721,-4.871846,-0.80634046,-0.49075282,-3.0499115,-0.5604676,-0.5136834,2.4787762,13
3.0536242,1.0804456,-3.225306,1.5737282,-0.7542058,-1.5689968,-1.2091227,-1.8287863,0.9365224,-5.5635543,-0.79610187,0.09474386,-3.6168137,0.011853032,-0.9060543,2.0674043,104
-0.041239187,1.1812083,-1.1400307,0.29847187,-0.3772067,-0.86688745,-1.620913,0.23318493,-0.06245731,-1.5432466,-0.30993143,-1.0290377,-0.8859834,0.045658484,0.25471416,1.3381591,84
1.8890642,1.704769,-2.3616796,2.6318936,-1.257005,-0.8252402,-1.5620117,-1.6041378,1.19545,-5.384295,-0.2111505,-0.22957516,-2.0676668,-0.6366101,-0.8250587,2.1134136,13
3.789647,0.8049432,-2.504723,1.1757704,-0.0979262,-1.7188624,-0.37941056,-0.5214102,1.3465807,-4.74857,-1.4602132,-0.0118777305,-4.324459,0.13907108,-0.43099073,2.71832,104
-0.114883386,1.2553903,-1.2049296,0.2464897,-0.4147496,-0.75042444,-1.6590071,0.24080774,-0.13832028,-1.4832689,-0.25984538,-1.0531083,-0.7693943,-0.03529602,0.1792059,1.2895021,81
0.029656127,1.2477303,-1.1503565,0.3529799,-0.37890908,-0.8035011,-1.5602512,0.16179204,-0.020896167,-1.542281,-0.26162368,-1.053879,-0.8273063,-0.056587957,0.1593478,1.3610728,84
2.4221847,1.2939346,-2.5363672,2.0890265,-1.3230399,-1.0601119,-1.0885849,-1.5547385,1.4180274,-5.2512197,-0.5570711,-0.18514834,-2.873221,-0.61457574,-0.5410776,2.2651162,13
-0.04627642,1.3766023,-1.1947156,0.26324528,-0.45644182,-0.73426574,-1.6205988,0.16277239,0.02149266,-1.5577408,-0.28376678,-1.0978471,-0.7418358,-0.05164079,0.06686865,1.36398,81
3.2136514,1.4910519,-3.3778574,2.5188727,-1.1810949,-1.3345891,-1.4861555,-1.882374,1.1784649,-6.466973,-0.6919217,0.20977105,-3.7442455,-0.6520331,-0.61366427,2.4547234,104
1.8746887,1.8827121,-2.5902572,2.5653896,-1.3115016,-0.75003123,-1.581193,-1.724765,1.2036011,-5.312163,-0.13800189,-0.3635987,-1.8627163,-0.71765417,-0.9651858,2.0962462,13
-0.07591422,1.3140622,-1.2000422,0.30626136,-0.39384675,-0.7287982,-1.6043272,0.35208267,-0.06003432,-1.5928683,-0.3038874,-1.0410035,-0.8008277,-0.08541796,0.13336456,1.3328794,81
-0.05251977,1.3093841,-1.1850593,0.2730688,-0.38805348,-0.75457156,-1.6225445,0.3917678,-0.046415344,-1.596806,-0.2973575,-1.0557562,-0.82778126,-0.027406681,0.19698244,1.3156111,84
3.3090248,0.7160092,-3.249887,1.5951753,-0.5327296,-1.6162976,-1.169854,-1.6139193,0.7666147,-5.7083516,-0.9759381,0.41780382,-4.094238,0.09412974,-0.78728116,2.0734317,104
3.233704,1.4017364,-3.4261923,2.2384467,-1.2004547,-1.4295738,-1.2822931,-1.9179506,1.271283,-6.4392943,-0.65432954,0.17005591,-3.9148884,-0.5642915,-0.5250077,2.400089,104
0.062736675,1.267673,-1.027167,0.50053596,-0.32396924,-0.71130407,-1.3171194,0.13167237,0.18557316,-1.5972381,-0.27850997,-1.013415,-0.6975011,-0.052946273,-0.23886958,1.4078038,81
2.7055385,1.3281457,-2.7954042,1.7334191,-1.3137197,-1.22685,-0.68810093,-1.6434548,1.681251,-5.1108317,-0.6979319,-0.38969594,-3.091763,-0.58299565,-0.39520893,2.4462023,13
3.0324278,1.001005,-3.141158,1.5996333,-0.68519354,-1.5277704,-1.2023423,-1.7688394,0.84995234,-5.3894215,-0.7335392,0.14429994,-3.5588639,-0.006580472,-0.90390456,1.9761674,104
-0.008700654,1.1247796,-1.0889679,0.39710414,-0.31672817,-0.85027933,-1.5591595,0.39588237,-0.10435699,-1.5464432,-0.29889828,-0.9976408,-0.9313206,0.010989666,0.34623513,1.3525678,84
1.9760042,1.6762289,-2.3740413,2.7567697,-1.2033315,-0.82889736,-1.4765298,-1.4692671,1.2134154,-5.468422,-0.22339621,-0.21373689,-2.1379483,-0.6579111,-0.746539,2.150948,13
3.5943086,0.7659177,-2.379163,0.8884231,0.045436457,-1.8129406,-0.25322294,-0.5361969,1.4181068,-4.3224277,-1.395668,-0.15286797,-4.1145887,0.16861096,-0.495435,2.5648441,104
-0.060240604,1.1845485,-1.1741791,0.37310433,-0.32451105,-0.76068836,-1.6217265,0.4027934,-0.22237663,-1.4876916,-0.258886,-0.9908887,-0.8353328,-0.059666194,0.2618423,1.3000485,84
0.11835481,1.1716983,-1.1379553,0.4981678,-0.27193305,-0.82328016,-1.512506,0.3710227,-0.101717636,-1.555638,-0.27126503,-1.000649,-0.9212905,-0.07876371,0.262664,1.3964885,84
2.5108697,1.2540147,-2.5528007,2.2470407,-1.2751186,-1.0662228,-1.0834397,-1.5368848,1.3876902,-5.3321996,-0.5422761,-0.10435489,-2.9340057,-0.6154946,-0.50118345,2.239057,13
0.018847615,1.3114446,-1.1697898,0.34402573,-0.3706727,-0.7421814,-1.5852375,0.32382077,-0.04807745,-1.5588701,-0.2811714,-1.0489757,-0.8263903,-0.06086731,0.1460034,1.3627627,84
3.3140557,1.3903221,-3.3495264,2.5713892,-1.1498164,-1.3638772,-1.4551716,-1.8045181,1.1914859,-6.512972,-0.76367843,0.2898733,-3.9028904,-0.612167,-0.5739568,2.4475064,104
2.0048962,1.7759331,-2.5804784,2.727438,-1.2312697,-0.78803605,-1.5272324,-1.6503695,1.1045177,-5.335137,-0.14175338,-0.2767363,-1.9865674,-0.7026172,-0.873101,2.0888364,13
-0.025633812,1.1873981,-1.1235397,0.46758258,-0.2965751,-0.7788928,-1.581567,0.4883992,-0.17141448,-1.5783712,-0.3481282,-0.94038844,-0.90244406,-0.08696178,0.22051486,1.3505459,84
0.004000649,1.1969682,-1.1392353,0.44641876,-0.2840721,-0.796046,-1.5773907,0.55476755,-0.15190487,-1.5958831,-0.32291573,-0.97554845,-0.9149669,-0.048494708,0.28769156,1.3459371,84
3.3382528,0.6945819,-3.166254,1.7141751,-0.5375546,-1.5780764,-1.1725262,-1.5869598,0.7072605,-5.5881524,-0.9143508,0.4656741,-4.0533943,0.058561802,-0.75392467,2.0167873,104
3.284701,1.2438362,-3.4011078,2.2708855,-1.107058,-1.4521555,-1.2318871,-1.8631388,1.1737716,-6.308366,-0.6600996,0.25443536,-3.9790585,-0.5270422,-0.47085816,2.3427186,104
0.14925866,1.138583,-0.9334777,0.6056462,-0.23420098,-0.6833086,-1.2511344,0.26999095,0.06273419,-1.5056486,-0.26694915,-0.9197945,-0.79070824,-0.038737,-0.16828707,1.3864878,84
2.86539,1.2574571,-2.909192,1.871926,-1.2139015,-1.4025528,-0.65770686,-1.6597867,1.6899214,-5.299929,-0.6788865,-0.29766744,-3.3098447,-0.5325124,-0.30561066,2.4389133,13
3.0475063,1.0012197,-3.093498,1.6743394,-0.71340823,-1.5174048,-1.2139835,-1.7791394,0.84753364,-5.3765855,-0.71528083,0.18562807,-3.5649464,-0.04921077,-0.8861427,1.9392236,104
0.10124852,1.0504524,-1.090232,0.56028354,-0.20164764,-0.91464865,-1.5064404,0.5780699,-0.14913137,-1.6000633,-0.31972295,-0.9426437,-1.0453501,0.0024801642,0.42973024,1.3918604,84
2.0742233,1.6113073,-2.379403,2.8662066,-1.1360517,-0.83295685,-1.4126134,-1.3592787,1.1755396,-5.4773154,-0.23962048,-0.17554837,-2.1957612,-0.66584486,-0.6722839,2.1649253,13
3.3817253,0.6182006,-2.1023512,0.5717269,0.2108688,-1.8023031,-0.08690678,-0.45519328,1.3587291,-3.5724788,-1.315448,-0.28118205,-3.7943728,0.24007362,-0.5372931,2.333413,104
0.009674132,1.0675421,-1.1151476,0.54816663,-0.24391225,-0.8214138,-1.5735757,0.5319296,-0.30343795,-1.4977517,-0.2858915,-0.9146976,-0.93372434,-0.0630147,0.3694958,1.3188399,84
0.2136728,1.0389282,-1.0878603,0.6890297,-0.17589717,-0.896096,-1.4554338,0.5392464,-0.18472974,-1.57789,-0.318308,-0.919523,-1.0559164,-0.07525606,0.37675142,1.4347215,84
2.584389,1.1721481,-2.4588995,2.4332576,-1.2797325,-1.0426136,-1.0895634,-1.5064132,1.2880683,-5.320525,-0.59215343,-0.026903301,-2.9934363,-0.588939,-0.47360057,2.252581,13
0.089934364,1.1827028,-1.1120294,0.51861584,-0.26855296,-0.7991117,-1.5407093,0.47780007,-0.15619107,-1.5503938,-0.3194688,-0.96185905,-0.93709314,-0.07049433,0.24854901,1.3904107,84
3.454875,1.4050117,-3.3643959,2.654602,-1.1916327,-1.4347456,-1.4971292,-1.7542781,1.283963,-6.75378,-0.90087044,0.33918852,-4.1168556,-0.5755099,-0.57405126,2.5173023,104
2.0938308,1.6754739,-2.4929757,2.9122415,-1.2065684,-0.79643506,-1.5019689,-1.5852807,1.027941,-5.3601418,-0.19749624,-0.19252875,-2.0869424,-0.6905618,-0.7826284,2.1147869,13
0.031214878,1.1028938,-1.0434642,0.6158922,-0.26366103,-0.8629141,-1.5189173,0.5825536,-0.18162443,-1.6354513,-0.40600744,-0.8970161,-1.0176803,-0.08543479,0.33682823,1.3940994,84
0.076682076,1.095571,-1.0748652,0.632422,-0.22052146,-0.88111997,-1.5024812,0.6745222,-0.17128448,-1.6630124,-0.38356125,-0.9154783,-1.0384012,-0.05505629,0.40889984,1.4041542,84
3.3650072,0.72677577,-3.0385756,1.8319107,-0.64950883,-1.5054096,-1.1408285,-1.5483562,0.7458669,-5.605983,-0.9165586,0.4895422,-4.083036,0.008982532,-0.6853338,2.0311353,104
3.3461406,1.165695,-3.3632736,2.2812228,-1.0968425,-1.4639118,-1.1932311,-1.8100657,1.1718973,-6.26475,-0.7295133,0.3024611,-4.079977,-0.50124526,-0.4325755,2.3433478,104
0.24693342,1.0274893,-0.74983597,0.7214289,-0.1767002,-0.6368238,-1.2117691,0.25184292,-0.07623045,-1.3923604,-0.20328064,-0.7935983,-0.8429973,-0.047772802,-0.09846424,1.3019325,84
2.9681878,1.1366967,-2.89426,1.9946645,-1.1712607,-1.4747615,-0.6290637,-1.6227286,1.7058312,-5.411484,-0.7483492,-0.19372272,-3.5158825,-0.49240446,-0.22306985,2.484589,13
3.0898335,1.0291656,-3.045368,1.7203904,-0.79818547,-1.4958816,-1.182337,-1.7539995,0.89590275,-5.462442,-0.7505502,0.20830463,-3.648077,-0.080106676,-0.8533422,1.9546063,104
0.21909346,0.96027964,-1.0655404,0.7641101,-0.10705742,-1.0248575,-1.4172239,0.7693644,-0.1391675,-1.7233639,-0.39613488,-0.8928226,-1.2112645,-0.012101792,0.5764202,1.4800764,84
2.2069604,1.5389241,-2.346855,2.9587426,-1.1165307,-0.89733434,-1.3662581,-1.3044263,1.1540293,-5.477251,-0.319601,-0.14550596,-2.3243892,-0.641831,-0.6128967,2.2076032,13
3.2159684,0.43652743,-1.851065,0.24005061,0.36656794,-1.8175187,0.065751255,-0.36151803,1.2808503,-2.8944128,-1.3114172,-0.37473637,-3.5617414,0.29175252,-0.52913076,2.1494381,104
0.09577294,1.013068,-1.0854063,0.7359376,-0.19738962,-0.9289291,-1.495003,0.6694881,-0.25120443,-1.6491971,-0.36069542,-0.8870504,-1.0730618,-0.0749732,0.5092194,1.4080206,84
0.3080125,0.9636952,-1.0719658,0.87444615,-0.10750286,-1.0165346,-1.352694,0.7113902,-0.12754361,-1.7315154,-0.4106446,-0.88597804,-1.2177296,-0.084006645,0.52921474,1.5346841,84
2.7123246,1.1606439,-2.3883255,2.5394907,-1.3432281,-1.118291,-1.0862854,-1.4634289,1.3520272,-5.450696,-0.736308,-0.007016763,-3.1816747,-0.5720898,-0.44335458,2.3581803,13
0.15874054,1.0934935,-1.0626339,0.6777053,-0.20805809,-0.9142933,-1.4594944,0.6081255,-0.13420583,-1.647092,-0.4033141,-0.91888124,-1.0770407,-0.07236362,0.3780263,1.4569875,84
3.9059935,0.96831137,-3.1854172,2.9478755,-1.0560997,-1.6081253,-1.5586076,-1.7260939,1.0884527,-7.1913958,-1.1137924,0.837705,-5.05017,-0.42562783,-0.3472119,2.64783,104
2.4028225,1.503848,-2.4161878,3.1232386,-1.236516,-0.83670634,-1.5005484,-1.6151117,0.9035891,-5.521036,-0.2791529,-0.0022592843,-2.5004978,-0.6582624,-0.64613926,2.1759183,13
0.1087852,1.042302,-1.0155864,0.807111,-0.23103955,-0.97887254,-1.4228618,0.72465986,-0.11837529,-1.785825,-0.4751004,-0.88960063,-1.1629366,-0.09853552,0.4913932,1.504412,84
0.18689813,1.0222944,-1.0565784,0.83773196,-0.17809561,-1.0216497,-1.4041913,0.8320678,-0.10234572,-1.8505563,-0.46167782,-0.89717007,-1.2343423,-0.058206536,0.5976692,1.5219034,84
3.4016955,0.8136042,-3.031461,1.9230427,-0.75314045,-1.5114169,-1.1647236,-1.5128394,0.80055845,-5.820648,-0.983663,0.50983876,-4.1492925,-0.004524529,-0.70131016,2.0762813,104
3.397355,1.1994406,-3.373654,2.3392277,-1.1495513,-1.5569205,-1.1997063,-1.7642382,1.2522321,-6.3835783,-0.8366992,0.26253295,-4.16498,-0.49507225,-0.44266102,2.4320505,104
0.3876863,0.9855506,-0.57778794,0.7862861,-0.15619512,-0.52707815,-1.1636484,0.13755298,-0.10963805,-1.4131696,-0.13704315,-0.64171404,-0.9271076,-0.044019204,-0.09512651,1.1976695,84
3.1080766,1.0597122,-2.849791,2.1221457,-1.1746074,-1.5464697,-0.5884336,-1.478393,1.7834809,-5.579161,-0.89072436,-0.15526348,-3.7437518,-0.44026822,-0.14996319,2.607872,13
3.1417427,1.0791516,-3.0265431,1.828991,-0.8906652,-1.4615409,-1.1892066,-1.6837747,0.89765334,-5.6565876,-0.8132127,0.25388122,-3.727064,-0.07513332,-0.8476642,1.9970571,104
0.39724797,0.86678755,-1.0490552,0.9820672,-0.041124843,-1.187036,-1.2748208,1.0055928,-0.025126725,-1.9561739,-0.5080584,-0.8761461,-1.4825451,-0.0068670213,0.7990332,1.64177,84
2.5643177,1.4609313,-2.244506,3.0250502,-1.1631021,-0.9187627,-1.4209578,-1.4620812,1.0729758,-5.6108394,-0.35562044,0.05718498,-2.7535954,-0.6450036,-0.5059395,2.2185354,13
3.1289635,0.22109246,-1.5978233,-0.045692474,0.5119144,-1.8827008,0.18025371,-0.2533424,1.177349,-2.2931616,-1.3724661,-0.44174546,-3.4653666,0.35174754,-0.4941279,2.026782,104
0.25295174,0.9527993,-1.095981,0.95125186,-0.14543658,-1.0892931,-1.3752668,0.9146506,-0.11437376,-1.9208134,-0.4659891,-0.89564556,-1.3322376,-0.06302694,0.72396237,1.5890117,84
0.47886282,0.8946442,-1.0972658,1.0739675,-0.038442746,-1.197489,-1.2120028,0.95854044,0.025451079,-1.997125,-0.5377128,-0.896455,-1.4883885,-0.058676124,0.7269552,1.7125151,84
3.2586546,1.0058681,-2.3424582,2.843454,-1.3383758,-1.246065,-1.1352682,-1.4935781,1.208505,-5.9271226,-0.8407461,0.30265808,-3.9845502,-0.503526,-0.24825935,2.5210145,104
0.27761757,1.0301952,-1.0677186,0.87957907,-0.14519936,-1.0619398,-1.3435202,0.81105244,-0.040700153,-1.8555334,-0.5095241,-0.9088011,-1.2805611,-0.075176194,0.56048274,1.5969236,84
4.2019596,1.1753259,-3.2431664,2.9364028,-1.1785086,-1.6282375,-1.5117462,-1.7395071,1.167701,-7.479957,-1.1298139,0.76205164,-5.33687,-0.3348472,-0.33528295,2.724131,104
2.5349727,1.4744369,-2.2492566,3.172934,-1.2964827,-0.79113185,-1.5886488,-1.6902274,0.7803364,-5.504813,-0.28038684,0.11954169,-2.6259577,-0.59031713,-0.6295261,2.100453,13
0.26709646,0.98036766,-1.0456376,1.0266665,-0.15292142,-1.1464748,-1.2848306,0.991056,0.053925365,-2.0688646,-0.5971345,-0.89497185,-1.4224099,-0.07424262,0.6838126,1.7077605,84
0.34358138,0.9517511,-1.0807736,1.0875783,-0.10008503,-1.2034618,-1.2864764,1.116024,0.06393883,-2.1643927,-0.5987369,-0.8837729,-1.5158905,-0.051052775,0.82261544,1.7383068,84
3.8640437,0.7086587,-3.1912203,2.1406188,-0.7618309,-1.6660237,-1.221508,-1.4975724,0.7839439,-6.5533543,-1.1685469,0.84718966,-4.9436264,0.08841863,-0.56656396,2.2463439,104
3.864912,0.82320523,-3.2034137,2.6526814,-1.0807762,-1.696806,-1.171029,-1.697172,1.060214,-6.7814703,-0.9960028,0.6581845,-5.030196,-0.28434116,-0.20719877,2.5532227,104
0.49016672,0.98131645,-0.47525448,0.8145157,-0.17624447,-0.42322442,-1.0909836,0.0308811,-0.05191882,-1.5049812,-0.058521032,-0.55054814,-0.9917765,-0.023780428,-0.106734976,1.1287968,84
3.6536474,0.67807055,-2.712348,2.5365095,-1.115495,-1.658801,-0.57804173,-1.352761,1.5566584,-6.0635285,-1.0842441,0.28430122,-4.648881,-0.22100085,0.09716037,2.7456303,104
3.545642,0.91674995,-3.0690403,2.2385745,-0.9492395,-1.5405873,-1.2441349,-1.6908059,0.745753,-6.2387924,-0.90587014,0.5813578,-4.376109,0.021385297,-0.6643053,2.1055424,104
0.5226347,0.792419,-1.0883046,1.215116,0.020790309,-1.3646762,-1.1622603,1.238705,0.1663193,-2.2818983,-0.65865165,-0.8393555,-1.7387791,-0.015193924,0.9951634,1.8367862,84
2.7524774,1.5030341,-2.16821,3.0485916,-1.2140203,-0.90055734,-1.4741414,-1.5282044,1.0513597,-5.757098,-0.3470689,0.13382672,-2.9692273,-0.66129565,-0.4465582,2.2162862,13
2.9108381,0.15165465,-1.3663642,-0.26446992,0.57276297,-1.8835018,0.17187405,-0.13388418,1.1148587,-1.9006279,-1.3908126,-0.4933504,-3.284856,0.38306424,-0.4851144,1.8892533,104
0.34669054,0.87413883,-1.1262196,1.1403129,-0.0841396,-1.2698668,-1.2704904,1.1559559,0.08793986,-2.2158353,-0.61684763,-0.86735594,-1.5813229,-0.041307874,0.92148083,1.7720505,84
0.568272,0.8472806,-1.1228182,1.2764441,0.02007252,-1.3854625,-1.1236827,1.1967883,0.2417681,-2.309843,-0.70717657,-0.87799865,-1.7288268,-0.047660638,0.87926704,1.9117341,84
3.4607227,1.3793877,-2.440386,2.7472148,-1.5002028,-1.2903204,-1.1660473,-1.5091996,1.3873398,-6.236588,-0.8274995,0.1000381,-4.135241,-0.5142609,-0.32268566,2.6269414,104
0.4302702,0.9613132,-1.093732,1.1155596,-0.0674403,-1.2387929,-1.2144039,1.1107776,0.12937471,-2.1559825,-0.64392257,-0.9065528,-1.5581312,-0.05347004,0.7790265,1.8129442,84
4.3688974,1.2982502,-3.2136872,2.7824273,-1.102006,-1.7727336,-1.4305859,-1.6677825,1.2982823,-7.4140244,-1.1383044,0.5811123,-5.398059,-0.01521305,-0.37847888,2.741145,104
2.5248508,1.5553052,-2.134352,2.9112039,-1.3647581,-0.72547495,-1.5583978,-1.7341722,0.81710744,-5.2738423,-0.2582891,0.015233591,-2.5624208,-0.5513623,-0.68229055,2.0502315,13
0.32642794,0.899402,-1.0592204,1.1823022,-0.10482785,-1.3018569,-1.1913326,1.1898528,0.23557718,-2.3143806,-0.7173157,-0.8536121,-1.6412827,-0.0253231,0.852691,1.8597991,84
0.40011507,0.8161547,-0.99112093,1.2348703,-0.041399203,-1.305877,-1.2627461,1.2668048,0.084828556,-2.2823496,-0.69298565,-0.7203849,-1.745879,0.087293774,0.89396054,1.8369889,84
4.012553,0.6629292,-2.9712188,2.311821,-0.70706964,-1.7960745,-1.3278065,-1.4080979,0.77372926,-6.7421517,-1.3258113,0.97711945,-5.2550864,0.2684782,-0.5472616,2.3896346,104
4.090826,1.0068045,-3.1816068,2.503337,-1.1869737,-1.7218881,-1.1026477,-1.6672488,1.1904063,-6.889966,-1.0514445,0.5423097,-5.2613163,-0.1294046,-0.23937497,2.625095,104
0.4855305,0.96548325,-0.4917062,0.9197897,-0.17547469,-0.37279788,-1.0326908,-0.019548878,0.027199551,-1.6739008,0.01541549,-0.4889151,-1.0044894,-0.005149275,-0.0840389,1.1285347,84
3.7715523,1.0498153,-2.6990275,2.1037655,-1.3937119,-1.6531676,-0.6231581,-1.4430523,1.8809375,-6.2467246,-1.2194884,0.15195586,-4.824276,-0.20399109,-0.12780565,2.7237236,104
3.7816982,1.0700815,-3.1515663,2.3065848,-0.9847081,-1.6794412,-1.3957894,-1.7481462,0.8009964,-6.646162,-1.0253127,0.6301454,-4.6999354,0.053437606,-0.72379136,2.23274,104
0.730766,0.89000934,-0.9700284,1.4116632,-0.028527051,-1.2977034,-1.1894169,1.2986474,0.024500147,-2.3285584,-0.5850089,-0.80619806,-1.8868549,0.13166921,0.9404742,1.8965124,84
2.9888318,1.739791,-2.3469613,3.0444965,-1.2715294,-0.9981882,-1.530482,-1.5349138,1.1814394,-6.082985,-0.3778633,0.0069476366,-3.163083,-0.6354391,-0.48271242,2.3288734,13
2.6669767,0.17710365,-1.2594404,-0.51652133,0.5557977,-1.9668466,0.09554219,-0.10942936,1.1310384,-1.6991669,-1.4523782,-0.589738,-3.1462002,0.4369321,-0.5629612,1.793019,104
0.5687915,0.97736955,-1.0991563,1.3312162,-0.12559856,-1.2133923,-1.2835302,1.1667507,-0.0429651,-2.3017972,-0.5272788,-0.8414759,-1.7197744,0.12991826,0.8279217,1.8289969,84
0.7990608,0.8636622,-1.0328299,1.5023791,-0.0155801475,-1.3258144,-1.1132113,1.2778326,0.08320388,-2.3630013,-0.659606,-0.81763405,-1.938896,0.12666748,0.8620929,1.9985564,84
3.5300646,1.414318,-2.4332063,2.7647862,-1.5418385,-1.3749942,-1.2700126,-1.5762045,1.4258143,-6.372001,-0.9325399,0.11582862,-4.2598476,-0.2867576,-0.45243257,2.6304939,104
0.46393597,0.7790634,-0.99051875,1.2745116,0.004181683,-1.3733306,-1.1906178,1.3207122,0.15193915,-2.2795112,-0.7794385,-0.73548615,-1.8202505,0.08927782,0.88198715,1.9365745,84
4.2378597,1.5594854,-3.1000478,2.8098946,-1.402922,-1.6749458,-1.6699467,-1.911263,1.0919305,-7.142256,-1.1457611,0.39888877,-4.9683576,-0.13009566,-0.7821448,2.5354097,104
2.4950583,1.4921414,-1.9480718,2.8314924,-1.3215019,-0.76210076,-1.5080833,-1.6427499,0.85244334,-4.9989567,-0.33118033,-0.0961906,-2.5038595,-0.4093521,-0.71445376,2.0983174,13
0.52056974,1.0066168,-1.0600954,1.3742888,-0.15241407,-1.2225913,-1.221628,1.116222,0.08400847,-2.3821554,-0.57753015,-0.8371537,-1.70906,0.13522725,0.6790232,1.8855034,84
0.55493194,1.0741076,-1.1231177,1.3743284,-0.13120745,-1.2077519,-1.2737207,1.1677762,0.03876315,-2.4486175,-0.49720114,-0.8519389,-1.7233518,0.1091737,0.7896368,1.8552477,84
4.361095,1.0314538,-3.244672,2.5448565,-0.977674,-1.7475536,-1.636287,-1.551587,0.7733202,-7.403614,-1.3801806,0.9782822,-5.5471315,0.3191928,-0.77095044,2.4063842,104
4.1092467,1.3927094,-3.1369202,2.2184048,-1.217467,-1.7501479,-1.2862713,-1.8284286,1.3293322,-6.5704575,-1.0525525,0.19825263,-4.8585367,-0.06969872,-0.6213201,2.4777815,104
0.50234324,0.8733145,-0.5307888,1.1256499,-0.14319149,-0.38730392,-0.9265023,-0.28694475,0.14135288,-1.6869402,0.06618115,-0.5033322,-0.83512187,-0.041174635,-0.3479922,1.1930635,84
3.6693022,1.1789451,-2.425059,2.109212,-1.5275881,-1.5992837,-0.72554994,-1.4269614,1.8793082,-6.1312194,-1.2796755,0.046513915,-4.7140555,0.02356866,-0.34059888,2.7302954,104
3.8925905,1.1992977,-3.0848627,2.2702618,-1.1584308,-1.6241691,-1.6137202,-1.7631865,0.8374277,-7.062912,-1.1403301,0.75444245,-5.0669374,0.3315032,-0.8988556,2.2726035,104
0.7169595,1.0614119,-1.1221212,1.4941014,-0.06585114,-1.2263268,-1.251807,1.1182843,0.09715426,-2.4931607,-0.48940435,-0.8568016,-1.7693967,0.07821858,0.72429097,1.9087405,84
2.9767592,1.8267709,-2.4187312,3.3342543,-1.5807432,-0.9814903,-1.9196141,-1.8325264,1.0912628,-6.6034203,-0.4276368,0.19444306,-3.3565748,-0.5958533,-0.6723334,2.3211849,13
3.424821,-0.2904157,-0.8709506,-0.3582854,0.52603006,-1.8824719,0.37585217,-0.13732423,0.7870579,-1.8840339,-1.6559032,-0.10656844,-4.2658,0.77427626,-0.36270094,1.9203889,104
0.4642082,1.077975,-1.1306571,1.3887624,-0.15655106,-1.1146889,-1.2940159,0.95988655,-0.017714292,-2.3088994,-0.37131047,-0.8767552,-1.5464252,0.08474089,0.6339062,1.7948422,84
0.7195397,1.0708808,-1.1703411,1.6180562,-0.101711854,-1.209073,-1.1665995,0.9558009,0.1174372,-2.531791,-0.44047022,-0.8620135,-1.7216506,0.09337564,0.5516687,1.9531267,84
3.3311508,1.4713244,-2.186977,2.7266345,-1.7110667,-1.2833393,-1.173079,-1.7116579,1.3564917,-5.894141,-0.92609096,-0.117316775,-3.9014728,-0.2637182,-0.61338556,2.5725431,13
0.5994615,1.03672,-1.1246499,1.4562471,-0.1044759,-1.2586557,-1.2224705,1.1782008,0.056026384,-2.4675848,-0.52977633,-0.8517287,-1.78118,0.11243829,0.77683663,1.9251996,84
3.9216862,1.4836906,-2.538541,2.182631,-1.3364489,-1.5670481,-1.5213675,-1.765911,1.028487,-5.938167,-1.2248319,0.06694056,-4.4500456,-0.06271484,-1.0719826,2.3798203,104
2.368867,1.5148916,-1.7308569,2.7402306,-1.3827511,-0.70055926,-1.4849641,-1.5882593,0.8371838,-4.6763496,-0.3634335,-0.23430966,-2.3019514,-0.42442676,-0.8272471,2.0513372,13
0.40348434,1.045072,-1.0572224,1.3876282,-0.1534562,-1.120339,-1.2599745,0.93026817,0.04594472,-2.2877455,-0.38493335,-0.87600845,-1.540036,0.06521955,0.5684871,1.8156623,84
0.39018488,1.0840873,-0.99601275,1.1807128,-0.19561434,-1.0434428,-1.2689812,0.99939173,0.021164209,-2.127416,-0.36080948,-0.9307465,-1.5247924,0.07797325,0.7008132,1.7224103,84
4.4241242,1.3606431,-3.5253088,2.6576676,-1.0719514,-1.8555537,-1.9136477,-1.7886322,0.9210552,-7.783247,-1.3381797,0.91129553,-5.4866385,0.26391855,-0.93111384,2.3963573,104
3.9418387,1.5445851,-2.921608,1.6380225,-1.2642306,-1.6192495,-1.3960159,-1.9010608,1.2513574,-5.8882318,-1.1564326,-0.10068171,-4.4892106,-0.042641785,-1.1429803,2.3214545,104
0.58255893,0.7712219,-0.3946187,1.189722,-0.17184421,-0.2721719,-0.79666674,-0.5331385,0.2039141,-1.4131289,0.045527905,-0.49121767,-0.6039614,-0.01931756,-0.7367875,1.1775334,84
3.6190376,1.3192934,-2.3089387,2.0094604,-1.5677432,-1.5596818,-0.65588856,-1.4158787,1.9012207,-5.92572,-1.2019517,-0.1369621,-4.520508,0.04366,-0.43913642,2.6213903,19
3.8050866,1.3499247,-2.9793851,2.0361829,-1.1649923,-1.5248677,-1.7241278,-1.8677188,0.9376121,-6.616033,-1.1254282,0.5313042,-4.6567354,0.22694689,-1.13589,2.1275153,104
0.47181314,1.1117524,-0.94917375,1.1540548,-0.20564999,-1.0038066,-1.2684782,0.78291005,0.04812573,-2.0421603,-0.30210072,-0.917892,-1.4702809,0.06718704,0.5524151,1.6714336,84
2.800632,1.5729209,-1.846328,2.7521806,-1.43606,-0.90156645,-1.4422095,-1.5664808,1.1245738,-5.3144565,-0.5410317,-0.042324558,-2.9996612,-0.43512064,-0.652506,2.2158506,13
3.5385897,-0.347164,-0.89379305,-0.230667,0.39614257,-1.8466183,0.34132153,-0.4014672,0.78992957,-2.1125975,-1.6987803,-0.031150788,-4.3687577,0.85558784,-0.5959642,1.9024148,104
0.25177312,1.0983973,-0.9838102,0.9733062,-0.25760394,-0.93809986,-1.3519416,0.641643,-0.06444503,-1.8638257,-0.19051322,-0.95155203,-1.2712168,0.06601299,0.47475535,1.5103351,84
0.4817785,1.0496123,-0.9846108,1.0621179,-0.17423142,-1.0560056,-1.2592068,0.80323684,-0.015600994,-1.9342918,-0.27562162,-0.95332855,-1.5008608,0.12148318,0.5801038,1.617327,84
3.187647,1.4834571,-1.9813634,2.3561935,-1.7329032,-1.2728,-1.230129,-1.7087485,1.3532518,-5.4483695,-1.027974,-0.23300119,-3.7559936,-0.22799377,-0.87611306,2.4641385,13
0.4126125,1.0126995,-0.99015486,1.202806,-0.15813012,-1.0961972,-1.2421741,1.0251496,-0.026044473,-2.0627308,-0.3618632,-0.9365605,-1.5698884,0.08959855,0.7477355,1.7383248,84
3.9558148,1.3309953,-2.537098,1.6522969,-1.1618752,-1.697265,-1.544172,-1.7747015,0.9812862,-5.5787725,-1.429049,0.03264083,-4.6292167,0.06598835,-1.2934928,2.401256,104
2.393956,1.5383531,-1.7338736,2.302493,-1.3912332,-0.772024,-1.5741358,-1.6876173,0.8490846,-4.4462686,-0.47609574,-0.34375677,-2.4045694,-0.36425665,-1.1063874,2.0185962,13
0.28777122,1.0642167,-0.9488665,0.9034107,-0.23751214,-1.0065931,-1.3975289,0.70305043,-0.058881357,-1.860774,-0.23111999,-0.95592237,-1.3776897,0.08627629,0.51002383,1.5103552,84
0.24990071,1.0770644,-0.8435937,0.80210304,-0.3018527,-0.9140387,-1.3966911,0.80772847,-0.108640835,-1.7367109,-0.22091797,-0.9854862,-1.3606044,0.08226177,0.6527539,1.4519992,84
4.2833304,1.1407454,-2.8484797,1.8322622,-0.7633681,-1.7742525,-1.4711955,-1.4585079,0.91764134,-6.112297,-1.5053433,0.55418104,-4.952105,0.43242562,-1.0412413,2.2652884,104
3.955986,1.5006065,-2.8296764,1.3393179,-1.1766875,-1.7197477,-1.5070422,-1.9117811,1.2823753,-5.7917056,-1.290964,-0.086594656,-4.642064,0.006371759,-1.3087003,2.320927,104
0.7508751,0.9313182,-0.3612485,1.246454,-0.28039518,-0.22119516,-0.9864859,-0.77805716,0.39244276,-1.6009936,-0.0108986795,-0.38170403,-0.57190645,-0.10822023,-0.99012446,1.1761509,84
3.4802241,1.3033404,-2.2122245,1.9990581,-1.5397297,-1.6406751,-0.8655635,-1.5287616,1.7677706,-5.6131577,-1.2176725,-0.220502,-4.2853622,-0.025215723,-0.6388613,2.5553591,13
3.6493554,1.0627998,-2.3237433,1.4047318,-0.9504291,-1.375136,-1.4868085,-1.6784971,0.78573656,-5.2157974,-1.31639,0.27176142,-4.2641034,0.3277989,-1.3421719,2.0437686,104
0.2533263,1.0982691,-0.799547,0.86665213,-0.312204,-0.9065256,-1.3713882,0.60268605,-0.06493248,-1.7180076,-0.16779605,-0.97980726,-1.2709639,0.031202763,0.4674061,1.4377942,84
2.6430783,1.4109279,-1.5815858,2.0399256,-1.4630148,-0.8333602,-1.4867392,-1.7047646,0.9480798,-4.4577312,-0.73904955,-0.19288056,-2.9146225,-0.3476041,-1.0902041,2.088209,13
3.9175277,0.09527184,-1.635348,0.16896057,-0.025010303,-1.7430016,-0.4466256,-0.9562925,0.8623877,-3.5470598,-1.7321032,0.15919225,-4.777966,0.6806238,-0.9912301,1.9769166,104
0.1300662,1.0693842,-0.86213094,0.6995909,-0.32146057,-0.88371664,-1.5054221,0.5350739,-0.17097263,-1.6067427,-0.12416661,-0.962237,-1.1862265,0.02771908,0.46904808,1.3100168,84
0.34922773,1.0780258,-0.8990767,0.7145741,-0.27916527,-0.97853833,-1.4569683,0.6409534,-0.13797008,-1.647603,-0.18768035,-1.0038784,-1.3687794,0.0848857,0.5061062,1.3822404,84
3.1133244,1.5119611,-2.006804,1.8026434,-1.644646,-1.3411114,-1.3880217,-1.8937049,1.2824306,-5.0912843,-1.0863435,-0.32732868,-3.696509,-0.1691739,-1.22381,2.3173757,13
0.30373234,1.0247551,-0.8472882,0.7931912,-0.26094535,-0.9553533,-1.3847611,0.85127467,-0.14260153,-1.6875521,-0.23904827,-0.983733,-1.4188724,0.10516532,0.6827696,1.4578446,84
3.847702,1.2481824,-2.3650126,1.3862922,-1.0439965,-1.4741703,-1.5592213,-1.6688125,0.8381673,-5.1554427,-1.4209896,0.024739876,-4.489723,0.06361869,-1.4035218,2.3291357,104
2.4487069,1.5502146,-1.8297501,2.057507,-1.4058461,-0.82621026,-1.7502294,-1.8291851,0.80622244,-4.4306927,-0.5953622,-0.34183007,-2.5513704,-0.37900642,-1.3492534,2.0041845,13
0.21289758,1.0767707,-0.87450314,0.6308582,-0.30397904,-0.94782287,-1.5711293,0.6091956,-0.16338979,-1.6271274,-0.19488788,-0.9756994,-1.2954589,0.053528205,0.47239888,1.3300562,84
0.13659267,1.107233,-0.816178,0.5790714,-0.3433364,-0.87344635,-1.6344519,0.626146,-0.2216462,-1.5042062,-0.14981134,-1.0078368,-1.2004532,-0.016029105,0.4980427,1.265695,84
4.312869,0.9832565,-2.8163369,1.2039387,-0.55043495,-1.7020587,-1.6243155,-1.572016,0.63975585,-5.4353747,-1.6759003,0.36236322,-4.991693,0.48932028,-1.4839787,2.278745,104
3.9800825,1.3904767,-2.7381036,1.1029013,-1.0278937,-1.7329674,-1.480618,-1.8283192,1.207014,-5.5983515,-1.3803973,-0.022133172,-4.7437854,0.07961357,-1.3491783,2.3177366,104
1.0625049,1.1214211,-0.6357475,1.3615294,-0.53254014,-0.19364224,-1.2670283,-1.1805729,0.4710161,-2.1391387,-0.055306762,-0.3110503,-0.7957925,-0.17866407,-1.2040601,1.2431464,84
3.4662635,1.4163764,-2.3226142,1.5356,-1.520866,-1.73031,-0.95452005,-1.6984487,1.8064429,-5.5478196,-1.2945935,-0.28047746,-4.336185,0.051122993,-0.91001344,2.4746323,19
3.7022536,0.84218293,-2.397529,1.1076393,-0.7777214,-1.3422433,-1.669802,-1.7391322,0.43646055,-4.904952,-1.4983785,0.2656957,-4.3713946,0.4569661,-1.6950142,2.0210814,104
0.12535204,1.1455958,-0.80164117,0.62334716,-0.32005873,-0.89791816,-1.6608064,0.5395196,-0.17754097,-1.4659343,-0.1602136,-1.0148015,-1.127976,-0.047244783,0.33460334,1.2820315,84
2.6609554,1.3153578,-1.6560599,1.6750523,-1.3426833,-0.9007128,-1.6434958,-1.849453,0.80845743,-4.1959786,-0.83402044,-0.25931126,-2.970483,-0.32460168,-1.3827963,2.0210137,13
4.197338,0.44604728,-2.2772543,0.3866182,-0.2388202,-1.7799495,-1.0034456,-1.3276564,0.91010475,-4.521921,-1.7700341,0.1563447,-5.25666,0.4882201,-1.2422056,2.259892,104
0.027041063,1.1295804,-0.8413052,0.5942006,-0.34498435,-0.8584076,-1.6946335,0.49744117,-0.23162119,-1.4562201,-0.11830635,-0.99647397,-1.0636007,-0.08423484,0.34594268,1.2556767,84
0.18878855,1.1475824,-0.8373641,0.6092099,-0.35497656,-0.930084,-1.6694615,0.5043876,-0.18814684,-1.4555495,-0.15945171,-1.0546877,-1.1832668,-0.063130185,0.33061886,1.3181589,84
2.9448948,1.479574,-1.8919677,1.440461,-1.5400234,-1.2449037,-1.4419246,-1.9095318,1.2011826,-4.751106,-1.0709167,-0.38036078,-3.5251606,-0.15599358,-1.4229989,2.176362,13
0.19457142,1.0863386,-0.8196064,0.5995822,-0.32884794,-0.89479864,-1.6002724,0.6213074,-0.21472012,-1.5007674,-0.16166869,-1.0209051,-1.2348765,-0.008308798,0.451757,1.3006222,84
3.6998394,0.96597576,-2.09219,1.0191327,-0.8553283,-1.2902288,-1.36028,-1.3985945,0.885568,-4.718502,-1.4824305,0.114285156,-4.4869466,0.14982003,-1.3173137,2.2361643,104
2.4283679,1.5973097,-1.9083921,1.9504343,-1.4365356,-0.7926613,-1.8729253,-1.9249268,0.8016601,-4.5558734,-0.60481995,-0.31635284,-2.6102753,-0.42316505,-1.4792147,1.9747145,13
0.10247837,1.1852899,-0.8359707,0.52581286,-0.36116102,-0.86378556,-1.7194371,0.5184416,-0.20858069,-1.4436643,-0.15284294,-1.0382683,-1.0943345,-0.07024452,0.29335508,1.2750261,84
0.055999562,1.1774886,-0.81078315,0.514426,-0.34870473,-0.8463841,-1.7377832,0.4945163,-0.1914324,-1.4667846,-0.13746041,-0.9897954,-1.0635369,-0.040620595,0.29272765,1.1957551,84
4.2929344,0.6743476,-2.7423449,0.9519973,-0.33896542,-1.5455992,-1.6513109,-1.5486897,0.4415058,-5.12847,-1.732878,0.43319887,-5.106251,0.51735455,-1.5474272,2.2552664,104
3.7379436,1.2717063,-2.4007118,1.0721409,-0.9656923,-1.413723,-1.4882786,-1.6561319,1.0661451,-5.2167497,-1.3103917,0.05481045,-4.4671144,0.068669945,-1.3566086,2.19856,104
1.1838024,1.0340343,-0.74592054,1.4033592,-0.5983427,-0.27264136,-1.4026737,-1.3632486,0.4190578,-2.2717588,-0.18491091,-0.25678566,-0.9861437,-0.20412014,-1.3090363,1.3057992,84
3.2810795,1.635206,-2.289861,1.479451,-1.6993268,-1.5319182,-1.1649953,-1.8177438,1.8827064,-5.8554893,-1.2669444,-0.21622933,-4.2894487,-0.03342643,-1.109751,2.4124315,19
3.7350984,0.75356454,-2.4095638,1.040276,-0.6886475,-1.2500418,-1.7391772,-1.7183864,0.27275464,-4.885929,-1.5474908,0.33483046,-4.435664,0.46281648,-1.7896752,2.0163405,104
0.115085825,1.181845,-0.8382092,0.42650098,-0.32131857,-0.932812,-1.7716215,0.31112158,-0.16820885,-1.4123764,-0.12091096,-0.9971052,-1.0822688,0.014015742,0.22523415,1.1432546,84
2.55522,1.268373,-1.6515486,1.5345525,-1.3077347,-0.8587211,-1.6723449,-1.8884957,0.82069457,-4.233403,-0.81106627,-0.24821754,-2.9784942,-0.33038023,-1.4429474,1.9601805,13
4.218193,0.499467,-2.4308143,0.35277277,-0.2130298,-1.7205985,-1.1620114,-1.3498263,0.8899063,-4.6422157,-1.8427434,0.21223725,-5.2286663,0.51956534,-1.3700812,2.2649016,104
-0.006087646,1.154813,-0.8542103,0.45902544,-0.31512204,-0.83617,-1.7910478,0.37395096,-0.24830969,-1.4194243,-0.085719645,-0.957958,-0.99167,-0.038454466,0.21538109,1.1398159,84
0.13559665,1.1939478,-0.8319786,0.47406894,-0.34912232,-0.9072857,-1.7678854,0.32354045,-0.20491214,-1.3758636,-0.11325002,-1.0502464,-1.0471206,-0.040359672,0.15437111,1.2026371,84
2.7588906,1.3989824,-1.700139,1.08069,-1.4590864,-1.1654534,-1.2638812,-1.7156174,1.3515272,-4.469674,-1.1353738,-0.381532,-3.4580176,-0.09229119,-1.4214747,2.1062696,13
0.08756019,1.1819855,-0.79509205,0.5700771,-0.35831535,-0.8547164,-1.7101543,0.4861558,-0.19071226,-1.4434165,-0.1397379,-1.0320334,-1.0559368,-0.07148244,0.24309132,1.2546204,84
3.6560445,1.0075328,-2.1512117,1.3371224,-0.94046104,-1.1862729,-1.405724,-1.394771,0.9233099,-5.187906,-1.4096076,0.29425102,-4.5206447,0.1398576,-1.1923265,2.2338533,104
2.2897553,1.5234152,-1.7969306,1.7122809,-1.3395395,-0.7534608,-1.8007939,-1.8585144,0.8357292,-4.330661,-0.58522975,-0.3243021,-2.4951982,-0.3538865,-1.5047753,1.8479373,13
0.027443469,1.2331951,-0.81279737,0.42104554,-0.349679,-0.8108839,-1.8046467,0.39444757,-0.21621267,-1.4057088,-0.093063876,-1.014177,-0.97417825,-0.07882889,0.15761489,1.1735668,84
0.026705876,1.2247779,-0.8384189,0.42741758,-0.3355356,-0.80897105,-1.8016813,0.41543764,-0.18125127,-1.4905219,-0.10270184,-0.96028256,-1.0148082,-0.023373388,0.19723386,1.1233054,84
4.2070947,0.5051662,-2.4524639,0.9828899,-0.26263463,-1.2965052,-1.4335186,-1.199637,0.45416933,-4.7899556,-1.743034,0.5425277,-4.9736533,0.51867604,-1.3149197,2.2391355,104
3.6484752,1.2187884,-2.4013143,1.2486784,-0.9843143,-1.2151324,-1.5886054,-1.6394712,0.9371667,-5.37552,-1.261987,0.20391689,-4.4046884,0.069811925,-1.3702056,2.14129,104
1.1843408,0.9206275,-0.7811096,1.4122448,-0.59658015,-0.30379307,-1.4580078,-1.4202397,0.40113723,-2.3808527,-0.262225,-0.1486241,-1.0829637,-0.15834135,-1.3278484,1.2787336,89
2.960967,1.5969261,-2.0002394,1.1972594,-1.6922702,-1.3139696,-1.1371913,-1.7274189,1.849132,-5.4386816,-1.2447602,-0.24316253,-4.0074253,-0.051925097,-1.2357359,2.280207,13
3.6057358,0.6210902,-2.1738794,1.1071924,-0.6218043,-1.0476159,-1.6270385,-1.5184416,0.25782168,-4.680684,-1.498827,0.43269908,-4.2588534,0.5057516,-1.6487784,1.9241626,104
0.087525144,1.2067776,-0.86786926,0.42827243,-0.31366467,-0.8736236,-1.7701635,0.32047242,-0.17091163,-1.4660665,-0.098488316,-0.9681109,-1.0403857,0.019136444,0.16812295,1.1187211,84
2.4854074,1.2784626,-1.5861664,1.3673309,-1.2583666,-0.8574884,-1.5075314,-1.7258726,0.98927796,-4.127772,-0.85016567,-0.26254088,-2.9237866,-0.2544194,-1.3878174,1.9257506,13
3.944769,0.30471197,-2.083842,0.2580549,-0.25871733,-1.4197584,-1.1256106,-1.2033571,0.6417305,-4.03522,-1.8571533,0.19865753,-4.893287,0.54413784,-1.4753444,2.1943958,104
-0.03993301,1.201597,-0.88236636,0.44409317,-0.30109924,-0.77537847,-1.8073182,0.36530194,-0.24491663,-1.4774667,-0.049517557,-0.92969203,-0.9437974,-0.04047514,0.14807063,1.1019315,81
0.07261716,1.2385567,-0.84863704,0.43953907,-0.3154084,-0.8380703,-1.8195169,0.3124559,-0.2021489,-1.4297929,-0.06929599,-1.0074129,-0.968219,-0.0497924,0.0663846,1.142292,81
2.6901174,1.4454913,-1.6826851,1.1751746,-1.5246288,-1.0704181,-1.2173452,-1.6253463,1.4243594,-4.6149125,-1.1489366,-0.31524828,-3.4442303,-0.10753483,-1.3641233,2.1424656,13
0.023110554,1.2178086,-0.7916535,0.48987246,-0.33603817,-0.8039682,-1.7907495,0.4017725,-0.18674944,-1.462734,-0.09814881,-0.97925943,-0.98018134,-0.06609027,0.13417712,1.1686075,84
3.6141872,1.109353,-2.1884992,1.6723179,-1.0266526,-1.1331373,-1.4534941,-1.4120029,0.93673635,-5.424738,-1.3620453,0.37380308,-4.3974595,0.07502203,-1.1107198,2.2742522,104
2.2746103,1.5466886,-1.8152274,1.7317826,-1.2946743,-0.7444179,-1.7772162,-1.8233436,0.8144998,-4.243769,-0.5871398,-0.33672693,-2.3873432,-0.34271833,-1.5133443,1.8310761,13
-0.013731316,1.2785304,-0.81185675,0.41904795,-0.33226418,-0.7340935,-1.8359814,0.37650532,-0.23883684,-1.4117746,-0.0432757,-0.9851875,-0.89344865,-0.113754,0.08565484,1.1318253,81
0.005151212,1.239998,-0.8528767,0.39284974,-0.32205272,-0.78207725,-1.789701,0.40638226,-0.18400712,-1.5039766,-0.09637159,-0.9416313,-0.98331565,-0.0005684346,0.15026385,1.0893595,84
4.1983457,0.49654448,-2.3577986,1.2642703,-0.29052514,-1.1666222,-1.3232348,-1.0194092,0.5056523,-4.8625903,-1.708279,0.6846884,-4.89231,0.5170133,-1.0805757,2.2444232,104
3.6756294,1.3354925,-2.559812,1.5749196,-1.0999424,-1.109994,-1.7257144,-1.7229857,0.86583227,-5.832039,-1.2002263,0.32975227,-4.4203815,0.030218057,-1.369199,2.1536674,104
1.2067157,0.97076154,-0.8922724,1.6430789,-0.6488063,-0.3042169,-1.5087755,-1.4073625,0.4331422,-2.757381,-0.22226375,-0.050789744,-1.174244,-0.19161476,-1.2375007,1.2947807,84
2.8373723,1.6165001,-1.9183167,1.1553102,-1.7022048,-1.1738088,-1.1563649,-1.6852556,1.7665514,-5.3096104,-1.225378,-0.23268722,-3.8589244,-0.07669295,-1.3045888,2.2422316,13
3.6100368,0.6534925,-2.1466825,1.277494,-0.5763852,-0.9966,-1.5745261,-1.4197011,0.23697768,-4.579855,-1.4557328,0.452617,-4.0732393,0.52736473,-1.5485408,1.910482,104
0.09075971,1.2139746,-0.8928919,0.45092344,-0.2806878,-0.8541147,-1.7581053,0.35459557,-0.17543538,-1.4986196,-0.10783921,-0.9375791,-1.0391914,0.028482288,0.13253245,1.1387873,84
2.539019,1.3649231,-1.6776507,1.4441054,-1.2942675,-0.86899656,-1.4691341,-1.6671448,1.0678768,-4.270229,-0.90742105,-0.24553831,-2.9677181,-0.2693298,-1.362164,2.0062242,13
3.8290849,0.2792865,-2.0791986,0.4269042,-0.36483097,-1.0876719,-1.356884,-1.3288229,0.33896822,-4.211359,-1.7233609,0.3293782,-4.8353195,0.4835564,-1.6029599,2.1021159,104
-0.03590241,1.20715,-0.8986532,0.43127525,-0.28464836,-0.75060946,-1.7892668,0.3678182,-0.26159102,-1.4756024,-0.058054686,-0.9086648,-0.92849404,-0.028557263,0.11475821,1.0947152,81
0.06549305,1.2485489,-0.8637853,0.3961637,-0.3022452,-0.7960144,-1.807241,0.30675763,-0.2153535,-1.4402882,-0.062848985,-0.97421724,-0.95611763,-0.020354524,0.046829864,1.1060972,81
2.6916006,1.4759221,-1.7317147,1.3149434,-1.5242195,-1.0189611,-1.2297661,-1.5960002,1.4078209,-4.6981425,-1.1546068,-0.24924643,-3.4092937,-0.15834996,-1.3235235,2.1850939,13
0.0007354021,1.2425444,-0.8144594,0.45840657,-0.31603158,-0.759454,-1.805768,0.37951338,-0.20456262,-1.4772223,-0.072556555,-0.9512188,-0.9351091,-0.056418844,0.07883282,1.1226022,81
3.6827526,1.1250691,-2.3128128,1.7937294,-0.944314,-1.1889626,-1.4595945,-1.4187899,0.8955209,-5.457881,-1.3797964,0.39189756,-4.3232775,0.11253026,-1.0906821,2.302471,104
2.317767,1.6145442,-1.9479492,1.8641227,-1.2737515,-0.7644159,-1.7981122,-1.8466408,0.78304774,-4.3440485,-0.56034315,-0.33755696,-2.3333294,-0.3667133,-1.5053029,1.8591511,13
-0.001347959,1.2943524,-0.8309937,0.37656718,-0.33127916,-0.6948346,-1.820998,0.35793158,-0.24273072,-1.4037577,-0.05404727,-0.9732698,-0.87652844,-0.099132404,0.045261532,1.1081787,81
0.004436627,1.2432415,-0.86971825,0.40107638,-0.30330455,-0.74867874,-1.7689717,0.4336118,-0.22070746,-1.4894314,-0.09811948,-0.9203095,-0.96328384,0.004671715,0.14344689,1.0934134,81
4.336957,0.5477182,-2.5104787,1.5684607,-0.35613936,-1.1438366,-1.3965604,-1.0657958,0.52537084,-5.2379384,-1.7259798,0.7907843,-5.0186014,0.50442594,-1.0059884,2.3238108,104
3.632233,1.2939651,-2.5446165,1.5609392,-0.987319,-1.0999008,-1.6786671,-1.6803235,0.7905213,-5.5916677,-1.204092,0.31575274,-4.2169237,0.06542665,-1.3770123,2.1166623,104
1.3869,1.1007868,-1.1472442,1.9936942,-0.6946956,-0.34498298,-1.5924454,-1.4180222,0.40719807,-3.2549157,-0.19719806,0.026054576,-1.3418902,-0.22031882,-1.1702137,1.4217993,84
2.7885213,1.6647129,-1.9308985,1.2108456,-1.6932231,-1.0919709,-1.179362,-1.6385857,1.7705092,-5.373207,-1.1976446,-0.18709922,-3.7879996,-0.110457614,-1.2930627,2.2427073,13
3.7124183,0.68710876,-2.2424958,1.4253967,-0.5250418,-1.0590037,-1.5763016,-1.4513873,0.22813588,-4.58049,-1.4576387,0.43337047,-4.024798,0.54371774,-1.503417,1.9604621,104
0.09413724,1.1730434,-0.9234131,0.4165073,-0.22629982,-0.85792804,-1.7744012,0.37346864,-0.23085384,-1.5065386,-0.12969604,-0.8697251,-1.0687448,0.06780025,0.15468025,1.1059846,84
2.6347558,1.4285897,-1.8698894,1.6578418,-1.3110377,-0.8965448,-1.5132074,-1.6866975,1.0789634,-4.582625,-0.9009021,-0.17120202,-3.0581574,-0.30322245,-1.3035696,2.079494,13
3.8820434,0.40482634,-2.2480645,0.4791639,-0.37298995,-0.9844282,-1.465719,-1.3356096,0.3474616,-4.5482917,-1.6684046,0.4161266,-4.8904305,0.49148256,-1.6398015,2.0657773,104
-0.018417388,1.1932566,-0.9285275,0.42454612,-0.248146,-0.74852073,-1.7857397,0.39569604,-0.28447676,-1.4969013,-0.09275654,-0.8756782,-0.946682,-0.011603482,0.11423099,1.1022023,81
0.067687094,1.2291818,-0.89153236,0.3715973,-0.2710396,-0.77448756,-1.7930324,0.31621188,-0.2490014,-1.4412539,-0.088442266,-0.92973167,-0.95617926,0.006802343,0.04088606,1.0944597,81
2.746151,1.537006,-1.904643,1.4568392,-1.5006461,-1.002788,-1.2828734,-1.61631,1.395351,-4.9243054,-1.1255486,-0.18686397,-3.408218,-0.1676931,-1.304673,2.1963615,13
0.004740745,1.2592905,-0.8409812,0.4308011,-0.3095485,-0.72662216,-1.7879779,0.3681649,-0.208369,-1.4761962,-0.08444257,-0.93264186,-0.91285145,-0.033590246,0.045390576,1.1101989,81
3.7764726,1.1794521,-2.5086625,1.942783,-0.9123038,-1.2644329,-1.4766543,-1.5247315,0.879615,-5.618154,-1.3593228,0.37393385,-4.332433,0.11210266,-1.0640218,2.377095,104
2.3444874,1.7089411,-2.0655758,2.0842652,-1.3084495,-0.73619145,-1.8157551,-1.8450557,0.834034,-4.597184,-0.5112382,-0.30779427,-2.3100886,-0.411728,-1.4246042,1.9134417,13
0.017884955,1.3118142,-0.8477808,0.34043413,-0.32908705,-0.6884607,-1.8106353,0.37209958,-0.19901194,-1.4544961,-0.11724043,-0.9755942,-0.88553494,-0.07732733,0.018985987,1.1237152,81
0.02577582,1.2381995,-0.89994687,0.40657222,-0.26695636,-0.7479863,-1.7699261,0.479832,-0.22987445,-1.5131662,-0.13492693,-0.8966558,-0.977039,0.004050061,0.16796541,1.11761,84
4.548267,0.5670531,-2.7605817,1.8509802,-0.36018223,-1.2018466,-1.4364798,-1.1324944,0.5798513,-5.7077575,-1.7376359,0.9145194,-5.2685266,0.49737895,-0.86876947,2.4364812,104
3.6191852,1.2428571,-2.591161,1.5186738,-0.8562789,-1.156151,-1.6351788,-1.7049081,0.7098224,-5.3619657,-1.2046351,0.26397842,-4.055752,0.10354161,-1.3962157,2.0966866,104
1.6640605,1.2200261,-1.509441,2.3781571,-0.69010115,-0.49577072,-1.6947858,-1.4702027,0.35515773,-3.7801883,-0.20773934,0.055396006,-1.565924,-0.21930546,-1.121589,1.6136005,13
2.7716527,1.6599334,-1.9740677,1.3260653,-1.5818412,-1.0478194,-1.2094102,-1.6263381,1.6366974,-5.274438,-1.1296748,-0.16443671,-3.5913491,-0.12649477,-1.2711377,2.2023542,13
3.875805,0.7624324,-2.408129,1.6895128,-0.5333185,-1.1155205,-1.57847,-1.4658811,0.31693757,-4.882992,-1.4346114,0.46973622,-4.111517,0.52498037,-1.3597581,2.0385845,104
0.11591868,1.1546541,-0.9676144,0.45173442,-0.17991659,-0.838311,-1.7724292,0.4724692,-0.29808086,-1.5213709,-0.16157116,-0.83041394,-1.0918776,0.061072335,0.21427098,1.1463679,84
2.7762012,1.5215273,-2.1245584,1.9423105,-1.3421082,-0.9122519,-1.5878894,-1.7390027,1.0975314,-5.0099435,-0.8566806,-0.08496336,-3.188032,-0.3552402,-1.2154646,2.1652515,13
3.9487586,0.5528356,-2.4285996,0.663452,-0.29970706,-1.0130714,-1.4649897,-1.2526295,0.4021622,-4.70366,-1.6081458,0.4202568,-4.7518034,0.54347354,-1.5684934,2.0695667,104
0.006053522,1.2198054,-0.9363322,0.46335268,-0.24248657,-0.74116504,-1.7601464,0.47443694,-0.23965316,-1.5586758,-0.15194423,-0.89625835,-0.9552759,-0.032046843,0.14504072,1.1804986,84
0.086854085,1.2439914,-0.9076263,0.41325414,-0.25894815,-0.7562758,-1.7684495,0.35677212,-0.22697274,-1.4743006,-0.12318474,-0.93858564,-0.93842405,-0.020420253,0.05258836,1.1537677,81
2.8169153,1.5923296,-2.1188815,1.696915,-1.4748833,-1.0238117,-1.3307993,-1.7140292,1.3317636,-5.151119,-1.0381942,-0.16082333,-3.3837874,-0.19955069,-1.2493215,2.233827,13
0.010746568,1.2746972,-0.85714203,0.4168393,-0.30156714,-0.7165419,-1.7848353,0.38551354,-0.18573831,-1.5097947,-0.12831728,-0.9314013,-0.90781873,-0.032431435,0.03973776,1.1364127,81
3.7580252,1.2188736,-2.4863372,2.0072927,-0.9475961,-1.3073832,-1.4174633,-1.5300969,1.0875795,-5.7328916,-1.4308277,0.33480984,-4.341327,0.10038443,-0.9814032,2.4725606,104
2.3917115,1.8074938,-2.192301,2.3330245,-1.3815246,-0.75795454,-1.8521831,-1.8913383,0.9549331,-4.9490576,-0.52004033,-0.30614758,-2.3642871,-0.47412053,-1.349184,2.0410724,13
0.04376158,1.3368669,-0.8335328,0.40911674,-0.3594464,-0.70588756,-1.7621195,0.38603455,-0.094624475,-1.5370274,-0.19516033,-1.0219988,-0.89265126,-0.102019556,0.024282053,1.2314805,81
0.05341786,1.272732,-0.9054634,0.4383986,-0.2722338,-0.75420934,-1.7334869,0.5928296,-0.15709518,-1.6062937,-0.21432778,-0.92876905,-1.0144123,-0.0022882596,0.22670469,1.2179016,84
4.5761795,0.497911,-2.791226,1.9800221,-0.35173205,-1.1948328,-1.35501,-1.1265162,0.68204385,-5.8862233,-1.7464932,0.97251475,-5.3900294,0.50412625,-0.697864,2.521888,104
3.5807822,1.3349731,-2.6266859,1.6142784,-0.90122354,-1.1646956,-1.6121936,-1.7327121,0.83779246,-5.5173173,-1.1639166,0.23047258,-4.0128984,0.07046214,-1.3264794,2.1372697,104
1.9349693,1.3403492,-1.7954684,2.7545805,-0.69983506,-0.6437288,-1.6911352,-1.3960377,0.43401664,-4.281122,-0.26011497,0.035013765,-1.8110824,-0.23150739,-0.990844,1.8589988,13
2.8171597,1.7096888,-2.1361184,1.4341015,-1.507146,-1.0905191,-1.2383513,-1.7014105,1.5743932,-5.3527727,-1.0809846,-0.18159752,-3.5048199,-0.1269605,-1.2754402,2.2120996,13
3.8949585,0.77846533,-2.3792026,1.9629849,-0.6154345,-1.0713645,-1.5084958,-1.42406,0.46443552,-5.0783405,-1.4015421,0.47528553,-4.1395373,0.4649077,-1.1411259,2.1339355,104
0.15780945,1.1842455,-0.990279,0.5207998,-0.15021813,-0.8760217,-1.7375622,0.64704776,-0.2133659,-1.6510339,-0.249528,-0.8477855,-1.1705456,0.05357583,0.2905109,1.2778918,84
2.853715,1.606044,-2.3001156,2.2144284,-1.4207461,-0.92968774,-1.615258,-1.7562913,1.2043581,-5.412219,-0.86627585,-0.032313153,-3.3127735,-0.41784063,-1.1135387,2.300045,13
3.9632916,0.63222736,-2.509279,0.86380863,-0.18127862,-1.1210986,-1.3804777,-1.1337736,0.49756026,-4.743826,-1.5859673,0.4126575,-4.5249624,0.6223854,-1.43994,2.0666072,104
0.042388454,1.2395414,-0.94679356,0.52163595,-0.24979389,-0.8028641,-1.7144246,0.5751404,-0.11672588,-1.7030646,-0.27482623,-0.9394326,-1.0297043,-0.028309174,0.19793132,1.3137356,84
0.088989064,1.2675985,-0.9010958,0.45775884,-0.28043067,-0.79541415,-1.7294087,0.4228719,-0.09421866,-1.6259912,-0.22577439,-0.9757887,-0.9839066,-0.020729683,0.08953565,1.2580698,84
2.8548336,1.6355548,-2.2229214,1.8947605,-1.482128,-1.0728965,-1.3424306,-1.7492857,1.4147599,-5.377165,-1.0649353,-0.15090814,-3.41563,-0.25653344,-1.1713893,2.339278,13
0.035291612,1.3112876,-0.8570738,0.47015375,-0.3274328,-0.718401,-1.7431481,0.43933403,-0.10418497,-1.5868767,-0.1927788,-0.9798215,-0.9167501,-0.06848225,0.071641654,1.2389491,84
3.7739604,1.2126871,-2.4500082,1.9695331,-0.92947114,-1.3305049,-1.2855744,-1.4978032,1.2323873,-5.655508,-1.4670618,0.27516222,-4.3293195,0.105094805,-0.8808922,2.511327,104
2.470349,1.8107392,-2.2824695,2.4988165,-1.4124042,-0.8304277,-1.8088169,-1.917542,1.0694729,-5.187387,-0.5814849,-0.29257625,-2.4673939,-0.47682506,-1.2470636,2.1421163,13
0.106415346,1.3294423,-0.878575,0.48225218,-0.3548955,-0.77945876,-1.7224035,0.42766613,-0.0027855933,-1.6838583,-0.29298994,-1.0277884,-0.97972083,-0.062105194,0.064329326,1.3194674,84
0.12588383,1.2676059,-0.9414353,0.53533226,-0.2567786,-0.81647176,-1.6736832,0.6985245,-0.09047814,-1.712079,-0.320096,-0.95910114,-1.0911772,0.007571265,0.29814947,1.3523073,84
4.5426683,0.522777,-2.8232865,2.2144475,-0.44686607,-1.2369428,-1.3219972,-1.1359237,0.80237573,-6.1664133,-1.7609725,0.9987682,-5.422486,0.5233445,-0.5853214,2.606492,104
3.5489569,1.3955357,-2.56598,1.5500417,-0.9401227,-1.1265378,-1.5491054,-1.6967214,1.0638088,-5.582301,-1.1950692,0.1877117,-4.0222106,0.057390198,-1.2634432,2.1691206,104
2.2609684,1.4033711,-2.0234613,3.0609584,-0.7045369,-0.8027242,-1.5649924,-1.2252377,0.6243416,-4.7531686,-0.3950947,0.0033828616,-2.1334016,-0.15678394,-0.80441505,2.1115613,13
2.8277254,1.7613298,-2.268372,1.5647705,-1.4790502,-1.1718405,-1.2833376,-1.8040967,1.615373,-5.542847,-1.0878518,-0.19723523,-3.4706895,-0.14981084,-1.267858,2.2571003,13
3.9378572,0.73956203,-2.3846698,2.2003536,-0.671569,-1.0051769,-1.4471095,-1.3097324,0.5678578,-5.292969,-1.4096056,0.5632484,-4.259864,0.45816642,-0.9431624,2.2167888,104
0.21080057,1.157006,-0.9913405,0.6106527,-0.12295608,-0.96315145,-1.6419713,0.80233693,-0.13690709,-1.7453033,-0.39346996,-0.8872029,-1.2550588,0.08710724,0.42661703,1.4275703,84
2.9012911,1.59173,-2.400154,2.4214635,-1.4569875,-0.9821167,-1.5876303,-1.7379928,1.3146595,-5.7029405,-0.94436944,0.019383803,-3.4231853,-0.4278362,-1.0029461,2.408191,13
3.9780421,0.7475632,-2.528481,1.0320657,-0.162493,-1.2707975,-1.3560073,-1.1187236,0.6618086,-4.817938,-1.6315229,0.32726812,-4.371892,0.6635584,-1.3835104,2.1335416,104
0.17252253,1.1979581,-1.029314,0.6052138,-0.19795872,-0.93176377,-1.6733401,0.64239156,-0.088195935,-1.8108827,-0.4119771,-0.9430924,-1.1553024,0.046470672,0.2671445,1.4202888,84
0.18818702,1.2457718,-0.985394,0.5278057,-0.24456707,-0.90124434,-1.7078519,0.4618507,-0.046624586,-1.7724895,-0.34549984,-0.9716904,-1.093702,0.042802736,0.12912115,1.3413987,84
2.9046702,1.6241325,-2.3484626,2.0196958,-1.4598421,-1.1913129,-1.3145356,-1.7813808,1.5142615,-5.6339397,-1.1274285,-0.121192984,-3.4965324,-0.22682375,-1.088679,2.38891,13
0.11541568,1.3148459,-0.9135541,0.5413872,-0.31910646,-0.7874009,-1.7004604,0.51069576,-0.020960227,-1.7190592,-0.2940933,-1.004016,-1.0034605,-0.040737867,0.12142885,1.3471292,84
3.767085,1.24695,-2.5032935,2.144928,-0.9597832,-1.3338138,-1.1982596,-1.4413111,1.258953,-5.7045045,-1.4280049,0.2315727,-4.2911024,0.08614248,-0.749846,2.5758505,104
2.5637367,1.7412908,-2.3779304,2.6268287,-1.3925312,-0.88781554,-1.7451413,-1.9018877,1.092898,-5.3212276,-0.6260055,-0.22217986,-2.5788517,-0.42627737,-1.1360261,2.1793535,13
0.25451756,1.2886004,-1.0254369,0.5779225,-0.27071732,-0.9140089,-1.7081308,0.4981336,-0.021638215,-1.8137602,-0.39250433,-0.9918003,-1.1187371,0.042738497,0.121760964,1.3872877,84
0.28672814,1.2164091,-1.051039,0.65733635,-0.178424,-0.95596844,-1.6158698,0.81403774,-0.070081994,-1.8315327,-0.46039754,-0.95043486,-1.2421533,0.089812115,0.39197034,1.484974,84
4.7136555,0.3987953,-2.67486,2.2808633,-0.5842781,-1.496071,-0.7852565,-1.1748073,1.1299913,-6.3482428,-1.9245328,1.0880936,-5.798796,0.5476151,-0.11680576,2.8996646,104
3.5827386,1.4588779,-2.5745468,1.6100453,-1.0135583,-1.0928329,-1.480628,-1.6610581,1.2212526,-5.7298646,-1.2080092,0.18147533,-4.1047688,0.025376998,-1.1454797,2.2336156,104
2.7170792,1.2038823,-1.8409457,3.0180821,-0.78297484,-0.9478761,-1.0929585,-1.2084246,0.91167045,-4.569978,-0.6437781,0.06385361,-2.5575747,-0.17081226,-0.3787353,2.313645,13
2.866914,1.7934189,-2.3418198,1.6119503,-1.4659032,-1.2373707,-1.2534852,-1.8408111,1.7219756,-5.696268,-1.1143932,-0.19451974,-3.510849,-0.13608062,-1.2117498,2.2853618,13
4.185575,0.7265648,-2.1071022,2.2124777,-0.9043304,-1.2822362,-0.745211,-1.3541929,1.0753815,-5.3900847,-1.4894537,0.50902534,-4.6754045,0.339966,-0.29719198,2.5899715,104
0.422181,1.107595,-1.0881736,0.78349876,-0.05495149,-1.1060245,-1.5664909,0.8912988,-0.08588807,-1.8843187,-0.5610886,-0.87264985,-1.4254948,0.17419147,0.52404153,1.5973774,84
2.967621,1.5429721,-2.5243945,2.6114454,-1.4756255,-1.0168341,-1.5454514,-1.7307618,1.3431867,-5.9377723,-0.966966,0.094767764,-3.5122316,-0.3823791,-0.88666844,2.4362645,13
4.101081,0.87454784,-2.5705254,1.239157,-0.21444437,-1.3687156,-1.2754667,-1.026903,0.86778295,-5.0121613,-1.6665114,0.33023757,-4.4085155,0.6313351,-1.2236559,2.2318416,104
0.37847686,1.1684039,-1.1489301,0.7878785,-0.12309289,-1.0606787,-1.5968912,0.7307554,-0.08968134,-1.9078492,-0.5244727,-0.92523587,-1.2986188,0.13216393,0.34173298,1.5747509,84
0.35078192,1.2262554,-1.0877503,0.68378973,-0.19163744,-1.0136638,-1.6571662,0.50923043,-0.04342343,-1.8605577,-0.44394398,-0.9495675,-1.2115958,0.11698577,0.1867756,1.4646745,84
2.9086704,1.5939274,-2.418066,2.1578913,-1.4612858,-1.2189275,-1.2541587,-1.7464699,1.5463774,-5.7584233,-1.113683,-0.06986834,-3.5066175,-0.18727362,-0.97134686,2.3825157,13
0.283894,1.2715924,-1.0569301,0.63377213,-0.23396465,-0.93714464,-1.6795113,0.58275926,-0.030426607,-1.8419284,-0.4197728,-0.98007697,-1.1533306,0.062136874,0.18109104,1.43595,84
4.2072315,1.1080768,-2.3765137,2.0237608,-1.0295013,-1.7034935,-0.5845932,-1.3587681,1.7191471,-5.8550425,-1.6782875,0.3273973,-5.046554,-0.031863146,-0.1498485,2.9655874,104
2.7643743,1.59311,-2.0527968,2.2920284,-1.3514065,-0.9560898,-1.2615049,-1.7817574,1.4069206,-4.968893,-0.7382171,-0.15896946,-2.854548,-0.4954204,-0.7192706,2.2477355,13
0.41667026,1.2607933,-1.1414849,0.78449404,-0.19085786,-1.034328,-1.6209915,0.6366059,-0.036870733,-1.9151193,-0.4857927,-0.9699367,-1.2565254,0.1286672,0.22675589,1.5494906,84
0.5090398,1.1620741,-1.1901339,0.8735719,-0.06817291,-1.0966462,-1.5021827,0.96291095,-0.06745677,-1.9634527,-0.58228445,-0.9148275,-1.4128104,0.19076267,0.49155587,1.6684881,84
4.8823066,0.795642,-3.3821483,2.7676935,-0.8194573,-1.4688569,-1.1125604,-1.4631724,0.98585504,-7.4821835,-1.7040775,1.1549815,-6.078414,0.41712844,-0.13964851,3.0785635,104
3.5738466,1.4956028,-2.6299374,1.8456875,-1.1034082,-1.0176115,-1.4693923,-1.628885,1.2204906,-5.884635,-1.1510181,0.21628343,-4.112448,-0.02300097,-1.0215528,2.279154,104
3.1693733,1.3600527,-2.206984,3.152979,-0.9393796,-0.99669266,-1.0877912,-1.3172294,1.0100433,-5.198677,-0.72875786,0.1253772,-3.0615165,-0.20076127,-0.25214243,2.5482903,13
2.8995059,1.7584996,-2.3474414,1.5999275,-1.4223933,-1.2487335,-1.151837,-1.7942533,1.7693309,-5.6721025,-1.1250834,-0.1640325,-3.5456653,-0.11518873,-1.1073554,2.2781808,13
4.5021315,1.25965,-3.0753226,2.8565235,-1.2114658,-1.2385024,-1.2297785,-1.6361232,0.999691,-7.0803275,-1.3032681,0.6942292,-5.208411,0.1708647,-0.34025332,2.8199332,104
0.75722796,1.0943133,-1.1728415,1.0957199,-0.08710208,-1.1376885,-1.2708852,0.7978036,0.047700465,-2.011828,-0.5807165,-0.84840804,-1.5400059,0.21589667,0.59605384,1.8275661,84
3.2511294,1.4377259,-2.241308,2.2685137,-1.4124651,-1.1099699,-1.0621786,-1.5953876,1.6252235,-5.5687385,-1.107792,0.117291555,-3.778023,-0.45014533,-0.5044391,2.5198522,13
4.215853,0.9824139,-2.748947,1.6169525,-0.25549906,-1.4465582,-1.3347313,-1.0923694,0.94344133,-5.436286,-1.574914,0.39875305,-4.5029945,0.5679315,-1.0394912,2.2979257,104
0.5516119,1.1138573,-1.2724224,1.0459758,-0.027359143,-1.1645063,-1.437809,0.89039344,-0.06547387,-2.0818293,-0.6212394,-0.87208897,-1.4361225,0.21287763,0.43218017,1.7582446,84
0.5008766,1.1757149,-1.2159308,0.9195118,-0.08361733,-1.1407332,-1.5147223,0.68453526,-0.05872567,-1.9942361,-0.540699,-0.9157411,-1.337712,0.1959118,0.2978786,1.6454997,84
3.2056818,1.4973185,-2.1763527,1.9904331,-1.559128,-1.2349908,-0.74872416,-1.573953,1.7871051,-5.4353976,-1.2969527,-0.08654554,-3.8054202,-0.30058593,-0.58344746,2.559913,13
0.4712121,1.2469229,-1.1760957,0.84844434,-0.1578171,-1.0486678,-1.5740507,0.7282377,-0.038881287,-1.9484748,-0.52179134,-0.9640523,-1.2952797,0.1383297,0.27829593,1.6158222,84
4.341574,1.4373894,-2.9872084,2.4395456,-1.2187757,-1.7024887,-0.81665385,-1.5164471,1.6887242,-6.943786,-1.4612844,0.4201857,-5.3407784,-0.17776906,-0.063659675,3.1242204,104
2.899496,1.6588658,-2.1223743,2.4152641,-1.48628,-0.8950318,-1.1093802,-1.7658424,1.4421947,-5.3063226,-0.6979113,-0.045691803,-3.1205003,-0.5662565,-0.46754292,2.3688805,13
0.5185551,1.1656843,-1.27629,1.0441668,-0.08040686,-1.1553407,-1.4512749,0.84300536,-0.05836366,-2.091808,-0.57569665,-0.91046107,-1.4018065,0.21022394,0.36885256,1.7302834,84
0.6942235,1.1324365,-1.2346432,1.1897469,-0.1494404,-1.1050851,-1.2551651,0.8323625,0.14533792,-2.2896676,-0.51748455,-0.8447496,-1.5621161,0.19388452,0.62190056,1.8282825,84
4.5245333,1.1744523,-3.8244755,3.5298872,-1.1127479,-1.2408221,-1.7494116,-1.8629146,0.59942627,-8.486518,-1.1810429,1.2654146,-5.7953267,0.14093773,-0.25183892,3.0396776,104
3.8271627,1.5900131,-2.4816206,2.0772138,-1.4379195,-1.2658173,-0.92365956,-1.6527195,1.6727492,-6.2173057,-1.2156076,0.20578124,-4.558343,-0.2522108,-0.3914285,2.6780128,104
3.2424872,1.6544902,-2.6388073,3.4105806,-1.2401644,-0.7834796,-1.4374697,-1.5361726,0.9188966,-6.127976,-0.60098064,0.29033375,-3.300813,-0.36660862,-0.32884324,2.5944033,13
2.8171754,1.7767277,-2.260719,1.6972212,-1.5130125,-1.169624,-1.0588868,-1.7315763,1.8247072,-5.6126275,-1.1175525,-0.17642367,-3.4712944,-0.16807413,-0.9828208,2.3167922,13
4.227539,1.2459465,-3.1519287,3.1920533,-1.3929712,-1.1134995,-1.4412687,-1.8038876,0.8918321,-7.6276817,-1.1318862,0.8274416,-5.299501,-0.006318696,-0.25504094,2.9610956,104
0.86518186,1.2298435,-1.3118135,1.392734,-0.17220342,-1.0439732,-1.1069903,0.45477653,0.22811633,-2.3933506,-0.32877532,-0.83515376,-1.4168777,0.15493374,0.50135213,1.8647892,84
3.4254215,1.4653138,-2.333693,2.3118405,-1.4964648,-1.0983583,-0.8874562,-1.5528286,1.6824889,-5.8988276,-1.1181798,0.22668867,-4.1040063,-0.45099092,-0.27382183,2.6490164,13
4.459993,1.0655587,-3.2890651,2.3892965,-0.2885397,-1.6509287,-1.4232047,-1.1830133,0.94271857,-6.4416924,-1.4296201,0.44553113,-4.9107013,0.46346307,-0.70306814,2.5889053,104
0.603471,1.0546465,-1.29852,1.2283353,-0.11533362,-1.1398621,-1.3225904,0.85867304,0.05604565,-2.3724904,-0.5213171,-0.7797142,-1.6187221,0.1787141,0.66981864,1.8200628,84
0.5654899,1.1259418,-1.2680297,1.1722974,-0.18370567,-1.122716,-1.3386745,0.59429586,0.110377654,-2.3343155,-0.43896413,-0.8203293,-1.4974833,0.15664129,0.47798932,1.7475625,84
3.3109014,1.4971292,-2.1093469,1.89368,-1.6266563,-1.2053471,-0.5500801,-1.4530777,1.9075783,-5.5109234,-1.3511927,-0.01817888,-4.081814,-0.34910387,-0.37336692,2.6901994,13
0.5950982,1.1757041,-1.2947507,1.1199466,-0.09645477,-1.1073197,-1.4149487,0.81166244,-0.017819092,-2.1512656,-0.56243515,-0.8830188,-1.4042596,0.20807865,0.37289715,1.7560716,84
4.14627,1.717783,-3.3190994,2.6164775,-1.3954539,-1.4898442,-1.2509296,-1.8689109,1.3264253,-7.2793956,-1.0896758,0.47035086,-5.059723,-0.337508,-0.2653214,2.974752,104
2.8195672,1.7861081,-2.3653376,2.8043232,-1.5751383,-0.72641665,-1.2950902,-1.7887864,1.2515308,-5.8818126,-0.52774394,0.088557735,-3.1379938,-0.6332204,-0.42577788,2.4189532,13
0.5288783,1.0595819,-1.3354961,1.2232003,-0.14132658,-1.141699,-1.3507173,0.8650947,0.044772178,-2.3943696,-0.49686095,-0.79275423,-1.6035303,0.17762297,0.6181803,1.7969729,84
0.55626434,1.0231795,-1.2032039,1.2114265,-0.11787447,-1.0836018,-1.2666407,1.0731477,0.09006561,-2.3280582,-0.5515431,-0.7703495,-1.649733,0.20362246,0.83384293,1.8476859,84
4.4512258,1.1295887,-3.9071095,3.505692,-1.0966756,-1.1315893,-1.6455634,-1.8121794,0.4327616,-8.5098915,-0.97601545,1.3534311,-5.767153,0.17419872,-0.14865474,3.002203,104
3.66507,1.7815007,-2.6372323,2.2294111,-1.5893384,-1.2862622,-1.0435386,-1.8376405,1.7021021,-6.49967,-1.0271144,0.14025234,-4.4294295,-0.3445661,-0.38070506,2.7085664,104
3.184543,1.7307345,-2.9876153,3.5764365,-1.4140252,-0.61377865,-1.824408,-1.7731096,0.7160522,-6.9342318,-0.4219826,0.5813177,-3.5584247,-0.48151505,-0.41109845,2.5419452,37
3.221723,1.7178726,-2.209343,1.745135,-1.7138976,-1.2266295,-0.6334957,-1.5795224,1.9802802,-5.598171,-1.3522828,-0.15804926,-3.9605024,-0.3103242,-0.6021097,2.6323812,13
4.204938,1.1789036,-3.2806668,3.0294223,-1.2745647,-1.1387388,-1.3427124,-1.732654,0.7108168,-7.463582,-1.0054054,0.81995106,-5.238236,0.11202383,-0.25464994,2.9159555,104
0.6509184,1.3712163,-1.3832072,1.7502271,-0.36845922,-0.695877,-0.9295923,-0.19953139,0.506638,-2.7499824,-0.0827757,-0.72432464,-0.93038404,-0.15360226,-0.1906446,1.8932011,84
3.2971375,1.5818921,-2.354515,2.421414,-1.5597296,-0.98193026,-0.8399189,-1.5581906,1.5837566,-5.924773,-0.9179289,0.1274928,-3.8975773,-0.47054604,-0.20172834,2.6566706,13
4.4026356,0.8625748,-3.0557323,2.4135346,-0.5656978,-1.8341532,-0.8041211,-1.3631347,1.1471065,-6.423316,-1.37019,0.47363484,-5.217064,0.3431679,-0.09757577,2.8635511,104
0.49768275,1.0686762,-1.323734,1.139233,-0.19267586,-1.0286733,-1.2586162,0.8524783,0.0054000765,-2.3150916,-0.4015066,-0.8538072,-1.5153298,0.17245996,0.78623086,1.779583,84
0.45773214,1.091958,-1.2782606,1.1357027,-0.22414346,-1.0506591,-1.2559032,0.67218494,0.07672219,-2.297889,-0.34992,-0.86387295,-1.4526916,0.16093743,0.6565337,1.7393154,84
3.1164854,1.6329404,-2.166323,2.0509663,-1.7229339,-1.1369357,-0.66215575,-1.5525523,1.8060092,-5.6365113,-1.1643876,-0.07946102,-3.8606584,-0.41800907,-0.37695146,2.68623,13
0.5606076,1.0781295,-1.3036373,1.2202436,-0.15095928,-1.1093433,-1.3420744,0.9075215,0.07244785,-2.3982115,-0.5073185,-0.79206455,-1.6130869,0.17657298,0.6668693,1.8064821,84
3.9919782,1.7849146,-3.6568048,2.6765552,-1.3557068,-1.4707029,-1.4527166,-2.0084085,1.1548262,-7.449712,-0.8438548,0.513547,-4.870513,-0.3444197,-0.3437248,2.9108436,104
2.8879879,1.8200377,-2.6216009,3.1075225,-1.5233418,-0.73349714,-1.4423718,-1.7755057,1.1154444,-6.379361,-0.37854174,0.20462914,-3.2815154,-0.6401574,-0.3269757,2.4733996,13
0.38349015,1.0641197,-1.3183761,1.0379326,-0.24579443,-1.0414889,-1.3226273,0.7789188,0.041167542,-2.2887597,-0.3948493,-0.8582366,-1.4780049,0.15767558,0.701302,1.7081795,84
0.44242322,0.9884257,-1.1790234,1.0228395,-0.22839577,-0.9683039,-1.1973262,0.95499825,0.010240242,-2.1689553,-0.43366492,-0.8231214,-1.5248582,0.21917099,0.95271736,1.7266479,84
4.1003475,0.62271327,-3.4077017,3.2320728,-0.799961,-1.0016131,-1.339632,-1.570184,0.09925781,-7.2045465,-0.9563374,1.238239,-5.223033,0.34196675,-0.109447375,2.8315108,104
3.655759,1.9372877,-3.000338,2.28608,-1.5931782,-1.2400703,-1.2811275,-1.9533389,1.5213073,-6.852806,-0.81716263,0.14565559,-4.444857,-0.39625716,-0.48869497,2.6936455,104
2.9323032,1.4828991,-2.9152446,3.4751072,-1.4016947,-0.6146693,-1.7630548,-1.8111879,0.5638583,-6.7345204,-0.43823126,0.65886694,-3.4398248,-0.41934603,-0.40107396,2.5399914,37
3.2139494,1.6876844,-2.1642826,1.7394062,-1.7691488,-1.2477255,-0.59705573,-1.5380948,2.0484788,-5.658543,-1.396795,-0.09256209,-4.1114416,-0.3705633,-0.4997097,2.7465134,13
3.9481425,0.98704404,-3.0530646,2.6661406,-1.0526248,-1.1336004,-1.1511872,-1.5576109,0.6090305,-6.603967,-0.9630816,0.62255853,-4.786345,0.25764456,-0.33459127,2.7783637,104
0.49719906,1.4482803,-1.6366385,1.8375376,-0.58248276,-0.4944117,-1.0336754,-0.8147463,0.53872454,-2.9781773,0.06265119,-0.6325482,-0.59154546,-0.32921854,-0.6931723,1.7913294,84
3.2699552,1.6569198,-2.6602929,2.427003,-1.611796,-0.8660295,-0.8828599,-1.6077931,1.3828802,-6.2159543,-0.6801666,0.14426844,-3.9507987,-0.51312244,-0.18233307,2.6294384,13
4.433246,1.200326,-3.7926626,2.8141923,-0.818187,-1.6994821,-1.4620368,-1.7763244,0.79404575,-7.472348,-1.1167473,0.67000353,-5.3671093,0.22417602,-0.39641777,2.8056319,104
0.34776634,1.0679605,-1.4143683,0.89160323,-0.24009822,-0.9837091,-1.3369844,0.7380344,-0.07292335,-2.209443,-0.32750484,-0.8474632,-1.3985631,0.18054417,0.7550981,1.6083875,84
0.34229463,1.0677975,-1.3412943,0.87571335,-0.25771195,-1.0191357,-1.3595986,0.64849335,-0.027312323,-2.1957335,-0.30018547,-0.85020244,-1.4106061,0.1811252,0.73863393,1.5688868,84
2.9961782,1.5881906,-2.252449,1.9285399,-1.6775918,-1.0103314,-0.6603179,-1.5805194,1.6436188,-5.550138,-0.9114376,-0.033956155,-3.7816114,-0.48642978,-0.29913202,2.6190963,13
0.42374438,1.092049,-1.3047183,1.0546932,-0.25903925,-1.0047725,-1.3089838,0.77817065,0.04871735,-2.3027115,-0.3797531,-0.8580999,-1.4663485,0.15579066,0.7123504,1.7104884,84
3.8284135,1.6595418,-3.7260745,2.2664409,-1.188997,-1.6602348,-1.4108984,-2.091067,1.154074,-7.0621996,-0.87632257,0.39565426,-4.610831,-0.17071879,-0.5046084,2.7119286,104
2.762273,1.7912325,-2.7155764,2.8719773,-1.5216479,-0.7106039,-1.37486,-1.8196481,1.0743432,-6.2538934,-0.25685287,0.13447554,-3.148643,-0.62735736,-0.34579998,2.3717494,13
0.21455927,1.1412522,-1.4335973,0.79177284,-0.3079357,-1.0136627,-1.4366846,0.6588411,0.010068491,-2.251062,-0.32684478,-0.8796137,-1.3419827,0.15731807,0.6226992,1.5620372,84
0.2761169,1.0280105,-1.3340144,0.8233237,-0.2592386,-0.9769095,-1.2651477,0.79912657,-0.049372748,-2.0861325,-0.36757588,-0.8527179,-1.3601538,0.20636794,0.822961,1.6084363,84
3.927938,0.5715479,-3.3535876,2.6604452,-0.70572627,-1.1898395,-1.2157602,-1.5546228,0.102830686,-6.48356,-1.0530996,0.9783592,-4.9239798,0.4609614,-0.37360513,2.683202,104
3.5228534,2.0679774,-3.458477,2.1862707,-1.5540724,-1.2769566,-1.5254028,-2.098644,1.4177666,-7.128761,-0.5874667,0.106469646,-4.3458548,-0.42136002,-0.6621028,2.6210837,104
3.048641,1.5160666,-3.0179913,2.9454823,-1.3928254,-0.84026676,-1.7020695,-1.8657608,0.7028063,-6.679563,-0.5818718,0.5776495,-3.671716,-0.26682478,-0.6002549,2.491259,13
3.1091154,1.8051339,-2.4316556,1.7238501,-1.8022633,-1.2162801,-0.8240406,-1.6500161,1.8956937,-5.8894696,-1.2170825,-0.062165424,-4.0801916,-0.46932855,-0.6142632,2.7135718,13
3.914003,0.8796174,-3.1094189,2.4471335,-0.93825877,-1.3185674,-1.1027594,-1.4749522,0.6455803,-6.5155716,-1.0589339,0.62414604,-4.8618655,0.3907511,-0.41051048,2.7482831,104
0.27917778,1.4805319,-1.7973902,1.6753017,-0.6812309,-0.51853555,-1.1433725,-1.0579501,0.5132558,-2.9131587,0.030985117,-0.67020446,-0.3765083,-0.37514916,-0.9690176,1.7276633,81
3.1760254,1.7317116,-3.1387093,2.5385551,-1.5999283,-0.98557585,-1.041286,-1.7104173,1.3434682,-6.7140594,-0.51570046,0.17943858,-3.9593894,-0.5430961,-0.16075799,2.664191,13
4.05604,1.2137995,-3.9860137,3.0156226,-1.1616656,-1.5722377,-2.0154338,-2.3533115,0.46721488,-8.134056,-0.9384059,1.0323617,-5.3612366,0.14511722,-0.6968901,2.6394837,104
0.18049918,1.0393463,-1.4286568,0.71696687,-0.27999005,-0.9686778,-1.4108858,0.6378383,-0.14781158,-2.048812,-0.35975733,-0.8251033,-1.2813727,0.15099673,0.6712175,1.5282866,84
0.23082869,1.04926,-1.4225458,0.7843722,-0.2781911,-1.0166434,-1.4021533,0.574402,-0.07844834,-2.1554596,-0.32122025,-0.8232484,-1.3330674,0.13889693,0.67414594,1.5267863,84
2.8994021,1.4907744,-2.4425373,1.8328198,-1.5724488,-1.1316684,-0.6014558,-1.6086713,1.5926613,-5.5046864,-0.78565735,-0.04101421,-3.6912029,-0.40018263,-0.20946412,2.580982,13
0.26759332,1.1416671,-1.4224187,0.8865335,-0.299748,-0.986002,-1.3662217,0.6370074,0.03248255,-2.281725,-0.3151305,-0.86098075,-1.3221117,0.15738867,0.6005504,1.6006359,84
3.8224583,1.7071042,-3.7128372,2.1773934,-1.23791,-1.6752288,-1.375184,-2.032818,1.3037273,-7.209908,-0.97272515,0.31917852,-4.656297,-0.12971362,-0.5669447,2.782286,104
2.7406805,1.8824435,-2.934505,2.3597426,-1.5714198,-0.997238,-1.2996416,-1.8921003,1.3176396,-6.1215563,-0.39982152,-0.11118451,-3.216729,-0.58796895,-0.52077806,2.5280592,13
0.13671793,1.0798541,-1.409162,0.63460207,-0.33967897,-0.9786048,-1.4808688,0.6326812,-0.070811555,-2.1263685,-0.38678646,-0.8210719,-1.338919,0.15817839,0.6466159,1.5093689,84
0.16736601,1.0153383,-1.3838328,0.5873805,-0.28454605,-0.9367389,-1.3514178,0.754448,-0.15600638,-1.9202509,-0.38100374,-0.8209517,-1.2939904,0.2053974,0.76800454,1.4952995,84
3.7517393,0.4433621,-3.363875,2.2830791,-0.6466304,-1.2987503,-1.2156677,-1.6475617,0.07176486,-6.123222,-1.0575027,0.96528625,-4.796298,0.6053156,-0.5416957,2.4449296,104
3.4220877,2.139578,-3.7153714,2.0041203,-1.4758177,-1.5235615,-1.5128598,-2.1037557,1.5359136,-7.207193,-0.61763823,-0.06683913,-4.1926837,-0.33713818,-0.767014,2.619762,104
2.9390278,1.4697869,-2.85778,2.4932547,-1.3856816,-0.8805799,-1.5458038,-1.8138251,0.75813556,-6.0993648,-0.70656013,0.36779523,-3.4923408,-0.16388416,-0.7706939,2.4356053,13
2.9510586,1.8278077,-2.559137,1.4291091,-1.702532,-1.2386376,-0.8647115,-1.7648083,1.923417,-5.8247247,-0.9719643,-0.11679622,-3.9490585,-0.46020818,-0.6391271,2.6102529,13
3.8545132,0.812626,-3.2027032,2.3469954,-0.8486353,-1.4230329,-1.1817021,-1.5338663,0.5750407,-6.3871784,-1.080004,0.65273964,-4.777321,0.4748652,-0.5298563,2.634903,104
0.35464877,1.6030128,-1.8983098,1.6098253,-0.7924398,-0.49687946,-1.2600436,-1.2992966,0.5308348,-2.9609294,0.05041802,-0.71159595,-0.30754036,-0.361966,-1.1880848,1.664001,81
3.3062634,1.871936,-3.3894846,2.238752,-1.5256069,-1.2720441,-1.1636889,-1.8550014,1.4292686,-6.818672,-0.6166643,0.09679718,-4.0702343,-0.43312126,-0.39005768,2.6732292,104
3.7622669,0.8083582,-3.573418,2.8638458,-1.0202578,-1.4224619,-1.7379737,-2.0516942,0.3044777,-7.5123367,-0.9781623,1.1282939,-5.119223,0.31427726,-0.6002339,2.55095,104
0.07666199,1.0855188,-1.4324071,0.4230852,-0.33065462,-0.866404,-1.4903638,0.5850435,-0.2637505,-1.7864496,-0.32342196,-0.85758585,-1.1434338,0.1772067,0.6256541,1.396806,84
0.13812532,1.0647475,-1.4133818,0.4894601,-0.32307798,-0.92369956,-1.458293,0.5823716,-0.18298958,-1.8878086,-0.33299276,-0.83852553,-1.2334862,0.15502006,0.67313606,1.422864,84
3.1063757,1.5669894,-2.799497,1.4626445,-1.4177724,-1.4646597,-0.7169565,-1.7811898,1.6232907,-5.560944,-0.9043358,-0.16108267,-3.8280666,-0.22455518,-0.47878158,2.566092,104
0.18714945,1.0793792,-1.3979665,0.66133213,-0.3147837,-0.9568752,-1.4303427,0.64211535,-0.08897032,-2.0717776,-0.3681936,-0.816607,-1.3117929,0.16692916,0.6508303,1.5195167,84
3.7836347,1.5853053,-3.662279,1.9589578,-1.2271603,-1.6755726,-1.3119328,-1.9816437,1.3277932,-6.7454486,-1.1044743,0.18033837,-4.524891,-0.1507109,-0.695528,2.7788699,104
2.9213924,2.009396,-3.2516365,2.1036968,-1.5429888,-1.1707828,-1.3583887,-1.9561625,1.4160986,-6.2546887,-0.5103203,-0.2696259,-3.3444388,-0.4752998,-0.75485736,2.6102297,13
0.0700299,1.1221128,-1.4279141,0.3800786,-0.36603454,-0.88963974,-1.5086923,0.6433348,-0.16008283,-1.8795637,-0.38739526,-0.88858914,-1.210893,0.15542252,0.64410275,1.4391433,84
0.10052584,1.141058,-1.4374186,0.39753824,-0.34110987,-0.86301416,-1.4732096,0.5850499,-0.20527555,-1.801295,-0.3248105,-0.8815514,-1.1471399,0.220799,0.5993914,1.4184587,84
3.4967294,0.32623586,-3.2296605,1.975649,-0.52817804,-1.3819182,-1.1982105,-1.6339815,0.121306926,-5.752392,-1.0753071,0.9574219,-4.5505123,0.65735453,-0.61003506,2.2260382,104
3.5610774,2.2255614,-3.8370273,2.0947843,-1.4870852,-1.6203759,-1.4881539,-1.9992182,1.7122755,-7.6098676,-0.7142402,-0.09203352,-4.3729224,-0.28827393,-0.75165176,2.7747078,19
2.8049006,1.3123896,-2.7091377,2.2095532,-1.2893465,-0.8954933,-1.4466088,-1.719019,0.7593987,-5.6744475,-0.76961184,0.3176986,-3.3609078,-0.10174325,-0.82860714,2.33624,13
2.9094906,1.6631737,-2.6557121,1.0032555,-1.4136217,-1.4196651,-0.6945304,-1.7045941,1.8768616,-5.27566,-0.9478391,-0.2976937,-3.6543262,-0.20419058,-0.69520205,2.4293437,19
3.6068003,0.76003015,-3.132823,2.1733518,-0.7737049,-1.4464661,-1.2217321,-1.5850153,0.5406709,-6.1125016,-1.043711,0.66358685,-4.4930363,0.45395356,-0.6048755,2.4438438,104
0.4206633,1.6720393,-2.0190964,1.6652399,-0.83467305,-0.50678194,-1.3910406,-1.4762373,0.5585576,-3.2046647,0.080160916,-0.6677352,-0.36495072,-0.35560906,-1.2707784,1.6607126,81
3.3277597,1.8224297,-3.4907715,2.1029468,-1.3511167,-1.4423251,-1.1809769,-1.9012434,1.3839878,-6.5004683,-0.70113814,-0.09045987,-3.863677,-0.3268995,-0.5531384,2.6695714,104
3.4041834,0.5920645,-3.305133,2.6190624,-0.84103584,-1.2928569,-1.5473325,-1.9032285,0.22031617,-6.751702,-0.8472042,1.0724392,-4.6122456,0.42730713,-0.5743151,2.3223295,104
-0.015377939,1.2351855,-1.4541245,0.34085083,-0.39201355,-0.8105845,-1.5958352,0.40888894,-0.22262274,-1.7743227,-0.28817853,-0.9206438,-0.98939675,0.17486393,0.42935276,1.3746829,84
0.05587524,1.2295451,-1.4310979,0.4475549,-0.37172973,-0.84655106,-1.5545557,0.4912718,-0.16693021,-1.8892422,-0.28593233,-0.91235644,-1.0955533,0.15114884,0.5390423,1.4375396,84
3.1486285,1.56601,-2.9372404,1.5067645,-1.3818581,-1.4703251,-0.70742655,-1.7319816,1.6154772,-5.5828996,-0.94687796,-0.2562653,-3.771397,-0.2318115,-0.5080365,2.667156,13
0.12087853,1.1580042,-1.4191952,0.39118016,-0.3552457,-0.8746995,-1.4948819,0.616785,-0.16775088,-1.8406538,-0.35093105,-0.9034972,-1.1855884,0.18081358,0.6315316,1.4391667,84
3.4901423,1.5321956,-3.4845574,1.7552377,-1.2797601,-1.4972687,-1.1840637,-1.9159052,1.4540472,-6.2985463,-1.0382273,-0.0020506978,-4.1219225,-0.2638714,-0.7008851,2.6574035,104
2.8723786,1.9886684,-3.2296245,1.9623145,-1.5531813,-1.123877,-1.3164749,-1.9112601,1.4432406,-5.9725604,-0.58668065,-0.4263994,-3.1686385,-0.46288726,-0.8802539,2.6139708,13
4.3556094e-05,1.3240153,-1.5015779,0.3019901,-0.4231497,-0.8574584,-1.6467838,0.46601593,-0.10331471,-1.8947086,-0.3740202,-0.98312,-1.0546103,0.13293491,0.41423517,1.4387417,84
0.02443859,1.2804497,-1.4487559,0.3028617,-0.4001568,-0.82419187,-1.5707495,0.38630027,-0.14603065,-1.7618846,-0.30810532,-0.96412486,-0.97693026,0.19126296,0.39286065,1.3868195,84
3.360079,0.35012448,-3.21998,1.9198331,-0.4954179,-1.4400688,-1.2590151,-1.6337937,0.19192114,-5.7382708,-1.0715697,0.89474154,-4.3884153,0.59850824,-0.67451715,2.1598544,104
3.585365,2.0776408,-3.790926,2.0275102,-1.4577827,-1.6382779,-1.4047651,-1.8883288,1.8118922,-7.4462667,-0.7849449,-0.083964124,-4.444115,-0.33182847,-0.6911331,2.7848296,19
2.680709,1.1445901,-2.5944757,2.0234804,-1.1772822,-0.978326,-1.3615437,-1.6601032,0.7989194,-5.3356833,-0.83670706,0.2720452,-3.232505,-0.115872666,-0.8112155,2.2547154,13
3.129891,1.7877116,-2.8326914,0.9799906,-1.3718638,-1.4776727,-0.68597025,-1.6187727,1.9587026,-5.458289,-1.0172746,-0.41733712,-3.718519,-0.11585646,-0.7496645,2.5141845,19
3.3906224,0.68963826,-3.0566175,2.090578,-0.72209156,-1.4074194,-1.240155,-1.5903016,0.4887939,-5.8693357,-1.0146852,0.6436449,-4.220829,0.39302474,-0.6552348,2.3120265,104
0.4809599,1.7509058,-2.1148858,1.6783663,-0.85216653,-0.55091,-1.5025096,-1.5786086,0.6535861,-3.4201841,0.09362531,-0.6556569,-0.43127495,-0.36639658,-1.3335252,1.6540893,81
3.2253537,1.6095189,-3.4163659,1.7160498,-1.2178389,-1.4885445,-1.1226579,-1.969471,1.3404517,-5.8199377,-0.82459766,-0.24075444,-3.607563,-0.22559993,-0.7536571,2.5449164,104
3.3814435,0.660449,-3.1659796,2.3238468,-0.82675636,-1.3508044,-1.4447634,-1.759822,0.4068327,-6.4513454,-0.9225654,0.95069146,-4.5249963,0.42250788,-0.626148,2.279454,104
-0.041089743,1.3370066,-1.4266297,0.20852995,-0.44853964,-0.7551115,-1.6830518,0.29406905,-0.1728576,-1.6666884,-0.290319,-0.99209785,-0.88047206,0.14274696,0.2712073,1.3342655,84
0.04733698,1.3494655,-1.4088192,0.31341547,-0.43641356,-0.79497766,-1.6344178,0.34784675,-0.09013407,-1.7853482,-0.2845955,-1.0017374,-0.97832555,0.13015413,0.36311778,1.3988276,84
3.1450386,1.4212338,-2.9854803,1.3940663,-1.2986815,-1.415234,-0.7047208,-1.7286783,1.5577477,-5.338624,-1.0570914,-0.28207305,-3.6605206,-0.17919594,-0.6139814,2.619793,13
0.05196041,1.3214943,-1.4714025,0.3256415,-0.40708312,-0.84625554,-1.6173096,0.4427747,-0.101992086,-1.8509046,-0.3406628,-0.9848742,-1.0439684,0.15673985,0.41880953,1.4374495,84
3.2400959,1.5636239,-3.391998,1.8049861,-1.3360686,-1.3914562,-1.1926622,-1.8886669,1.5190041,-6.267424,-0.91693324,-0.06727345,-3.836842,-0.38142365,-0.6709771,2.5581317,104
2.7941933,1.895461,-3.1398,1.7286545,-1.5435864,-1.0910218,-1.250952,-1.9097242,1.541718,-5.692138,-0.6740304,-0.4680047,-3.0645528,-0.4782837,-0.94123757,2.516122,13
-0.050759405,1.4338589,-1.4616606,0.18307471,-0.49324924,-0.7675672,-1.7249177,0.35087174,-0.045705304,-1.7901256,-0.36799628,-1.0622352,-0.91751146,0.08565225,0.24020043,1.404053,84
-0.019928008,1.3792602,-1.4096119,0.1936652,-0.44858927,-0.7712239,-1.6572492,0.29460353,-0.093299046,-1.6627091,-0.3084406,-1.0474818,-0.85087043,0.14038634,0.23689672,1.3523397,84
3.2597198,0.34138325,-3.138198,1.7965056,-0.47968388,-1.4850662,-1.2570024,-1.6908854,0.29297566,-5.673587,-1.1038358,0.7723465,-4.308551,0.5287937,-0.7380741,2.1522975,104
3.261436,1.8462361,-3.451914,1.8167621,-1.4340029,-1.470411,-1.2966702,-1.7955979,1.8304754,-6.806421,-0.7743871,-0.10971317,-4.0895967,-0.39810726,-0.6931167,2.5862017,19
2.6671078,1.0703295,-2.5672786,2.0785384,-1.1272464,-1.0257621,-1.3418047,-1.6608729,0.77462745,-5.323975,-0.83033425,0.2728992,-3.2103226,-0.123653784,-0.772411,2.2193894,13
3.211524,1.8016301,-2.9543912,1.0642418,-1.3973923,-1.4484499,-0.73529726,-1.6134093,2.0154297,-5.6124663,-1.0875077,-0.43166125,-3.782778,-0.2117489,-0.77092195,2.60355,19
3.2501707,0.5801997,-2.958393,1.9882818,-0.66819966,-1.426069,-1.2172866,-1.6345671,0.49962282,-5.7050457,-1.0502367,0.5934552,-4.1074185,0.35284114,-0.6850288,2.2570229,104
0.5284004,1.787934,-2.1697724,1.8870186,-0.83862674,-0.5801905,-1.5690587,-1.5527564,0.67731655,-3.670559,0.11252841,-0.636367,-0.5078763,-0.41614923,-1.3214741,1.720288,81
2.8771353,1.5005294,-3.1693146,1.4321464,-1.1773412,-1.4039671,-1.0210625,-1.9624982,1.4264121,-5.2242346,-0.7718373,-0.3974529,-3.153033,-0.25487155,-0.7764243,2.381129,104
3.1282578,0.4385105,-2.8726022,2.2382321,-0.7357733,-1.3108809,-1.2974133,-1.5712434,0.3904711,-5.9006467,-0.9533098,0.9452168,-4.23576,0.39149058,-0.5408077,2.17801,104
-0.097172916,1.35538,-1.3769035,0.1638692,-0.46822006,-0.7233183,-1.7003639,0.24533936,-0.14181592,-1.5885422,-0.28168637,-1.0331943,-0.7883066,0.098634526,0.19605121,1.3048955,81
-0.0017529577,1.3900012,-1.3602858,0.23788017,-0.46635062,-0.74536073,-1.6616983,0.28210002,-0.05931823,-1.6831945,-0.2663618,-1.0520874,-0.8659399,0.096408054,0.2754087,1.3524833,84
3.0025148,1.4598684,-2.9972343,1.2979276,-1.3140979,-1.3486978,-0.7343321,-1.7567292,1.6706897,-5.224195,-1.0310464,-0.38449657,-3.403844,-0.22495967,-0.6693307,2.525664,13
0.023727417,1.4144907,-1.422309,0.21075195,-0.4649489,-0.7656006,-1.686537,0.35810354,-0.055183366,-1.7507287,-0.3408599,-1.0539324,-0.93624353,0.12277086,0.27887583,1.4029013,84
3.138403,1.5047561,-3.4384844,2.0267687,-1.2807349,-1.4567225,-1.2131844,-1.9237425,1.4153976,-6.433266,-0.8111877,0.002999559,-3.774352,-0.39847365,-0.5849643,2.4978263,104
2.5079784,1.6878161,-2.8513477,1.4443774,-1.4579359,-1.0344287,-1.0933189,-1.834949,1.6009058,-5.127358,-0.70045733,-0.5151601,-2.7802193,-0.54469204,-0.8886938,2.3680024,13
-0.10756737,1.4322513,-1.4174229,0.12516266,-0.51116323,-0.7074317,-1.7393284,0.27821916,-0.064410195,-1.670747,-0.31830513,-1.0829933,-0.8100982,0.055355147,0.1665763,1.3354759,81
-0.08025998,1.3687575,-1.3456515,0.16543806,-0.46622762,-0.74531096,-1.6716409,0.233823,-0.07535048,-1.5927209,-0.29875702,-1.069726,-0.77791494,0.10076386,0.16780385,1.3180181,81
3.2486055,0.41088516,-3.1503627,1.647386,-0.48467046,-1.5551034,-1.2846239,-1.7454773,0.42379147,-5.696348,-1.1311905,0.6475015,-4.2963843,0.46307075,-0.8440437,2.1489205,104
2.9696782,1.6411217,-3.2524612,1.7389001,-1.3805249,-1.3932246,-1.1943107,-1.7565932,1.8240958,-6.495412,-0.7049846,-0.053653225,-3.8442695,-0.42096835,-0.6146688,2.3972416,19
2.7088487,0.971896,-2.5729516,2.2889323,-1.0801405,-1.0785182,-1.35286,-1.6581734,0.7122805,-5.5004706,-0.8141132,0.3585608,-3.3202775,-0.13096948,-0.6882639,2.2393105,13
3.0959358,1.6911236,-2.9500332,1.0466079,-1.4225016,-1.3031484,-0.7423054,-1.5832583,1.9926867,-5.461422,-1.1387675,-0.41620195,-3.6481879,-0.281901,-0.8266913,2.5647404,13
3.2092075,0.5796065,-2.964287,1.8579565,-0.63474905,-1.472006,-1.2305036,-1.6783541,0.55732024,-5.6345496,-1.0555953,0.5148145,-4.06557,0.29211098,-0.75248474,2.217647,104
0.57867944,1.7852073,-2.1365473,2.0340743,-0.857097,-0.606756,-1.5725482,-1.5630624,0.7284754,-3.8536162,0.11070725,-0.6311415,-0.6130031,-0.45319214,-1.2879641,1.7798353,81
2.6856673,1.470511,-3.069241,1.500574,-1.1947416,-1.3434504,-1.0528076,-1.9645483,1.4327404,-5.205328,-0.7016913,-0.3999493,-2.9635773,-0.31644422,-0.7416679,2.3132539,13
3.0768769,0.39442176,-2.831082,2.186727,-0.7365862,-1.3766254,-1.2144854,-1.5602964,0.4847135,-5.8017893,-0.9826119,0.8825426,-4.180098,0.35830203,-0.48939598,2.1577299,104
-0.13434872,1.3435067,-1.2927012,0.16168278,-0.48648697,-0.7180025,-1.682754,0.17933388,-0.09793021,-1.5284517,-0.28226686,-1.0721608,-0.7315853,0.044496924,0.13370872,1.2968054,81
-0.036005482,1.3777535,-1.2849089,0.22546285,-0.4772579,-0.74195325,-1.646435,0.20622331,-0.023370117,-1.604389,-0.2648487,-1.0938237,-0.793877,0.04242398,0.1969586,1.3359197,81
2.8394763,1.5270708,-3.0059447,1.487674,-1.3493451,-1.3076134,-0.8033549,-1.7824363,1.6898111,-5.383343,-0.91029036,-0.40290546,-3.1963575,-0.30542493,-0.6220498,2.4743705,13
-0.034289926,1.3963739,-1.3606689,0.17654866,-0.4798387,-0.7297236,-1.683635,0.28842688,-0.060513243,-1.6481061,-0.31437254,-1.0738769,-0.8414377,0.08476362,0.21577084,1.351583,81
3.1446655,1.5636125,-3.5281172,2.1107721,-1.2210392,-1.5731357,-1.2097611,-1.9847412,1.4678128,-6.5610423,-0.72618556,-0.023307845,-3.7656333,-0.41208178,-0.55417657,2.466821,104
2.3662865,1.6149436,-2.7434015,1.5237714,-1.443076,-1.0185586,-1.0803777,-1.835304,1.5550352,-4.9942584,-0.64366865,-0.516147,-2.6239996,-0.6013976,-0.8310584,2.3177557,13
-0.14124562,1.4123163,-1.3555204,0.115943134,-0.5146259,-0.6923842,-1.6938596,0.21342519,-0.03988664,-1.5792019,-0.293544,-1.1142404,-0.7286545,0.0041207597,0.10688993,1.3048397,81
-0.11027164,1.3504571,-1.2864654,0.16206396,-0.47450864,-0.747725,-1.6642065,0.18927783,-0.043529525,-1.5592186,-0.2971505,-1.0890568,-0.7493987,0.051215395,0.13095579,1.307509,81
3.2435162,0.44931018,-3.1798613,1.5437554,-0.44190025,-1.5977203,-1.2876399,-1.750544,0.47874057,-5.6528983,-1.0974746,0.56860244,-4.24858,0.3929555,-0.9005763,2.1048486,104
2.912903,1.6287355,-3.320331,1.7370087,-1.3359698,-1.4478931,-1.1785581,-1.8349484,1.7752388,-6.4213724,-0.6513939,-0.087830104,-3.7262402,-0.45439547,-0.6298202,2.331726,19
2.7834635,0.98756117,-2.5933502,2.3915873,-1.0777476,-1.1302295,-1.3857925,-1.6488696,0.7667885,-5.6225886,-0.8105029,0.35329813,-3.404584,-0.19333255,-0.67984736,2.2668824,13
2.9650693,1.7267921,-2.9806244,1.022132,-1.4509934,-1.1858712,-0.7579324,-1.5578004,2.057063,-5.489415,-1.081368,-0.41659462,-3.4653988,-0.3447749,-0.8416448,2.466673,13
3.1968288,0.62824494,-3.0135694,1.8018264,-0.60224426,-1.4922022,-1.2763855,-1.7100501,0.57482404,-5.5906043,-1.0145962,0.46284866,-3.982395,0.21329743,-0.8241217,2.1617975,104
0.60030085,1.728016,-2.082491,2.0877728,-0.8274598,-0.66498536,-1.5450249,-1.5278459,0.7599731,-3.9021137,0.087813675,-0.6244563,-0.69771016,-0.47889513,-1.2482693,1.8109721,81
2.5738533,1.4043,-3.0242658,1.6350483,-1.1907343,-1.3126109,-1.024854,-1.887877,1.4042602,-5.250437,-0.6025045,-0.3613159,-2.915507,-0.3416716,-0.65428823,2.2641945,13
3.087827,0.39750516,-2.8734589,2.256773,-0.71284497,-1.4840653,-1.245549,-1.6362894,0.48894358,-5.8797603,-1.0038817,0.838181,-4.196101,0.29698727,-0.50167286,2.2012658,104
-0.13643701,1.3143448,-1.2372434,0.18674785,-0.4659282,-0.7280711,-1.6760585,0.19556043,-0.09434126,-1.5106413,-0.28185475,-1.0748188,-0.73954946,-0.0052221715,0.1313087,1.2953241,81
-0.04122065,1.3447713,-1.2166406,0.2562384,-0.459423,-0.7434928,-1.6256044,0.20638505,-0.016863927,-1.5616726,-0.26548293,-1.1079929,-0.7762047,-0.019967094,0.17130998,1.3423791,81
2.7776031,1.5337452,-3.0557911,1.6485444,-1.3216084,-1.3201615,-0.78134906,-1.7386645,1.6882741,-5.5386333,-0.7872234,-0.3827753,-3.165533,-0.33578444,-0.54277766,2.4334745,13
-0.05912833,1.382749,-1.3045492,0.18062186,-0.48466152,-0.7215905,-1.6512983,0.23564646,-0.03509684,-1.5896122,-0.2970947,-1.1043833,-0.7818028,0.027339466,0.15873984,1.3322083,81
3.1953359,1.6100726,-3.5867682,2.1378598,-1.1410364,-1.631366,-1.2388043,-1.9759576,1.5140767,-6.575218,-0.63810307,-0.025881171,-3.7608504,-0.4061141,-0.5684811,2.3987231,104
2.4022152,1.5459296,-2.7805994,1.7864166,-1.3903946,-1.0723159,-1.0549213,-1.8160474,1.471045,-5.081294,-0.5293733,-0.44652462,-2.6477334,-0.61343837,-0.7149932,2.2830124,13
-0.1457861,1.3802923,-1.3188627,0.18101448,-0.4755715,-0.7098007,-1.6608212,0.24875677,-0.03611301,-1.5688334,-0.30356354,-1.1129173,-0.7190162,-0.064497165,0.093247056,1.3231792,81
-0.0891199,1.3357497,-1.2634512,0.1832928,-0.43683106,-0.76271003,-1.6564629,0.24148162,-0.030462459,-1.5660805,-0.2987669,-1.088816,-0.7762238,0.006089419,0.13023728,1.3083649,81
3.2282143,0.40276495,-3.1363158,1.5549988,-0.38831955,-1.5889974,-1.3002462,-1.7162815,0.43103632,-5.5940533,-1.073873,0.58375645,-4.2293334,0.31980455,-0.90497714,2.0689044,104
2.909493,1.623206,-3.3778675,1.7623924,-1.2706277,-1.5336208,-1.1124556,-1.8969848,1.7850237,-6.4191294,-0.57555354,-0.10082919,-3.693113,-0.43713647,-0.5935112,2.267564,19
2.8135986,0.94515294,-2.5788338,2.5108833,-1.0487113,-1.0964149,-1.3892806,-1.5871848,0.71659493,-5.6268663,-0.7675924,0.3803333,-3.4058175,-0.2670964,-0.6483393,2.2419753,13
2.8802998,1.7156363,-2.9625428,1.0508919,-1.4460675,-1.1849247,-0.6961282,-1.5367306,2.064301,-5.4949145,-1.042568,-0.4281075,-3.3820748,-0.36531577,-0.80939406,2.4112308,13
3.184646,0.5980492,-3.0137768,1.8555781,-0.5459699,-1.4567385,-1.3104162,-1.6860633,0.47181207,-5.5386205,-0.94772637,0.49988794,-3.9324017,0.13603799,-0.8307443,2.1057868,104
0.6361879,1.6729584,-2.0324965,2.1689048,-0.7757559,-0.66279703,-1.4761307,-1.39471,0.7604989,-3.9083288,0.09757137,-0.61471695,-0.74618804,-0.5099394,-1.1835132,1.8315167,81
2.5378423,1.3913047,-3.053098,1.6941894,-1.1538835,-1.3402811,-0.981314,-1.8231,1.4363796,-5.2850933,-0.5118614,-0.36558568,-2.8972428,-0.35988224,-0.60702735,2.2103503,13
3.107608,0.4547489,-2.9057827,2.2510133,-0.6973963,-1.5367249,-1.2850463,-1.7197776,0.54289365,-5.915345,-1.0150685,0.76686746,-4.174111,0.18617624,-0.54266465,2.224545,104
-0.1023498,1.2821016,-1.2240428,0.2363556,-0.40809372,-0.73386234,-1.6533773,0.31268013,-0.1288767,-1.5158669,-0.26712403,-1.0530821,-0.7855788,-0.035031952,0.19414592,1.2874621,81
-0.0015726984,1.3078171,-1.2104445,0.30357635,-0.39842278,-0.7468299,-1.5948658,0.31756777,-0.057449743,-1.5483227,-0.24947053,-1.0946505,-0.81286466,-0.05383228,0.22173715,1.3394805,84
2.7817318,1.5892683,-3.147045,1.6366237,-1.2563636,-1.4125547,-0.75150853,-1.7092289,1.7981952,-5.6114073,-0.7150079,-0.4173283,-3.1796641,-0.34639147,-0.55499345,2.3827927,13
-0.05093728,1.3682986,-1.2866638,0.2272842,-0.4469386,-0.73844904,-1.6308784,0.273911,-0.022414804,-1.5911143,-0.30397642,-1.1105838,-0.7819505,-0.03705703,0.13868967,1.3490636,81
3.2183468,1.5142719,-3.548005,2.1846466,-1.0255756,-1.6400019,-1.2231107,-1.9087996,1.4047502,-6.372469,-0.57083577,0.021974131,-3.72873,-0.39596385,-0.54464006,2.3304741,104
2.4790094,1.4696655,-2.7994466,1.9771641,-1.2922349,-1.1483207,-1.0219827,-1.76064,1.4374318,-5.13807,-0.471439,-0.3569309,-2.7164671,-0.5917388,-0.6231451,2.2377014,13
-0.108983874,1.2974505,-1.2806991,0.2881813,-0.39578924,-0.7216305,-1.6255734,0.3728909,-0.122520134,-1.5589931,-0.29037824,-1.0522684,-0.7762853,-0.08370452,0.16146055,1.3159403,81
-0.06109593,1.2870744,-1.2360052,0.2717151,-0.36895135,-0.7635542,-1.6174521,0.3850146,-0.08392723,-1.5687022,-0.2894971,-1.0568297,-0.8204556,-0.031195048,0.20447123,1.3155129,81
3.2180226,0.4073893,-3.0872347,1.6366185,-0.37956524,-1.5108514,-1.3288383,-1.6535792,0.37846956,-5.5611763,-1.0063686,0.63486606,-4.1650276,0.23688287,-0.89459807,2.0105305,104
2.9152637,1.5457932,-3.316598,1.8448383,-1.1898704,-1.5292283,-1.0981292,-1.8627704,1.6882522,-6.274567,-0.5099609,-0.050636306,-3.64264,-0.42066374,-0.5679754,2.1990235,19
2.8766766,0.9231915,-2.6365812,2.5755758,-0.9974859,-1.0454742,-1.3911407,-1.5173371,0.62663597,-5.6134653,-0.70718366,0.42617726,-3.3951,-0.32697713,-0.642836,2.1687381,13
2.9503102,1.7034941,-3.0575335,1.2551316,-1.3593191,-1.2979661,-0.6701023,-1.5533681,2.0122237,-5.6601996,-0.96677333,-0.3596875,-3.4551,-0.3412795,-0.74056065,2.3801749,13
3.2390158,0.62280726,-3.0649493,1.9228524,-0.5301149,-1.4380826,-1.3558714,-1.671637,0.42665505,-5.581162,-0.8915218,0.54597276,-3.9434683,0.049196303,-0.8382158,2.0579886,104
0.669014,1.5745269,-1.9530855,2.305953,-0.7149383,-0.6326377,-1.3889751,-1.2462295,0.6886491,-3.8751075,0.11376986,-0.5658477,-0.7828794,-0.53840905,-1.0779325,1.8475795,84
2.536988,1.3871155,-3.0500786,1.82259,-1.1303307,-1.3423702,-0.990544,-1.7931123,1.4471952,-5.309633,-0.44857448,-0.34607604,-2.863347,-0.39386606,-0.58427256,2.1775305,13
3.225739,0.61277795,-3.0960228,2.2182655,-0.7000588,-1.577021,-1.3914387,-1.8058817,0.613758,-6.1275682,-1.0008615,0.7378289,-4.241084,0.07360597,-0.62982225,2.2323468,104
-0.044960514,1.1907442,-1.1806875,0.37602186,-0.3178385,-0.75242513,-1.6210399,0.45556647,-0.23409371,-1.5047927,-0.26383314,-0.9778038,-0.8598436,-0.04715833,0.27879655,1.2906941,84
0.07120408,1.2221143,-1.1999773,0.4393745,-0.29104364,-0.79410183,-1.5580468,0.47659683,-0.1361077,-1.5642142,-0.2633141,-1.0312384,-0.9095792,-0.0665857,0.3003815,1.3657889,84
2.7676306,1.5402931,-3.1377702,1.6970068,-1.168468,-1.4641613,-0.7189843,-1.6515986,1.7929217,-5.5385556,-0.6757722,-0.40160242,-3.1563766,-0.3551053,-0.530892,2.3449314,13
-0.015922382,1.2937305,-1.2648169,0.32554656,-0.36004698,-0.7572665,-1.600198,0.4108382,-0.09999524,-1.5881889,-0.29267797,-1.0602618,-0.84010816,-0.06198133,0.21107319,1.3469571,84
3.2643847,1.3895937,-3.4633355,2.2023396,-0.97466063,-1.6817,-1.1485231,-1.8472173,1.3500794,-6.2015157,-0.6018289,0.03146632,-3.7807753,-0.3747016,-0.5025759,2.3277404,104
2.564684,1.3423893,-2.7392485,2.1841993,-1.2257249,-1.1809747,-1.0200019,-1.7003318,1.3640891,-5.1766753,-0.49439105,-0.22872373,-2.8267899,-0.5539519,-0.5439671,2.2217855,13
-0.06968372,1.1722112,-1.1880504,0.45750022,-0.31711707,-0.76883125,-1.6038928,0.47919053,-0.23758294,-1.540247,-0.31554973,-0.95746017,-0.8611919,-0.08861932,0.25304878,1.3248087,84
-0.01215373,1.1696912,-1.1662707,0.46368402,-0.27888238,-0.7883545,-1.5796757,0.5345217,-0.21159594,-1.5584315,-0.29061255,-0.9685919,-0.8945637,-0.05214833,0.31001693,1.3317606,84
3.2641878,0.450657,-3.05601,1.7627069,-0.4024105,-1.4407048,-1.3540034,-1.6150064,0.32657406,-5.554556,-0.93213964,0.6964854,-4.1226907,0.16613087,-0.8765951,1.9601542,104
2.9098167,1.3807533,-3.1726506,1.9729494,-1.1081645,-1.5244005,-1.078618,-1.8281206,1.5039827,-6.0140495,-0.48425204,0.029132187,-3.6033535,-0.42102432,-0.49806678,2.1734746,19
3.0137458,1.0067943,-2.7367826,2.5558019,-1.0362859,-1.040879,-1.4091909,-1.4975791,0.68464136,-5.7289453,-0.73211443,0.42777652,-3.490003,-0.3746265,-0.6896815,2.1391454,13
3.0722167,1.6790644,-3.1408439,1.4262704,-1.2579044,-1.5015464,-0.6434268,-1.5688828,2.0386896,-5.8245583,-0.9780345,-0.32588422,-3.6320372,-0.33194456,-0.67816705,2.430953,19
3.3031044,0.68760675,-3.0994987,2.0141287,-0.57583696,-1.4258254,-1.379889,-1.6906893,0.42472565,-5.6681266,-0.86647195,0.5774686,-3.964142,-0.040330593,-0.8306956,2.0425792,104
0.7714698,1.4798635,-1.9393759,2.4599657,-0.62388384,-0.7192026,-1.3292649,-1.0934585,0.65876263,-3.9295433,0.06723896,-0.5090307,-0.9152173,-0.54268116,-0.9858044,1.885807,84
2.5795083,1.3276039,-3.0105016,2.0344286,-1.091828,-1.3289392,-0.98987776,-1.7259083,1.3831942,-5.3121243,-0.40603197,-0.28077948,-2.8529763,-0.40328664,-0.52506316,2.1490684,13
3.3083682,0.78715086,-3.1972334,2.3024273,-0.7654885,-1.5014156,-1.4926317,-1.8060029,0.6436934,-6.268838,-0.9317875,0.7027252,-4.212244,-0.08089454,-0.6891188,2.230545,104
0.01337862,1.0860792,-1.110753,0.5523906,-0.2567466,-0.8180566,-1.5642433,0.57436424,-0.28464276,-1.5401475,-0.2993913,-0.9148573,-0.9581411,-0.055489305,0.39937705,1.3244306,84
0.13561784,1.1010534,-1.136114,0.6202142,-0.21928877,-0.8691812,-1.4986839,0.6047501,-0.19551371,-1.600004,-0.31078076,-0.95972526,-1.026684,-0.06903416,0.4207068,1.4057354,84
2.8253937,1.4287204,-3.0681179,1.8738791,-1.1240584,-1.5207254,-0.7083538,-1.6008486,1.7165558,-5.509364,-0.69283485,-0.34417325,-3.2293208,-0.34193674,-0.4742023,2.3656726,13
0.032126307,1.1683158,-1.1877543,0.49941123,-0.27490023,-0.8048627,-1.5707607,0.5375176,-0.21186315,-1.5799003,-0.31498787,-0.968735,-0.93308693,-0.06864093,0.31121883,1.3607402,84
3.3203099,1.3894364,-3.3838663,2.203052,-1.0242509,-1.6871641,-1.1022847,-1.7547449,1.4373521,-6.220268,-0.7117046,0.015436858,-3.8747725,-0.36514428,-0.4863457,2.37949,104
2.6955743,1.3007578,-2.7029836,2.3217025,-1.2406526,-1.2513566,-1.044048,-1.6512586,1.4040439,-5.343869,-0.6220884,-0.15552405,-3.0281105,-0.5258695,-0.50906295,2.2918491,13
-0.019254833,1.1041368,-1.1172938,0.6088101,-0.28399295,-0.8488913,-1.5511224,0.58044326,-0.2402787,-1.6184578,-0.37148428,-0.9183499,-0.9662593,-0.09500988,0.37418407,1.3712994,84
0.05612226,1.081257,-1.1080856,0.6400298,-0.22569822,-0.88486034,-1.5101054,0.64977,-0.20763318,-1.6522821,-0.35226098,-0.91754985,-1.0230222,-0.057419103,0.4368177,1.3907945,84
3.2999382,0.41996202,-2.9606729,1.9143769,-0.44272274,-1.3938779,-1.3204362,-1.5742339,0.28813505,-5.583965,-0.91954076,0.7770112,-4.1514897,0.124237105,-0.8000908,1.9453814,104
2.9657283,1.2664741,-3.0627887,2.049148,-1.0836699,-1.5331805,-1.0034137,-1.7519995,1.4140656,-5.8610053,-0.512192,0.034017354,-3.6364217,-0.40245512,-0.4223129,2.200896,104
3.107849,1.028075,-2.75003,2.6150336,-1.0985563,-1.0287038,-1.4253035,-1.4722546,0.6777165,-5.8338075,-0.7962813,0.45258278,-3.589674,-0.41440105,-0.7082007,2.1584933,13
3.159817,1.6247447,-3.1142976,1.6272615,-1.2212002,-1.6188563,-0.66881114,-1.5287571,2.0092566,-5.9222016,-1.0396093,-0.28985035,-3.770929,-0.34204066,-0.626492,2.5282195,13
3.3700783,0.7168171,-3.0673206,2.1068249,-0.64888495,-1.381111,-1.3559487,-1.6627517,0.43578184,-5.793103,-0.87500024,0.6192146,-4.0350375,-0.06512466,-0.79695094,2.034377,104
0.93663126,1.3551457,-1.7415031,2.5788188,-0.6039665,-0.6796969,-1.3044317,-1.133933,0.56927025,-3.8887045,0.10684094,-0.33905375,-1.0940444,-0.5173887,-0.8544239,1.8249757,84
2.6903393,1.2585306,-2.9576254,2.210239,-1.0860895,-1.380438,-0.9801035,-1.6695766,1.3744493,-5.403353,-0.46763432,-0.19234337,-3.0072021,-0.37648186,-0.44991612,2.191147,13
3.4334493,0.86442006,-3.3091702,2.3388524,-0.7813697,-1.4831904,-1.5331838,-1.7787815,0.6177454,-6.3733363,-0.9167571,0.70915127,-4.275446,-0.17843497,-0.7330752,2.219507,104
0.09515555,1.0279334,-1.0795745,0.75892186,-0.22040097,-0.9252903,-1.4826725,0.7170642,-0.23338513,-1.7045813,-0.3733769,-0.8935833,-1.1038293,-0.07547686,0.5497654,1.4311547,84
0.21549599,1.0149567,-1.1030115,0.8374586,-0.1657665,-0.9788818,-1.3996644,0.7663389,-0.1615402,-1.7451935,-0.38882762,-0.9318818,-1.1738667,-0.08780854,0.5770956,1.5160627,84
2.9484308,1.4153345,-3.0228841,1.9795316,-1.1542614,-1.6132209,-0.7158825,-1.544942,1.821337,-5.6839957,-0.83654386,-0.3005392,-3.439244,-0.33218223,-0.42802763,2.4729476,13
0.09604792,1.0869839,-1.1276113,0.6764846,-0.22782269,-0.89425755,-1.5001168,0.6517137,-0.21133392,-1.6611586,-0.3789595,-0.92823756,-1.0472387,-0.081495434,0.43499482,1.4280409,84
3.4022987,1.4245889,-3.3468916,2.210215,-1.0873432,-1.7662996,-1.0563774,-1.6136392,1.6006261,-6.410757,-0.8628452,-0.0046460778,-4.051631,-0.3414889,-0.466205,2.4891627,104
3.181647,0.9502419,-2.5985265,2.7824326,-1.1856936,-1.3684924,-1.0966961,-1.6190962,1.1542332,-5.773176,-0.7711775,0.2582754,-3.8103666,-0.3970972,-0.27271864,2.4209306,104
0.063537106,1.0523973,-1.1003411,0.796795,-0.25677183,-0.9520706,-1.4626944,0.7392115,-0.18092589,-1.7801118,-0.42846137,-0.91963553,-1.1116081,-0.10095276,0.5383761,1.4796882,84
0.17744125,1.0280483,-1.1111494,0.83551097,-0.18509376,-1.0218827,-1.4099159,0.8243418,-0.11973749,-1.8652356,-0.43104744,-0.9109629,-1.2262046,-0.057687983,0.62923807,1.5197948,84
3.3549135,0.4255661,-2.9009583,1.9870561,-0.4937931,-1.3226033,-1.2512684,-1.4925635,0.28888163,-5.696623,-0.9400296,0.84667814,-4.2231245,0.117581785,-0.7287097,1.9242946,104
3.0542557,1.2977715,-3.002242,2.0582461,-1.1079073,-1.5567504,-0.9679802,-1.6393714,1.5070251,-5.927006,-0.6095642,0.022773609,-3.7373023,-0.3668825,-0.39079452,2.264636,104
3.39996,0.906969,-2.7409413,2.8048162,-1.1163465,-1.1054568,-1.4422054,-1.5051725,0.6098839,-6.1606193,-0.8806082,0.6666108,-4.0716124,-0.37809813,-0.5910678,2.2220733,104
3.208454,1.5456436,-3.021016,1.8245407,-1.2133784,-1.6638279,-0.6953375,-1.428065,1.9870899,-6.042535,-1.1260673,-0.21547626,-3.905128,-0.33792454,-0.5581895,2.6142402,13
3.4009275,0.7746589,-3.0461037,2.194172,-0.7254541,-1.3508972,-1.3507972,-1.6172804,0.4504006,-5.99051,-0.9060401,0.6847964,-4.1108303,-0.06134566,-0.77450466,2.030869,104
1.167997,1.3069646,-1.5902878,2.6034288,-0.64054716,-0.58421266,-1.3070679,-1.2607664,0.5241452,-3.9181042,0.15259841,-0.20053898,-1.2741181,-0.53373116,-0.7549312,1.7410394,84
3.1248753,0.9783094,-2.8915505,2.6084485,-1.1326343,-1.450778,-0.9886047,-1.6648953,1.2015316,-5.8009834,-0.58587587,0.1359335,-3.6886723,-0.29515284,-0.23123142,2.3207793,104
3.5902019,0.9203857,-3.4043458,2.2898626,-0.83507097,-1.5749099,-1.5001888,-1.7961093,0.7093535,-6.5532823,-1.0027337,0.7070052,-4.4874682,-0.22871034,-0.749765,2.25365,104
0.25966507,0.97909546,-1.1080904,0.9770272,-0.15936396,-1.0885488,-1.3684223,0.9773973,-0.07942031,-2.0000334,-0.48737362,-0.9010257,-1.368882,-0.060798697,0.76215285,1.6229273,84
0.37377596,0.9596715,-1.1360979,1.0480067,-0.103887066,-1.1438041,-1.2735102,1.01193,-0.004080385,-2.0307858,-0.50590575,-0.9415292,-1.427561,-0.06783045,0.76659,1.7003915,84
3.0543196,1.334451,-2.9648798,2.0396953,-1.1890125,-1.6997906,-0.6389824,-1.3490089,1.9501883,-5.8514104,-1.0103369,-0.2723573,-3.6970122,-0.31044036,-0.3327968,2.6267116,13
0.1998701,1.025056,-1.1285985,0.87266695,-0.18444006,-1.0173792,-1.3960211,0.8366852,-0.13876952,-1.8533282,-0.4518693,-0.9240469,-1.2282383,-0.08247338,0.62051207,1.5504233,84
3.938263,1.2083362,-3.2834854,2.3925757,-1.156965,-1.7924378,-1.0736,-1.6495254,1.3677518,-6.7788944,-0.9817379,0.30718803,-4.8561535,-0.17787695,-0.3460667,2.549915,104
3.4067197,1.1409564,-2.6509132,2.697493,-1.3014592,-1.407733,-1.086161,-1.6007249,1.2742251,-6.0450363,-0.8226949,0.21286772,-4.071098,-0.31802946,-0.29456937,2.4731672,104
0.21233816,0.9969658,-1.1322169,0.9992863,-0.1901439,-1.1079988,-1.3440657,1.0056478,-0.015132546,-2.057147,-0.535267,-0.9283599,-1.3622593,-0.06528863,0.7424932,1.6693631,84
0.32067317,0.96581906,-1.1413498,1.0687975,-0.12026193,-1.1921833,-1.2979214,1.0931274,0.056751043,-2.1846867,-0.55565536,-0.898253,-1.4982415,-0.048745204,0.8459472,1.7251818,84
3.423955,0.55273724,-2.9872558,2.045423,-0.57194495,-1.3508695,-1.3138037,-1.4697827,0.34243336,-6.0601377,-1.0202694,0.9270315,-4.3685427,0.1372072,-0.77022547,1.9508628,104
3.4944036,1.0350828,-2.9253924,2.3527465,-1.0983636,-1.6676745,-0.9285211,-1.5567725,1.3706707,-6.331795,-0.76481605,0.341946,-4.484424,-0.23085138,-0.1689392,2.416498,104
3.53133,0.8754572,-2.586115,2.896655,-1.0835087,-1.1278698,-1.5191677,-1.5495383,0.57955605,-6.3630724,-0.91308254,0.85396516,-4.325344,-0.3099809,-0.5342035,2.2028582,104
3.3456855,1.4548584,-2.9536018,1.8952867,-1.2116108,-1.7584448,-0.67181337,-1.2690897,2.0817592,-6.2070584,-1.307072,-0.15444943,-4.1742544,-0.27110684,-0.5012262,2.7257814,13
3.423084,0.8912309,-3.0888076,2.2738776,-0.80056715,-1.4069697,-1.4294987,-1.5847663,0.48980922,-6.256862,-0.9977731,0.70409566,-4.178227,-0.02504345,-0.84629595,2.0931153,104
1.3950856,1.3601141,-1.6171746,2.6489735,-0.7288693,-0.49168414,-1.3499148,-1.3810077,0.5447757,-4.112558,0.2009806,-0.1293979,-1.399394,-0.55767334,-0.6734031,1.6998583,84
3.338809,1.1755276,-2.9862182,2.694563,-1.2279723,-1.5266013,-1.0313146,-1.6161128,1.3148419,-6.2344728,-0.6339199,0.1280985,-3.999535,-0.3388793,-0.19260544,2.4839609,104
3.683137,0.87290025,-3.3878348,2.2897677,-0.84333014,-1.601085,-1.423742,-1.71487,0.6798584,-6.6097817,-1.088444,0.72867477,-4.610261,-0.20183396,-0.7416293,2.2653553,104
0.42043966,0.83667475,-1.0575832,1.2159847,-0.07053477,-1.2211502,-1.2983849,1.175539,-0.00424622,-2.2108738,-0.59504664,-0.7658384,-1.6684158,0.080271795,0.88266057,1.789806,84
0.41524476,0.89047366,-1.1376332,1.1844941,-0.07137843,-1.3078498,-1.1914706,1.2045407,0.20755674,-2.2795424,-0.65764105,-0.9109292,-1.6337923,-0.04536915,0.910912,1.8561795,84
3.6072786,1.3878868,-2.9958396,2.1060233,-1.3847516,-1.7175207,-0.6792195,-1.4298135,1.8933611,-6.3184447,-1.083056,-0.10337174,-4.413321,-0.22181052,-0.30967176,2.6970396,19
0.32875943,0.97323525,-1.1660213,1.0793548,-0.11774897,-1.1873753,-1.2887228,1.1067572,0.045241073,-2.165188,-0.5774126,-0.9193908,-1.4896508,-0.057916857,0.8166056,1.7490977,84
3.9892092,1.354009,-3.0574517,2.3216171,-1.2916665,-1.8045744,-1.1830728,-1.6724855,1.4160014,-6.7334237,-1.0655224,0.1827373,-4.9326906,0.02939599,-0.49901703,2.641243,104
3.5192387,1.3391688,-2.5688832,2.674471,-1.3986815,-1.4635032,-1.1303585,-1.6180477,1.4215844,-6.219261,-0.8832914,0.10243471,-4.181113,-0.09673135,-0.39545587,2.564566,104
0.31879014,0.8721545,-1.1022681,1.1684383,-0.11608563,-1.2495859,-1.3186424,1.2013317,0.055324525,-2.2734098,-0.65439355,-0.7751884,-1.660451,0.070183486,0.8701268,1.8161554,84
0.55256665,1.0072265,-1.069468,1.2346286,-0.14338928,-1.1721544,-1.2871754,1.1529309,-0.024499878,-2.2479906,-0.52093697,-0.8572489,-1.6882939,0.13161379,0.8283595,1.7948121,84
4.122573,0.09250903,-3.2019284,2.2659369,-0.3778609,-1.5844296,-1.3576584,-1.3319526,0.18639298,-6.857566,-1.3894886,1.506174,-5.674188,0.44772464,-0.56233215,2.1977994,104
3.751586,1.2412658,-3.0635788,2.0570316,-1.2031441,-1.7300794,-0.9084002,-1.5512949,1.5652957,-6.5644226,-0.88322335,0.2441852,-4.8284903,-0.19516684,-0.25350726,2.5103858,104
3.671512,0.8773021,-2.5091314,2.9284325,-1.0476772,-1.1645192,-1.6026146,-1.5692695,0.5752282,-6.5814023,-0.9574605,0.99765635,-4.5883613,-0.16865525,-0.5153148,2.209685,104
3.7987294,1.2105453,-2.83315,2.0875487,-1.2853146,-1.7810198,-0.6645628,-1.2026595,1.9057084,-6.4936485,-1.4612653,0.13843347,-4.8839984,-0.13548559,-0.37862048,2.799549,104
3.9918098,0.57895714,-3.142869,2.4933548,-0.7086297,-1.5579103,-1.4656391,-1.5799451,0.3125334,-6.832562,-1.2476802,1.1251175,-5.17308,0.20736179,-0.6898921,2.2766607,104
1.7414638,1.4194973,-1.8190787,2.8391843,-0.7910315,-0.56947476,-1.3857718,-1.4002118,0.6357061,-4.4814296,0.15475655,-0.1563837,-1.6475978,-0.55132604,-0.5827817,1.8460462,13
3.5444896,1.424965,-2.9279056,2.8396158,-1.4191246,-1.5656826,-1.3156288,-1.7785014,1.4185948,-6.763732,-0.71550906,0.22625883,-4.328382,-0.20958738,-0.3083524,2.5883226,104
3.920076,0.25551248,-3.1175768,2.4558096,-0.51902676,-1.6979793,-1.3440056,-1.4471445,0.3751416,-6.6191106,-1.2919916,1.2125143,-5.2648773,0.033904463,-0.49251506,2.2986264,104
0.54930687,1.0788046,-1.1736889,1.3389257,-0.15468946,-1.1559446,-1.3060181,1.1028328,-0.045783713,-2.3728127,-0.44425476,-0.86502427,-1.6514177,0.112210825,0.7841586,1.8029653,84
0.6064728,1.0060779,-1.1056952,1.3494027,-0.13717644,-1.2291329,-1.22665,1.1462512,0.051449314,-2.3473544,-0.53202236,-0.8832925,-1.7408315,0.12243347,0.7943314,1.8729491,84
3.6385486,1.4574602,-2.7060108,2.0692534,-1.5867156,-1.674113,-0.89921117,-1.5492965,1.8791738,-6.3261843,-1.2729539,-0.032739967,-4.567879,-0.03154603,-0.5366572,2.726071,19
0.5711036,0.97139454,-1.097849,1.2618413,-0.117402,-1.2097627,-1.265533,1.2223281,-0.020457298,-2.2581606,-0.57387185,-0.8689535,-1.7364314,0.14794676,0.8464163,1.8522207,84
3.874003,1.4035914,-2.7002585,2.0362935,-1.3651568,-1.6343952,-1.2064738,-1.7388885,1.3586708,-6.0600686,-1.1247911,-0.007372588,-4.575512,0.019021355,-0.7685348,2.4911795,104
3.3647172,1.356707,-2.2207794,2.5873294,-1.5203851,-1.3657227,-1.0155466,-1.6155888,1.4079181,-5.7380505,-0.91423106,-0.107165664,-3.9121985,-0.13695875,-0.510298,2.5149405,13
0.4053887,1.1013324,-1.2002056,1.3369894,-0.1944364,-1.1346587,-1.3351345,1.0112069,-0.030127168,-2.4028282,-0.40055758,-0.8701814,-1.5652921,0.11788365,0.6764222,1.7802185,84
0.50901794,1.1444597,-1.1736696,1.3232038,-0.16505274,-1.1146833,-1.3172925,1.0213196,0.0051264316,-2.3817177,-0.40093243,-0.88759536,-1.5871289,0.114195794,0.68116885,1.7886134,84
4.3527684,0.3100382,-3.2161882,2.4901586,-0.5331098,-1.6871147,-1.5415292,-1.4615632,0.17832613,-7.2538033,-1.5125995,1.5222039,-5.915334,0.59490263,-0.6700174,2.3513477,104
3.6510508,1.5029639,-2.7752779,1.610139,-1.2316684,-1.5709748,-1.1275628,-1.6280862,1.5893015,-5.967166,-0.9883591,-0.042231336,-4.409252,0.03660804,-0.75986767,2.3755398,104
3.8561068,0.9480101,-2.555704,2.972756,-1.1467445,-1.1291463,-1.7259636,-1.5655464,0.42852485,-6.7713475,-1.0059296,1.023576,-4.8020043,0.122896835,-0.67432016,2.178781,104
3.643363,1.283598,-2.6057866,1.5926657,-1.3781649,-1.8877137,-0.58703566,-1.1223181,2.2444701,-6.3989663,-1.65469,0.044784322,-5.0351157,0.008323453,-0.47930807,2.8741534,19
4.094784,0.97861314,-3.4171803,2.3723016,-0.94356894,-1.56307,-1.8645246,-1.9039993,0.30829844,-7.4271727,-1.2479215,1.1104187,-5.4010587,0.30110776,-1.0735168,2.2507179,104
1.8276826,1.3920419,-1.6696655,2.716075,-0.87276447,-0.6016395,-1.4291008,-1.4465715,0.81252193,-4.510422,0.060023606,-0.08502288,-1.7923795,-0.53816295,-0.5534555,1.8030857,13
3.4567716,1.4178488,-2.5367138,2.8216863,-1.575291,-1.3831807,-1.3358524,-1.8526067,1.334342,-6.3434787,-0.83153236,0.20532165,-4.137085,-0.16934364,-0.45230585,2.5313284,104
4.118129,-0.12167047,-2.9374533,2.6194568,-0.31767082,-1.7513206,-1.3895586,-1.4687077,0.07546672,-6.6840568,-1.417056,1.6175548,-5.7465434,0.2546004,-0.37048817,2.3002353,104
0.37184393,1.0727675,-1.0555038,1.2431058,-0.20044044,-1.0108641,-1.2685938,0.9483548,-0.049308702,-2.119228,-0.3127393,-0.9198293,-1.4522352,0.07377215,0.68403006,1.7038916,84
0.46409816,1.0660921,-1.0898407,1.3653581,-0.17553674,-1.1107644,-1.2281437,0.9005486,0.051807433,-2.2468872,-0.35101086,-0.9228769,-1.5283676,0.07413603,0.59989905,1.8020421,84
3.5283763,1.4654777,-2.4104474,1.8199512,-1.5658865,-1.5316098,-0.77505916,-1.5441446,1.8088592,-5.6907406,-1.2216287,-0.20604534,-4.2371264,0.08860706,-0.67844975,2.5285103,13
0.48086518,1.1135852,-1.1873999,1.3579544,-0.16755083,-1.128706,-1.3127246,1.015311,-0.018498257,-2.3754373,-0.4074009,-0.891909,-1.5757667,0.11358586,0.65620804,1.8035588,84
3.7695024,1.4126939,-2.5741806,1.6035289,-1.3071598,-1.6135616,-1.2831728,-1.8159608,1.277411,-5.6139154,-1.2073846,-0.14199477,-4.3998737,0.09102902,-1.1173062,2.3430111,104
3.2310038,1.3779488,-2.0110927,2.4117289,-1.5567534,-1.344462,-1.069913,-1.602714,1.3569769,-5.33326,-0.93778455,-0.24523282,-3.6930554,-0.14358783,-0.69588107,2.4237378,13
0.21707965,1.023402,-1.0450044,1.0711933,-0.22257146,-1.0038481,-1.3377998,0.8825649,-0.13002573,-1.9668504,-0.24354124,-0.9395814,-1.3890383,0.10201225,0.7187736,1.5950048,84
0.2719146,1.1568217,-1.0001417,1.006559,-0.2484205,-0.9270405,-1.3421745,0.81120586,-0.02794528,-1.9779932,-0.24742836,-0.9508352,-1.3354423,0.07941255,0.5800563,1.5757897,84
4.46739,0.8262994,-3.9228756,2.8132195,-0.9001739,-1.5858458,-2.383864,-1.9455149,0.032314956,-8.388273,-1.4852277,1.6063086,-6.088531,0.42671824,-1.2442575,2.2808807,104
3.5737145,1.5890775,-2.6242356,1.245419,-1.2574028,-1.4773527,-1.202115,-1.761213,1.4936764,-5.4640565,-1.0642601,-0.25718933,-4.148711,0.04380311,-1.1403682,2.267595,104
3.837256,1.2289182,-2.874747,3.0409899,-1.2929333,-1.2234689,-2.0590987,-1.7284931,0.49652869,-7.30507,-1.0239794,1.0551269,-4.8043237,0.066288844,-0.9263808,2.098778,104
3.6477325,1.2860422,-2.3146505,1.3270494,-1.4915065,-1.6897196,-0.55174506,-1.1648381,2.0819445,-5.86748,-1.6762705,-0.06736387,-4.877087,0.15716268,-0.7114332,2.6757846,19
4.0793195,1.0887321,-3.4797993,2.2379994,-0.9566655,-1.5021614,-2.068714,-1.9655962,0.3515303,-7.215513,-1.2695512,0.9492543,-5.22836,0.19447476,-1.3130994,2.2012587,104
1.742427,1.1946785,-1.201973,2.1845021,-0.863245,-0.5320748,-1.245002,-1.4475086,0.8143253,-3.6351209,-0.06094548,-0.12319133,-1.673063,-0.3074631,-0.63528043,1.6647727,13
3.2077806,1.3310094,-2.0203967,2.524691,-1.5323503,-1.1568997,-1.1665773,-1.6838368,1.267943,-5.4215517,-0.8628263,0.032658413,-3.6720867,-0.11822328,-0.5713307,2.3913267,13
4.1851387,-0.052713126,-2.9642122,2.5269089,-0.3196048,-1.6516382,-1.4004896,-1.5123557,0.031018868,-6.716936,-1.3429112,1.6127163,-5.798128,0.48044544,-0.42908913,2.211424,104
0.20668559,1.0826155,-0.9192608,0.88882816,-0.30249208,-0.8559042,-1.3683906,0.6682899,-0.11895616,-1.7784046,-0.15268888,-0.96265095,-1.2311199,0.05817239,0.52214956,1.4340482,84
0.27693456,1.0951117,-0.9890762,0.93592465,-0.2629509,-0.9632773,-1.3473544,0.6201881,-0.025183916,-1.8608161,-0.17318958,-0.9868067,-1.2974229,0.07473683,0.46054655,1.5023345,84
3.427018,1.4843956,-2.274069,1.6034949,-1.5647402,-1.5266122,-0.8269272,-1.622223,1.7929126,-5.4214544,-1.2401335,-0.3038524,-4.1280956,0.10404642,-0.8650941,2.4524055,13
0.22999965,1.0581892,-1.0076913,0.9922179,-0.22691903,-0.9612666,-1.3281627,0.8767181,-0.11045997,-1.9108949,-0.24497116,-0.95813817,-1.3630801,0.10228293,0.67025787,1.5610876,84
3.7360988,1.4399428,-2.657249,1.2922401,-1.2352827,-1.7024608,-1.3835621,-1.9333682,1.2352933,-5.479279,-1.29619,-0.188176,-4.3649907,0.13891257,-1.37061,2.2687654,104
3.269442,1.4336078,-2.1486278,1.9816042,-1.4961972,-1.4817488,-1.2163053,-1.7532657,1.3194735,-5.1904044,-1.0251489,-0.30608124,-3.7546017,-0.057415526,-0.9822736,2.3352823,13
0.16660418,1.0402625,-0.9179544,0.7383112,-0.2969858,-0.90814173,-1.4635046,0.6898245,-0.1573206,-1.7161362,-0.15675625,-0.9568093,-1.2912536,0.112457246,0.61117595,1.3615171,84
0.15326838,1.1594635,-0.8760735,0.7231535,-0.3453116,-0.8358482,-1.4847093,0.6364986,-0.12922041,-1.694987,-0.12148933,-0.98808163,-1.2035977,0.029067837,0.5371703,1.3442487,84
4.133341,0.6189035,-3.2935693,2.0576448,-0.5113671,-1.6595068,-1.7745016,-1.7224922,0.25914803,-6.498851,-1.4079053,0.98970854,-5.1883607,0.42731464,-1.1641634,2.1476717,104
3.5596294,1.6177449,-2.5803876,1.0182956,-1.1906128,-1.5525631,-1.2948363,-1.7908894,1.5221078,-5.2972775,-1.1342444,-0.31950408,-4.1091204,0.06892742,-1.3262897,2.1993742,19
3.6250408,0.80904496,-2.0914361,2.0245461,-0.8143753,-1.2397066,-1.467819,-1.336646,0.41102618,-5.0734196,-1.2370234,0.46650684,-4.1160274,0.31718048,-1.0925846,2.0359192,104
3.503252,1.3685164,-2.2000442,1.0956568,-1.5024265,-1.6674376,-0.5364127,-1.31117,2.027561,-5.4769316,-1.5615528,-0.33975938,-4.562548,0.19762543,-0.93697274,2.516411,19
3.7335644,0.7773248,-2.4177675,1.4015684,-0.6682669,-1.3298408,-1.5444057,-1.6265466,0.4654421,-5.1240654,-1.3449341,0.46786904,-4.4836,0.23043388,-1.3046074,2.1004984,104
1.8474823,1.1564806,-1.2599934,1.8358833,-0.9573922,-0.51949674,-1.5142889,-1.6958467,0.67602295,-3.4386382,-0.29775214,-0.14300418,-1.8636338,-0.3634839,-1.0523639,1.6824977,13
3.1501093,1.4705552,-2.2017539,2.1831336,-1.5138664,-1.216827,-1.5013692,-1.9806802,1.1092281,-5.3234186,-0.8546828,-0.07766231,-3.571129,-0.117285915,-1.0158982,2.2400641,13
4.3643928,0.38684553,-3.395914,2.3765345,-0.55285895,-1.6232252,-1.7611554,-1.749488,0.034130186,-7.091091,-1.3034196,1.3964154,-5.8550835,0.4974826,-0.8589865,2.1128333,104
0.076293156,1.0797045,-0.8520502,0.6570765,-0.341128,-0.8185368,-1.5754516,0.518074,-0.20853804,-1.5532528,-0.09322707,-0.96845675,-1.1069758,-0.03990703,0.40550274,1.2607483,84
0.14120279,1.0880684,-0.87387556,0.6753204,-0.33283836,-0.9165899,-1.5276976,0.50356084,-0.12312539,-1.6241388,-0.12477431,-0.99690807,-1.1984802,0.030705988,0.42557698,1.314113,84
3.318044,1.5318469,-2.30619,1.3438101,-1.5005343,-1.5976442,-1.0274756,-1.8178446,1.6864643,-5.2621436,-1.2412572,-0.3536969,-3.986024,0.103879794,-1.143913,2.298009,19
0.13588394,1.0725045,-0.89435214,0.6896106,-0.31070858,-0.85721123,-1.4948938,0.7182369,-0.20362426,-1.627487,-0.13912222,-0.98736465,-1.2267615,0.05201702,0.5999501,1.3247321,84
3.5721595,1.5106078,-2.6653087,1.2236602,-1.301819,-1.5559082,-1.5368042,-2.0427477,1.1487497,-5.5975156,-1.2266135,-0.16815951,-4.2969675,0.078185305,-1.5365195,2.2088711,104
3.1412501,1.5673033,-2.1843622,1.7968136,-1.5583819,-1.3440127,-1.444951,-1.9165914,1.2463211,-5.2691627,-0.99830407,-0.28008455,-3.673425,-0.11937645,-1.2468326,2.2287784,13
0.0827585,1.0583209,-0.8755472,0.5787567,-0.3203614,-0.8740862,-1.6244776,0.56031024,-0.21399866,-1.5565228,-0.12042235,-0.96602726,-1.1757131,0.017166361,0.46996874,1.2487357,84
0.010621786,1.1634535,-0.85442704,0.61964166,-0.35449374,-0.8216763,-1.6988139,0.5415091,-0.20737268,-1.5143197,-0.11643754,-0.98385304,-1.0625107,-0.11258741,0.3707329,1.2661756,84
4.008286,0.4264906,-2.5983152,1.0946722,-0.26682782,-1.4803541,-1.45544,-1.5001675,0.19863518,-4.9094963,-1.6100365,0.6037903,-4.772751,0.6208904,-1.4442375,2.0400097,104
3.6108844,1.6226048,-2.6012316,0.80164087,-1.1765776,-1.6171663,-1.2760973,-1.7475308,1.5836903,-5.3141956,-1.2484238,-0.32638395,-4.2844477,0.1209759,-1.4001889,2.244787,19
3.6556706,0.555902,-2.0769556,1.5744637,-0.6794771,-1.0923613,-1.6653516,-1.4996626,-0.0012603998,-4.4944105,-1.455333,0.40302628,-4.201014,0.37744325,-1.5167935,2.0665793,104
3.4471152,1.380548,-2.2938697,1.1029987,-1.4887084,-1.7558881,-0.7797156,-1.5263934,1.8205848,-5.3791137,-1.5775776,-0.37500972,-4.413882,0.16575676,-1.1809416,2.44333,19
3.801714,0.5237638,-2.2718885,0.88718605,-0.46571308,-1.2463362,-1.5635352,-1.5403037,0.27077788,-4.5015182,-1.6014032,0.43632215,-4.6013613,0.39181763,-1.5701921,2.0937977,104
1.9529651,1.150414,-1.4294868,1.7828952,-0.95704067,-0.5882144,-1.7808166,-1.8559436,0.5722856,-3.5952876,-0.40774497,-0.10552722,-2.0167513,-0.37637705,-1.3112023,1.6498005,13
3.1754606,1.5802759,-2.4131594,2.0277686,-1.5476722,-1.2206682,-1.7632251,-2.2377968,1.0469415,-5.690098,-0.8585743,-0.027133346,-3.722931,-0.15488428,-1.2884164,2.160685,104
4.0006156,0.41338897,-2.7653933,1.8014008,-0.34672183,-1.6656204,-1.5591791,-1.5997819,0.061109886,-5.6319337,-1.3207283,0.8760507,-4.9801917,0.55727583,-1.1202965,1.9588269,104
-0.019988194,1.1282496,-0.8263439,0.5615972,-0.3507904,-0.8189655,-1.6982689,0.48433822,-0.22242977,-1.4690766,-0.10693562,-0.9705044,-1.0221586,-0.0659593,0.3183264,1.2002598,84
0.030212522,1.1675304,-0.8406845,0.5391801,-0.37219596,-0.8640774,-1.7039354,0.44064933,-0.19318582,-1.435415,-0.088201225,-1.053513,-1.0294533,-0.07721309,0.2943815,1.2366605,84
3.1138933,1.6708091,-2.3177087,1.240972,-1.6345736,-1.4656621,-1.196898,-1.9360437,1.7185651,-5.5156355,-1.1995544,-0.32460228,-3.954824,0.04029484,-1.3342516,2.2445753,19
-0.022946835,1.1096503,-0.8612888,0.63311577,-0.35118502,-0.80619675,-1.687074,0.5832361,-0.24505927,-1.4904568,-0.120029405,-0.9807378,-1.0565354,-0.12552829,0.38478523,1.2768654,84
3.3260605,1.3300245,-2.31994,1.0598437,-1.1482502,-1.3660159,-1.4805686,-1.8241808,1.0359213,-5.103085,-1.19368,-0.12899461,-4.0471525,0.11831072,-1.5372605,2.085132,104
2.9017026,1.4690714,-1.9585015,1.4141334,-1.4689728,-1.2381065,-1.3820341,-1.8109205,1.2720529,-4.8989325,-1.0249016,-0.28367394,-3.5269768,-0.059484616,-1.3496568,2.0889187,13
-0.02094929,1.170211,-0.85641307,0.52690864,-0.34645167,-0.8303353,-1.7223995,0.4946409,-0.19423805,-1.4953494,-0.103514284,-0.9975257,-1.0150416,-0.06302412,0.3086324,1.2254876,84
-0.014636248,1.207942,-0.8460167,0.45157123,-0.3480569,-0.82068294,-1.7858605,0.41011137,-0.20138194,-1.4527367,-0.083783045,-0.97859037,-0.9936377,-0.04981798,0.25551555,1.1426531,84
3.9372883,0.18667038,-2.4914277,0.7601745,-0.16199057,-1.3217031,-1.6724038,-1.697298,-0.16020663,-4.37206,-1.7609926,0.5093896,-4.754387,0.64406735,-1.826982,2.059156,104
3.444212,1.7237543,-2.492614,1.1075366,-1.3259631,-1.3699312,-1.449249,-1.7311591,1.4940423,-5.561005,-1.15973,-0.21306309,-4.1617756,-0.007715486,-1.4210558,2.2545156,19
3.6859384,0.30616212,-1.918337,1.2108164,-0.52754104,-0.9854244,-1.5886357,-1.426711,-0.15230791,-3.931475,-1.6198831,0.36451727,-4.248487,0.43236834,-1.6311147,2.084424,104
3.4483225,1.5422236,-2.5192645,1.1610521,-1.598714,-1.7358224,-1.0169953,-1.7361083,1.7694596,-5.863541,-1.5141987,-0.28451732,-4.5173006,0.16619116,-1.329215,2.4008925,19
3.62499,0.20617604,-2.0329247,0.7497747,-0.27307868,-1.075341,-1.6023035,-1.5200746,-0.06948103,-3.907226,-1.6551459,0.47409743,-4.400505,0.43162823,-1.7044442,2.0303333,104
1.9861444,1.0574285,-1.5219673,1.7035652,-0.8957417,-0.61738306,-1.8268197,-1.90764,0.5315104,-3.7416475,-0.44146428,-0.03237936,-2.1624656,-0.34603098,-1.3580039,1.6106395,37
3.1195383,1.5205979,-2.2828832,1.6278716,-1.4101764,-1.2772777,-1.6198812,-2.0453575,1.18871,-5.413746,-0.9699951,-0.06573574,-3.7272236,-0.038239628,-1.3493164,2.0695372,104
3.8141823,0.22620188,-2.4053001,1.1403251,-0.027114093,-1.6584691,-1.3730328,-1.4947747,0.012198538,-4.4548326,-1.4770296,0.5361003,-4.5767527,0.68516237,-1.3452396,2.0120845,104
-0.048590973,1.1722732,-0.85622996,0.454908,-0.33112377,-0.7899668,-1.7859464,0.39429396,-0.21531643,-1.4882519,-0.078477934,-0.93669236,-0.97191364,-0.043749485,0.20209453,1.1148287,84
-0.020159855,1.2113407,-0.83301914,0.41817403,-0.34933072,-0.8289696,-1.8053763,0.32626796,-0.19747941,-1.4010582,-0.048881784,-1.0221572,-0.9411487,-0.06513776,0.16043195,1.1383113,81
2.866854,1.6117175,-2.0860772,1.0484927,-1.6009436,-1.3007663,-1.1844418,-1.8194602,1.6908623,-5.2693367,-1.1755292,-0.3108909,-3.7760787,0.045937404,-1.4121256,2.1359465,13
-0.048559487,1.1794302,-0.84569025,0.4906696,-0.3704202,-0.8027204,-1.7616706,0.4140321,-0.21630816,-1.4407593,-0.082522154,-0.9983029,-0.9603263,-0.08231381,0.22505754,1.1701891,84
3.185714,1.2284518,-2.1398718,1.1076076,-1.0961291,-1.2103747,-1.426575,-1.6726508,0.9634454,-4.9184785,-1.1720644,-0.06128864,-3.8949692,0.11326416,-1.480212,2.0515428,104
2.7893105,1.4378511,-1.8628204,1.3105031,-1.4455597,-1.141816,-1.3167598,-1.7062616,1.269512,-4.7552824,-1.0524728,-0.2617513,-3.4333482,-0.021328561,-1.3710752,2.0528693,13
-0.07404171,1.1975802,-0.8637119,0.4498961,-0.3150387,-0.7854949,-1.7943311,0.42960864,-0.2115743,-1.498163,-0.056913465,-0.9558758,-0.94680583,-0.06759742,0.21932548,1.14819,84
-0.025436863,1.2419605,-0.89586216,0.4041289,-0.3282774,-0.7805137,-1.8293986,0.36272696,-0.20746313,-1.503639,-0.056888834,-0.94810545,-0.9638592,-0.03790487,0.16220185,1.0854605,81
3.770993,-0.07424433,-2.2046485,0.6985307,0.01117599,-1.0917531,-1.5779152,-1.5240974,-0.2703746,-3.947812,-1.7578334,0.60260236,-4.575239,0.66149527,-1.7295074,1.9885865,1
3.356832,1.7123078,-2.4620123,1.3157058,-1.4195894,-1.2003862,-1.538075,-1.7049997,1.4481636,-5.8806987,-1.1127009,-0.04007013,-4.1949267,-0.02349127,-1.3939545,2.215421,19
3.5095541,-0.0019385312,-1.5822269,0.90406907,-0.3174867,-0.8042497,-1.3321526,-1.1410505,-0.124604866,-3.3292997,-1.6819205,0.42133528,-4.1005216,0.5470547,-1.5023568,1.9729587,1
3.123963,1.617583,-2.3144472,1.1097305,-1.6475742,-1.5131372,-1.0993373,-1.7095066,1.750573,-5.6890626,-1.3739117,-0.2876271,-4.1892,0.10642448,-1.3989189,2.2803094,19
3.4537663,0.20039615,-1.9694184,1.082297,-0.31626245,-0.897362,-1.7122271,-1.5728886,-0.08142744,-4.2210417,-1.4997619,0.64716786,-4.261024,0.39342627,-1.5910621,1.9403603,104
2.0144563,1.1765764,-1.636945,2.0095215,-1.0113503,-0.56871295,-1.8722022,-1.9004376,0.5793047,-4.193597,-0.355321,0.0540836,-2.2467296,-0.40349406,-1.2457371,1.6599383,37
3.0599136,1.5144956,-2.1795123,1.6198517,-1.4290674,-1.2065614,-1.4927356,-1.864623,1.2454091,-5.3467326,-1.0258307,-0.048742875,-3.6985302,-0.019384265,-1.2955351,2.101363,13
3.7045376,-0.095309846,-2.1132596,0.9064145,0.14532778,-1.4500647,-1.3994062,-1.3957434,-0.30791003,-3.6952147,-1.658038,0.52800053,-4.4295034,0.7465154,-1.520524,2.0539591,104
-0.06615115,1.2029195,-0.8794068,0.42121184,-0.31597024,-0.7558851,-1.7907653,0.37243485,-0.2197663,-1.5088216,-0.057107955,-0.92206085,-0.9305657,-0.028926458,0.13759398,1.0762364,81
-0.04778114,1.2547399,-0.85164136,0.4050277,-0.3296451,-0.7629579,-1.827735,0.32473874,-0.21026243,-1.4360988,-0.013895065,-0.9879505,-0.8900897,-0.078716114,0.10476595,1.1019323,81
2.8137498,1.6832819,-2.0930858,1.1115699,-1.64634,-1.1899929,-1.2300355,-1.7649179,1.7059119,-5.4095645,-1.1692972,-0.25046477,-3.7487197,0.016864575,-1.435282,2.1410916,13
-0.08344949,1.2032549,-0.8764986,0.43942618,-0.3330843,-0.75621086,-1.8283474,0.3837539,-0.23889293,-1.4761878,-0.05580911,-0.95404017,-0.9121065,-0.0828998,0.12587294,1.1034045,81
3.1651387,1.314762,-2.1185088,1.243474,-1.1513774,-1.1507534,-1.4320529,-1.6551999,1.0050615,-4.9730325,-1.1785464,-0.044183835,-3.8054595,0.06959285,-1.4543281,2.092589,104
2.7319732,1.4466823,-1.8288463,1.3715097,-1.436498,-1.0597767,-1.3106325,-1.6460643,1.2429003,-4.7000275,-1.0641644,-0.22640572,-3.3377233,-0.055457823,-1.3634827,2.0723422,13
-0.078650065,1.2327533,-0.8760486,0.41776592,-0.30752236,-0.72027856,-1.8095219,0.4253543,-0.25505078,-1.4721177,-0.026629448,-0.9446626,-0.8948817,-0.075838,0.1696724,1.1071064,81
-0.02832435,1.2432998,-0.89099747,0.39447927,-0.3147875,-0.75615615,-1.7942486,0.39395273,-0.21488486,-1.504514,-0.062329337,-0.92753893,-0.95876616,-0.017927013,0.15775481,1.0844986,81
3.7107043,-0.02255286,-2.14771,1.0804857,0.014788151,-1.0108293,-1.5195084,-1.3472877,-0.16171364,-4.182601,-1.6501087,0.7947575,-4.443946,0.6516735,-1.435544,1.959882,104
3.3298087,1.6960803,-2.4063659,1.4690753,-1.4503117,-1.1261498,-1.5104749,-1.6609063,1.4246067,-5.944881,-1.1148858,0.052304327,-4.1531568,-0.0142829865,-1.32301,2.2152655,19
3.441806,-0.021392053,-1.5258286,1.1480948,-0.2756878,-0.7386468,-1.272479,-1.0265878,-0.04084374,-3.4381223,-1.6329352,0.5921346,-3.9812188,0.5650108,-1.2791088,1.9282005,104
2.8413575,1.4834632,-2.0484617,1.080962,-1.5205628,-1.2796332,-1.154118,-1.6001736,1.5438365,-5.316772,-1.2406833,-0.21236038,-3.8541918,0.093370795,-1.4156861,2.123821,13
3.507795,0.3711372,-2.1227415,1.558571,-0.38065013,-0.90337956,-1.7685144,-1.6094018,-0.006196469,-4.6769714,-1.3794185,0.7754265,-4.1728387,0.36753333,-1.4027424,1.9569396,104
2.178744,1.2765526,-1.8173146,2.326651,-1.0514785,-0.60125697,-1.907382,-1.8765899,0.5325987,-4.5091677,-0.3542034,0.10514097,-2.3355815,-0.41604978,-1.1832561,1.7562603,37
3.0463223,1.500297,-2.1420734,1.7155453,-1.4289513,-1.1442181,-1.4441974,-1.7603683,1.2515374,-5.3582134,-1.0682435,0.010806218,-3.6953516,-0.04876817,-1.2342606,2.1608977,13
3.5486505,-0.44708368,-1.7609776,0.7298621,0.29871836,-1.1778086,-1.3266118,-1.2361397,-0.5184069,-3.1329322,-1.721128,0.634201,-4.3479013,0.78208625,-1.5059917,2.0065176,79
-0.064502954,1.214549,-0.8944498,0.42375433,-0.3002711,-0.7191251,-1.7732546,0.38888508,-0.24613445,-1.5002216,-0.0640858,-0.9031575,-0.9067001,-0.024870925,0.109178096,1.0784619,81
-0.03437823,1.2623391,-0.8643259,0.36987436,-0.32113025,-0.72758913,-1.8119388,0.31648767,-0.22667228,-1.4262283,-0.027645797,-0.9593127,-0.8853774,-0.060492136,0.073664024,1.0846235,81
2.7631512,1.729104,-2.1343343,1.2241794,-1.6020482,-1.1281976,-1.2856722,-1.7448319,1.6637721,-5.479618,-1.1231203,-0.18005621,-3.6416798,-0.014600158,-1.421484,2.1200874,13
-0.095452875,1.2185353,-0.8787012,0.4006241,-0.32490617,-0.72136945,-1.8100569,0.3842361,-0.23977582,-1.4885473,-0.045529336,-0.93169683,-0.895814,-0.054051053,0.10724878,1.0723319,81
3.2233698,1.3793426,-2.2262812,1.3920274,-1.1189857,-1.1766676,-1.4526122,-1.6739944,1.0102456,-5.0771437,-1.1820941,-0.019152433,-3.74297,0.057673275,-1.4182909,2.126959,104
2.731188,1.476593,-1.8925993,1.477503,-1.3945194,-1.0244068,-1.3329978,-1.6232588,1.2070007,-4.73956,-1.0542902,-0.19334038,-3.2461863,-0.07664791,-1.3484027,2.0804873,13
-0.06345904,1.2572002,-0.8854143,0.3840474,-0.30901533,-0.67894286,-1.7969611,0.41083664,-0.2547508,-1.4546535,-0.05078283,-0.94178146,-0.8641399,-0.072075285,0.11329809,1.0973881,81
-0.02853717,1.220455,-0.8974255,0.39933735,-0.27300632,-0.7509312,-1.7825665,0.4467519,-0.24903978,-1.4936994,-0.088568434,-0.8895863,-0.97082794,-0.003409721,0.17961723,1.0963672,81
3.859528,0.134995,-2.4031773,1.537575,-0.032139078,-1.0039821,-1.6246963,-1.4259999,-0.17554538,-4.6445107,-1.5489063,0.87903094,-4.4649634,0.61969256,-1.3222551,2.0366452,104
3.250015,1.629801,-2.3089707,1.4838439,-1.3847133,-1.0876973,-1.4655144,-1.6497208,1.3692689,-5.7293315,-1.1087801,0.060315207,-3.9932091,-0.026806295,-1.2897761,2.1910307,13
3.520321,0.0378369,-1.6585732,1.5345451,-0.2781174,-0.79503363,-1.3424895,-1.1123719,-0.054184005,-3.7071443,-1.584336,0.6732058,-3.9428616,0.5530631,-1.1608441,1.988645,104
2.7355452,1.530779,-2.0781856,1.1409224,-1.452526,-1.1887083,-1.2802896,-1.6346246,1.4662219,-5.342595,-1.1612449,-0.15203285,-3.679947,0.054789722,-1.4682233,2.0583332,13
3.7132614,0.6206947,-2.5214407,2.0303302,-0.45918342,-0.9830912,-1.9237344,-1.7739788,0.01987584,-5.2908006,-1.2819281,0.8039367,-4.225839,0.33797726,-1.3429072,2.0622191,104
2.415846,1.3089362,-2.116368,2.5958042,-1.012649,-0.6990067,-1.9841964,-1.9123137,0.4686625,-4.9207764,-0.38295442,0.21726339,-2.553155,-0.39155152,-1.1369696,1.845842,37
3.03588,1.4671912,-2.1566293,1.7727195,-1.3512977,-1.0959989,-1.4420996,-1.6969604,1.2163768,-5.362907,-1.0612873,0.07641564,-3.651855,-0.054561596,-1.1929905,2.1535165,13
3.4850035,-0.53889215,-1.7501541,0.7512425,0.41965297,-1.0669695,-1.3666239,-1.1986002,-0.501767,-3.2268827,-1.7093831,0.8001801,-4.3428707,0.797735,-1.4399447,1.9363223,79
-0.040274978,1.2074097,-0.9316276,0.42080104,-0.26139066,-0.72435653,-1.7790415,0.41766435,-0.2591005,-1.5290909,-0.10448508,-0.877751,-0.9263824,-0.01764755,0.11014514,1.0974895,81
-0.017679885,1.2532452,-0.88881844,0.35405868,-0.28842658,-0.71707857,-1.797714,0.3409188,-0.23464073,-1.4528979,-0.06764056,-0.92445093,-0.89815706,-0.03629798,0.059225157,1.0857345,81
2.761101,1.7392927,-2.2194643,1.3783754,-1.4985279,-1.1021807,-1.3318613,-1.7418396,1.5731001,-5.4940314,-1.0420203,-0.1369861,-3.5132186,-0.05172763,-1.3732443,2.103255,13
-0.10141026,1.2202449,-0.8862563,0.3884114,-0.30628732,-0.69352907,-1.7905025,0.39876842,-0.24707086,-1.4834949,-0.06827322,-0.9057434,-0.88101864,-0.04165031,0.09425548,1.0761415,81
3.2434995,1.4121453,-2.3116357,1.5148014,-1.0927536,-1.2171038,-1.4429829,-1.7219732,1.0393552,-5.1453733,-1.1780307,-0.018921912,-3.682111,0.03140068,-1.3653722,2.165339,104
2.7730143,1.5256673,-2.0298798,1.6346148,-1.3593285,-1.0266997,-1.3548326,-1.6753668,1.1725132,-4.8662524,-1.0075923,-0.17562202,-3.1884341,-0.10483427,-1.3130946,2.1063,13
-0.053240612,1.2868265,-0.8725295,0.36506897,-0.32299885,-0.674674,-1.7826593,0.42124552,-0.18192093,-1.5111302,-0.12624317,-0.9611958,-0.86391824,-0.07473627,0.08410956,1.1400938,81
0.012039617,1.2125039,-0.9354715,0.4245646,-0.23315576,-0.74926096,-1.7695389,0.50623995,-0.26360345,-1.5201955,-0.12296894,-0.87048024,-0.99049646,-0.004817322,0.22253376,1.1344347,84
4.110465,0.17148244,-2.750813,1.8582677,0.039839074,-1.1309272,-1.6362741,-1.4841982,-0.1785691,-5.040042,-1.5212198,0.93958545,-4.635269,0.61635303,-1.1811557,2.1547332,104
3.2806985,1.5758953,-2.3539374,1.5526462,-1.255483,-1.1420481,-1.4652989,-1.6672962,1.2807063,-5.611106,-1.1187593,0.07379623,-3.8930156,-0.024080068,-1.258801,2.1949525,104
3.7379415,0.118460424,-1.8990953,1.8949772,-0.2828256,-0.87552536,-1.3539257,-1.1801406,-0.0073843896,-4.1320724,-1.5589484,0.7323187,-4.0760527,0.55818254,-1.0040333,2.1213398,104
2.7504609,1.6862359,-2.2538178,1.2542357,-1.3959855,-1.1725811,-1.4429288,-1.7325299,1.455313,-5.54189,-1.0996258,-0.12996128,-3.5636535,0.010000572,-1.5342333,2.052705,13
3.979473,0.67801374,-2.8805597,2.319858,-0.35617083,-1.1512667,-1.8989439,-1.7738018,0.07791364,-5.702901,-1.2687231,0.8523041,-4.413996,0.3554805,-1.1641841,2.1869407,104
2.5852702,1.3756123,-2.314158,2.8891473,-1.0277034,-0.7332309,-2.002402,-1.8729494,0.49517006,-5.313235,-0.3963181,0.29078472,-2.7115378,-0.38957393,-1.0269114,1.9652869,37
3.0691712,1.4772437,-2.254431,1.936263,-1.3101697,-1.0924672,-1.4495995,-1.7096479,1.2036598,-5.519994,-1.015965,0.13232045,-3.6577618,-0.07439028,-1.1125655,2.186313,13
3.4712832,-0.41515395,-1.9216847,1.1979188,0.48762175,-1.1120679,-1.4396904,-1.2159963,-0.4475975,-3.6016936,-1.5918869,0.92162263,-4.1764536,0.75975525,-1.2668557,1.9513239,79
-0.01927048,1.2437632,-0.92746264,0.45242977,-0.26825607,-0.72605354,-1.7451804,0.52236605,-0.19186266,-1.6048003,-0.1822722,-0.9140043,-0.94966286,-0.03334292,0.15866452,1.1940125,84
-0.0028471053,1.2806296,-0.8782832,0.41721237,-0.29682082,-0.7062527,-1.7528393,0.40735996,-0.16781564,-1.522776,-0.12095694,-0.94847566,-0.8970705,-0.064797446,0.0875283,1.1737951,81
2.8242288,1.7611002,-2.3729432,1.5956821,-1.4185565,-1.1379645,-1.4051902,-1.8010325,1.4929316,-5.601363,-0.98658407,-0.10866814,-3.4641502,-0.10596422,-1.3278456,2.1480093,13
-0.08703479,1.2380875,-0.89710784,0.4034155,-0.30151343,-0.68229526,-1.7788606,0.4259053,-0.20999603,-1.5283688,-0.11502637,-0.9147084,-0.8772449,-0.057021774,0.09421182,1.1268514,81
3.1486895,1.4505978,-2.225238,1.5526495,-1.1642127,-1.1854445,-1.345372,-1.7027332,1.252124,-5.200989,-1.197163,-0.055611715,-3.6251569,-0.017183095,-1.2551513,2.2134068,13
2.8055935,1.6045778,-2.1693752,1.8041295,-1.3656727,-1.0769006,-1.4032907,-1.7569236,1.240086,-5.090466,-1.018285,-0.19118585,-3.1714814,-0.15418896,-1.2907178,2.1840832,13
-0.022895172,1.3021994,-0.8603649,0.421462,-0.35093236,-0.69544464,-1.7341497,0.44152528,-0.09744869,-1.5885401,-0.209456,-1.0008392,-0.8870673,-0.096444495,0.104842365,1.2377027,81
0.04660502,1.246229,-0.93718,0.47118086,-0.24102774,-0.7706767,-1.7238362,0.6220543,-0.16962655,-1.639766,-0.21553104,-0.9062811,-1.0454247,-0.0045490265,0.2822758,1.2537135,84
4.2276373,0.27266228,-2.946793,2.358519,0.038458124,-1.3160297,-1.5605445,-1.4233661,0.0052087307,-5.554123,-1.4657462,0.9799923,-4.7016764,0.5972383,-0.8738605,2.2968686,104
3.2908394,1.5973768,-2.3854787,1.6897203,-1.2472241,-1.1576027,-1.4439745,-1.673099,1.3343998,-5.6792164,-1.1077616,0.07084237,-3.8742092,-0.087280564,-1.1678362,2.2582016,104
3.8977942,0.2205716,-2.0717688,2.2561269,-0.34014887,-0.9940386,-1.3268287,-1.2322204,0.14576623,-4.5837936,-1.5648557,0.74287987,-4.196876,0.54565513,-0.8156213,2.279004,104
2.7399044,1.7730858,-2.3664694,1.3423522,-1.3063656,-1.1973866,-1.5346782,-1.8493361,1.4191624,-5.568133,-1.0635548,-0.1743548,-3.3663664,-0.016607165,-1.5852127,2.0451393,13
4.0629783,0.7150431,-2.9432418,2.7211757,-0.34434655,-1.286973,-1.7406316,-1.6264743,0.2999515,-6.0189185,-1.268436,0.83045816,-4.469714,0.33297494,-0.8371328,2.364842,104
2.7260594,1.4350497,-2.4512527,3.183372,-1.0783201,-0.77317405,-1.9244986,-1.7762403,0.6012604,-5.6516194,-0.43864775,0.29526997,-2.853821,-0.3776563,-0.8644368,2.1467798,37
3.1294417,1.4792825,-2.3755057,2.1243892,-1.2479247,-1.1225413,-1.4715161,-1.7232801,1.191832,-5.6810384,-1.0166095,0.18889616,-3.6840773,-0.11000864,-1.0366163,2.2559931,13
3.6064148,-0.33422312,-2.172809,1.5607774,0.63251984,-1.3194441,-1.3869314,-1.2195368,-0.41140532,-3.7815254,-1.5381714,0.8944886,-4.0941854,0.745029,-1.0919714,2.0676153,79
0.040770262,1.2503669,-0.9470092,0.53000873,-0.26741457,-0.7892134,-1.6954167,0.61688447,-0.10031454,-1.7185261,-0.29787543,-0.9524727,-1.025774,-0.0264685,0.21996894,1.3275055,84
0.03405662,1.2937969,-0.8955624,0.4749391,-0.3044473,-0.758675,-1.7207942,0.4844504,-0.05855067,-1.6775584,-0.23069146,-0.97011757,-0.9756483,-0.050157968,0.13187522,1.2797567,84
2.8023105,1.7843604,-2.3931155,1.7334176,-1.3774374,-1.1615815,-1.4435611,-1.8127005,1.570808,-5.737207,-1.0108505,-0.09658097,-3.4145508,-0.13788685,-1.2735453,2.2001526,13
-0.052420273,1.2646527,-0.8956276,0.43193406,-0.3268781,-0.7028157,-1.7334495,0.48679906,-0.12691142,-1.6185403,-0.19807813,-0.9599968,-0.9182097,-0.06275912,0.14489722,1.2234602,84
3.1859994,1.5009968,-2.3290315,1.6735593,-1.2101448,-1.1632991,-1.3263595,-1.6960988,1.3295883,-5.378004,-1.1747999,-0.024908677,-3.6551995,-0.034309354,-1.168828,2.2365186,13
2.836188,1.6420192,-2.2731233,1.914121,-1.3703499,-1.1544623,-1.3875206,-1.7985823,1.3591981,-5.3116636,-1.0549443,-0.19589141,-3.1984055,-0.15112424,-1.2273486,2.2332895,13
0.08740483,1.3000203,-0.93852973,0.49491853,-0.32153484,-0.777926,-1.7173738,0.49009323,-0.042716816,-1.7215482,-0.30834553,-1.0002848,-0.9886082,-0.04947356,0.12666613,1.3208365,84
0.14188094,1.2304071,-0.9805142,0.5808665,-0.21149722,-0.8594261,-1.660336,0.7318117,-0.10156177,-1.7569804,-0.33883256,-0.9301226,-1.1467462,0.023210786,0.36431146,1.3987654,84
4.1959968,0.27952957,-2.9837322,2.7145343,0.04736595,-1.4177324,-1.3814409,-1.2863979,0.21689408,-5.847813,-1.4289511,0.90020967,-4.684223,0.61136544,-0.5600386,2.4504888,104
3.293243,1.6415453,-2.3536072,1.7303036,-1.2756493,-1.1214446,-1.4243491,-1.6219991,1.4981519,-5.7812343,-1.1558318,0.06607027,-3.9082334,-0.11194427,-1.1025553,2.3252494,13
4.0314407,0.21842209,-2.1927488,2.515952,-0.32362854,-1.1385217,-1.2174227,-1.1811311,0.26513615,-4.82197,-1.5916576,0.73641574,-4.3276377,0.5715678,-0.6039304,2.4285088,104
2.711829,1.8272792,-2.3620567,1.3260366,-1.2887897,-1.2343608,-1.5013883,-1.8999257,1.5285621,-5.5292525,-1.0961082,-0.2559821,-3.2684035,-0.035097808,-1.5786068,2.0871215,13
4.148988,0.67500263,-3.0506098,3.039806,-0.28374425,-1.3717966,-1.5501914,-1.4267057,0.44050312,-6.2669616,-1.2714396,0.76501095,-4.5748763,0.3693624,-0.54880524,2.560296,104
2.8851674,1.3693625,-2.6243756,3.4018521,-1.0799682,-0.8726173,-1.8037121,-1.6943378,0.67059416,-5.922226,-0.54928446,0.33642852,-3.0426726,-0.28135604,-0.71345454,2.2784755,37
3.1584826,1.5048095,-2.4830391,2.326182,-1.2504299,-1.1935165,-1.4538937,-1.7293841,1.3081212,-5.9924703,-1.0694505,0.22339346,-3.7431903,-0.120053574,-0.9315238,2.343684,13
3.6477787,-0.3022403,-2.175602,1.8757936,0.6999117,-1.4774206,-1.0915412,-0.94330454,-0.11296584,-3.92659,-1.5469345,0.81153226,-4.1003437,0.6941282,-0.7011234,2.2668812,79
0.19410945,1.2009348,-1.056303,0.6224638,-0.1930745,-0.92954725,-1.6588719,0.6896583,-0.0899827,-1.8287566,-0.42911953,-0.9390792,-1.1652213,0.062093884,0.29193017,1.430752,84
0.16680367,1.2653705,-1.0030248,0.5625426,-0.2462007,-0.87532246,-1.6972468,0.5360262,-0.04227741,-1.8013582,-0.3420037,-0.96006894,-1.090897,0.026999809,0.17869261,1.3641833,84
2.8924832,1.7853208,-2.5192292,1.8321553,-1.3354855,-1.2497426,-1.4594512,-1.8436459,1.6283597,-5.933199,-1.068337,-0.044000983,-3.5033765,-0.11910055,-1.2161436,2.238683,13
0.061485887,1.2567694,-0.9739583,0.51766306,-0.29485232,-0.79549813,-1.7114291,0.54590935,-0.08214246,-1.7384647,-0.31298488,-0.9706521,-1.0168983,-0.025292367,0.18543959,1.3295071,84
3.1478555,1.5229145,-2.3525774,1.8611938,-1.2938524,-1.0737957,-1.3101621,-1.6630927,1.3506331,-5.4856443,-1.122554,0.0053509623,-3.6346216,-0.08113623,-1.0514362,2.2646565,13
2.8901424,1.6479534,-2.3473642,1.9818255,-1.3778476,-1.1847559,-1.3275573,-1.7741117,1.4459321,-5.4305487,-1.0685734,-0.16812357,-3.2623637,-0.13683082,-1.1283622,2.2565978,13
0.2529645,1.2650307,-1.0905933,0.5990647,-0.2248663,-0.9264089,-1.6944923,0.59055865,-0.06719111,-1.8434132,-0.41693968,-0.9675287,-1.1396822,0.059702665,0.19236231,1.4105463,84
0.3434767,1.1893696,-1.0947727,0.7427933,-0.13215607,-1.0000452,-1.5864649,0.8351447,-0.08112042,-1.8717315,-0.47124553,-0.9197915,-1.3080024,0.10504253,0.46027595,1.5559256,84
4.1337237,0.19173335,-3.023187,2.7923713,0.12359771,-1.3966246,-1.2709107,-1.1334429,0.19569561,-5.753846,-1.4158058,0.89619744,-4.641849,0.6257021,-0.3987493,2.5168803,104
3.3833966,1.629891,-2.4330096,1.8051041,-1.2464373,-1.0727314,-1.3921843,-1.5717264,1.5275575,-5.8848987,-1.1457882,0.12396382,-3.9894304,-0.103404015,-0.99928963,2.3429997,104
4.418964,0.02510828,-2.034903,2.326674,-0.39693734,-1.472069,-0.54103285,-1.1410686,0.7737235,-4.990913,-1.840219,0.81421125,-5.081592,0.5246969,-0.0016012788,2.8413332,104
2.7533236,1.8332311,-2.3825073,1.2958294,-1.2415936,-1.282189,-1.4455698,-1.9107575,1.5986868,-5.4597874,-1.1241152,-0.28055024,-3.2450924,-0.018115483,-1.5347636,2.0967844,13
4.213668,0.4986278,-3.2045348,3.1110334,-0.13234627,-1.3881451,-1.4026406,-1.1963627,0.38055518,-6.2279234,-1.3316604,0.77918947,-4.708768,0.46535945,-0.39148983,2.6835232,104
3.2014585,1.227152,-2.3593183,3.1417084,-1.0471866,-0.9527331,-1.4030764,-1.5948001,0.8945243,-5.5370007,-0.78822345,0.35549045,-3.311216,-0.28629166,-0.4468261,2.405578,104
3.187874,1.5418602,-2.6269374,2.5410028,-1.2811818,-1.2398193,-1.4220448,-1.7170243,1.3717229,-6.2761908,-1.0544933,0.24898972,-3.7685802,-0.07930969,-0.82635915,2.3747573,13
3.79414,-0.3409338,-2.258537,2.0433745,0.82644904,-1.6151251,-0.76638544,-0.6038408,0.19445705,-4.0982137,-1.6095718,0.7102717,-4.3031836,0.6098341,-0.2920577,2.5213683,79
0.40239042,1.1752256,-1.1757686,0.8183578,-0.11288761,-1.0501478,-1.5640233,0.7995246,-0.08899309,-1.9329703,-0.53143024,-0.9242104,-1.3075858,0.14575693,0.3747648,1.5979639,84
0.3524415,1.2460768,-1.117886,0.74123645,-0.17611913,-0.9934613,-1.6296942,0.6313768,-0.055008307,-1.8865967,-0.4390454,-0.94752026,-1.2212257,0.10696186,0.2559916,1.5118003,84
2.9170902,1.8253835,-2.5905325,1.9958566,-1.3971549,-1.2230817,-1.4515786,-1.8184949,1.6824306,-6.116847,-1.058955,0.0073019564,-3.5297482,-0.12740767,-1.1220658,2.2609034,13
0.2543949,1.2437934,-1.1201457,0.6414566,-0.21645881,-0.931402,-1.6802568,0.63350314,-0.07714407,-1.8695382,-0.42381942,-0.94852525,-1.1718934,0.07105844,0.24071139,1.4479306,84
3.3936899,1.4733216,-2.0779302,1.8164631,-1.4051822,-1.2240332,-0.7566922,-1.578198,1.7427012,-5.3980484,-1.1914226,0.02111876,-3.9959376,-0.28895205,-0.4697647,2.5058517,13
2.8098855,1.6305736,-2.2901282,2.1025114,-1.4498018,-1.1177158,-1.2553468,-1.7154682,1.5018154,-5.448596,-1.0583396,-0.14474338,-3.2234447,-0.1642928,-1.0007675,2.2820709,13
0.42145735,1.2303514,-1.1921531,0.8171295,-0.14647307,-1.0479515,-1.5787418,0.74753577,-0.0843813,-1.9385928,-0.5114661,-0.94919086,-1.2870512,0.14721964,0.32170495,1.5870681,84
0.557632,1.1259878,-1.2164296,0.97151744,-0.01881297,-1.1410131,-1.4436703,1.0001054,-0.06505494,-2.019639,-0.5997788,-0.8739695,-1.4813116,0.21062917,0.5716639,1.7462385,84
3.821437,-0.010139883,-2.5934803,2.4302754,-0.113918275,-1.4234315,-0.81028765,-1.4590439,0.1810666,-5.2002335,-1.37949,0.9080125,-4.513284,0.6132968,-0.16603892,2.465133,104
3.4147758,1.6582694,-2.4964046,2.0095139,-1.30588,-0.9724388,-1.3906109,-1.52071,1.5142034,-6.01519,-1.1078943,0.17424943,-4.017783,-0.14514536,-0.8849566,2.3870828,104
4.768396,0.5738756,-3.1043217,2.9334135,-0.74848485,-1.3727903,-1.0601373,-1.4701023,0.65957826,-6.8674517,-1.6334194,1.0691061,-5.7406125,0.30950397,-0.06948105,3.077863,104
2.7930121,1.8641413,-2.4182606,1.3903818,-1.2737172,-1.2513146,-1.4069965,-1.8849747,1.6233553,-5.46828,-1.1017478,-0.2546467,-3.230034,-0.030975115,-1.4464934,2.1052413,13
4.2021523,0.50815225,-3.0408542,2.9050384,-0.44883186,-1.4700602,-1.0242867,-1.5402341,0.41718498,-6.1462073,-1.297659,0.8064319,-4.840904,0.33906925,-0.1539576,2.761175,104
3.6385942,1.3611265,-2.611375,3.1513252,-1.0950454,-1.0548253,-1.251065,-1.525917,1.0198643,-6.014649,-0.9056098,0.39671677,-3.8232965,-0.2655921,-0.26370788,2.6421185,104
3.4404228,1.4863763,-2.345719,2.330689,-1.3586358,-1.263196,-0.94704074,-1.5495023,1.6644548,-5.9348297,-1.2530377,0.20115627,-4.0145397,-0.1934753,-0.48321024,2.5656114,13
3.9571218,-0.4751653,-2.3351064,2.045426,0.95764935,-1.7291055,-0.4221359,-0.25313216,0.31717348,-3.988796,-1.6850759,0.6180975,-4.512115,0.6282985,0.053549677,2.7261755,104
0.5409592,1.1044313,-1.2861583,1.0729681,-0.028780222,-1.1416941,-1.4207056,0.9340354,-0.07302348,-2.1099854,-0.62011474,-0.8503973,-1.4349,0.22057447,0.46099025,1.7590687,84
0.5030162,1.1912056,-1.23703,0.9864273,-0.074097335,-1.1084503,-1.4795973,0.8201043,-0.05486141,-2.03974,-0.5375798,-0.9106614,-1.3560066,0.18674326,0.3685056,1.6983314,84
2.7921367,1.8278059,-2.5503576,2.2395496,-1.5119052,-1.1051247,-1.4451411,-1.7684981,1.6564721,-6.1541286,-1.0051427,0.024066523,-3.4101822,-0.17668858,-1.0221097,2.2923517,13
0.43125033,1.2081001,-1.2188251,0.8605403,-0.13056032,-1.0463725,-1.5442343,0.7904582,-0.08058931,-1.9776531,-0.5184176,-0.9278346,-1.3093572,0.15165775,0.35997102,1.6277883,84
3.2747834,1.6697993,-2.1750968,2.0199518,-1.606751,-1.1245968,-0.81791985,-1.6762779,1.8044887,-5.838327,-1.0311762,0.060535476,-4.0114684,-0.40375423,-0.36019078,2.5937276,13
3.191374,1.5273811,-1.9470177,1.7676398,-1.5724635,-1.2372291,-0.6041932,-1.5477962,1.9286644,-5.1394644,-1.3034927,-0.15814734,-3.7760053,-0.33774483,-0.48502085,2.5890148,13
0.508391,1.1433784,-1.3105934,1.0730927,-0.056316353,-1.1351416,-1.427408,0.9325352,-0.093451604,-2.1308436,-0.58590806,-0.87568545,-1.4229829,0.21517482,0.4434967,1.7510916,84
0.71218425,1.0850507,-1.2594935,1.2600045,-0.09158449,-1.1368119,-1.234169,0.88214386,0.114971995,-2.3374815,-0.516617,-0.7942847,-1.6259998,0.20502687,0.7050571,1.869554,84
3.6047378,0.2228076,-3.0659082,3.0462046,-0.36830258,-1.3187442,-1.3936267,-1.7703344,-0.09017055,-6.270309,-1.0787537,1.1536442,-4.5721602,0.4310348,-0.24823432,2.486416,104
3.359885,1.513178,-1.7992045,1.7022947,-1.3861957,-1.1903569,-0.7131065,-1.4870094,2.1272857,-5.5189595,-1.2280319,0.11305441,-4.147529,-0.29788214,-0.2887913,2.594777,13
4.648059,1.0098207,-3.6363065,3.5345945,-1.1147108,-1.1961677,-1.5264978,-1.7942818,0.48689592,-8.071674,-1.2827225,1.2275958,-5.8157578,0.036747813,-0.1320388,3.2103872,104
2.6829674,1.806238,-2.3481872,1.5572336,-1.3368535,-1.1443648,-1.3687551,-1.8355007,1.5915419,-5.4224677,-1.0522856,-0.19366097,-3.1274483,-0.062438518,-1.3212473,2.0800118,13
4.046223,1.0140722,-3.6751072,3.5931692,-0.81363463,-1.3514906,-1.658735,-1.9207497,0.22592735,-7.4564505,-0.9562744,0.955799,-4.7944136,0.067248106,-0.32371044,2.8357704,104
3.6318998,1.6705371,-2.864583,3.186108,-1.3545027,-0.8771261,-1.4530385,-1.6522328,0.97469026,-6.5782948,-0.7856818,0.41573423,-3.9519622,-0.42137137,-0.35234162,2.6896012,104
3.4968293,1.515037,-2.135946,2.2317567,-1.4714262,-1.267251,-0.67648786,-1.4328064,1.9537517,-6.006674,-1.3284342,0.18797363,-4.273776,-0.23381485,-0.21609496,2.769671,13
3.7844803,-0.80375355,-2.4004154,1.8961042,1.0857542,-1.7674747,-0.2062294,0.009146571,0.14036676,-3.6136122,-1.8060662,0.5960643,-4.5574083,0.7323584,0.19275686,2.7968185,79
0.5556664,1.0445504,-1.2912532,1.2070466,-0.12434907,-1.104636,-1.3272622,0.9327845,0.034126356,-2.364965,-0.5193132,-0.77072036,-1.6101578,0.17863029,0.71810365,1.8040992,84
0.54440844,1.1955501,-1.275519,1.248017,-0.28732115,-0.9944074,-1.1887622,0.4488474,0.17006448,-2.3071756,-0.32257906,-0.891403,-1.3066769,0.09323652,0.38483572,1.7769386,84
3.2677546,1.813797,-2.2677205,1.9307364,-1.6800803,-1.2209823,-0.80812347,-1.6027565,2.0522609,-5.9133263,-1.2569829,-0.030523553,-3.9840164,-0.3567715,-0.53846323,2.6209834,13
0.551276,1.1886654,-1.2718669,1.1698321,-0.22144152,-1.0509156,-1.3147874,0.66937226,0.115060605,-2.3254237,-0.44083312,-0.8612367,-1.4513552,0.13136792,0.49076253,1.7813083,84
3.3268912,1.8063937,-2.5858982,2.252242,-1.6317679,-1.092459,-1.0493877,-1.799735,1.5309616,-6.270089,-0.82797515,0.108684614,-4.053436,-0.4382413,-0.3993751,2.6112816,13
3.3426936,1.7176361,-2.3757424,2.0678139,-1.7939264,-1.1719793,-0.6879205,-1.5496868,1.8535616,-5.9398875,-1.2497411,-0.038861886,-4.1328993,-0.41772777,-0.40969804,2.7698052,13
0.48649818,1.0493789,-1.344561,1.1897303,-0.12467545,-1.1109923,-1.3687401,0.9569877,0.002234161,-2.3894024,-0.5008129,-0.76637924,-1.6047283,0.17624936,0.68840057,1.7815475,84
0.6036467,1.0326474,-1.2226546,1.2388189,-0.1390532,-1.0674332,-1.1128082,0.9889987,0.07577348,-2.274521,-0.45563245,-0.84836674,-1.5993967,0.21424022,0.9221435,1.8914237,84
3.6198246,0.2178578,-3.4658678,3.3478675,-0.7394366,-1.1506668,-1.5068145,-1.986604,-0.3416664,-7.020746,-0.93810946,1.4677446,-4.978861,0.2944944,-0.16685903,2.5642462,18
3.2872071,1.735056,-2.0081787,1.8350579,-1.53032,-1.1191901,-0.7882013,-1.612721,2.0387175,-5.8125978,-1.0002218,0.07297768,-4.0681667,-0.37339947,-0.27951613,2.6048174,13
4.5710506,0.7368631,-3.639181,3.4350739,-0.99993753,-1.1792225,-1.3812425,-1.6894923,0.24648635,-7.8714542,-1.3108783,1.3260856,-5.847671,0.1341876,-0.090783015,3.2318177,104
3.038449,1.6833888,-1.9800267,1.2850517,-1.5279913,-1.2714673,-0.67393327,-1.6674471,2.1092706,-5.2707906,-1.2259508,-0.17047809,-3.7452598,-0.24603307,-0.70024127,2.3511508,13
3.894154,0.8413867,-3.7038305,3.403161,-0.94054925,-1.1523718,-1.5875196,-2.003224,-0.07641415,-7.309341,-0.8695484,1.1272907,-4.831311,0.10843435,-0.3519147,2.7500794,104
3.4587646,1.7036436,-3.1588714,3.289176,-1.5247588,-0.73709524,-1.617734,-1.7870406,0.81993896,-7.127863,-0.6390299,0.5515566,-4.0963,-0.57315093,-0.33682317,2.8106709,104
3.4678323,1.5991166,-2.2708402,2.1976619,-1.527685,-1.2312385,-0.6527583,-1.4664195,1.8839186,-6.03039,-1.2058837,0.10143383,-4.25273,-0.3452491,-0.15377584,2.834003,13
4.255806,-0.37163368,-3.2559838,2.498886,0.11399743,-1.6150721,-0.69116676,-1.1434028,-0.038483575,-5.6568227,-1.5768548,1.1925676,-5.429075,0.40552524,0.092453346,2.8563247,79
0.4583633,1.0790739,-1.3366016,1.0789487,-0.20593993,-0.9935273,-1.2965968,0.8818539,-0.029587671,-2.3095756,-0.39041284,-0.84311306,-1.4985178,0.17210126,0.8013257,1.736512,84
0.45460033,1.3529985,-1.5194697,1.4596092,-0.32998365,-0.84562355,-1.2074802,0.16795558,0.2975061,-2.7539353,-0.13287525,-0.81962156,-1.1118221,-0.06371857,0.024922207,1.778921,84
3.1603827,2.0161717,-2.3959746,2.0865774,-1.8949444,-1.1911935,-0.87022996,-1.7391201,2.078607,-6.22651,-1.1049334,-0.119985916,-3.9315605,-0.4604188,-0.5130278,2.7258751,13
0.4558456,1.0817096,-1.2993203,1.1521484,-0.15522589,-1.0438527,-1.3616946,0.949855,0.027411371,-2.3786294,-0.46193168,-0.76591665,-1.5684048,0.16371024,0.7156484,1.7526898,84
3.282156,1.9536929,-2.9373906,2.2595778,-1.6036134,-1.0096806,-1.2977428,-1.9225459,1.3896457,-6.6094937,-0.5566622,0.1443484,-4.0203753,-0.48755822,-0.5037234,2.5363727,104
3.1224334,1.8349239,-2.4938066,2.1999302,-1.8576272,-1.1414353,-0.9181274,-1.7463335,1.7712295,-6.1792035,-1.0201831,-0.027537122,-3.9725878,-0.53172517,-0.45606425,2.7569633,13
0.35488713,1.0852423,-1.3552971,0.9863678,-0.23608783,-1.0147583,-1.376931,0.8214452,-0.011154249,-2.3036427,-0.38514322,-0.8342038,-1.4732156,0.1595999,0.7251312,1.6757903,84
0.45962763,1.018392,-1.2664456,1.008053,-0.19982721,-0.973885,-1.2149065,0.9373195,-0.02620238,-2.1854382,-0.3956881,-0.8340899,-1.5225737,0.18520573,0.94573313,1.7349155,84
3.5213096,-0.1984791,-3.1641648,3.2272487,-0.595157,-1.0591718,-1.3747952,-1.8405495,-0.67179483,-6.2635407,-1.1028094,1.4799803,-4.863967,0.40996614,-0.21713461,2.5380397,18
3.3564522,1.8194486,-2.32395,2.03049,-1.5124217,-1.0957062,-1.0064995,-1.7009835,1.7693961,-6.120208,-0.8154642,0.09484048,-4.1162314,-0.40882108,-0.32707688,2.624402,104
4.2767406,0.47996625,-3.3321998,3.181243,-0.77262866,-1.1077619,-1.2288299,-1.5879931,0.088050276,-6.980709,-1.2710718,1.2282699,-5.353881,0.21682858,-0.11493444,3.0504656,104
2.8706331,1.7827731,-1.9119853,1.3939717,-1.7708275,-1.1289798,-0.6628664,-1.7258353,2.1909842,-5.5214014,-1.1199974,-0.13175023,-3.7704072,-0.4067839,-0.58289516,2.4449587,13
3.7854886,0.50930405,-3.3645809,3.1230187,-0.74042845,-1.0681942,-1.4410436,-1.8361031,-0.24875931,-6.512375,-1.0269339,1.1033107,-4.6535864,0.22491005,-0.40266877,2.6962988,104
3.301743,1.5715069,-3.1568167,3.0441327,-1.3332069,-0.80803484,-1.5757513,-1.772002,0.63047165,-6.7239614,-0.5944179,0.5398992,-3.8344893,-0.4339383,-0.4316836,2.6661005,104
3.3301513,1.6707488,-2.625477,2.2804437,-1.6249918,-1.0937864,-0.83840334,-1.6521906,1.6195754,-6.3241353,-0.9187704,0.16311057,-4.200532,-0.49124593,-0.18283948,2.8131897,13
4.068634,0.28638092,-4.008946,3.2239952,-0.59493864,-1.4775697,-1.635366,-1.9774561,-0.45132333,-7.157207,-1.1752942,1.3863649,-5.27186,0.18205458,-0.44448093,2.6776752,79
0.28373104,1.1058896,-1.4254051,0.86846876,-0.26216638,-0.9513909,-1.3643968,0.7362578,-0.07325755,-2.2222023,-0.321998,-0.850383,-1.3418959,0.16569981,0.7040637,1.5976689,84
0.34986937,1.4858004,-1.8023629,1.6896037,-0.4002837,-0.7667578,-1.1888113,-0.25002307,0.46493345,-3.141993,-0.033359766,-0.7701806,-0.86104333,-0.2221812,-0.45559666,1.8267959,84
2.9555035,1.9800966,-2.4227426,2.0347066,-1.8238839,-1.127698,-0.94864666,-1.7919655,1.9950175,-6.212199,-0.8554868,-0.08648385,-3.7979946,-0.5319654,-0.4550866,2.6429956,13
0.36314988,1.069346,-1.2998009,0.940027,-0.25734952,-0.97485703,-1.3609505,0.83614874,-0.034235343,-2.2598243,-0.37453336,-0.8165768,-1.4779515,0.17788634,0.8108023,1.6294049,84
3.2904623,1.9922245,-3.4279983,2.1551142,-1.4971526,-1.3641547,-1.4100795,-2.0481014,1.3897606,-6.7748837,-0.5672809,-0.00073108077,-3.97409,-0.423824,-0.63639414,2.5751326,104
3.0116117,1.8399172,-2.6191626,1.9068438,-1.7175283,-1.1327142,-0.91212356,-1.7914301,1.6923485,-5.9535856,-0.7751018,-0.1027791,-3.7741582,-0.45897892,-0.49424943,2.6196253,13
0.18613385,1.1640959,-1.4603074,0.7951224,-0.30162123,-0.9921467,-1.4757173,0.6641306,-0.010670245,-2.2857409,-0.3318723,-0.8580256,-1.319918,0.14900446,0.5881356,1.567371,84
0.26028627,1.0308663,-1.416125,0.8420074,-0.23860435,-0.9873275,-1.2895684,0.76335394,-0.08509888,-2.1057537,-0.3717995,-0.8528824,-1.3419373,0.1497945,0.78797287,1.6350158,84
3.0311131,-0.31607535,-2.8694026,3.00632,-0.45845655,-0.99075097,-1.1953301,-1.7677627,-0.71765345,-5.3725624,-1.0087104,1.3170813,-4.1479325,0.4433027,-0.2360746,2.3908274,18
3.2878318,1.9990258,-2.7672288,1.9949833,-1.5284709,-1.0631022,-1.1908479,-1.7608243,1.6171579,-6.371805,-0.5753188,-0.0025912076,-3.9908178,-0.43149292,-0.4904011,2.5853984,104
4.1307435,0.5398002,-3.2954357,2.8050923,-0.7637018,-1.2359277,-1.2093179,-1.6333187,0.08345187,-6.4730177,-1.3377159,1.0194157,-5.044652,0.2823894,-0.36340213,2.9240868,104
2.8066757,1.7669157,-2.0590296,1.4197578,-1.8065925,-1.0467044,-0.6734133,-1.674543,2.0578926,-5.6869674,-1.0093372,-0.089237444,-3.867593,-0.48362318,-0.5309944,2.5291312,13
3.3185103,0.46968064,-3.030248,2.6134186,-0.66819596,-1.0265828,-1.3251634,-1.8410665,-0.26429927,-5.467601,-1.0023581,0.83480346,-3.9454591,0.25876367,-0.62725425,2.4870872,79
3.2202954,1.4814942,-3.033746,2.710125,-1.2868139,-0.95845413,-1.4844146,-1.7815379,0.6322724,-6.305289,-0.7519546,0.38830757,-3.7280135,-0.291133,-0.6162381,2.6273127,13
3.2629817,1.7061309,-3.0065145,2.1952038,-1.5228646,-1.2525996,-0.95020795,-1.755966,1.5246749,-6.53241,-0.7509686,0.18508013,-4.1247835,-0.3941752,-0.23707679,2.6909595,104
3.901702,0.008790746,-4.0194755,3.034113,-0.56941044,-1.3653388,-1.7461731,-2.1225383,-0.81531334,-6.919688,-1.2676232,1.4840857,-5.2609925,0.35375306,-0.73860544,2.6006818,79
0.13562028,1.0610977,-1.4101609,0.66151166,-0.29934913,-0.93488973,-1.4536192,0.65302074,-0.17134933,-2.0248346,-0.35856375,-0.81425005,-1.261466,0.1603864,0.6546657,1.5018678,84
0.15759079,1.4228435,-1.7529607,1.4978732,-0.45224863,-0.7337775,-1.2106354,-0.45326674,0.44302857,-2.8697467,-0.08465722,-0.7349603,-0.6501418,-0.255626,-0.68390274,1.7584635,81
2.8635194,1.8575454,-2.5499642,1.4835495,-1.6889585,-1.163336,-0.7967997,-1.7461138,1.8736788,-5.7225556,-0.7804276,-0.22089192,-3.6604974,-0.3819043,-0.55105203,2.5373347,13
0.23037954,1.098649,-1.4066694,0.7975389,-0.2878002,-0.99775577,-1.3982906,0.7140279,-0.03989224,-2.2224565,-0.34395635,-0.83866245,-1.3566957,0.16851825,0.7284032,1.5608888,84
3.4871478,2.0919642,-3.6068053,2.0522246,-1.500512,-1.5658411,-1.3942573,-1.9976318,1.6137748,-7.1723757,-0.70167124,-0.037397936,-4.2689867,-0.31422803,-0.67643946,2.7125142,104
2.8804178,1.738034,-2.7355225,1.4892205,-1.4830197,-1.3124341,-0.8108667,-1.7619392,1.6374125,-5.4163704,-0.7520513,-0.32760048,-3.4106498,-0.2557978,-0.62498504,2.4603634,13
0.10319041,1.0825526,-1.4121906,0.5887947,-0.3332367,-0.9507634,-1.5190847,0.6457315,-0.12055461,-2.0903158,-0.39178973,-0.8008219,-1.3196241,0.1635691,0.63914764,1.4958475,84
0.1476186,1.0374407,-1.447021,0.5205606,-0.28837892,-0.91991055,-1.4057202,0.66267174,-0.20804374,-1.8619573,-0.36143047,-0.8324109,-1.233132,0.19261295,0.6963708,1.4691234,84
2.900803,-0.4469118,-2.8815904,2.718648,-0.38001537,-1.1811854,-1.156729,-1.7580135,-0.625563,-5.3229203,-1.0445158,1.4054934,-4.22172,0.60707617,-0.27152634,2.2346482,18
3.3302567,2.0981698,-3.2750676,1.9352013,-1.4957356,-1.3613776,-1.2804933,-1.8073938,1.628947,-6.6421914,-0.6172713,-0.16192517,-3.9824994,-0.40408617,-0.63253605,2.6513522,104
3.9153738,0.42865914,-3.190862,2.7653632,-0.7839025,-1.2736176,-1.1933222,-1.6021372,0.09142405,-6.2937193,-1.3328373,1.0586375,-4.8774633,0.34893665,-0.36920083,2.7897933,104
2.6798496,1.7815815,-2.2732818,1.3490766,-1.6939464,-0.9965372,-0.77000844,-1.6998638,1.9026039,-5.597088,-0.7302165,-0.17262247,-3.607754,-0.457057,-0.59278923,2.3974466,13
3.1543522,0.30888817,-3.005867,2.2640133,-0.6358363,-1.1380671,-1.2925034,-1.8840971,-0.23183297,-5.2114444,-1.0511525,0.86446154,-3.9394073,0.38173378,-0.72457886,2.3269455,79
3.1074154,1.2396348,-2.9357245,2.2184181,-1.1427277,-1.0413537,-1.3534133,-1.8045235,0.5352569,-5.5735497,-0.91099656,0.2762404,-3.5400567,-0.0968468,-0.8240101,2.4929721,104
3.45559,1.7856097,-3.3161144,1.965999,-1.4253517,-1.5575943,-1.1391587,-1.9176624,1.5456384,-6.7150292,-0.8875007,0.12285964,-4.31106,-0.27641305,-0.5033083,2.696674,104
3.7283936,-0.090100616,-3.6765182,2.4536867,-0.40263078,-1.1189241,-1.543145,-1.8952539,-0.7731549,-6.1110687,-1.3778768,1.3524961,-4.9168854,0.43464905,-0.8778621,2.4612358,79
0.049921155,1.1386546,-1.4291106,0.3763612,-0.35167682,-0.84418285,-1.5387354,0.5811256,-0.26422936,-1.7702477,-0.31834674,-0.88220423,-1.1088794,0.17695853,0.5896563,1.3830478,84
0.034166753,1.5996892,-1.8035449,1.3443481,-0.55616796,-0.62008435,-1.2488496,-0.68571365,0.52868336,-2.8041332,-0.011608154,-0.82630354,-0.38206398,-0.3118769,-0.9075148,1.7055331,81
2.9298646,1.789695,-2.7671156,1.3515743,-1.459416,-1.4152688,-0.8294417,-1.7095113,1.779017,-5.530956,-0.83160925,-0.35201347,-3.5270634,-0.20563877,-0.6844786,2.4658592,13
0.14692904,1.0702499,-1.4083425,0.54652554,-0.31280476,-0.95343673,-1.4545796,0.6896211,-0.14267363,-1.9990693,-0.3710935,-0.82276183,-1.3039818,0.17226094,0.7247061,1.4606081,84
3.5698907,2.0026302,-3.6227503,1.880704,-1.4797083,-1.604726,-1.3036025,-1.894434,1.7066435,-7.0676584,-0.8136005,-0.10656351,-4.369073,-0.26047692,-0.72390115,2.7592344,19
3.1007645,1.8420614,-2.9584868,1.4128433,-1.4212245,-1.4424775,-0.8290259,-1.6881754,1.7544998,-5.697794,-0.8648641,-0.3945939,-3.6034212,-0.17208555,-0.6988349,2.5827682,13
0.059942454,1.1577153,-1.4536082,0.35665977,-0.35499257,-0.86890405,-1.5524943,0.6323391,-0.19657953,-1.8514138,-0.37268,-0.8991655,-1.171346,0.15717988,0.60219944,1.433421,84
0.057134733,1.215168,-1.4641976,0.44948292,-0.35544193,-0.8275695,-1.5195405,0.5460781,-0.20756282,-1.8446257,-0.29981562,-0.90975565,-1.0817695,0.1826218,0.5558303,1.4673425,84
2.851511,-0.4257647,-2.8901734,2.5018654,-0.34021145,-1.3723167,-1.159847,-1.7538548,-0.48203105,-5.290827,-1.139859,1.3594358,-4.2297444,0.6351091,-0.3294013,2.1926332,18
3.5719445,2.337503,-3.6561716,2.0257359,-1.5512959,-1.5581852,-1.472173,-1.8573736,1.8171252,-7.400018,-0.73674595,-0.15870087,-4.292879,-0.36054948,-0.7627204,2.7922583,19
3.6488647,0.42082563,-3.016541,2.454564,-0.76258695,-1.3059132,-1.1808927,-1.5852801,0.20344038,-5.933835,-1.3431314,0.97241867,-4.5853205,0.33596686,-0.4650749,2.6213324,104
2.6520753,1.6713743,-2.5024068,1.1617059,-1.5506626,-1.1984761,-0.68907416,-1.6475878,1.8241758,-5.272014,-0.7352359,-0.40538484,-3.3938434,-0.37758946,-0.6442007,2.3839684,13
2.964796,0.2332724,-2.937838,2.0774584,-0.5985668,-1.2640061,-1.2730134,-1.8580023,-0.10460137,-5.1778836,-1.103447,0.88342035,-3.8878334,0.3919965,-0.7157054,2.2277887,79
2.8898685,1.0410672,-2.7888708,1.8058501,-1.0006118,-1.1549649,-1.2596157,-1.8052953,0.6074611,-5.1036024,-0.96790993,0.22306259,-3.375133,-0.029455427,-0.877478,2.3320105,104
3.419931,1.6121006,-3.305725,1.8981112,-1.2646533,-1.5618252,-1.1170719,-1.8744471,1.3947283,-6.4153743,-0.9236711,0.10434295,-4.1621485,-0.16965725,-0.57473767,2.639735,104
3.3161342,0.0908486,-3.3659692,2.069532,-0.4600017,-1.019228,-1.422749,-1.8542165,-0.65779287,-5.344326,-1.304166,1.0747497,-4.191476,0.3573381,-1.0133803,2.2763793,79
-0.029522762,1.2751663,-1.452415,0.2901634,-0.40751228,-0.80148226,-1.640441,0.3877504,-0.21093006,-1.7491922,-0.29299307,-0.9453671,-0.9550523,0.17288756,0.37995148,1.3566357,84
0.09433119,1.7028495,-1.8930633,1.353152,-0.5914658,-0.6130561,-1.3402715,-0.84939075,0.5932734,-2.955909,0.022576481,-0.8467398,-0.37111074,-0.2889156,-1.0428646,1.6903284,81
3.1120577,1.9276586,-3.0391803,1.4660515,-1.4244031,-1.4722933,-0.94846094,-1.7163861,1.8517958,-5.988859,-0.8391933,-0.35304263,-3.6906464,-0.20735428,-0.7203276,2.5700426,19
0.10357599,1.1909537,-1.4471995,0.37348944,-0.3555442,-0.8620556,-1.5462897,0.5887653,-0.18998249,-1.854047,-0.32988948,-0.9034629,-1.1623379,0.17546952,0.5982029,1.4190629,84
3.4054172,1.7645911,-3.3952925,1.703144,-1.4169308,-1.4761047,-1.1900544,-1.7796297,1.6801033,-6.456123,-0.8977082,-0.16493836,-4.1202874,-0.3109535,-0.75721526,2.681036,19
3.0491173,1.7821642,-2.952051,1.553018,-1.4458618,-1.327509,-0.8416707,-1.6549864,1.6861761,-5.622505,-0.8756543,-0.4371273,-3.4715333,-0.24983206,-0.7052076,2.6490364,13
-0.005362019,1.3501163,-1.5165769,0.28686738,-0.41773978,-0.8325038,-1.6827807,0.44167137,-0.122150525,-1.8644997,-0.36556083,-0.99254686,-1.0105678,0.123026386,0.35687548,1.436546,84
0.01571083,1.2911333,-1.4483098,0.29643953,-0.39888716,-0.79305816,-1.6041489,0.36002225,-0.18398409,-1.7134771,-0.27884468,-0.96552265,-0.9365865,0.18408084,0.3661452,1.373237,84
2.8318303,-0.41428173,-2.856413,2.3775744,-0.30362833,-1.4321253,-1.1726488,-1.7221878,-0.39118302,-5.2366157,-1.2217803,1.2231942,-4.209359,0.54183596,-0.41411325,2.2590392,79
3.6490324,2.3369257,-3.7832882,2.0384922,-1.5948963,-1.506349,-1.5143158,-1.8208575,1.8890903,-7.607618,-0.7643082,-0.136098,-4.410832,-0.3958079,-0.78832066,2.801416,19
3.493577,0.42474455,-3.0333123,2.394248,-0.7303723,-1.3053113,-1.2085903,-1.5674907,0.21866073,-5.8908367,-1.280282,0.9124719,-4.3959436,0.28771827,-0.5123371,2.5113907,104
2.987969,1.784372,-2.7674427,1.0707651,-1.4787666,-1.3987186,-0.7188295,-1.5579627,1.9775113,-5.5164475,-0.9070501,-0.491948,-3.6379018,-0.25235397,-0.7423048,2.5095296,19
2.9120095,0.2335861,-3.0062912,2.1969938,-0.5780906,-1.3178332,-1.3542774,-1.8685004,-0.08222674,-5.3826694,-1.0899147,0.872556,-3.872672,0.28820354,-0.71073055,2.2481675,79
2.796387,1.0076848,-2.7672508,1.8370501,-0.97584033,-1.1679969,-1.2845743,-1.7812865,0.6317274,-5.0657496,-0.9334155,0.21812932,-3.257311,-0.07091022,-0.8468575,2.2629673,104
3.3138766,1.5190593,-3.3055882,1.472636,-1.1835229,-1.5226161,-1.037034,-1.878887,1.4098494,-5.8200254,-1.0166564,-0.09484157,-3.8838167,-0.129721,-0.78098816,2.5325508,104
3.218637,0.06447601,-3.2484758,1.9434689,-0.51352865,-1.0571285,-1.3702843,-1.81132,-0.57337487,-5.228925,-1.3925419,1.0529518,-4.1476088,0.32746464,-1.0177007,2.2606878,79
-0.052044198,1.3699944,-1.4209199,0.16804296,-0.45853147,-0.73917437,-1.7201347,0.29658514,-0.16380201,-1.6514801,-0.2966411,-1.009292,-0.85775703,0.13752571,0.23413527,1.3220142,81
0.11289491,1.7855657,-1.9139667,1.3617591,-0.63510895,-0.5721307,-1.4120595,-0.9674206,0.66870445,-3.0283933,0.027921587,-0.84667134,-0.3407046,-0.31217435,-1.1870284,1.693387,81
3.125749,1.9099662,-3.2119625,1.4363201,-1.4139662,-1.388034,-1.0717015,-1.800118,1.762075,-5.9033837,-0.86370456,-0.368091,-3.5580504,-0.22160691,-0.8751482,2.515234,19
0.031513557,1.3525465,-1.4797844,0.29555404,-0.41841182,-0.82953197,-1.6650751,0.40283233,-0.11597042,-1.8393018,-0.3304946,-0.98767275,-1.012873,0.13704744,0.37750584,1.4194274,84
3.067104,1.5322448,-3.09943,1.4977925,-1.3417828,-1.3442602,-1.0356402,-1.6780801,1.7259135,-5.9459,-0.8508855,-0.15768598,-3.7973228,-0.37675527,-0.67260265,2.4724407,19
2.947353,1.7025836,-2.9793885,1.4385791,-1.4576558,-1.2250378,-0.8611143,-1.7044436,1.6930135,-5.481353,-0.9216527,-0.436431,-3.351959,-0.30736578,-0.7833599,2.5778418,13
-0.052858472,1.4466562,-1.4745953,0.1727978,-0.4783745,-0.7491031,-1.7549174,0.34565675,-0.071149185,-1.7650806,-0.35571617,-1.0601894,-0.88842547,0.08318107,0.20090938,1.3947874,81
-0.058903106,1.3632334,-1.4206259,0.19066375,-0.4398691,-0.7663857,-1.6731973,0.25675106,-0.12715082,-1.6175361,-0.2818761,-1.034551,-0.8037667,0.13024285,0.21140489,1.3295217,81
2.8953593,-0.32557386,-2.8448193,2.1946225,-0.29017532,-1.4649328,-1.1731594,-1.701193,-0.23742153,-5.1592455,-1.2280614,1.0409632,-4.198385,0.44540316,-0.51243913,2.2758398,79
3.5450857,2.1169271,-3.6583962,1.8479625,-1.5187987,-1.3942013,-1.4741123,-1.7705249,1.8845332,-7.256373,-0.79238075,-0.08433149,-4.319192,-0.43877828,-0.8023854,2.6512003,19
3.419977,0.3880544,-3.0402331,2.3899417,-0.69090056,-1.3280423,-1.2436364,-1.6002771,0.2143349,-5.901258,-1.2554518,0.8721832,-4.3342295,0.2300759,-0.5447204,2.4625053,104
3.1507068,1.8610578,-3.0036767,1.1498036,-1.5035411,-1.4514625,-0.7785199,-1.5585942,2.088764,-5.7867546,-0.9373254,-0.54976344,-3.758542,-0.31663674,-0.76035804,2.6035101,19
2.9563267,0.22797647,-3.073084,2.2788534,-0.5487119,-1.3766863,-1.4120283,-1.889298,-0.032071218,-5.6038384,-1.0754151,0.8572891,-3.9766827,0.20516023,-0.70808756,2.27618,79
2.7346368,0.9221376,-2.7638614,2.0154352,-0.95105505,-1.1991277,-1.3225148,-1.7766992,0.6100145,-5.2593913,-0.9192014,0.28538966,-3.2912972,-0.099683955,-0.77816516,2.2662394,104
3.1272254,1.5508175,-3.3007007,1.4829332,-1.2048911,-1.4432223,-1.0820704,-1.9117527,1.4491951,-5.78295,-0.9038413,-0.15669906,-3.5926592,-0.17725733,-0.79617965,2.3957655,104
3.1403332,0.15355307,-3.1002505,1.9138106,-0.58375823,-1.0590192,-1.355511,-1.7543392,-0.38301426,-5.289233,-1.353009,1.0345644,-4.090213,0.2988189,-0.96154195,2.2293963,79
-0.1149036,1.369636,-1.3653641,0.14105737,-0.47307387,-0.7108572,-1.7207236,0.2410482,-0.13567351,-1.5766227,-0.286934,-1.0408034,-0.76787716,0.08660105,0.16394275,1.296458,81
0.14599834,1.8153522,-1.9194577,1.4293401,-0.63661784,-0.5573231,-1.4117949,-0.97023284,0.6973889,-3.0774062,0.047218293,-0.8813506,-0.32136178,-0.36294022,-1.2091641,1.7094018,81
2.9379172,1.8505362,-3.1508954,1.2455289,-1.4111252,-1.2837607,-1.0057873,-1.7888982,1.8413881,-5.633242,-0.8720315,-0.43350717,-3.3121164,-0.28167832,-0.9073573,2.40038,19
-0.0059310645,1.4396853,-1.442601,0.16895968,-0.46470165,-0.74461156,-1.7193632,0.32474047,-0.071970835,-1.7226214,-0.30530238,-1.0645696,-0.8837745,0.10164909,0.23591599,1.3602608,81
2.8666642,1.4218701,-3.0241907,1.5785437,-1.3083606,-1.3171656,-1.0172651,-1.7225538,1.6146383,-5.749073,-0.7834228,-0.16562957,-3.5613868,-0.46341625,-0.62289834,2.4073582,19
2.7597802,1.6987419,-2.9718027,1.3318844,-1.4565731,-1.1380386,-0.8485446,-1.7108709,1.8033355,-5.3811464,-0.87638634,-0.46042818,-3.1224656,-0.38098118,-0.7828492,2.4462638,13
-0.10239058,1.4289294,-1.4315025,0.14489305,-0.4859004,-0.7004195,-1.7492185,0.28003672,-0.091411844,-1.6504402,-0.30677104,-1.0787197,-0.786653,0.04233119,0.13827369,1.339435,81
-0.119615525,1.3624475,-1.3175466,0.16773146,-0.47481576,-0.7470815,-1.6795173,0.18390039,-0.07194023,-1.53613,-0.3033248,-1.0911754,-0.7236245,0.065937996,0.124036044,1.3283834,81
2.9552808,-0.23733832,-2.866859,2.027422,-0.28882924,-1.5063813,-1.1893992,-1.7442167,-0.079718605,-5.167685,-1.2454696,0.89488626,-4.2207155,0.36472034,-0.60641694,2.2899694,79
3.310714,1.9042192,-3.461682,1.6209899,-1.4455843,-1.3605937,-1.2842317,-1.7066975,2.0057065,-6.9493737,-0.75217503,-0.023395792,-4.1807117,-0.46457022,-0.67886823,2.4519742,19
3.3963654,0.3970571,-3.039035,2.2661457,-0.64480245,-1.4011647,-1.2519834,-1.6166171,0.2918371,-5.855145,-1.2280132,0.77263415,-4.314463,0.18025681,-0.6035167,2.4068053,104
3.0756297,1.7159944,-2.961053,1.1686362,-1.482091,-1.3278444,-0.7639011,-1.5355823,2.0471344,-5.5681314,-0.98223644,-0.52442527,-3.6243951,-0.37903333,-0.77392924,2.5699427,19
3.0189912,0.21537146,-3.1033976,2.1823506,-0.4970643,-1.4729556,-1.4259663,-1.9026234,0.08007726,-5.66971,-1.1118228,0.7996427,-4.0977025,0.14051284,-0.7334751,2.2891884,79
2.7628467,0.8883777,-2.754829,2.1502,-0.94458926,-1.2470542,-1.3526912,-1.7635452,0.63879615,-5.426008,-0.9185418,0.29889005,-3.3811884,-0.124481596,-0.76481587,2.2933798,104
2.9855814,1.5728786,-3.2962148,1.5760974,-1.2339437,-1.4681147,-1.1288725,-1.9471521,1.5129284,-5.961013,-0.8401089,-0.14739124,-3.5071456,-0.20682949,-0.7616877,2.3433497,19
3.0291357,0.115007676,-3.036158,2.166706,-0.56261265,-1.0557668,-1.4030976,-1.7357818,-0.33923286,-5.5196033,-1.2249911,1.1176629,-4.0553474,0.23860458,-0.8060457,2.2182803,18
-0.142618,1.3512532,-1.2905271,0.14591247,-0.4864947,-0.70900714,-1.6961327,0.18222128,-0.09654932,-1.5272286,-0.28252867,-1.0712597,-0.7267375,0.037676796,0.11566259,1.2883705,81
0.1801943,1.7815509,-1.8853655,1.5312946,-0.62627923,-0.58087707,-1.3964465,-0.9807247,0.69905245,-3.129304,0.05431357,-0.8869379,-0.35871232,-0.4120854,-1.1969373,1.7345335,81
2.795127,1.8216188,-3.0846915,1.1712582,-1.4184767,-1.2493608,-0.9330169,-1.767402,1.9191588,-5.516848,-0.8628355,-0.4853921,-3.1661482,-0.33906677,-0.89323103,2.3381267,19
-0.066422746,1.4079772,-1.368524,0.16870546,-0.47466403,-0.72089684,-1.7042575,0.2412161,-0.06820975,-1.6109616,-0.28840116,-1.089642,-0.78139126,0.04702215,0.15999633,1.3339292,81
2.8514369,1.3927739,-3.08533,1.7495736,-1.2676308,-1.3871933,-0.99906784,-1.7913458,1.5536151,-5.8241916,-0.68822515,-0.12972397,-3.531265,-0.4845267,-0.5427933,2.3718255,19
2.6723895,1.7271984,-3.0298297,1.4807192,-1.4476527,-1.1456155,-0.8874635,-1.7475079,1.7882,-5.5060563,-0.79966885,-0.45690775,-3.0220835,-0.44905347,-0.75072026,2.4101832,13
-0.12873575,1.3998739,-1.3711916,0.147847,-0.48388538,-0.6890244,-1.6900983,0.23195234,-0.06534867,-1.5763904,-0.28289327,-1.1008681,-0.7235454,-0.0046590567,0.09767984,1.3120577,81
-0.12288584,1.32068,-1.2374569,0.17893434,-0.4674706,-0.74590164,-1.677557,0.17560716,-0.07017474,-1.4945009,-0.29599357,-1.0916759,-0.7312468,0.03031157,0.120857686,1.3147302,81
3.009592,-0.06990824,-2.903901,1.9469782,-0.32605895,-1.557533,-1.2196357,-1.7862442,0.09913654,-5.2568593,-1.2251003,0.75942975,-4.1852202,0.26671192,-0.6819134,2.2882624,79
3.0996675,1.7199438,-3.3265386,1.5483509,-1.367698,-1.4026061,-1.1473825,-1.7174375,1.9789535,-6.5718446,-0.7453135,-0.054608956,-3.9726524,-0.49940848,-0.6203522,2.3799994,19
3.3351457,0.44483835,-3.0131762,2.1491623,-0.6147585,-1.4101093,-1.2747071,-1.6297989,0.34989122,-5.7424126,-1.1622367,0.67107624,-4.1906414,0.11854713,-0.6869695,2.32428,104
2.8841133,1.5358311,-2.8174615,1.1925089,-1.4234717,-1.2442588,-0.65519005,-1.4737828,2.0696778,-5.3600864,-0.9527083,-0.45500702,-3.4461248,-0.44220182,-0.64151144,2.4772153,13
3.046364,0.22831507,-3.0633333,2.125164,-0.47465715,-1.5035347,-1.3953242,-1.8862643,0.18404827,-5.6743145,-1.0984422,0.75419104,-4.1268315,0.089867115,-0.72774017,2.2725046,79
2.8006704,0.9612309,-2.74878,2.2175093,-0.9870312,-1.2456087,-1.3676596,-1.7201529,0.7368931,-5.5036054,-0.87803096,0.2465684,-3.3924093,-0.19712105,-0.7722831,2.298521,13
2.9193757,1.570959,-3.3064022,1.6320273,-1.2079897,-1.5305477,-1.0993118,-1.9379134,1.575691,-6.0810485,-0.7689365,-0.1525967,-3.5146844,-0.20373261,-0.7116213,2.3164146,19
3.0870526,0.31996587,-3.286358,2.4246144,-0.5967511,-1.1353832,-1.657589,-1.9251184,-0.2157846,-6.0106325,-1.0546997,1.0715272,-4.0861235,0.03532663,-0.82075274,2.2604797,79
-0.13493866,1.3321689,-1.2523344,0.17185915,-0.45974422,-0.7248029,-1.6895132,0.21572807,-0.08638395,-1.5280855,-0.28783962,-1.0729352,-0.7445251,-0.008530319,0.11505458,1.2901213,81
0.16626431,1.706008,-1.7980794,1.5643113,-0.6055226,-0.609109,-1.3699212,-0.9690782,0.6843121,-3.0800536,0.039571464,-0.88300544,-0.38072234,-0.45834753,-1.1692436,1.7337836,81
2.7500112,1.8107604,-3.1368866,1.3288398,-1.3976808,-1.3151866,-0.93052775,-1.7983098,1.8891337,-5.6594896,-0.8038961,-0.44498324,-3.1650252,-0.3683741,-0.8313136,2.333545,13
-0.089831926,1.3841528,-1.3067759,0.183828,-0.47599018,-0.7178681,-1.6683693,0.19405551,-0.04451315,-1.5550573,-0.27789426,-1.1112297,-0.731062,-0.012310512,0.11746201,1.3240554,81
2.8847344,1.3705804,-3.094204,1.8244499,-1.2174442,-1.4568033,-0.9585542,-1.8011932,1.6066461,-5.841494,-0.6322658,-0.10618526,-3.5479255,-0.471515,-0.484896,2.3174279,19
2.7719805,1.8032426,-3.2117455,1.7017783,-1.3716929,-1.2730992,-0.90215874,-1.759066,1.8047489,-5.77644,-0.7030113,-0.43331695,-3.1001582,-0.4623332,-0.7033034,2.4086633,13
-0.124484025,1.3599917,-1.3319808,0.22486424,-0.43665224,-0.71199656,-1.652652,0.28871995,-0.066018656,-1.5741365,-0.29698563,-1.0942426,-0.729463,-0.069362506,0.10008575,1.3329358,81
-0.08389597,1.3053453,-1.2259684,0.20383942,-0.42199934,-0.75755185,-1.658778,0.26428467,-0.07279785,-1.50958,-0.2892896,-1.0847273,-0.7735724,0.0017641112,0.14984617,1.3081304,81
3.0899832,0.042043976,-2.9408827,2.0286183,-0.3390729,-1.5215237,-1.2925684,-1.7712729,0.10707765,-5.3242483,-1.1523994,0.7285315,-4.1403728,0.1528541,-0.72394145,2.2690525,79
3.0271227,1.668793,-3.330548,1.5848536,-1.3178507,-1.4937872,-1.0695758,-1.7953944,1.9799658,-6.463188,-0.69321084,-0.079539254,-3.8840823,-0.5099074,-0.57737994,2.3403058,19
3.345299,0.5207453,-3.0635035,2.0644531,-0.58602476,-1.4128242,-1.31233,-1.6254637,0.3662345,-5.6657457,-1.0970995,0.596552,-4.1068025,0.041182548,-0.7692477,2.258522,104
2.7750554,1.4493803,-2.7609656,1.296872,-1.3686715,-1.2592852,-0.6027243,-1.4710945,2.0544243,-5.2949123,-0.901952,-0.42524087,-3.325275,-0.49663702,-0.5288932,2.4212592,13
3.100446,0.2222914,-3.0458193,2.2127042,-0.42982468,-1.4695649,-1.4220762,-1.8368702,0.12445864,-5.6244807,-1.0138012,0.7867347,-4.093425,0.028190061,-0.72067547,2.218277,79
2.7817438,0.90822494,-2.676392,2.3303914,-0.977978,-1.1784618,-1.3282199,-1.6218837,0.71040094,-5.4750624,-0.8236886,0.27107567,-3.3571453,-0.27593535,-0.70059067,2.2710738,13
2.8996983,1.6173408,-3.341787,1.6411842,-1.1537007,-1.5691402,-1.0607429,-1.895118,1.6557194,-6.071095,-0.66174066,-0.20225617,-3.4558063,-0.22319683,-0.69636565,2.2564085,19
3.1563177,0.45567754,-3.4989245,2.4292517,-0.5516538,-1.2737447,-1.8034973,-2.0587249,-0.087219045,-6.24106,-0.96310335,0.94334817,-4.153835,-0.11425474,-0.8879978,2.2908893,79
-0.108686715,1.2875147,-1.2299073,0.24392086,-0.39838904,-0.7311659,-1.6619971,0.33500904,-0.13431685,-1.5349517,-0.27482563,-1.0388398,-0.7908557,-0.04011959,0.18509677,1.2856543,81
0.20606937,1.6273999,-1.748772,1.6501833,-0.5292335,-0.6163413,-1.317631,-0.8410777,0.62912774,-3.0571065,0.044897884,-0.8429409,-0.4394799,-0.47662354,-1.0945482,1.7369422,81
2.8003218,1.8594785,-3.2499483,1.4640344,-1.3216107,-1.4398758,-0.9032724,-1.795652,1.976023,-5.872144,-0.7290004,-0.42937887,-3.2388299,-0.36217797,-0.77144194,2.326359,19
-0.057141647,1.3616834,-1.2890326,0.24172854,-0.4227598,-0.71659076,-1.6358786,0.27914506,-0.056029722,-1.5573355,-0.2708091,-1.1016978,-0.752978,-0.059933662,0.12453261,1.3350363,81
2.927626,1.181226,-2.991117,2.0285492,-1.1121501,-1.4452144,-0.9214601,-1.7171705,1.413042,-5.659177,-0.57841784,-0.0037769973,-3.5472193,-0.45469606,-0.38041607,2.282244,104
2.865908,1.8241035,-3.3024628,1.7891191,-1.2469429,-1.444913,-0.8626267,-1.7181152,1.8764454,-5.877726,-0.6815063,-0.44068626,-3.1989913,-0.45286688,-0.67109764,2.418284,13
-0.08722581,1.2656218,-1.2760515,0.359702,-0.35742947,-0.729393,-1.6212759,0.41439712,-0.16010617,-1.5697732,-0.29560605,-1.0244555,-0.79587996,-0.09227824,0.17300448,1.3361753,81
-0.045596465,1.260048,-1.2072572,0.30124104,-0.35047477,-0.77678543,-1.6093185,0.40240818,-0.105012104,-1.5301311,-0.29833943,-1.0533067,-0.8286942,-0.035753936,0.21467388,1.3333375,84
3.1873918,0.08598769,-2.9506996,2.138608,-0.3476115,-1.4772761,-1.3411498,-1.7271981,0.09686578,-5.437716,-1.1100278,0.780249,-4.197185,0.07712634,-0.71116793,2.2614756,79
3.0477223,1.5711809,-3.29213,1.6795119,-1.2428471,-1.5561489,-1.0080547,-1.8065951,1.956529,-6.4135733,-0.6465477,-0.018386558,-3.9094284,-0.46190116,-0.5147355,2.2799008,19
3.4103525,0.6407355,-3.167332,1.9866894,-0.56377983,-1.4277539,-1.3474169,-1.6246603,0.38724893,-5.6318665,-1.0279136,0.5371151,-4.046981,-0.030006237,-0.8499743,2.184376,104
2.8660176,1.4616362,-2.891016,1.5330851,-1.3096837,-1.4009124,-0.6147275,-1.5519948,2.087975,-5.58478,-0.8547271,-0.35552302,-3.4524543,-0.5260027,-0.42034033,2.4549997,13
3.183125,0.25311667,-3.044956,2.2661967,-0.4143243,-1.4691988,-1.4231741,-1.7872325,0.1260035,-5.6146526,-0.96729237,0.80218637,-4.0968475,-0.030238375,-0.70061487,2.1774127,79
2.8388262,0.90546834,-2.6559346,2.42204,-0.9771631,-1.0984747,-1.3211219,-1.5226424,0.67660844,-5.4496126,-0.76128614,0.30217016,-3.3380473,-0.33639032,-0.6767696,2.20815,13
2.8484385,1.5514239,-3.272883,1.7139393,-1.0953648,-1.5708964,-1.0188304,-1.8263489,1.6380078,-5.956807,-0.6130667,-0.18896802,-3.3942728,-0.25472385,-0.6499523,2.2246268,19
3.1294432,0.4643535,-3.443473,2.4151917,-0.4882105,-1.345245,-1.7917264,-2.0326874,-0.07743992,-6.067136,-0.917315,0.8308141,-4.0562983,-0.20136441,-0.9176448,2.2699609,79
-0.05154842,1.1763924,-1.1715775,0.40101522,-0.30974603,-0.7494934,-1.626615,0.4712541,-0.26128644,-1.5088135,-0.2675754,-0.9532924,-0.86579823,-0.048654255,0.2808319,1.2842556,84
0.30121177,1.5190063,-1.7133822,1.8110904,-0.42758632,-0.6616906,-1.268398,-0.7006515,0.53413564,-3.0552402,0.029285848,-0.76518965,-0.5474328,-0.46870196,-1.0036347,1.7569382,81
2.880672,1.7949666,-3.2564433,1.6632675,-1.1956376,-1.5325599,-0.8734449,-1.7021217,1.9541241,-5.905593,-0.7000455,-0.39055327,-3.294541,-0.34926274,-0.6931788,2.3398442,13
-0.005098164,1.2900617,-1.2680953,0.36248493,-0.3353039,-0.753493,-1.6068454,0.4061165,-0.12208195,-1.5727845,-0.28101555,-1.0454944,-0.8283377,-0.08390057,0.1858466,1.3528585,84
3.0224755,1.0765157,-2.938965,2.1296072,-1.0962881,-1.493687,-0.873008,-1.6671526,1.3817639,-5.638772,-0.65354264,0.03826064,-3.6884465,-0.45434535,-0.3095057,2.349588,104
2.9235318,1.738495,-3.2285345,1.9479128,-1.1823115,-1.5171614,-0.86391026,-1.6452178,1.8167735,-5.8446813,-0.7088324,-0.40502918,-3.2592466,-0.4396832,-0.63159484,2.4419782,13
-0.045903817,1.1368526,-1.1714836,0.53052014,-0.28847116,-0.77714986,-1.5906417,0.5216846,-0.27006042,-1.5508397,-0.32703844,-0.9332815,-0.88397676,-0.096919164,0.2786853,1.3460004,84
0.01566708,1.1242149,-1.1381733,0.51097053,-0.25732937,-0.8166417,-1.5607333,0.5463289,-0.23008387,-1.5169116,-0.3011648,-0.96478033,-0.9134715,-0.056123443,0.32706675,1.3539113,84
3.2747393,0.18202367,-2.9688077,2.2755013,-0.3689,-1.4305996,-1.3727753,-1.6708878,0.068204775,-5.4951315,-1.0212665,0.8190105,-4.148825,0.008720323,-0.6949435,2.2097692,79
3.072696,1.3745431,-3.141722,1.883932,-1.1588805,-1.5363308,-0.9748594,-1.7547518,1.7436129,-6.2019663,-0.6372932,0.08150448,-3.916551,-0.4587723,-0.4148879,2.285222,19
3.48923,0.7286094,-3.2192698,1.9952668,-0.5922655,-1.448406,-1.3791797,-1.6476614,0.41127437,-5.690275,-1.0128574,0.5199831,-4.0646124,-0.08885929,-0.89819366,2.154128,104
3.0178487,1.3843606,-2.960344,1.7438873,-1.1779692,-1.5701987,-0.5791029,-1.5456399,2.1242332,-5.792331,-0.87570095,-0.26980537,-3.691444,-0.49997297,-0.3071869,2.540743,13
3.320679,0.24442975,-3.047591,2.3595319,-0.42015257,-1.4459572,-1.4019406,-1.727758,0.07761131,-5.619512,-0.9594945,0.8500031,-4.171047,-0.077104166,-0.6636871,2.1647427,79
2.9239602,0.92341983,-2.6523077,2.4906,-0.9969114,-1.0717186,-1.3473346,-1.4605094,0.6563255,-5.4708023,-0.7686776,0.33710635,-3.3696039,-0.36226565,-0.7035343,2.1659713,13
2.8721871,1.4632329,-3.2337358,1.7533268,-1.0365329,-1.6067442,-0.962324,-1.7716898,1.6038529,-5.825195,-0.60954463,-0.16313165,-3.4033296,-0.24995859,-0.6234697,2.1979003,19
3.133109,0.37598327,-3.2931614,2.314094,-0.4195827,-1.3854301,-1.6604264,-1.9368341,-0.1042427,-5.7256055,-0.90770555,0.7667084,-3.9951508,-0.18877992,-0.92146343,2.212373,79
0.007574886,1.0896069,-1.1036886,0.5824793,-0.25523758,-0.82391155,-1.5644572,0.58636,-0.27861267,-1.5712175,-0.32059327,-0.9007022,-0.9662202,-0.064886324,0.39768702,1.3394305,84
0.36329347,1.3980211,-1.63816,1.9821554,-0.36915767,-0.7381276,-1.1940007,-0.56542385,0.48620367,-3.0882723,-0.023617536,-0.7064158,-0.66475743,-0.46538627,-0.8606883,1.801608,81
2.9752243,1.6577737,-3.1914358,1.8916765,-1.1187522,-1.6100752,-0.8418798,-1.6232762,1.8445895,-5.8766794,-0.7429981,-0.33480424,-3.4000232,-0.3522458,-0.5984483,2.4134617,13
0.036827877,1.1507063,-1.1733166,0.55390817,-0.26662675,-0.8026128,-1.5626216,0.5213841,-0.23858391,-1.5582638,-0.3014009,-0.9567317,-0.91649735,-0.09499343,0.30802494,1.3701742,84
3.166695,1.0925242,-2.9420114,2.1523275,-1.1481869,-1.5680683,-0.84068096,-1.5647601,1.5140613,-5.782953,-0.820468,0.0045209825,-3.885965,-0.45056593,-0.29793426,2.4756896,104
2.9510665,1.6564586,-3.099521,2.093268,-1.1809781,-1.5330842,-0.87609583,-1.5613825,1.8148228,-5.9062853,-0.79746294,-0.3222224,-3.3583152,-0.42391533,-0.5717995,2.4769123,13
0.014046192,1.0730708,-1.1118242,0.68711364,-0.25590128,-0.8636199,-1.5295455,0.6329042,-0.26023352,-1.6410995,-0.38744524,-0.90555924,-0.995006,-0.10523138,0.40372968,1.4066802,84
0.093814746,1.0442731,-1.0826455,0.6981342,-0.2014395,-0.92530113,-1.4858298,0.68099385,-0.20241512,-1.6459861,-0.37916076,-0.9160627,-1.060311,-0.06410528,0.46772957,1.4264246,84
3.3079228,0.30751523,-2.9059675,2.3776765,-0.4529435,-1.4126772,-1.3437357,-1.6135211,0.1444654,-5.505988,-0.967488,0.769193,-4.0443892,-0.072736405,-0.65989506,2.1533148,104
3.1645136,1.2577008,-3.0437064,1.9834849,-1.1488135,-1.5540075,-0.913027,-1.6925682,1.6742872,-6.137239,-0.7080501,0.12260406,-4.0390873,-0.4415568,-0.33516106,2.3490403,104
3.5153003,0.8336899,-3.2121415,2.085083,-0.68192375,-1.4204596,-1.4107132,-1.65674,0.44895515,-5.838536,-0.9950855,0.51492894,-4.055731,-0.13642985,-0.9156627,2.1352377,104
3.1440418,1.2058066,-2.878991,1.9957482,-1.1144443,-1.6304898,-0.5289857,-1.4389079,2.0101395,-5.8353605,-0.93664426,-0.16895236,-3.9103653,-0.48888415,-0.16599117,2.66915,13
3.370672,0.35981697,-3.0185096,2.4372954,-0.5083292,-1.4255061,-1.3820813,-1.6946883,0.15831777,-5.699351,-0.9414985,0.8218429,-4.130776,-0.13062325,-0.6385072,2.129329,104
3.0274594,0.96548784,-2.6258328,2.518621,-1.0673493,-1.0995742,-1.3380809,-1.4303099,0.72350335,-5.5771565,-0.84442997,0.35775352,-3.4948845,-0.35642132,-0.7077374,2.178038,13
2.9241934,1.4484704,-3.1537178,1.8257598,-1.0910844,-1.6163031,-0.9248044,-1.7328111,1.6553665,-5.833144,-0.68310344,-0.15652254,-3.4793344,-0.26398116,-0.5902059,2.2497993,19
3.1415486,0.27037647,-3.1188395,2.211926,-0.38183925,-1.3988086,-1.466459,-1.8239976,-0.124612495,-5.3771715,-0.9226586,0.71760964,-3.9415836,-0.17712909,-0.8666638,2.1639805,79
0.10209449,1.0349517,-1.087663,0.77687633,-0.22457832,-0.93675065,-1.4788656,0.73919064,-0.2200117,-1.746876,-0.38882628,-0.8904779,-1.1258606,-0.07526277,0.56709325,1.4448301,84
0.5737961,1.2884218,-1.4085369,2.1135602,-0.39165363,-0.62720966,-1.1690323,-0.70456403,0.34629285,-3.0101008,0.061679304,-0.5359571,-0.8234921,-0.41107675,-0.7889702,1.7094157,84
3.0757003,1.581129,-3.1170685,2.0544515,-1.1388342,-1.6835601,-0.8158058,-1.5149345,1.9004823,-6.054217,-0.8837854,-0.27773398,-3.6190183,-0.3522596,-0.5147147,2.5422132,13
0.111408755,1.0751451,-1.1234928,0.72086895,-0.2201814,-0.90403944,-1.4770982,0.6555745,-0.20792957,-1.6731316,-0.37689298,-0.92260426,-1.0564679,-0.09501485,0.4521941,1.4436728,84
3.6719437,0.7731216,-2.8206656,2.4816527,-1.1096467,-1.6917377,-0.83712333,-1.4800634,1.3399206,-6.2755837,-0.9923894,0.41888738,-4.777237,-0.27308574,-0.05593604,2.6091776,104
3.0319967,1.5311375,-3.0162122,2.2350974,-1.1878209,-1.5945761,-0.85176605,-1.3935494,1.8431656,-6.0169144,-0.95170176,-0.2580068,-3.551508,-0.39977577,-0.4879739,2.5919414,13
0.1168824,1.0201612,-1.1085135,0.8727803,-0.22026195,-0.9718182,-1.4263799,0.8342123,-0.18307243,-1.8233448,-0.45604575,-0.9145153,-1.1644523,-0.09791569,0.58604777,1.5294256,84
0.24417908,0.98434263,-1.0955623,0.9073756,-0.14437422,-1.086436,-1.367219,0.9159543,-0.083846316,-1.9087852,-0.48273498,-0.91466415,-1.3105603,-0.055929344,0.68592316,1.589553,84
3.2776752,0.39871538,-2.7617407,2.4424214,-0.54736376,-1.3921933,-1.2984016,-1.505852,0.21801552,-5.5123777,-0.9912952,0.70992464,-3.9384744,-0.07184589,-0.66837066,2.117729,104
3.2632294,1.2276032,-2.9814255,2.0126996,-1.1549134,-1.5765395,-0.87535465,-1.5716349,1.7271159,-6.2097087,-0.8197015,0.15277041,-4.183741,-0.4004789,-0.27967614,2.4218104,104
3.472412,0.9351911,-3.1574125,2.179286,-0.77983654,-1.4018489,-1.4342253,-1.6529112,0.49955553,-5.971817,-0.9763209,0.50846237,-4.0063853,-0.15279813,-0.9273178,2.0978487,104
3.2372465,1.0603486,-2.7620113,2.0608864,-1.1032604,-1.7036358,-0.45895734,-1.281103,2.0802455,-5.9245815,-1.1021082,-0.09565724,-4.165715,-0.4446654,-0.06529638,2.7890756,13
3.3631935,0.51716363,-2.9321616,2.5058265,-0.64446914,-1.415396,-1.3833656,-1.6144753,0.26525676,-5.7903876,-0.99057037,0.7432552,-4.0567713,-0.13632923,-0.68319595,2.1421432,104
3.391933,0.84417653,-2.5544515,2.701274,-1.0298507,-1.1442924,-1.3767986,-1.4488667,0.6327129,-5.934333,-0.88990706,0.63917786,-4.0373797,-0.27579552,-0.5621183,2.193753,104
3.044636,1.4566724,-3.1120822,1.9265825,-1.177242,-1.645903,-0.9012786,-1.6311109,1.737098,-5.9989233,-0.8054823,-0.14654616,-3.6612775,-0.27796757,-0.5377022,2.3755662,19
3.2151177,0.2205842,-3.0556824,2.1711688,-0.37347567,-1.4253156,-1.3216882,-1.7458894,-0.102746144,-5.2506905,-0.9563247,0.7017643,-3.9655387,-0.15316862,-0.8003245,2.1409798,79
0.2667324,0.985223,-1.1232074,1.0039945,-0.15267842,-1.1116749,-1.3631711,1.0200425,-0.046172425,-2.0643134,-0.51811343,-0.8929126,-1.4033222,-0.05415276,0.7846889,1.6523528,84
0.7708755,1.277566,-1.233238,2.1143079,-0.44809246,-0.49715158,-1.1712792,-0.8852558,0.3167515,-2.9524493,0.12629,-0.44241714,-0.8766372,-0.3749183,-0.83140284,1.5936294,84
3.1597874,1.4841497,-3.0182164,2.1066527,-1.1728083,-1.73407,-0.74589795,-1.3269752,2.03796,-6.2483234,-1.053824,-0.20215504,-3.8747137,-0.2979058,-0.4095151,2.6507196,13
0.24203469,1.0170854,-1.143865,0.93914557,-0.15642747,-1.0457287,-1.3617454,0.9040382,-0.10560398,-1.9088587,-0.474876,-0.9255564,-1.2714423,-0.09039787,0.65482867,1.6105253,84
3.8924356,1.1143447,-2.960116,2.2036743,-1.2766737,-1.7119504,-0.8066726,-1.4653709,1.5940429,-6.5886765,-1.0475748,0.26664144,-5.038999,-0.26907355,-0.12997085,2.6917028,104
3.5841868,1.352122,-2.9359272,2.44244,-1.2629346,-1.6373259,-0.85897934,-1.391658,1.6698265,-6.361449,-1.0750463,0.030672997,-4.3055067,-0.23715636,-0.36304885,2.6757443,104
0.24595399,0.9615095,-1.1472869,1.0607702,-0.15310584,-1.144882,-1.3082874,1.1006513,0.008300886,-2.115774,-0.5789778,-0.9186439,-1.4217933,-0.05638211,0.7898175,1.7225083,84
0.36673504,0.91113687,-1.1394503,1.1173892,-0.08324276,-1.2698557,-1.2535946,1.170851,0.11820447,-2.2346144,-0.62582767,-0.891453,-1.5857557,-0.033640448,0.89841837,1.7905082,84
3.712704,0.082301445,-2.7105117,2.4919982,-0.37678766,-1.437217,-1.2713282,-1.4442762,0.09079251,-5.821733,-1.141629,1.1320634,-4.701139,0.089754745,-0.4878453,2.1385117,104
3.372998,1.2168021,-2.9005756,2.032353,-1.163266,-1.6495111,-0.7951139,-1.3462251,1.8852693,-6.36924,-0.9705875,0.14794348,-4.3991275,-0.34879416,-0.19136772,2.5808868,104
3.4180102,1.0782672,-3.0976517,2.271482,-0.88751817,-1.4098846,-1.5029793,-1.6353288,0.5589642,-6.1065044,-0.99124736,0.45927137,-3.9259582,-0.12571213,-0.9994424,2.0970986,104
3.2187135,0.9505074,-2.5594158,1.8803917,-1.1396978,-1.7660018,-0.39250046,-1.1076117,2.2799134,-5.9136558,-1.3155342,-0.051046386,-4.3572826,-0.37633118,-0.04469295,2.8240685,13
3.8017316,0.10878693,-2.8050957,2.6841555,-0.5101967,-1.4877514,-1.3618157,-1.5247345,0.08985981,-6.1386313,-1.1976256,1.2312187,-4.9196215,0.07413903,-0.46567014,2.2175055,104
3.6065383,0.8066491,-2.440651,2.7883053,-1.0005102,-1.1971486,-1.4596512,-1.4597626,0.6536288,-6.3300815,-0.96524966,0.88071585,-4.474704,-0.21059132,-0.47421473,2.2146447,104
3.5334082,1.3108524,-3.1117444,2.258873,-1.2186893,-1.716788,-0.87934136,-1.5541419,1.6119144,-6.491162,-0.877876,0.106778696,-4.359924,-0.21088392,-0.30824688,2.52226,104
3.337324,0.14549316,-3.0034797,2.1501865,-0.35515475,-1.4991721,-1.2250471,-1.6399827,-0.05529891,-5.255022,-1.0770602,0.71746826,-4.1021094,-0.104842044,-0.7511449,2.143194,79
0.36853218,0.8544187,-1.0812559,1.2014433,-0.06653387,-1.2554662,-1.3163095,1.219929,0.024544835,-2.2704256,-0.63946545,-0.73858064,-1.6825715,0.07743527,0.88180214,1.8066752,84
0.8739429,1.3004105,-1.1772954,2.035483,-0.53265035,-0.40938312,-1.1814864,-1.078227,0.35996482,-2.8730767,0.16086844,-0.44535965,-0.8225898,-0.31916314,-0.9194023,1.5267241,84
3.6386678,1.5905235,-3.094353,2.1413069,-1.3840742,-1.7654054,-0.8266945,-1.4222176,2.0124028,-6.7350273,-1.1320142,-0.060445964,-4.5175896,-0.25503826,-0.41086856,2.7242954,19
0.33585715,0.957582,-1.1848375,1.1140271,-0.099458024,-1.2297928,-1.2623127,1.1603881,0.09654311,-2.2250803,-0.61697245,-0.9049863,-1.5355421,-0.048460342,0.85647905,1.7939857,84
3.7654312,1.3265789,-2.6152444,2.0241313,-1.3830426,-1.6621004,-0.9298049,-1.5598218,1.6476004,-6.164601,-1.0899117,0.017800048,-4.6928844,-0.043075763,-0.43780625,2.6221383,104
3.6764612,1.445302,-2.854197,2.2705646,-1.4673849,-1.670446,-0.9861439,-1.5013925,1.7264441,-6.492298,-1.2294166,0.05797501,-4.579556,-0.09154874,-0.5338608,2.70327,104
0.25790846,0.83836937,-1.089,1.1552352,-0.09784304,-1.2850986,-1.3089166,1.2703923,0.064965114,-2.2759256,-0.7024547,-0.74801135,-1.6713834,0.080495015,0.8758406,1.8277612,84
0.56350535,0.990196,-1.0654508,1.2930034,-0.120205015,-1.2153751,-1.2685366,1.2240098,-0.01464048,-2.2766273,-0.55774695,-0.8632415,-1.7226124,0.12762679,0.8464093,1.8469266,84
3.8688698,-0.113995016,-2.58035,2.6093788,-0.28457934,-1.4316673,-1.4434676,-1.4587703,-0.13727482,-6.073466,-1.2609053,1.4863002,-5.147,0.24544254,-0.4793802,2.144553,79
3.8817525,1.3071418,-3.0044577,1.990192,-1.2660909,-1.7471566,-0.7448523,-1.3484563,1.8873479,-6.745426,-1.0681248,0.20134304,-5.0542603,-0.26100308,-0.1417943,2.7237563,104
3.958941,0.6638094,-3.018473,2.5165958,-0.74956226,-1.511872,-1.5188968,-1.6407645,0.26359865,-6.4879475,-1.2210639,0.91501486,-4.8519416,0.15441677,-0.845411,2.2315662,104
3.559802,1.0819303,-2.3840306,1.6830486,-1.4629673,-1.6848115,-0.46031016,-1.2567129,2.2270691,-5.9593287,-1.4449431,0.0073411614,-4.787317,-0.31686226,-0.22360721,2.794404,19
3.993247,0.010801301,-2.7512178,2.8416305,-0.5155047,-1.5394871,-1.4811366,-1.5261184,-0.08099602,-6.541108,-1.3392297,1.4799246,-5.4207087,0.34576586,-0.4754022,2.33134,104
3.8495717,0.8376943,-2.4553354,2.9841557,-1.1038598,-1.1694381,-1.6986632,-1.4595902,0.4695261,-6.7478614,-1.090598,1.0645517,-4.873196,0.057754755,-0.6173638,2.2573652,104
3.7015913,1.5405264,-3.1050224,2.3056564,-1.3904732,-1.8127873,-1.1268348,-1.6717964,1.6636605,-6.8180513,-0.96802557,0.09517543,-4.6171746,-0.14054292,-0.46659154,2.6219215,104
3.6932814,-0.3392928,-2.7890613,2.524653,-0.2700829,-1.5141392,-1.1941314,-1.5672135,-0.33912307,-5.533144,-1.2347715,1.2218612,-4.8582864,0.049047366,-0.47980934,2.1776185,79
0.49649185,1.089112,-1.1786429,1.3286765,-0.16369747,-1.1532633,-1.318255,1.1134155,-0.057838425,-2.389207,-0.4332766,-0.85756403,-1.6440109,0.1169782,0.7896152,1.7909623,84
0.9452285,1.158342,-1.1046277,2.0502028,-0.571934,-0.4255906,-1.1213951,-1.1001731,0.3987289,-2.7305555,0.07188171,-0.469118,-0.84070903,-0.3213074,-0.8547223,1.5856344,84
3.65008,1.6690879,-2.9116263,2.0260415,-1.5594339,-1.7825638,-1.028731,-1.5942432,1.9930428,-6.676104,-1.2567749,-0.0667007,-4.622157,-0.12089978,-0.6360556,2.7374127,19
0.51047844,0.9949782,-1.112306,1.2773544,-0.13900498,-1.1871469,-1.2648613,1.1930757,-0.026545167,-2.2534015,-0.5571533,-0.87404054,-1.6709946,0.12548128,0.8083975,1.8434867,84
3.6146631,1.5061303,-2.481146,1.7946349,-1.510738,-1.5354007,-1.0341363,-1.7742116,1.5561717,-5.761198,-1.0668864,-0.21488443,-4.3221517,-0.08392761,-0.8073352,2.458189,104
3.4883306,1.4637841,-2.3903773,1.9384044,-1.5432502,-1.4795645,-0.9626677,-1.571131,1.6847519,-5.7609835,-1.229649,-0.119841285,-4.187974,-0.020189352,-0.75993127,2.4938633,13
0.3475002,1.0616158,-1.1801722,1.347429,-0.17256725,-1.1492959,-1.3351109,1.0795703,-0.06268646,-2.3803778,-0.40800542,-0.863239,-1.5677123,0.110382274,0.7188436,1.7839882,84
0.49429947,1.1116863,-1.1384197,1.3693157,-0.1515717,-1.1341559,-1.2980855,1.0421222,0.02627328,-2.3625727,-0.4224705,-0.8966704,-1.5911479,0.08862352,0.66850257,1.8324399,84
3.9961185,-0.22882941,-2.4775772,2.5538702,-0.20056646,-1.4971284,-1.5153184,-1.2713497,-0.28631216,-5.866247,-1.3931143,1.4645896,-5.3335614,0.48179996,-0.61297715,2.1464217,79
3.6207209,1.5780915,-2.611809,1.3957269,-1.2777456,-1.6204562,-0.9490348,-1.5080819,1.9326494,-5.966352,-1.0937372,-0.08138384,-4.489161,-0.14544347,-0.63783914,2.4612372,19
4.135785,0.8687543,-3.2592263,2.2411547,-0.91189086,-1.4556612,-1.7243991,-1.9326475,0.19881019,-6.8939047,-1.2476606,0.91521513,-5.20502,0.25034764,-1.137058,2.1857467,104
3.4597564,1.1727976,-2.0943053,1.5864843,-1.5908536,-1.6177117,-0.49439335,-1.1599644,2.2044144,-5.7891564,-1.5624796,-0.09156801,-4.751719,-0.05497975,-0.43840057,2.8199184,13
4.188253,0.41262314,-3.140191,2.9843783,-0.8141527,-1.4687064,-1.9591937,-1.8017973,-0.18687592,-7.156061,-1.3378761,1.4134377,-5.5531893,0.33079812,-0.890608,2.2924643,104
3.85221,1.0814959,-2.7969818,3.2078986,-1.2939315,-1.1740224,-2.2143013,-1.7295864,0.4410243,-7.482156,-1.0794108,1.2520949,-5.0080233,0.00517489,-0.8834863,2.1493883,104
3.8716931,1.741125,-3.0828938,2.3975687,-1.5776038,-1.7555289,-1.4418483,-1.8902638,1.7167403,-7.1028285,-1.0952592,0.1765594,-4.7674026,-0.15892348,-0.6795072,2.619335,104
3.8987732,-0.75822294,-2.6813016,2.4180899,0.08381605,-1.6053556,-1.1716704,-1.3419262,-0.4003743,-5.591449,-1.4427007,1.5957893,-5.5048323,0.40532744,-0.29472458,2.2431843,79
0.31226915,1.0599872,-1.0330614,1.1705798,-0.20409982,-0.9998296,-1.2730124,0.96292263,-0.07598381,-2.0539608,-0.2936462,-0.9275043,-1.4356952,0.07832055,0.72436726,1.6675582,84
0.96243244,1.1522584,-0.9639985,2.0377889,-0.70235157,-0.34802416,-1.1995318,-1.2307829,0.5104179,-2.7697587,0.07833561,-0.42790592,-0.8129856,-0.28548974,-0.8820733,1.5190765,84
3.5404472,1.6177303,-2.5106313,1.8295957,-1.5941325,-1.5475149,-1.0031154,-1.6312845,1.8358846,-5.9543715,-1.2684114,-0.15705474,-4.282511,-0.048272785,-0.81746054,2.5481825,19
0.40792847,1.0916659,-1.1546686,1.3410786,-0.16836561,-1.1011252,-1.3008513,1.0121012,-0.028665245,-2.3010626,-0.3780813,-0.902339,-1.526069,0.09624013,0.669415,1.7852869,84
3.59015,1.5776973,-2.5230486,1.4183235,-1.4217042,-1.6461346,-1.2356002,-1.8736781,1.5684942,-5.6238155,-1.1773845,-0.26735687,-4.298397,-0.036245365,-1.1396241,2.3427932,19
3.333354,1.476766,-2.163855,1.6691316,-1.5103168,-1.4270498,-0.9709658,-1.5931484,1.5912127,-5.27245,-1.1803249,-0.31142682,-3.9205835,0.021953404,-0.981884,2.346924,13
0.1751162,0.9705287,-1.0077206,0.98659146,-0.20642965,-1.0249025,-1.3599179,0.9682344,-0.18348996,-1.875365,-0.26143074,-0.9472111,-1.4136064,0.1105914,0.8174461,1.5611655,84
0.2664491,1.1408731,-0.9826975,0.98063433,-0.26107904,-0.9423443,-1.3493912,0.7452523,-0.015027434,-1.935844,-0.23435824,-0.96963215,-1.3173242,0.06857897,0.5278815,1.5566899,84
3.8900151,-0.28916115,-2.3827636,2.0214143,0.17751727,-1.733009,-1.2239511,-1.1221868,0.10358657,-5.059775,-1.2878458,1.013197,-5.0689983,0.4347574,-0.52289253,2.106096,104
3.5375965,1.689745,-2.5440216,0.9964956,-1.3330177,-1.5124648,-1.102977,-1.727373,1.8160607,-5.51688,-1.185272,-0.30279395,-4.2747684,-0.033909842,-1.1313673,2.3594217,19
4.093006,0.827103,-3.1093595,1.9084784,-0.85752416,-1.3989184,-1.8112116,-1.792018,0.21642801,-6.4762583,-1.3357238,0.76758856,-5.1616783,0.34334493,-1.3594692,2.1134515,104
3.4134574,1.4449258,-2.1786678,1.35925,-1.6107662,-1.6037397,-0.4365833,-1.2583524,2.2785125,-5.7006707,-1.4045126,-0.33852327,-4.498726,0.08429305,-0.62577075,2.626593,19
3.81905,0.35005465,-2.6964731,2.1790552,-0.39894384,-1.5926152,-1.5699544,-1.649729,0.14178982,-5.6143055,-1.1720278,0.813153,-4.7346954,0.29225984,-0.9132591,2.0550196,104
3.587872,0.6709681,-1.9950992,2.093101,-0.67048264,-1.2865067,-1.268111,-1.0836067,0.6491882,-5.0798106,-1.1385242,0.5846831,-4.1554184,0.29247922,-0.7304693,1.9724736,104
3.6360164,1.6761513,-2.4790957,1.9031206,-1.5450469,-1.5229069,-1.1571134,-1.7759598,1.691425,-5.9972897,-1.1439667,-0.06423181,-4.304051,-0.06999299,-0.82706696,2.4576383,104
3.857634,-0.43865916,-2.8094096,2.3441224,-0.11568461,-1.3969412,-1.3276019,-1.6591213,-0.44653165,-5.6681843,-1.2205727,1.442512,-5.2883477,0.52203006,-0.5293839,2.0857425,79
0.17367129,1.0460207,-0.8913238,0.8163806,-0.29717088,-0.8735663,-1.4009519,0.70284414,-0.16275309,-1.7102878,-0.16127019,-0.95530623,-1.2557517,0.07369688,0.5929188,1.3998281,84
1.0281857,1.1981201,-0.9763164,1.7936422,-0.8029411,-0.31342518,-1.4228463,-1.5059878,0.57125515,-2.7857134,0.028801143,-0.3962037,-0.8728376,-0.3332165,-1.1269813,1.4143213,84
3.332669,1.6038994,-2.227935,1.4420047,-1.5501901,-1.4884326,-0.96109957,-1.6750017,1.7785292,-5.3695736,-1.2443893,-0.3372956,-4.0032296,0.037913546,-1.0520506,2.3730028,13
0.19407661,1.073623,-0.9963487,0.9186331,-0.24906772,-0.9316078,-1.3592348,0.7924362,-0.11142211,-1.8561571,-0.19934982,-0.9659619,-1.299308,0.09264663,0.61397576,1.4917191,84
3.6102848,1.5865991,-2.5809064,1.0201707,-1.3397981,-1.7295976,-1.261483,-1.9133518,1.570787,-5.4676213,-1.2942504,-0.32128477,-4.372918,0.05418977,-1.3476892,2.3085299,19
3.2735796,1.5186782,-2.3138216,1.4808358,-1.4542173,-1.5159354,-1.205509,-1.778066,1.4495617,-5.1938524,-1.1923503,-0.37413636,-3.8227558,0.009987332,-1.2754185,2.2512498,19
0.14270805,0.98630154,-0.88182485,0.6821108,-0.28832367,-0.9376843,-1.488179,0.7557182,-0.19685443,-1.6531122,-0.18917549,-0.9518682,-1.3347559,0.11567387,0.6951754,1.3453133,84
0.1323558,1.1257086,-0.8528165,0.7216805,-0.34389782,-0.86837316,-1.4920268,0.6312652,-0.12160589,-1.6789685,-0.13760242,-0.9940267,-1.2069647,0.017318867,0.5196027,1.3462789,84
3.8333225,-0.25170076,-2.3342397,1.4868298,0.3413634,-1.7052969,-1.0394411,-1.0917046,0.12845016,-4.3544846,-1.3111011,0.7011245,-4.7470713,0.5093173,-0.6689428,2.03202,104
3.6830397,1.7304941,-2.6834648,0.73374856,-1.2936168,-1.6609744,-1.2415705,-1.8011549,1.7945219,-5.5920033,-1.3261018,-0.3264875,-4.49527,0.05455658,-1.3938901,2.323814,19
3.6321173,0.6346401,-2.2843907,1.322194,-0.58231795,-1.3148495,-1.4090812,-1.5935078,0.29136476,-4.5679145,-1.2409704,0.2212831,-4.151599,0.3672711,-1.3841481,1.9360898,104
3.3549268,1.542571,-2.3203914,1.1185954,-1.693784,-1.7529007,-0.6671417,-1.5687864,2.3023016,-5.706704,-1.4841707,-0.45618373,-4.51887,0.051791355,-0.9582612,2.5984516,19
3.7118497,0.29008502,-2.3721607,1.5201621,-0.22428447,-1.4961747,-1.404182,-1.5456645,0.17378873,-4.6506066,-1.2827401,0.52353597,-4.444731,0.35053825,-1.1020409,2.024911,104
3.5691047,0.5636108,-1.8511636,1.4682925,-0.66135,-1.2084761,-1.3633924,-1.3337674,0.36258173,-4.2493486,-1.4069219,0.32619405,-4.061492,0.37066343,-1.2518868,2.0218658,104
3.462408,1.6449021,-2.380842,1.6110946,-1.5210952,-1.5013112,-1.2456322,-1.8918271,1.5866778,-5.6670103,-1.1501007,-0.16346797,-4.1417313,-0.03832498,-1.0817878,2.337477,19
4.055705,-0.12089981,-3.2476015,2.4389143,-0.3153724,-1.5065178,-1.7366638,-1.9372916,-0.42693,-6.3178906,-1.2221737,1.3843325,-5.489561,0.48320222,-0.84588945,2.0433607,79
0.07674916,1.0614448,-0.8457318,0.603118,-0.33368593,-0.84687006,-1.6122451,0.5476234,-0.23497175,-1.5301667,-0.11318344,-0.9610321,-1.1532452,-0.010615535,0.46230823,1.2398024,84
1.1428441,1.2172557,-1.1047922,1.7011458,-0.7951585,-0.38003176,-1.6104217,-1.6290154,0.5617402,-2.8604681,-0.06755528,-0.36129823,-1.0005438,-0.35334584,-1.313451,1.4068555,13
3.2319071,1.6308516,-2.2478669,1.1751769,-1.5409564,-1.5226849,-1.0701902,-1.7998275,1.731548,-5.253635,-1.2741184,-0.38481188,-3.9511743,0.04930657,-1.2747245,2.2819755,19
0.10519107,1.0804772,-0.88157034,0.6713116,-0.3214063,-0.864216,-1.5258491,0.6671957,-0.18398331,-1.6283042,-0.13020803,-0.9822263,-1.2043078,0.03247554,0.5662305,1.3049845,84
3.4035175,1.6747704,-2.4388673,1.0502946,-1.4080707,-1.495115,-1.4190187,-1.9144113,1.4833053,-5.485555,-1.2192487,-0.28274122,-4.191867,-0.022771537,-1.483208,2.2461925,19
3.0904582,1.6440564,-2.3778198,1.3292893,-1.5868622,-1.404191,-1.3127885,-1.9180336,1.4883597,-5.3994374,-1.1524708,-0.3368886,-3.8043318,-0.025089614,-1.4282603,2.1945155,19
0.0650305,1.0294263,-0.85107267,0.54607886,-0.31223607,-0.8933032,-1.6398892,0.6307028,-0.24361505,-1.5127015,-0.14576285,-0.9726709,-1.1993977,0.01945518,0.537874,1.2423556,84
0.027406022,1.1616855,-0.84105825,0.60101557,-0.35548753,-0.86485136,-1.7050176,0.5525901,-0.19005762,-1.4980547,-0.13863362,-1.0149176,-1.0819057,-0.10004202,0.36484933,1.2764548,84
3.798702,-0.20563261,-2.3423648,1.1445585,0.24294496,-1.623149,-1.4502404,-1.4880962,-0.09272002,-4.064687,-1.5699165,0.5436551,-4.7484097,0.5117625,-1.2548068,2.1743426,104
3.7128317,1.780357,-2.742625,0.68867874,-1.2893136,-1.7468042,-1.248549,-1.7821604,1.8585151,-5.7060966,-1.3641977,-0.30700234,-4.591466,0.05003223,-1.3962853,2.342112,19
3.73077,0.5141952,-2.195421,0.7668483,-0.4387117,-1.199478,-1.4671848,-1.5678297,0.20413409,-4.0975866,-1.4772106,0.15070955,-4.3231072,0.45593768,-1.6512542,2.00938,104
3.2800617,1.623806,-2.4517927,0.9449073,-1.6661676,-1.7904152,-0.83102214,-1.773419,2.2441435,-5.7161717,-1.4477056,-0.45139176,-4.439375,0.020985179,-1.1418738,2.4837246,19
3.7855017,0.23902342,-2.4517035,1.1145629,-0.2509633,-1.4241147,-1.7177384,-1.8274609,-0.0795186,-4.394592,-1.5543194,0.43102956,-4.593089,0.44537294,-1.6287897,2.1100004,104
3.6783211,0.37218368,-1.9239115,1.0788581,-0.54561865,-1.1217858,-1.5454106,-1.5176286,0.029253587,-3.8443344,-1.614368,0.24850999,-4.222526,0.43827546,-1.6360402,2.0740223,104
3.3797314,1.7990645,-2.6732998,1.6116806,-1.6090635,-1.5279151,-1.6056633,-2.2011864,1.4634051,-6.13306,-1.0887806,-0.1381685,-4.180556,-0.07040089,-1.3958652,2.2649019,19
3.6670399,-0.3439426,-2.380636,1.7525471,0.043431878,-1.5511179,-1.2508194,-1.4847481,-0.29496485,-4.49263,-1.2773781,0.8180767,-4.622675,0.5561124,-0.88693625,1.9031718,79
-0.018900782,1.1356323,-0.84462744,0.54161906,-0.34007752,-0.8147829,-1.709768,0.47651142,-0.2233132,-1.4860342,-0.10242142,-0.9617898,-1.0172974,-0.05543553,0.29843003,1.1842827,84
1.2631133,1.2869332,-1.3210562,1.7605859,-0.8583765,-0.4023597,-1.7702663,-1.7794325,0.51012,-3.1144621,-0.07594675,-0.34910774,-1.1054255,-0.39076832,-1.428648,1.4277573,13
3.1021123,1.7870784,-2.3761282,1.1248305,-1.6659166,-1.4646122,-1.2826526,-2.0047312,1.7115493,-5.586784,-1.2141266,-0.3733387,-3.959779,-0.00010795146,-1.487529,2.2382085,19
-0.03418982,1.1310438,-0.86218786,0.61164725,-0.34960473,-0.83895755,-1.6985879,0.5650878,-0.22353293,-1.491096,-0.11753757,-1.005022,-1.0380905,-0.11929428,0.37923527,1.2706147,84
3.1514435,1.5394323,-2.1477916,0.9425652,-1.3443736,-1.273138,-1.3542213,-1.7245587,1.4102345,-5.174065,-1.1813971,-0.21411039,-3.9899802,-0.0011713207,-1.4713173,2.1465833,19
2.8593147,1.6427524,-2.1499622,1.0900958,-1.5516186,-1.226076,-1.3530931,-1.8542709,1.4363778,-5.125853,-1.1120775,-0.34977934,-3.5847516,0.0058906376,-1.5758977,2.0540798,13
-0.0394807,1.1593335,-0.85719293,0.5272476,-0.32631874,-0.8317944,-1.7268014,0.5346014,-0.19545992,-1.5183587,-0.11173561,-0.99070853,-1.0116929,-0.06536833,0.30796847,1.2194026,84
-0.005823359,1.2009043,-0.8351601,0.43240446,-0.34242785,-0.8482133,-1.8036134,0.42334187,-0.19302244,-1.4391357,-0.10536778,-0.98796695,-1.0120523,-0.03853916,0.25405982,1.1460063,84
3.7311363,-0.25268036,-2.3804588,0.84172606,0.27536616,-1.5415682,-1.6270475,-1.7186433,-0.24577318,-3.8515005,-1.6459564,0.46643388,-4.698871,0.54453427,-1.5604672,2.1344683,104
3.4863029,1.86713,-2.554892,0.99727476,-1.4495668,-1.5044951,-1.3848879,-1.7559648,1.7981243,-5.8793573,-1.2726061,-0.2049664,-4.421739,-0.052829698,-1.3905969,2.3627617,19
3.6635625,0.13002314,-1.943461,0.51003844,-0.23502618,-1.1013662,-1.4469252,-1.4340612,-0.11942263,-3.3555987,-1.7001618,0.16232331,-4.260994,0.5789165,-1.816283,2.0311894,104
3.1471472,1.8425049,-2.4925115,0.9012364,-1.7940813,-1.639735,-0.98589283,-1.8827448,2.2656996,-5.8996377,-1.3623712,-0.48464316,-4.329809,-0.043300346,-1.3168843,2.4511054,19
3.7154782,-0.02748471,-2.2851813,0.8647357,-0.102458924,-1.2632847,-1.6835034,-1.7957296,-0.24281551,-4.0030565,-1.6447917,0.48260838,-4.576752,0.5047868,-1.7084961,2.0537689,104
3.4923713,0.013731796,-1.5889437,0.75376093,-0.3037284,-0.97526926,-1.3162572,-1.2910614,-0.03274496,-3.1734712,-1.6930597,0.29627138,-4.079999,0.5416732,-1.5520537,1.9821342,104
3.254931,1.6672424,-2.486208,1.2974908,-1.4533421,-1.4833802,-1.535321,-2.0691822,1.4492886,-5.8195214,-1.1400486,-0.112959564,-4.1146164,0.02624458,-1.473392,2.146787,19
3.7436213,-0.2810119,-2.4740467,1.2633284,0.110171795,-1.5439543,-1.3962307,-1.632914,-0.33526212,-4.160343,-1.452169,0.55702233,-4.62139,0.6250913,-1.3114376,2.0141447,79
-0.047068685,1.1777953,-0.8689306,0.467265,-0.3195194,-0.7826956,-1.7800128,0.40476644,-0.21320708,-1.5159996,-0.07149953,-0.9272746,-0.97439677,-0.043865625,0.20087904,1.1220006,84
1.3109518,1.3766888,-1.5243492,1.857371,-0.9208244,-0.39923495,-1.9082093,-1.874016,0.5156139,-3.5306034,-0.03664124,-0.28928912,-1.2185699,-0.4125566,-1.4813037,1.4226551,13
2.862806,1.7133672,-2.1609724,1.0169303,-1.6114382,-1.303667,-1.301794,-1.9068754,1.6390224,-5.374444,-1.1506227,-0.33307764,-3.7622328,0.0031147152,-1.5359049,2.123782,13
-0.061573386,1.1935768,-0.8392932,0.46990246,-0.3508705,-0.8052658,-1.7763338,0.45016533,-0.20365249,-1.4529638,-0.080328465,-0.9974639,-0.9568093,-0.07590505,0.24108925,1.1663184,84
3.0815804,1.5778792,-2.113763,1.1134785,-1.3923184,-1.1232867,-1.3979044,-1.6792452,1.3634455,-5.279331,-1.157524,-0.11027045,-3.900295,-0.031036392,-1.4493852,2.143483,13
2.6743603,1.5846608,-1.9735261,0.9185232,-1.4954473,-1.0880191,-1.3107169,-1.7288774,1.4165639,-4.851187,-1.1010017,-0.35189265,-3.4139006,0.02279722,-1.6186163,1.984531,13
-0.09944139,1.1877254,-0.8582567,0.46359754,-0.29927775,-0.77745146,-1.7881737,0.4815579,-0.20912807,-1.5287613,-0.060975328,-0.9445103,-0.94419974,-0.07213861,0.23429397,1.1434175,84
-0.035536304,1.2408737,-0.87179947,0.39972985,-0.32501417,-0.7870295,-1.8347492,0.393768,-0.20469089,-1.4845309,-0.06781377,-0.9545548,-0.96317065,-0.033247966,0.1693939,1.0926317,81
3.6570559,-0.25220668,-2.3957295,0.8776727,0.3169518,-1.45344,-1.6151426,-1.6373036,-0.2036338,-3.9787495,-1.6148821,0.59588516,-4.638712,0.557363,-1.4899802,2.0627315,79
3.2482936,1.8427757,-2.3636963,1.2770437,-1.5799019,-1.1956109,-1.4871643,-1.7585928,1.6716772,-6.020648,-1.138207,-0.056390375,-4.241174,-0.12825641,-1.364533,2.2874074,19
3.5678215,0.08183126,-1.8875039,0.62063897,-0.27947384,-0.8890306,-1.5544758,-1.5012046,-0.21748652,-3.4840293,-1.6318606,0.25524777,-4.228393,0.5379559,-1.8407109,1.9689696,1
2.8212383,1.8316195,-2.1717467,0.88202596,-1.8030664,-1.3661093,-1.0396965,-1.7929456,2.1423318,-5.6076574,-1.2324295,-0.46209425,-3.984544,-0.09759588,-1.3674409,2.3271918,13
3.6014583,-0.0838687,-2.218526,0.90828514,0.00983125,-1.1927112,-1.6260169,-1.6476195,-0.18432511,-4.024036,-1.6041101,0.6277155,-4.46338,0.5390837,-1.5746284,1.9699014,104
3.372134,-0.058378913,-1.4158529,0.9342091,-0.24945007,-0.857831,-1.1496687,-1.0364374,0.053901523,-3.1458879,-1.6501405,0.4822116,-3.9357908,0.5838065,-1.2674468,1.9207321,104
3.1309545,1.5908747,-2.2758706,1.1946859,-1.4224154,-1.342954,-1.3946002,-1.8435767,1.4863089,-5.571845,-1.196785,-0.08455795,-4.0186033,0.05502285,-1.4328134,2.1428092,19
3.7583582,-0.5202969,-2.287739,1.0253166,0.21708056,-1.390723,-1.4312713,-1.530601,-0.53384,-3.7070446,-1.676777,0.593201,-4.686719,0.6772505,-1.4663994,2.093468,79
-0.06455898,1.2005007,-0.88593715,0.43029106,-0.30172968,-0.7527395,-1.7864754,0.39292526,-0.22545467,-1.5223649,-0.06414051,-0.9091822,-0.93653715,-0.027796503,0.14442554,1.0832533,81
1.3898029,1.463557,-1.6258812,2.0265355,-0.9312767,-0.42674595,-1.9418249,-1.8420911,0.50282174,-3.7106342,-0.009322941,-0.28428066,-1.2536745,-0.4485231,-1.4504883,1.4712408,13
2.7656064,1.7276253,-2.109368,1.0349363,-1.5924945,-1.1680434,-1.3364811,-1.8180109,1.6159447,-5.3889966,-1.1228199,-0.25933087,-3.6764834,-0.017441206,-1.5489361,2.0860946,13
-0.0989876,1.2203156,-0.86289144,0.4559955,-0.31761348,-0.7515588,-1.8169103,0.43207258,-0.22230776,-1.4932442,-0.044530466,-0.9539858,-0.90630615,-0.08814404,0.16085762,1.1159768,81
3.1360672,1.6949371,-2.2378066,1.2844864,-1.4331325,-1.0963664,-1.4427156,-1.6996111,1.3967915,-5.5242805,-1.1578983,-0.053278938,-3.8980646,-0.077202365,-1.422061,2.1963665,13
2.6130145,1.6361479,-2.0220397,1.0271218,-1.4768012,-1.0350106,-1.3693848,-1.7297977,1.3969339,-4.9699,-1.0660783,-0.28130263,-3.326641,-0.004116684,-1.6155775,1.9680163,13
-0.10359186,1.2217021,-0.87300366,0.41889334,-0.2981702,-0.7083254,-1.8038659,0.46643758,-0.25689209,-1.4909387,-0.037501484,-0.9327447,-0.8897744,-0.07463147,0.18003479,1.0967008,81
-0.037466824,1.2387187,-0.87421,0.39844787,-0.30854505,-0.76892185,-1.7986505,0.41752523,-0.21541025,-1.4822437,-0.076616645,-0.9344174,-0.95465595,-0.022873983,0.16020173,1.0958902,81
3.5348797,-0.23419528,-2.368973,1.1767554,0.35540256,-1.3917522,-1.5211637,-1.4473796,-0.14397089,-4.125534,-1.5209099,0.74964803,-4.4612746,0.56891644,-1.2600632,2.0283303,79
3.2021253,1.864118,-2.3438458,1.4473901,-1.6455814,-1.0838276,-1.4906044,-1.7307546,1.7159194,-6.2764397,-1.1087615,0.08379321,-4.258152,-0.15158105,-1.2701988,2.2790778,19
3.5377614,0.1235312,-1.8900849,0.8160709,-0.23190208,-0.85788417,-1.5489907,-1.4321072,-0.12656723,-3.6353407,-1.5677787,0.37528569,-4.120906,0.5506899,-1.6909385,1.9194155,1
2.626477,1.896188,-2.136433,1.0563732,-1.8200183,-1.1833793,-1.2129197,-1.8188082,2.0062428,-5.7124395,-1.0841677,-0.3603946,-3.7745273,-0.19037989,-1.4063454,2.2368722,13
3.5207727,0.06358752,-2.2670255,1.338339,-0.021419361,-1.1735433,-1.6207354,-1.577716,-0.08847584,-4.3545957,-1.4480289,0.7417164,-4.2591047,0.5267258,-1.3562045,1.9526986,104
3.4791527,0.011143756,-1.6021727,1.3337332,-0.25842097,-0.8856377,-1.2400107,-1.0596037,0.05313641,-3.6327558,-1.6168711,0.679097,-4.013988,0.6168783,-1.1383,1.9573473,104
3.086106,1.6110313,-2.193167,1.2607443,-1.4658476,-1.2201788,-1.3151875,-1.7115163,1.5435991,-5.542824,-1.227477,-0.053089872,-3.976781,0.0135096535,-1.3609309,2.2054803,13
3.6924233,-0.67495775,-2.1095397,0.8550626,0.2890367,-1.2034416,-1.4471762,-1.4396607,-0.58061725,-3.447333,-1.7655296,0.6511061,-4.7131677,0.64624846,-1.4894421,2.100358,79
-0.05897802,1.2123092,-0.90545714,0.43225664,-0.28755742,-0.7157803,-1.7704349,0.4106422,-0.26011187,-1.5080678,-0.06921396,-0.89469594,-0.911397,-0.025516167,0.12209049,1.0860817,81
1.5266554,1.5560348,-1.8091375,2.2638698,-0.93569565,-0.4818178,-1.9969494,-1.8212014,0.47787714,-4.016672,-0.0036900342,-0.24551725,-1.351549,-0.46985832,-1.4116724,1.5492549,13
2.7497666,1.8051285,-2.1743696,1.1519048,-1.5728776,-1.1067934,-1.3768675,-1.7837447,1.6219205,-5.5224175,-1.089819,-0.19595309,-3.6167352,-0.05365161,-1.5224991,2.095857,13
-0.10473019,1.2320911,-0.8704764,0.41707903,-0.3122903,-0.7131857,-1.7957177,0.4330001,-0.23516415,-1.4885819,-0.0420233,-0.93086743,-0.8876365,-0.06538413,0.1458075,1.087569,81
3.1276507,1.6718911,-2.3089452,1.4009643,-1.324852,-1.0968974,-1.464634,-1.7309976,1.2838461,-5.475927,-1.1172808,-0.014600486,-3.7382927,-0.073420815,-1.3988199,2.1608322,13
2.6451554,1.7100608,-2.1398478,1.2145706,-1.436072,-1.0401366,-1.4299443,-1.760531,1.3965832,-5.1585917,-1.0084777,-0.23199633,-3.2748704,-0.043906387,-1.5620041,1.9860086,13
-0.09577879,1.253084,-0.880033,0.3791855,-0.3081025,-0.66594225,-1.7942903,0.4515431,-0.24428748,-1.4851887,-0.0694218,-0.9351506,-0.8554198,-0.07223942,0.11708143,1.0883958,81
-0.02732703,1.2118542,-0.88934696,0.3895079,-0.26707536,-0.76937664,-1.7907574,0.4634177,-0.24384923,-1.4905913,-0.10962205,-0.8909172,-0.9820534,0.0016468763,0.18442443,1.0959454,84
3.5316477,-0.25244248,-2.4552975,1.5645036,0.4442902,-1.4130055,-1.4884453,-1.3352121,-0.20517166,-4.29982,-1.4682164,0.85898006,-4.371799,0.55402803,-1.0872779,2.1009247,79
3.2132416,1.8366622,-2.3622422,1.4478908,-1.5676423,-1.0586892,-1.4554541,-1.6906848,1.685715,-6.2081323,-1.1132371,0.11917643,-4.19127,-0.15302032,-1.2297349,2.2604635,13
3.589816,0.2551815,-2.000535,1.2038474,-0.22839624,-0.8813627,-1.5634098,-1.3989655,-0.03921117,-3.9147727,-1.4787253,0.47827142,-4.006519,0.53675324,-1.4969425,1.9394199,104
2.6226268,1.9771465,-2.2720137,1.1941537,-1.7583615,-1.1165487,-1.3592827,-1.8300754,1.933561,-5.9255705,-1.0105937,-0.25836262,-3.7121072,-0.24509467,-1.4299653,2.199462,13
3.6239953,0.18249764,-2.5057168,1.8253919,-0.01331988,-1.2417027,-1.7106297,-1.635146,-0.13728927,-4.7449775,-1.3671387,0.8188925,-4.215163,0.4845531,-1.2446976,2.0515687,79
3.6233754,0.14012448,-1.8288106,1.822848,-0.37095684,-0.91595674,-1.3586032,-1.1555247,0.100177824,-4.2275343,-1.5715703,0.7983699,-4.135621,0.5652163,-1.0172968,2.0712779,104
3.0812054,1.6135569,-2.209761,1.3634907,-1.4176883,-1.1661696,-1.3020566,-1.648327,1.5455443,-5.5546083,-1.2098738,-0.0022604316,-3.919672,-0.016700536,-1.2867973,2.2283225,13
3.6386452,-0.67515635,-2.1187007,0.7974448,0.35939023,-1.1485878,-1.4108615,-1.4025327,-0.49257034,-3.48434,-1.7444613,0.71783966,-4.6386003,0.64812946,-1.4324169,2.0213282,79
-0.036299914,1.2169818,-0.9302381,0.43766105,-0.2566884,-0.7230855,-1.7722514,0.45075023,-0.24636279,-1.5478264,-0.120452896,-0.8801933,-0.9297753,-0.025547016,0.12249893,1.1216016,81
1.699143,1.6533307,-2.017519,2.4959211,-0.9247756,-0.52958643,-2.0361378,-1.7783724,0.46695852,-4.3522696,-0.00968492,-0.2189302,-1.4764093,-0.4805885,-1.3638008,1.6547191,13
2.757824,1.8301785,-2.2503557,1.3227311,-1.5013125,-1.0826914,-1.4074988,-1.7777238,1.5795339,-5.5616307,-1.0291283,-0.1542655,-3.5156388,-0.100442655,-1.4528167,2.1123948,13
-0.10405553,1.2346336,-0.8805378,0.38850027,-0.2945497,-0.69365686,-1.7869916,0.44913906,-0.23274459,-1.4971468,-0.074775755,-0.90610343,-0.8850261,-0.04706324,0.13059086,1.0852395,81
3.16482,1.6999336,-2.4469721,1.5063934,-1.2856044,-1.1499869,-1.4532633,-1.7960881,1.2762867,-5.569276,-1.091377,-0.028104499,-3.7040076,-0.09090551,-1.3617392,2.1920981,13
2.6995666,1.7357978,-2.280136,1.4372976,-1.3274674,-1.0921453,-1.5103667,-1.8363008,1.294868,-5.24031,-0.9560297,-0.20594499,-3.1607773,-0.074489474,-1.5294375,2.0000684,13
-0.08762978,1.287169,-0.86142343,0.37537766,-0.33172986,-0.66478974,-1.7744234,0.44867414,-0.15572728,-1.5466717,-0.14951438,-0.9656308,-0.84726495,-0.08681767,0.08080071,1.1469325,81
0.007550508,1.226166,-0.913436,0.41845667,-0.24339338,-0.75180817,-1.7717447,0.5373405,-0.23654978,-1.5295724,-0.14750096,-0.88460493,-0.992313,-0.0052907094,0.2231816,1.1468111,84
3.6535718,-0.28421956,-2.6384683,1.8143066,0.5758283,-1.4802723,-1.4262526,-1.2549608,-0.23362531,-4.469308,-1.4581398,0.92381096,-4.4332366,0.53213876,-0.94489217,2.2059913,79
3.2594714,1.7907548,-2.4277828,1.520068,-1.4482255,-1.0997224,-1.4302256,-1.655245,1.6321417,-6.120629,-1.1348144,0.14305179,-4.115323,-0.1469176,-1.1700993,2.281454,13
3.7834003,0.35526174,-2.2494872,1.5153328,-0.19729146,-1.0212908,-1.6054196,-1.4671319,0.0075439215,-4.265629,-1.4543455,0.5190535,-4.077123,0.5507751,-1.3842614,2.02287,104
2.6922512,2.004156,-2.411098,1.2933657,-1.5946912,-1.0999142,-1.4623935,-1.845209,1.7817827,-5.875984,-0.95075125,-0.22396123,-3.5639572,-0.26663262,-1.4534302,2.1670313,13
3.80228,0.24832185,-2.8482838,2.1941109,0.07429744,-1.3828084,-1.7176931,-1.6363515,-0.104229435,-5.210637,-1.3186775,0.88096595,-4.328503,0.4615615,-1.0856575,2.1667206,79
3.8039436,0.17911191,-2.079104,2.2200556,-0.31554604,-0.9807488,-1.3812459,-1.2034621,0.09015176,-4.6378126,-1.5227815,0.8860806,-4.2388825,0.56991947,-0.84156173,2.19831,104
3.1407266,1.6412321,-2.3434002,1.4666644,-1.3597802,-1.2056384,-1.3353097,-1.6919492,1.549172,-5.681768,-1.1838713,0.02174753,-3.9366217,-0.04221016,-1.2455077,2.267453,13
3.6512623,-0.55521965,-2.2479136,1.1242999,0.39311853,-1.1842855,-1.3874002,-1.3686191,-0.39402705,-3.8113577,-1.6272963,0.84372866,-4.51614,0.60856384,-1.224654,1.9963726,79
-0.009508327,1.2536489,-0.9224115,0.4689449,-0.2729944,-0.7352155,-1.7289379,0.5527379,-0.16128938,-1.6329286,-0.20982079,-0.9272772,-0.9631455,-0.037449144,0.18013659,1.2297554,84
1.8520039,1.7371072,-2.1367683,2.7437634,-0.94983196,-0.58821195,-1.9932594,-1.6728277,0.5686966,-4.678544,-0.071072415,-0.22654888,-1.616557,-0.49268135,-1.2476833,1.8255559,13
2.8379705,1.8435346,-2.4256074,1.5198245,-1.408355,-1.139975,-1.4786253,-1.8409427,1.5040082,-5.69258,-0.99999577,-0.11342891,-3.4840064,-0.1256312,-1.4150157,2.1492069,13
-0.087729014,1.266427,-0.88241714,0.426512,-0.3028111,-0.6771657,-1.7614849,0.48240203,-0.17436184,-1.5498321,-0.12326506,-0.93261117,-0.8701269,-0.077801086,0.12588748,1.1573362,81
3.1255221,1.7064692,-2.448881,1.5656446,-1.2785559,-1.2010618,-1.3951004,-1.814873,1.4053465,-5.640716,-1.1123426,-0.056051567,-3.666824,-0.10407182,-1.2782314,2.227448,13
2.671592,1.8108785,-2.2874146,1.5988388,-1.35732,-1.1129047,-1.510355,-1.8627808,1.4446502,-5.430536,-0.96740025,-0.22448215,-3.118475,-0.12673603,-1.4460392,2.0771492,13
-0.04030627,1.2988575,-0.8673644,0.4291702,-0.35518697,-0.7010618,-1.730787,0.4553324,-0.07570036,-1.6324636,-0.23892005,-1.0009161,-0.8855179,-0.09439342,0.096465215,1.2420709,84
0.04337603,1.2606895,-0.92723966,0.48111618,-0.2500667,-0.7851847,-1.7252254,0.64732325,-0.12700622,-1.6661432,-0.24749587,-0.9252472,-1.0482484,-0.012626253,0.27099335,1.2812116,84
3.6547997,-0.27500516,-2.6866174,1.9719032,0.69850266,-1.5734776,-1.2343295,-1.0694767,-0.14141719,-4.442759,-1.4069089,0.861918,-4.3214164,0.5513773,-0.73238564,2.270206,79
3.3077312,1.7649882,-2.4895627,1.6423794,-1.3998064,-1.148977,-1.391995,-1.637074,1.6455578,-6.1314826,-1.1659353,0.14405124,-4.117358,-0.18974227,-1.0824325,2.3624065,13
3.8929434,0.4813351,-2.3670924,1.8889617,-0.28149316,-1.0947042,-1.5927501,-1.4514325,0.19104868,-4.690227,-1.4280438,0.5529248,-4.145976,0.5082368,-1.1766839,2.1270435,104
2.7373798,1.997251,-2.5189574,1.3200208,-1.4618204,-1.1656319,-1.505034,-1.9053261,1.70322,-5.813436,-0.9746832,-0.23860782,-3.451143,-0.23164491,-1.4990227,2.160521,13
3.8873353,0.35235393,-2.9857008,2.6075711,0.13952345,-1.5364562,-1.5244782,-1.4155116,0.1292979,-5.5869923,-1.2671582,0.788223,-4.347999,0.4318483,-0.7542144,2.3667195,104
3.9481726,0.2766106,-2.2895687,2.5817099,-0.330798,-1.1323339,-1.3260717,-1.1999567,0.23732486,-5.0870695,-1.5362227,0.86447275,-4.351461,0.586047,-0.6532174,2.390848,104
3.1467474,1.6425759,-2.410987,1.634513,-1.312773,-1.2074881,-1.3412681,-1.6852949,1.5621884,-5.794246,-1.1655996,0.0671369,-3.910702,-0.07739354,-1.155226,2.3165667,13
3.7177012,-0.46700847,-2.4867973,1.4717163,0.45928237,-1.3080791,-1.4140646,-1.4364778,-0.35223258,-4.177594,-1.5306662,0.92017627,-4.4667826,0.58064526,-1.0727835,2.0184207,79
0.07256521,1.2456226,-0.9608676,0.55101264,-0.25442022,-0.8082449,-1.6856399,0.64463884,-0.09658711,-1.7389978,-0.32530895,-0.95046496,-1.0513058,-0.01440686,0.24167833,1.3502995,84
2.0115736,1.7126803,-2.2129636,2.927341,-0.9712812,-0.6855808,-1.9061306,-1.6094253,0.66138405,-4.887305,-0.19466348,-0.20743024,-1.7912354,-0.43074423,-1.1311257,1.9682381,13
2.835561,1.8751645,-2.440432,1.5924143,-1.408652,-1.1706545,-1.4560926,-1.8423965,1.639449,-5.817398,-1.042103,-0.12736075,-3.4937067,-0.15617996,-1.3470385,2.2201471,13
-0.040390566,1.2889342,-0.89217186,0.47414374,-0.32828856,-0.71587867,-1.7155101,0.5317132,-0.080589786,-1.6586484,-0.21656257,-0.97868896,-0.9241742,-0.07694256,0.16878057,1.2664196,84
3.11697,1.6851496,-2.416292,1.6089023,-1.284885,-1.2079498,-1.2968624,-1.7737982,1.5357022,-5.68338,-1.1342902,-0.052066162,-3.692589,-0.11691193,-1.1549654,2.2641003,13
2.7539463,1.8390372,-2.3962424,1.719781,-1.3376125,-1.1820517,-1.5086174,-1.8945463,1.5177509,-5.6065416,-0.9930824,-0.19419585,-3.16547,-0.12125992,-1.3691688,2.1162708,13
0.09527017,1.2936958,-0.9697496,0.49887544,-0.3088144,-0.7925038,-1.7229159,0.5082099,-0.044414,-1.7537609,-0.3322243,-0.9919484,-0.99555653,-0.030445207,0.1160669,1.3131944,84
0.1484202,1.2273754,-0.97736406,0.5749638,-0.212929,-0.8916001,-1.6618848,0.74093425,-0.07665287,-1.7693022,-0.3796675,-0.9445605,-1.1591098,0.037357643,0.3608842,1.4101132,84
3.5019119,-0.317878,-2.5099034,1.9418505,0.76466215,-1.652266,-0.95929563,-0.8109456,0.076110736,-4.1606493,-1.4429154,0.70351845,-4.097393,0.58974874,-0.5025556,2.313599,79
3.317942,1.7477936,-2.4661283,1.6768984,-1.3830673,-1.1542078,-1.3436017,-1.5909561,1.7477547,-6.1442976,-1.2263439,0.13352783,-4.1329303,-0.20311815,-1.0121245,2.4202268,13
3.9772515,0.5051057,-2.413715,2.3045368,-0.3552668,-1.1330059,-1.4773245,-1.3793619,0.2970554,-4.964659,-1.3941666,0.56603104,-4.2023134,0.47825712,-0.89274275,2.2680585,104
2.7143667,1.9896947,-2.514877,1.2885339,-1.4318839,-1.22308,-1.4572587,-1.9584103,1.7652183,-5.7561884,-1.0214279,-0.28095627,-3.3867538,-0.20671493,-1.4958627,2.1703727,13
3.999465,0.37109572,-3.0813844,2.8919206,0.22552797,-1.6904843,-1.2851958,-1.1373434,0.39018935,-5.8455167,-1.3146138,0.6554374,-4.444072,0.4419965,-0.4423603,2.6059651,104
4.085943,0.24679379,-2.4612472,2.7939892,-0.27997205,-1.2510983,-1.183655,-1.0920188,0.37240428,-5.371581,-1.5858284,0.8626882,-4.5283017,0.66483665,-0.43651795,2.561985,104
3.1685448,1.6349155,-2.4874928,1.7805825,-1.3149472,-1.2588459,-1.3133171,-1.6921765,1.664875,-6.020293,-1.21549,0.11852409,-3.979061,-0.084857285,-1.0505338,2.3810089,13
3.7269247,-0.39546156,-2.5054045,1.7291144,0.42735526,-1.402284,-1.2487252,-1.3673809,-0.20519517,-4.3252583,-1.4825827,0.8849678,-4.389845,0.56184274,-0.8413821,2.0853531,79
0.24115361,1.2036271,-1.0849448,0.6641438,-0.17160265,-0.9506369,-1.6406498,0.7363686,-0.085880175,-1.8585485,-0.4555772,-0.93824667,-1.1955016,0.07420087,0.3095722,1.4686701,84
2.186636,1.6082186,-2.3151345,3.1138148,-0.9321747,-0.7567608,-1.8065174,-1.5050395,0.63701534,-4.9998384,-0.29960665,-0.12747449,-1.9627848,-0.31784362,-0.99317914,2.0662785,13
2.8818858,1.8652139,-2.4615767,1.645578,-1.4068489,-1.2400466,-1.4196522,-1.8633235,1.7603695,-5.9246774,-1.1228445,-0.11244674,-3.566805,-0.1485262,-1.2722328,2.280555,13
0.10001065,1.2694414,-0.9924594,0.5490357,-0.27622277,-0.8238267,-1.6993546,0.5911546,-0.05733387,-1.7735128,-0.33202794,-0.9730246,-1.0430285,-0.009117335,0.21303949,1.3547404,84
3.1247973,1.6909642,-2.403574,1.7160331,-1.3540491,-1.1408497,-1.184319,-1.6717191,1.6285708,-5.749056,-1.1272237,-0.01616007,-3.7447455,-0.15397388,-0.99496233,2.3085217,13
2.8213348,1.8639673,-2.4861555,1.8764015,-1.35078,-1.1700023,-1.515214,-1.8719656,1.539869,-5.750597,-0.977853,-0.1312727,-3.196847,-0.123238325,-1.278568,2.1322658,13
0.26402956,1.2637632,-1.1124742,0.61809444,-0.21429998,-0.93105197,-1.6870027,0.6226984,-0.07420866,-1.8576069,-0.43275744,-0.96623206,-1.1394984,0.07237424,0.18990147,1.4157585,84
0.36482388,1.1836889,-1.0998652,0.7503259,-0.1255247,-1.0339527,-1.5873187,0.84255505,-0.06780328,-1.8764634,-0.5091584,-0.9285711,-1.3204656,0.12472281,0.45164108,1.5683786,84
3.3300102,-0.44854695,-2.215847,1.8597018,0.8726888,-1.7399412,-0.61771655,-0.475905,0.15820064,-3.5534902,-1.5241178,0.540204,-3.8315964,0.6463816,-0.23844951,2.3824134,79
3.4186702,1.6820765,-2.4739554,1.6206676,-1.3301215,-1.132924,-1.2539153,-1.5023965,1.8010247,-6.093004,-1.2960345,0.15752839,-4.2475305,-0.17402795,-0.938678,2.4536455,13
4.1102414,0.37611485,-2.5320132,2.506184,-0.29346907,-1.1251099,-1.3612609,-1.2169545,0.2872049,-5.0898676,-1.4158975,0.6569953,-4.4240274,0.5438822,-0.6587553,2.394304,104
2.6765308,1.9674197,-2.464489,1.2314374,-1.4347292,-1.2413818,-1.3562858,-1.953321,1.8735876,-5.70267,-1.0559802,-0.29967105,-3.382423,-0.20615876,-1.4378653,2.184048,13
3.9025083,0.17148459,-2.9397936,2.7655416,0.31727758,-1.6643816,-1.0744152,-0.9544889,0.36458027,-5.362143,-1.3768421,0.5836495,-4.356059,0.49586457,-0.28576952,2.6470175,104
4.3404946,-0.047543466,-2.1367655,2.4063077,-0.23621571,-1.520931,-0.54072005,-1.0741589,0.7015853,-5.061734,-1.8360248,0.9150326,-5.036319,0.66171193,0.029322758,2.818856,104
3.188519,1.703766,-2.592259,2.010034,-1.3963063,-1.264221,-1.3283074,-1.7131127,1.740693,-6.3068547,-1.192071,0.16323398,-4.001094,-0.08309478,-0.95712626,2.4071813,13
3.6815267,-0.259363,-2.3972168,1.9985808,0.28801608,-1.4370288,-1.0502512,-1.2071705,0.056358382,-4.4893837,-1.4671506,0.7650513,-4.2853975,0.51070434,-0.58970773,2.2054217,79
0.4493782,1.1655033,-1.2061648,0.8799875,-0.08532225,-1.0762451,-1.5279262,0.85868526,-0.08666466,-1.9717636,-0.5588825,-0.9145165,-1.3448678,0.16426286,0.40358055,1.6437775,84
2.5139298,1.5844576,-2.1377068,3.0473428,-1.0909685,-0.76933974,-1.44188,-1.6239691,0.83930737,-4.7943983,-0.378685,-0.12088529,-2.2009237,-0.39929906,-0.65062183,2.2342715,13
2.9190211,1.8752735,-2.5242386,1.7994877,-1.4453659,-1.1947229,-1.3927128,-1.8126353,1.7783723,-6.021904,-1.0997863,-0.044257224,-3.5828655,-0.15325403,-1.1688349,2.288401,13
0.302033,1.2606952,-1.1329361,0.71584654,-0.19608092,-0.94132155,-1.6423285,0.6963179,-0.06382437,-1.8820847,-0.42956516,-0.9600371,-1.1824168,0.07177508,0.26931295,1.500735,84
3.0530324,1.7384791,-2.4443994,1.9869324,-1.4908719,-1.0793747,-1.2087772,-1.653339,1.5969039,-5.8856893,-1.0936861,-0.008724064,-3.68182,-0.1825034,-0.92656165,2.3602931,13
2.7489204,1.8039144,-2.437718,2.0245228,-1.3865861,-1.0922059,-1.475275,-1.8174719,1.5092835,-5.7280354,-0.94551617,-0.075120345,-3.1410744,-0.13568968,-1.1557477,2.1274784,13
0.429511,1.221804,-1.2150624,0.8453795,-0.12806252,-1.0504475,-1.5587127,0.7958674,-0.09529208,-1.9551566,-0.5205307,-0.9472065,-1.2846353,0.15955806,0.3277579,1.5937202,84
0.5732613,1.1262815,-1.227796,1.0131752,-0.016023442,-1.1543388,-1.4297895,1.0045755,-0.037962362,-2.0473692,-0.6239573,-0.8761788,-1.4762349,0.21974412,0.5415226,1.7684128,84
2.8890078,-0.7773873,-1.905926,1.3909624,0.9713739,-1.7538495,-0.4242928,-0.37407124,-0.059468344,-2.6050212,-1.7150553,0.4551453,-3.5413945,0.78492695,-0.21273115,2.2962441,79
3.4405377,1.6316035,-2.4174604,1.6411132,-1.3721387,-1.0629859,-1.1391611,-1.4189951,1.8639591,-6.0656576,-1.3433504,0.1797262,-4.3458495,-0.18975464,-0.815096,2.5136886,13
4.1401725,0.2348832,-2.3877425,2.407289,-0.5450691,-1.3817712,-0.75452924,-1.5111088,0.54426646,-5.150968,-1.4460561,0.6297331,-4.736371,0.48239774,-0.17919922,2.6624215,104
2.6761568,1.8936124,-2.4137378,1.2199146,-1.4186656,-1.2157686,-1.2239113,-1.8739551,1.9065379,-5.620734,-1.0656466,-0.25848764,-3.4138908,-0.2058268,-1.3176179,2.1753373,13
3.3485074,-0.3020892,-2.5136065,2.1147494,0.48984382,-1.571624,-0.87869173,-0.90994537,0.07378879,-4.1129727,-1.5040637,0.5457676,-3.958774,0.67140007,-0.34953797,2.4245417,79
4.526676,0.4538711,-3.0383255,3.2519512,-0.48740366,-1.4776632,-1.1127784,-1.3716294,0.50177187,-6.754137,-1.5462635,1.1255115,-5.3734465,0.44909877,-0.004120499,3.038804,104
3.4234867,1.6363177,-2.4142375,2.0095778,-1.4374735,-1.2861468,-0.95371914,-1.5915836,1.876802,-6.018782,-1.287317,0.15541925,-4.134629,-0.2048532,-0.6085662,2.5457535,13
3.7367177,-0.2483524,-2.472797,2.2001715,0.27622905,-1.5015273,-0.8934431,-1.0765913,0.13702649,-4.6303473,-1.4629617,0.7231465,-4.3511558,0.505623,-0.35933897,2.3310354,79
0.61204785,1.1655983,-1.2529289,1.1657764,-0.18789639,-1.0736744,-1.3025963,0.7164774,0.11159812,-2.280768,-0.48424295,-0.86041063,-1.4800764,0.15805413,0.5300872,1.7930406,84
2.7596107,1.8207054,-2.5157237,3.3492203,-1.307118,-0.707741,-1.5256696,-1.7136708,0.845461,-5.6017456,-0.3228099,-0.018519118,-2.5282667,-0.45628977,-0.5387236,2.3793821,13
2.794959,1.8640041,-2.4866328,2.0599976,-1.5699232,-1.091144,-1.3827529,-1.7808595,1.7370573,-6.0713296,-1.053638,-0.021584243,-3.4692478,-0.18190768,-1.0676057,2.3162315,13
0.47626716,1.2090515,-1.2476375,0.9421618,-0.0977139,-1.0723628,-1.5038023,0.8572732,-0.06484349,-2.0242069,-0.53410435,-0.9222587,-1.3346109,0.1662629,0.38307863,1.6781058,84
3.3490918,1.5948539,-2.025473,1.7464908,-1.6092507,-1.2898921,-0.6023109,-1.5560049,2.0475557,-5.602116,-1.3363106,-0.00017893314,-4.1993,-0.34089032,-0.39547697,2.6835315,13
3.0624592,1.7274393,-2.092684,1.7899679,-1.5680097,-1.1649362,-0.842647,-1.676822,1.9118521,-5.4412646,-1.1249822,-0.12296502,-3.5764592,-0.30834073,-0.63905776,2.4006968,13
0.52292186,1.2075609,-1.2889467,1.1381931,-0.22582988,-1.0534972,-1.3326116,0.68050706,0.07948701,-2.2834682,-0.44592637,-0.89450246,-1.411323,0.14327274,0.44375092,1.7583406,84
0.6676378,1.0729456,-1.2461474,1.241262,-0.10370458,-1.1333301,-1.2701921,0.8963798,0.11339757,-2.3491578,-0.51821893,-0.7857451,-1.6255091,0.19453314,0.7173182,1.8410543,84
2.1031787,-0.98455817,-1.7593038,0.82095647,1.000326,-1.743997,-0.64992833,-0.54248744,-0.3076312,-2.1261716,-1.8151348,0.5101785,-3.1789384,0.89753556,-0.50215995,1.9638666,79
3.3522713,1.304317,-1.5608284,1.1028218,-1.2506096,-1.2669666,-0.40930325,-1.229979,2.4719198,-5.21916,-1.5400443,0.17481448,-4.4697127,-0.25535795,-0.23179057,2.6308925,17
4.1285386,0.68782234,-3.2969618,3.2485976,-0.81977737,-1.357394,-1.5153496,-1.9577284,0.28980833,-6.836695,-1.1098349,0.87700725,-4.9476676,0.26425284,-0.35006577,2.7628002,104
2.5713458,1.827106,-2.248252,1.2697318,-1.5263978,-1.1234453,-1.0469745,-1.7497071,1.9820592,-5.4826274,-1.0838482,-0.25753373,-3.3863142,-0.25404713,-1.1496804,2.2096858,13
3.0432317,-0.29740244,-2.3465824,1.9114867,0.21365371,-1.539393,-0.65736544,-1.3169649,-0.14238293,-3.8999727,-1.2270479,0.6199055,-3.7234309,0.65316963,-0.27709734,2.2109957,79
4.5800457,0.6026243,-3.512267,3.4783802,-0.801303,-1.2448726,-1.2211366,-1.4796792,0.3720196,-7.631832,-1.4223975,1.3371643,-5.800268,0.24017,0.08984083,3.2745075,104
3.401005,1.6178374,-2.0481532,1.8509916,-1.5040715,-1.252147,-0.67012894,-1.4570708,2.1231613,-5.7663755,-1.3541545,0.10849999,-4.2151127,-0.26932964,-0.35569865,2.6960073,13
3.8359694,-0.3974914,-2.7084267,2.2922134,0.3546122,-1.574343,-0.81353307,-0.95940304,0.041371256,-4.7404914,-1.5345802,0.7599671,-4.61443,0.53840125,-0.20355791,2.4779253,79
0.5092972,1.0530285,-1.2777206,1.1891774,-0.1240883,-1.0769686,-1.3313248,1.0199761,0.034463614,-2.3581753,-0.52118444,-0.7782968,-1.6072953,0.173399,0.76548225,1.8120623,84
2.6339903,1.9416934,-2.7090201,3.652144,-1.4596483,-0.5594929,-1.8550658,-1.8396264,0.73904604,-6.3266096,-0.17824669,0.20189442,-2.640377,-0.5697294,-0.5575646,2.3889806,13
3.2344043,1.8057388,-2.1606262,1.7916175,-1.7149826,-1.2014631,-0.74450755,-1.5992101,2.1115482,-5.7750936,-1.2999964,-0.07141985,-4.0,-0.36903566,-0.5642444,2.6402614,13
0.5443489,1.1591477,-1.3014307,1.2027707,-0.17726289,-1.0605155,-1.3272259,0.77441436,0.084707946,-2.3567753,-0.4350387,-0.83818895,-1.484965,0.13559504,0.548806,1.7886151,84
3.2841578,1.8021182,-2.3338284,1.8920861,-1.8016963,-1.213881,-0.6918257,-1.6415267,1.9407305,-6.0257163,-1.1460208,-0.023429707,-4.22061,-0.4510628,-0.39097443,2.7566783,13
3.1678185,1.9478292,-2.4655337,2.1893516,-1.8606507,-1.0626638,-0.95515764,-1.6932265,1.857372,-6.257122,-1.0689027,-0.008604839,-3.8718307,-0.4210839,-0.55929554,2.6023662,13
0.40652305,1.0664932,-1.3126339,1.130996,-0.14520997,-1.0605949,-1.3978994,0.98192006,0.011958867,-2.356471,-0.48208618,-0.77182454,-1.544119,0.15195525,0.67152756,1.7342072,84
0.54878986,1.055588,-1.233445,1.2098367,-0.17255111,-1.0323703,-1.1573429,0.9491729,0.066829786,-2.2874355,-0.42162758,-0.8581446,-1.5523219,0.19037491,0.88521785,1.8494664,84
2.336945,-0.87891984,-2.1812568,1.3635145,0.41048327,-1.6100796,-0.7408053,-1.4283812,-0.6293274,-3.2290957,-1.3170606,0.778554,-3.501499,0.8063127,-0.47255832,1.8876784,79
3.2393878,1.4644597,-1.5014517,1.0878322,-1.419394,-1.1730225,-0.31072307,-1.2834918,2.4907503,-5.2608786,-1.3885039,0.100121245,-4.3725996,-0.3239243,-0.16868746,2.6386533,17
4.0439568,0.67037964,-3.6228478,3.257071,-0.9569174,-1.2110795,-1.5249434,-2.066438,-0.01702246,-7.1396937,-0.93343854,1.0318922,-5.0368724,0.29222062,-0.38340688,2.728662,104
2.441382,1.8370185,-2.181169,1.4993862,-1.7300748,-1.0195332,-1.0302894,-1.7145976,1.971944,-5.5097837,-1.1232548,-0.26676545,-3.3078206,-0.32040423,-1.0992516,2.29691,13
2.969417,-0.12891823,-3.0261855,2.4369235,-0.25861874,-1.436798,-1.2324436,-1.9335282,-0.47775567,-5.162112,-1.0257988,0.9647374,-3.9739075,0.5100041,-0.48945767,2.198682,79
4.491305,0.4162556,-3.4900136,3.4522443,-0.7188449,-1.0710112,-1.209873,-1.4356006,0.0058903247,-7.3372774,-1.3351809,1.4113256,-5.678954,0.27948973,0.039144084,3.1865268,104
3.4001803,1.5882696,-1.9939767,1.7717603,-1.5131038,-1.2674203,-0.48578107,-1.4146032,2.0976734,-5.5867243,-1.2558241,0.0068416744,-4.210913,-0.2992562,-0.18228304,2.7529757,13
3.4025018,-0.62417495,-2.6443403,1.9889487,0.402873,-1.5630025,-0.8740522,-1.0307899,-0.17913039,-4.2290983,-1.595275,0.71834785,-4.3700557,0.5881259,-0.35585588,2.3577833,79
0.41601866,1.0296146,-1.2793192,0.9936342,-0.22292392,-0.978256,-1.2979965,0.93289185,-0.058756456,-2.22387,-0.41542614,-0.830122,-1.510031,0.19014919,0.8958667,1.6918248,84
2.4739282,1.9051214,-2.737928,3.4195137,-1.4985179,-0.42865613,-1.9166548,-1.953918,0.63149834,-6.2333674,-0.073806986,0.26424307,-2.552346,-0.61239415,-0.62966824,2.3006225,13
3.0959578,1.9608823,-2.2140431,1.8561789,-1.9226629,-1.1574886,-0.74358726,-1.6948751,2.1611311,-5.9955826,-1.1638641,-0.14861865,-3.9560745,-0.45132837,-0.5216217,2.722101,13
0.4331932,1.1282287,-1.2756455,1.1602136,-0.23839006,-0.97798944,-1.2298777,0.7853698,0.07044667,-2.3009882,-0.33867317,-0.8715859,-1.4173937,0.13579842,0.6827252,1.7622263,84
3.1554832,1.87398,-2.653264,1.8308977,-1.7703302,-1.1484786,-0.9979665,-1.8627567,1.72054,-6.282203,-0.8702497,0.06689899,-4.1626415,-0.50089943,-0.5234922,2.6237261,13
2.9327211,2.009731,-2.4789062,2.213934,-1.9172935,-1.0650575,-1.1020172,-1.8316387,1.876615,-6.3804317,-0.9130535,-0.031563297,-3.762295,-0.5280304,-0.5853715,2.6245432,13
0.26599598,1.0677867,-1.2863532,0.84525084,-0.2652659,-0.9841025,-1.4317422,0.86748546,-0.072046205,-2.1688862,-0.39473403,-0.84454626,-1.4345413,0.16826802,0.7927794,1.5957527,84
0.40207028,1.0480952,-1.3011339,0.9474894,-0.22411254,-0.95681834,-1.2466447,0.86258143,-0.0419596,-2.1599388,-0.34830564,-0.8501257,-1.446801,0.19060358,0.8678883,1.6709318,84
2.4426584,-0.7736805,-2.7803726,2.124113,-0.047535345,-1.279846,-1.1293786,-1.7319235,-1.0060358,-4.655759,-1.1200833,1.2968903,-3.9745834,0.65867335,-0.50643015,1.9653007,79
3.1140168,1.5621119,-1.6703583,1.1832329,-1.4027913,-1.0851398,-0.46711835,-1.3862915,2.1726978,-5.215731,-1.1156795,0.010542646,-4.098196,-0.3404536,-0.27280033,2.5442865,13
3.9315972,0.25455815,-3.4020119,2.9979343,-0.73952127,-1.1047088,-1.3428595,-1.8316939,-0.21158902,-6.647263,-1.0533153,1.1849654,-5.0653443,0.4696253,-0.3510234,2.6683762,104
2.946321,1.6290052,-2.000388,1.3149841,-1.8293059,-1.1606275,-0.43687674,-1.5013132,2.2122402,-5.340435,-1.4051083,-0.19670972,-4.0061197,-0.4365706,-0.60524833,2.6143723,13
2.981772,-0.09797016,-3.1758466,2.684268,-0.5084064,-1.2087065,-1.4022832,-2.0780284,-0.8082756,-5.3806596,-0.9908019,1.0671161,-3.985715,0.46461082,-0.67728186,2.228362,79
4.0629325,0.13029367,-3.1220987,3.2293239,-0.5543243,-1.0389143,-1.0887496,-1.4639832,-0.1777881,-6.3692446,-1.2930748,1.318043,-5.064112,0.34847,-0.012040712,2.9637394,18
3.2743478,1.6646005,-2.2648156,1.8542303,-1.5757285,-1.152226,-0.631443,-1.5263765,1.8884989,-5.783501,-0.9637169,-0.018621072,-4.122589,-0.45785347,-0.18551768,2.7506218,13
2.7029805,-1.0832887,-2.0616248,1.4593809,0.5961698,-1.7608684,-0.6325476,-1.0705426,-0.21111037,-3.2128077,-1.6126398,0.6788945,-3.9800866,0.8263314,-0.35920516,2.16873,79
0.23681618,1.0651664,-1.3774508,0.7857094,-0.26836914,-0.9744326,-1.3543613,0.75500995,-0.09440453,-2.100507,-0.34800413,-0.8603325,-1.3227773,0.18264976,0.7662592,1.5686595,84
2.3455276,1.8220106,-2.8593614,2.9618964,-1.3885503,-0.5351146,-1.7931795,-1.9566286,0.6582458,-5.9516172,-0.12432012,0.15209891,-2.449905,-0.5064717,-0.73435503,2.250178,13
2.9011624,1.9173564,-2.2736218,1.7676302,-1.8361055,-1.1191028,-0.85272473,-1.7832936,2.0550435,-5.948646,-0.91403055,-0.12841156,-3.8138032,-0.51858914,-0.48949176,2.6201856,13
0.3252635,1.150009,-1.3572598,0.9030174,-0.27039957,-0.9536971,-1.372097,0.7549954,-0.02246593,-2.2364223,-0.2965971,-0.86370945,-1.3714197,0.14835887,0.712064,1.6047075,84
3.0409763,1.9442726,-2.989395,1.6619123,-1.6828136,-1.235423,-1.1334333,-1.9232681,1.6649555,-6.363557,-0.73172593,-0.04318376,-4.0295506,-0.51989686,-0.6532307,2.6105423,13
2.887222,1.9911714,-2.633149,1.9845873,-1.7673489,-1.1165047,-1.0769461,-1.8594115,1.7924255,-6.204645,-0.67714226,-0.105435,-3.6309178,-0.46002275,-0.5813863,2.499542,13
0.15728883,1.1256012,-1.3970506,0.7285266,-0.30914658,-0.98357594,-1.4678581,0.7338891,-0.05362095,-2.1904678,-0.35441417,-0.85380995,-1.3245393,0.16536352,0.68036145,1.5322602,84
0.22660623,1.0489194,-1.3910792,0.7983875,-0.25672758,-0.9598491,-1.3251004,0.7249283,-0.09796454,-2.0498934,-0.35801056,-0.8548993,-1.2871323,0.15193921,0.71961594,1.5964127,84
2.2903087,-0.8657851,-2.7192008,2.1290174,-0.043735333,-1.2601479,-1.2377243,-1.7594416,-1.2442292,-4.340845,-1.3482301,1.2393488,-3.7299237,0.6468585,-0.7963705,1.9696926,18
3.1851034,1.7443168,-2.125258,1.3906654,-1.3981687,-1.110779,-0.6675474,-1.4413316,1.9560943,-5.5722756,-0.84189594,-0.08369625,-4.0353665,-0.35836342,-0.34787196,2.5453632,13
3.4566033,0.10899015,-3.1156554,2.7914438,-0.6233457,-0.961945,-1.2422938,-1.7953968,-0.32855755,-5.851358,-0.97179544,1.1030238,-4.401808,0.51872414,-0.41353416,2.4837987,18
2.8035946,1.7464836,-2.122344,1.290789,-2.0051527,-1.2096127,-0.5621109,-1.6459086,2.3189154,-5.7475886,-1.3420675,-0.1318496,-4.125836,-0.5197867,-0.6198747,2.6483767,13
2.7112434,-0.3627496,-2.876439,2.5079603,-0.29871386,-1.1602352,-1.174098,-1.8589312,-0.9019215,-4.747058,-1.0848525,1.077538,-3.679456,0.57559913,-0.6178583,2.1459076,79
3.7965546,0.10637684,-3.0095012,3.0016456,-0.63045096,-1.0745913,-1.0492047,-1.5169579,-0.2248028,-5.9231734,-1.2617347,1.2199407,-4.722857,0.4501987,-0.15862818,2.7638545,18
3.2177465,1.6835511,-2.7585647,1.8297161,-1.5470471,-1.257702,-0.7693017,-1.619159,1.7212973,-6.0561385,-0.807953,-0.007482007,-4.0984836,-0.41838548,-0.2544802,2.7001965,13
2.829813,-1.2749743,-2.256665,1.3666631,0.53181934,-1.7105063,-0.48151302,-1.270974,-0.5320825,-3.3978224,-1.4623797,0.84234405,-4.2635217,0.93955725,-0.29703173,2.1369238,79
0.11821781,1.0530478,-1.3823926,0.5697803,-0.3067721,-0.91596633,-1.421994,0.6931086,-0.18021505,-1.9251122,-0.358355,-0.8284775,-1.2402898,0.17362624,0.7085063,1.4657803,84
2.407027,1.810534,-2.9474058,2.6355743,-1.3381546,-0.6981245,-1.7605786,-1.9945178,0.7093496,-5.82159,-0.26701656,0.04700528,-2.5233636,-0.3792175,-0.9273203,2.2468338,13
2.8315358,1.8514836,-2.4646,1.3669862,-1.7134086,-1.1543657,-0.73851985,-1.6813542,1.9567778,-5.652583,-0.8197597,-0.26724958,-3.7116902,-0.4428536,-0.54920214,2.578902,13
0.19114469,1.1276795,-1.4202753,0.7802752,-0.29665142,-0.95555794,-1.4103124,0.65085757,-0.055225864,-2.1595876,-0.3190367,-0.84695166,-1.2675562,0.11826408,0.6274044,1.5491587,84
3.2369175,1.9496377,-3.2379415,1.6431171,-1.47685,-1.4956644,-1.1660299,-1.9108253,1.659172,-6.4576316,-0.7873141,-0.13868585,-4.017765,-0.36192784,-0.70568997,2.6018267,19
2.6708503,1.8949584,-2.6884434,1.4864558,-1.5894151,-1.2098136,-0.9165216,-1.7885991,1.7572457,-5.5300817,-0.6414089,-0.39760792,-3.2037532,-0.31884092,-0.7125022,2.3656807,13
0.09323801,1.0779806,-1.3848159,0.5361696,-0.32978868,-0.9258339,-1.4816034,0.7198474,-0.13880782,-2.0004604,-0.3898539,-0.82593423,-1.2849698,0.15780373,0.692913,1.4765761,84
0.12044202,1.0717349,-1.420914,0.48547488,-0.3069833,-0.8891602,-1.4256563,0.64096636,-0.22021152,-1.8094797,-0.33110765,-0.8592641,-1.174226,0.1895324,0.6686436,1.4397192,84
1.9009093,-0.92204964,-2.7052295,2.0146246,0.026278615,-1.2017665,-1.0566552,-1.7181137,-1.1903379,-4.230359,-1.1542081,1.2867395,-3.4300866,0.669959,-0.65633214,1.8531541,18
3.210653,1.861083,-2.7006915,1.4248483,-1.44618,-1.3702203,-0.77344024,-1.5034772,1.9013882,-5.870475,-0.77396965,-0.2631233,-4.012935,-0.38863984,-0.43974367,2.6390166,19
3.3200881,0.08436406,-3.0874298,2.541803,-0.59807664,-1.0883616,-1.2354915,-1.8073422,-0.26594305,-5.6529794,-0.98373544,1.0779717,-4.3145175,0.58484805,-0.50392133,2.3426497,79
2.6599355,1.6727936,-2.0641668,0.6898775,-1.8170819,-1.2727878,-0.43421644,-1.6170409,2.3875654,-5.269857,-1.2256556,-0.29428333,-4.047369,-0.49052596,-0.6707917,2.5953283,63
2.308893,-0.24542741,-2.7185373,2.2158093,-0.31762627,-1.1565775,-1.0768625,-1.8765285,-0.75971615,-4.2752514,-0.93394387,0.92800975,-3.1756384,0.5564012,-0.66230345,1.9797118,79
3.5475152,0.10285089,-2.8496134,2.6365542,-0.65524226,-1.1850072,-1.0023211,-1.534862,-0.074939325,-5.5829854,-1.3000495,1.1390338,-4.501567,0.52788466,-0.25831068,2.5831306,18
3.3333237,1.8106163,-3.1060517,1.7567543,-1.5320007,-1.4768474,-1.0297332,-1.8080926,1.7074094,-6.578439,-0.8590942,0.018634409,-4.30751,-0.3428416,-0.4893813,2.7009475,104
2.7979574,-1.1323345,-2.617124,1.6339251,0.21968606,-1.585755,-0.76412326,-1.6080061,-0.84794986,-3.9455183,-1.3794549,0.97740614,-4.253872,0.91816694,-0.616259,2.11138,79
0.054138765,1.1566496,-1.4244515,0.37906092,-0.3524033,-0.824374,-1.5244777,0.56043094,-0.24861713,-1.769763,-0.3059789,-0.8831993,-1.092323,0.18634388,0.5563922,1.394435,84
2.291009,1.7420734,-2.8789663,2.366682,-1.367245,-0.686054,-1.7423389,-2.0250018,0.66631055,-5.3776317,-0.36195278,-0.07102591,-2.342192,-0.33235407,-1.1148775,2.1964822,13
2.8985546,1.7606894,-2.6601677,1.2567267,-1.4922398,-1.3922156,-0.7456272,-1.6547806,1.847759,-5.4441395,-0.85990894,-0.39147753,-3.5635915,-0.25727427,-0.6558727,2.5003603,13
0.106997296,1.1280109,-1.4223117,0.45038223,-0.33728507,-0.8749105,-1.4849191,0.6364548,-0.18203808,-1.8607966,-0.32386854,-0.87384623,-1.1731198,0.14011279,0.64364135,1.4272542,84
3.4190922,2.049893,-3.4039223,1.7207054,-1.4624082,-1.5695264,-1.2299497,-1.882051,1.841062,-6.849262,-0.84239846,-0.16034761,-4.2067122,-0.3587241,-0.699992,2.715468,19
2.9728098,2.0140228,-2.9944394,1.4512404,-1.4959868,-1.3816814,-0.95634073,-1.6870724,1.8705117,-5.8844805,-0.77194977,-0.45782453,-3.4605732,-0.23236376,-0.7847186,2.5176685,13
0.06787872,1.1776637,-1.4571258,0.37540317,-0.3468824,-0.8568574,-1.5475538,0.64465094,-0.18463992,-1.8727887,-0.35766125,-0.89998937,-1.1612583,0.16022429,0.58965987,1.4392285,84
0.0351931,1.2359037,-1.4476045,0.4123898,-0.37004167,-0.8211117,-1.5370274,0.4746877,-0.18898429,-1.8132864,-0.28119153,-0.92742753,-1.0225258,0.18123287,0.48868418,1.4265552,84
1.8766965,-0.7192971,-2.8351922,1.788283,0.005406052,-1.3124032,-1.1733669,-1.9382496,-0.99126136,-4.3731766,-1.0619035,1.224701,-3.3292377,0.7129962,-0.8057823,1.7444608,79
3.5328755,2.106787,-3.1779468,1.3808697,-1.5273235,-1.7411484,-0.9962408,-1.6033304,2.177279,-6.663885,-1.0270851,-0.27796268,-4.4794364,-0.32153282,-0.6291441,2.8351376,19
3.1298738,0.08523241,-2.97747,2.4858785,-0.6115365,-1.2149577,-1.2286868,-1.7804518,-0.14170708,-5.572375,-1.0141491,1.085142,-4.172487,0.55512255,-0.4846588,2.2687595,79
2.425739,1.6375872,-2.2459462,0.25612527,-1.5896907,-1.2848095,-0.344177,-1.6172472,2.2769723,-4.644447,-0.988173,-0.6246828,-3.4953682,-0.37493306,-0.7975153,2.4363043,63
2.239963,-0.26167884,-2.7298563,2.047933,-0.2958095,-1.2889078,-1.0851977,-1.9025385,-0.61525965,-4.347618,-0.9636178,0.9253131,-3.2109365,0.6091178,-0.7011731,1.9236443,79
3.4114583,0.09800585,-2.8940146,2.5065985,-0.5822233,-1.2911278,-1.0675175,-1.5512627,-0.048007563,-5.555511,-1.307019,1.1023028,-4.3788424,0.5369305,-0.3518548,2.4832125,18
3.4104717,1.681401,-3.113923,1.6901108,-1.3994285,-1.5445222,-1.0024636,-1.7652943,1.677443,-6.481492,-0.9282957,0.0065745413,-4.332883,-0.23470405,-0.52520627,2.6963944,104
2.6065123,-0.97852826,-2.735882,1.3857458,0.17839894,-1.344058,-0.7816271,-1.6000158,-0.9620105,-3.8271196,-1.3244275,0.88926864,-3.885464,0.93106097,-0.864976,1.9477202,79
-0.01606436,1.2975856,-1.4463019,0.28042758,-0.41529682,-0.79746574,-1.6254544,0.3570075,-0.17716296,-1.7426282,-0.29907057,-0.9582881,-0.9426253,0.16353124,0.34890696,1.3655858,84
2.2244666,1.7270197,-2.78906,2.1846051,-1.399726,-0.70074433,-1.6964493,-1.9813647,0.8170461,-5.280025,-0.40242887,-0.10138847,-2.335434,-0.37415084,-1.1168842,2.1433432,13
3.1043713,1.8334484,-2.9380887,1.4071994,-1.4136568,-1.4674007,-0.8575276,-1.6657395,1.862137,-5.864627,-0.8533219,-0.35750216,-3.7272377,-0.23596595,-0.6584857,2.5743465,19
0.054515064,1.3140246,-1.4749013,0.38686728,-0.38126785,-0.82846504,-1.6036122,0.53299147,-0.14486574,-1.8797275,-0.29500905,-0.9672422,-1.0498192,0.13963057,0.49394655,1.44623,84
3.3666067,1.8808306,-3.3290577,1.5693716,-1.4243493,-1.4983296,-1.1864924,-1.8153605,1.8544729,-6.4185314,-0.9620073,-0.2343526,-4.0606318,-0.39347804,-0.7825069,2.6868632,19
3.0326343,2.003251,-3.118899,1.6412395,-1.5097876,-1.3220142,-1.0273299,-1.6605662,1.8037728,-6.00587,-0.7926037,-0.4634838,-3.4533415,-0.29931748,-0.80607843,2.60598,13
0.004613623,1.3626274,-1.5079166,0.30859697,-0.41976866,-0.82405657,-1.663266,0.43746656,-0.088634536,-1.881733,-0.36075306,-0.9952858,-1.0040799,0.109533325,0.34631106,1.4471315,84
0.01232031,1.318852,-1.4285588,0.2741989,-0.41353166,-0.77842444,-1.625603,0.3331315,-0.15758388,-1.6985009,-0.2763275,-0.9840328,-0.9069314,0.1702599,0.31500313,1.3612143,84
1.8913323,-0.6318534,-2.6924531,1.6878575,0.0057812035,-1.37528,-1.1727664,-1.8659511,-0.8000262,-4.2704554,-1.1059866,1.06758,-3.3034413,0.69842535,-0.8653184,1.7903789,79
3.7449644,2.2916596,-3.4436164,1.5441735,-1.6126316,-1.728419,-1.1334405,-1.6242479,2.3144767,-7.2220993,-1.0418975,-0.30858913,-4.669593,-0.37283957,-0.6755174,2.9645438,19
2.9607282,0.009157044,-2.859495,2.4473915,-0.5375843,-1.2748822,-1.2041352,-1.7349612,-0.13838382,-5.3780003,-1.0360527,1.01908,-3.989691,0.48542756,-0.49046123,2.2427073,18
2.5436342,1.5603993,-2.315864,0.15169275,-1.3471187,-1.3586266,-0.22969243,-1.4387277,2.1997538,-4.2743306,-1.0215743,-0.80030566,-3.234179,-0.18468288,-0.816863,2.364831,63
2.1979885,-0.1670753,-2.70236,2.0621777,-0.30750015,-1.3219591,-1.1658092,-1.8909307,-0.49497503,-4.47339,-0.940268,0.85298467,-3.1669211,0.53949875,-0.74172205,1.9299747,79
3.3123076,0.18699107,-2.927637,2.4119358,-0.5712375,-1.3224225,-1.1345241,-1.5688124,0.023561805,-5.5419884,-1.2691021,0.96946716,-4.2158647,0.46570045,-0.46632102,2.426526,79
3.4048889,1.4268492,-3.0998926,1.3420855,-1.1856755,-1.59505,-0.89784974,-1.7290092,1.6015567,-5.81304,-1.0658853,-0.10824759,-4.1519523,-0.12794138,-0.6559977,2.594728,104
2.1121087,-0.89372176,-2.6026905,1.6146344,0.11809155,-1.1974167,-0.78960735,-1.512876,-0.9661906,-3.7865207,-1.1495715,0.9876137,-3.32406,0.82124704,-0.7416604,1.8015745,79
-0.05397612,1.3906177,-1.4048947,0.16998452,-0.46291772,-0.7342478,-1.6952837,0.2737528,-0.124543115,-1.6357849,-0.29603738,-1.0409293,-0.82032394,0.11357516,0.20461127,1.3335028,81
2.1290743,1.6057023,-2.6331441,1.9627815,-1.3515673,-0.76073587,-1.5622959,-1.9037588,0.93026495,-4.933759,-0.4827453,-0.18836698,-2.2387147,-0.41392273,-1.08337,2.0975106,13
3.1299913,1.8081706,-3.1011581,1.4430925,-1.396188,-1.398247,-0.99873364,-1.7360368,1.7832391,-5.798456,-0.8926166,-0.36659083,-3.6054883,-0.26565045,-0.7957598,2.55237,19
0.059195116,1.4121877,-1.4640186,0.2730239,-0.42868143,-0.77146125,-1.6820831,0.39454246,-0.09989013,-1.7855749,-0.28872806,-1.0321301,-0.945725,0.12883852,0.316319,1.4039576,84
3.0927994,1.6887388,-3.12764,1.4300158,-1.4042245,-1.329998,-1.0410206,-1.6738242,1.9070357,-6.051866,-0.928807,-0.22039308,-3.795001,-0.44864804,-0.70579886,2.5239224,19
2.9742117,1.9869641,-3.189576,1.5203453,-1.551535,-1.2327775,-1.0826166,-1.7508231,1.8505497,-5.9700336,-0.84762496,-0.46069604,-3.3832774,-0.3711218,-0.91040266,2.5469847,13
-0.03347826,1.44738,-1.4619099,0.19250518,-0.46912038,-0.7385679,-1.7320228,0.36568844,-0.0609044,-1.7739478,-0.34437814,-1.0655992,-0.88698137,0.074337855,0.21210688,1.3955095,81
-0.05275424,1.3559752,-1.3884835,0.2105459,-0.43785152,-0.75880706,-1.6756365,0.2693591,-0.119157985,-1.618971,-0.28348407,-1.0356985,-0.8032814,0.11833739,0.2053161,1.3321588,81
1.9496671,-0.60045993,-2.7108965,1.556874,0.055896044,-1.4053146,-1.2010195,-1.8564842,-0.61479974,-4.386759,-1.1170661,0.9750787,-3.4112136,0.6002044,-0.8781743,1.8431504,79
3.8096104,2.087269,-3.4355242,1.4847988,-1.4819818,-1.6537122,-1.0967555,-1.5747875,2.2559276,-6.9681745,-1.0798057,-0.26342654,-4.628562,-0.36298856,-0.679108,2.8709033,19
2.9555085,0.021972548,-2.8805661,2.3254743,-0.49554825,-1.3795828,-1.234801,-1.7824324,-0.039627954,-5.3741674,-1.0640335,0.91151464,-3.9979126,0.39689258,-0.55332637,2.239407,79
2.8305936,1.6998667,-2.5251265,0.37545246,-1.3662696,-1.3901405,-0.3242343,-1.4533333,2.2601871,-4.6604533,-1.0690947,-0.8256189,-3.3804238,-0.18852459,-0.81737363,2.5001795,19
2.2014802,-0.12497032,-2.695523,1.916005,-0.27898374,-1.3571953,-1.1814588,-1.9097624,-0.32653797,-4.4914746,-0.95637876,0.70430756,-3.1753442,0.43757862,-0.7920154,1.9659653,79
3.2506576,0.19091521,-2.9110615,2.1773777,-0.52795315,-1.3908995,-1.1534834,-1.6453918,0.11468842,-5.42386,-1.294692,0.8097904,-4.1602902,0.41483265,-0.59403205,2.3916688,104
3.1999474,1.4072582,-3.055609,1.2612373,-1.1594266,-1.5461086,-0.89233804,-1.7420294,1.6645992,-5.5716906,-1.0090566,-0.22127351,-3.8156276,-0.18893333,-0.6796047,2.4785483,104
1.9858848,-0.44523254,-2.5990462,1.7497882,-0.11097043,-1.2044612,-0.9171738,-1.6214877,-0.7483543,-3.8700118,-1.0163155,0.78352165,-2.9363146,0.6261667,-0.8342797,1.7926152,79
-0.10489665,1.3743093,-1.3460796,0.15078902,-0.47201076,-0.7136652,-1.6967478,0.22091404,-0.10755883,-1.5685331,-0.2830048,-1.0588813,-0.75395775,0.07846202,0.14830866,1.3034234,81
2.1259778,1.4727772,-2.5495424,2.0623145,-1.2931483,-0.827732,-1.5020344,-1.8642108,0.88832015,-4.906431,-0.50635725,-0.15814081,-2.2865002,-0.40864766,-1.0052416,2.1138716,13
2.9747226,1.7476488,-3.0544837,1.3142692,-1.3957977,-1.3281962,-0.93016094,-1.7372048,1.8870711,-5.6219907,-0.9045984,-0.41750765,-3.40983,-0.32428813,-0.7796773,2.4625406,19
0.0076523274,1.4454645,-1.4213318,0.19669312,-0.45612973,-0.71748066,-1.7063537,0.32996303,-0.07569398,-1.6859229,-0.2774257,-1.0718441,-0.83773416,0.08971989,0.22068202,1.3563861,81
2.9761682,1.6787177,-3.0991955,1.3961892,-1.4189246,-1.2953123,-0.9812061,-1.6692867,1.9706869,-5.9461484,-0.8864777,-0.2711491,-3.624315,-0.5182147,-0.6874613,2.4444654,19
2.7608397,1.9195007,-3.1013074,1.3963151,-1.5423328,-1.1477172,-1.031933,-1.7510954,1.9515344,-5.802758,-0.82978535,-0.45573336,-3.1789243,-0.4527329,-0.8921402,2.4190474,13
-0.067414805,1.4291981,-1.4226323,0.16798913,-0.4704527,-0.70621115,-1.7216866,0.29845372,-0.07615988,-1.6595125,-0.3024908,-1.0906533,-0.7927245,0.03938344,0.14327377,1.344893,81
-0.09724376,1.3509693,-1.287447,0.19080067,-0.46824735,-0.7437014,-1.6664202,0.1994091,-0.062002406,-1.5545032,-0.29570854,-1.0825592,-0.7428377,0.06514141,0.13434604,1.3229281,81
2.0506005,-0.52603745,-2.7984502,1.4400749,0.08720651,-1.451368,-1.2671313,-1.9545877,-0.43997854,-4.532405,-1.1338556,0.8446622,-3.5309222,0.50109005,-0.96626353,1.9336033,79
3.6394641,1.8267041,-3.2731974,1.4234982,-1.3851388,-1.5493541,-0.94602126,-1.4880762,2.2794921,-6.6905727,-1.0556476,-0.16507623,-4.475658,-0.3917556,-0.55429953,2.691495,19
2.9864132,0.10842421,-2.9579732,2.213243,-0.47776312,-1.4541672,-1.3025835,-1.8706259,0.07559717,-5.4535584,-1.0687442,0.7900772,-4.0136347,0.2792346,-0.6445559,2.250415,79
2.9355943,1.6551502,-2.760666,0.6401726,-1.3523934,-1.3937882,-0.48349062,-1.5204749,2.208696,-4.9121103,-1.0896736,-0.71983624,-3.4676645,-0.30344623,-0.8332888,2.5337346,19
2.2433019,-0.07302144,-2.7196748,1.7817601,-0.2320813,-1.3972771,-1.2198036,-1.9665146,-0.20485018,-4.5048103,-0.9420262,0.5832438,-3.1983376,0.37636515,-0.8851754,1.9742624,79
3.2125194,0.28181756,-2.9108143,1.9278702,-0.49475902,-1.4311965,-1.1654305,-1.6645979,0.22714852,-5.2627115,-1.2634923,0.61224544,-4.032742,0.35200563,-0.74608415,2.328635,104
3.048191,1.3885021,-3.054272,1.4498624,-1.2180959,-1.5574398,-0.9394199,-1.7892004,1.7104907,-5.784816,-0.9296067,-0.17944936,-3.74646,-0.2640781,-0.58405024,2.4391322,19
1.9413749,-0.357327,-2.5062644,1.6789433,-0.13028118,-1.2670431,-0.90691566,-1.681462,-0.57529473,-3.8673282,-1.0020322,0.66215825,-2.869103,0.5803839,-0.84239805,1.8096147,79
-0.12692498,1.361142,-1.2869738,0.15708995,-0.4801811,-0.71583474,-1.684022,0.17749012,-0.076692775,-1.5325366,-0.2778505,-1.082144,-0.7248143,0.027938858,0.11218931,1.297798,81
2.224365,1.4288845,-2.545332,2.2935157,-1.2890614,-0.87981814,-1.5048323,-1.8255565,0.86345416,-5.0931253,-0.49727875,-0.099291995,-2.4397202,-0.4347708,-0.94133997,2.1614819,13
2.8370562,1.722871,-3.0032935,1.323962,-1.4038718,-1.2980198,-0.8791992,-1.7312578,1.9554572,-5.557034,-0.8741524,-0.4524504,-3.2601779,-0.3949428,-0.7351742,2.4139435,13
-0.038718045,1.4224344,-1.3368621,0.19021505,-0.46941525,-0.7045457,-1.6792569,0.26121843,-0.049569264,-1.5923691,-0.27925774,-1.1121291,-0.7550019,0.02782964,0.14533123,1.3396773,81
2.963625,1.6801853,-3.1841366,1.5909554,-1.396892,-1.3668382,-0.9691669,-1.7565224,1.9356645,-6.099869,-0.79953414,-0.23690447,-3.6029482,-0.5629046,-0.59828925,2.4244611,19
2.6607685,1.8682792,-3.0942588,1.3840613,-1.4884852,-1.1597052,-0.9869277,-1.7558235,1.9312106,-5.6960974,-0.7869854,-0.45689738,-3.0685396,-0.49233532,-0.8641683,2.3513145,13
-0.09827146,1.4054589,-1.3732069,0.17371124,-0.467944,-0.70003587,-1.6700752,0.25992966,-0.04597132,-1.6054524,-0.28507614,-1.1079906,-0.7374447,-0.011939615,0.11002357,1.3219693,81
-0.09242081,1.3228834,-1.2298363,0.20044458,-0.45512286,-0.75819004,-1.6645026,0.2013297,-0.046204165,-1.5372367,-0.2957811,-1.0880789,-0.7598639,0.024642587,0.13283852,1.3155662,81
2.0873444,-0.45845044,-2.741384,1.4715465,0.108116,-1.4060664,-1.3322079,-1.9496791,-0.39253545,-4.497754,-1.0544544,0.7765933,-3.4941385,0.4272765,-1.0302262,1.9403337,79
3.4024768,1.718108,-3.1963465,1.3721132,-1.3685281,-1.4899732,-0.8576084,-1.5412083,2.2978365,-6.516409,-0.9931583,-0.15653789,-4.2553234,-0.4755771,-0.4857228,2.5740464,19
3.0013394,0.22634578,-2.990432,2.1269355,-0.4697062,-1.4797142,-1.3511968,-1.9071515,0.18206793,-5.491182,-1.0160428,0.68616563,-3.966609,0.1747497,-0.7133423,2.2178197,79
2.8401382,1.5869555,-2.8405592,0.74617803,-1.3500516,-1.2989774,-0.50276566,-1.5126057,2.2154655,-4.955322,-1.0598876,-0.6521018,-3.3467839,-0.39007053,-0.7816698,2.4821932,13
2.2347865,-0.040441997,-2.720036,1.7320389,-0.18693048,-1.3991933,-1.271842,-2.0007327,-0.16455214,-4.481202,-0.87924606,0.5222465,-3.1610746,0.31187907,-0.94585323,1.9487169,79
3.1746302,0.38689122,-2.8983946,1.7579159,-0.48097163,-1.445981,-1.1771574,-1.6556089,0.3355426,-5.1503816,-1.1986532,0.4514581,-3.907727,0.26490486,-0.8500454,2.2584715,104
2.9946666,1.3338026,-3.0966578,1.5851241,-1.1745982,-1.6214577,-0.9117692,-1.7909299,1.7003857,-5.9230366,-0.8504731,-0.12764493,-3.755731,-0.26152986,-0.48842138,2.407517,19
1.8827196,-0.40871,-2.4526458,1.7004677,-0.07703546,-1.3580213,-0.97819436,-1.7843298,-0.4809845,-3.9984076,-0.9983764,0.6817729,-2.9424627,0.5509027,-0.82403743,1.8296335,79
-0.10641789,1.3449379,-1.2683411,0.18694949,-0.44081014,-0.72941315,-1.6701493,0.22578508,-0.068289205,-1.5397118,-0.2773438,-1.0795728,-0.7472498,-0.020579733,0.11284523,1.29925,81
2.287767,1.3720028,-2.5261858,2.4422297,-1.2579124,-0.8814453,-1.468997,-1.7441493,0.8453261,-5.186143,-0.46909994,-0.03573242,-2.529896,-0.46918064,-0.8671545,2.1512992,13
2.784697,1.7049139,-3.046044,1.5165226,-1.3807619,-1.3783786,-0.8631734,-1.7540395,1.9520047,-5.716858,-0.8063092,-0.41374105,-3.2583334,-0.43114552,-0.63424283,2.4193192,13
-0.04745838,1.3815091,-1.273579,0.22340286,-0.45350832,-0.71351177,-1.658073,0.25220984,-0.04798411,-1.5561074,-0.28160328,-1.1162775,-0.74494565,-0.029633433,0.12010452,1.3393931,81
3.0348418,1.6426954,-3.267661,1.7642502,-1.3022592,-1.4750568,-0.95515186,-1.7847148,1.9003574,-6.2354484,-0.7321038,-0.16793735,-3.6857917,-0.5369947,-0.5323356,2.403997,19
2.7175853,1.8840734,-3.1896858,1.4800073,-1.4121438,-1.3051071,-0.94290584,-1.7951382,1.9586315,-5.803809,-0.7399918,-0.44874525,-3.1349573,-0.48576555,-0.8167981,2.3455143,13
-0.08418538,1.3673894,-1.3489039,0.24995369,-0.409281,-0.7166358,-1.6297343,0.34086365,-0.053055093,-1.6107266,-0.2937892,-1.0944335,-0.75480866,-0.072719105,0.12133047,1.3413802,81
-0.05755818,1.2952356,-1.2099391,0.24229777,-0.40173143,-0.7660527,-1.6403716,0.31826004,-0.061322317,-1.5489233,-0.28991058,-1.0759298,-0.8085211,-0.00784228,0.1851489,1.3147783,81
2.1173205,-0.42158124,-2.7005932,1.461069,0.1359163,-1.400029,-1.304374,-1.9217074,-0.3063547,-4.4595413,-0.9548741,0.72734916,-3.4940798,0.38225085,-1.0075405,1.9216129,79
3.3205621,1.710992,-3.2626834,1.4190363,-1.3486652,-1.5504646,-0.8477924,-1.6579875,2.276859,-6.459436,-0.9289901,-0.1856446,-4.1346283,-0.5304866,-0.47464687,2.5379403,19
3.0494275,0.30437082,-3.0419612,2.1499696,-0.43593973,-1.4834436,-1.4434471,-1.9096951,0.15410094,-5.5056467,-0.9540759,0.6699212,-3.9247937,0.07973252,-0.7882976,2.17899,79
2.750967,1.5862402,-2.8807418,0.98465216,-1.328993,-1.2271805,-0.5083287,-1.480635,2.1904802,-5.1215754,-0.91049427,-0.5696512,-3.175229,-0.42719144,-0.64701355,2.3660011,13
2.2513711,0.04787285,-2.7005322,1.6861943,-0.17435649,-1.3749729,-1.286809,-1.983264,-0.08555667,-4.44411,-0.78096247,0.4507417,-3.1022334,0.24289632,-0.9775683,1.896146,79
3.1758492,0.42940918,-2.8975394,1.7059115,-0.45263183,-1.4487978,-1.2048476,-1.627459,0.35831213,-5.12663,-1.157265,0.40269417,-3.866233,0.1936729,-0.90716445,2.2099226,104
3.0070288,1.3742508,-3.1615088,1.5745728,-1.13571,-1.7041872,-0.8408476,-1.7672257,1.8350885,-5.9706445,-0.7785053,-0.16755226,-3.7646947,-0.26462775,-0.4450502,2.3602927,19
1.8917533,-0.2368439,-2.6419573,1.7503189,-0.06867121,-1.3608737,-1.1729646,-1.946213,-0.33837616,-4.339488,-0.8673491,0.6477284,-2.9609873,0.39964882,-0.88484496,1.8378309,79
-0.07116673,1.2904596,-1.2397226,0.27814388,-0.37269294,-0.7336274,-1.6386149,0.35787442,-0.13078953,-1.5394841,-0.26703584,-1.0396967,-0.79778206,-0.050171763,0.18412864,1.299846,81
2.365914,1.2628282,-2.502757,2.5996637,-1.1839141,-0.8476976,-1.4505808,-1.664778,0.7046646,-5.124783,-0.4320857,0.0487684,-2.5460813,-0.49892905,-0.81192595,2.1014097,13
2.854203,1.72389,-3.1567044,1.6480721,-1.2817738,-1.5157272,-0.8199464,-1.734198,2.022176,-5.902746,-0.7418742,-0.39249325,-3.353193,-0.41980243,-0.5599773,2.4259691,13
-0.020140573,1.340236,-1.2548186,0.2735288,-0.3965294,-0.7337669,-1.6316755,0.34877908,-0.07670586,-1.5554522,-0.28293523,-1.0963882,-0.7904994,-0.062195286,0.1674186,1.3411556,81
3.0992534,1.5037183,-3.2077513,1.9148494,-1.2100359,-1.5206413,-0.9323326,-1.7533692,1.8177831,-6.1803856,-0.7392774,-0.059673056,-3.783503,-0.509174,-0.4509669,2.414736,19
2.8028982,1.8286484,-3.1892488,1.6303355,-1.2877917,-1.4212673,-0.890532,-1.7344536,1.9289087,-5.797759,-0.7030913,-0.42130566,-3.1977262,-0.44429365,-0.7590016,2.3339229,13
-0.04141076,1.2638519,-1.2852374,0.39852923,-0.32528132,-0.73304534,-1.596755,0.46832424,-0.1626036,-1.589989,-0.2965712,-1.0192642,-0.82049686,-0.09311405,0.19144034,1.3491461,84
-0.013046667,1.2194408,-1.1769693,0.37084615,-0.31291306,-0.78221565,-1.5901682,0.48595428,-0.13537745,-1.5559804,-0.29667318,-1.0229743,-0.8758814,-0.03743125,0.27123448,1.339654,84
2.137069,-0.4396569,-2.6454775,1.4886296,0.17167005,-1.3930627,-1.2607982,-1.8709313,-0.2845235,-4.3613877,-0.89543957,0.7025724,-3.4719536,0.32692826,-0.96660554,1.9092394,79
3.3182151,1.650216,-3.3008895,1.4504479,-1.2876515,-1.6104468,-0.7762588,-1.7131983,2.2900646,-6.4577084,-0.8732185,-0.1480222,-4.1563463,-0.49566594,-0.4263435,2.4747891,19
3.1323478,0.3286457,-3.0921576,2.190012,-0.40801647,-1.4713641,-1.4821305,-1.878275,0.1115629,-5.541029,-0.9083779,0.69644797,-3.9617395,0.007638596,-0.8029312,2.1487908,79
2.8589337,1.5898527,-3.000425,1.313663,-1.2802366,-1.3313868,-0.5240172,-1.498587,2.1745765,-5.4608355,-0.8505552,-0.4675418,-3.3023472,-0.4298383,-0.5186713,2.396579,13
2.2861457,0.058044083,-2.6874459,1.7209066,-0.12262434,-1.3538954,-1.3112779,-1.9334655,-0.12029056,-4.3516684,-0.69086385,0.45215666,-3.0669055,0.19053108,-0.99357957,1.8487002,79
3.2109623,0.49527293,-2.9078887,1.7496206,-0.43486878,-1.4023114,-1.2479482,-1.5869477,0.32933956,-5.101136,-1.060245,0.4160868,-3.7925467,0.11822496,-0.93863386,2.1184554,104
2.9900422,1.2732208,-3.0769162,1.6783911,-1.080382,-1.6777891,-0.7717144,-1.6667941,1.8081472,-5.858262,-0.7401475,-0.12943846,-3.7364821,-0.2824301,-0.37202197,2.3326597,19
1.8674809,-0.08832477,-2.7394018,1.7996813,-0.042549357,-1.3326701,-1.3043432,-2.0119793,-0.31988811,-4.381528,-0.70621043,0.5643489,-2.826968,0.2502015,-0.9601538,1.8126776,79
-0.023025498,1.1669372,-1.1620436,0.45483738,-0.29114604,-0.7588406,-1.6022694,0.4948535,-0.2597257,-1.5184183,-0.27114713,-0.94864905,-0.8782873,-0.060391326,0.2953075,1.3068894,84
2.4783995,1.2229588,-2.4877582,2.6696963,-1.1700841,-0.8425806,-1.4280927,-1.6125048,0.67590195,-5.1511016,-0.45753098,0.10218583,-2.6248345,-0.49687353,-0.79336184,2.0550244,13
2.972294,1.6728747,-3.1852071,1.7631327,-1.1597819,-1.6086429,-0.76248133,-1.6269631,2.0730982,-5.9590406,-0.7541062,-0.36807126,-3.4673953,-0.38679898,-0.5057163,2.4547856,13
0.042965278,1.2436539,-1.2153631,0.41411513,-0.2984566,-0.7669617,-1.5915594,0.4969753,-0.16645013,-1.5508978,-0.29603443,-1.0241743,-0.8798774,-0.072872326,0.25087482,1.3598248,84
3.203617,1.3355997,-3.09396,2.1183805,-1.1730926,-1.5497998,-0.8944039,-1.6618695,1.6931409,-6.0985737,-0.8060989,0.006451145,-3.910924,-0.49288282,-0.34799325,2.509299,104
2.851978,1.7072759,-3.0863636,1.8487066,-1.2209889,-1.4598565,-0.8781105,-1.65803,1.8055415,-5.743611,-0.7190844,-0.35491896,-3.251167,-0.44307473,-0.68125975,2.3645782,13
-0.011398673,1.1401378,-1.1743313,0.5717722,-0.2703069,-0.78557354,-1.5651219,0.5722116,-0.258542,-1.5887715,-0.3382701,-0.9347909,-0.9088537,-0.10529364,0.30650026,1.3677399,84
0.049629167,1.0976465,-1.1178839,0.5611134,-0.22657412,-0.8436258,-1.5358064,0.62247396,-0.21689795,-1.5781306,-0.32269925,-0.9426753,-0.9774435,-0.046120018,0.38458985,1.3675666,84
2.2031293,-0.41462734,-2.6232457,1.582141,0.21972653,-1.4536759,-1.2301781,-1.79488,-0.32110912,-4.2037716,-0.7947067,0.6973686,-3.3985426,0.28291914,-0.9389302,1.8406446,79
3.366021,1.447784,-3.2426097,1.6320609,-1.1858466,-1.6367402,-0.75290763,-1.6901355,2.1074998,-6.3613663,-0.86476606,-0.0075742155,-4.2513337,-0.4639115,-0.3186059,2.479886,19
3.2222247,0.42488325,-3.1746032,2.2518377,-0.4286806,-1.4600825,-1.51068,-1.8567904,0.12084803,-5.637358,-0.854273,0.70260453,-3.9640803,-0.06795946,-0.811683,2.1148837,79
3.1323225,1.5769067,-3.190651,1.5995103,-1.134549,-1.6084944,-0.49198437,-1.5119488,2.270453,-5.938884,-0.91753674,-0.36648768,-3.7035472,-0.3799392,-0.3707531,2.5576015,19
2.3918946,0.09651133,-2.7404408,1.7909757,-0.09832266,-1.442997,-1.3160937,-1.9284046,-0.1238185,-4.33856,-0.65482104,0.45575047,-3.1115706,0.11621879,-0.979395,1.840915,79
3.2450545,0.60654986,-2.9229028,1.819558,-0.46873555,-1.396358,-1.3012731,-1.58244,0.34406295,-5.170013,-0.98886544,0.42620105,-3.7378082,0.07232426,-0.977254,2.040627,104
3.0395625,1.1492884,-3.022866,1.7656063,-1.0171759,-1.698069,-0.7087959,-1.5946293,1.7618431,-5.760569,-0.761425,-0.06350717,-3.8016925,-0.27973735,-0.31208095,2.3436377,19
1.8909901,-0.0068841334,-2.7680192,1.7228042,0.03233117,-1.361287,-1.3078866,-1.9845765,-0.33562714,-4.174075,-0.601644,0.4523145,-2.7191331,0.19218731,-1.0530772,1.762178,79
0.040962934,1.0826651,-1.1018274,0.63128674,-0.2426099,-0.8522789,-1.5347588,0.6186859,-0.2543729,-1.6138884,-0.33572316,-0.90228856,-1.0028776,-0.067345425,0.4291392,1.3696796,84
2.5582604,1.2281468,-2.4541001,2.7508578,-1.2246382,-0.83901703,-1.4429598,-1.5711648,0.70682025,-5.2874017,-0.5380323,0.15885963,-2.737493,-0.5124253,-0.7738399,2.064127,13
3.078096,1.4943484,-3.0856564,2.0237207,-1.0786917,-1.6511,-0.7122833,-1.4903599,1.942293,-5.9228864,-0.81656003,-0.2971385,-3.6016145,-0.3868426,-0.38837418,2.556885,13
0.092025414,1.1188263,-1.1263204,0.6078892,-0.23415816,-0.8282933,-1.5342295,0.61578083,-0.23966946,-1.5698663,-0.33800298,-0.94586235,-0.97844493,-0.08318347,0.37099266,1.3971565,84
3.3476715,1.2729573,-3.0595446,2.1495605,-1.1504395,-1.6405514,-0.83068246,-1.4992533,1.8015605,-6.232099,-0.9733232,0.025418803,-4.153111,-0.45227495,-0.2772817,2.6325774,104
2.9108596,1.6076059,-2.9683979,2.0468102,-1.227204,-1.4869003,-0.8890852,-1.5738043,1.7745749,-5.8316617,-0.8140152,-0.26704276,-3.3869977,-0.43480745,-0.6050377,2.4372594,13
0.050249442,1.0687381,-1.1219199,0.7326019,-0.23865026,-0.87900233,-1.4948454,0.69435436,-0.2413242,-1.6945492,-0.3996958,-0.9106336,-1.0327717,-0.106487304,0.4437694,1.4341896,84
0.14144178,1.0273336,-1.0788461,0.7635031,-0.17636372,-0.9629418,-1.4573498,0.75108004,-0.17447145,-1.7250855,-0.40301287,-0.9066939,-1.1330845,-0.062023383,0.52719694,1.465903,84
2.3005505,-0.41592833,-2.572599,1.6635786,0.2138229,-1.5391788,-1.1546668,-1.7208598,-0.27223682,-4.1705704,-0.8216591,0.70185614,-3.4456563,0.24062687,-0.8558546,1.8533163,79
3.465237,1.2650888,-3.1865807,1.8022643,-1.1344224,-1.6703969,-0.7035474,-1.6328635,1.9806966,-6.3424206,-0.9317005,0.09955938,-4.4322953,-0.4414457,-0.19600132,2.5696568,104
3.3039176,0.5415703,-3.2055554,2.3364062,-0.50723916,-1.4653733,-1.5247333,-1.8643619,0.19976689,-5.7915783,-0.8391251,0.700214,-3.9894626,-0.14529489,-0.79362756,2.0981743,104
3.3707721,1.3980055,-3.1701376,1.9119762,-0.9964863,-1.7918965,-0.4025318,-1.3432937,2.24651,-6.1415405,-1.0624133,-0.2794702,-4.08921,-0.35126862,-0.17537054,2.8045027,13
2.48218,0.17323877,-2.724686,1.8493327,-0.17192481,-1.4777367,-1.2724197,-1.8795345,-0.013985515,-4.436528,-0.68035847,0.43207896,-3.1733735,0.055171847,-0.9283903,1.8588598,79
3.1909657,0.6706711,-2.8054407,1.9266506,-0.5444694,-1.3287185,-1.3036549,-1.5438689,0.3613315,-5.203389,-0.93796676,0.44129956,-3.6384726,0.03336016,-0.9637946,1.966513,104
3.1666453,1.1172985,-2.9809167,1.8330551,-1.0644009,-1.7666492,-0.6549742,-1.5357375,1.8525012,-5.85632,-0.89579946,-0.053540096,-4.0077453,-0.27710244,-0.27351242,2.466328,19
1.8848566,-0.004082646,-2.6861806,1.6556653,0.097718686,-1.4344041,-1.2494934,-1.9365811,-0.33284587,-3.9319706,-0.54644823,0.37310153,-2.6520076,0.15853235,-1.0726645,1.7153517,79
0.15738885,1.0303136,-1.1005303,0.83498394,-0.20449892,-0.98004436,-1.438015,0.79932636,-0.17344485,-1.818602,-0.4148314,-0.8997903,-1.1921147,-0.07135256,0.615609,1.5006716,84
2.893181,0.9969931,-2.2881846,2.9410286,-1.146532,-0.89069283,-1.4900832,-1.5986037,0.5528626,-5.51022,-0.60933244,0.4991629,-3.2800725,-0.43517438,-0.60894966,2.0581114,37
3.2038198,1.3983811,-3.0283394,2.1440434,-1.0852548,-1.7655922,-0.6679498,-1.3632554,2.0482256,-6.12975,-1.0044464,-0.23872745,-3.8898838,-0.37871826,-0.29802814,2.7173884,13
0.17078792,1.0463545,-1.0997584,0.79616714,-0.1906103,-0.9468615,-1.4417875,0.75397396,-0.19432046,-1.716721,-0.41380715,-0.9237484,-1.1277379,-0.09410163,0.5231683,1.4908057,84
3.9691439,1.055574,-3.0768034,2.454379,-1.1078516,-1.8309915,-0.8284202,-1.3925866,1.7098368,-6.8047094,-1.1822925,0.3394103,-5.077804,-0.2839779,-0.07665984,2.8462868,104
2.9937394,1.5030651,-2.8803656,2.1424541,-1.229866,-1.5327303,-0.8617924,-1.412132,1.8325155,-5.9633536,-0.96408886,-0.18462013,-3.587553,-0.38179666,-0.52389985,2.519941,13
0.17019425,1.0168562,-1.1301857,0.9252564,-0.18991882,-1.003835,-1.3853688,0.920238,-0.14021735,-1.9024279,-0.4850344,-0.92136574,-1.2267618,-0.08994433,0.6335381,1.5792208,84
0.3068818,0.9569913,-1.0858904,0.99265206,-0.117764235,-1.1229585,-1.331181,1.0028825,-0.051239416,-1.9914166,-0.51201737,-0.9054182,-1.3983089,-0.055011827,0.7516747,1.6481972,84
2.3275864,-0.20533209,-2.499781,1.7939094,0.047679216,-1.5654243,-1.1598994,-1.6649262,-0.06502403,-4.336992,-0.8201166,0.63195187,-3.359291,0.15251371,-0.811093,1.8426058,79
3.5695684,1.157392,-3.1049478,1.8851982,-1.0983418,-1.7556196,-0.5500123,-1.417071,2.018273,-6.346216,-1.0451264,0.07280694,-4.5860825,-0.34458992,-0.06790694,2.7067263,104
3.3255954,0.5748407,-3.139755,2.410945,-0.56716835,-1.4649433,-1.4995227,-1.798184,0.23300627,-5.8882313,-0.87864923,0.7063703,-4.011548,-0.14854398,-0.7827796,2.093534,104
3.4608011,1.2200195,-3.0135136,1.977399,-0.9536278,-1.8996013,-0.34105912,-1.1537107,2.3302436,-6.220015,-1.2530264,-0.18689278,-4.381307,-0.31805453,-0.05471222,2.9451609,13
2.5458643,0.3360406,-2.6857011,1.986137,-0.32788157,-1.4466678,-1.3035486,-1.817482,0.15558985,-4.6713724,-0.7098136,0.4184879,-3.1865492,-0.019719549,-0.88184047,1.8678751,8
3.143855,0.8134702,-2.7414973,2.0048623,-0.66618466,-1.2777419,-1.313648,-1.5266116,0.42654052,-5.325683,-0.90133595,0.41303986,-3.5367372,0.027076691,-0.9843732,1.8983386,104
3.3540597,1.1143353,-2.936161,1.8775934,-1.1271573,-1.8335148,-0.5715089,-1.3617892,2.0323794,-6.091324,-1.0799931,-0.049521968,-4.3125076,-0.26616266,-0.18482819,2.6471884,19
1.8964862,-0.014728449,-2.547296,1.6056105,0.08590707,-1.5061314,-1.151057,-1.872497,-0.22949149,-3.770514,-0.5635526,0.3044135,-2.655498,0.16360664,-1.0406332,1.7067806,8
0.30687237,0.9714857,-1.1291587,1.061179,-0.1321623,-1.1534384,-1.319478,1.0899706,0.014681742,-2.1387694,-0.55102134,-0.8960967,-1.4691354,-0.049841553,0.8321731,1.7141876,84
3.0191991,0.977723,-2.1361065,2.9973598,-1.1181507,-0.8586215,-1.5830834,-1.6746726,0.48087925,-5.659637,-0.58637416,0.689832,-3.4793272,-0.34628397,-0.5592174,1.9667125,104
3.6413376,1.1232929,-2.924965,2.3766093,-1.1877774,-1.778471,-0.68481916,-1.3364482,1.8935901,-6.487129,-1.1734889,0.09527181,-4.6138644,-0.26668036,-0.14802347,2.807628,104
0.3186301,0.9812483,-1.1213855,1.0213845,-0.12079801,-1.101026,-1.3195999,1.0332909,-0.06375618,-1.988603,-0.52616554,-0.9251287,-1.3790903,-0.079007156,0.73827577,1.677369,84
4.112205,1.3865889,-3.095414,2.0143566,-1.319997,-1.8531439,-0.82622147,-1.4326886,2.00792,-6.9739494,-1.2868509,0.21736328,-5.3045025,-0.27043217,-0.22038099,2.84989,104
3.5130298,1.432865,-2.9050822,2.3184876,-1.315117,-1.6007463,-0.90548676,-1.4143611,1.7292466,-6.4152045,-1.0832634,0.05742629,-4.297716,-0.2458562,-0.43677673,2.6184275,13
0.26520455,0.95175916,-1.1536,1.0883881,-0.13834521,-1.169766,-1.2829516,1.154474,0.050973624,-2.1700878,-0.60400236,-0.91385543,-1.4642768,-0.050227113,0.8262886,1.7530502,84
0.61253285,0.90199924,-1.007231,1.2570732,-0.14311746,-1.0546747,-1.1919246,0.9940884,-0.01194486,-2.1330361,-0.4827621,-0.81934726,-1.6292015,0.05599384,0.7674407,1.741286,84
2.372523,0.0010902509,-2.5058079,1.9293059,-0.11582674,-1.590392,-1.2275004,-1.6076834,0.11912531,-4.636875,-0.88367695,0.61119795,-3.3185363,0.11924361,-0.8063815,1.8505738,8
4.075841,0.90095866,-3.0511882,2.1909776,-1.0632824,-1.9138486,-0.4794052,-1.24628,1.9236339,-6.834724,-1.2082583,0.35859078,-5.4209337,-0.18389052,0.18880075,2.920516,104
3.2773063,0.6931726,-3.0200522,2.4516344,-0.6684499,-1.4561254,-1.4980848,-1.694141,0.32311487,-5.9398623,-0.9281153,0.6613115,-3.944882,-0.12706892,-0.81282014,2.0907352,104
3.345307,1.0475949,-2.66445,1.7654864,-1.0313077,-1.8710253,-0.30933774,-1.0219419,2.4692202,-6.0728364,-1.434163,-0.06448099,-4.508511,-0.26734534,-0.040852487,2.9077654,13
3.0248706,0.0028718496,-2.6799679,2.3514276,-0.34206307,-1.4550854,-1.3258057,-1.8492877,-0.046127275,-5.194482,-0.82589144,0.8758236,-3.9655092,0.104803145,-0.65096724,1.9196446,79
3.5345864,0.66680276,-2.818715,2.2432585,-0.6670631,-1.3915722,-1.364259,-1.5623564,0.2952447,-5.8219423,-1.0184307,0.6827279,-4.157808,0.18029481,-0.899164,1.9747813,104
3.7827542,1.1126702,-2.9657862,2.0596457,-1.2360345,-1.8913919,-0.623392,-1.3208964,1.9782109,-6.6523314,-1.160712,0.16186021,-4.99669,-0.24919862,-0.06291297,2.7823396,104
1.9424928,-0.01204936,-2.4288898,1.5836909,0.03693825,-1.554069,-1.038024,-1.7571397,-0.105477765,-3.7185984,-0.6217394,0.25961006,-2.7078674,0.15939072,-0.96779585,1.7095484,8
0.46516025,0.9095632,-0.990439,1.2830325,-0.11932823,-1.1541588,-1.2421215,1.1628151,-0.07157217,-2.166832,-0.5312098,-0.792545,-1.6588563,0.17123064,0.81158,1.7914072,84
3.1042917,1.171172,-2.195913,2.9368877,-1.1569957,-0.8465028,-1.6553123,-1.7185636,0.46932167,-5.733241,-0.526373,0.58188534,-3.4650888,-0.22228678,-0.6724723,1.9467998,104
3.660569,1.4873652,-2.9210129,1.9602443,-1.4606117,-1.7823573,-0.79157645,-1.4804834,2.1483374,-6.6785765,-1.229928,0.020767748,-4.7461715,-0.2970689,-0.34170777,2.7466748,19
0.59459907,0.9752116,-0.9781894,1.1975675,-0.19852668,-0.9498672,-1.2425783,0.8397157,-0.037756696,-2.0395522,-0.45151427,-0.8110147,-1.5131655,0.039696068,0.6005004,1.681357,84
3.9724517,1.3587823,-2.6141262,1.9051505,-1.4910866,-1.7683437,-0.87672186,-1.4661123,1.9950657,-6.564395,-1.4714638,0.1428714,-5.204202,-0.051871035,-0.4432165,2.8545878,104
3.5440946,1.5431501,-2.8219388,2.210812,-1.465271,-1.6499765,-1.0210303,-1.4667147,1.7651519,-6.5278583,-1.17213,0.03261976,-4.4748497,-0.092803985,-0.57734,2.6761785,13
0.48036098,1.0037551,-1.1256042,1.2811738,-0.1619188,-1.1490399,-1.2721028,1.1573039,-0.031216785,-2.272243,-0.5380411,-0.8724222,-1.6242436,0.13915005,0.7599523,1.8159449,84
0.64801043,1.1068922,-1.1308485,1.4406896,-0.17667253,-1.0714236,-1.236464,0.8365092,0.06496158,-2.3826847,-0.39701164,-0.8564963,-1.5409681,0.07244682,0.5242805,1.8058225,84
3.2732408,-0.5071385,-2.6545713,2.11236,0.037933886,-1.5430781,-1.2468653,-1.6650472,-0.1529627,-5.311752,-1.1041827,1.2888509,-4.6802416,0.34478593,-0.52668583,1.9716262,79
4.1073895,1.3150172,-2.8611488,1.5971452,-1.3068588,-1.9331819,-0.5711659,-1.3971927,2.2815065,-6.79664,-1.3234872,0.21075173,-5.488132,-0.1862697,-0.08351126,2.8326683,104
3.817726,0.105704665,-2.8910122,2.6101918,-0.46093708,-1.5435892,-1.4437864,-1.6379509,-0.002403155,-6.237551,-1.1998944,1.2165695,-5.01428,0.18054602,-0.59801656,2.2088115,104
3.4196553,0.95905405,-2.0837798,1.592597,-1.3444068,-1.7560792,-0.33936366,-1.0904832,2.370093,-5.816704,-1.5997132,0.08464186,-4.8437104,-0.09767379,-0.15672702,2.8941934,13
3.2969103,-0.13456327,-2.6131492,2.482997,-0.28310162,-1.4692272,-1.4027541,-1.7969878,-0.14962615,-5.451709,-0.99400383,1.1205887,-4.4189057,0.19519806,-0.57502043,2.019718,79
3.7624128,0.6328813,-2.8347557,2.3286624,-0.6766957,-1.4524075,-1.5528605,-1.629163,0.14662287,-6.193094,-1.1808074,0.9187051,-4.624209,0.23973295,-0.96611863,2.0643303,104
3.840456,1.3705894,-2.8214254,2.049458,-1.4737388,-1.9384781,-0.8778996,-1.5121969,2.0296264,-6.8730373,-1.2284889,0.13564725,-5.137202,-0.13145293,-0.281882,2.8103018,19
2.0171587,0.024802651,-2.391205,1.6274778,-0.049920954,-1.6163492,-1.0185937,-1.6607738,0.02487728,-3.9198465,-0.73885393,0.279831,-2.8285158,0.15439683,-0.92928445,1.7452602,8
0.471178,1.1204252,-1.1616555,1.3661156,-0.17174786,-1.1119143,-1.3148658,1.0133154,-0.025289267,-2.3726606,-0.40196222,-0.8661837,-1.5592613,0.100764036,0.6701636,1.7839378,84
3.2224958,1.2334485,-2.3492415,2.9466596,-1.2281885,-0.91085523,-1.7183642,-1.7189839,0.4844675,-6.0244346,-0.60152256,0.61094177,-3.6654654,-0.13337484,-0.74128103,1.9632379,104
3.6876473,1.3780483,-2.530115,1.9342796,-1.5797653,-1.7079617,-0.85563564,-1.4844404,2.0926313,-6.4567833,-1.4411128,0.08194344,-4.881307,-0.1017586,-0.4701771,2.8003926,19
0.50851387,1.1585248,-1.0553923,1.4181948,-0.25737983,-0.89842236,-1.2829723,0.49265975,0.055600956,-2.2607555,-0.2869454,-0.81960344,-1.2781098,0.025388204,0.20233637,1.6975361,84
3.818647,1.4052061,-2.3347895,1.793338,-1.5724118,-1.6189688,-0.77298796,-1.512354,1.8545879,-6.0145497,-1.3643926,-0.056004345,-4.8139606,-0.0070172623,-0.56968844,2.681103,104
3.383845,1.5482453,-2.3999484,1.8184243,-1.53683,-1.4734308,-0.94846714,-1.5371714,1.7503315,-5.790225,-1.2093585,-0.14786667,-4.1335654,-0.011747688,-0.80021614,2.482567,13
0.35247058,1.0684937,-1.1358172,1.384993,-0.17168607,-1.0818678,-1.3065946,0.99197215,-0.04616733,-2.3062782,-0.3678201,-0.8795791,-1.4804462,0.09836699,0.6265727,1.7821445,84
0.42686188,1.1668255,-1.0788862,1.5058728,-0.2528767,-0.8455496,-1.1668475,0.4337408,0.18025771,-2.291635,-0.22266,-0.8787415,-1.182927,-0.040571917,0.07935105,1.7582186,84
3.7336187,-0.5929237,-2.6653533,2.4184089,0.04862295,-1.6718544,-1.3490291,-1.5285122,-0.30624664,-5.5840774,-1.3072,1.3780172,-5.26339,0.6214438,-0.47510654,2.2321765,79
3.8198085,1.5728338,-2.611619,1.0669447,-1.3524468,-1.7537808,-0.75252634,-1.5241965,2.2202199,-5.922483,-1.3717875,-0.16176835,-4.8055496,-0.039654557,-0.6992259,2.5457647,19
4.054657,0.39054886,-3.1889083,2.3203912,-0.6489938,-1.4449286,-1.5977337,-1.9169178,-0.03336455,-6.601048,-1.199544,1.1115398,-5.314926,0.25545543,-0.8813415,2.2011979,104
3.2546353,1.0423107,-1.7864472,1.0281352,-1.4671878,-1.6256669,-0.07068664,-0.86100566,2.466037,-5.309623,-1.7057568,-0.13491417,-4.6912293,0.1708473,-0.36899275,2.730792,17
3.6533751,-0.17055851,-2.7492778,2.7453098,-0.34461212,-1.5045383,-1.541584,-1.7090212,-0.273484,-5.8922396,-1.0994222,1.2220392,-4.9747305,0.49472064,-0.5770576,2.2042131,79
3.81219,0.49021587,-2.483475,1.9665912,-0.5923066,-1.4401603,-1.4121089,-1.3061694,0.1515647,-5.6360598,-1.3457874,0.8019292,-4.7104135,0.4166739,-1.0341117,2.024344,104
3.9819608,1.4781524,-2.6870143,2.0104852,-1.6184852,-1.7858157,-1.0016418,-1.6378295,1.9864804,-6.668624,-1.4047381,0.12886186,-5.110519,-0.08616319,-0.5188596,2.7714806,104
2.8885467,-0.764448,-2.171709,1.8291403,0.2610894,-1.5471917,-0.96461713,-1.5470709,-0.31904775,-4.2407475,-1.0021498,1.060374,-4.190581,0.46189052,-0.5191991,1.809194,79
0.23020448,1.1054673,-0.98495156,1.0696945,-0.24263552,-0.9265642,-1.3105547,0.8237262,-0.06031479,-1.9624106,-0.24362658,-0.9365325,-1.3100301,0.06825815,0.58849084,1.5867383,84
3.1588328,1.3686384,-2.1750927,2.6559691,-1.2761579,-0.92966735,-1.7571194,-1.6507137,0.590659,-5.668982,-0.71655077,0.4132288,-3.48369,-0.15337631,-0.96161896,1.9300351,104
3.4398332,1.3775363,-2.1092668,1.736991,-1.6170769,-1.483669,-0.6318653,-1.4606398,1.9851437,-5.662066,-1.3199533,-0.15857561,-4.3699026,-0.01062239,-0.5701562,2.5976715,13
0.19998024,1.208414,-0.95017666,1.5152372,-0.3393113,-0.65558743,-1.1727893,-0.07981479,0.2459231,-2.1277041,-0.06531215,-0.8434233,-0.7745551,-0.15304548,-0.4309551,1.6420103,84
3.770771,1.4126582,-2.3302662,1.7313267,-1.5170543,-1.7116625,-0.9987623,-1.6032773,1.7382394,-5.864579,-1.4027084,-0.088661335,-4.690162,0.005028926,-0.7973403,2.5849998,104
3.201301,1.5382991,-2.1461916,1.4952446,-1.5070493,-1.422685,-0.91380924,-1.6029185,1.6677023,-5.21227,-1.166189,-0.36759472,-3.8248103,0.040701866,-1.032404,2.3138833,13
0.15699457,1.0366448,-0.9826208,0.98512197,-0.22896296,-0.9558008,-1.3746388,0.78670657,-0.10808109,-1.9012468,-0.2126112,-0.928287,-1.2954496,0.0948129,0.5889977,1.5156634,84
0.17627253,1.2896645,-0.97608995,1.4605393,-0.39526278,-0.6642727,-1.1941075,-0.09578556,0.33804497,-2.249021,-0.0012229383,-0.9017336,-0.78051037,-0.20139194,-0.4580471,1.588586,84
3.799073,-0.6397033,-2.6821275,2.5736446,0.02201143,-1.6583096,-1.4216723,-1.3780886,-0.2562316,-5.655955,-1.3267003,1.3434358,-5.381411,0.66244894,-0.46700737,2.2551794,79
3.8319125,1.7646494,-2.7841547,0.6845161,-1.4461429,-1.7562151,-0.9761857,-1.7530968,2.2167325,-6.016373,-1.4173173,-0.30598783,-4.877566,0.0315698,-1.1504171,2.4431822,19
3.9592938,0.4647298,-3.1617596,2.3748202,-0.7589636,-1.4317974,-1.884783,-1.9584129,-0.04091747,-6.693554,-1.187503,1.0421953,-5.3104563,0.3396658,-1.0918,2.1714282,104
3.2561789,1.2363517,-1.906935,0.64408135,-1.4808838,-1.6074696,0.106769174,-0.8651983,2.6505964,-5.220666,-1.6370777,-0.38944852,-4.5939384,0.35353506,-0.53049433,2.6010013,19
3.6513724,-0.104436874,-2.8528743,2.6937408,-0.31408536,-1.6151286,-1.5089436,-1.6783136,-0.04461716,-5.9369226,-1.0315976,1.0546285,-4.944131,0.4398169,-0.54482174,2.151132,79
3.4928246,0.37530556,-2.0411375,1.5994974,-0.3754832,-1.4898591,-1.165109,-1.2166774,0.37852108,-4.566701,-1.1813107,0.40631437,-4.1439095,0.42417735,-0.97470546,1.9034587,104
3.7708728,1.5088428,-2.3130152,1.7015752,-1.6152472,-1.6245472,-0.82254803,-1.5892704,1.9716814,-6.027818,-1.338485,-0.072916016,-4.744839,0.025085628,-0.63713723,2.6120656,19
3.348316,-0.68204045,-2.4906313,1.6971582,0.24631259,-1.4469023,-1.0909843,-1.7027198,-0.2733689,-4.6698465,-1.0561178,1.1643252,-4.756504,0.56231856,-0.5201191,1.8645056,79
0.12949009,1.0961097,-0.8741965,0.7587427,-0.32544637,-0.8339786,-1.4560192,0.6402968,-0.15101029,-1.6876369,-0.128541,-0.95903164,-1.1988485,0.031028695,0.53215706,1.3503808,84
3.1495528,1.1107352,-1.7709255,1.98568,-1.0863416,-0.95272166,-1.5623598,-1.5315958,0.52293116,-4.5725985,-0.9559894,0.12079729,-3.4225216,-0.041396525,-1.1809309,2.0136447,104
3.3387756,1.4003631,-2.007754,1.6538547,-1.6006385,-1.5112652,-0.76599777,-1.5100394,1.8970739,-5.370578,-1.328253,-0.2565931,-4.1687365,-0.01350265,-0.7665291,2.5008008,13
0.05718854,1.271338,-0.8820832,1.4713558,-0.39072514,-0.58662397,-1.2240918,-0.3419208,0.37819213,-2.1412067,0.058980495,-0.8538248,-0.55185974,-0.25415212,-0.751034,1.515717,81
3.7558477,1.5086188,-2.4698243,1.3886883,-1.5464222,-1.7796823,-1.0777218,-1.766692,1.767571,-5.966146,-1.490294,-0.103411265,-4.7863894,0.09804042,-1.0470159,2.5156596,19
3.1296692,1.562465,-2.231784,1.3339986,-1.4960611,-1.4826772,-1.0905774,-1.7383163,1.5602369,-5.1071486,-1.1976893,-0.43803626,-3.7412324,0.005193226,-1.28199,2.2505853,13
0.10876982,1.0508374,-0.8911655,0.70037127,-0.2888999,-0.8991586,-1.5349369,0.67811507,-0.16693173,-1.6779847,-0.15859681,-0.94981,-1.2323288,0.061077416,0.5612227,1.3207445,84
0.0065538585,1.2750895,-0.9423931,1.329394,-0.4152475,-0.6537219,-1.3750334,-0.26975125,0.30244666,-2.095738,0.0567154,-0.9133751,-0.5987823,-0.3314256,-0.65891904,1.4519461,81
3.3964922,-0.8169688,-2.2655575,1.8237118,0.29382554,-1.6813356,-0.9361684,-1.2559012,-0.20882712,-4.0633507,-1.2087473,0.77331054,-4.563972,0.63241863,-0.5354539,1.9975125,79
3.8673663,1.7002324,-2.8051372,0.72001386,-1.3357182,-1.8785775,-1.098347,-1.8150929,2.0725238,-5.980421,-1.423372,-0.24778435,-4.896893,0.051662758,-1.2065938,2.3948798,19
3.6498725,0.44508708,-2.686265,1.6299554,-0.46243966,-1.4045064,-1.5732672,-1.9265013,0.08646488,-5.021033,-1.0818406,0.39054567,-4.3885064,0.25796783,-1.2748625,1.9776926,104
3.236419,1.3247133,-2.0912116,0.6089754,-1.6154672,-1.7402655,-0.0984634,-1.167957,2.6461093,-5.3676043,-1.6792493,-0.49576163,-4.644529,0.28421503,-0.7822006,2.6085422,19
3.2278926,-0.4465598,-1.953312,1.8832794,-0.0029160231,-1.5182883,-0.94183475,-1.3052709,-0.06092392,-3.9537005,-1.1170812,0.5857667,-4.0847254,0.5713236,-0.61996984,1.9196469,79
3.3557,0.43395463,-1.7555834,1.012306,-0.30477637,-1.3866566,-1.0733498,-1.276782,0.43636516,-3.6504853,-1.2577522,0.13512303,-3.7449458,0.43429732,-1.1860139,1.8356599,104
3.5577736,1.5595165,-2.308885,1.603218,-1.6609143,-1.6323537,-1.0178227,-1.819351,1.8905977,-5.929983,-1.310418,-0.12646744,-4.5493155,-0.008408695,-0.8794676,2.5060008,19
3.2992294,-0.7839311,-2.4927132,1.7852551,0.22614592,-1.3218138,-1.1976008,-1.7581453,-0.40479475,-4.583333,-0.9877313,1.1416593,-4.7761183,0.77918255,-0.5752555,1.8922791,79
-0.014302015,1.1293876,-0.8576713,0.63986564,-0.34886098,-0.8062562,-1.6678531,0.5399501,-0.2381321,-1.5004791,-0.09911764,-0.97719854,-1.0399941,-0.12129374,0.3903644,1.2624015,84
3.174874,0.7698661,-1.6659888,1.629913,-0.85379386,-0.9220271,-1.6243572,-1.5273854,0.1998316,-4.039595,-1.1940187,0.20773752,-3.4998758,0.11948639,-1.4288995,1.959091,104
3.3932703,1.5550902,-2.2407494,1.3172592,-1.6199061,-1.657171,-0.94761145,-1.7384232,1.9103287,-5.571354,-1.3896649,-0.31163257,-4.3171606,0.06214714,-1.0700297,2.4380233,19
-0.039338395,1.2861328,-0.9011774,1.354704,-0.40836313,-0.58986396,-1.3588283,-0.53315765,0.3823943,-2.053769,0.112295,-0.8821447,-0.38615417,-0.35138232,-0.9538764,1.3992676,81
3.5376635,1.6462789,-2.3909428,1.45557,-1.7310417,-1.5453516,-1.2288101,-1.83576,1.743643,-6.216908,-1.4147282,-0.045683146,-4.690628,0.019541308,-1.187696,2.4557605,19
3.0959911,1.7379477,-2.4356306,1.1960572,-1.619807,-1.4624325,-1.2610617,-1.9381585,1.6084132,-5.483463,-1.1899974,-0.41052485,-3.8557339,-0.014759876,-1.4800313,2.2246478,19
-0.037990406,1.111569,-0.87163895,0.6177219,-0.31880343,-0.8448627,-1.6914134,0.6370251,-0.22864123,-1.5291219,-0.13941059,-0.97949356,-1.0664634,-0.09616287,0.42980415,1.2837164,84
0.059101596,1.3525666,-0.9978299,1.2937706,-0.4056319,-0.6888334,-1.4780147,-0.43080187,0.3550328,-2.1664886,0.07004067,-0.9067597,-0.5837555,-0.32126045,-0.8576342,1.4223566,81
3.4448888,-0.7712703,-2.0368075,1.5034099,0.30301943,-1.6673218,-0.96445876,-1.2593019,-0.22116391,-3.5923333,-1.3983837,0.54744506,-4.4383554,0.73124295,-0.8210884,2.0302663,79
3.8677588,1.7801816,-2.8117073,0.6355591,-1.3658272,-1.8941077,-1.0946589,-1.765891,2.1973865,-6.186386,-1.4720799,-0.20324059,-5.033576,0.0858465,-1.2137117,2.4306998,19
3.6029427,0.38363856,-2.4127486,1.0248243,-0.34529737,-1.2678758,-1.6096482,-1.8332165,0.0630524,-4.3434925,-1.2915622,0.26611322,-4.306841,0.39087078,-1.5810134,1.9619834,104
3.2218823,1.5473017,-2.3804867,1.0507263,-1.7974565,-1.7761072,-0.58146656,-1.556233,2.4565525,-5.9404206,-1.5554422,-0.44957185,-4.581049,0.097853854,-1.0142722,2.564802,19
3.4601815,-0.37533993,-2.1797755,1.4802468,-0.054299086,-1.5405957,-1.331559,-1.6508619,-0.2403319,-3.9447773,-1.4218928,0.46217203,-4.327687,0.69102687,-1.2326703,2.00673,79
3.4932523,0.35897723,-1.9635875,0.70240927,-0.36869115,-1.2728498,-1.4605513,-1.6003175,0.13189074,-3.637765,-1.5302336,0.11052309,-4.057879,0.4970203,-1.7126963,1.9520215,104
3.5264144,1.7933372,-2.5989358,1.5386679,-1.8276132,-1.6685222,-1.2931232,-2.1016884,1.9598185,-6.5292554,-1.3224605,-0.11479363,-4.712222,-0.03600871,-1.1615288,2.5030036,19
3.206523,-0.7776852,-2.3327637,1.667746,0.13910162,-1.349605,-1.2225821,-1.6753362,-0.42663294,-4.1935883,-1.0809621,0.9364511,-4.4974513,0.67743754,-0.7432548,1.8095938,79
-0.042783514,1.1670985,-0.8283686,0.5042486,-0.34267104,-0.7983824,-1.755245,0.4446531,-0.22978847,-1.4550694,-0.091002,-0.96004397,-0.9795377,-0.06277038,0.26121598,1.157862,84
3.1037014,0.5189142,-1.52013,1.3686028,-0.7082459,-0.8314805,-1.5506921,-1.4054394,0.16127437,-3.755986,-1.3183414,0.325639,-3.5405614,0.22742394,-1.4516282,1.8744712,104
3.2970412,1.7101538,-2.3218267,1.2553416,-1.7317966,-1.5542432,-1.1319761,-1.8698119,1.9019502,-5.881749,-1.3515118,-0.2673759,-4.347067,0.012161598,-1.2580006,2.3939486,19
0.044665843,1.4011174,-1.004053,1.4001744,-0.43035096,-0.5842138,-1.4562662,-0.7080096,0.44681495,-2.2324069,0.15173173,-0.86395663,-0.39770478,-0.39008862,-1.1452215,1.4181708,81
3.2555618,1.5023237,-2.0669625,1.1916981,-1.6505339,-1.3651795,-1.1294103,-1.6513205,1.7061299,-5.7284265,-1.4187394,-0.054689944,-4.4510517,0.067544565,-1.2407019,2.3477137,19
2.8388093,1.6815588,-2.143787,1.0842458,-1.5784802,-1.2654524,-1.2646201,-1.8255287,1.5224693,-5.1391354,-1.1175051,-0.39162087,-3.5902262,-0.01986333,-1.5193644,2.1078146,13
-0.079931684,1.2003276,-0.8448227,0.48604733,-0.33480078,-0.80268186,-1.774616,0.50750566,-0.20712109,-1.4817543,-0.09038809,-0.99384093,-0.9532666,-0.086194694,0.27025557,1.1897643,84
0.07035662,1.418437,-1.0935597,1.266459,-0.37538913,-0.6740425,-1.5425093,-0.51927996,0.39991754,-2.3067415,0.10527113,-0.8596648,-0.56226474,-0.3060631,-0.9734891,1.3743768,81
3.5905669,-0.63422364,-2.175123,1.0611202,0.24434504,-1.6914295,-1.2521169,-1.5675647,-0.31651896,-3.5258002,-1.5936506,0.3656909,-4.5536017,0.80805683,-1.3327785,2.0664086,79
3.56683,1.80912,-2.514129,0.74711716,-1.459465,-1.5739046,-1.1697153,-1.6695361,2.1506417,-6.0781403,-1.3989851,-0.13267946,-4.7389226,0.039316714,-1.2599208,2.3626404,19
3.634724,0.12583575,-2.2713246,0.6482891,-0.15704404,-1.2551353,-1.6195452,-1.7609493,-0.15621586,-3.7419798,-1.5557522,0.23550732,-4.3307734,0.5365021,-1.8222861,2.0017846,104
3.0702891,1.5889575,-2.2170858,0.85822356,-1.7374008,-1.642428,-0.6095693,-1.4969338,2.4263082,-5.631993,-1.4994316,-0.47203505,-4.3632364,0.11888267,-1.0917336,2.483954,19
3.5701368,-0.30942607,-2.1950703,1.185358,-0.084971435,-1.4514265,-1.4503915,-1.7168499,-0.29385024,-3.910313,-1.5369755,0.4089126,-4.437455,0.7020006,-1.4904134,2.004327,79
3.415432,0.23031385,-1.8608478,0.52261937,-0.32296467,-1.1403697,-1.4865096,-1.6050338,-0.021763876,-3.3820903,-1.599578,0.1038325,-3.9878614,0.5491245,-1.8660696,1.8984132,1
3.369696,1.674703,-2.3579962,1.1230614,-1.7077898,-1.5839027,-1.138608,-1.8870215,2.025476,-6.112667,-1.4143943,-0.12946863,-4.6339283,0.03706859,-1.2271769,2.4115343,19
3.1856666,-1.1422824,-1.6202497,0.93651354,0.4980158,-1.3634323,-0.7190338,-1.1068579,-0.4803354,-2.6750984,-1.3514974,0.5993575,-4.169889,0.9948825,-0.86467844,1.7297266,79
-0.054145843,1.2098435,-0.87553865,0.44689035,-0.32158637,-0.7636328,-1.8079288,0.39151675,-0.22442009,-1.4998238,-0.06368622,-0.93329924,-0.94446707,-0.0552645,0.16275278,1.1010627,81
2.9747694,0.37297717,-1.3934699,1.3302479,-0.619635,-0.7423441,-1.4442024,-1.267269,0.18270959,-3.6935456,-1.3260612,0.46746784,-3.4885151,0.32358965,-1.3389959,1.7743621,104
3.047245,1.7010638,-2.1551383,1.0978657,-1.7352018,-1.4173188,-1.1426754,-1.8144534,1.9095693,-5.7279468,-1.3101921,-0.26538974,-4.1718516,0.021329544,-1.3439527,2.298044,19
0.069694325,1.4811245,-1.1127048,1.4443048,-0.42626503,-0.5506973,-1.5270534,-0.76603705,0.48918885,-2.457384,0.18887827,-0.8099983,-0.40918225,-0.40662423,-1.2421885,1.4061236,81
3.1640642,1.4611781,-1.9704151,1.2528377,-1.5986671,-1.2094398,-1.1434748,-1.5444523,1.5897318,-5.589093,-1.3877074,0.014596865,-4.312053,0.032487288,-1.2268629,2.3265908,13
2.6540513,1.6384579,-1.985357,1.0557436,-1.5429236,-1.1104472,-1.2894707,-1.745733,1.4646045,-4.994352,-1.0566272,-0.3427649,-3.4200907,-0.034553193,-1.5347006,2.0313063,13
-0.11463301,1.2279881,-0.8703338,0.44447482,-0.3088468,-0.7410715,-1.8301134,0.46740794,-0.25086385,-1.4790627,-0.047311038,-0.959002,-0.8846019,-0.10623874,0.18065041,1.1192198,81
0.08614133,1.4827558,-1.2052418,1.3479917,-0.36918348,-0.66357595,-1.5333495,-0.56262517,0.4552045,-2.5389733,0.14427233,-0.82265896,-0.5832975,-0.3000227,-1.044039,1.3924251,81
3.5652027,-0.6354091,-2.105252,0.9165541,0.24057516,-1.5594479,-1.2703092,-1.5008022,-0.23914193,-3.5725293,-1.6306584,0.41529572,-4.5986986,0.79678094,-1.3612742,2.0193732,79
3.472705,1.8888081,-2.5499246,1.0901628,-1.664488,-1.319039,-1.3068612,-1.6906987,2.1421187,-6.715038,-1.3039676,0.1111712,-4.838959,-0.031652298,-1.1966403,2.3619149,19
3.5797977,0.11249449,-2.244539,0.75814104,-0.21509796,-1.0679417,-1.7433817,-1.8658766,-0.24688144,-3.9191883,-1.4892164,0.30717975,-4.3398757,0.45940834,-1.8601544,1.972466,1
2.7810292,1.7133665,-2.1054387,1.0260369,-1.8133374,-1.3992658,-0.81089664,-1.5658661,2.3379636,-5.7513137,-1.3007704,-0.37635386,-4.0938253,-0.006474957,-1.1318798,2.3848298,13
3.424132,-0.3391274,-2.0039504,1.0911362,-0.045225084,-1.3244413,-1.4001296,-1.5581796,-0.19058527,-3.8005514,-1.5210164,0.45943952,-4.3305187,0.6982825,-1.42187,1.9324864,79
3.3629658,0.29239687,-1.877099,0.76608825,-0.3533771,-1.0662112,-1.5193012,-1.5570236,0.030463725,-3.6569197,-1.5188252,0.23255421,-3.9233043,0.5519772,-1.7537644,1.8660569,1
3.281314,1.6315858,-2.184943,1.0599196,-1.7195184,-1.429493,-1.0405297,-1.670271,2.055152,-5.9576445,-1.4967258,-0.08416841,-4.6040134,0.0199944,-1.2036254,2.4519763,19
3.2252862,-1.2165389,-1.6521217,0.70544076,0.55228114,-1.374033,-0.7878158,-1.1341746,-0.59874946,-2.3835654,-1.5600262,0.46802217,-4.154513,1.102988,-1.1428156,1.846807,79
-0.056754,1.2243471,-0.8787261,0.41840702,-0.31220776,-0.73065233,-1.7795346,0.40357816,-0.23569481,-1.4928324,-0.05880283,-0.919329,-0.92232037,-0.031734716,0.14578474,1.0833317,81
2.9593267,0.4450906,-1.4576343,1.6270272,-0.64422894,-0.70619875,-1.5036535,-1.3140117,0.13765979,-3.8948114,-1.2530224,0.5431939,-3.3751428,0.33118197,-1.2739632,1.7794191,37
2.9270384,1.7387375,-2.1100898,1.1577159,-1.7491313,-1.2498425,-1.185128,-1.7357434,1.8710388,-5.7719316,-1.2648661,-0.18945575,-4.064501,-0.02092135,-1.3564463,2.2719262,13
0.12267728,1.5419099,-1.2543553,1.5638618,-0.4163954,-0.55870414,-1.5533049,-0.7898221,0.5104972,-2.7246408,0.22047472,-0.763697,-0.47129697,-0.41930515,-1.2636812,1.4355636,81
3.1317656,1.4565785,-1.9733466,1.3182284,-1.5092304,-1.1361557,-1.1904409,-1.4927007,1.5438553,-5.5714808,-1.3619106,0.08080967,-4.2177086,-0.018406168,-1.2033536,2.317944,13
2.6276295,1.7277613,-2.096169,1.2157657,-1.5298262,-1.0597544,-1.4044714,-1.7908809,1.419309,-5.2019176,-0.98903936,-0.2743176,-3.3456192,-0.07349746,-1.5528331,2.017981,13
-0.10754493,1.2568855,-0.86931014,0.38907796,-0.31957883,-0.6791661,-1.8165236,0.46486986,-0.2709617,-1.4495306,-0.037474543,-0.95516706,-0.8529446,-0.09491078,0.14766833,1.0833741,81
0.11012645,1.4977396,-1.2553145,1.4355316,-0.34990543,-0.6456233,-1.5036805,-0.53498083,0.43131095,-2.6150188,0.15410325,-0.7929002,-0.59102803,-0.31440377,-1.0399094,1.4274006,81
3.6058383,-0.54558194,-2.2036037,1.0989872,0.25552088,-1.5454196,-1.2746377,-1.3945401,-0.17147584,-3.833869,-1.6063291,0.5094371,-4.597717,0.79383284,-1.2587674,2.035059,79
3.3782191,1.8274599,-2.4829757,1.16845,-1.6395848,-1.1857537,-1.304719,-1.6171654,2.0879118,-6.7855525,-1.2696898,0.26070553,-4.7898135,-0.017645247,-1.1330533,2.306464,19
3.445375,0.11633973,-2.130041,0.88179195,-0.132467,-1.0439999,-1.6640923,-1.7293084,-0.111351505,-3.8776555,-1.406085,0.38883394,-4.119951,0.4652785,-1.6696856,1.8936108,104
2.5625138,1.7882916,-2.0968654,1.1968732,-1.8491529,-1.2329855,-0.9979998,-1.6314871,2.2740972,-6.0022984,-1.1515656,-0.23584026,-3.9467444,-0.09406235,-1.158138,2.2933846,13
3.3818958,-0.26066962,-2.0250132,1.2983867,0.005094722,-1.3247006,-1.3491137,-1.4288073,-0.134138,-3.8976457,-1.4625978,0.5370064,-4.15237,0.7248449,-1.2847366,1.8967553,79
3.3437154,0.41822898,-1.9638699,1.1213316,-0.36752436,-1.0534294,-1.5396278,-1.4901069,0.125094,-3.9555497,-1.421539,0.3399431,-3.8011117,0.5670108,-1.5929418,1.8660622,1
3.2031348,1.5766436,-2.0863318,1.0649123,-1.6776795,-1.3023804,-0.9859111,-1.549694,1.9984281,-5.811574,-1.4928435,-0.035951853,-4.5072064,0.0073057786,-1.1639199,2.4501758,13
3.3391325,-1.1992023,-1.7267562,0.72501004,0.5499537,-1.2265311,-1.0084152,-1.2256032,-0.85193443,-2.3892474,-1.6464968,0.465649,-4.1809173,1.0648494,-1.3881316,1.9030701,79
-0.06143456,1.2160753,-0.8914915,0.41873693,-0.27859026,-0.7207348,-1.7709739,0.4442736,-0.25313348,-1.5003971,-0.08704527,-0.88796437,-0.9270919,-0.019111738,0.1460045,1.0944562,81
3.0374625,0.47980595,-1.5648704,1.9279877,-0.6391572,-0.7724031,-1.5338225,-1.3751009,0.10310641,-4.0365047,-1.2456186,0.5771148,-3.3306487,0.33281946,-1.1959586,1.8582828,37
2.918652,1.7515295,-2.174289,1.2479732,-1.6561536,-1.1931132,-1.2493427,-1.6975608,1.7921326,-5.783922,-1.231317,-0.11326401,-3.978551,-0.056170408,-1.3469439,2.268275,13
0.18636023,1.5807991,-1.3432491,1.6563903,-0.40709856,-0.56102216,-1.5293574,-0.75717485,0.51080006,-2.8602676,0.21676707,-0.74374604,-0.51275855,-0.42094234,-1.2407067,1.4801707,81
3.1733463,1.4870261,-2.0600412,1.366483,-1.3926594,-1.1231871,-1.2369049,-1.4837921,1.5023082,-5.547574,-1.3394816,0.09285377,-4.1185646,-0.032162298,-1.1996279,2.3193614,13
2.6454735,1.8122106,-2.2340891,1.4312248,-1.4788104,-1.0438011,-1.5024529,-1.8415846,1.3822803,-5.3746233,-0.9120396,-0.21965426,-3.2479908,-0.13971692,-1.5161583,2.0285485,13
-0.08604718,1.2721852,-0.8766601,0.35754997,-0.31250328,-0.65835506,-1.8040795,0.46772105,-0.24304013,-1.4653206,-0.08511613,-0.9448596,-0.84991795,-0.07941487,0.105136454,1.0872209,81
0.16650687,1.4907725,-1.3192524,1.4989818,-0.30859154,-0.65451777,-1.5096595,-0.5123737,0.40216824,-2.6766756,0.13532367,-0.7563258,-0.62643236,-0.32169902,-1.0234593,1.4617461,81
3.5446632,-0.4344082,-2.2505996,1.4476334,0.25593224,-1.5458262,-1.2438242,-1.2639072,-0.113827065,-4.078913,-1.5199478,0.5974757,-4.4305897,0.80364794,-1.0938549,2.024191,79
3.3802352,1.7854168,-2.4915442,1.1622702,-1.5350857,-1.1677293,-1.2931414,-1.5716099,2.0064306,-6.658515,-1.2669747,0.28186303,-4.699305,-0.012397297,-1.1204426,2.289238,19
3.4980307,0.26747727,-2.3469188,1.3755916,-0.11276286,-1.109864,-1.7412913,-1.7666016,-0.079362765,-4.3137693,-1.2731876,0.50105613,-4.0169797,0.41913122,-1.4833286,1.9262854,104
2.5035481,1.8515729,-2.1978848,1.2864376,-1.7630755,-1.1388766,-1.1944695,-1.6836212,2.132387,-6.091531,-1.0454504,-0.14217235,-3.7951522,-0.13637944,-1.2442901,2.1967487,13
3.371221,-0.13456523,-2.054729,1.6833371,-0.0005426854,-1.3778267,-1.3699005,-1.3851745,-0.11699568,-4.024188,-1.3995047,0.5733816,-3.954192,0.6991169,-1.1572554,1.9382249,79
3.5392592,0.5042865,-2.1922305,1.3605512,-0.31805402,-1.134135,-1.5904965,-1.5000764,0.165944,-4.270094,-1.4236321,0.39247608,-3.8973591,0.5902555,-1.5215845,1.9427866,104
3.1677456,1.561144,-2.0981805,1.1297492,-1.5902411,-1.2333155,-1.0052032,-1.5182835,1.9174305,-5.7425137,-1.439757,0.008343324,-4.386783,-0.025593702,-1.1325366,2.429598,13
3.3519921,-1.1403897,-1.6982533,0.6086287,0.55560315,-1.1297715,-1.1093583,-1.2211189,-0.7938794,-2.4325945,-1.6743698,0.42624837,-4.2250094,0.9837207,-1.466681,1.9139198,79
-0.020259738,1.2244508,-0.92683464,0.4468565,-0.25060523,-0.72492135,-1.7643659,0.4967047,-0.24434538,-1.5436261,-0.13150406,-0.8853504,-0.9452316,-0.02806906,0.16630855,1.1448282,84
3.229657,0.6173691,-1.8015294,2.2901,-0.69928753,-0.8253186,-1.5684988,-1.457432,0.17437157,-4.4797974,-1.2165294,0.5888494,-3.4354737,0.31083426,-1.0761137,2.0048602,104
2.8964298,1.7657604,-2.228502,1.3338109,-1.5408354,-1.1377189,-1.311388,-1.6977307,1.6901844,-5.715739,-1.1436784,-0.08683304,-3.8015745,-0.0802902,-1.3362021,2.2221446,13
0.26555097,1.6104546,-1.4259725,1.737677,-0.391814,-0.5824203,-1.5327826,-0.7273149,0.52536464,-2.9887133,0.18208617,-0.7315498,-0.5663894,-0.41984168,-1.2344003,1.5376397,81
3.2496073,1.4958878,-2.2528303,1.5037054,-1.2607001,-1.1945384,-1.316529,-1.6024507,1.370805,-5.5845118,-1.3114182,0.096581414,-4.0260453,-0.046813264,-1.2166607,2.3345962,13
2.6682744,1.8392637,-2.3335953,1.5566944,-1.3866601,-1.0757517,-1.5572364,-1.889848,1.3432951,-5.416011,-0.8961409,-0.21451186,-3.1398058,-0.15754275,-1.5058112,2.0443745,13
-0.06815974,1.2926426,-0.86445856,0.3884905,-0.33158305,-0.66514385,-1.7667303,0.47925502,-0.15652855,-1.5336227,-0.15846428,-0.9749724,-0.8536512,-0.09286943,0.1005913,1.1652158,81
0.22158743,1.5228631,-1.356919,1.5585196,-0.29118723,-0.6530185,-1.4876807,-0.41701883,0.43634406,-2.7734518,0.08180758,-0.7619965,-0.66029215,-0.32702565,-0.9875696,1.5420924,81
3.6568172,-0.30661696,-2.3701365,1.7546498,0.27024618,-1.6183424,-1.2691326,-1.2194062,-0.075673595,-4.322184,-1.5277357,0.63623583,-4.4034925,0.80507827,-1.014991,2.0985892,79
3.4074137,1.7201891,-2.5339696,1.2259585,-1.3905417,-1.2114412,-1.2620397,-1.5396286,1.902499,-6.48943,-1.2679691,0.29545724,-4.576146,-0.0121512115,-1.0638993,2.2924554,19
3.6991038,0.4201531,-2.6559486,1.8388754,-0.08668725,-1.2782725,-1.8172195,-1.7967147,-0.03543742,-4.8187766,-1.2353021,0.5679905,-4.101663,0.35902876,-1.330715,2.0554106,104
2.5727663,1.9120245,-2.3963723,1.3778938,-1.5355848,-1.141723,-1.4124806,-1.7454512,1.8997293,-6.056234,-0.95610934,-0.1054222,-3.5901859,-0.15031765,-1.3587856,2.1157224,13
3.5708346,-0.03604611,-2.327969,2.0166464,0.06903671,-1.490994,-1.4328363,-1.3980031,-0.09915285,-4.406769,-1.3886989,0.62370175,-4.039942,0.69055897,-1.0616076,2.0320032,79
3.7230458,0.56753224,-2.412953,1.7811571,-0.2963938,-1.2509471,-1.6443288,-1.541911,0.20798697,-4.6845026,-1.3809236,0.4816299,-3.997508,0.57153356,-1.346318,2.0373878,104
3.1991148,1.627565,-2.27701,1.2799149,-1.5276444,-1.2372496,-1.1048226,-1.5969278,1.8524344,-5.9050846,-1.3587277,0.04310161,-4.327041,-0.06738632,-1.128391,2.4300876,13
3.4537833,-1.0100237,-1.7821745,0.7209574,0.59508324,-1.155019,-1.0999594,-1.1390886,-0.6689322,-2.6777158,-1.6923262,0.47649324,-4.2346535,0.9552435,-1.36601,1.9112688,79
0.011391625,1.2515591,-0.92141116,0.4894976,-0.26536435,-0.75296116,-1.7153196,0.60663617,-0.15146337,-1.6521591,-0.2313156,-0.9283997,-1.0027074,-0.03041631,0.23554811,1.2656597,84
3.429553,0.71303946,-1.9464847,2.5785732,-0.7167301,-0.9337967,-1.5008581,-1.4472562,0.32590142,-4.77877,-1.2658546,0.5388177,-3.5447457,0.293265,-0.9079716,2.191125,104
2.9187236,1.7807903,-2.372942,1.4923242,-1.4305884,-1.1562293,-1.3915894,-1.7823471,1.5548942,-5.7389402,-1.0709448,-0.07429397,-3.6721237,-0.10953803,-1.3367269,2.2198017,13
0.32068974,1.6531527,-1.4444481,1.8293067,-0.40568617,-0.59630114,-1.4953623,-0.63368785,0.6000306,-3.1118054,0.11256781,-0.76651186,-0.60653853,-0.44503447,-1.1806242,1.6534808,81
3.2274687,1.5755746,-2.2769966,1.5144497,-1.2892005,-1.206521,-1.3040421,-1.6148815,1.5500805,-5.6898847,-1.365645,0.052618757,-4.011344,-0.08799827,-1.19363,2.4017155,13
2.6574166,1.8636945,-2.3428822,1.6198477,-1.3802025,-1.1354342,-1.5278542,-1.9427464,1.4532857,-5.4878373,-0.93559813,-0.2568911,-3.1063068,-0.17610893,-1.455092,2.1033766,13
-0.011776701,1.29866,-0.8725609,0.44051027,-0.3470143,-0.7112597,-1.7205119,0.5059821,-0.0689552,-1.6400428,-0.24848014,-0.99964803,-0.91758156,-0.077326,0.13738215,1.2563708,84
0.2770372,1.5503356,-1.3826755,1.6624922,-0.29537204,-0.69348544,-1.4218168,-0.28589773,0.5379918,-2.9232457,-0.017062455,-0.80618614,-0.7304055,-0.33478376,-0.91355526,1.6975029,81
3.8391995,-0.30628365,-2.6189852,2.0890927,0.41440263,-1.783278,-1.2902379,-1.2064462,-0.10970037,-4.609151,-1.5488746,0.7160949,-4.4775333,0.84114516,-0.8913334,2.176795,79
3.4521763,1.7311493,-2.6007304,1.3117667,-1.3348981,-1.2549368,-1.2509966,-1.527816,1.8965563,-6.481442,-1.285188,0.28186834,-4.545658,-0.059533708,-1.0173948,2.3517559,19
3.8482733,0.55432457,-2.8491707,2.250576,-0.118044674,-1.4088821,-1.7368083,-1.6875628,0.14001635,-5.2875953,-1.2186539,0.57463205,-4.1774936,0.35759854,-1.0928669,2.1845315,104
2.6082957,1.9565191,-2.4640565,1.4225271,-1.3812379,-1.1990298,-1.5039535,-1.8100592,1.8031288,-5.9513893,-0.95725787,-0.15679808,-3.4096096,-0.15391332,-1.4252529,2.1192515,13
3.771761,-0.006990833,-2.5571434,2.3617964,0.15409175,-1.620189,-1.403765,-1.357901,-0.05601646,-4.717761,-1.3931597,0.62927866,-4.158786,0.6744608,-0.8786018,2.1744668,79
3.8179114,0.6744604,-2.568079,2.3320966,-0.39294317,-1.2786101,-1.6553464,-1.511272,0.3320965,-5.2274785,-1.3050295,0.56909,-4.081165,0.5124877,-1.0776279,2.1707957,104
3.237877,1.6525952,-2.4535418,1.4606093,-1.4150685,-1.2759876,-1.1898603,-1.653051,1.7492142,-6.002754,-1.3030919,0.07984884,-4.243377,-0.10568796,-1.1087863,2.442547,13
3.5355864,-0.7627785,-1.8560847,1.1841489,0.5318804,-1.2802695,-1.0685713,-1.0261238,-0.43241394,-3.157164,-1.6579542,0.5609408,-4.1536193,0.94347566,-1.1260957,1.9595596,79
0.115720406,1.2327691,-0.977534,0.5804441,-0.23038584,-0.8489711,-1.6693909,0.6927275,-0.08808763,-1.7658215,-0.35813898,-0.9444627,-1.1057743,0.01135812,0.2976766,1.3900489,84
3.6652853,0.6957234,-2.0964477,2.7993283,-0.63931525,-1.068618,-1.3418663,-1.2795126,0.463136,-4.9812565,-1.3409832,0.54108244,-3.7521665,0.3348178,-0.6767748,2.3724225,104
2.9337144,1.843248,-2.45313,1.559928,-1.4196905,-1.19933,-1.4150491,-1.8115847,1.6666219,-5.895121,-1.1187665,-0.08776941,-3.6782632,-0.14962706,-1.3173287,2.2898133,13
0.42488402,1.6609513,-1.5109615,1.9478415,-0.40455294,-0.6670083,-1.4388075,-0.5508662,0.6810228,-3.2763739,0.009456754,-0.79411536,-0.71030074,-0.4322281,-1.1115587,1.793988,81
3.2500787,1.5815777,-2.3263156,1.5324771,-1.2611216,-1.2279326,-1.2411456,-1.6245856,1.622746,-5.7257524,-1.3686721,0.041257948,-4.01128,-0.088577,-1.1195197,2.4124925,13
2.7036128,1.8953466,-2.3654149,1.6563426,-1.4000771,-1.1708025,-1.4822073,-1.9461868,1.5840924,-5.569582,-0.98589647,-0.2631647,-3.1564639,-0.1888478,-1.3846068,2.1635253,13
0.14036183,1.277545,-0.9966117,0.5304542,-0.28154948,-0.8243601,-1.7095418,0.5607502,-0.060644582,-1.7621274,-0.34642002,-0.9816547,-1.0402733,-0.0011228025,0.1737189,1.3356652,84
0.4175353,1.4985259,-1.4698172,1.7829567,-0.23746708,-0.8193672,-1.3549671,-0.19964845,0.5738244,-3.0491896,-0.1511426,-0.8012806,-0.87217736,-0.26009238,-0.8192964,1.824362,84
3.927713,-0.31192425,-2.7012494,2.4811234,0.45363435,-1.8962747,-1.1638069,-1.0247285,0.03028676,-4.926286,-1.5917886,0.7026757,-4.574017,0.8448499,-0.6200835,2.3613951,79
3.4546444,1.7754706,-2.6176865,1.3530478,-1.34054,-1.2696873,-1.2419529,-1.5048128,2.0076246,-6.551338,-1.3260419,0.25089127,-4.536103,-0.09176796,-0.98328316,2.402637,19
3.957798,0.6110895,-2.9353392,2.740972,-0.1612568,-1.5344983,-1.5520122,-1.5064269,0.3495677,-5.6882,-1.231359,0.5216264,-4.252258,0.33238086,-0.7550528,2.4028125,104
2.600812,1.9409686,-2.4321375,1.4248171,-1.3246204,-1.282655,-1.497652,-1.9086349,1.8196223,-5.863046,-1.0351747,-0.21177267,-3.3118887,-0.14252111,-1.4394815,2.1504483,13
3.844554,-0.0047852006,-2.5681877,2.662105,0.13234988,-1.6928762,-1.2748752,-1.1910176,0.14721115,-4.97071,-1.4702661,0.579099,-4.2613997,0.6647852,-0.64102626,2.3662307,104
3.907371,0.62755007,-2.63349,2.7579741,-0.4052792,-1.3146999,-1.5320175,-1.3499206,0.42660192,-5.5295167,-1.3108407,0.6503285,-4.188753,0.5221486,-0.77556574,2.3161633,104
3.2246907,1.700834,-2.545585,1.5817324,-1.3997029,-1.3345499,-1.2196078,-1.6981356,1.8439155,-6.2143197,-1.3311114,0.09286483,-4.2292724,-0.12907167,-1.0678561,2.4821982,13
3.724293,-0.53908336,-2.0232613,1.6339692,0.4824442,-1.4878283,-1.0422988,-1.0047604,-0.2269034,-3.6678307,-1.6693659,0.57574344,-4.2141476,0.9335899,-0.9180427,2.0887558,79
0.31511396,1.1985648,-1.1087942,0.72629905,-0.15025148,-0.9856187,-1.6117585,0.7717227,-0.08008985,-1.8831723,-0.47595346,-0.9310992,-1.2553694,0.10053004,0.36400628,1.5243257,84
3.8685007,0.47472635,-2.2921233,2.8769941,-0.4672378,-1.0969993,-1.1739433,-1.0704188,0.42290938,-5.053212,-1.4405652,0.5994964,-4.087862,0.45074648,-0.45812744,2.551814,104
2.9368482,1.8478597,-2.466035,1.5780225,-1.4073755,-1.2761992,-1.3764687,-1.8548281,1.7945058,-5.9762588,-1.1837329,-0.10364947,-3.6906826,-0.14367397,-1.2636034,2.3249204,13
0.63393617,1.6250411,-1.6679097,2.0939226,-0.3350667,-0.80942,-1.3868151,-0.48726946,0.7040876,-3.453456,-0.11199637,-0.76700276,-0.88924676,-0.33101064,-1.0445988,1.9109987,84
3.2626088,1.6207709,-2.365921,1.6532017,-1.3028846,-1.177974,-1.1734877,-1.5858017,1.6573687,-5.7892547,-1.3157318,0.053881273,-4.0015597,-0.114751376,-0.9967756,2.4213696,13
2.7352183,1.8967737,-2.3967366,1.7407562,-1.4215198,-1.1371589,-1.4406285,-1.8992941,1.6161994,-5.6010747,-0.98460346,-0.21976916,-3.1656516,-0.19186413,-1.2954044,2.1737866,13
0.32480413,1.2569629,-1.12857,0.68928766,-0.19882905,-0.9567957,-1.6522255,0.66760707,-0.073972836,-1.8664738,-0.43797392,-0.9610694,-1.1893259,0.096179456,0.26152983,1.4701911,84
0.6788696,1.5593616,-1.4574363,1.8819791,-0.33354405,-0.8275891,-1.2336423,-0.39251226,0.6898605,-3.055527,-0.13624191,-0.7995677,-0.9584111,-0.24483755,-0.70576346,1.9091917,84
4.0594893,-0.37886113,-2.7978263,2.7595963,0.5139029,-1.9794865,-1.0298382,-0.80050117,0.12739716,-5.167493,-1.686046,0.71409005,-4.7623086,0.844472,-0.38390917,2.56039,79
3.5011134,1.7922791,-2.6265106,1.347934,-1.3445878,-1.2520216,-1.202359,-1.4572711,2.090032,-6.582663,-1.364686,0.23631729,-4.589443,-0.09564688,-0.94284904,2.442509,19
4.1730976,0.538248,-3.0959249,3.117072,-0.09086183,-1.6438748,-1.3574727,-1.1965595,0.4753723,-6.0217795,-1.3220371,0.53146,-4.549503,0.354327,-0.42914206,2.6844666,104
2.629025,1.9319705,-2.4156804,1.3160626,-1.3035998,-1.285067,-1.4231968,-1.8995807,1.8709275,-5.744975,-1.0730326,-0.21145163,-3.315294,-0.10207273,-1.429496,2.133055,13
3.9354658,-0.15205331,-2.6527326,2.8117695,0.21826395,-1.7031971,-1.1579652,-1.041261,0.12939948,-5.020508,-1.5301057,0.61345834,-4.417971,0.6855119,-0.44604844,2.4895895,104
3.8581948,0.394999,-2.5866368,2.7719054,-0.32016498,-1.2557387,-1.4322155,-1.2543794,0.34669292,-5.324678,-1.3900157,0.7281527,-4.2202916,0.5947343,-0.64695996,2.3507552,104
3.2012637,1.7510448,-2.6176856,1.6707808,-1.4156508,-1.3491331,-1.21279,-1.7359904,1.911069,-6.3760986,-1.3009661,0.1163861,-4.197766,-0.10599679,-1.0182137,2.450337,13
3.9245453,-0.4303724,-2.213858,2.0818348,0.5161724,-1.7014718,-0.9426969,-0.86607355,-0.0018057674,-4.1929126,-1.7087638,0.5626084,-4.401797,0.8952084,-0.62416184,2.3074977,79
0.50545084,1.1486697,-1.2208232,0.95036864,-0.058195777,-1.1103776,-1.4749651,0.9169848,-0.07266672,-2.0122933,-0.5843859,-0.8981112,-1.4043387,0.18968844,0.46880567,1.7062712,84
4.2506156,0.46879753,-2.4821746,2.7955446,-0.7089412,-1.301807,-0.7372649,-1.2764987,0.6332991,-5.5316358,-1.5344851,0.6817494,-4.771045,0.35372448,-0.076827794,2.8892395,104
2.9585972,1.8645785,-2.5121646,1.6626157,-1.4343666,-1.2358881,-1.3153412,-1.8039014,1.8293825,-6.0340505,-1.1506747,-0.054930493,-3.69675,-0.13342236,-1.1670017,2.3084142,13
0.8857884,1.6925946,-1.5807244,2.1641235,-0.50742966,-0.7851255,-1.2025571,-0.7371482,0.86256146,-3.4278803,-0.073628604,-0.7528649,-0.9861235,-0.34797135,-0.8507617,1.9944223,84
3.3044314,1.3675853,-1.610461,1.2894645,-1.2746148,-1.2905111,-0.4727253,-1.3035429,2.1948042,-5.0383034,-1.5485685,0.045827493,-4.184861,-0.21008496,-0.4128822,2.6019614,13
2.6477456,1.8261946,-2.3254457,1.8441159,-1.47304,-1.0540366,-1.3696122,-1.8131418,1.6155894,-5.5498652,-0.97604334,-0.16472995,-3.12135,-0.19002736,-1.1754367,2.1670914,13
0.4768927,1.2019715,-1.2375464,0.9280629,-0.09364901,-1.0887574,-1.5044954,0.86796147,-0.08475004,-2.0019205,-0.53907347,-0.93426955,-1.3424464,0.18056917,0.4065264,1.6650288,84
0.9601329,1.6590048,-1.6046144,2.0642738,-0.34025562,-0.8334024,-1.0953455,-0.48179913,0.75299704,-3.3187237,-0.065051794,-0.7376782,-1.0733631,-0.18848428,-0.6063503,2.003476,84
3.870565,-0.5765682,-2.7237895,2.5749302,0.4592686,-1.882442,-1.1246831,-0.99713254,-0.059079453,-4.8345246,-1.7880086,0.76411134,-4.726343,0.78222245,-0.4404796,2.5165844,79
3.4981256,1.7096938,-2.4775262,1.2791809,-1.3442596,-1.1914371,-1.0589987,-1.3748902,2.1642158,-6.417484,-1.4310234,0.21261843,-4.6460533,-0.10736777,-0.8365045,2.4923925,19
4.05766,0.24816883,-3.1772768,3.0602999,0.014598995,-1.6114336,-1.3323789,-1.2141515,0.26687875,-5.815455,-1.3802109,0.5851653,-4.6042867,0.41492593,-0.3896755,2.6954808,104
2.6356514,1.9132054,-2.345993,1.2606246,-1.3199394,-1.2283316,-1.2957962,-1.8257031,1.9296763,-5.617698,-1.0780022,-0.18945612,-3.3069668,-0.0756955,-1.3395898,2.1118371,13
3.739307,-0.402359,-2.6443896,2.57123,0.24532306,-1.6238616,-1.2204306,-1.1753004,-0.10469733,-4.695473,-1.6417673,0.67265683,-4.445032,0.68402106,-0.5104075,2.445204,79
3.7355466,0.057609014,-2.292904,2.7842708,-0.39126462,-1.4544535,-0.9649641,-1.433131,0.23587829,-5.075188,-1.3604537,0.72413695,-4.3184304,0.68832046,-0.28166258,2.467872,104
3.0648606,1.8332074,-2.6688678,1.9521545,-1.4964455,-1.274522,-1.2552328,-1.7687967,1.8229597,-6.4298754,-1.1551524,0.08775307,-3.9389465,-0.11070643,-0.9780122,2.4052713,13
4.111731,-0.57842314,-2.4203217,2.2623358,0.63408375,-1.7868444,-0.83555776,-0.697118,0.045123547,-4.4634156,-1.7739162,0.6656579,-4.753001,0.92820984,-0.381509,2.451038,79
0.6242444,1.116851,-1.2722994,1.2181588,-0.13776396,-1.1037718,-1.2860706,0.8207158,0.10055172,-2.342575,-0.49275008,-0.81761247,-1.5577891,0.16839465,0.6270013,1.8251538,84
4.157517,1.1036048,-3.1933708,3.4053311,-1.2044673,-1.1885369,-1.22556,-1.6483172,0.6558463,-7.096701,-1.1678162,0.80780673,-4.897056,0.066967234,-0.13431163,3.0392485,104
2.795601,1.8898145,-2.4408295,1.9032184,-1.5882977,-1.1272707,-1.2787056,-1.7843821,1.8068452,-6.0409603,-1.0900996,-0.079291135,-3.5267193,-0.16942137,-1.0758574,2.3327277,13
1.1436146,1.774977,-1.7465416,2.3926244,-0.5879612,-0.7579409,-1.0851948,-0.85897094,0.88423926,-3.7829964,0.016829342,-0.6551565,-1.1264597,-0.31713045,-0.68854994,2.0642624,84
3.4049733,1.5472479,-1.6734623,1.3140346,-1.4468203,-1.3066303,-0.38371813,-1.3044978,2.295414,-5.323119,-1.5224661,0.03188403,-4.3952827,-0.308258,-0.29890108,2.7405632,13
3.0090375,1.7037574,-1.9632272,1.5699214,-1.613789,-1.1454451,-0.7237196,-1.6279192,2.035092,-5.2509108,-1.2047698,-0.17278993,-3.6442432,-0.37123314,-0.64427775,2.4580195,13
0.5270254,1.1468178,-1.3166757,1.2048427,-0.16936761,-1.0792212,-1.3126578,0.8076502,0.060316965,-2.3530836,-0.44386503,-0.8451841,-1.4954069,0.14897385,0.5704618,1.795588,84
1.1335427,1.7105982,-1.7181491,2.2856345,-0.4378575,-0.7135756,-1.0580249,-0.64787513,0.73619294,-3.6699727,0.04709208,-0.58135396,-1.1289035,-0.22269571,-0.556054,1.9869665,84
3.3018813,-1.0319855,-2.5122805,1.9668165,0.6077043,-1.8223513,-1.1303331,-0.9878911,-0.3850968,-4.0918245,-1.957979,0.8691102,-4.5853314,0.87115216,-0.53638834,2.3110826,79
3.4399018,1.7421418,-2.4492064,1.4340891,-1.4837589,-1.1067837,-1.0369865,-1.3902948,2.1656015,-6.4573255,-1.4318469,0.20276137,-4.617418,-0.16280168,-0.7843365,2.5461721,13
3.5994775,-0.0100021865,-2.6752033,2.7406168,-0.15372199,-1.630058,-0.9020414,-1.5040476,0.13869536,-5.006301,-1.23596,0.557205,-4.1838965,0.48693615,-0.22083354,2.5219843,104
2.5630038,1.8663889,-2.209139,1.33063,-1.4167389,-1.1281462,-1.1760678,-1.7455305,1.972647,-5.500515,-1.084744,-0.1619278,-3.2583892,-0.10202603,-1.2026019,2.121542,13
3.2516758,-0.9428419,-2.0515192,2.2532978,0.2855372,-1.7272745,-0.6307046,-1.2730291,-0.24304609,-3.7752526,-1.5607138,0.6659575,-4.2009697,0.8499402,-0.16447042,2.398688,79
3.6328654,0.12922853,-2.8171186,3.0162582,-0.54393154,-1.2969592,-1.0735285,-1.6112462,0.15788089,-5.748625,-1.128523,0.8089863,-4.483453,0.53529567,-0.14093424,2.6446831,104
3.3732295,1.7205853,-2.120894,1.5878242,-1.5313215,-1.3790241,-0.6247506,-1.5611556,2.1309981,-5.6481977,-1.4000537,-0.075760745,-4.17346,-0.23576948,-0.5575243,2.64618,13
4.0733128,-0.74058706,-2.6209195,2.3471704,0.61704767,-1.7800641,-0.9107501,-0.77461016,-0.061919197,-4.6138153,-1.7949038,0.7777083,-4.965016,0.8743253,-0.31294632,2.510697,79
0.5338929,1.0824887,-1.2860733,1.1938661,-0.17406859,-1.0450172,-1.1909881,0.9110093,0.047707587,-2.309711,-0.42005503,-0.8644269,-1.5350281,0.18641582,0.81599844,1.8347869,84
4.001017,1.0611777,-3.2705903,3.3876386,-1.2010998,-1.0743371,-1.1736372,-1.6633192,0.34355098,-6.9199004,-1.0139244,0.77661437,-4.6600633,0.12857388,-0.19721171,2.9979208,104
3.1288538,1.7779,-1.9389604,1.5836498,-1.7021075,-1.2464175,-0.63943076,-1.6079968,2.2194452,-5.5182705,-1.3556722,-0.15745649,-3.9319744,-0.32413566,-0.5996736,2.6160963,13
1.2391859,1.8061967,-1.9397538,2.6693897,-0.7550293,-0.6093273,-1.2214909,-1.0664527,0.77712137,-4.2992973,0.13836679,-0.42491078,-1.2026563,-0.38290125,-0.62374926,1.9976108,84
3.2627203,1.7082837,-1.9204186,1.4065953,-1.5133259,-1.1960902,-0.5606754,-1.4380436,2.0403872,-5.4279394,-1.2439506,-0.029416025,-4.1540112,-0.37599364,-0.39415282,2.6743414,13
2.9660742,1.9001969,-2.1181939,1.8431586,-1.9263402,-1.0592196,-0.79227394,-1.7177213,2.065795,-5.844983,-1.1258235,-0.12281062,-3.7947152,-0.4842563,-0.5781971,2.6019952,13
0.40485823,1.1020018,-1.3054646,1.1156052,-0.21524285,-1.0060768,-1.2436588,0.8333542,0.042749003,-2.2925305,-0.359777,-0.8626105,-1.4382979,0.15898204,0.70274085,1.747122,84
1.1545889,1.8830305,-2.019327,2.6386766,-0.85617244,-0.44930318,-1.4096816,-1.2207148,0.71328235,-4.472351,0.24100739,-0.3572526,-1.0729178,-0.4293149,-0.73736227,1.8649575,84
2.8519473,-1.5433215,-2.0446239,1.8311728,0.64855504,-1.8718326,-0.54057384,-1.1537995,-0.5640776,-3.3701103,-1.6558512,0.9133799,-4.299696,1.0902905,-0.12094183,2.2251709,79
3.3710916,1.4807466,-1.761999,1.2433034,-1.5275549,-1.308922,-0.430573,-1.341355,2.5878248,-5.8072405,-1.5977552,0.15714665,-4.692128,-0.23893796,-0.29211718,2.73657,17
3.3196151,0.026105985,-3.00279,2.671638,-0.31800908,-1.4433603,-1.1531191,-1.7910868,-0.19078319,-5.2441936,-1.0364516,0.6873667,-4.075866,0.47009498,-0.4258629,2.398397,79
2.9015071,1.688716,-1.892599,1.129111,-1.5828756,-1.1448728,-0.56180805,-1.4979153,2.3195925,-5.2417464,-1.3552715,-0.13591519,-3.778993,-0.24021128,-0.71747285,2.3871562,13
3.0002098,-1.0833359,-2.323964,2.1520004,0.23370227,-1.550036,-0.5677731,-1.3686185,-0.52240753,-3.9140055,-1.3246847,0.86183476,-4.1750956,0.971639,-0.12201781,2.2653975,79
3.5891871,0.02436849,-3.0517359,3.1694112,-0.7005249,-1.1007295,-1.0579954,-1.6706315,-0.19472201,-6.1065507,-0.9565073,1.1058087,-4.6670775,0.526445,-0.060027115,2.5867846,18
3.2671444,1.6766655,-1.9366908,1.3101798,-1.5780771,-1.2602544,-0.3917582,-1.4405196,2.1588986,-5.3350906,-1.3467498,-0.10618806,-4.145491,-0.2786591,-0.40445197,2.6594987,13
3.5760834,-1.0653028,-2.5275674,2.115152,0.6330856,-1.7354785,-0.99895173,-0.879688,-0.32209373,-4.157766,-1.8520597,0.8650942,-4.7805305,0.88568443,-0.39116168,2.3821592,79
0.40668893,1.0807978,-1.3219817,0.9594337,-0.22887099,-0.9579908,-1.293865,0.8834625,-0.05651535,-2.2108169,-0.3645385,-0.85546845,-1.4593325,0.16356981,0.84986943,1.6807458,84
3.8320475,0.8682533,-3.069822,3.063683,-0.93021834,-1.0633699,-1.0330806,-1.4685247,0.2060395,-6.1747756,-1.0495716,0.6637078,-4.3250504,0.21859705,-0.2682618,2.9116306,104
3.0738924,1.925318,-2.060208,1.5942667,-1.8804045,-1.1787131,-0.61539507,-1.6169498,2.2188222,-5.766926,-1.2520761,-0.18693134,-3.9955926,-0.41762394,-0.54988396,2.6998153,13
1.2713721,1.9558058,-2.284446,2.9714942,-1.1652653,-0.3959505,-1.6755188,-1.605545,0.73785233,-5.1484075,0.28649032,-0.16701564,-1.2592349,-0.58115494,-0.7237588,1.8964573,84
3.229787,1.7604177,-2.343003,1.4236306,-1.5049784,-1.1837882,-0.7527286,-1.5841587,1.8366526,-5.733051,-0.96269834,0.014307991,-4.184902,-0.43033293,-0.44718325,2.6517885,13
2.817203,1.8604555,-2.1609917,1.7510754,-1.8941443,-1.0552008,-0.8322274,-1.7457097,2.0084832,-5.820057,-0.9900408,-0.12042589,-3.7615976,-0.5507115,-0.5487334,2.599377,13
0.2601372,1.141588,-1.3737789,0.83636034,-0.26535732,-0.9742802,-1.4251702,0.80833584,-0.054366037,-2.2140226,-0.32920158,-0.8700897,-1.3788769,0.14150272,0.73247296,1.5962726,84
0.95000297,1.870955,-2.0969539,2.3801327,-1.1217712,-0.25863814,-1.5548606,-1.6042073,0.64326483,-4.3064404,0.28752667,-0.34489802,-0.7892003,-0.52172494,-0.9423,1.6744149,84
2.8436267,-1.6176518,-2.357175,1.9919628,0.43263587,-1.6469107,-0.43315983,-1.2270654,-0.8423147,-3.85503,-1.4302055,1.2230558,-4.538637,1.2056129,-0.010534361,2.1564631,79
3.292343,1.6395186,-1.8671136,1.274798,-1.6687392,-1.3039345,-0.4033707,-1.4143606,2.4927554,-5.8343472,-1.4129463,0.022678643,-4.579159,-0.29460412,-0.2794311,2.7596505,17
3.2456152,0.017187435,-3.2664444,2.8103266,-0.542489,-1.2444214,-1.2378242,-1.9742725,-0.52087456,-5.5887203,-0.88469875,0.9207704,-4.1309876,0.5246207,-0.49301663,2.3219848,79
2.7814913,1.5279918,-1.5010037,0.91083705,-1.6614528,-1.1027565,-0.26684988,-1.371197,2.5065496,-4.953793,-1.4463948,-0.10960666,-3.884209,-0.29754573,-0.4983094,2.462192,63
3.0357692,-1.0764138,-2.6039245,2.4249196,0.0121794045,-1.3525606,-0.62721515,-1.4717991,-0.8482765,-4.3308997,-1.2397258,1.0846417,-4.290005,0.99521905,-0.1592309,2.2623549,79
3.3987243,-0.28021398,-2.7905283,3.0525198,-0.5913478,-0.9992946,-0.90623015,-1.5087667,-0.4043789,-5.574496,-1.0340728,1.1372932,-4.5003204,0.61967206,-0.05042222,2.5499165,18
3.221587,1.6283245,-2.2742295,1.4208918,-1.5918955,-1.2122046,-0.5668049,-1.6063737,1.9162678,-5.629589,-1.1123843,0.02161868,-4.2268567,-0.3907827,-0.33020115,2.6604943,13
2.8781674,-1.7539084,-1.7450674,1.6746222,0.87380886,-1.9366145,-0.4669163,-0.7397483,-0.33042765,-2.9370506,-1.857736,0.936141,-4.4596033,1.1501648,-0.06411635,2.2585847,79
0.20535226,1.0818869,-1.4204204,0.7869693,-0.27508122,-0.9616226,-1.3514948,0.70669264,-0.09610288,-2.102091,-0.3486764,-0.86516637,-1.27729,0.1320613,0.7054042,1.5815542,84
3.488467,0.909558,-2.9471815,2.5443463,-0.8893442,-1.0695096,-1.0992482,-1.6505734,0.19308078,-5.497927,-1.0282583,0.48196584,-3.7825243,0.28645828,-0.59309953,2.6289697,104
2.8991764,1.9545324,-2.3030252,1.5816251,-1.8186166,-1.098133,-0.91250837,-1.8159125,2.018999,-5.9247975,-0.94963706,-0.096196,-3.8588812,-0.5114778,-0.6156857,2.5624704,13
1.1265396,1.9870204,-2.4412699,2.7132902,-1.3031707,-0.32854268,-1.7809587,-1.8493803,0.7620106,-5.1110353,0.30316734,-0.20730938,-1.0949954,-0.6337243,-0.8868318,1.8001745,84
3.3325737,1.7252678,-2.7915359,1.4126241,-1.4205174,-1.4967163,-0.8357565,-1.6198325,1.8175299,-6.006101,-1.0032964,-0.029475078,-4.2822804,-0.34098217,-0.48584098,2.6867113,104
2.6784315,1.821151,-2.2628756,1.4413755,-1.7468783,-1.0234256,-0.7644046,-1.708391,1.8848436,-5.429932,-0.75751173,-0.28145233,-3.488697,-0.487652,-0.60148966,2.4774039,13
0.12289159,1.117768,-1.4329357,0.7344029,-0.31097907,-0.9583549,-1.4501538,0.67759573,-0.064788744,-2.1916823,-0.34982175,-0.82903683,-1.2855728,0.11524275,0.631809,1.5408425,84
0.91412073,1.8228965,-2.0790153,2.0470972,-1.1318513,-0.29373753,-1.5530896,-1.6851412,0.6228478,-3.884497,0.18970823,-0.45142704,-0.660511,-0.4977436,-1.1484108,1.6136483,84
2.7641628,-1.6800812,-2.3210852,2.0899053,0.33651516,-1.5111197,-0.43800202,-1.2183881,-1.0801959,-3.8009648,-1.5479541,1.2625829,-4.4175277,1.21228,-0.10444312,2.1604064,79
3.2301035,1.8217243,-2.1201189,1.304921,-1.7041296,-1.3318726,-0.5881412,-1.523799,2.3269732,-5.9684076,-1.1700922,-0.08881149,-4.4363184,-0.3194696,-0.393204,2.7345626,13
2.9684973,-0.13877885,-2.947727,2.4829526,-0.49436846,-1.0896875,-1.1197708,-1.8832841,-0.61556613,-4.9911594,-0.99384534,0.8880073,-3.8043716,0.60467,-0.61505735,2.2130954,79
2.5607953,1.5991551,-1.551431,0.80602336,-1.7401506,-1.0562817,-0.30515128,-1.4856144,2.4431825,-4.9054637,-1.2852044,-0.21581614,-3.7404552,-0.3851365,-0.55355275,2.475857,63
2.7994561,-1.2123728,-2.4488652,2.1839156,0.081579134,-1.2551804,-0.47983935,-1.3661951,-0.9318663,-4.0853896,-1.2678742,1.1752009,-4.1117334,1.1137776,-0.15837134,2.1178606,79
3.0113816,-0.39687145,-2.7437422,2.962071,-0.46431005,-0.9919019,-0.87672985,-1.5657786,-0.4801107,-5.224513,-0.8703555,1.1975693,-4.060532,0.7210149,-0.033528768,2.3190448,18
3.3162937,1.5917504,-2.738144,1.2992018,-1.4917756,-1.4041717,-0.7069108,-1.6770967,1.7862785,-5.9268637,-1.0814667,0.11233194,-4.4649057,-0.3632448,-0.39294425,2.6902037,104
2.7248652,-2.0365381,-1.7620354,1.3441144,0.91871166,-1.7840571,-0.08738669,-0.8230424,-0.7423868,-2.5335145,-1.649032,0.9540441,-4.3569646,1.3930941,-0.011240341,2.1095707,79
0.0999323,1.0868988,-1.4290024,0.47104114,-0.323111,-0.88624173,-1.454154,0.62052774,-0.21311893,-1.8386548,-0.3362658,-0.8535298,-1.1656376,0.17021835,0.63831985,1.4231225,84
3.2895057,0.8926275,-2.8359053,2.3212996,-0.90952826,-1.0943505,-1.1217341,-1.7074667,0.21223137,-5.174896,-1.0596359,0.39686817,-3.5483496,0.33498916,-0.75084305,2.5021722,104
2.9289088,1.9013599,-2.5839083,1.3506274,-1.7212503,-1.2263775,-0.8515605,-1.7215079,1.9896077,-5.9345446,-0.9119529,-0.16051063,-3.945309,-0.49020374,-0.6036374,2.605413,13
1.1455915,2.0131958,-2.4903212,2.406022,-1.3008043,-0.36860928,-1.7645555,-1.929851,0.8061966,-4.821161,0.25225562,-0.34470448,-1.0028363,-0.6210722,-1.0602268,1.7583436,84
3.6858425,1.9807127,-3.284634,1.3730539,-1.3999068,-1.7606052,-1.1531565,-1.778394,1.9406704,-6.7231126,-1.1128829,-0.007165283,-4.657265,-0.24267225,-0.72251284,2.751636,104
2.572942,1.7309492,-2.4213803,1.155114,-1.559746,-1.1800222,-0.6740133,-1.6547593,1.8149207,-4.9632707,-0.72983086,-0.5368264,-3.1390343,-0.357427,-0.68816096,2.4012058,13
0.05853644,1.1143901,-1.4434241,0.43853694,-0.3461851,-0.8719437,-1.496995,0.6539859,-0.17904706,-1.9092741,-0.35427725,-0.85249776,-1.1855931,0.13051516,0.6288553,1.4309236,84
0.93662137,1.7953143,-2.1101904,1.8328563,-1.1400007,-0.36558357,-1.5623784,-1.7628025,0.62266916,-3.6431453,0.066637725,-0.5554844,-0.63031054,-0.47612864,-1.3137903,1.6505731,81
2.5427938,-1.807293,-2.3904028,1.922171,0.449645,-1.4739515,-0.30894333,-1.2766497,-1.1097032,-3.9144902,-1.3907931,1.4782451,-4.3590627,1.3281965,0.00799486,1.9434605,79
3.0997665,2.0525606,-2.6501875,1.2329774,-1.7100939,-1.3750496,-0.8278735,-1.6836425,2.191229,-6.2243958,-0.8839106,-0.27539986,-4.22086,-0.40842712,-0.5979178,2.7016478,13
2.5237248,-0.09586601,-2.8541965,2.3577886,-0.46324086,-1.0238045,-1.0759993,-1.8847651,-0.6653943,-4.516965,-0.81904906,0.8176459,-3.1847227,0.6168453,-0.6608457,1.9950244,79
2.477919,1.5815784,-1.6576971,0.72130513,-1.6479975,-1.0231389,-0.3219274,-1.4430976,2.31668,-4.7586746,-1.083823,-0.28560102,-3.571135,-0.35520858,-0.572018,2.4159076,63
2.3844705,-1.1664087,-2.3991177,2.1526036,0.100075066,-1.2531943,-0.5322734,-1.4972998,-0.92079616,-3.891191,-1.0775492,1.1766704,-3.650023,1.0834422,-0.18533391,1.9140183,79
2.9179933,-0.38115,-2.6796546,2.6133575,-0.43016696,-1.1554538,-0.84995896,-1.6041142,-0.37360322,-4.9482822,-0.93693715,1.122986,-3.9842632,0.79924035,-0.16267745,2.21114,18
3.3776367,1.671033,-2.9654517,1.3098073,-1.3536758,-1.6206878,-0.91433424,-1.8186789,1.7005757,-5.9996624,-1.0484467,0.007880449,-4.301686,-0.26146856,-0.58141005,2.5864773,104
2.6777573,-1.9043528,-2.07136,1.5269594,0.7000077,-1.5706917,-0.33253658,-1.050006,-0.9732157,-3.2044861,-1.5615995,1.2253677,-4.38734,1.4466839,-0.20207724,1.9940484,79
0.016945824,1.2500182,-1.4413582,0.40140182,-0.38290572,-0.7924301,-1.5549142,0.51382935,-0.20600371,-1.8144157,-0.28311944,-0.92506695,-1.0193866,0.16523105,0.49731195,1.4254903,84
3.0759966,0.9197984,-2.7708476,2.1048236,-0.97120106,-1.075222,-1.1706192,-1.7338715,0.2931478,-4.9585967,-1.0647702,0.3382867,-3.3515668,0.26756182,-0.8597638,2.4005075,1
3.1243384,1.9162084,-2.9134402,1.2756637,-1.516747,-1.5205883,-0.9476808,-1.7779621,1.9441592,-5.9973264,-0.93564695,-0.24134041,-3.9232168,-0.28718638,-0.72747165,2.51573,19
1.1658762,1.981038,-2.4854496,2.1864595,-1.2941014,-0.42469978,-1.7612183,-1.980521,0.817278,-4.5362473,0.13955513,-0.45283937,-0.9517835,-0.59957284,-1.2039001,1.7963393,13
3.8128898,2.0315578,-3.351795,1.4829535,-1.4252692,-1.7121472,-1.1946471,-1.6994115,2.0535486,-6.963201,-1.147618,-0.04015784,-4.726578,-0.26192945,-0.7231442,2.8073542,19
2.943519,1.8946968,-2.7561035,1.1811937,-1.513899,-1.3719949,-0.7415685,-1.5960505,1.9760646,-5.464526,-0.8628002,-0.5718922,-3.4794865,-0.27365223,-0.7365414,2.5760818,13
0.011892855,1.3097285,-1.5023285,0.35678655,-0.39159727,-0.8277924,-1.6151392,0.54791415,-0.14463057,-1.8946126,-0.3350008,-0.96677756,-1.042675,0.12363605,0.46808475,1.4493086,84
1.0253973,1.8303376,-2.1908352,1.905043,-1.1838808,-0.4051823,-1.6695883,-1.8667742,0.710137,-3.8973932,0.03942719,-0.5208626,-0.74929416,-0.470273,-1.3484242,1.6969155,13
2.079783,-1.6133157,-2.1479714,1.7771996,0.4334226,-1.572821,-0.33888054,-1.3412215,-0.93945885,-3.4669583,-1.2665726,1.2564646,-3.7966313,1.258035,-0.13611192,1.8441737,79
3.1506011,2.199979,-3.0436597,1.2799534,-1.6785005,-1.5544629,-0.9122017,-1.6602358,2.271171,-6.5231586,-0.88188124,-0.45806742,-4.1399784,-0.42788073,-0.66964084,2.7696528,19
2.4079852,-0.045251653,-2.8155832,2.1591682,-0.4616088,-1.1610154,-1.0608376,-1.8935769,-0.5340349,-4.401713,-0.86341363,0.74696636,-3.1084762,0.62019706,-0.7446694,1.9456558,79
2.3798106,1.4999399,-1.8859255,0.49602616,-1.4921252,-1.0781714,-0.20096925,-1.3084184,2.1966164,-4.300338,-0.911524,-0.58562595,-3.1969175,-0.2992068,-0.59645057,2.3389604,63
2.1793904,-0.9431712,-2.2954106,1.9356936,0.0425874,-1.357477,-0.5404997,-1.482438,-0.7254151,-3.6696923,-1.1087096,0.9658792,-3.3740032,1.022661,-0.34973338,1.8974209,79
2.7374067,-0.38047022,-2.6009743,2.434248,-0.3566806,-1.2789891,-0.8484502,-1.5565742,-0.32220715,-4.7387576,-0.99138343,1.045994,-3.8041956,0.76875156,-0.23848021,2.1474164,18
3.3832073,1.5390205,-2.9129615,1.2930237,-1.1798903,-1.6339219,-0.89385253,-1.7653028,1.6633445,-5.8388906,-1.0491318,-0.0096488595,-4.2032714,-0.16509053,-0.57646614,2.5572891,104
2.5362604,-1.773789,-2.2093127,1.3998461,0.62684023,-1.2822862,-0.37827235,-1.0751579,-1.0701787,-3.4527545,-1.4295589,1.3490937,-4.2018986,1.4841502,-0.32741374,1.7866445,79
-0.012975112,1.3282588,-1.4215052,0.25823772,-0.4295473,-0.7551349,-1.6387591,0.3451331,-0.17372324,-1.6935647,-0.27335382,-0.98219675,-0.8956974,0.16200605,0.3197629,1.351945,84
2.8830287,0.96328914,-2.7339993,2.0062447,-1.0001853,-0.9975671,-1.185703,-1.726127,0.36072338,-4.8520894,-0.983645,0.22730793,-3.08519,0.19358733,-0.9101637,2.2708066,1
3.27389,1.9348314,-3.097294,1.3364623,-1.4022326,-1.5342455,-1.0150082,-1.746472,1.9283457,-6.2031355,-0.9136676,-0.23124653,-3.9824166,-0.24569243,-0.7406047,2.5360138,19
1.211705,1.9971938,-2.4407902,2.0974193,-1.3434563,-0.44728366,-1.7914877,-2.0194821,0.91007453,-4.4773855,0.07299891,-0.5034474,-0.9732513,-0.57759166,-1.2919385,1.8093035,13
3.7102804,1.7623298,-3.130409,1.4019628,-1.3073785,-1.5762635,-1.0912099,-1.5438187,2.0113206,-6.4245987,-1.2397962,-0.06351884,-4.5106125,-0.29236165,-0.7212871,2.7361448,19
3.020648,1.8728995,-2.93825,1.4052275,-1.5023052,-1.3254777,-0.8389783,-1.6173855,1.8818394,-5.6365576,-0.83692163,-0.5442358,-3.4758036,-0.33538452,-0.740442,2.627038,13
-0.015064627,1.4093875,-1.4856948,0.24780118,-0.45161423,-0.76670516,-1.6996627,0.40351713,-0.09991269,-1.7958431,-0.328708,-1.040095,-0.91776645,0.10334921,0.28667215,1.4109448,84
1.1005505,1.9084736,-2.2730393,1.920415,-1.1791446,-0.4544426,-1.7409923,-1.9073937,0.8453537,-4.120143,0.057719618,-0.5039796,-0.84260154,-0.4805669,-1.3631248,1.687668,13
1.8952519,-1.4107779,-2.0439372,1.5790942,0.3920417,-1.5213492,-0.3400244,-1.264856,-0.78605926,-3.2759285,-1.2865609,1.0541471,-3.4904537,1.1693733,-0.29420286,1.8293647,79
3.4831526,2.4016576,-3.4318638,1.5198227,-1.7231122,-1.6650598,-1.0741678,-1.7023736,2.4530625,-7.3558373,-0.98368466,-0.39574713,-4.502967,-0.42117402,-0.69009316,2.941179,19
2.247782,0.015431738,-2.7370934,2.0526805,-0.45968994,-1.2512171,-1.0748259,-1.8801718,-0.3629226,-4.412754,-0.8551234,0.688917,-3.0125124,0.55918,-0.7513915,1.9074636,8
2.7368267,1.5170945,-2.2035294,0.32199538,-1.4077727,-1.3589942,-0.13418037,-1.1945589,2.356699,-4.511854,-1.15153,-0.6597127,-3.5249898,-0.12137976,-0.6538704,2.4634745,63
1.9698194,-0.8142002,-2.2297204,1.802503,0.05682157,-1.3916705,-0.58577,-1.4391874,-0.6164283,-3.5617964,-1.1058166,0.82938707,-3.1033719,0.92669743,-0.47354695,1.852056,79
2.631229,-0.3111195,-2.58104,2.2348685,-0.31858832,-1.3797389,-0.87928104,-1.5817493,-0.21259572,-4.5763836,-1.0232718,0.854764,-3.6380892,0.663829,-0.36713934,2.1320229,79
3.4475853,1.3966022,-3.0383348,1.0906924,-1.0674008,-1.6794796,-0.86972266,-1.7631733,1.6273828,-5.4976916,-1.1756852,-0.11260873,-4.123821,-0.076521665,-0.718779,2.5334015,104
2.1829982,-1.6496643,-2.0570767,1.446372,0.51995504,-1.1434218,-0.38645104,-1.1243378,-1.1042795,-3.124835,-1.3074172,1.2042078,-3.6303382,1.3439538,-0.41856644,1.698917,79
-0.06859131,1.3957311,-1.3972744,0.16226792,-0.46563256,-0.7199175,-1.6932666,0.2570263,-0.12493412,-1.6075532,-0.27427277,-1.0417595,-0.7813518,0.11234316,0.18265277,1.313526,81
2.7958863,0.8957855,-2.743052,2.102201,-0.9594209,-1.0069262,-1.2168136,-1.726471,0.30227017,-4.911811,-0.94882077,0.238815,-3.0156884,0.16964877,-0.90883785,2.2076986,1
3.2243996,1.8133098,-3.0945516,1.2988818,-1.376156,-1.4187987,-1.032078,-1.7174493,1.8676257,-5.898194,-1.0110795,-0.2870521,-3.802226,-0.27062678,-0.8474871,2.5405247,19
1.2642767,2.0284307,-2.4367545,2.0107927,-1.3437192,-0.46282718,-1.7809546,-2.001625,1.0239681,-4.4777036,0.050641984,-0.5304418,-1.0056758,-0.59444946,-1.3121088,1.7873816,13
3.56144,1.7837235,-3.0977085,1.4622934,-1.3234079,-1.4969186,-1.087121,-1.511534,2.1288056,-6.4518456,-1.1801555,-0.095679484,-4.279962,-0.36797687,-0.68237376,2.6439633,19
2.980749,1.7753068,-2.994233,1.3480492,-1.4992851,-1.2478741,-0.8565456,-1.6515996,1.8980263,-5.5848775,-0.9084759,-0.49987876,-3.4315348,-0.37493572,-0.78719383,2.5795217,13
-0.05727291,1.472106,-1.4604455,0.14658552,-0.48761827,-0.69868803,-1.7394416,0.32703292,-0.07390265,-1.6930082,-0.30155703,-1.0888705,-0.80350316,0.072280034,0.16525522,1.3509641,81
1.1299103,1.909121,-2.293508,2.1388893,-1.1577116,-0.5156531,-1.7559669,-1.874276,0.8755941,-4.322419,0.057534367,-0.49216235,-0.91369146,-0.54840505,-1.2815211,1.7741829,13
1.8486449,-1.2461573,-2.1396983,1.3883191,0.40655288,-1.522618,-0.43857512,-1.3057296,-0.6793384,-3.308075,-1.2654039,0.90977657,-3.3286061,1.0710788,-0.476546,1.7673117,79
3.713494,2.3645046,-3.7448678,1.495611,-1.6519152,-1.6833485,-1.1295608,-1.7339323,2.4903374,-7.533536,-1.0286187,-0.3252778,-4.676978,-0.45116034,-0.72281235,2.9167929,19
2.176403,0.046538897,-2.7414799,1.9684027,-0.41626784,-1.3091154,-1.1304516,-1.9231896,-0.282629,-4.394976,-0.8401144,0.5685822,-2.9245899,0.45663792,-0.82308364,1.9010788,8
3.1455665,1.7603767,-2.6668289,0.44308197,-1.4521862,-1.5356731,-0.31650934,-1.2801095,2.5816557,-5.2791123,-1.2436965,-0.6509028,-3.935957,-0.13815078,-0.7092322,2.6204848,19
1.9324077,-0.6386545,-2.2978814,1.5827454,0.05606003,-1.4420667,-0.66392326,-1.5395845,-0.4639591,-3.5496564,-1.0671244,0.62895197,-2.965858,0.8394202,-0.6588495,1.8031731,79
2.6074126,-0.19611952,-2.5833793,2.006744,-0.3237164,-1.432008,-0.9384033,-1.6961254,-0.06915583,-4.511919,-1.0309238,0.67181265,-3.5596013,0.5706185,-0.5354066,2.1159606,79
3.3686137,1.5312847,-3.1480844,1.1059763,-1.1407266,-1.6290814,-0.951231,-1.8260441,1.7327398,-5.5923953,-1.1461991,-0.25843048,-3.9005697,-0.17556885,-0.7954212,2.5156705,104
1.8579837,-1.3011094,-1.8954152,1.4876713,0.35308596,-1.1694057,-0.49339432,-1.2094485,-0.94739723,-2.9200923,-1.2642841,0.96298015,-3.0991786,1.1728771,-0.5885899,1.707735,72
-0.11980613,1.3917816,-1.3103733,0.14230984,-0.4901279,-0.7082077,-1.6947579,0.18862978,-0.0792314,-1.5293388,-0.28869566,-1.0917013,-0.7100777,0.052437544,0.10325533,1.3097584,81
2.7664814,0.8521102,-2.7366846,2.1081395,-0.9240571,-1.1071303,-1.2315285,-1.7547776,0.3289945,-4.963089,-0.9628474,0.21309416,-3.0483193,0.15212695,-0.9285601,2.1889513,1
3.100794,1.7431698,-3.047941,1.1589408,-1.3668263,-1.3687637,-0.9597816,-1.6899084,1.9751086,-5.725678,-1.0422261,-0.33797735,-3.650639,-0.3269258,-0.8371029,2.4701416,19
1.2819861,1.9615965,-2.412477,2.1663427,-1.3041172,-0.5106889,-1.7497795,-1.9484897,1.0150007,-4.526475,0.045511305,-0.51250684,-1.0467067,-0.6443326,-1.2172661,1.8397319,13
3.4552248,1.8570375,-3.1403413,1.5466051,-1.3668011,-1.4923579,-1.103683,-1.5740153,2.1871939,-6.5595326,-1.1234906,-0.14356162,-4.1330876,-0.4706276,-0.6683038,2.6306593,19
2.7797687,1.6628941,-2.87909,1.2819571,-1.4697131,-1.1710826,-0.76756966,-1.6207094,1.987224,-5.3962636,-0.8899346,-0.48311657,-3.234594,-0.4415608,-0.7119228,2.4641337,13
-0.09862301,1.4529036,-1.3942566,0.14491355,-0.4938207,-0.67978495,-1.7085366,0.25947297,-0.048709318,-1.6052669,-0.29060578,-1.1202499,-0.7180311,0.011862218,0.08715218,1.3327438,81
1.2249542,1.874654,-2.336123,2.4212556,-1.1200745,-0.6147525,-1.7376554,-1.806826,0.8753219,-4.6086235,0.042820185,-0.4580729,-1.1043832,-0.5933028,-1.1791859,1.9005501,13
1.8518509,-0.9455182,-2.2821593,1.118324,0.36601898,-1.5797409,-0.54467726,-1.443545,-0.4708655,-3.3350987,-1.2089355,0.63684535,-3.1504443,0.977269,-0.72056514,1.7245631,79
3.630958,2.1165807,-3.664921,1.507648,-1.5091908,-1.6080132,-1.0684671,-1.6569681,2.4376514,-7.349016,-0.9785955,-0.17294002,-4.5861344,-0.47276485,-0.6128217,2.7269535,19
2.1611464,0.09284507,-2.746364,1.8401128,-0.38005388,-1.3548882,-1.1672374,-1.9713652,-0.1809627,-4.3550444,-0.8303739,0.42159373,-2.8801239,0.3544164,-0.9113376,1.9026214,8
3.2705433,1.7520916,-2.8429015,0.6338277,-1.4269572,-1.4997911,-0.4354674,-1.3206358,2.5594573,-5.4916596,-1.2514496,-0.5781836,-3.989454,-0.2153698,-0.72563046,2.6417694,19
1.8867568,-0.42042464,-2.3558717,1.392594,0.026902199,-1.4476861,-0.7721093,-1.6657482,-0.3302666,-3.5027318,-0.99544275,0.40152544,-2.7681465,0.72222775,-0.8610792,1.7601249,79
2.5552294,-0.07815396,-2.6084585,1.8252536,-0.32071763,-1.4634608,-1.0092015,-1.7922535,0.04144062,-4.4679294,-1.0211507,0.5042193,-3.438689,0.4692784,-0.68899465,2.0992064,79
3.2513201,1.6383233,-3.23217,1.3645991,-1.2595718,-1.5854013,-1.0363613,-1.8774247,1.8119912,-6.0023365,-1.0297782,-0.23317643,-3.8244994,-0.29143345,-0.7170363,2.4981897,19
1.8008417,-1.1112854,-1.891481,1.3506554,0.32775268,-1.2458136,-0.4842456,-1.1971108,-0.7628027,-2.9128513,-1.259258,0.8262124,-2.9791706,1.139576,-0.6752799,1.688994,72
-0.1277168,1.3513192,-1.2337352,0.15283,-0.48165327,-0.71200544,-1.692837,0.17738302,-0.078988984,-1.487324,-0.2837326,-1.0929936,-0.7151768,0.014371887,0.099300906,1.2966703,81
2.6939716,0.8617387,-2.6417139,2.0320625,-0.9116801,-1.0912377,-1.2290213,-1.7452103,0.39063245,-4.8805404,-0.91578263,0.15868218,-2.980497,0.10058282,-0.96698725,2.1193774,1
2.9943535,1.7871321,-3.0477257,1.2207856,-1.3996593,-1.3373199,-0.96252245,-1.7140863,2.0356479,-5.7733083,-0.9822545,-0.37205464,-3.5000665,-0.4061825,-0.8140602,2.4242826,19
1.397183,1.905541,-2.4534903,2.4619784,-1.2462058,-0.61037654,-1.7140658,-1.8673214,0.9778504,-4.773837,0.040611267,-0.47350162,-1.2355665,-0.67541826,-1.1050581,1.9583774,13
3.4865484,1.9136962,-3.2982218,1.5983039,-1.338898,-1.5596336,-1.0526748,-1.6391026,2.238702,-6.769724,-1.044018,-0.14787573,-4.157574,-0.46218213,-0.63008904,2.5868807,19
2.682779,1.6067383,-2.873604,1.4395126,-1.4234973,-1.1923361,-0.7487507,-1.6376003,1.9324657,-5.3777966,-0.80947196,-0.46274626,-3.1100078,-0.5015792,-0.61560696,2.4195187,13
-0.11721498,1.400117,-1.3329489,0.1822936,-0.4669986,-0.6905038,-1.6686485,0.26458952,-0.04430677,-1.571016,-0.29277033,-1.1164274,-0.70505106,-0.044545725,0.07392231,1.3262862,81
1.3265374,1.8397397,-2.3643644,2.5445933,-1.0711504,-0.6805157,-1.6695046,-1.6929818,0.9120438,-4.787043,0.02485004,-0.44043025,-1.282859,-0.61094546,-1.113545,1.9667825,13
1.7786026,-0.73447466,-2.2977297,0.95878875,0.33797994,-1.5624533,-0.6427547,-1.5188317,-0.35368937,-3.256776,-1.138095,0.44131476,-2.9164603,0.87845904,-0.90627885,1.6760335,79
3.4489284,2.018514,-3.6386158,1.2957085,-1.4481585,-1.6498868,-0.9621278,-1.7134649,2.5956702,-7.2251477,-0.94412225,-0.14268158,-4.4659486,-0.4676388,-0.5797802,2.5343125,19
2.15916,0.15946105,-2.7454286,1.7389125,-0.35727036,-1.379181,-1.1946573,-2.0183585,-0.08312319,-4.3214116,-0.79132587,0.30499566,-2.8357806,0.27396238,-0.97657657,1.8912704,8
3.204915,1.6507709,-2.8460648,0.6907624,-1.4052038,-1.4028181,-0.43071187,-1.3272599,2.5320196,-5.3940616,-1.286612,-0.532634,-3.861586,-0.2564456,-0.7366986,2.5946844,19
1.8256177,-0.2951738,-2.3655443,1.2835594,0.03846702,-1.4047168,-0.85575646,-1.7199042,-0.29575837,-3.3979857,-0.91384685,0.27178168,-2.5796144,0.6206903,-0.99897504,1.7145462,8
2.5587418,0.07206524,-2.689411,1.7133523,-0.3074826,-1.5000919,-1.0943003,-1.8437887,0.1371197,-4.489624,-0.96565247,0.37699395,-3.3372333,0.3722731,-0.8157876,2.050411,79
3.2054603,1.6247144,-3.3390112,1.5708363,-1.2323114,-1.6722152,-1.0668045,-1.9142792,1.7888237,-6.324628,-0.9496701,-0.1472109,-3.881458,-0.2994932,-0.6315671,2.488568,19
1.7298938,-1.060876,-1.8715925,1.2895817,0.34921053,-1.2920605,-0.50360036,-1.2436554,-0.69682986,-2.956862,-1.2206299,0.7886897,-2.9404018,1.1132202,-0.7280164,1.6477976,72
-0.099192694,1.3287301,-1.2213229,0.18141472,-0.43643662,-0.72759664,-1.6756668,0.2580266,-0.08847816,-1.4997708,-0.27776638,-1.0801904,-0.75688165,-0.013401985,0.13502339,1.2887733,81
2.6871445,0.8913467,-2.6469347,1.958759,-0.8383014,-1.0475179,-1.2677991,-1.6871722,0.38323918,-4.7706833,-0.7972291,0.15013899,-2.8987577,0.05786495,-1.0297183,1.9863241,1
2.9697042,1.820924,-3.1439629,1.4067379,-1.3962375,-1.4384072,-0.9637826,-1.772969,2.0731375,-6.047093,-0.90975213,-0.32600874,-3.5457444,-0.4487481,-0.71933115,2.4313972,19
1.520233,1.8616813,-2.4867635,2.6281252,-1.1767484,-0.6888093,-1.6382196,-1.7425195,0.9885849,-4.9475336,0.0104884505,-0.45524776,-1.4178882,-0.6956923,-1.02702,2.044422,13
3.6129618,1.8947843,-3.4299402,1.720914,-1.2290195,-1.6686013,-1.0149128,-1.6146325,2.2452807,-6.9037533,-1.0210364,-0.12718512,-4.2697296,-0.42803732,-0.5870676,2.605035,19
2.7907698,1.6561444,-3.0443516,1.6680683,-1.3435737,-1.3622702,-0.7586887,-1.697284,1.9718413,-5.662771,-0.7325579,-0.42045748,-3.2207263,-0.51359427,-0.52635014,2.4382548,13
-0.10121654,1.3374656,-1.2884175,0.25030577,-0.4089494,-0.7067719,-1.6365476,0.363543,-0.089507,-1.5649,-0.2975329,-1.0811672,-0.7514523,-0.07530442,0.12457132,1.3255234,81
1.3770002,1.7834772,-2.3385866,2.633441,-1.0085213,-0.69449437,-1.5770745,-1.5498927,0.92451173,-4.8197827,0.0059580803,-0.4246869,-1.3581326,-0.64409447,-1.0378293,2.0040605,13
1.7514541,-0.63750666,-2.3011045,0.9218805,0.35647252,-1.5027574,-0.71298194,-1.5183195,-0.35005677,-3.1935928,-1.0281478,0.38071144,-2.7743053,0.7932911,-0.98999345,1.6174194,79
3.3254201,1.9649371,-3.6019387,1.225525,-1.3785418,-1.727768,-0.88792706,-1.7713333,2.6499338,-6.987775,-0.93923455,-0.214632,-4.2967033,-0.48436052,-0.5898993,2.4875875,19
2.1772082,0.22598867,-2.7533135,1.7246562,-0.31228602,-1.3538785,-1.2629905,-2.039476,-0.081876114,-4.2776284,-0.6980206,0.27210283,-2.7648947,0.19906312,-1.0362012,1.8400421,8
3.1073902,1.591159,-2.809036,0.8314791,-1.354971,-1.3720124,-0.38622952,-1.3017321,2.5298142,-5.4012446,-1.2192066,-0.4853384,-3.714157,-0.29724962,-0.61588705,2.5198338,19
1.8084791,-0.20881058,-2.3736851,1.188591,0.08529824,-1.3883734,-0.89614534,-1.7083671,-0.27071643,-3.3040707,-0.7951753,0.19679393,-2.464975,0.56068057,-1.070085,1.6290793,79
2.6110604,0.17995657,-2.7647223,1.7054702,-0.2762419,-1.502553,-1.202101,-1.8725191,0.16645443,-4.5877876,-0.87739366,0.3448084,-3.3354871,0.2785961,-0.88820463,2.008003,79
3.2572412,1.6751225,-3.4700556,1.617469,-1.1720246,-1.7825769,-1.006223,-1.8881655,1.9212351,-6.4846873,-0.8695226,-0.1641012,-3.9522,-0.29362524,-0.565258,2.4710035,19
1.6098914,-0.92537856,-1.8943124,1.2455525,0.34285793,-1.2820727,-0.5869955,-1.3467461,-0.64560705,-2.948716,-1.120415,0.67097664,-2.7392414,0.97759145,-0.8194506,1.6015525,72
-0.05227591,1.2727813,-1.1988282,0.28182912,-0.3622461,-0.73862356,-1.631882,0.3885364,-0.14570422,-1.5056663,-0.2747685,-1.034137,-0.8163048,-0.037925802,0.20080113,1.2973918,81
2.7361557,0.9206974,-2.6817362,1.8717004,-0.76824987,-1.0768512,-1.3009844,-1.6581671,0.41118717,-4.6870704,-0.74963784,0.13219945,-2.8916793,0.0077206343,-1.0924492,1.8987908,1
3.0534687,1.8023822,-3.2521741,1.5819173,-1.2853144,-1.5573351,-0.9248651,-1.7369808,2.079486,-6.2285094,-0.8399319,-0.27420223,-3.6500733,-0.42888528,-0.63006353,2.4384313,19
1.5934519,1.7777742,-2.4549904,2.737545,-1.1088877,-0.7075632,-1.5507758,-1.6337385,0.95513105,-4.95489,-0.0056109726,-0.4155297,-1.5060134,-0.7092998,-0.94702834,2.0695522,13
3.7598605,1.7676387,-3.4985232,1.9027561,-1.0937855,-1.7459602,-0.9806215,-1.5418125,2.131763,-6.929384,-1.0567553,-0.04673496,-4.429156,-0.414904,-0.50362194,2.6775105,19
2.9270353,1.6073953,-3.0940986,1.8091809,-1.2064118,-1.5230154,-0.70322293,-1.6378607,2.0224874,-5.7705417,-0.7384039,-0.38843906,-3.3891256,-0.47305584,-0.4580083,2.479844,13
-0.0542247,1.231784,-1.2253121,0.39680856,-0.32241884,-0.7403625,-1.6082442,0.4773276,-0.19075866,-1.5456905,-0.31458074,-0.9985652,-0.8302867,-0.088015616,0.19797662,1.3341655,84
1.4583647,1.6718789,-2.3048472,2.802575,-0.91950154,-0.6970775,-1.501751,-1.3861983,0.8320193,-4.797626,-0.0033029616,-0.36270058,-1.4268521,-0.6598402,-0.93442166,2.0328465,13
1.7198163,-0.5654147,-2.2835882,0.8723215,0.39530542,-1.4863156,-0.744151,-1.4741606,-0.3389495,-3.0965204,-0.92419034,0.323193,-2.6595488,0.72547865,-1.0313586,1.5430322,79
3.363556,1.8461186,-3.6102283,1.3452018,-1.2629144,-1.8137519,-0.8091232,-1.7895259,2.6047108,-6.99044,-0.90720975,-0.13710742,-4.3636928,-0.42491165,-0.4938761,2.4766681,19
2.2060826,0.22776306,-2.733288,1.7316684,-0.2404528,-1.3475202,-1.3171313,-2.0273182,-0.112494394,-4.227124,-0.6058653,0.30386716,-2.7637432,0.16298103,-1.0577369,1.7782556,8
3.1851656,1.5819387,-2.9175334,1.0482855,-1.295869,-1.4811234,-0.37510636,-1.348326,2.5531769,-5.689916,-1.1867317,-0.40033358,-3.8344836,-0.30514026,-0.49932447,2.5372722,19
1.8304032,-0.12592208,-2.3901734,1.1325909,0.1355257,-1.3957936,-0.94010955,-1.6834447,-0.23763834,-3.2276092,-0.69235295,0.1501595,-2.4032385,0.50495875,-1.1425309,1.5526751,79
2.681065,0.24805889,-2.826112,1.8325809,-0.2648204,-1.452351,-1.3162684,-1.8813927,0.13671231,-4.7283216,-0.7993737,0.38843596,-3.3610988,0.16490424,-0.9070193,2.0000432,79
3.2699795,1.590689,-3.4398704,1.7086493,-1.0867789,-1.7954358,-0.93500346,-1.7744061,1.9525292,-6.43879,-0.84951484,-0.13030154,-3.9740422,-0.29970068,-0.49394363,2.4610436,19
1.5698603,-0.55765873,-2.0379279,1.2759296,0.2555476,-1.2533665,-0.77363884,-1.4781677,-0.54810286,-3.013427,-0.91232616,0.4617601,-2.4411168,0.73936987,-0.98263335,1.5663046,72
-0.0006740838,1.1426307,-1.1229923,0.47858626,-0.28276014,-0.7805641,-1.5884249,0.5122437,-0.25862604,-1.4985108,-0.2875018,-0.94562125,-0.9005691,-0.05593992,0.30860093,1.3165388,84
2.7924764,0.88162714,-2.6600852,1.8482908,-0.7164725,-1.113803,-1.3017638,-1.6292845,0.3968045,-4.6643963,-0.7715641,0.16417395,-2.951324,-0.0061191767,-1.1154428,1.8434517,1
3.1918118,1.7439547,-3.3044953,1.6959044,-1.1692857,-1.6679863,-0.87488323,-1.6552101,2.1321619,-6.31055,-0.87830704,-0.23723878,-3.8061488,-0.39862895,-0.5744072,2.4888327,19
1.6683292,1.6400298,-2.3974419,2.894545,-1.0278578,-0.7177692,-1.4871426,-1.516903,0.8346795,-4.888692,-0.013129413,-0.33775634,-1.5731565,-0.70056194,-0.8505233,2.0671697,13
3.9546103,1.6309229,-3.5579963,2.1192203,-0.99995863,-1.8435514,-0.916209,-1.3901399,2.054183,-7.052755,-1.1724367,0.01038222,-4.694958,-0.388976,-0.39001068,2.8451064,104
3.0046177,1.4410753,-2.983517,2.0299535,-1.1405543,-1.5729172,-0.6674212,-1.5275239,1.923225,-5.7510448,-0.8055636,-0.30620894,-3.525096,-0.46257105,-0.35328364,2.562087,13
-0.015478551,1.1182884,-1.1185926,0.5753097,-0.2762105,-0.7951191,-1.5642169,0.5767766,-0.26486492,-1.5570352,-0.3529502,-0.92753386,-0.9151338,-0.09959801,0.31674927,1.359179,84
1.6209185,1.4912577,-2.1840112,2.9966202,-0.887233,-0.6914108,-1.448622,-1.3486428,0.70065284,-4.7839956,-0.009283066,-0.20341353,-1.6263666,-0.62956846,-0.786023,2.0187807,13
1.7388344,-0.5235498,-2.229073,0.8792994,0.44352403,-1.47006,-0.75969577,-1.4276533,-0.34178805,-2.975719,-0.8170381,0.32002878,-2.6049955,0.68865174,-1.0711622,1.4777166,79
3.4240065,1.5917463,-3.4537268,1.5446264,-1.142732,-1.8316268,-0.7162828,-1.7044502,2.4217117,-6.8278813,-0.9178289,0.0016410202,-4.482118,-0.37326425,-0.33176488,2.516213,19
2.2700534,0.21056621,-2.7445867,1.7653955,-0.17919452,-1.3965923,-1.3324025,-1.9957585,-0.12947942,-4.202687,-0.55812085,0.33861548,-2.8151195,0.11878458,-1.0467812,1.7435347,79
3.3920834,1.5299459,-3.0937204,1.2945449,-1.1465267,-1.7438215,-0.33944893,-1.3747658,2.6016362,-6.0666585,-1.2285198,-0.3082131,-4.1759133,-0.28811735,-0.34570974,2.6822917,19
1.8461014,-0.12599479,-2.3299377,1.1957204,0.16480756,-1.395538,-0.9693984,-1.6774447,-0.2792964,-3.1627247,-0.63254285,0.1814756,-2.3963444,0.435956,-1.150928,1.5315512,79
2.7350059,0.35379055,-2.8841696,1.9901146,-0.2855938,-1.438224,-1.3849106,-1.8692875,0.12611353,-4.8478065,-0.7057903,0.43019617,-3.3174262,0.05072707,-0.8932634,1.9545003,79
3.351822,1.4481193,-3.4073315,1.8309308,-0.99693036,-1.8299015,-0.87448597,-1.6669145,1.8826095,-6.359521,-0.8858043,-0.054335773,-4.082568,-0.29764754,-0.42489618,2.5016384,104
1.6160876,-0.2637588,-2.164054,1.2087454,0.21829054,-1.2890556,-0.9047781,-1.5631559,-0.45306224,-3.0285752,-0.7695368,0.29040432,-2.3043423,0.5952707,-1.148031,1.5394348,8
0.066844106,1.0670953,-1.0719852,0.6685587,-0.23502669,-0.88331175,-1.5182214,0.63926226,-0.2335494,-1.6242652,-0.3593462,-0.902844,-1.032894,-0.07251137,0.45029175,1.3905388,84
2.8553596,0.8951078,-2.6214488,1.9187406,-0.78343356,-1.0844392,-1.2956147,-1.5829245,0.44072163,-4.816037,-0.8191328,0.22724693,-3.0679126,-0.036879305,-1.0814506,1.8362204,1
3.3331442,1.5759426,-3.2474186,1.9752904,-1.1047914,-1.7212237,-0.8295841,-1.5231692,2.0038123,-6.350392,-0.9574433,-0.1618686,-3.9955323,-0.39134052,-0.45952725,2.6179166,19
1.8577799,1.4385406,-2.2113092,3.0601702,-1.0152951,-0.6876459,-1.4571342,-1.5356148,0.69098574,-4.8519125,-0.03207189,-0.12821496,-1.8134284,-0.64825577,-0.7070748,2.018619,13
4.1390305,1.5570848,-3.5743372,2.1897588,-0.9054296,-2.0133312,-0.8098059,-1.1541941,2.1922326,-7.2467365,-1.385607,0.0036568046,-5.002332,-0.31538314,-0.29514408,3.0345452,104
3.0941672,1.3147677,-2.8698547,2.1422486,-1.1393367,-1.6451374,-0.62116456,-1.3904228,1.9884984,-5.871878,-0.9748182,-0.2311672,-3.7611969,-0.43234298,-0.2634781,2.6816335,13
0.04752268,1.0561012,-1.0785925,0.74859107,-0.24853207,-0.89025337,-1.490247,0.7007215,-0.2374629,-1.6759742,-0.41234705,-0.9109381,-1.0371085,-0.110029,0.4587394,1.4361094,84
1.8375322,1.4144577,-2.0013072,3.0509396,-0.8908695,-0.6407213,-1.4646566,-1.4420772,0.6235206,-4.76043,0.008318484,-0.039130628,-1.8008413,-0.62264234,-0.66945046,1.9261525,13
1.7486598,-0.52171296,-2.111696,0.976951,0.44246677,-1.487264,-0.7648406,-1.441338,-0.35537118,-2.9244585,-0.7599459,0.36364794,-2.6089342,0.6249149,-1.0509486,1.4620198,79
3.4711518,1.3738376,-3.1930058,1.7631625,-1.0737529,-1.808348,-0.58505833,-1.5143672,2.2617044,-6.5563374,-0.9860114,0.027513072,-4.5118127,-0.34002104,-0.16516763,2.648752,19
2.368175,0.25906503,-2.7438848,1.8307093,-0.22570392,-1.4359123,-1.3112586,-1.976187,-0.04818763,-4.2927933,-0.56787586,0.34066826,-2.909592,0.044633865,-0.99139047,1.7658596,79
3.5895538,1.3799995,-3.1188846,1.5829511,-1.0415993,-1.9012702,-0.2861188,-1.244546,2.5698993,-6.2823324,-1.3544971,-0.23102097,-4.5277767,-0.29475632,-0.1853017,2.923168,19
1.883634,-0.0604413,-2.2634118,1.2450012,0.11075643,-1.4347545,-0.9776675,-1.683201,-0.16781972,-3.2833936,-0.63132215,0.19331513,-2.4782786,0.38873425,-1.1332666,1.5399007,8
2.8007634,0.44672954,-2.8803945,2.123724,-0.38171178,-1.4439847,-1.4045563,-1.8539635,0.22313282,-5.0641,-0.6991853,0.46545297,-3.3790479,-0.0271537,-0.84963256,1.9499215,79
3.4878962,1.3864609,-3.3811405,1.9277371,-1.0162507,-1.9084237,-0.8090668,-1.5680169,1.9531958,-6.479367,-1.0206879,-0.028814822,-4.317755,-0.29865384,-0.36139745,2.6425183,104
1.6433886,-0.26118475,-2.09159,1.1280544,0.28171372,-1.3310385,-0.8856483,-1.5430485,-0.49262387,-2.8291829,-0.7220267,0.23384605,-2.2611432,0.5564672,-1.2290409,1.4946061,8
0.20600261,1.0085282,-1.077291,0.87635577,-0.18123777,-1.0240407,-1.4070051,0.876129,-0.1310528,-1.8689983,-0.45672482,-0.9000921,-1.2632778,-0.063453205,0.66452354,1.5448097,84
2.8966274,1.0190762,-2.6711254,2.0153103,-0.91033757,-1.1054333,-1.3692658,-1.5939263,0.55495846,-5.1674614,-0.8785536,0.28888184,-3.194356,-0.087002054,-1.081935,1.8528792,13
3.4701996,1.5041724,-3.23206,2.1155248,-1.1109045,-1.8147122,-0.80630434,-1.3876173,2.106704,-6.632366,-1.1438231,-0.0834347,-4.3014617,-0.38572142,-0.36797875,2.7879012,13
2.064254,1.3251351,-2.011768,3.1124983,-1.0217371,-0.6238591,-1.5040443,-1.6437584,0.5702584,-4.8174233,-0.022776276,0.06940852,-2.0081904,-0.6301552,-0.6000431,1.9166907,13
4.194551,1.436887,-3.39582,2.1330867,-0.8840625,-2.1614914,-0.68148625,-0.896662,2.3530636,-7.2503805,-1.5836372,-0.019464418,-5.211909,-0.22437328,-0.22673513,3.1313593,104
3.550008,0.95567673,-2.7142217,2.4523063,-1.1834545,-1.6503049,-0.63468564,-1.3044789,1.7564507,-6.182373,-1.1582832,0.14963777,-4.5084443,-0.29325023,-0.086781844,2.7843683,104
0.38036978,0.9351935,-0.9684222,1.0388254,-0.24060807,-0.83142227,-1.3437941,0.7396937,-0.2649672,-1.7827477,-0.37458006,-0.80423236,-1.3083695,0.0046685934,0.5510368,1.5185547,84
2.0410268,1.4123087,-1.8841853,3.0387316,-0.9634583,-0.5438963,-1.541507,-1.5967836,0.5692535,-4.840562,0.036682278,0.10814418,-1.9647931,-0.6078854,-0.61764777,1.8231424,13
1.752361,-0.47384846,-2.007592,1.0445579,0.37540564,-1.5594935,-0.76094586,-1.4423294,-0.2400298,-3.0298483,-0.781469,0.36581707,-2.6623223,0.5703502,-1.0185889,1.4637761,79
3.5726476,1.2341856,-3.0138767,1.8378915,-0.9976784,-1.8330281,-0.39835685,-1.230873,2.2804642,-6.4722085,-1.0839118,0.015676886,-4.6342273,-0.2645608,0.011677608,2.7827148,19
2.5008543,0.33239186,-2.7824073,1.9176267,-0.32366103,-1.4690812,-1.3124747,-1.9403832,0.06991026,-4.591163,-0.6430108,0.38059133,-3.0937643,0.021026656,-0.95377237,1.8186975,8
3.6764565,1.1990911,-2.995179,1.7530063,-1.0181229,-1.9693767,-0.22649907,-1.0529995,2.5736742,-6.416347,-1.5043324,-0.13563776,-4.809955,-0.27412242,-0.05399973,3.0743499,13
1.922784,0.0034462241,-2.2106519,1.3647223,0.010305509,-1.4480383,-0.9924723,-1.6551915,-0.057373986,-3.482636,-0.66159695,0.23784204,-2.5565388,0.32089785,-1.0587909,1.5456065,8
2.805655,0.5548692,-2.836019,2.3004937,-0.50117755,-1.396051,-1.4377759,-1.8059552,0.3108917,-5.313279,-0.69171274,0.5133744,-3.38343,-0.09364756,-0.7916138,1.9355673,104
3.6760874,1.3366315,-3.3263445,1.9822634,-1.0632598,-1.9899217,-0.7096167,-1.3593153,2.1358557,-6.7140164,-1.2285066,-0.011244848,-4.653042,-0.26789296,-0.25780302,2.8317869,19
1.6401091,-0.24012499,-1.9333081,1.0515063,0.2576622,-1.3587257,-0.81647575,-1.4901726,-0.39453614,-2.6907754,-0.71860826,0.15798272,-2.2485037,0.5117213,-1.2336316,1.4662434,8
0.51638556,0.99013585,-0.8694979,1.082868,-0.25604504,-0.8295221,-1.338927,0.62496704,-0.15335847,-1.8919159,-0.33568397,-0.74404305,-1.3937709,0.03427206,0.52696097,1.5127223,84
3.2466319,0.84055704,-2.5696564,2.3805757,-0.9253267,-1.1421655,-1.4256413,-1.6135918,0.35143477,-5.551972,-0.9379641,0.6058114,-3.7278252,-0.003934197,-0.9264524,1.9146066,104
3.5488193,1.4146471,-3.1472871,2.0727353,-1.175604,-1.9082035,-0.7611428,-1.2363747,2.276595,-6.799944,-1.3446732,-0.030869022,-4.5819006,-0.3434979,-0.3159284,2.8905745,13
2.2170115,1.3869938,-1.9497013,3.0802827,-1.0899069,-0.53734225,-1.5966976,-1.7669901,0.52507156,-4.888417,0.01695931,0.13874637,-2.1137145,-0.60418797,-0.6036844,1.8444449,37
4.4825134,1.5942885,-3.2311215,1.9887103,-1.3669603,-2.0647476,-0.8596413,-1.32773,2.1437857,-7.410283,-1.5729543,0.14932002,-5.6660256,-0.17739622,-0.4070676,2.9526172,104
3.6276317,1.2429596,-2.6777925,2.008275,-1.4322755,-1.6819085,-0.6341636,-1.3791752,2.050647,-6.33946,-1.2950586,0.07806568,-4.7337704,-0.2327062,-0.24694279,2.7694232,19
0.46618402,1.0098213,-0.89471483,1.1487032,-0.2917593,-0.7585123,-1.3099496,0.4664855,-0.14200394,-1.8464913,-0.29450172,-0.75336653,-1.2164294,0.039663345,0.32075095,1.4822397,84
2.2104657,1.5402952,-2.0073633,3.0522852,-1.0485207,-0.56515115,-1.6282015,-1.6867188,0.60679233,-5.0700164,0.038196206,0.06646164,-2.1015277,-0.5905995,-0.64654404,1.8786786,13
1.7956941,-0.4303964,-1.9076328,1.1929307,0.25716275,-1.5152305,-0.7797086,-1.3963583,-0.18409817,-3.1770513,-0.8205674,0.42449844,-2.6963317,0.5196781,-0.9503931,1.4622027,79
3.9449615,1.0987158,-2.883487,1.9045321,-1.0906768,-1.884468,-0.37070072,-1.2027005,2.2338912,-6.7134714,-1.228545,0.22867076,-5.221709,-0.13404953,0.11853856,2.8612585,104
2.5121145,0.4921371,-2.7761025,2.129609,-0.484454,-1.4231148,-1.4185026,-1.8844044,0.2036814,-4.9780884,-0.6788105,0.44778186,-3.1426492,-0.054362424,-0.90676945,1.8441263,8
3.4823532,1.0187066,-2.6256673,1.4961518,-1.084448,-1.9798179,-0.14998242,-0.9297725,2.7179527,-6.1867666,-1.6812537,-0.05430451,-4.8722696,-0.21148765,-0.03935875,3.0139294,63
1.9563566,0.051400572,-2.1807978,1.5200443,-0.09219779,-1.4422748,-1.042917,-1.6161665,-0.011524484,-3.7325938,-0.72765017,0.3219009,-2.6116524,0.2806049,-1.0151942,1.5590248,8
3.251179,0.38203266,-2.9416847,2.5542173,-0.52053165,-1.4675045,-1.4566967,-1.8559111,0.19459553,-5.86432,-0.78056973,0.8411509,-4.082677,0.0074186176,-0.6292629,2.0034733,104
4.065983,1.3009688,-3.2993689,2.1851745,-1.2211764,-2.0469115,-0.8233313,-1.3761234,2.0762086,-7.256811,-1.3345555,0.23403402,-5.321953,-0.25132346,-0.17923602,2.928599,104
1.6720017,-0.23163572,-1.837495,0.98368204,0.23624927,-1.3943034,-0.7736653,-1.4184761,-0.28683013,-2.7162347,-0.7783611,0.14523886,-2.321686,0.5021827,-1.2333391,1.4525808,8
0.48534203,1.1408517,-0.861906,1.2612262,-0.31376457,-0.7470685,-1.3350928,0.19793724,0.011564299,-2.0171223,-0.19340385,-0.744189,-1.1176338,0.0129559785,0.05767505,1.5091588,84
3.3672595,0.8495011,-2.4997458,2.4218764,-0.89402354,-1.210541,-1.5287242,-1.7155161,0.30468655,-5.771434,-0.9667384,0.74559534,-3.9609427,0.112557516,-0.93814903,1.9058787,104
3.935483,1.4832693,-2.940085,2.124835,-1.4802088,-1.9356425,-0.82045645,-1.2323148,2.180758,-7.1771035,-1.4996963,0.13101156,-5.3044376,-0.14274399,-0.34382236,3.0428278,19
2.3209078,1.4739099,-2.0732086,3.0466232,-1.1078335,-0.6092543,-1.5954638,-1.7531992,0.6093712,-5.0152373,-0.01416859,0.034128964,-2.2357621,-0.6082261,-0.59548306,1.9737413,13
4.184797,1.7808764,-2.8803573,1.9717427,-1.8473629,-1.8703637,-1.1457655,-1.6287147,2.0735855,-7.403998,-1.6728857,0.14911138,-5.5682015,-0.159003,-0.75452346,2.928127,19
3.5601108,1.1658486,-2.2903655,1.9542252,-1.5223275,-1.5670714,-0.7056527,-1.3629133,1.9467773,-6.0328894,-1.4239795,0.093796834,-4.704775,-0.0010956675,-0.41078293,2.7477171,13
0.2951764,1.0952021,-0.8804045,1.4276525,-0.3342783,-0.659479,-1.234766,0.0369839,0.0611687,-2.0067425,-0.16882557,-0.7392856,-0.8886332,0.0017743558,-0.24553671,1.5554037,84
2.3759823,1.564741,-2.1136332,3.1605854,-1.0355012,-0.65739983,-1.5704455,-1.5264018,0.7380883,-5.330096,-0.033023953,0.042604193,-2.3128607,-0.5567,-0.5214931,2.0382013,13
1.822868,-0.35055572,-1.9698396,1.2821392,0.17482382,-1.568597,-0.84111935,-1.3793671,-0.11498718,-3.478779,-0.9064596,0.50269526,-2.7482352,0.5147524,-0.9371502,1.4677014,8
3.8999434,1.4854504,-2.6150527,1.2170448,-1.3749895,-1.8114592,-0.54345214,-1.3888252,2.5895898,-6.587824,-1.4076536,0.13695176,-5.268304,-0.2457988,-0.24124688,2.7340963,19
3.0502584,0.0089030275,-2.6356647,2.4820633,-0.3696318,-1.3602562,-1.4704413,-1.897764,-0.124662444,-5.426096,-0.80182666,1.049018,-4.106145,0.12187433,-0.64015806,1.9078395,79
3.7074528,1.0260382,-2.4146285,1.3680019,-1.4384587,-1.8775121,-0.35883683,-1.1577585,2.6276145,-6.280642,-1.8218104,0.13314243,-5.301241,-0.24428773,-0.22914177,2.9325411,19
2.449018,-0.29533508,-2.0673769,1.7461766,-0.057967603,-1.3687017,-1.0161762,-1.6473682,-0.24839698,-4.0488124,-0.80181986,0.75626427,-3.3547997,0.44966686,-0.8159003,1.5734313,79
3.536925,0.3260663,-2.945532,2.6193829,-0.48249373,-1.5486676,-1.537504,-1.7928075,0.14616616,-6.2506714,-0.9861279,1.0376929,-4.6090345,0.08089544,-0.6174524,2.1548443,104
4.096312,1.6483108,-3.1548421,2.0253348,-1.5530894,-2.107883,-1.0342746,-1.5573254,2.2673435,-7.535511,-1.4406005,0.16465043,-5.5215273,-0.18995686,-0.41594467,2.97143,19
1.7844632,-0.20376697,-1.8612156,1.0341046,0.207531,-1.4164197,-0.7956761,-1.3561339,-0.25111568,-2.8853734,-0.845882,0.20437483,-2.4481122,0.45789766,-1.2101698,1.4627529,8
0.30088794,1.1500586,-0.77705103,1.4840372,-0.34751314,-0.56001866,-1.1413543,-0.26342398,0.24794507,-1.9405541,-0.07556835,-0.7717064,-0.7034668,-0.13693184,-0.5377643,1.5899479,84
3.4662833,0.9715214,-2.5670414,2.2424684,-0.9195858,-1.2042595,-1.5829432,-1.7706865,0.36763433,-5.8282447,-0.98984003,0.6449126,-4.0427656,0.19905841,-1.0690715,1.9210582,104
3.8461366,1.6611786,-2.8325417,1.887359,-1.6576515,-1.8590628,-0.95012575,-1.4497753,2.2446573,-7.067746,-1.5314038,0.05759485,-5.1753516,-0.064917,-0.5966821,2.9067996,19
2.3804865,1.4804432,-1.9595687,3.0474424,-1.1264193,-0.653329,-1.5343816,-1.5681247,0.7747389,-5.1122675,-0.12354097,0.031630114,-2.370855,-0.58962417,-0.51318115,2.0590427,13
3.8368502,1.5811882,-2.2576754,1.3746558,-1.7473968,-1.7380435,-0.7625363,-1.5395277,2.1223824,-6.1696334,-1.6534708,-0.15453085,-5.0939255,-0.028294977,-0.8491896,2.730737,19
3.4238222,1.2522123,-2.0527103,1.797705,-1.523372,-1.4557242,-0.5437226,-1.331639,1.8844327,-5.510547,-1.2719834,-0.16454487,-4.3064094,0.064024046,-0.5070046,2.5531912,13
0.09436251,1.0848181,-0.72436255,1.5747603,-0.3740607,-0.48624852,-1.0643392,-0.35378563,0.2997504,-1.9096966,-0.029382318,-0.77461714,-0.4999265,-0.2098029,-0.7494496,1.5768679,84
2.3406198,1.4946101,-1.7499607,2.6726475,-1.130289,-0.59144205,-1.5624607,-1.5685728,0.8210715,-4.863886,-0.2098618,0.08831726,-2.3488483,-0.49999815,-0.66879725,1.886525,13
2.4549627,-0.6173118,-2.0494463,1.3873134,0.18618181,-1.5123564,-0.8761571,-1.5008088,-0.33915645,-3.926371,-1.0163689,0.87937593,-3.6113503,0.69463253,-0.8648568,1.5341201,79
3.9034343,1.5368692,-2.431119,1.1672819,-1.4434907,-1.733906,-0.6624315,-1.3643509,2.4338262,-6.2742696,-1.5461835,0.044817537,-5.1811543,-0.0111812055,-0.5242877,2.7293246,19
3.381426,0.17284298,-2.8829126,2.2404594,-0.4396357,-1.2652363,-1.5619285,-2.0768385,-0.071509555,-5.7753816,-0.8352926,1.0229648,-4.527585,0.18172565,-0.7582612,1.9645599,79
3.4616919,0.981119,-1.9194589,1.0017542,-1.5586634,-1.7259418,-0.1285995,-0.8713201,2.6346996,-5.786106,-1.9630651,0.014357343,-5.218276,0.077845976,-0.3585367,2.9057412,17
2.70112,-0.59176064,-1.9801131,1.930139,0.06480299,-1.4552032,-1.0729736,-1.5117826,-0.49686426,-4.113798,-0.9762734,0.9622487,-3.806916,0.7318361,-0.7422874,1.7032976,79
3.732916,0.38325813,-3.0456736,3.0828447,-0.6828371,-1.5674076,-1.9320111,-1.7849258,0.040916696,-6.985978,-1.0736151,1.2421385,-5.129113,0.22998741,-0.6850794,2.3131948,104
4.134793,1.729027,-2.9930942,1.993862,-1.741443,-1.9235505,-1.1299359,-1.686603,2.2385323,-7.409838,-1.5690693,0.18581213,-5.491351,-0.14228295,-0.6269318,2.8987753,19
1.8725842,-0.21115813,-1.8565254,1.127338,0.18213153,-1.4283684,-0.85155267,-1.2876014,-0.23867051,-3.0971255,-0.9485864,0.32567608,-2.5660255,0.45005697,-1.177182,1.4642336,8
0.17437185,1.2297812,-0.7301782,1.5578688,-0.43503034,-0.46686372,-1.1338773,-0.6189126,0.45515594,-2.045559,0.035560995,-0.7676834,-0.43372917,-0.27279067,-0.96572155,1.5249982,84
3.4779797,1.0740737,-2.6510916,2.4327621,-1.0733563,-1.1825541,-1.891696,-1.846112,0.2460596,-6.1168246,-0.99417657,0.69898266,-4.09429,0.26418597,-1.2704387,1.8596939,104
3.6878958,1.6068383,-2.4605262,1.6510564,-1.6843219,-1.696923,-0.6929419,-1.4116223,2.2562864,-6.354202,-1.5287101,-0.14537275,-4.8269315,0.03515347,-0.6810334,2.754825,19
2.2562058,1.4564096,-1.6293913,2.646237,-1.323683,-0.5595948,-1.623728,-1.7538807,0.7752531,-4.80112,-0.22267109,0.053234696,-2.4011319,-0.45718637,-0.75464195,1.9421418,13
3.6486435,1.4844655,-2.174644,0.8622985,-1.5926324,-1.7613043,-0.88036996,-1.6213045,2.0450194,-5.5702066,-1.7499305,-0.24673653,-4.8892126,0.009948544,-1.1802652,2.5952022,19
3.33579,1.2996738,-1.9931161,1.780965,-1.5179355,-1.536507,-0.72801864,-1.4135721,1.8042313,-5.307152,-1.282783,-0.2645736,-4.119407,0.019521333,-0.6980224,2.4887886,13
-0.021558017,1.1159222,-0.68167067,1.4505593,-0.3852351,-0.46892703,-1.1939173,-0.46154338,0.40152413,-1.8874922,0.019463897,-0.7789637,-0.3539157,-0.31857145,-0.93676364,1.4536562,81
2.3697865,1.2841257,-1.3488115,2.048297,-1.1246415,-0.5501368,-1.4466743,-1.5272019,0.8133299,-4.099861,-0.44862524,-0.0015210956,-2.4725027,-0.35563436,-0.8702932,1.8648447,13
2.700635,-0.82240385,-1.8960439,1.8790151,0.22012988,-1.6162816,-0.917161,-1.2721754,-0.62312984,-3.8389602,-1.1656297,0.9494926,-3.8171651,0.9676308,-0.77008265,1.7166239,79
3.947084,1.5887789,-2.4523792,1.0382214,-1.4910214,-1.723015,-0.59556586,-1.4416479,2.4051664,-6.2403135,-1.4689325,-0.032054737,-5.201871,0.095847756,-0.57356656,2.6337357,19
3.5297742,0.17727332,-2.981471,2.6021113,-0.6203995,-1.2314023,-1.7811615,-2.0609565,-0.20515953,-6.1178756,-0.8782719,1.028912,-4.7661815,0.3910157,-0.8531477,2.0774798,79
3.323989,1.1664115,-1.8617955,0.6248394,-1.529124,-1.6677498,0.13577992,-0.8223767,2.7303393,-5.4184375,-1.7626904,-0.298491,-4.894156,0.3000702,-0.46621105,2.6880543,19
2.8792765,-0.4799795,-2.1204338,2.261818,-0.12691551,-1.2845933,-1.3322523,-1.5062525,-0.640315,-4.3401685,-0.98180795,0.9370184,-3.8618023,0.75135183,-0.89687675,1.720065,79
3.4347053,0.17222673,-2.559372,2.5309882,-0.35784745,-1.6013407,-1.41135,-1.5143,0.22470555,-5.559103,-0.91367507,0.73456836,-4.4616914,0.23383358,-0.5907323,2.107343,104
3.8271918,1.6112432,-2.3872604,1.5586365,-1.688453,-1.7363793,-0.7219347,-1.5268196,2.222445,-6.3147044,-1.5069251,-0.094849974,-4.988636,0.031275824,-0.66834027,2.7040334,19
1.8610967,-0.30301064,-1.846479,1.215611,0.21013391,-1.4587638,-0.9520166,-1.2127308,-0.26210505,-3.3106043,-1.0965173,0.49673706,-2.68284,0.500768,-1.186317,1.4761199,72
0.15143465,1.2698897,-0.84257305,1.4825855,-0.47302777,-0.47031176,-1.2843869,-0.84397286,0.48702413,-2.1463392,0.11146042,-0.76396745,-0.35496786,-0.34244752,-1.1681709,1.4010527,81
3.2012382,0.80087453,-1.9389244,1.6761664,-0.7007772,-1.1877573,-1.4916346,-1.521391,0.2606239,-4.398247,-1.1233811,0.28031087,-3.4397166,0.4326458,-1.3940525,1.7417319,104
3.476409,1.6072965,-2.2809477,1.5033543,-1.7680292,-1.6708169,-0.7101405,-1.5666114,2.1494045,-5.915407,-1.5014623,-0.3272369,-4.554951,0.042748287,-0.8945327,2.6563494,13
2.3638804,1.3351078,-1.540278,2.1012921,-1.284822,-0.5142477,-1.7028804,-1.8009652,0.67207366,-4.321125,-0.44259667,-0.010619983,-2.5337064,-0.40476128,-1.0998989,1.8596333,13
3.4857783,1.3237321,-2.0026562,0.4090926,-1.3868078,-1.7658021,-0.74989414,-1.5106869,2.049155,-4.9637403,-1.8234471,-0.29438406,-4.7052073,0.096047446,-1.2599587,2.480821,19
3.3861115,1.4544019,-2.2245898,1.4283736,-1.5326658,-1.6654922,-0.91623586,-1.6502224,1.7921457,-5.4215703,-1.3465873,-0.33380824,-4.218479,0.08230016,-1.0183842,2.4277864,19
0.033993512,1.198011,-0.8091915,1.4301778,-0.4379703,-0.5056901,-1.3215413,-0.7837521,0.48087233,-2.0768929,0.07778239,-0.76702577,-0.3143301,-0.3303102,-1.1768422,1.3721513,81
2.4784563,1.0986738,-1.448902,1.8819269,-1.0756288,-0.60859585,-1.6897473,-1.6565437,0.61801386,-4.0384235,-0.6685575,0.09549241,-2.7382176,-0.35782605,-1.1415806,1.8697008,37
2.627308,-0.8387662,-1.7686318,2.101472,0.26039037,-1.5114222,-0.94960296,-0.9989443,-0.5724999,-3.6233652,-1.1238964,0.85486114,-3.6571271,0.87549937,-0.72686213,1.7410668,79
3.9173741,1.5877271,-2.6310866,1.2165738,-1.5078875,-1.8109097,-0.8260699,-1.6604995,2.2661076,-6.3947215,-1.4536991,0.015382215,-5.168846,0.049884155,-0.68418795,2.6333077,19
3.2540567,0.15428357,-2.7633975,2.2334075,-0.56111944,-1.2496002,-1.6557741,-2.1029856,-0.19981275,-5.3291993,-0.8427894,0.7236124,-4.2128477,0.33225745,-1.0265454,1.8900822,79
3.2929664,1.271433,-2.085295,0.5295519,-1.615254,-1.8380454,-0.05818166,-1.1420171,2.7417512,-5.5220194,-1.7815984,-0.43504292,-4.912022,0.22988823,-0.72530156,2.6901593,19
2.649316,-0.507524,-1.8847045,1.8003043,0.066727206,-1.3607044,-1.019966,-1.3376435,-0.36099344,-3.5138173,-0.918404,0.54681087,-3.4170074,0.6433456,-0.84412503,1.6325884,79
3.170617,0.13952683,-2.0589504,1.7894126,-0.22930546,-1.5093999,-1.2013164,-1.5147777,0.17263485,-4.160364,-1.0111295,0.3333856,-3.77333,0.33606705,-0.9144728,1.9119265,104
3.5498855,1.6251049,-2.3369656,1.5600014,-1.7658541,-1.7163075,-0.92382836,-1.7740755,2.1041834,-6.1501737,-1.4538769,-0.16111124,-4.701789,-0.016699277,-0.89772445,2.5998764,19
2.2892632,-1.0059986,-1.5770031,1.4683957,0.46251646,-1.3282338,-0.85073715,-1.0325483,-0.77148455,-3.1250086,-1.1832937,0.9776124,-3.45246,0.89554125,-0.92684424,1.5331829,72
0.27126747,1.3791002,-1.03633,1.5589244,-0.52313155,-0.4953003,-1.4639924,-1.0657692,0.5338357,-2.4495904,0.13332272,-0.7137395,-0.4434474,-0.39860708,-1.3467512,1.4214509,81
3.1995592,0.60224557,-1.8784478,1.2316346,-0.5398837,-1.1169063,-1.5849032,-1.5738343,-0.028967693,-3.8481772,-1.3242325,0.19565926,-3.428038,0.554061,-1.7530096,1.7512622,1
3.4404,1.7209293,-2.4899838,1.4885378,-1.7673869,-1.7507932,-1.0598378,-1.8648077,2.0394197,-6.147131,-1.4406451,-0.28469875,-4.517353,-0.0111600235,-1.1422966,2.5317469,19
2.434852,1.1736412,-1.5823821,1.9256777,-1.2048172,-0.56264216,-1.8271179,-1.8297421,0.57246935,-4.233803,-0.63113016,0.07033591,-2.7330577,-0.38813245,-1.2750635,1.8717695,37
3.1484494,1.376225,-1.868328,0.32243782,-1.5153692,-1.5127052,-0.8178949,-1.5272539,2.0256813,-5.0147223,-1.7167623,-0.2767731,-4.518842,0.04716946,-1.3787806,2.3827333,19
3.301113,1.6913452,-2.3300283,1.352564,-1.709649,-1.5369714,-1.1142856,-1.7946194,1.8603123,-5.8310533,-1.325168,-0.28782874,-4.278436,0.016299844,-1.2218862,2.4014392,19
0.16555588,1.3625592,-1.021306,1.5047784,-0.49589178,-0.45892075,-1.4749835,-0.93695664,0.50832105,-2.377192,0.12987283,-0.7334505,-0.35468212,-0.38428357,-1.3545702,1.3855461,81
2.47794,0.966662,-1.4777234,1.7305087,-0.9833623,-0.6120752,-1.7338655,-1.6893301,0.55770665,-3.9387405,-0.75859016,0.14750643,-2.7908247,-0.32629097,-1.2395246,1.8311548,37
2.5638275,-0.73640954,-1.8022612,1.6814462,0.39187124,-1.6032938,-0.7664136,-1.0706985,-0.35142666,-3.1095603,-1.0675809,0.4385636,-3.388549,0.7087071,-0.77221,1.7687654,79
3.8488317,1.6175264,-2.7447152,1.1118584,-1.5515475,-1.7932872,-0.9307493,-1.756477,2.242116,-6.6038527,-1.5080752,0.07702215,-5.222339,0.122595906,-0.8689532,2.567258,19
3.2008107,-0.04629799,-2.1884513,1.3821318,-0.20568782,-1.2619091,-1.3634453,-1.7692115,-0.14738123,-3.9461937,-1.1272643,0.39514983,-3.8472211,0.5791436,-1.2918947,1.8002394,79
3.1648042,1.3069584,-2.129083,0.59279794,-1.6554149,-1.8613892,-0.2537823,-1.359435,2.6276805,-5.4938245,-1.7637511,-0.4498729,-4.7462363,0.14208722,-0.90605223,2.613374,19
2.7796292,-0.5287181,-1.7230823,1.3431438,0.19074395,-1.3441156,-0.96855205,-1.3374393,-0.3491251,-2.9524539,-1.1194614,0.3415082,-3.33432,0.7473337,-1.0863979,1.6566752,79
3.392997,0.29450756,-2.4758236,1.3866079,-0.275018,-1.5663326,-1.7742639,-2.0119908,0.007688716,-4.465975,-1.2745821,0.28469896,-4.131361,0.40692344,-1.5813317,1.9760731,104
3.5356224,1.8079213,-2.5990229,1.4306338,-1.8962175,-1.7797909,-1.1197276,-2.0144038,2.1834877,-6.6547394,-1.4653307,-0.14525683,-4.8910956,-0.0122644305,-1.1169193,2.58932,19
2.18054,-0.86109436,-1.5486294,1.7050954,0.2595158,-1.1279601,-0.9941567,-1.1128504,-1.0189043,-3.048174,-1.0757191,0.909711,-3.1715825,1.0314806,-1.0748475,1.4644127,72
0.31910896,1.4530518,-1.1620932,1.5922872,-0.53804946,-0.4836427,-1.562393,-1.1283517,0.5602054,-2.6663914,0.15293053,-0.6640169,-0.4815539,-0.41195402,-1.4122734,1.407889,81
3.2150354,0.4007647,-1.8036689,1.0406954,-0.4521798,-0.99890757,-1.647016,-1.5462388,-0.28326303,-3.4879587,-1.4682811,0.1736839,-3.4644666,0.6120391,-1.9464898,1.770387,1
3.2929792,1.7791669,-2.460574,1.1856953,-1.7412698,-1.6945096,-1.075911,-1.8596256,2.033746,-5.9973164,-1.4096988,-0.32681978,-4.416295,0.030218653,-1.2819448,2.4516318,19
2.4161227,1.0574822,-1.5620924,1.7314144,-1.1381642,-0.52672476,-1.8244097,-1.7996278,0.53432816,-4.1409383,-0.71128106,0.12022115,-2.798116,-0.33613187,-1.3567688,1.8184162,37
2.86576,1.37457,-1.7575359,0.44777507,-1.5096749,-1.2911102,-0.96518403,-1.4915158,1.8940786,-5.0662036,-1.543595,-0.18560602,-4.267634,0.009695649,-1.4100201,2.259535,19
2.9947886,1.6509993,-2.0703616,1.1215425,-1.6924053,-1.3400847,-1.1251187,-1.7326248,1.8057812,-5.497314,-1.2631361,-0.29711404,-4.0119815,0.024229556,-1.3368936,2.2563965,13
0.23411588,1.4963791,-1.2156605,1.5793923,-0.5533923,-0.44314796,-1.5758483,-1.0602794,0.5775142,-2.7569826,0.19518203,-0.69998276,-0.41044468,-0.40291485,-1.4458249,1.374553,81
2.4326289,0.9130885,-1.5139848,1.7010714,-0.96068823,-0.5666192,-1.740722,-1.677162,0.5680461,-4.1251945,-0.7420781,0.24704014,-2.8701046,-0.28604883,-1.222652,1.759551,37
2.746294,-0.6463142,-1.7670442,1.383373,0.39869395,-1.6214186,-0.9510401,-1.2456348,-0.37783664,-2.9314334,-1.2342907,0.3148734,-3.4117737,0.78977925,-1.0816355,1.7657295,79
3.6080487,1.7776492,-2.6067722,1.2399937,-1.778496,-1.5362171,-1.0609415,-1.7980102,2.2512934,-6.891672,-1.4150554,0.11421232,-5.1005054,0.03575769,-0.9914188,2.5076704,19
3.2799463,-0.121831656,-2.1871905,0.96989965,-0.07326366,-1.261125,-1.5262077,-1.8034226,-0.34168524,-3.5392838,-1.3620567,0.2987513,-3.8784578,0.6977854,-1.6794364,1.8083917,1
3.0930912,1.5216898,-2.179349,0.5989381,-1.7129084,-1.7099665,-0.45190912,-1.4351772,2.601034,-5.6760445,-1.6278142,-0.45110846,-4.617127,0.120501816,-1.0554221,2.539041,19
2.9149382,-0.44989827,-1.8377252,1.0999513,0.10919225,-1.2848217,-1.2660019,-1.5605597,-0.53438544,-2.9255853,-1.2912183,0.2557482,-3.4182527,0.79915005,-1.5242276,1.6837949,1
3.3976781,0.27233496,-2.4031825,1.0849954,-0.28425062,-1.4120816,-1.795857,-2.0733333,-0.07799168,-4.271021,-1.3174562,0.2322901,-4.1405497,0.41625613,-1.7632227,1.9315131,104
3.3358934,1.7115258,-2.3524544,1.0627888,-1.8002527,-1.660531,-1.0203702,-1.8417069,2.2258093,-6.2674584,-1.5170419,-0.15414059,-4.7537355,0.051559716,-1.2014594,2.4767375,19
1.8854681,-0.84557045,-1.2505277,1.3346165,0.30949774,-1.041338,-0.85478216,-0.89228904,-0.8259344,-2.4028597,-0.98874754,0.6497721,-2.7307453,1.0333786,-1.1445365,1.3087381,72
0.3964147,1.546212,-1.3445797,1.6916729,-0.5656251,-0.50860983,-1.631985,-1.1885715,0.59154564,-2.9938278,0.17695796,-0.63318884,-0.56418246,-0.41459987,-1.454798,1.4175614,81
3.1052368,0.27837396,-1.6231481,0.9491706,-0.4262217,-0.85140234,-1.5721648,-1.4004152,-0.23279701,-3.391743,-1.4851515,0.23085828,-3.4500048,0.6424801,-1.8881876,1.710448,1
2.972424,1.6859598,-2.1599908,1.1077793,-1.7026588,-1.4438081,-1.111189,-1.7534864,1.939097,-5.741435,-1.3134215,-0.24912289,-4.1494546,0.009261362,-1.3150933,2.3064795,13
2.385471,1.1054016,-1.613851,1.7929868,-1.1666627,-0.46550068,-1.8493388,-1.804879,0.5333848,-4.366538,-0.6640241,0.18840648,-2.80715,-0.3196389,-1.3501363,1.7706169,37
2.8319783,1.480003,-1.8692766,0.7008425,-1.5362957,-1.1664367,-1.1072304,-1.5040839,1.825982,-5.3677855,-1.4234034,-0.07985062,-4.1985054,-0.071272664,-1.3846352,2.2505264,13
2.8490303,1.693796,-2.021315,1.1919973,-1.7051904,-1.1885135,-1.2084568,-1.724414,1.7050618,-5.4687414,-1.1888072,-0.25252235,-3.832799,-0.025642402,-1.3873427,2.2093039,13
0.31361848,1.5710042,-1.3880619,1.7252795,-0.56147796,-0.44300666,-1.6319425,-1.0902133,0.5354765,-3.007459,0.22464895,-0.66262287,-0.46721047,-0.43209842,-1.4646387,1.4044515,81
2.433949,1.0022852,-1.5907295,2.0009537,-1.051115,-0.52982867,-1.8239167,-1.7174182,0.5245516,-4.4461107,-0.6838195,0.31755763,-2.8699734,-0.298276,-1.1860418,1.797672,37
2.7825444,-0.63608944,-1.6627959,1.0387044,0.34575775,-1.525505,-1.0691746,-1.3670616,-0.48536265,-2.624014,-1.3333223,0.2109621,-3.3378356,0.84733784,-1.3795321,1.6930594,79
3.3742414,1.6996896,-2.3143811,1.0726657,-1.7591242,-1.3551085,-0.9989046,-1.6203091,2.2596753,-6.6362834,-1.4145875,0.14247961,-4.965852,0.026850782,-1.0122865,2.4465387,19
3.348942,-0.23369502,-2.1108959,0.8477801,-0.022259668,-1.0975825,-1.5663567,-1.7927917,-0.4793195,-3.417719,-1.407458,0.30321115,-4.0065036,0.6297727,-1.7532022,1.8405147,1
2.7701929,1.641397,-2.0316837,0.6457211,-1.7395301,-1.4401683,-0.63464713,-1.4487791,2.4748235,-5.5956764,-1.4121684,-0.41688514,-4.2212873,0.05551313,-1.1534996,2.382728,63
2.942121,-0.4829142,-1.7269348,0.973825,0.13637576,-1.2226,-1.2796948,-1.4845266,-0.47713417,-2.91799,-1.367766,0.2865997,-3.5041533,0.7888549,-1.5435045,1.6748854,1
3.2016435,0.19165781,-2.1504936,1.0680482,-0.20241721,-1.3198638,-1.6489456,-1.8457004,-0.024566084,-3.9332879,-1.2961771,0.2740625,-3.862068,0.45243472,-1.6384542,1.8566813,104
3.2272658,1.6398506,-2.1991196,0.9965913,-1.7569505,-1.5036787,-0.96919686,-1.6611056,2.1746886,-6.0579877,-1.5512097,-0.1047553,-4.6662703,0.046339348,-1.2057526,2.4723203,19
1.6779113,-0.95238024,-0.74407154,0.523265,0.63062274,-1.0522541,-0.60358864,-0.8211815,-0.84567714,-0.90800107,-1.0180879,0.14667828,-2.0578384,1.0499992,-1.382581,1.1647968,72
0.5228889,1.6462151,-1.5145653,1.898774,-0.57899827,-0.52895296,-1.6347687,-1.1374123,0.58336943,-3.2808216,0.19648096,-0.62797844,-0.651214,-0.43998125,-1.4116294,1.5030268,81
3.0608647,0.25126892,-1.5519953,1.1046757,-0.36286122,-0.7799399,-1.4821122,-1.237061,-0.14153431,-3.3987448,-1.4466205,0.32309943,-3.3307743,0.6889204,-1.7022696,1.6646514,1
2.870788,1.7290145,-2.1398852,1.1393573,-1.694152,-1.2970402,-1.1924224,-1.7140993,1.8860415,-5.7561865,-1.2639306,-0.19744846,-4.0342326,-0.024933085,-1.370147,2.275085,13
2.4557915,1.093914,-1.6189398,1.859748,-1.0906702,-0.5063231,-1.8251393,-1.7525575,0.45495355,-4.220479,-0.70103914,0.17777471,-2.7447412,-0.28091848,-1.3477259,1.7969838,37
2.931644,1.6499124,-2.136892,0.9420824,-1.5357924,-1.1471308,-1.2712638,-1.5880464,1.7923632,-5.746527,-1.3569498,-0.010574266,-4.1808224,-0.124571696,-1.4010019,2.2777526,13
2.8269777,1.761446,-2.1211095,1.309143,-1.6495999,-1.1353562,-1.3146648,-1.7355984,1.6510117,-5.6055994,-1.1300704,-0.1794816,-3.7530787,-0.07808003,-1.4013104,2.1961884,13
0.42069745,1.6407478,-1.5231344,1.8736705,-0.558233,-0.45897752,-1.6445324,-1.0552915,0.51118785,-3.1858325,0.21757197,-0.6577555,-0.52267873,-0.46179602,-1.4485664,1.4767467,81
2.625741,1.0743783,-1.82126,2.2267084,-1.0485778,-0.6149092,-1.8642364,-1.7893118,0.4505945,-4.7028885,-0.69552875,0.35613543,-2.959786,-0.26325822,-1.1705053,1.8764156,37
2.7736154,-0.64904886,-1.6572261,1.0623019,0.346634,-1.4418273,-1.109066,-1.314335,-0.39208412,-2.8642955,-1.3527459,0.32744026,-3.4362514,0.80920917,-1.3321304,1.660714,79
3.2351656,1.6732687,-2.179958,1.0681716,-1.7200805,-1.209569,-1.016127,-1.50831,2.2184439,-6.5584817,-1.3802998,0.223489,-4.8539267,-0.019855507,-0.9940534,2.4022858,19
3.242196,-0.22683096,-1.9646963,0.895401,0.019013464,-1.0821935,-1.5197852,-1.6704861,-0.30998504,-3.4257545,-1.3796742,0.35288382,-3.909638,0.5840313,-1.6064484,1.8016849,1
2.532364,1.7835858,-2.0497904,0.89164615,-1.7970273,-1.2494519,-0.91175807,-1.5675037,2.3686733,-5.8961,-1.2063715,-0.28640044,-4.0025373,-0.07602823,-1.2130497,2.2777574,63
2.9352078,-0.43026072,-1.7368621,1.1382022,0.15726608,-1.2517704,-1.2981033,-1.405047,-0.33910978,-3.1933033,-1.3670063,0.39312816,-3.5245554,0.76584125,-1.4182811,1.6705563,79
3.1550994,0.27354658,-2.122263,1.3624364,-0.20249991,-1.291433,-1.5634832,-1.681649,0.052102655,-4.0247884,-1.2175198,0.3417002,-3.6897285,0.46283638,-1.4410806,1.8652738,104
3.1620867,1.622117,-2.1398232,1.0356661,-1.7232919,-1.3653028,-0.949582,-1.5369802,2.1370876,-5.983817,-1.5456777,-0.04204242,-4.5792117,0.01806742,-1.1693957,2.4846935,13
1.8395363,-0.85265154,-0.9412138,0.35020912,0.6749506,-1.1485578,-0.6645365,-0.9209775,-0.88086915,-0.77151257,-1.1594718,-0.05606897,-1.95057,1.0680573,-1.6410642,1.2069649,72
0.65779626,1.689786,-1.6698363,2.086101,-0.5454085,-0.5820956,-1.6590533,-1.0761228,0.5694219,-3.526628,0.16996986,-0.59465355,-0.7662276,-0.4536086,-1.3709524,1.5956432,81
3.0946193,0.31453034,-1.6074727,1.4646806,-0.33043033,-0.82568467,-1.5025349,-1.2077755,-0.10394566,-3.5362935,-1.4045722,0.37415183,-3.1959026,0.6888136,-1.5599558,1.6985838,1
2.8819778,1.7981013,-2.2583416,1.1921619,-1.6055763,-1.2385265,-1.2940199,-1.7178026,1.808678,-5.802423,-1.2352939,-0.137339,-3.9328496,-0.04844401,-1.4209476,2.2542439,13
2.5908642,1.1732575,-1.8285671,2.0954628,-1.0703067,-0.5689979,-1.8975327,-1.831511,0.39581078,-4.4636145,-0.67088413,0.20609428,-2.7711554,-0.27653027,-1.3236558,1.8529572,37
3.10107,1.8142148,-2.4655259,1.1634654,-1.513498,-1.2146641,-1.3965502,-1.7121959,1.7741559,-6.1087213,-1.3189993,0.00096714497,-4.2072244,-0.15380695,-1.4124975,2.3451254,13
2.8163939,1.7858188,-2.1958854,1.4368767,-1.5260628,-1.090542,-1.3762989,-1.729457,1.5401729,-5.5563946,-1.0446435,-0.15103064,-3.5596013,-0.110462405,-1.3813739,2.1597342,13
0.52147216,1.7007713,-1.611173,1.9590787,-0.5489619,-0.49634847,-1.6546628,-0.9950774,0.54249066,-3.3635597,0.1548838,-0.6621767,-0.6000091,-0.45712733,-1.449064,1.5528492,81
2.8675933,1.1810954,-2.1520162,2.4998097,-1.059995,-0.68935114,-1.9410272,-1.8777009,0.41335803,-5.122957,-0.7027572,0.40675014,-3.1206658,-0.252725,-1.1461,1.981994,37
2.7640698,-0.49231762,-1.79167,1.3752334,0.32243523,-1.4798031,-1.1402647,-1.2406099,-0.28618842,-3.2785575,-1.2958251,0.4178728,-3.3867025,0.8115275,-1.2139819,1.6674786,79
3.2571795,1.6834347,-2.2285767,1.1220133,-1.6137737,-1.185597,-1.0671957,-1.4419159,2.15631,-6.553109,-1.3599023,0.26990992,-4.799395,-0.07713108,-0.969985,2.4089034,19
3.2658095,-0.06975833,-2.0410106,1.3398993,-0.005399838,-1.0937885,-1.5213928,-1.5865228,-0.20623915,-3.7847297,-1.2766052,0.46897256,-3.7972143,0.54576755,-1.3741536,1.8166794,79
2.4565072,1.8863171,-2.1572645,0.99928665,-1.7633891,-1.1459875,-1.1168718,-1.6400789,2.2923975,-6.133212,-1.0867596,-0.17914443,-3.8942049,-0.13226724,-1.284085,2.182343,63
2.959635,-0.24794163,-1.8633796,1.575782,0.13966256,-1.3093586,-1.2997901,-1.3124764,-0.25592357,-3.5612102,-1.2860466,0.4690929,-3.4038956,0.7792847,-1.2420831,1.7050958,79
3.3043475,0.33525273,-2.3247445,1.7415999,-0.15812019,-1.3629009,-1.6447289,-1.6913899,0.01858972,-4.3428087,-1.2048317,0.4249066,-3.7431424,0.42766333,-1.345669,1.9656527,104
3.1233015,1.6300265,-2.1773865,1.0862691,-1.6217369,-1.2788454,-1.0101253,-1.5228467,2.0405624,-5.909037,-1.4740996,0.0027001798,-4.4298515,-0.023636393,-1.167067,2.4482858,13
1.9501861,-0.7754913,-0.99708337,0.38767934,0.6130506,-1.20565,-0.73820573,-0.934124,-0.78279877,-0.9327296,-1.2757345,-0.08715018,-2.0632343,1.0041826,-1.697576,1.305283,72
0.76972455,1.7378302,-1.7616727,2.243196,-0.52208996,-0.615054,-1.6426148,-0.9554393,0.6080121,-3.7348292,0.10866141,-0.59221655,-0.8601542,-0.4626987,-1.3063998,1.7230392,81
3.278055,0.35829467,-1.7383285,1.7724303,-0.30008626,-0.9610539,-1.4712565,-1.2124442,-0.038638577,-3.7341275,-1.4059634,0.3881886,-3.2460217,0.7120491,-1.4020052,1.792267,1
2.8801882,1.8246976,-2.3390055,1.2479036,-1.495384,-1.1931401,-1.3339219,-1.7262857,1.7287656,-5.7455163,-1.1699078,-0.11944276,-3.7813292,-0.06311381,-1.4181452,2.2237291,13
2.723966,1.2952403,-2.0811367,2.4061847,-1.1072643,-0.6091219,-1.956871,-1.9107783,0.41907582,-4.894769,-0.6170948,0.24229212,-2.8479052,-0.32117552,-1.237865,1.9419076,37
3.202199,1.8973396,-2.6532097,1.350031,-1.5046674,-1.3096614,-1.430939,-1.7940925,1.8121608,-6.3017983,-1.35013,-0.017024651,-4.2256336,-0.2038166,-1.3764036,2.4560828,13
2.823515,1.8209088,-2.3279126,1.5772295,-1.428591,-1.1188468,-1.45666,-1.8037235,1.4607389,-5.6068406,-1.0041988,-0.14727432,-3.4254982,-0.1333112,-1.3944824,2.1652935,13
0.58044887,1.7403475,-1.5970038,2.0532017,-0.5719564,-0.51226825,-1.5998807,-0.8970015,0.62052333,-3.463767,0.0671272,-0.7060877,-0.6430013,-0.47731975,-1.3879297,1.6793759,81
3.0243564,1.2802122,-2.3192158,2.745603,-1.0995921,-0.73245776,-1.9196396,-1.8544912,0.5111949,-5.449905,-0.7384082,0.40548432,-3.2323651,-0.25421402,-1.0412253,2.116659,37
2.8263447,-0.32599908,-1.9634868,1.765021,0.33502012,-1.5467641,-1.1516612,-1.1660582,-0.2515427,-3.612945,-1.2344576,0.44549954,-3.3113692,0.83109736,-1.1036971,1.7297633,79
3.340406,1.7261509,-2.3325813,1.2287675,-1.4937196,-1.2028393,-1.1262937,-1.4058096,2.0779066,-6.5229692,-1.336798,0.268614,-4.7064004,-0.117976405,-0.9485687,2.4349256,19
3.428923,0.0972842,-2.2833889,1.8512486,0.0038639307,-1.2508334,-1.6292014,-1.6209978,-0.2072969,-4.20364,-1.2464079,0.5190102,-3.7859933,0.49355918,-1.2554388,1.9333491,79
2.5326114,1.9680756,-2.3454015,1.0726053,-1.5684623,-1.12429,-1.3143933,-1.6989231,2.0913854,-6.0869317,-0.99365544,-0.1589205,-3.6941566,-0.15444525,-1.3934543,2.1077874,13
3.1452594,-0.07740952,-2.12754,2.0307236,0.17393929,-1.4780751,-1.365911,-1.3031496,-0.24189357,-3.9715996,-1.2737446,0.48876184,-3.4092636,0.7912209,-1.1558025,1.8199846,79
3.5044312,0.42807287,-2.617574,2.1962352,-0.13650514,-1.4752046,-1.7067225,-1.6887056,0.04765214,-4.862636,-1.1749759,0.5063582,-3.8833165,0.39593318,-1.1926658,2.0959873,104
3.156788,1.6811954,-2.3879366,1.2248385,-1.5063219,-1.2883188,-1.1529775,-1.6272631,1.900491,-6.0290833,-1.3756138,0.04386823,-4.329643,-0.054148797,-1.2008455,2.4170148,13
1.9721192,-0.8223848,-0.88493705,0.4985674,0.5874598,-1.1360093,-0.772059,-0.8898734,-0.7438316,-0.98234487,-1.3259864,-0.02929774,-2.106842,0.9279019,-1.6086862,1.3283554,72
0.8746515,1.7445282,-1.8171183,2.4026814,-0.51158816,-0.6826859,-1.5559866,-0.8041435,0.7057576,-3.9323027,-0.0022449791,-0.6207602,-0.98008335,-0.44987437,-1.1923153,1.9007946,84
3.4345305,0.3847781,-1.7428832,2.1375766,-0.37550288,-0.9600912,-1.3286197,-1.0720934,0.12625335,-3.9554052,-1.3928013,0.39107484,-3.360886,0.67337734,-1.1049508,1.9503332,1
2.8969364,1.8304291,-2.4748187,1.3682806,-1.3793409,-1.2277713,-1.4066951,-1.8211306,1.6095145,-5.733684,-1.1065493,-0.12216481,-3.645327,-0.08741041,-1.4265845,2.2107644,13
2.886536,1.4292796,-2.2965038,2.6778913,-1.1752369,-0.7006436,-1.9544404,-1.9483016,0.5677749,-5.346672,-0.6592748,0.22185777,-2.9847856,-0.35384747,-1.1327494,2.0991914,37
3.1798565,1.9010872,-2.6616158,1.3446816,-1.46538,-1.3791974,-1.3925753,-1.8109013,1.939596,-6.3345475,-1.4100624,-0.046785623,-4.205447,-0.21144478,-1.3356597,2.4958332,13
2.8089418,1.8827238,-2.3807821,1.602614,-1.4181973,-1.1725868,-1.4794226,-1.8679441,1.5770628,-5.7167478,-1.0488701,-0.18614058,-3.3899195,-0.14778817,-1.4028096,2.209594,13
0.7001877,1.7076683,-1.6370525,2.140698,-0.55179185,-0.59521276,-1.5429549,-0.8457213,0.68648875,-3.574669,-0.04664281,-0.6972228,-0.7593714,-0.41898546,-1.3250115,1.7763425,81
3.2129931,1.321116,-2.4929454,3.0309682,-1.1184108,-0.8528856,-1.8278928,-1.7805897,0.6361247,-5.7851725,-0.8251379,0.40753937,-3.4018304,-0.22850566,-0.87419677,2.2940855,37
3.0716867,-0.2145996,-2.282907,2.1694593,0.44260547,-1.7239467,-1.1754117,-1.0673165,-0.20881434,-4.096477,-1.2645338,0.4878397,-3.4565444,0.85719067,-0.98933816,1.8746775,79
3.4240716,1.7408111,-2.4800234,1.3736125,-1.3971816,-1.2944357,-1.1971238,-1.4773366,2.0051434,-6.548969,-1.356826,0.25633705,-4.6463027,-0.15864539,-0.9431381,2.4901187,19
3.6490698,0.24394691,-2.5111706,2.2296352,-0.010763779,-1.4125307,-1.5899029,-1.5243472,-0.05548732,-4.6794786,-1.2775223,0.5309782,-3.9094925,0.51745486,-1.0783639,2.0670152,104
2.5977228,2.0463414,-2.5082924,1.1715447,-1.407978,-1.1910533,-1.4721038,-1.7999564,1.9689996,-6.0941668,-0.97645235,-0.19004044,-3.5198197,-0.15249112,-1.4881673,2.1022065,13
3.395509,-0.028902424,-2.394847,2.5009537,0.25529417,-1.6759561,-1.306468,-1.164456,-0.11624016,-4.495639,-1.3093702,0.5297682,-3.6232765,0.79405177,-0.903256,2.011476,79
3.6407788,0.4868929,-2.7859647,2.6641126,-0.14003141,-1.5825723,-1.6124473,-1.5729063,0.1518626,-5.246094,-1.1428323,0.5167531,-3.9562485,0.3915767,-0.922923,2.2508714,104
3.1618419,1.7514573,-2.5241318,1.3724337,-1.4565309,-1.2907292,-1.2268467,-1.6786426,1.873281,-6.143214,-1.3149284,0.0475692,-4.248443,-0.124395445,-1.1839333,2.4474983,13
1.958892,-0.65083104,-0.9782232,0.84610605,0.5965595,-1.1224803,-0.8332942,-0.8142647,-0.53637373,-1.4836111,-1.2027714,0.06820835,-2.0716674,0.8240415,-1.3895471,1.3287408,72
1.0198151,1.7036157,-1.7040219,2.39717,-0.55327225,-0.7314102,-1.4056635,-0.8778055,0.87243736,-3.871591,-0.080155104,-0.607098,-1.0817053,-0.4234892,-1.0318058,1.957142,84
3.6906796,0.229564,-1.8773651,2.3883967,-0.30756626,-0.9530281,-1.2073753,-0.85773355,0.21304736,-4.191597,-1.455302,0.51355135,-3.7191052,0.6906938,-0.808833,2.1195462,104
2.8479633,1.8808221,-2.4602878,1.4054182,-1.3926722,-1.2530901,-1.381243,-1.8398851,1.7642266,-5.818608,-1.1398953,-0.17097591,-3.6016414,-0.12889287,-1.3799984,2.2699878,13
3.0823343,1.4725889,-2.509045,2.9159813,-1.1793464,-0.82646585,-1.8878286,-1.9046459,0.6735534,-5.6898255,-0.7241051,0.24283643,-3.1643016,-0.3323973,-0.98808265,2.2332442,37
3.1994228,1.8624423,-2.639415,1.2884839,-1.3994943,-1.3961935,-1.278425,-1.7589966,2.0170548,-6.2451835,-1.4290855,-0.04052435,-4.208281,-0.1925925,-1.2458498,2.4839475,13
2.8008928,1.8950491,-2.3840716,1.5631907,-1.3995596,-1.2077576,-1.4145222,-1.8824604,1.682707,-5.7052093,-1.0788021,-0.2171866,-3.3662057,-0.1371109,-1.3622828,2.219957,13
0.88471323,1.6364154,-1.578874,2.149485,-0.6071727,-0.66256416,-1.34181,-0.9452642,0.79459673,-3.485363,-0.10220873,-0.6676306,-0.88826483,-0.36774552,-1.1430147,1.8399909,84
3.2908263,1.2269459,-2.5938964,3.222723,-1.0736219,-0.8767846,-1.6845737,-1.636627,0.6380118,-5.8820715,-0.854286,0.45034617,-3.4837234,-0.14534116,-0.69413704,2.3768485,37
3.2418191,-0.26633427,-2.3911061,2.509427,0.5045451,-1.8909854,-1.0328026,-0.88499403,-0.027032092,-4.458805,-1.3764954,0.50915414,-3.682072,0.8949377,-0.71115243,2.0701134,79
3.4628484,1.7904706,-2.5263944,1.4148247,-1.409106,-1.3076352,-1.1933787,-1.4613261,2.1194873,-6.61578,-1.4202759,0.24507467,-4.6803207,-0.22328421,-0.90866363,2.568936,19
3.7494302,0.24264164,-2.5374887,2.6363487,-0.0679229,-1.4969857,-1.4199283,-1.386531,0.14863007,-4.9987464,-1.324992,0.49485016,-4.01962,0.49673837,-0.76737016,2.269657,104
2.6430728,2.0696719,-2.5650952,1.180899,-1.3493053,-1.2910875,-1.5135157,-1.9150655,1.9616686,-6.055735,-1.0507791,-0.2403812,-3.453024,-0.13408893,-1.5440199,2.1370854,13
3.5901802,-0.1489216,-2.459437,2.832768,0.3338128,-1.8139536,-1.065879,-0.89075696,0.11838876,-4.8334637,-1.4450984,0.51054597,-3.9466927,0.80701476,-0.5313748,2.291265,79
3.74361,0.51726073,-2.854828,3.1019907,-0.17075907,-1.6826732,-1.4630942,-1.3353412,0.3967508,-5.6871886,-1.2183303,0.52380633,-4.0898952,0.39101493,-0.61714864,2.4603043,104
3.1467712,1.7582325,-2.6095836,1.4651431,-1.3783114,-1.3875345,-1.2724385,-1.757448,1.9109286,-6.2806106,-1.3558886,0.05805613,-4.199583,-0.13320702,-1.1674328,2.468995,13
2.284226,-0.25071248,-1.4580698,1.3745244,0.5851096,-1.3123475,-0.9424484,-0.77091736,-0.2755081,-2.506886,-1.1144226,0.10389863,-2.369055,0.7831069,-1.2114043,1.5215577,72
1.3220747,1.8532658,-1.8078732,2.4836078,-0.6723609,-0.7399985,-1.3511682,-1.0950677,0.9866403,-4.076353,-0.051190972,-0.5774041,-1.2199941,-0.40654868,-0.93347883,2.0289228,84
3.7407281,-0.012843294,-1.9948169,2.3835788,-0.2544068,-0.9095446,-1.2072251,-0.8530793,0.16018409,-4.2560334,-1.5549067,0.6364526,-4.0382366,0.70198673,-0.6980818,2.2299788,104
2.8662043,1.8481531,-2.4816678,1.4327469,-1.3541936,-1.3281145,-1.3399699,-1.8668432,1.8501346,-5.883001,-1.1894022,-0.14191025,-3.6406577,-0.11380448,-1.3086596,2.2870793,13
3.1986969,1.402643,-2.6078722,3.1170058,-1.1232272,-0.8652967,-1.7396927,-1.7351309,0.69487166,-5.8225365,-0.74944544,0.30802453,-3.2813787,-0.25568044,-0.78069156,2.3139553,37
3.137138,1.8133955,-2.5107186,1.2700924,-1.41873,-1.3460346,-1.1151919,-1.6821979,2.0769482,-6.080517,-1.4175302,-0.036626726,-4.1644845,-0.18976942,-1.1051075,2.462081,13
2.827594,1.8965881,-2.3981667,1.5727072,-1.4098377,-1.170109,-1.3175163,-1.8187987,1.7286828,-5.6617312,-1.07403,-0.19909327,-3.3669837,-0.1405423,-1.2700231,2.2155936,13
1.1346054,1.7404139,-1.6260213,2.236814,-0.7099452,-0.6492802,-1.258992,-1.1219702,0.8650539,-3.580349,-0.050827593,-0.6357492,-0.9983108,-0.3423934,-1.0088172,1.9017658,84
3.7684832,1.0829098,-2.4600434,2.9347348,-1.0192276,-1.0951406,-1.1658795,-1.5146301,0.9378087,-5.7681437,-1.1335418,0.5184009,-4.097738,-0.1920209,-0.27572232,2.6677372,104
3.2839496,-0.42265114,-2.3445592,2.6702743,0.5278764,-1.9619414,-0.88792646,-0.74346745,0.0798385,-4.50924,-1.5027368,0.5381749,-3.830934,0.9009924,-0.466023,2.2023208,79
3.4620497,1.7948148,-2.517746,1.4061879,-1.4092402,-1.2743356,-1.1320895,-1.4442494,2.161991,-6.55918,-1.4354348,0.21803318,-4.6585894,-0.2516173,-0.8630859,2.5900536,13
3.9108343,0.092595875,-2.585042,2.8522072,-0.02878566,-1.5479623,-1.2789788,-1.1848242,0.24286821,-5.1308284,-1.4616048,0.5374167,-4.2967024,0.52701426,-0.52410984,2.4747665,104
2.6563988,2.0251923,-2.5133646,1.0598896,-1.3146647,-1.3103297,-1.4189594,-1.9216521,1.9916633,-5.856201,-1.1098294,-0.24920109,-3.4239216,-0.07577533,-1.5379553,2.1150296,13
3.5672421,-0.37254375,-2.4408946,2.7602253,0.35979185,-1.7588071,-1.0737038,-0.9298197,0.025522783,-4.6394176,-1.5423131,0.5927122,-4.0651655,0.7852618,-0.46783853,2.3103058,79
3.829214,0.30935806,-2.8891828,3.2248316,-0.061487906,-1.6799191,-1.2941296,-1.1250125,0.3671782,-5.600113,-1.3358688,0.5371955,-4.2205997,0.43553817,-0.41284797,2.606696,104
3.1319864,1.7959368,-2.6677027,1.5092437,-1.371936,-1.4041406,-1.2512982,-1.7864941,1.973797,-6.3751984,-1.3218145,0.077128544,-4.1577215,-0.09473791,-1.121792,2.4202845,13
2.5943656,-0.019802684,-1.7921951,1.8607348,0.55565774,-1.5766464,-0.87479687,-0.66347975,-0.022934929,-3.27885,-1.1455104,0.0995958,-2.662936,0.84488237,-0.993206,1.7424686,8
1.6050361,1.9507555,-1.9821118,2.669982,-0.726676,-0.73271185,-1.3174887,-1.1514959,0.99134266,-4.4549556,0.0016653836,-0.47941953,-1.4082508,-0.37243894,-0.7468279,2.0944183,13
3.6478937,-0.029836027,-1.9296321,2.716289,-0.5505436,-1.2395293,-0.7165549,-1.2558187,0.39804378,-4.595435,-1.2851886,0.5192976,-4.1377788,0.58580136,-0.14392368,2.531612,104
2.8541615,1.8501847,-2.479487,1.5320383,-1.3935227,-1.2835933,-1.2730553,-1.827163,1.8839345,-5.9114356,-1.1454301,-0.09701129,-3.6136672,-0.10338763,-1.1957858,2.2616196,13
3.613357,1.2940893,-2.3733866,2.8041058,-1.1541138,-1.0521057,-1.1880682,-1.6168814,1.0901756,-5.7276587,-1.0169642,0.38329244,-3.9117975,-0.3611306,-0.3040216,2.6139874,104
2.9703853,1.8730497,-2.515548,1.5665838,-1.6010354,-1.2528765,-1.1452045,-1.7368559,1.9698465,-6.0921416,-1.3246095,-0.08844635,-3.9383297,-0.24069186,-1.0784063,2.4692824,13
2.708891,1.9014511,-2.29873,1.6743776,-1.5331358,-1.0772986,-1.2285278,-1.751589,1.7736562,-5.6029024,-1.0636115,-0.21482792,-3.275777,-0.16754848,-1.1671691,2.236172,13
1.3921597,1.8316109,-1.8125288,2.4899273,-0.8002995,-0.6158742,-1.2170868,-1.1919298,0.85554016,-4.0131426,0.027335286,-0.52682924,-1.1797317,-0.33409646,-0.80280477,1.9763086,84
4.0335503,1.4321349,-3.023779,3.2255788,-1.2775902,-1.0538038,-1.3259137,-1.5935076,0.949761,-6.819411,-1.0856242,0.58161116,-4.543551,-0.26363832,-0.27197266,2.8756454,104
3.176167,-0.57394904,-2.3170583,2.4986773,0.43072167,-1.8476592,-0.9998597,-0.88991356,-0.08408691,-4.2392683,-1.5948282,0.62506276,-3.8648407,0.8076213,-0.5091839,2.1650224,79
3.4251442,1.7310196,-2.4232972,1.3643904,-1.4060116,-1.2147467,-1.0360208,-1.4099563,2.1608467,-6.380821,-1.4515052,0.19650488,-4.633569,-0.2532343,-0.8024756,2.5885842,13
3.8343015,-0.1479053,-2.709603,2.7591286,0.00759311,-1.5097682,-1.3306448,-1.2970273,0.03675045,-5.016704,-1.5478381,0.6173513,-4.43964,0.5397736,-0.5444459,2.490515,104
2.6812825,1.9589629,-2.4096942,0.9629345,-1.3076204,-1.2695823,-1.2426558,-1.8203586,2.0574133,-5.6613965,-1.1503751,-0.22707167,-3.456978,-0.05018583,-1.4309852,2.1085508,13
3.3615055,-0.61344546,-2.4711244,2.4975753,0.35397002,-1.7003858,-1.2218332,-1.0867393,-0.19236837,-4.4322157,-1.6704968,0.7052535,-4.1676354,0.7608859,-0.561249,2.246379,79
3.626751,-0.063146956,-2.3595355,2.800817,-0.13207982,-1.7744569,-0.7614119,-1.2903008,0.28538197,-4.749768,-1.4314535,0.49149656,-4.13873,0.5668366,-0.18725583,2.5843763,104
2.952824,1.8504335,-2.6457465,1.7365278,-1.4688271,-1.324043,-1.2541826,-1.8332716,1.906652,-6.3529778,-1.1890848,0.033392027,-3.8868368,-0.10770041,-1.0711122,2.3704762,13
2.7301657,-0.10771483,-1.9360805,2.265902,0.57555497,-1.7737969,-0.68023473,-0.47870868,0.102834895,-3.6298747,-1.213274,0.17940979,-2.9030223,0.89772797,-0.657794,1.9228024,8
1.8628455,1.9899044,-2.227691,3.0047846,-0.82591236,-0.6678295,-1.3649142,-1.1848912,0.91154265,-5.0382285,0.07614547,-0.31257588,-1.6358842,-0.41529602,-0.5539192,2.134723,13
3.6483586,0.23175088,-2.6128912,3.0499406,-0.85590327,-1.117257,-0.9034415,-1.5180714,0.19654734,-5.7883377,-0.9965012,0.7936653,-4.446315,0.53315854,-0.11690994,2.6151114,104
2.6544507,1.8387139,-2.357374,1.7628325,-1.5661798,-1.1639864,-1.2134905,-1.8077081,1.8766687,-5.8817186,-1.0921263,-0.11734493,-3.4483256,-0.15652388,-1.0817302,2.2925107,13
3.8354764,1.5808179,-2.8416615,3.0807424,-1.434497,-0.9747836,-1.2866216,-1.6198627,1.1427325,-6.754036,-1.0119064,0.48659408,-4.422414,-0.4588234,-0.24345711,2.8678477,104
3.4066439,1.47775,-1.9492711,1.0745279,-1.5275884,-1.4953408,-0.3164959,-1.3980273,2.3675938,-5.384715,-1.6733879,-0.025771827,-4.592677,-0.28022993,-0.43939278,2.7321684,13
3.0988095,1.8254201,-2.0692065,1.568397,-1.7081107,-1.1705155,-0.6970921,-1.5916559,2.0753748,-5.4265575,-1.311487,-0.21762632,-3.7758563,-0.3334443,-0.7195843,2.5475664,13
1.5381994,1.8928854,-2.113827,2.84168,-0.9618552,-0.49802005,-1.4665394,-1.3615797,0.72202146,-4.731733,0.13139296,-0.25133485,-1.3690163,-0.40770847,-0.7136875,1.9516438,84
3.7274709,1.7100383,-3.0673862,3.3224878,-1.5239617,-0.83083194,-1.5875654,-1.7908132,0.85342133,-7.1050234,-0.8358994,0.5565358,-4.2916064,-0.47334772,-0.38755497,2.8460038,104
2.8505673,-0.93104464,-2.3317454,2.0347705,0.47602466,-1.8118062,-1.1526369,-0.99674356,-0.3252033,-4.0063114,-1.7474978,0.82123315,-4.0193563,0.81002176,-0.60617554,2.019601,79
3.2742891,1.7107285,-2.2328718,1.4148614,-1.5481883,-1.1056367,-0.90645707,-1.3701135,2.186647,-6.173633,-1.4703296,0.1327887,-4.5168076,-0.2980793,-0.73445547,2.6301963,13
3.6242533,-0.3849702,-2.50758,2.5652966,-0.08694165,-1.6096138,-0.8258171,-1.5083128,-0.0015874356,-4.6833234,-1.3800384,0.6091338,-4.4153023,0.56211394,-0.21024781,2.5290916,104
2.597861,1.8811629,-2.2057898,0.96159506,-1.4108971,-1.1688637,-1.0489346,-1.6944973,2.1584508,-5.475083,-1.1875014,-0.21578303,-3.4426837,-0.08483112,-1.2622786,2.1305487,13
2.7706974,-1.2254928,-1.7711841,2.1829982,0.41203263,-1.7298567,-0.6214305,-1.1075996,-0.3391177,-3.3851042,-1.537858,0.71070874,-3.850498,0.93339616,-0.19058879,2.163877,79
3.4023144,-0.026280804,-2.6480043,2.816504,-0.09304646,-1.6098644,-0.7346073,-1.247902,0.09687113,-4.7798805,-1.1838343,0.41748995,-3.901807,0.5571314,-0.124339014,2.6085987,104
3.3353617,1.7163708,-2.1944208,1.4002571,-1.493155,-1.4086397,-0.62463355,-1.5803027,2.1352146,-5.611331,-1.439634,-0.08723207,-4.1841803,-0.22974238,-0.64756304,2.599997,13
2.6833005,-0.36216813,-2.0109675,2.3239322,0.530846,-1.8446884,-0.64785767,-0.5530162,0.019591138,-3.5826912,-1.2926193,0.30825543,-3.089941,0.88898325,-0.5118431,1.9684587,8
1.9218341,1.9904938,-2.526014,3.3404546,-0.9920292,-0.50791377,-1.5438168,-1.3235161,0.7886594,-5.6647596,0.19898397,-0.11768658,-1.7582682,-0.52906287,-0.46183714,2.1021829,13
3.5610447,0.115564235,-2.709543,2.8959537,-0.76824164,-0.9552195,-0.93088984,-1.5198922,-0.08298613,-5.6477385,-0.9831441,0.8681747,-4.406265,0.634277,-0.2464338,2.5921764,104
3.0584657,1.6915178,-1.8486999,1.3113089,-1.6363965,-1.2758199,-0.50800896,-1.5784141,2.2832785,-5.2744284,-1.3569068,-0.18297961,-3.9189527,-0.30297726,-0.5749589,2.5429378,13
3.5711703,1.9104949,-3.0200133,3.195366,-1.6210893,-0.8215745,-1.6506445,-1.9172232,1.0199099,-7.1360106,-0.734115,0.46787703,-4.1501966,-0.6083358,-0.43536457,2.7906017,104
3.2737832,1.6604531,-2.2310853,1.0878297,-1.6931804,-1.4170631,-0.44181478,-1.5770507,2.252826,-5.6566405,-1.4106243,-0.055082425,-4.5126004,-0.37804344,-0.4795222,2.7132888,13
3.034557,1.9132172,-2.0644379,1.6134931,-1.8956325,-1.1495297,-0.6676816,-1.6237015,2.1796951,-5.6621027,-1.3050553,-0.214,-3.8980582,-0.4306747,-0.63906705,2.6902854,13
1.4599292,1.978176,-2.4465525,3.1938682,-1.2200341,-0.37035972,-1.8376038,-1.6775371,0.71022326,-5.577787,0.24946123,-0.0095651895,-1.4742842,-0.58535695,-0.70219314,1.9618856,84
3.6346426,1.564156,-3.1137662,3.0078921,-1.4313867,-0.8756368,-1.4529724,-1.7291245,0.70721304,-6.856082,-0.823254,0.59064597,-4.2771864,-0.37489715,-0.39293107,2.8363404,104
2.290235,-1.594555,-1.6829973,1.8675984,0.60658133,-1.8467131,-0.53715837,-0.97625566,-0.5064115,-3.0306354,-1.5524756,0.8371099,-3.699981,1.0257897,-0.17988965,1.947271,79
3.310946,1.4027584,-1.5310879,0.9433315,-1.4008024,-1.3024962,-0.27555588,-1.1756674,2.5910845,-5.3582935,-1.6807154,0.16195877,-4.7016964,-0.31565064,-0.26471445,2.7468286,17
3.2696455,-0.41502967,-2.6760106,2.625194,-0.24076143,-1.4366463,-0.988447,-1.7342407,-0.35313553,-4.8290353,-1.1401217,0.77010375,-4.177577,0.61405796,-0.34309423,2.3728483,79
2.4314451,1.842619,-2.066313,1.1352046,-1.6007422,-1.0602094,-0.9804335,-1.6584135,2.1839924,-5.421782,-1.2037089,-0.222756,-3.3457222,-0.15423837,-1.167723,2.1782174,13
2.4667253,-1.5296355,-1.8183476,1.9174944,0.48317328,-1.5642747,-0.36012727,-1.0577167,-0.6562681,-3.0868835,-1.3501017,0.8667666,-3.7555935,1.1291149,-0.09221491,1.9992492,79
3.2583,-0.09844502,-2.9936662,3.0641036,-0.38892728,-1.3687584,-0.8429657,-1.4989071,-0.2680108,-5.4157486,-0.9725441,0.8497137,-4.0876985,0.52458316,-0.030334331,2.4937007,79
3.199961,1.6460505,-1.8869138,1.0737269,-1.5205659,-1.2990308,-0.3596238,-1.4419036,2.2057245,-5.1403136,-1.3884877,-0.14136812,-4.0900908,-0.238795,-0.49321064,2.5697007,13
2.434743,-0.6113755,-2.0760024,2.2222075,0.51941764,-1.8762808,-0.82011545,-0.70551836,-0.07688506,-3.5594242,-1.3773451,0.4488793,-3.1901054,0.8477034,-0.5208752,1.9204977,72
1.7161484,2.0747943,-2.6889822,3.1488833,-1.3632499,-0.39245382,-1.8946476,-1.9185059,0.7806367,-5.816264,0.27031118,-0.06084004,-1.6111943,-0.66102356,-0.75626844,1.9533986,13
3.4405859,-0.107483536,-2.664096,2.7860956,-0.64168644,-0.8805248,-0.7859015,-1.4036919,-0.1260647,-5.6219044,-0.98452085,1.0497365,-4.460297,0.77132565,-0.09637207,2.5264354,18
2.9729216,1.7965801,-1.9415364,1.3263371,-1.7846336,-1.2067149,-0.49830756,-1.6167785,2.244995,-5.428656,-1.2115464,-0.1995384,-3.9071052,-0.38409102,-0.5189445,2.5755954,13
3.4940157,1.94934,-3.2990441,2.8985887,-1.5336064,-0.9423276,-1.6833842,-1.9966199,0.99338335,-7.08687,-0.609829,0.3878221,-4.0735517,-0.58316034,-0.5228176,2.7594638,104
3.1293383,1.6328402,-2.4272337,0.9700532,-1.6764948,-1.3219296,-0.55582,-1.6544538,2.0896142,-5.7616873,-1.180461,-0.02340345,-4.5156927,-0.44306841,-0.5086298,2.70388,13
2.978714,2.0107353,-2.3303661,1.6625077,-1.9229445,-1.176637,-0.92690724,-1.8017967,2.0796099,-6.0646906,-1.0997837,-0.10343876,-3.9780233,-0.50921994,-0.6827039,2.6470876,13
1.3970139,2.0573864,-2.6188335,2.856411,-1.3780015,-0.35766467,-1.9548032,-1.9982493,0.7870909,-5.5628233,0.27602184,-0.06652656,-1.387648,-0.622762,-0.9130838,1.8453196,13
3.4980168,1.4072479,-3.0283787,2.6136036,-1.201354,-0.9942418,-1.391026,-1.7133464,0.5937948,-6.23315,-0.86867493,0.47972572,-3.979683,-0.19328173,-0.56614256,2.6763685,104
2.1938167,-1.7713181,-1.8494037,1.8719879,0.583171,-1.6759673,-0.3087435,-0.8945612,-0.75798947,-3.1033094,-1.3760393,1.0456635,-3.821513,1.1844623,-0.004885569,1.8833932,79
3.288727,1.5393282,-1.6587147,0.9227623,-1.4707304,-1.3175813,-0.23871194,-1.2123278,2.512688,-5.3765397,-1.5116211,0.057884082,-4.635886,-0.32411844,-0.2506057,2.7653518,17
3.2838502,-0.43528926,-3.0143368,2.7394052,-0.31118375,-1.294008,-1.0364166,-1.8218409,-0.6909064,-5.1107864,-0.9939758,0.9660075,-4.2484045,0.74769306,-0.40845174,2.3172328,79
2.8927674,1.5912797,-1.8265493,0.9458071,-1.72958,-1.1916689,-0.31880158,-1.4263617,2.462723,-5.1683884,-1.5119107,-0.19690415,-4.0182953,-0.26763645,-0.6599497,2.513573,13
2.5284903,-1.5235978,-2.1020532,2.120942,0.33085957,-1.371914,-0.43748984,-1.1345851,-0.9358723,-3.5085435,-1.2906489,1.1081959,-3.9044716,1.2043488,-0.13704333,1.9580691,18
3.0643547,-0.20963533,-2.8031728,3.044088,-0.4488532,-1.2215475,-0.8257392,-1.539573,-0.5149069,-5.0192323,-0.9680092,0.83518505,-3.8175266,0.5476457,-0.15296859,2.4436843,18
3.186864,1.5544475,-2.1407208,1.1544338,-1.5515033,-1.2672129,-0.42943788,-1.5394013,2.0216513,-5.3598876,-1.2055597,-0.032255158,-4.240658,-0.35200325,-0.34680188,2.6343486,13
2.24896,-0.9559095,-2.2200606,1.9916521,0.6000047,-1.8656824,-1.1067169,-0.8088462,-0.2757101,-3.6189065,-1.5322611,0.7282369,-3.4762383,0.8051447,-0.56853354,1.846139,72
1.7061431,2.0577714,-2.7559226,2.8040242,-1.3805964,-0.44839755,-1.9917772,-2.0679793,0.7811966,-5.6481476,0.20513144,-0.060983777,-1.6212162,-0.6005109,-0.9823412,1.862347,13
3.1243267,-0.025615407,-2.5923731,2.655158,-0.5727499,-0.9418326,-0.8218466,-1.4259245,-0.123794034,-5.120799,-0.89151615,0.8757051,-3.9032557,0.74350274,-0.2177909,2.3592765,18
2.7389538,1.7426624,-1.9808854,1.1908557,-1.722015,-1.0651828,-0.6027155,-1.6727123,2.1128309,-5.3221517,-0.97836584,-0.17994854,-3.743683,-0.47451878,-0.5202486,2.500216,13
3.4717975,1.9323031,-3.5806255,2.6073194,-1.3616217,-1.1887512,-1.6696405,-2.008145,1.0471842,-7.074037,-0.67733634,0.27738643,-4.029189,-0.4387394,-0.65426385,2.7334316,104
3.125733,1.6059128,-2.8124542,0.83763826,-1.4831272,-1.5024204,-0.6607771,-1.7042372,1.972351,-5.764249,-1.0888292,-0.10387712,-4.383658,-0.34416264,-0.6070293,2.6352525,19
2.8130283,1.9753596,-2.466922,1.2884086,-1.7625673,-1.1783365,-0.9004835,-1.7972736,2.0112038,-5.729109,-0.8854334,-0.2683194,-3.7317815,-0.49188185,-0.75238216,2.542198,13
1.3950934,2.0682807,-2.663679,2.5539246,-1.3678268,-0.3880046,-1.9058168,-2.0431843,0.81779224,-5.2639446,0.22008133,-0.2220208,-1.2914845,-0.6042343,-1.0673468,1.8258784,13
3.4215229,1.304944,-2.980467,2.2323065,-1.1141162,-1.103907,-1.3053031,-1.7290353,0.5926267,-5.8882365,-0.9758944,0.3689345,-3.9100294,-0.03811921,-0.7467384,2.595649,104
2.2020018,-1.745619,-1.9573123,2.062213,0.42370787,-1.4724638,-0.37218985,-0.9456006,-0.9512118,-3.3612995,-1.3629354,1.1875746,-3.819414,1.2139649,-0.032971114,1.8495723,18
3.1358273,1.6829256,-1.9043483,0.8723012,-1.486552,-1.2201514,-0.4888481,-1.3573443,2.2570052,-5.4916196,-1.1913185,0.011807755,-4.4592576,-0.40962183,-0.39939466,2.6760151,13
3.0518498,-0.7051448,-2.7161849,2.4212294,-0.18309054,-1.126477,-0.85034215,-1.658771,-0.8055773,-4.6359873,-1.1146927,1.0700127,-4.096543,0.8984416,-0.404564,2.2061918,79
2.7928472,1.439206,-1.639137,0.7628144,-1.8098941,-1.2820995,-0.116931014,-1.332668,2.653121,-5.10802,-1.6187712,-0.1588816,-4.235902,-0.31820047,-0.49291483,2.6113932,63
2.3447134,-1.555369,-2.0312572,1.9536232,0.30850506,-1.197938,-0.3284183,-1.1144445,-0.96226346,-3.587781,-1.2116606,1.25081,-3.7981398,1.3154888,-0.09318143,1.8003607,18
2.6076388,-0.3241868,-2.6685467,2.8575377,-0.31289867,-1.1429378,-0.74944615,-1.5436429,-0.65428853,-4.3955107,-0.8378211,0.8415432,-3.2231653,0.6376015,-0.19134574,2.201302,18
3.2275603,1.4911051,-2.483859,1.1053106,-1.4939961,-1.4167095,-0.5527041,-1.5800191,1.925285,-5.63767,-1.1897873,0.06750037,-4.460518,-0.3716452,-0.35592157,2.709038,104
1.635801,-1.7632397,-1.4388098,1.5734614,0.81952155,-1.9833826,-0.53599906,-0.5944749,-0.38255787,-2.4602406,-1.5594308,0.8275883,-3.3084915,1.0726719,-0.18804874,1.6996652,72
1.7059995,2.0306606,-2.7509022,2.5917048,-1.3855991,-0.4921559,-1.945353,-2.0712583,0.81361747,-5.417896,0.10013983,-0.1597029,-1.6128396,-0.5810128,-1.0815346,1.9127582,13
2.9539993,0.10407828,-2.468917,2.4504857,-0.671486,-0.99670964,-0.8047487,-1.4176483,0.053720847,-4.85536,-0.91262805,0.7111245,-3.677653,0.6942989,-0.3089673,2.2933211,18
2.8204885,1.6298242,-2.3066072,0.9461651,-1.5605665,-1.2298397,-0.51884377,-1.5603898,2.008723,-5.2166495,-0.93221563,-0.26212502,-3.8070862,-0.3960139,-0.5114373,2.509825,13
3.6156785,2.0178735,-3.763094,2.4547052,-1.3746047,-1.358055,-1.7324383,-2.0623739,1.2375618,-7.5040483,-0.775419,0.2981633,-4.3263555,-0.34701195,-0.7507066,2.759626,104
3.2797124,1.572008,-2.9090004,0.7753967,-1.274388,-1.6807439,-0.65317786,-1.6864477,1.9067404,-5.585429,-1.1344386,-0.25469023,-4.2180552,-0.1698981,-0.6787797,2.5699153,19
2.7905736,1.832458,-2.5960984,0.99017656,-1.489136,-1.3384767,-0.7675903,-1.6828809,1.9454746,-5.298787,-0.8705115,-0.42581397,-3.4520857,-0.26267415,-0.79130197,2.39516,13
1.3896742,2.0645876,-2.6270123,2.3281126,-1.3843385,-0.40978217,-1.8874352,-2.0641081,0.83390504,-4.9154296,0.11328328,-0.37600416,-1.1778859,-0.5938587,-1.2327583,1.8607637,13
3.3093538,1.1239911,-2.9406307,1.9572276,-1.0474342,-1.1071193,-1.253175,-1.730308,0.467264,-5.3571067,-1.0803554,0.2919454,-3.7252986,0.06656532,-0.91499627,2.496284,104
2.0206335,-1.7828326,-1.9713701,1.893314,0.43735626,-1.354758,-0.28514892,-1.0460068,-0.9866413,-3.4624066,-1.2193462,1.3025384,-3.71255,1.2944489,-0.017374896,1.6961097,18
3.1514294,1.783478,-2.4474847,0.9436929,-1.491512,-1.4133404,-0.6495683,-1.4483941,2.177974,-5.8645477,-1.0626931,-0.10602334,-4.4698677,-0.476855,-0.44821656,2.7980418,19
2.6322098,-0.5747862,-2.5960634,2.3373995,-0.22006564,-1.0559264,-0.82704926,-1.6461427,-0.7823503,-4.29339,-0.9426108,0.9874512,-3.5184503,0.8576148,-0.42993745,2.0215814,79
2.7712374,1.465197,-1.6868396,0.46379292,-1.8147528,-1.4281584,-0.038843304,-1.345701,2.7617157,-5.018057,-1.5954747,-0.31173375,-4.3368835,-0.3357696,-0.5191865,2.7097445,63
1.9197024,-1.4712902,-1.9362022,1.8540145,0.32911727,-1.2373481,-0.3759951,-1.2316512,-0.93676794,-3.2118223,-1.0606565,1.1011294,-3.292096,1.2266026,-0.2127401,1.6911131,18
2.3931227,-0.31363562,-2.5676064,2.4092565,-0.3347705,-1.2311273,-0.7329669,-1.6496072,-0.5683608,-4.132641,-0.86734545,0.79468524,-3.1181858,0.7466342,-0.37761125,2.0222154,18
3.32027,1.4992762,-2.710894,0.9705529,-1.2737817,-1.6736537,-0.68649894,-1.7004598,1.8044832,-5.513734,-1.1627343,-0.037882835,-4.2934666,-0.19808026,-0.5420794,2.551016,104
1.3524975,-1.9748882,-1.315107,1.3033794,0.8625152,-1.724772,-0.18854748,-0.620544,-0.65997046,-1.9445367,-1.3548164,0.78208375,-3.0513158,1.2753508,-0.13516653,1.5928104,72
1.699328,1.9662064,-2.6260962,2.345777,-1.4033358,-0.5256783,-1.8873007,-2.066356,0.898508,-5.2164335,-0.0126743615,-0.21365695,-1.6466845,-0.5556706,-1.1459589,1.9078805,13
2.8033638,0.11453171,-2.5027516,2.4209256,-0.63317585,-1.1108601,-0.8904808,-1.4885433,0.054514557,-4.861003,-0.9261012,0.7176916,-3.5349174,0.6576592,-0.39818373,2.2230492,18
2.972376,1.6173456,-2.5569243,0.846823,-1.4049584,-1.5049193,-0.5823245,-1.6020385,1.9664791,-5.1656704,-1.0157642,-0.37821248,-3.7599745,-0.21080577,-0.65574664,2.458667,19
3.4556415,1.7402501,-3.538362,2.2764993,-1.3364985,-1.3295693,-1.6509018,-1.9931955,1.1716837,-6.9354496,-0.8851976,0.25737542,-4.1678753,-0.33678,-0.81500137,2.683249,104
3.4722283,1.6832147,-3.05472,0.87915266,-1.2825761,-1.7042444,-0.71796274,-1.7097961,2.0740278,-5.891909,-1.1653179,-0.2940666,-4.324782,-0.19351602,-0.6669407,2.648312,19
3.0856712,1.9808689,-2.8829038,1.1378638,-1.4299736,-1.4404461,-0.8798626,-1.6317761,2.0047216,-5.7368865,-0.91467935,-0.4508208,-3.6403515,-0.22696456,-0.8179112,2.5180295,19
1.401838,2.0406964,-2.555487,2.1948152,-1.4133081,-0.41568547,-1.8929002,-2.0672584,0.8844129,-4.742045,0.04121515,-0.42665702,-1.1637362,-0.5886201,-1.3206573,1.8466787,13
3.0654535,1.0564806,-2.7727609,1.6169008,-0.9863945,-1.0809631,-1.1566045,-1.6583589,0.60629576,-4.913163,-1.0852022,0.17206363,-3.4309201,0.01861415,-0.9376,2.3424416,104
1.6226095,-1.6713959,-1.7492912,1.6906205,0.46690735,-1.418113,-0.2738524,-1.1227504,-0.8695588,-2.9933064,-1.1164987,1.1028835,-3.2570515,1.2605329,-0.1784034,1.6315763,72
3.3967679,1.8561716,-2.7281928,0.82173467,-1.3832018,-1.6719288,-0.7257192,-1.4452802,2.27023,-6.003189,-1.1738833,-0.23508161,-4.542796,-0.3312478,-0.58162236,2.8149033,19
2.4185061,-0.502453,-2.4839761,2.1126251,-0.2448394,-1.140282,-0.8028501,-1.6353462,-0.64208436,-4.044752,-0.97971386,0.8489897,-3.2963173,0.8217575,-0.5368426,1.948804,79
2.5236905,1.5044792,-1.8638248,0.08894029,-1.6344776,-1.3992803,0.015127122,-1.3264258,2.661492,-4.5050077,-1.2894397,-0.6463333,-3.7947173,-0.24811798,-0.6553503,2.5607746,63
1.749722,-1.2189443,-1.841195,1.5990735,0.28007385,-1.3109151,-0.34568745,-1.2255086,-0.73820394,-2.9474957,-1.0860412,0.8521285,-3.003727,1.1784127,-0.3950245,1.6807775,72
2.1814363,-0.2878322,-2.5366006,2.1824799,-0.26785415,-1.3454914,-0.7920178,-1.637305,-0.494785,-4.0053988,-0.8950408,0.7450377,-2.9645612,0.7200447,-0.4829657,1.9178942,79
3.342499,1.3995539,-2.6814597,1.0050983,-1.1416738,-1.6582342,-0.6562376,-1.6282502,1.7767478,-5.4069386,-1.1664324,-0.08402575,-4.203916,-0.13618037,-0.5237461,2.5674682,104
1.3917296,-1.6609248,-1.4410028,1.4844269,0.58837056,-1.3040649,-0.33948886,-0.7251076,-0.71591824,-2.5214624,-1.0755069,0.95663166,-2.9337168,1.275198,-0.26162273,1.4315608,72
1.689087,1.8898534,-2.5207365,2.1580062,-1.3782202,-0.60051835,-1.8113244,-1.99787,1.0263356,-4.98917,-0.115456775,-0.2759994,-1.6603866,-0.56399703,-1.1581657,1.9064814,13
2.699976,0.21769847,-2.572306,2.3981419,-0.6042566,-1.2041843,-1.0302081,-1.6401453,0.066772014,-4.820291,-0.8878473,0.6015444,-3.310698,0.52813953,-0.52801704,2.1712074,8
3.1706238,1.6831179,-2.794316,0.95203376,-1.3201423,-1.5329505,-0.6723163,-1.6023451,1.983697,-5.4859037,-1.0012264,-0.37209272,-3.8652613,-0.17897528,-0.6666308,2.5136127,19
3.1970167,1.5686947,-3.3001544,1.9600528,-1.3163308,-1.2303593,-1.5178075,-1.8980346,1.2748365,-6.4098444,-0.90744746,0.19187249,-3.9303422,-0.41096047,-0.8022978,2.5352178,104
3.4288216,1.5140573,-3.044584,0.8875791,-1.2198184,-1.6198287,-0.7039109,-1.6060667,2.0336971,-5.579197,-1.2358007,-0.34448355,-4.1558337,-0.24627016,-0.71007913,2.6187656,19
3.1510267,1.9452164,-2.9731102,1.3108968,-1.4371561,-1.371899,-0.96359223,-1.623036,1.9829395,-5.8459206,-0.9599137,-0.4200946,-3.659978,-0.31727707,-0.8277118,2.584373,13
1.4269773,2.0522203,-2.5062132,2.081287,-1.4130418,-0.4419013,-1.8569765,-2.0461872,1.0110803,-4.6843348,-0.011300683,-0.46285748,-1.1760846,-0.6153838,-1.3292489,1.8326918,13
2.9477987,1.0211285,-2.7683983,1.7036628,-0.97003555,-1.0627764,-1.1971517,-1.6572814,0.59163666,-4.951212,-1.0392756,0.17672049,-3.2868607,-0.008317664,-0.9239252,2.2642536,104
1.4698536,-1.4701334,-1.6695606,1.484502,0.4464188,-1.429048,-0.23771206,-1.0911925,-0.75293654,-2.7937372,-1.10816,0.93248355,-2.9884975,1.2259517,-0.310807,1.5805066,72
3.6460202,2.0035279,-2.9785633,0.9011663,-1.4138755,-1.7345583,-0.8295878,-1.4715432,2.462764,-6.486189,-1.2452652,-0.28175354,-4.7508187,-0.32960892,-0.6333281,2.9244943,19
2.2430062,-0.4373124,-2.4062293,1.9849948,-0.2217804,-1.241268,-0.82029784,-1.6222446,-0.51317525,-3.978448,-0.99974495,0.7764975,-3.1393955,0.78096384,-0.60741305,1.9059136,79
2.43754,1.3840246,-1.9074596,-0.06229478,-1.4021475,-1.456643,0.081673086,-1.1254238,2.5879807,-4.0550795,-1.3041732,-0.8348347,-3.3901494,-0.09560065,-0.7181787,2.4377367,63
1.6167914,-1.1346983,-1.7838416,1.4379214,0.33233088,-1.3534334,-0.3691334,-1.2064276,-0.67231,-2.8305938,-1.1117706,0.75718564,-2.823179,1.133671,-0.52155995,1.6387607,72
2.0935998,-0.24730526,-2.5576525,1.957569,-0.21461602,-1.4092927,-0.8385192,-1.6607207,-0.4160005,-3.915185,-0.92105865,0.60029763,-2.875423,0.63530964,-0.62738913,1.8965719,79
3.4506793,1.2811952,-2.8341348,0.9498594,-1.0684185,-1.6796585,-0.66778946,-1.6196984,1.7459289,-5.2693524,-1.2834365,-0.14212827,-4.1988554,-0.06746249,-0.62271184,2.5905433,104
1.3899994,-1.4876425,-1.6176976,1.4902986,0.44252542,-1.0375485,-0.36592978,-0.8126933,-0.81726825,-2.8156252,-0.95212,1.0238804,-2.7860243,1.2438128,-0.35837734,1.327606,72
1.6799157,1.7997938,-2.4264522,2.2463512,-1.342043,-0.64831173,-1.751219,-1.9303277,1.0557208,-4.9478607,-0.14763264,-0.2722731,-1.6834111,-0.5943223,-1.0694692,1.9503343,13
2.6117902,0.35171252,-2.5935087,2.2673364,-0.61170506,-1.2096081,-1.1109405,-1.7552884,0.11970808,-4.7391553,-0.81963354,0.42231333,-3.108317,0.3873746,-0.6671409,2.1032138,8
3.2125902,1.5851325,-2.9008348,1.0605229,-1.2801467,-1.471267,-0.74360144,-1.600784,1.9053701,-5.3800225,-1.0584859,-0.37672675,-3.7662852,-0.19874148,-0.7242566,2.5323176,19
3.013944,1.5610906,-3.1777613,1.9456922,-1.345096,-1.1715045,-1.4921844,-1.8572137,1.355009,-6.279145,-0.8741845,0.11750136,-3.7004426,-0.5052016,-0.78028435,2.471432,13
3.2315845,1.5503974,-3.0678408,1.0251844,-1.2898813,-1.4660546,-0.7407648,-1.5547273,2.1006722,-5.6281796,-1.1401258,-0.3839213,-3.8516757,-0.34040862,-0.6855971,2.5393417,19
3.0593524,1.8485371,-3.009388,1.1928409,-1.4487753,-1.2401819,-0.9710659,-1.6263125,1.9830364,-5.7380233,-1.0190792,-0.37959886,-3.569802,-0.36729902,-0.9000111,2.5057733,13
1.4496402,1.9753262,-2.4741426,2.1676178,-1.3659239,-0.51551944,-1.8071802,-1.9967849,1.0290573,-4.6973248,-0.0397477,-0.4446293,-1.2459971,-0.6499672,-1.2451346,1.8792511,13
2.9090264,0.91908884,-2.7940595,1.9437276,-0.9452051,-1.1194001,-1.2863011,-1.6965725,0.51943296,-5.212818,-1.0382557,0.287306,-3.3690834,-0.012374729,-0.8873851,2.2694244,104
1.4324223,-1.2953994,-1.7453052,1.2965376,0.46043697,-1.4358841,-0.33329803,-1.1613687,-0.6808095,-2.7704654,-1.1150349,0.7886582,-2.813318,1.1369004,-0.51241124,1.5404149,72
3.735451,1.6889296,-2.872289,0.99181485,-1.2806449,-1.7025352,-0.719912,-1.3276418,2.4002314,-6.1299114,-1.3729653,-0.2524755,-4.7316976,-0.34815714,-0.56526136,2.9200895,19
2.1739535,-0.40101177,-2.4417074,1.8357722,-0.17564195,-1.3209778,-0.8687762,-1.6802922,-0.43219662,-3.959723,-1.0007298,0.68049157,-3.068115,0.7037213,-0.7017025,1.8679084,79
2.778139,1.4722062,-2.064098,0.06304327,-1.3614477,-1.5501728,0.07060099,-1.0564885,2.6895216,-4.4100356,-1.4124812,-0.8413972,-3.6256862,-0.018063232,-0.69358504,2.5426702,63
1.5464352,-0.9143608,-1.88925,1.240747,0.32852036,-1.3979012,-0.49104288,-1.3328478,-0.5767836,-2.819817,-1.0503279,0.5734859,-2.6161919,1.034473,-0.7405525,1.5655477,72
2.0366225,-0.13639826,-2.5142505,1.7090617,-0.24030553,-1.3955686,-0.8652387,-1.7401118,-0.25914776,-3.8084836,-0.91466904,0.39190692,-2.7622592,0.54288644,-0.7806807,1.8783226,8
3.4444664,1.4176745,-3.0441227,1.0444822,-1.1363276,-1.6632503,-0.77792805,-1.7083447,1.8200842,-5.4806952,-1.2581455,-0.2527327,-4.0304675,-0.14153138,-0.68362087,2.5837142,104
1.215233,-1.4819857,-1.525833,1.4044956,0.4313697,-1.0559591,-0.31349057,-0.822636,-0.87014437,-2.4457288,-1.0194273,0.871528,-2.4870877,1.1666541,-0.4549886,1.3527373,72
1.7618039,1.7316954,-2.4208522,2.5215464,-1.3116633,-0.720095,-1.7173743,-1.8665364,1.029411,-5.128496,-0.15441808,-0.2299077,-1.822009,-0.62535596,-0.9553541,2.0500793,13
2.5234692,0.36971012,-2.5723948,2.0468402,-0.5577812,-1.265257,-1.1098684,-1.7807835,0.17629506,-4.5680943,-0.80822957,0.29866105,-2.9859257,0.32307282,-0.77375853,2.0195172,8
3.106469,1.5498914,-2.903211,0.9732013,-1.288907,-1.435368,-0.6814487,-1.5940944,2.0346642,-5.2778726,-1.0935371,-0.4431399,-3.6191196,-0.2565586,-0.7040678,2.4979963,19
2.9537792,1.4743382,-3.1742089,2.2232609,-1.339477,-1.209244,-1.5295706,-1.8921516,1.259801,-6.4935966,-0.8307354,0.2229114,-3.7232542,-0.5111147,-0.6936294,2.4700184,13
3.1086051,1.6411452,-3.091982,1.2314216,-1.3680646,-1.4287132,-0.77248996,-1.6003728,2.1693778,-5.8053102,-1.0457631,-0.40157938,-3.6939995,-0.4570873,-0.6264099,2.525987,19
2.910395,1.8082253,-2.9514756,1.1155242,-1.4541923,-1.1624523,-0.9087506,-1.5939224,2.074106,-5.6363587,-1.0050681,-0.38117313,-3.4108033,-0.4301838,-0.8728744,2.4125426,13
1.5400015,1.9208401,-2.511129,2.4397416,-1.3045397,-0.5839872,-1.768991,-1.9094815,0.977135,-4.9070826,-0.021051586,-0.3955748,-1.3944397,-0.6757507,-1.143209,1.9645492,13
2.927443,0.9290086,-2.8071449,2.0795655,-0.95604503,-1.1515791,-1.3427956,-1.6989319,0.5525476,-5.399958,-0.9854247,0.31196678,-3.445888,-0.046486363,-0.87396896,2.2622635,104
1.4332513,-1.0437738,-1.9264697,1.0477766,0.46431884,-1.4687054,-0.45177126,-1.2835244,-0.5803138,-2.7848911,-1.0513182,0.57834274,-2.644225,1.0469134,-0.7588134,1.4775699,72
3.6346529,1.4440261,-2.739499,1.0638591,-1.1940906,-1.618418,-0.57443,-1.1643405,2.428401,-5.9178205,-1.3686954,-0.19488817,-4.5837264,-0.35988882,-0.41488138,2.8092663,19
2.132852,-0.17052849,-2.5175464,1.7075557,-0.22086455,-1.3295894,-0.95510316,-1.7871015,-0.27770436,-3.9795775,-0.9051302,0.45660973,-2.8790855,0.54729515,-0.8445245,1.8289816,79
3.0476925,1.5379082,-2.35911,0.38905543,-1.3644198,-1.575767,-0.122708224,-1.1393073,2.6781025,-4.9196377,-1.4453318,-0.6994588,-3.8866193,-0.15001075,-0.6776137,2.655273,63
1.4877605,-0.6641287,-1.9613173,1.0831075,0.28295624,-1.3609588,-0.60199106,-1.4487169,-0.47727162,-2.7847857,-0.9330304,0.35674673,-2.3737433,0.90045124,-0.9330858,1.498251,72
1.9789144,-0.052506834,-2.50342,1.5663726,-0.24308124,-1.3973293,-0.93320084,-1.8337214,-0.1551141,-3.7861829,-0.89534056,0.25487244,-2.663507,0.46131635,-0.911994,1.8609262,8
3.3497472,1.5425776,-3.173489,1.4109933,-1.2363955,-1.6270921,-0.9113438,-1.782012,1.850761,-5.95965,-1.1351165,-0.20165601,-3.9421573,-0.27695173,-0.59649676,2.5969875,104
1.0042927,-1.1640215,-1.4379705,1.2403096,0.34850517,-1.1295931,-0.37292296,-0.9539983,-0.70176625,-2.2007422,-1.0341859,0.58849233,-2.1132119,1.0753522,-0.686131,1.3914698,72
1.8796159,1.7064747,-2.4525154,2.6878285,-1.2579604,-0.7769196,-1.6482494,-1.7514116,1.0448952,-5.2925167,-0.15611698,-0.22090527,-1.9595187,-0.64668125,-0.87227494,2.1092324,13
2.4240906,0.3506424,-2.4920006,1.9003948,-0.48419568,-1.268146,-1.119063,-1.7730737,0.12845021,-4.324568,-0.7718729,0.24092625,-2.8329694,0.2624467,-0.8672675,1.930769,8
2.992826,1.574586,-2.8844566,1.1605723,-1.3238672,-1.4111722,-0.6881106,-1.6099831,2.0806494,-5.391952,-1.0206296,-0.45486468,-3.4752126,-0.35408944,-0.61776125,2.4820302,19
3.0538752,1.495387,-3.27189,2.4003415,-1.3303472,-1.3078452,-1.5511503,-1.9271607,1.2643198,-6.761646,-0.79818535,0.28335148,-3.8727443,-0.505299,-0.6501075,2.4890914,13
3.1362386,1.6853092,-3.2231627,1.4146479,-1.3263369,-1.5209256,-0.76600844,-1.6812713,2.1734023,-6.0691814,-0.9530631,-0.34221876,-3.7378018,-0.48191932,-0.5337485,2.5088568,19
2.8587983,1.7949417,-2.9783034,1.2024286,-1.445131,-1.2122895,-0.85920167,-1.6277215,2.0715966,-5.6833525,-0.95892787,-0.38176772,-3.37545,-0.46954486,-0.81716055,2.3901966,13
1.6589432,1.886307,-2.5624726,2.6235943,-1.2443626,-0.6758378,-1.6942401,-1.8045622,1.0039389,-5.121965,-0.048795015,-0.36813593,-1.5877379,-0.7020356,-1.0546846,2.052156,13
2.9665437,0.9892048,-2.8424165,2.082643,-0.95141685,-1.1478647,-1.3453064,-1.6610832,0.6338834,-5.4403033,-0.9100422,0.2800944,-3.4413712,-0.11070999,-0.87614125,2.2083,104
1.3723245,-0.8672603,-1.9594258,0.91660583,0.43682095,-1.421037,-0.53841424,-1.3429276,-0.49543816,-2.7555606,-0.98178464,0.43061042,-2.4585168,0.94301254,-0.9061314,1.4330724,72
3.5811856,1.4935691,-2.856985,1.0860113,-1.2227045,-1.6758567,-0.5738113,-1.2238404,2.628562,-6.1486993,-1.371076,-0.20834143,-4.564459,-0.417657,-0.39580974,2.7940023,19
2.1224825,0.014594332,-2.613094,1.6177722,-0.23496026,-1.3459293,-1.0519333,-1.879044,-0.15742894,-4.025427,-0.81469,0.3030486,-2.7610674,0.41504067,-0.9615631,1.8003774,8
3.1289437,1.5396395,-2.584788,0.63232934,-1.3518908,-1.4899999,-0.22947523,-1.177781,2.6104658,-5.1949325,-1.4083247,-0.5643708,-3.91436,-0.2565447,-0.63360715,2.6652627,63
1.4614394,-0.514265,-1.997325,0.9865254,0.27206892,-1.3517668,-0.67342496,-1.491951,-0.3843783,-2.7781498,-0.874552,0.23352735,-2.260146,0.79957587,-1.0462306,1.4802247,8
2.000262,0.07044281,-2.5864134,1.4853419,-0.21911815,-1.424564,-1.014257,-1.8852184,-0.07149108,-3.8311968,-0.8199951,0.15930475,-2.6040297,0.38263944,-1.0109448,1.8220311,8
3.31683,1.5688406,-3.3131528,1.627864,-1.2134701,-1.7286396,-0.9426454,-1.8248487,1.8690404,-6.34407,-1.049271,-0.14078657,-3.9997957,-0.2888636,-0.5080513,2.5990689,19
1.0038033,-1.0927134,-1.4312596,1.1229813,0.4000474,-1.1639241,-0.3703184,-0.9867511,-0.6732951,-2.1694226,-1.0172212,0.5432849,-2.0956829,1.0874245,-0.77778673,1.3656307,72
1.9933528,1.686041,-2.4908512,2.8182244,-1.211643,-0.8035835,-1.5842044,-1.6477075,1.0573875,-5.4059057,-0.16959149,-0.20046973,-2.0630069,-0.67614317,-0.80434364,2.1491616,13
2.3958926,0.40503424,-2.421087,1.7776111,-0.4501518,-1.2377352,-1.1392249,-1.7376927,0.1518605,-4.1514716,-0.6889158,0.18131046,-2.7373147,0.2147195,-0.9537747,1.8286327,1
2.9643157,1.5783387,-2.9552321,1.4652992,-1.3134037,-1.4747999,-0.6930105,-1.6212252,2.0694985,-5.6685085,-0.921527,-0.3858127,-3.4957845,-0.41367623,-0.47834438,2.50914,13
3.1416247,1.5239486,-3.3618698,2.450585,-1.2878119,-1.3350904,-1.53702,-1.8991809,1.295095,-6.846257,-0.7321969,0.30931795,-3.9268878,-0.52823806,-0.6263537,2.4450583,104
3.249984,1.6835208,-3.3585098,1.5549455,-1.2133273,-1.6792228,-0.7494209,-1.7134689,2.2311928,-6.343698,-0.9281929,-0.25681883,-3.9282615,-0.45096555,-0.45832857,2.5282888,19
2.9598906,1.82598,-3.1313028,1.4140213,-1.3632687,-1.3869736,-0.86131036,-1.6923594,2.0647178,-5.929354,-0.8889224,-0.32867646,-3.4844394,-0.45871475,-0.7442901,2.3955297,19
1.7561253,1.789772,-2.5555298,2.783197,-1.1746074,-0.69964176,-1.627068,-1.7112792,0.9283551,-5.164683,-0.051198542,-0.30244288,-1.6928436,-0.71563977,-0.9659307,2.0651336,13
3.0102503,1.0025458,-2.8678095,2.1285477,-0.91784656,-1.124882,-1.3726759,-1.6118883,0.6137771,-5.4028134,-0.8547404,0.28731114,-3.4081738,-0.19135675,-0.89084214,2.1482306,104
1.3441635,-0.73818254,-1.9719205,0.87053895,0.42975232,-1.4027218,-0.6003465,-1.356217,-0.4189747,-2.7716408,-0.9203828,0.3583417,-2.348589,0.85829484,-0.9759705,1.4113784,72
3.6038904,1.5294054,-2.973709,1.0779061,-1.2073535,-1.8041676,-0.52778053,-1.3075882,2.8023427,-6.359966,-1.402131,-0.22140037,-4.658179,-0.41985947,-0.37088335,2.8243864,19
2.097175,0.09466478,-2.641317,1.6164957,-0.18674433,-1.323903,-1.1418978,-1.9108086,-0.18099444,-3.967491,-0.70977354,0.25120723,-2.6310732,0.30160302,-1.0361104,1.7532337,8
3.081758,1.4451165,-2.5850737,0.7405807,-1.2972715,-1.3944792,-0.16809285,-1.1156985,2.581879,-5.234959,-1.3462821,-0.4503423,-3.8297017,-0.2683167,-0.51125044,2.5648892,63
1.4400012,-0.4513009,-2.0112414,0.9783238,0.32996097,-1.3392284,-0.74674577,-1.4732561,-0.4110536,-2.7311609,-0.7828573,0.2131453,-2.153155,0.7182311,-1.1082981,1.4208394,72
2.0202456,0.13964483,-2.5957446,1.4798832,-0.18634143,-1.4025964,-1.0763767,-1.8910885,-0.030365959,-3.844067,-0.7143651,0.12407698,-2.5679646,0.3035519,-1.0445021,1.7728982,8
3.3867195,1.6261787,-3.4710438,1.6630203,-1.136232,-1.8584497,-0.89444256,-1.8065627,1.9992764,-6.539281,-0.9817793,-0.16296975,-4.09958,-0.28214887,-0.46153766,2.5983655,19
0.96756786,-1.0654508,-1.4457096,1.0630952,0.4577854,-1.2224145,-0.3859619,-1.0323107,-0.63928354,-2.2226596,-0.97307193,0.55373675,-2.1172264,1.0719526,-0.7972421,1.3266664,72
2.1136096,1.6061634,-2.5117042,2.9774532,-1.1511413,-0.79698974,-1.5358145,-1.5384715,0.9662545,-5.4404216,-0.16844685,-0.13264696,-2.1510537,-0.6940795,-0.72589564,2.1567059,13
2.3869746,0.36242518,-2.3876202,1.7488714,-0.3784579,-1.2170267,-1.1311327,-1.6755999,0.07079281,-4.020271,-0.6248852,0.19594826,-2.699274,0.16451898,-0.97358334,1.7513897,8
3.0587678,1.5793171,-3.0959058,1.5707954,-1.2051922,-1.6549522,-0.62863326,-1.6053804,2.2064688,-5.9583955,-0.9001014,-0.34806186,-3.6962712,-0.39253122,-0.38589844,2.5482633,19
3.2295477,1.4288613,-3.4020014,2.5474324,-1.1871315,-1.333755,-1.5402529,-1.8535839,1.158574,-6.7592874,-0.68033993,0.38782883,-3.9542189,-0.55765486,-0.6049441,2.384599,104
3.3608527,1.510903,-3.330607,1.7698823,-1.0904541,-1.7567316,-0.70110434,-1.617986,2.1268508,-6.3594356,-0.9518294,-0.13713926,-4.1103177,-0.40775892,-0.33863777,2.6043756,19
3.0971324,1.8067079,-3.210749,1.5621976,-1.2724186,-1.5484192,-0.8367253,-1.675139,2.103738,-6.0890326,-0.9092649,-0.2960559,-3.6578374,-0.43301624,-0.6952772,2.4433897,19
1.847165,1.6656412,-2.4959116,2.9676447,-1.1248655,-0.6914901,-1.5883844,-1.6286892,0.8021644,-5.1480975,-0.06385666,-0.20268716,-1.777666,-0.72078794,-0.868412,2.058737,13
3.0829735,1.0091006,-2.8800254,2.1898055,-0.919541,-1.0979908,-1.3963275,-1.5669249,0.59111094,-5.437315,-0.843099,0.3283714,-3.4294696,-0.22024992,-0.9109889,2.0820487,104
1.3299011,-0.6763339,-1.9801373,0.8845446,0.4877765,-1.3714802,-0.6679753,-1.32073,-0.47560537,-2.6910481,-0.81691927,0.34668183,-2.2247562,0.7806847,-1.0344156,1.3380334,72
3.7675123,1.4127305,-3.0261817,1.1469169,-1.0613844,-1.9753588,-0.4030069,-1.2519748,2.859483,-6.472042,-1.4814525,-0.1742845,-4.9028997,-0.33153397,-0.280693,2.890298,19
2.0838392,0.10868639,-2.6018026,1.6094447,-0.11599952,-1.3131636,-1.1940982,-1.8984523,-0.21810423,-3.8742654,-0.60867286,0.2588691,-2.5720012,0.25995216,-1.0793161,1.6781017,8
3.089096,1.3253326,-2.5780733,0.81979275,-1.2233996,-1.4620225,-0.08723279,-1.0885727,2.569928,-5.2921963,-1.3554101,-0.36518615,-3.901901,-0.2314729,-0.41207606,2.5328426,63
1.4233888,-0.41804478,-1.9836448,0.9762074,0.38421038,-1.3331105,-0.792298,-1.4218354,-0.42712545,-2.687222,-0.6851829,0.22823627,-2.107209,0.66819537,-1.1376882,1.3426553,72
2.0701823,0.16110414,-2.621167,1.5853908,-0.1303961,-1.3900636,-1.1913655,-1.8897758,-0.069908306,-3.922164,-0.6290525,0.18933178,-2.6061058,0.21826428,-1.0642111,1.7490052,8
3.4195116,1.5649896,-3.4703417,1.7120913,-1.0465622,-1.881491,-0.805392,-1.670383,2.0918875,-6.5340695,-0.9762572,-0.15130061,-4.1606846,-0.2803377,-0.4009795,2.6042414,19
0.8597993,-0.99674755,-1.4487572,1.0637182,0.47658822,-1.1796578,-0.47190124,-1.0994147,-0.67295575,-2.213647,-0.89614475,0.51812845,-1.9622704,0.9529634,-0.85755676,1.2894828,72
2.2999122,1.4612292,-2.4404137,3.1085525,-1.111244,-0.82041883,-1.5227556,-1.5223355,0.882378,-5.5242968,-0.20076427,0.03925854,-2.4247935,-0.68018144,-0.6052021,2.1523294,13
2.4487267,0.43443733,-2.4063013,1.7396454,-0.4136094,-1.2426814,-1.1284676,-1.6788961,0.15697975,-4.0948305,-0.623618,0.1646296,-2.7580955,0.068808064,-0.976067,1.7538693,8
3.2020724,1.4445314,-3.1188858,1.7408522,-1.0525157,-1.7570833,-0.54810977,-1.4562484,2.2241278,-6.0504894,-0.941835,-0.2736834,-3.9006205,-0.3371605,-0.28388304,2.6218214,19
3.3173156,1.3695287,-3.4102156,2.5798063,-1.1605352,-1.3495234,-1.5288007,-1.8332161,1.127474,-6.773279,-0.7122631,0.44747627,-4.053283,-0.5546609,-0.5969044,2.3526719,104
3.520075,1.3666745,-3.3043854,1.923956,-1.0309005,-1.8539478,-0.6512139,-1.4996587,2.1186774,-6.459126,-1.0778306,-0.05369413,-4.3887444,-0.3817648,-0.2244047,2.7573345,104
3.1919465,1.6658206,-3.1259007,1.8634025,-1.2324462,-1.5829571,-0.8361455,-1.5608557,1.9662924,-6.1316824,-0.9653899,-0.21947484,-3.7864292,-0.4321796,-0.6010089,2.5461643,13
2.042196,1.4705031,-2.305747,3.0761814,-1.0893185,-0.6863658,-1.5764136,-1.6623113,0.6836158,-5.1506534,-0.08101328,0.025319502,-2.0642483,-0.6575532,-0.7328062,1.9928212,13
3.15638,1.0354211,-2.8472762,2.2915974,-0.99605846,-1.0761807,-1.4245992,-1.5362265,0.6104025,-5.577903,-0.8841648,0.39126176,-3.5268886,-0.23344061,-0.91061044,2.0692255,104
1.3368889,-0.6567431,-1.9047724,0.90726805,0.52280784,-1.3562245,-0.6882931,-1.2723907,-0.48602605,-2.6180272,-0.7265621,0.36135405,-2.2089634,0.7384921,-1.0434731,1.2873127,72
3.973545,1.1860504,-2.9896133,1.2768906,-0.93151116,-2.080964,-0.26646838,-1.1080645,2.8010678,-6.441765,-1.6493145,-0.08650004,-5.223933,-0.2728454,-0.14893326,3.065262,19
2.123204,0.12388002,-2.5841131,1.6005206,-0.07664636,-1.3629124,-1.2189376,-1.8779495,-0.19904198,-3.8468895,-0.5695027,0.266145,-2.6153448,0.21504498,-1.0998168,1.6501334,79
3.2662704,1.2983829,-2.7451594,0.9671079,-1.134424,-1.6890352,-0.08710582,-1.1593648,2.640738,-5.6261225,-1.4399563,-0.28187436,-4.2119484,-0.19410676,-0.35146806,2.63825,19
1.4307351,-0.43416938,-1.8852719,1.0022368,0.40560368,-1.3187549,-0.7710454,-1.371741,-0.42227703,-2.620821,-0.63061965,0.24985965,-2.1286433,0.615788,-1.1209133,1.3208789,72
2.1194239,0.21063669,-2.6488798,1.7360481,-0.11625877,-1.4230723,-1.2665222,-1.8905561,-0.06750496,-4.053551,-0.5603153,0.2559018,-2.652165,0.12425384,-1.0370431,1.7341155,8
3.5287788,1.4020509,-3.433777,1.8666824,-0.9419812,-1.9068975,-0.71962017,-1.5054616,2.0173535,-6.473238,-1.0302665,-0.07730545,-4.3050556,-0.27034688,-0.31129032,2.6824265,104
0.8552777,-0.7588452,-1.5757036,1.1069319,0.44583413,-1.154841,-0.62655306,-1.2071508,-0.6791257,-2.2542603,-0.72875446,0.4140628,-1.7687556,0.7841055,-0.9808341,1.2381474,72
2.5538743,1.4148916,-2.374932,3.2008128,-1.0714382,-0.8119605,-1.5913382,-1.6079929,0.81846845,-5.701567,-0.20911507,0.23704566,-2.7208054,-0.6814914,-0.5114552,2.1163003,13
2.574948,0.54676855,-2.4996328,1.8020631,-0.49620968,-1.2550821,-1.1560085,-1.6913464,0.2550012,-4.363922,-0.6530583,0.17851771,-2.8910415,-0.0012598336,-0.96814334,1.7801303,1
3.3762555,1.2664249,-3.066578,1.9767317,-0.9699966,-1.8337579,-0.4855061,-1.3051392,2.1597307,-6.127445,-1.0670259,-0.18809812,-4.1683784,-0.33186227,-0.15643224,2.7874818,13
3.4193969,1.4431376,-3.4350107,2.612307,-1.238387,-1.3680754,-1.5818326,-1.8570898,1.1954356,-6.9457574,-0.80972165,0.47545397,-4.181082,-0.5519145,-0.63707185,2.381306,104
3.7166653,1.2775391,-3.289128,1.9718579,-1.0133908,-1.9795882,-0.592039,-1.2895808,2.2589476,-6.705606,-1.2884419,-0.0075146556,-4.7612214,-0.34582934,-0.13675678,2.9365788,19
3.2878425,1.5689467,-3.053661,2.044887,-1.2315542,-1.6208647,-0.83661056,-1.436629,1.9867654,-6.3182535,-1.1114557,-0.1199087,-4.007626,-0.41615507,-0.5172167,2.6652398,13
2.264535,1.3740098,-2.158837,3.1288805,-1.0772111,-0.6236694,-1.6432552,-1.7656351,0.5519185,-5.211836,-0.06674628,0.25806767,-2.3138757,-0.6295846,-0.6326544,1.8762724,13
3.218427,1.1509022,-2.8464324,2.3764267,-1.1313891,-1.1019341,-1.4685354,-1.5361488,0.73111975,-5.8451633,-0.9628033,0.40842372,-3.6383893,-0.25509042,-0.9265818,2.1046212,104
1.3292469,-0.7134766,-1.7391576,0.9845141,0.52871215,-1.3278779,-0.66082543,-1.2381711,-0.49977446,-2.5365233,-0.68405044,0.40966916,-2.2310984,0.6941687,-0.9993229,1.2779588,72
4.143442,0.95114714,-2.8752155,1.3872768,-0.8641182,-2.154995,-0.16933496,-0.86414725,2.7501044,-6.3942084,-1.866218,-0.017760947,-5.5329704,-0.25398383,-0.03261531,3.2543478,19
2.181029,0.15137734,-2.5403023,1.6529557,-0.11492422,-1.3847107,-1.1952441,-1.8620821,-0.1421812,-3.889257,-0.5688115,0.27001852,-2.6837652,0.14309525,-1.0535198,1.6688673,79
3.43377,1.1516747,-2.7249503,1.2350508,-1.057993,-1.8322213,-0.074062556,-1.0974891,2.6013844,-5.8283777,-1.5733253,-0.1692137,-4.556735,-0.1832944,-0.23094659,2.8356469,13
1.4406788,-0.44254267,-1.7604144,1.0866784,0.37698606,-1.3176345,-0.75230074,-1.3600408,-0.39228034,-2.608594,-0.6103127,0.27965736,-2.1533258,0.5489415,-1.0673687,1.3133608,72
2.1824925,0.28273973,-2.616647,1.8833963,-0.21442169,-1.4470209,-1.2872419,-1.8781725,0.045036405,-4.261417,-0.5657565,0.2897572,-2.7478,0.050979048,-0.97393423,1.7650803,8
3.698862,1.3290856,-3.4375694,1.9385957,-0.9314978,-2.037693,-0.63391006,-1.3721278,2.1356952,-6.6466575,-1.2036304,-0.054548636,-4.6135945,-0.26158196,-0.2348041,2.8567128,104
0.93258613,-0.6167675,-1.6812704,1.1024239,0.44848606,-1.2054619,-0.7293062,-1.2984078,-0.6798582,-2.3048184,-0.64688635,0.35140818,-1.7419877,0.6901745,-1.0806227,1.2198547,72
2.7240338,1.4010837,-2.274392,3.2727766,-1.0798419,-0.7602234,-1.7025506,-1.7026243,0.75957024,-5.936175,-0.18614234,0.44334412,-2.9857833,-0.6580829,-0.44378003,2.060292,104
2.6160042,0.66384894,-2.5571606,2.0050535,-0.59666216,-1.2304223,-1.2781012,-1.7220297,0.29340026,-4.7246904,-0.659229,0.2784583,-2.962484,-0.083878376,-0.94272506,1.7766681,8
3.4818184,1.1854703,-2.9853997,1.9767731,-1.0259672,-1.9422879,-0.46133068,-1.1957681,2.315011,-6.3184786,-1.2915201,-0.12863053,-4.482242,-0.33224565,-0.112613894,2.9266028,13
3.5077488,1.551714,-3.4640362,2.7220306,-1.3419799,-1.4308444,-1.6194987,-1.8220872,1.2910862,-7.177438,-0.90738887,0.4243588,-4.272906,-0.551053,-0.6667239,2.4867203,104
3.6468062,1.2080206,-3.000571,1.6367949,-1.0730729,-2.0298119,-0.4879682,-1.1273502,2.5101368,-6.5420175,-1.4956337,-0.005183831,-4.8875947,-0.26753676,-0.15274395,2.9254363,19
3.4171135,1.4541341,-2.9904006,2.0563617,-1.2342159,-1.7319297,-0.76835704,-1.2433699,2.1135652,-6.4684052,-1.3243356,-0.07103504,-4.3014045,-0.34247923,-0.45211336,2.7905884,13
2.3742945,1.4431208,-2.1131709,3.1198864,-1.1278294,-0.5614496,-1.7471204,-1.8721195,0.51158375,-5.330302,-0.012927115,0.32942593,-2.4136372,-0.5960043,-0.6411515,1.8062605,37
3.5880067,1.0094124,-2.7425907,2.6104107,-1.1072184,-1.1711571,-1.4966784,-1.5431486,0.6044446,-6.2167783,-1.038481,0.6882006,-4.206836,-0.15445065,-0.77928543,2.1673293,104
1.3403482,-0.6936335,-1.6507784,1.0676144,0.48963264,-1.3857384,-0.65798056,-1.2422571,-0.43332827,-2.5942965,-0.6843642,0.42581826,-2.2816703,0.62328964,-0.95119494,1.281593,72
4.027197,0.8438344,-2.6156762,1.2599865,-0.9437095,-2.162648,-0.22236568,-0.78471136,2.811478,-6.2729564,-2.0483418,0.053849325,-5.5600977,-0.24279861,-0.09554453,3.1941285,19
2.3052049,0.2564896,-2.5801032,1.705078,-0.22232924,-1.4350044,-1.1898725,-1.8382235,0.025461897,-4.1744123,-0.6318486,0.2776988,-2.8564122,0.11069627,-1.0207129,1.7182713,8
3.4620042,0.9707353,-2.5472522,1.2691693,-1.0331783,-1.924961,-0.036196962,-0.966107,2.6798465,-5.9119716,-1.7625623,-0.048451677,-4.8447175,-0.16733503,-0.13383141,2.9433482,63
1.4895033,-0.42191395,-1.6932868,1.1462237,0.31234717,-1.3558741,-0.7465874,-1.3421493,-0.31415844,-2.743978,-0.6537233,0.31792253,-2.2587633,0.5276347,-1.0291792,1.3253027,72
2.2038457,0.3661447,-2.5437953,2.041133,-0.35533494,-1.4077009,-1.3032222,-1.8186479,0.17973453,-4.5000367,-0.5926922,0.33770496,-2.793358,-0.01877813,-0.88786036,1.7724503,8
3.775228,1.2525623,-3.283258,1.8805989,-1.0375916,-2.0746894,-0.57620776,-1.2181447,2.3038204,-6.737523,-1.4183842,-0.013721928,-4.8756075,-0.24726617,-0.19315565,2.9669785,19
0.98058933,-0.57784855,-1.6083864,1.062704,0.45154223,-1.2577648,-0.7160998,-1.2805365,-0.62518555,-2.2386558,-0.642882,0.29236192,-1.7658633,0.64801586,-1.1125333,1.2156512,72
2.8957744,1.5366029,-2.412311,3.3990273,-1.1078578,-0.7910635,-1.7647774,-1.7092643,0.7500205,-6.213669,-0.16066292,0.40096545,-3.1191015,-0.59209096,-0.44200712,2.1313882,104
2.5867138,0.7313242,-2.541944,2.1568198,-0.6582017,-1.261627,-1.4056866,-1.7344832,0.3061642,-5.010855,-0.7042687,0.38565373,-3.019251,-0.09452534,-0.9610608,1.7778807,8
3.3085542,1.0668558,-2.6775804,1.688619,-1.1913584,-1.9000708,-0.46734333,-1.147867,2.4712477,-6.191697,-1.4760753,-0.024897203,-4.5718207,-0.32129186,-0.15611802,2.8468347,13
4.061739,1.2901784,-3.3684022,2.993946,-1.2499475,-1.5625741,-1.6265368,-1.7934538,1.1320693,-7.624168,-1.0550196,0.7869912,-5.13389,-0.37980607,-0.45645732,2.6203249,104
3.8474088,1.4395745,-2.6558344,1.3311255,-1.5152808,-1.9246604,-0.59298956,-1.318213,2.561473,-6.668363,-1.62714,0.06754507,-5.350104,-0.17222635,-0.38150758,2.891612,19
3.8371682,1.4197662,-2.909666,2.100975,-1.4082135,-1.7554028,-0.78327596,-1.2674634,2.0216424,-6.763027,-1.4433248,0.1091526,-4.919566,-0.22163895,-0.43019012,2.8384318,19
2.4543784,1.5241154,-2.2378263,3.0912871,-1.1204436,-0.64263093,-1.7513609,-1.8750656,0.5812297,-5.4116416,-0.027359217,0.2177038,-2.4798415,-0.56209403,-0.64458925,1.9103798,37
3.740028,1.0202106,-2.5890548,2.6775727,-1.1033946,-1.2141446,-1.5572135,-1.6000582,0.60415375,-6.492844,-1.0608604,0.8506403,-4.5136347,-0.049074076,-0.7219607,2.16182,104
1.3766459,-0.639048,-1.5850626,1.1464721,0.39221576,-1.4162012,-0.6682688,-1.2430536,-0.34637302,-2.7513185,-0.7278778,0.448155,-2.3501914,0.59130394,-0.92652744,1.3002934,72
4.703556,0.91209435,-2.6209648,1.3763866,-1.294614,-2.1762693,-0.27190623,-1.0084481,2.6526275,-6.913616,-2.2040987,0.3488046,-6.5567656,-0.06570278,-0.09405705,3.2813654,19
2.3167233,0.39854166,-2.5546005,1.9279999,-0.37874576,-1.3762883,-1.2957871,-1.7933502,0.1270058,-4.499497,-0.6539461,0.34829205,-2.8830676,0.018485688,-0.9651652,1.7383713,8
3.3162513,0.74654853,-2.2282503,1.1446095,-1.0566262,-1.9148184,-0.0017941296,-0.81726474,2.7564423,-5.822653,-1.9176317,0.11217184,-4.993971,-0.14819735,-0.06518619,2.916663,63
1.5530218,-0.37414005,-1.6721408,1.2525508,0.21532995,-1.3369554,-0.77418405,-1.3042152,-0.27936965,-2.927343,-0.717036,0.38389367,-2.3349936,0.4825843,-0.9823844,1.3454207,72
2.642642,0.13988568,-2.5603,2.2816253,-0.36352253,-1.3891065,-1.2936795,-1.8642321,0.057475656,-4.9556947,-0.63040346,0.70679647,-3.447863,0.066256896,-0.6679591,1.7935681,79
4.061798,1.3306154,-3.1719718,1.9046365,-1.3130784,-2.042105,-0.7958902,-1.4049162,2.2451644,-7.1314683,-1.4784372,0.21429865,-5.3853893,-0.27543208,-0.26219416,2.910994,19
0.92646843,-0.6164095,-1.434087,1.0461985,0.4535354,-1.2730933,-0.65628135,-1.1757553,-0.57324433,-2.146873,-0.6662641,0.27900845,-1.7678858,0.6119465,-1.0714978,1.2011997,72
3.030265,1.6279894,-2.5707078,3.47967,-1.1545498,-0.8329847,-1.769872,-1.6375265,0.7770225,-6.4824257,-0.19077007,0.35165435,-3.2548385,-0.5060524,-0.45743465,2.1996553,104
2.9826474,0.30268934,-2.3943892,2.3158789,-0.5307981,-1.2842458,-1.3802433,-1.7303524,-0.041790113,-5.151737,-0.8391441,0.7788513,-3.7353256,0.16620976,-0.8564992,1.8129257,79
3.5517232,1.2181356,-2.3421118,1.5221602,-1.5066845,-1.8715314,-0.47406143,-1.2143527,2.484052,-6.290591,-1.6029909,0.022034377,-5.045319,-0.11294072,-0.28751752,2.9092393,19
4.237877,1.5169731,-3.3598144,2.7550979,-1.2922031,-1.6142677,-1.5345497,-1.771516,1.2831053,-7.6752434,-1.0455496,0.625277,-5.278706,-0.3033241,-0.46711856,2.6511457,104
3.766352,1.455999,-2.4263752,1.0920637,-1.6594089,-1.8304003,-0.48213974,-1.224105,2.5969598,-6.4004717,-1.780934,-0.052950874,-5.3275166,0.027586028,-0.5741278,2.8510728,19
3.722057,1.5097783,-2.6771853,1.7698983,-1.5751889,-1.7826185,-0.81298596,-1.3175176,2.1574643,-6.7002945,-1.5642905,0.07080589,-5.0390596,-0.05740846,-0.6019161,2.8225317,19
2.6533217,1.4881561,-2.224243,3.1611218,-1.0284803,-0.7475042,-1.5162022,-1.5338843,0.702735,-5.4529724,-0.12734094,0.106766745,-2.65056,-0.46800458,-0.47415462,2.0830839,13
4.0062957,1.1277949,-2.7164404,2.6671224,-1.173735,-1.2159829,-1.7342479,-1.6152536,0.54366595,-6.781726,-1.1744087,0.87122047,-4.83361,0.14929491,-0.9033507,2.2133741,104
1.4380934,-0.5898734,-1.6196432,1.2267492,0.31574088,-1.4263453,-0.7071642,-1.2132256,-0.31673378,-2.963546,-0.8138901,0.52030027,-2.4291403,0.56429964,-0.90251976,1.3269241,72
4.5014725,0.7240738,-1.9213398,0.832633,-1.4131527,-2.068884,0.17657354,-0.64758325,2.847755,-6.2079043,-2.4639459,0.24641092,-6.6718926,0.17437145,-0.05835615,3.3051178,34
2.7543736,-0.07096956,-2.3943744,2.2548547,-0.2763201,-1.322863,-1.3030748,-1.7926899,-0.21580817,-4.8133507,-0.75994873,0.87560284,-3.6620862,0.17521513,-0.73189235,1.7723733,79
3.6094246,0.6849032,-1.899707,1.128533,-1.2958126,-1.8523511,-0.056003824,-0.83321875,2.64878,-5.9176784,-2.0796149,0.29227954,-5.5536165,0.001333408,-0.122743815,2.998898,17
1.5809542,-0.30997464,-1.751294,1.3439623,0.15232608,-1.3811238,-0.84864956,-1.2740152,-0.23748566,-3.2178776,-0.82329935,0.4696166,-2.3988216,0.4645415,-0.9799347,1.3743578,72
2.9260924,0.17415066,-2.5918157,2.536779,-0.40194803,-1.4059237,-1.4826398,-1.8945708,0.024562374,-5.502439,-0.7406504,0.9302776,-3.888355,0.06387968,-0.61894786,1.9243934,79
4.0376067,1.6230562,-2.9435103,1.7200719,-1.6525235,-2.0842483,-0.88730437,-1.4843693,2.4913878,-7.397064,-1.6308141,0.14063768,-5.621641,-0.15072662,-0.45438254,2.9959378,19
0.96784765,-0.5868173,-1.3890387,1.0373952,0.4320759,-1.3587129,-0.65096784,-1.1524383,-0.48520666,-2.19639,-0.7233739,0.26965368,-1.8490247,0.56823313,-1.0620407,1.2210977,72
2.9382842,1.6587204,-2.3340466,3.0799313,-1.3202559,-0.79100645,-1.862503,-1.7630342,0.7902616,-6.086225,-0.3443852,0.3457423,-3.1831234,-0.47364342,-0.71261156,2.0564277,104
2.9870956,0.35494456,-2.4478743,2.0624194,-0.56607425,-1.1551332,-1.4795129,-1.8524964,-0.1449665,-5.130867,-0.82634187,0.7607377,-3.7929494,0.24948928,-1.0349402,1.7458311,79
3.5389552,1.3319557,-2.1655602,1.348794,-1.6819713,-1.7162817,-0.41904598,-1.2144235,2.4439003,-6.0393167,-1.6724579,-0.10619535,-4.934045,0.06989002,-0.5081979,2.7976286,19
4.2551274,1.710987,-3.4168053,2.5421162,-1.278255,-1.6647073,-1.7281568,-1.8739119,1.3633901,-7.600992,-1.0430099,0.49739653,-5.1521215,-0.21575132,-0.7122845,2.5282614,104
3.7438838,1.6242042,-2.4686904,0.7711837,-1.691201,-1.82299,-0.37218288,-1.3201498,2.7154872,-6.264523,-1.6984689,-0.28318888,-5.2070694,0.18666622,-0.74900144,2.710914,19
3.5238652,1.5637221,-2.3101337,1.4241722,-1.6638343,-1.6274855,-0.6687497,-1.3705829,2.159254,-6.003295,-1.5285443,-0.19129911,-4.639867,0.040982276,-0.79980165,2.6267219,19
2.5404058,1.4350787,-1.8795465,2.6548238,-1.1491162,-0.66970414,-1.6094372,-1.6067567,0.67816204,-4.9144573,-0.3048923,0.09429814,-2.6060617,-0.4452621,-0.7608206,1.9397169,13
3.9843884,1.3152013,-2.9488225,2.744001,-1.3488361,-1.2222334,-2.091735,-1.785072,0.5262151,-7.303659,-1.1875416,0.99510264,-4.9457536,0.13748959,-1.1421726,2.103698,104
1.9231802,-0.8159109,-1.7042524,1.3658726,0.31792808,-1.3836173,-0.70935243,-1.3186934,-0.48730123,-3.3452768,-0.8612387,0.86001563,-3.0728104,0.6781159,-0.771141,1.3590986,79
4.0462017,1.3820876,-2.2108283,0.849982,-1.7717192,-1.9385941,-0.2762301,-1.2708571,2.9509516,-6.7628174,-2.032412,0.02503246,-6.058055,0.10439737,-0.5014654,2.9776225,19
3.001488,-0.09708889,-2.456141,2.0993328,-0.27706668,-1.2614187,-1.3538594,-1.8663002,-0.2559514,-4.9813414,-0.8496134,0.96278477,-4.0324574,0.30273136,-0.7922999,1.7880565,79
3.5146437,0.90905386,-1.7784401,0.81321514,-1.4686798,-1.7552434,0.09292418,-0.69441944,2.72432,-5.745385,-2.0911076,0.060770735,-5.4226894,0.22457653,-0.3172991,2.9040403,34
2.1095192,-0.9257484,-1.600655,1.7681264,0.31573716,-1.3844467,-0.8504088,-1.167061,-0.72779405,-3.4362652,-0.922907,1.0021912,-3.316408,0.9040278,-0.77142036,1.4774882,72
3.2642853,0.093956605,-2.6680224,2.9991264,-0.46981087,-1.4795545,-1.6860075,-1.777835,-0.121538356,-5.9884906,-0.87590265,1.0896823,-4.430344,0.3066835,-0.5783856,2.1441407,79
4.006839,1.6427829,-2.7356055,1.6127383,-1.7932782,-1.8939625,-0.7913918,-1.53005,2.4758584,-7.0310345,-1.7175336,0.053787604,-5.4764447,-0.044243284,-0.6127219,2.9098198,19
1.0192785,-0.5940867,-1.3938107,1.0620588,0.43458804,-1.397558,-0.67531025,-1.1127796,-0.46780252,-2.3692825,-0.78319776,0.34852242,-1.9645853,0.56235987,-1.0573038,1.2249292,72
2.8276896,1.2590206,-1.6142851,2.115438,-1.1616219,-0.65847784,-1.5383039,-1.5188469,0.6992007,-4.5232697,-0.6518605,0.12405358,-3.0635428,-0.34673205,-0.94154423,1.9916153,13
3.1107938,0.5257258,-2.6935136,2.1468058,-0.7300942,-1.1699471,-1.7716801,-1.9791646,-0.16760562,-5.4867153,-0.8439309,0.69599795,-3.9463625,0.3380896,-1.2803938,1.7669998,79
3.514629,1.4484857,-2.1564517,1.2323943,-1.6939634,-1.6746418,-0.26652694,-1.2472978,2.5199537,-5.859425,-1.587248,-0.30371723,-4.7640805,0.18610287,-0.58017766,2.710711,19
4.000094,1.7713451,-3.0180886,2.1337538,-1.3835896,-1.5561187,-1.7646825,-1.9861968,1.1507139,-6.58064,-1.1316879,0.14608343,-4.5737767,-0.19806418,-1.1869574,2.3411436,104
3.7253785,1.6484534,-2.6678853,0.6891135,-1.7442925,-1.9740827,-0.62057793,-1.6208597,2.600854,-6.306812,-1.7633009,-0.33908066,-5.232868,0.15867996,-1.0423393,2.6841028,19
3.3617048,1.6199064,-2.2406256,1.2325652,-1.6943609,-1.6152712,-0.7653007,-1.568016,2.0623488,-5.6770897,-1.464453,-0.38722712,-4.3814735,0.051785633,-1.0733547,2.5019112,19
2.6354465,1.2958769,-1.616811,1.9550356,-1.089494,-0.60881895,-1.6119149,-1.545391,0.6522898,-4.2138243,-0.578972,-0.002159804,-2.7565124,-0.39067125,-1.0743432,1.9212962,13
3.6533124,0.77349204,-1.9288564,1.8015722,-0.80047345,-1.2236296,-1.2959876,-1.1385717,0.5721899,-4.90877,-1.3247199,0.4796676,-4.168946,0.4135108,-1.0307403,1.9930228,104
2.1439967,-1.018426,-1.6161437,1.7130376,0.37883273,-1.5333346,-0.7941254,-1.2077775,-0.65949094,-3.3306942,-1.0523646,0.9609089,-3.3096302,0.84369546,-0.71191376,1.5413126,72
3.7041037,1.2525516,-1.8971666,0.4901985,-1.6554805,-1.9015491,-0.2814561,-1.2195402,2.8619688,-5.783355,-2.137792,-0.1552949,-5.590103,0.0092628,-0.74022746,2.8951375,34
3.1187112,-0.18750314,-2.490292,2.3288393,-0.3468424,-1.1803955,-1.5265372,-1.8201528,-0.5240602,-5.0468698,-0.8944605,0.99405265,-4.183161,0.5820202,-0.92134804,1.8260298,79
3.3999255,1.1285676,-1.8499819,0.6342194,-1.5193311,-1.7281171,0.23771939,-0.7366804,2.8304121,-5.619253,-1.9123349,-0.23630172,-5.1432395,0.34923276,-0.43589327,2.791071,63
2.189805,-0.668876,-1.6240717,1.9537355,0.12059674,-1.2824962,-1.0771774,-1.3118372,-0.84362864,-3.3448908,-0.9249998,0.8194847,-3.0558257,0.92811745,-1.0068784,1.4918351,72
3.1189165,0.023967158,-2.4790738,2.7439847,-0.3600667,-1.4500033,-1.4646332,-1.5982611,0.027457505,-5.4128523,-0.77392906,0.85316765,-4.144258,0.2838006,-0.52592015,1.9884068,79
3.7689583,1.5920604,-2.3733056,1.3538581,-1.7883283,-1.7984678,-0.52059066,-1.4982522,2.4785583,-6.3518195,-1.6297438,-0.18370365,-5.1224933,0.09332286,-0.66180336,2.7749753,19
1.0617996,-0.6340604,-1.3857548,1.1244506,0.43129495,-1.3659266,-0.71677977,-1.0207247,-0.47831625,-2.5589256,-0.8692126,0.4901163,-2.0846815,0.5684798,-1.0128058,1.2181417,72
2.9135742,0.9562297,-1.5433747,1.680535,-1.0368272,-0.67877966,-1.6374006,-1.5386405,0.49033183,-4.1048336,-0.9397773,0.16197695,-3.3329735,-0.25825965,-1.2306719,1.988623,37
2.8700185,0.5382163,-2.1824102,1.5824728,-0.4973155,-1.174167,-1.5020902,-1.8719212,-0.022022605,-4.073701,-0.8141397,0.14990501,-3.1661904,0.30705157,-1.4305086,1.6334447,1
3.3866963,1.4955724,-2.188923,1.2132016,-1.8063837,-1.7433378,-0.46261126,-1.494649,2.47769,-5.8277917,-1.6332583,-0.3590982,-4.7110314,0.120233744,-0.79743886,2.714691,13
3.9317427,1.6238282,-2.7449162,1.4990646,-1.196272,-1.5603988,-1.7095482,-1.8608963,1.081004,-5.894671,-1.2850814,0.026646852,-4.5566187,-0.048177905,-1.4363005,2.2773705,104
3.5449119,1.7527109,-2.683087,0.81349635,-1.7891763,-1.926351,-0.8808087,-1.8438517,2.4963696,-6.372485,-1.6518658,-0.33379534,-4.984456,0.0660184,-1.2184494,2.5638263,19
3.3405957,1.6189255,-2.3631506,1.137826,-1.6244544,-1.7159537,-0.9533873,-1.7081668,1.9469956,-5.604028,-1.4969326,-0.3985052,-4.3247194,0.047568068,-1.2702334,2.4437716,19
2.7539628,1.0808145,-1.5598375,1.7567617,-1.0670867,-0.5866754,-1.634129,-1.5340858,0.5584681,-4.177433,-0.78286886,0.1414092,-3.0850232,-0.2721389,-1.1684494,1.9321259,37
3.7417397,0.57866794,-1.9627554,1.2962716,-0.64318174,-1.128452,-1.5032613,-1.3041271,0.18834266,-4.3368177,-1.6014615,0.39953053,-4.2606606,0.48913914,-1.5126939,2.0474958,104
2.3285558,-1.038147,-1.6159979,2.190802,0.39762548,-1.5139694,-0.83831674,-0.85571116,-0.70155686,-3.4881082,-1.1086314,1.0264729,-3.456473,0.9492462,-0.57701993,1.6552194,72
3.5067296,1.2405173,-1.799743,0.14322233,-1.4990494,-1.8630767,-0.31400773,-1.1725879,2.7913249,-5.2134295,-2.099225,-0.2585721,-5.245672,0.008571193,-0.8955506,2.7470577,19
2.991155,-0.1475432,-2.4414403,2.238626,-0.32265627,-1.2634724,-1.4528537,-1.7743531,-0.39712316,-4.7370906,-0.8431726,0.76975614,-3.8898447,0.4863249,-0.9299812,1.7436849,79
3.3088465,1.1987883,-1.9927278,0.61854637,-1.6472818,-1.8597745,0.057975143,-1.0496477,2.8012602,-5.626439,-1.9437357,-0.36835885,-5.082398,0.2719359,-0.6865255,2.788144,63
2.0758681,-0.62220013,-1.6062843,2.0011692,0.1151678,-1.2135042,-1.0675046,-1.147494,-0.69598025,-3.2303884,-0.8864382,0.6842094,-2.8867252,0.76691544,-0.98497057,1.5031714,72
2.8127234,-0.28039077,-1.7606686,1.9535509,-0.053456187,-1.4388149,-0.9579309,-1.318804,-0.0071472824,-3.6758678,-0.91856164,0.43864447,-3.4734173,0.44951636,-0.64242584,1.8241844,79
3.5444784,1.5513611,-2.2937186,1.3357455,-1.7694218,-1.8215913,-0.69686747,-1.6581814,2.3522046,-6.098716,-1.6132423,-0.21699297,-4.8576736,0.054099098,-0.84638053,2.667901,19
1.4448196,-0.9221588,-1.3264394,1.370045,0.3657854,-1.1312493,-0.70642304,-1.0109377,-0.7374474,-2.7093844,-0.8971846,0.8051995,-2.5557418,0.7030312,-0.92081565,1.2492567,72
2.9710698,0.67630094,-1.4515533,1.3686322,-0.8543974,-0.6509523,-1.5441544,-1.4221454,0.448187,-3.8396468,-1.1098714,0.25727618,-3.537591,-0.18112019,-1.2420695,1.9767003,37
2.7913961,0.37142533,-1.9030437,1.12534,-0.3329781,-1.0644072,-1.550803,-1.8000845,-0.16571005,-3.398644,-0.9946367,0.07721992,-3.0427604,0.41781908,-1.6913764,1.6096914,1
3.3609033,1.7360245,-2.4473455,1.2003382,-1.8369076,-1.7675966,-0.80236775,-1.7530465,2.426656,-6.2133784,-1.5118827,-0.33761394,-4.669211,0.05191712,-1.0383677,2.5915754,19
3.8925176,1.3946087,-2.6422284,1.1969151,-0.98054576,-1.5247494,-1.7339475,-1.7897339,0.88983446,-5.465973,-1.3853872,0.041200712,-4.5707517,0.046116024,-1.5674608,2.2632804,104
3.2375352,1.8314855,-2.4990392,0.6727699,-1.8511045,-1.7134911,-0.8875334,-1.8081367,2.5303187,-6.2337017,-1.5457504,-0.3502238,-4.740807,0.037327603,-1.2809815,2.484869,19
3.2332397,1.7338992,-2.4550903,1.1042008,-1.6674006,-1.6231145,-1.1096905,-1.8239474,1.8692465,-5.754532,-1.3922647,-0.36636737,-4.2436805,0.029548235,-1.3996146,2.3697436,19
2.7833736,0.845634,-1.475506,1.6279396,-0.9944992,-0.53615725,-1.5666947,-1.42304,0.5651858,-4.187751,-0.9178817,0.33896142,-3.3417299,-0.23618773,-1.097543,1.9122217,37
3.8238778,0.36473155,-1.9922042,0.96621895,-0.50153244,-1.0229505,-1.5858772,-1.3615329,-0.0493377,-3.972304,-1.7601352,0.3527419,-4.408317,0.5409037,-1.7475231,2.0787833,104
2.2735553,-0.9109776,-1.677895,1.9501332,0.5127319,-1.6178869,-0.5426362,-0.6947213,-0.40632898,-3.1860757,-1.0141392,0.62494993,-3.2762864,0.7812316,-0.47295398,1.7297364,72
3.505092,1.4009147,-1.9891057,0.2866937,-1.6463423,-1.7252994,-0.5321785,-1.2328975,2.7818081,-5.761446,-2.0686996,-0.11963829,-5.363131,-0.024307743,-0.990393,2.749607,34
2.8857481,-0.2748995,-1.878971,1.4839647,-0.020915106,-1.2602799,-1.1490068,-1.5170176,-0.26830482,-3.396654,-1.0375708,0.3600192,-3.4251068,0.6278222,-1.1318107,1.6881255,79
3.2480695,1.3711371,-2.211339,0.9026247,-1.7416737,-1.8688953,-0.33122838,-1.3559449,2.6427367,-6.0221076,-1.8056438,-0.31526184,-4.96211,0.15860116,-0.88015074,2.69461,19
2.0649498,-0.52728117,-1.5187962,1.5412933,0.32635328,-1.3396432,-0.9008597,-1.1402773,-0.5125288,-2.5840282,-0.88624555,0.2785827,-2.5696604,0.67677474,-1.0646362,1.50921,72
3.0676377,-0.10528452,-2.1053703,1.5259943,-0.13955061,-1.5037906,-1.4912691,-1.8271568,-0.16518809,-3.8743162,-1.209013,0.35875076,-3.7597752,0.5540085,-1.3410659,1.8519366,79
3.5175529,1.7334718,-2.4816113,1.1591771,-1.8598816,-1.8375343,-0.86175656,-1.831399,2.4336808,-6.486561,-1.6042355,-0.20701177,-4.987082,0.06536502,-1.0447147,2.6323395,19
1.5096395,-1.1151807,-1.1812967,1.6307491,0.40191063,-1.1381617,-0.7264766,-0.82170457,-0.92005014,-2.5521576,-0.9746351,0.90297747,-2.643025,0.9529076,-0.8141855,1.3200485,72
2.8795044,0.50471216,-1.3244092,1.2992538,-0.7511772,-0.57091576,-1.4462435,-1.2952551,0.45362347,-3.6718576,-1.1364725,0.34948367,-3.5014217,-0.12229845,-1.1519904,1.9153363,37
2.8756332,0.14963049,-1.8176411,0.8105241,-0.17457187,-1.0631194,-1.575417,-1.7144469,-0.33771408,-2.9767842,-1.2439126,0.074829504,-3.1525247,0.5260354,-1.8892539,1.6595343,1
3.1479323,1.7796856,-2.3400118,0.96986234,-1.8315428,-1.6563818,-0.8341037,-1.7528685,2.4184968,-6.0310044,-1.4536207,-0.37079924,-4.5018888,0.036718696,-1.148798,2.5158896,19
3.695572,1.2724195,-2.3958209,1.1234164,-0.9046049,-1.2606409,-1.7190175,-1.6847036,0.77890503,-5.07998,-1.326228,0.07453357,-4.331028,0.027249701,-1.5740201,2.1760032,104
2.9473813,1.78801,-2.2561162,0.80507135,-1.8594201,-1.4576604,-0.9816073,-1.7217345,2.3650358,-6.1054416,-1.4130789,-0.26248288,-4.458214,-0.020238563,-1.2920454,2.387892,19
2.9275105,1.6879474,-2.1663637,1.0515276,-1.6166222,-1.3853296,-1.1781738,-1.7361203,1.7577655,-5.479477,-1.2573202,-0.30578274,-3.9357305,0.0053928345,-1.4294789,2.2203662,13
2.6953804,0.6974825,-1.3884996,1.622228,-0.9304408,-0.48772934,-1.5291739,-1.3436917,0.5533863,-4.0918264,-0.96603143,0.4380523,-3.3051212,-0.19811296,-1.0514973,1.8702577,37
3.624324,0.03904493,-1.6457442,0.75259256,-0.3058597,-0.8531868,-1.3577597,-1.0777059,-0.0673088,-3.4376194,-1.8010092,0.43520385,-4.2703953,0.6199005,-1.5975227,1.9746782,1
2.3508453,-0.8887106,-1.4857827,1.8190972,0.5705017,-1.6188494,-0.5795728,-0.73458356,-0.4155535,-2.804817,-1.0885506,0.41658688,-3.1180644,0.7504479,-0.5995145,1.7640843,79
3.4433818,1.592046,-2.1641183,0.51019925,-1.7657988,-1.4553826,-0.83938116,-1.3066627,2.5877423,-6.3539205,-1.8837583,0.05611302,-5.3814692,-0.08346847,-1.1207328,2.6654165,34
2.9862876,-0.34179154,-1.9054358,1.1398978,0.056150243,-1.2469387,-1.3559132,-1.6244804,-0.50615996,-3.0622983,-1.281086,0.28324467,-3.4624925,0.7556325,-1.547055,1.7190326,1
3.081707,1.42948,-2.0966184,0.69053304,-1.6474909,-1.7226152,-0.39331156,-1.304898,2.561176,-5.682315,-1.6935351,-0.35449016,-4.682318,0.1723389,-0.9862834,2.57478,19
2.2181962,-0.4219545,-1.5735413,1.385869,0.34607187,-1.3209529,-1.0457399,-1.249572,-0.5882069,-2.46333,-0.97962654,0.17333825,-2.528126,0.6790016,-1.2938094,1.5299652,8
3.133321,-0.052550226,-2.1001563,1.2197605,-0.16639869,-1.3650105,-1.6066632,-1.9182792,-0.25232053,-3.7614431,-1.2837605,0.30634695,-3.8033462,0.5414882,-1.6000254,1.8133568,79
3.2685118,1.7006743,-2.2768457,0.95719695,-1.8660214,-1.6706952,-0.8272113,-1.7101121,2.4851,-6.3179035,-1.6023853,-0.17734805,-4.8587837,0.06431851,-1.0990331,2.559456,19
1.4574016,-0.8395642,-1.3444902,1.9017817,0.23335043,-1.0313666,-0.94354486,-0.9514991,-0.9234201,-2.8402202,-0.83842576,0.80844986,-2.4659123,0.9329048,-0.97288805,1.3173318,72
2.932868,0.610489,-1.4171107,1.6772796,-0.84963167,-0.5949786,-1.5132303,-1.3280305,0.47322345,-4.0762196,-1.1265166,0.48174328,-3.5250974,-0.14064023,-1.0514231,1.9688145,37
2.8624442,0.19596496,-1.7820582,0.97815895,-0.27725887,-0.9001985,-1.7049503,-1.7607408,-0.32226217,-3.2158058,-1.2104466,0.13486241,-3.2040315,0.41361386,-1.8777368,1.6932468,1
2.8677638,1.7918656,-2.171454,1.0366167,-1.8728052,-1.4199317,-0.96766233,-1.7228384,2.3383455,-6.055307,-1.3424149,-0.2673842,-4.300167,-0.04341639,-1.203881,2.4168093,13
3.5572145,1.128139,-2.257386,1.1709803,-0.84868515,-1.0743918,-1.6595476,-1.543266,0.7778332,-5.0656366,-1.2927046,0.2459733,-4.268675,0.059594825,-1.4517844,2.0911775,104
2.851393,1.8059443,-2.2844763,0.9557184,-1.8236947,-1.3171457,-1.1333544,-1.7139733,2.2364929,-6.202982,-1.3254483,-0.14083345,-4.339015,-0.09216004,-1.3134422,2.3366303,19
2.7078552,1.6879827,-2.0845883,1.1429505,-1.5725417,-1.1911366,-1.3181098,-1.7183295,1.6173408,-5.4530025,-1.1073356,-0.21939819,-3.691533,-0.053218294,-1.465059,2.1085453,13
2.8380158,0.82121694,-1.6183815,1.8894945,-0.99645185,-0.5409689,-1.6655486,-1.5010343,0.4577518,-4.4892235,-0.96480846,0.49097586,-3.377577,-0.19401829,-1.1076427,1.9282662,37
3.61585,0.03529695,-1.6174554,1.0266916,-0.2942524,-0.731769,-1.2893662,-0.92312396,0.02036643,-3.6555562,-1.7309196,0.62325805,-4.238207,0.6417213,-1.3487904,1.9381247,104
2.5200205,-0.82020104,-1.5783421,1.4588218,0.52583325,-1.6190373,-0.90811557,-1.0823114,-0.5437626,-2.6562228,-1.2247392,0.3233766,-3.1600318,0.784837,-1.0396769,1.7062278,79
3.3366933,1.5677695,-2.163282,0.72138464,-1.7120559,-1.2715057,-1.0122583,-1.2797557,2.3629375,-6.432072,-1.75073,0.19979905,-5.225751,-0.11424504,-1.1343508,2.5889344,34
3.100809,-0.40176103,-1.8620268,0.9658885,0.10028833,-1.1395906,-1.4070442,-1.6143712,-0.60922617,-2.9280283,-1.3699015,0.26057786,-3.5883315,0.71571386,-1.6657591,1.7558732,1
2.7550461,1.538225,-1.9885242,0.88034725,-1.7017998,-1.4561881,-0.6472372,-1.3680844,2.4044695,-5.7586117,-1.4613031,-0.2577606,-4.3287916,0.064928666,-1.058675,2.4329693,63
2.2920494,-0.4895786,-1.4639695,1.0550207,0.3554164,-1.3050892,-1.0851896,-1.3035026,-0.6027249,-2.2112842,-1.1134862,0.12979172,-2.5949934,0.7450911,-1.4624274,1.4897076,79
2.9900799,-0.12022768,-1.9342469,1.1842879,-0.107231185,-1.2758883,-1.5267231,-1.7575717,-0.19937803,-3.5966144,-1.272991,0.35506624,-3.6654944,0.5446754,-1.5115566,1.7578852,79
3.1441262,1.7028749,-2.2041097,0.955246,-1.8680698,-1.5020298,-0.8782443,-1.6044778,2.432692,-6.2986593,-1.59577,-0.099564664,-4.780322,0.030753277,-1.1467335,2.5408688,19
1.3600025,-0.8862261,-0.87199676,1.3855447,0.35646024,-1.0510904,-0.7102678,-0.8464409,-0.74000335,-1.9775616,-0.8701594,0.46202284,-2.1140618,0.9206316,-1.0382414,1.2261411,72
3.1230614,0.75199866,-1.7288516,2.0857196,-0.9232296,-0.6662551,-1.6468921,-1.48653,0.41392434,-4.6238875,-1.1050742,0.58907074,-3.632699,-0.1266402,-1.0183053,2.0634093,37
2.7923377,0.21647932,-1.7194833,1.1200035,-0.22884053,-0.88836193,-1.6632371,-1.6903725,-0.19790028,-3.2706435,-1.1451039,0.19870631,-3.0753498,0.42889148,-1.7205114,1.6461546,1
2.7880213,1.845469,-2.2180712,1.073304,-1.8149105,-1.3024071,-1.1355293,-1.7240382,2.2115715,-6.085836,-1.2829952,-0.19541109,-4.1635513,-0.08044604,-1.3185585,2.3445075,13
3.5479603,1.2375221,-2.3472204,1.493325,-0.94207466,-0.99533266,-1.739922,-1.6083018,0.7649811,-5.3886504,-1.2090037,0.32646108,-4.1990523,0.030489318,-1.3928354,2.1020057,104
2.875107,1.859345,-2.4042256,1.043616,-1.6912323,-1.2438571,-1.2941527,-1.7211885,2.0846786,-6.2219896,-1.2579243,-0.06678565,-4.194191,-0.11585429,-1.3753448,2.2773063,19
2.678254,1.8188142,-2.2613504,1.300598,-1.5251595,-1.1283122,-1.5257263,-1.8111587,1.5406755,-5.7036257,-1.0177593,-0.13750292,-3.5703564,-0.1083366,-1.5429301,2.0629375,13
2.907426,0.96477115,-1.8386307,2.2575188,-1.0825732,-0.55099386,-1.8244352,-1.6897197,0.3662743,-4.883536,-0.9050288,0.55263066,-3.3307667,-0.19680953,-1.1300346,1.9755471,37
3.704158,0.08709927,-1.7505498,1.4091702,-0.3040375,-0.7721969,-1.3557725,-0.9558855,0.041232362,-3.9793253,-1.7053015,0.73551345,-4.240042,0.6483174,-1.2239804,1.984435,104
2.5322778,-0.90150803,-1.5121044,1.341163,0.5267427,-1.545768,-0.90021276,-1.0469595,-0.46098453,-2.7596347,-1.3009037,0.44801533,-3.2971256,0.80534977,-1.0226758,1.6521162,79
3.4185064,1.6627679,-2.3172228,0.7592348,-1.5836917,-1.2119808,-1.1645024,-1.3220955,2.2103238,-6.4469304,-1.6934236,0.2587443,-5.1277127,-0.12576115,-1.2107661,2.5535362,19
2.98756,-0.38673496,-1.7188745,0.99980175,0.11668253,-1.1098568,-1.4034641,-1.5169868,-0.43325627,-3.0038764,-1.3532908,0.3149264,-3.5356252,0.6692581,-1.550601,1.7177073,1
2.5437038,1.7027974,-2.0436225,1.0671865,-1.7642545,-1.276862,-0.9270362,-1.5001144,2.3291674,-6.0747457,-1.2666004,-0.15405206,-4.1336713,-0.058371637,-1.1532409,2.3276021,63
2.3017504,-0.4798071,-1.4838046,1.1509551,0.36940202,-1.2603724,-1.1782484,-1.2813293,-0.49824834,-2.5265841,-1.1280456,0.24578066,-2.6997242,0.6673843,-1.4069629,1.471669,79
2.9449446,-0.03681436,-1.8890089,1.3832635,-0.09003487,-1.25919,-1.4083302,-1.5615765,-0.11378424,-3.603464,-1.2155366,0.38840395,-3.4831123,0.5665125,-1.3325393,1.7537847,79
3.0936053,1.6978533,-2.2033646,0.97720754,-1.7870431,-1.3746135,-0.9378044,-1.5366817,2.3108003,-6.2161674,-1.5610156,-0.030910969,-4.654055,0.013917401,-1.1787724,2.5051458,13
1.4581515,-0.8162074,-0.92223924,1.1040031,0.49278393,-1.0924566,-0.6926194,-0.867206,-0.780171,-1.4957751,-0.9227952,0.16783167,-1.8413627,0.8709733,-1.243295,1.2193594,72
3.32901,0.86259544,-2.0836108,2.3823714,-0.9480517,-0.73170274,-1.725404,-1.614085,0.3970014,-5.113803,-1.0755007,0.6423189,-3.7808928,-0.11077242,-0.9670985,2.1709423,104
2.8701859,0.42118773,-1.9062436,1.6081202,-0.27425689,-0.97212493,-1.7521164,-1.737045,-0.12045406,-3.7310667,-1.0543798,0.2882076,-3.005661,0.38333505,-1.5668061,1.698016,1
2.793722,1.8870915,-2.311154,1.101277,-1.6676916,-1.2268947,-1.2505577,-1.7177156,2.0357552,-5.9869375,-1.2107766,-0.15140939,-3.9758804,-0.08745676,-1.390882,2.2702267,13
3.5829678,1.2964339,-2.488042,1.6507982,-0.9033941,-1.0496504,-1.7884054,-1.6830766,0.71768636,-5.482471,-1.1873436,0.33490866,-4.0953603,0.044999868,-1.3970673,2.1164737,104
2.9437943,1.8691094,-2.52752,1.1263814,-1.501626,-1.2511609,-1.3945453,-1.7741195,1.8879805,-6.0813184,-1.1866581,-0.06523292,-4.004621,-0.12593782,-1.4097013,2.2398448,13
2.743023,1.9561392,-2.456551,1.3862389,-1.4371269,-1.1339847,-1.6388173,-1.8724371,1.5233364,-5.8359046,-0.9739761,-0.13869306,-3.4631822,-0.13053352,-1.5922172,2.0678487,13
3.0193343,1.0474162,-2.0383043,2.4571905,-1.0814542,-0.6060051,-1.8320415,-1.7773283,0.36013407,-5.106209,-0.8853508,0.5374765,-3.3245363,-0.1474283,-1.0921364,2.042268,37
3.8968205,0.11842905,-1.9241099,1.7282387,-0.29538792,-0.85984397,-1.3759229,-0.98708725,0.098218285,-4.315159,-1.7266682,0.8021887,-4.3657656,0.65601164,-1.0929775,2.0904942,104
2.48502,-0.8168585,-1.5148171,1.5386956,0.47557715,-1.5165901,-0.8833861,-0.9338206,-0.34556347,-3.014524,-1.2868696,0.53707474,-3.2435875,0.80561846,-0.91173166,1.6378118,72
3.520835,1.8523806,-2.5689807,0.86285913,-1.5044684,-1.2265217,-1.3298385,-1.4432656,2.1013298,-6.5548344,-1.6373392,0.23464055,-4.985651,-0.14896604,-1.3180249,2.5623813,19
3.0022454,-0.21209197,-1.8079921,1.3964779,0.0904105,-1.1289898,-1.3925192,-1.4255699,-0.294954,-3.3943098,-1.2517836,0.41535366,-3.437279,0.6592198,-1.3352733,1.7240416,79
2.4948897,1.8600317,-2.2059033,1.1070199,-1.7005324,-1.1753231,-1.1747295,-1.6098285,2.1810174,-6.1539693,-1.1341918,-0.13184646,-3.919259,-0.12701333,-1.322365,2.2192187,13
2.3493764,-0.27378908,-1.6879181,1.5752076,0.34299234,-1.332698,-1.2213712,-1.2199448,-0.3294412,-3.1482038,-1.0315402,0.34997332,-2.7315197,0.65456325,-1.2214913,1.5189801,79
3.0205827,0.04386174,-2.0320904,1.8114592,-0.08555871,-1.331293,-1.4877207,-1.5526428,-0.12677063,-3.9197197,-1.1912482,0.48039097,-3.4614024,0.53444093,-1.2219517,1.8312991,79
3.054928,1.7254043,-2.255484,1.0143472,-1.6678138,-1.2824404,-1.0411949,-1.5611458,2.1564453,-6.0835233,-1.4626421,-0.009778768,-4.4423265,-0.026506733,-1.224726,2.438628,13
1.6724778,-0.77238077,-1.0942712,1.061635,0.46973667,-1.1429008,-0.7953619,-0.96045387,-0.7899374,-1.6248136,-1.0468931,0.14185815,-1.9713459,0.8658393,-1.4028926,1.277373,72
3.5441813,0.9947549,-2.3335004,2.6202335,-0.9965259,-0.8096004,-1.7178264,-1.63376,0.52953815,-5.5429287,-1.120362,0.62308514,-3.9612918,-0.112735875,-0.86972904,2.3385115,104
3.0998619,0.61775386,-2.22572,2.081294,-0.29284167,-1.1630939,-1.7886775,-1.7184803,0.010438442,-4.3344526,-1.0240922,0.32378757,-3.1414847,0.3574173,-1.3862641,1.8448708,1
2.8223608,1.9029834,-2.404635,1.1815804,-1.5287539,-1.2132245,-1.3262625,-1.7603747,1.8849536,-5.8857603,-1.1440041,-0.1306682,-3.8114965,-0.09907824,-1.4073126,2.2368224,13
3.6412244,1.364492,-2.665024,1.8146201,-0.8812549,-1.1159427,-1.8307688,-1.7805394,0.70886934,-5.643492,-1.154613,0.31895697,-4.0468683,0.050028756,-1.3810434,2.1574292,104
2.9780464,1.8677799,-2.6165102,1.2171643,-1.3939582,-1.3130459,-1.4397833,-1.851912,1.8161446,-6.0529766,-1.2012769,-0.079607755,-3.8903353,-0.14255323,-1.4163892,2.2589343,13
2.7335918,1.9699134,-2.5006726,1.3783805,-1.3600957,-1.1677495,-1.6365135,-1.9431572,1.5018163,-5.7208786,-0.99735796,-0.20470755,-3.311768,-0.12097491,-1.6305394,2.078999,13
3.1943488,1.1641777,-2.2761543,2.6942396,-1.1204497,-0.7395916,-1.8212755,-1.8666857,0.48504108,-5.494484,-0.9204464,0.48646986,-3.45191,-0.14585218,-1.0073193,2.1895142,37
4.093413,0.15135331,-2.031093,2.0437245,-0.30436218,-0.9346418,-1.3071644,-0.9877362,0.20706016,-4.6134377,-1.7410718,0.8254187,-4.5022373,0.66443104,-0.8850849,2.2420235,104
2.6083553,-0.6361479,-1.7572556,1.8116676,0.5136931,-1.5767807,-0.8846728,-0.85586804,-0.3054002,-3.3405612,-1.2408209,0.5462545,-3.2198873,0.86651194,-0.84988624,1.6947927,79
3.5883503,1.989949,-2.777001,0.92680776,-1.4330611,-1.3019979,-1.4139891,-1.5656772,2.049559,-6.6039352,-1.6156812,0.15409411,-4.8459,-0.14700359,-1.4004295,2.5867689,19
3.1700277,-0.020695547,-2.083399,1.903804,0.11975315,-1.3180496,-1.4964168,-1.4484276,-0.26574904,-3.864281,-1.2257595,0.4652393,-3.4342177,0.63428897,-1.2221556,1.8410202,79
2.6009665,2.002676,-2.4990468,1.139054,-1.4817016,-1.2086083,-1.4161565,-1.7271179,1.9752958,-6.1699896,-1.0564067,-0.14831667,-3.709308,-0.121166125,-1.5057263,2.1442611,13
2.5601802,-0.07075921,-2.0162978,2.001844,0.39447686,-1.4934224,-1.2688832,-1.1626651,-0.29397416,-3.6407397,-1.0215061,0.34861535,-2.7924488,0.7104573,-1.1567676,1.6542561,79
3.2666602,0.11711623,-2.3635767,2.2621956,-0.021315098,-1.4391543,-1.5768044,-1.5511916,-0.13399391,-4.444462,-1.1788982,0.566583,-3.6399074,0.5081069,-1.0923874,1.9729806,79
3.079838,1.7904706,-2.4718866,1.159541,-1.5458957,-1.2885078,-1.2052486,-1.6788248,1.9939443,-6.1831427,-1.3479578,0.020994574,-4.3043804,-0.058257684,-1.276164,2.3958175,13
1.7840798,-0.8116175,-1.1111504,1.1438886,0.48239622,-1.1152304,-0.87639487,-0.9794985,-0.8135743,-1.7101495,-1.1272042,0.2122825,-2.081304,0.76741594,-1.3939452,1.3350389,72
3.6482084,0.98280615,-2.5017982,2.7728777,-0.95834255,-0.9180257,-1.6698384,-1.6623031,0.5845833,-5.7674503,-1.1569657,0.6068095,-4.0678825,-0.079549685,-0.7757216,2.423387,104
3.3175676,0.7023276,-2.4711094,2.5674725,-0.30498052,-1.3129499,-1.7004812,-1.5760324,0.21837239,-4.9228835,-1.0378928,0.34791702,-3.344699,0.3438569,-1.0831592,2.0325813,104
2.8234537,1.9440359,-2.5295644,1.3086005,-1.4453437,-1.2279394,-1.4183016,-1.8399584,1.8095226,-5.9506855,-1.0924082,-0.12094902,-3.6883414,-0.12584925,-1.4252198,2.2279527,13
3.6448078,1.4142249,-2.685371,1.9375545,-0.9221337,-1.1503915,-1.74979,-1.786677,0.8767544,-5.800393,-1.1660476,0.27711684,-4.0467963,0.025578804,-1.2543912,2.239877,104
2.9639657,1.8864965,-2.58804,1.2234886,-1.4002275,-1.3559549,-1.3968773,-1.8739247,1.9516051,-6.083675,-1.2651896,-0.113237515,-3.8788948,-0.16875795,-1.3682644,2.3107183,13
2.7021818,1.9933591,-2.4382074,1.315396,-1.3921977,-1.212919,-1.5326109,-1.9560499,1.6881192,-5.6812234,-1.0767373,-0.28700688,-3.2922478,-0.11977428,-1.5905776,2.1441302,13
3.2953699,1.184527,-2.3794868,2.8113356,-1.0813508,-0.7970668,-1.7337775,-1.8182467,0.55483466,-5.587595,-0.92624944,0.45007944,-3.499025,-0.12967922,-0.88744026,2.2622638,37
4.316009,0.119336404,-2.1594484,2.288178,-0.31113714,-1.0380055,-1.1770785,-0.8766246,0.3744955,-4.9310164,-1.8171343,0.857126,-4.796315,0.70357513,-0.65004206,2.4404202,104
2.8179584,-0.5857268,-2.0567794,2.1359682,0.64707935,-1.7488341,-0.9108159,-0.7980468,-0.30536473,-3.6974945,-1.282692,0.5905472,-3.34077,0.90171474,-0.772788,1.81238,79
3.6105921,2.0344002,-2.8661795,1.0029672,-1.3769771,-1.4319763,-1.3987718,-1.6596854,2.0866845,-6.6463842,-1.6487815,0.10184829,-4.7605667,-0.14014786,-1.3849068,2.6234486,19
3.4519007,0.11818003,-2.3934166,2.3472838,0.15765518,-1.5350008,-1.4463208,-1.3166547,-0.08777918,-4.4709272,-1.2668746,0.47292978,-3.6582034,0.6556971,-1.0031422,2.03141,79
2.6050408,2.093135,-2.6095076,1.1692369,-1.3745763,-1.2632354,-1.5233333,-1.8478338,1.9179595,-6.129605,-1.0574933,-0.22564526,-3.51501,-0.123109154,-1.608141,2.153845,13
2.7643614,0.035031967,-2.2274733,2.407763,0.4411439,-1.6884751,-1.1434209,-0.94293153,-0.123013005,-4.076195,-1.0893706,0.31053758,-2.9304616,0.7588134,-0.9537183,1.8611256,8
3.448106,0.14594689,-2.525376,2.6535354,0.0051728785,-1.5509642,-1.4744921,-1.4426419,-0.03866531,-4.754023,-1.1903038,0.5472609,-3.7600703,0.5062043,-0.8472523,2.1586533,79
3.1027129,1.8665569,-2.635964,1.2893919,-1.4693967,-1.3067875,-1.2963548,-1.7336509,1.9515944,-6.2949553,-1.2986826,0.022592396,-4.220024,-0.12033289,-1.2826171,2.422413,13
1.8292211,-0.81684124,-1.0865153,1.2228905,0.5326828,-1.1190354,-0.8562686,-0.89152837,-0.6678051,-1.9027598,-1.1664424,0.2876953,-2.1612895,0.72024655,-1.2472093,1.3467624,72
3.712682,0.96942014,-2.6130319,2.9533525,-0.91492116,-0.96053004,-1.5589383,-1.5568172,0.59741694,-5.8645725,-1.1430442,0.58949286,-4.0837674,-0.030183818,-0.6330601,2.4899688,104
3.5119832,0.632936,-2.565446,2.9706063,-0.3255862,-1.330661,-1.5305672,-1.3510371,0.3189882,-5.1568756,-1.086827,0.36782897,-3.5686202,0.28632435,-0.7540749,2.273355,104
2.8071172,1.9625019,-2.5564404,1.3277158,-1.4053363,-1.2902584,-1.399102,-1.8793774,1.8995014,-6.0087137,-1.1372797,-0.15278353,-3.6449368,-0.13826269,-1.39919,2.2609494,13
3.7036946,1.4941535,-2.6777,2.0730753,-1.012648,-1.1842415,-1.6533425,-1.7306538,1.1141686,-5.9879985,-1.2343442,0.25337023,-4.122724,0.0028378293,-1.1089118,2.3613884,104
2.975024,1.8624516,-2.5666733,1.1954153,-1.3783138,-1.3701582,-1.3236675,-1.8533306,2.030459,-6.070632,-1.2948024,-0.099077374,-3.9088159,-0.15753204,-1.2976403,2.3161254,13
2.7379987,1.9645274,-2.4308627,1.2780235,-1.3642304,-1.26835,-1.4355066,-1.9445636,1.7841699,-5.631443,-1.1209025,-0.30025,-3.3210652,-0.095245324,-1.5168173,2.1616957,13
3.439447,1.138023,-2.5300708,2.9668498,-0.9643214,-0.85495365,-1.5981874,-1.654975,0.53655237,-5.667503,-0.9312364,0.4546548,-3.6088262,-0.06116921,-0.7031354,2.3609984,104
4.674334,-0.28647625,-1.9056759,2.0653534,-0.37823588,-1.4734973,-0.37647694,-0.89828527,0.91930455,-5.053436,-2.1930861,0.9962561,-5.708437,0.7224218,0.03820771,2.9462962,104
2.9231138,-0.6374373,-2.1017983,2.4290848,0.68601143,-1.8732295,-0.77006114,-0.60848784,-0.122451946,-3.9757974,-1.3871844,0.5970788,-3.5177307,0.9123048,-0.5160201,1.9972365,79
3.5113997,2.0453012,-2.8281193,0.9680196,-1.3481462,-1.4742212,-1.3539379,-1.7150842,2.1582408,-6.546664,-1.628907,0.044398367,-4.6285853,-0.15303977,-1.371918,2.5975473,19
3.6209426,0.053192593,-2.465251,2.7496643,0.1859687,-1.6642627,-1.226836,-1.1033614,0.08858965,-4.7622485,-1.3475816,0.44045717,-3.8507888,0.6450634,-0.6547469,2.274684,79
2.5667381,2.0662198,-2.543139,1.0501753,-1.3221781,-1.3238916,-1.4847107,-1.9401822,1.9521899,-5.898511,-1.1503665,-0.3033233,-3.3818433,-0.0800252,-1.6630008,2.1543164,13
2.8729734,-0.14290076,-2.217152,2.6948361,0.5079181,-1.8437427,-0.8930228,-0.6993217,0.060802624,-4.2802105,-1.2343881,0.36300886,-3.1538663,0.83547837,-0.6054108,2.0303512,8
3.596023,0.16609181,-2.605281,3.0088987,-0.019300416,-1.684937,-1.3411775,-1.2327417,0.22177495,-5.1967745,-1.3146752,0.5494455,-3.970652,0.52886796,-0.5821271,2.3691237,104
3.0967343,1.8791326,-2.7107058,1.3464136,-1.3820645,-1.4111747,-1.3413808,-1.8070897,2.0135193,-6.4269557,-1.3574203,0.028062806,-4.183267,-0.12584202,-1.2739718,2.444469,13
2.0120554,-0.5874831,-1.3164244,1.5723988,0.5656073,-1.2291386,-0.8680338,-0.7608913,-0.42225665,-2.5477448,-1.1565998,0.32542306,-2.303871,0.70687246,-1.062778,1.4541804,72
4.229099,0.9281925,-2.6275053,2.7815595,-0.90504193,-1.2569312,-1.110143,-1.4607155,0.9739042,-6.146231,-1.4282317,0.7069672,-4.837005,-0.10326543,-0.20509008,2.851832,104
3.6329265,0.39758462,-2.689659,3.0668964,-0.29146692,-1.3085818,-1.4389582,-1.2472857,0.26378456,-5.224087,-1.2057484,0.45345366,-3.8983388,0.32173342,-0.57790804,2.4230387,104
2.8174033,1.9471844,-2.5441291,1.3099716,-1.3816683,-1.3466527,-1.3409734,-1.8830209,2.0186741,-6.0531754,-1.1908774,-0.13653572,-3.6847641,-0.11070696,-1.3367286,2.2720532,13
3.7240016,1.5213012,-2.7450502,2.3448596,-1.0513768,-1.1974441,-1.6105733,-1.7018797,1.1425498,-6.145278,-1.2031298,0.25180042,-4.109099,0.003512755,-0.9609047,2.430817,104
2.9210763,1.8322353,-2.478798,1.2323066,-1.4325991,-1.279261,-1.223036,-1.7843171,2.0795865,-6.0341635,-1.2755684,-0.053756893,-3.909658,-0.1763123,-1.1766992,2.3115668,13
2.759161,1.9324738,-2.4056468,1.3525288,-1.3956394,-1.2251786,-1.3397315,-1.8578855,1.8388468,-5.624826,-1.1226517,-0.2459738,-3.3584545,-0.101247564,-1.3813386,2.175314,13
4.0483804,0.9834258,-2.6329331,2.8854175,-0.9809402,-1.1712837,-1.0508463,-1.4833144,0.85629344,-5.9671364,-1.2741343,0.5543585,-4.507244,-0.089084685,-0.20656182,2.814134,104
5.0115094,0.2600406,-3.064555,2.760364,-0.6529002,-1.4306293,-0.92803055,-1.2677547,0.774342,-6.9003434,-1.9162964,1.1873734,-6.2709484,0.5630486,-0.017749332,3.2135584,104
2.9256284,-0.8133605,-2.0192535,2.4688754,0.67062426,-1.9462348,-0.64824057,-0.5651724,0.001837045,-3.9971154,-1.5415103,0.6327203,-3.6857202,0.9418697,-0.32153308,2.0839777,79
3.3436713,1.9512267,-2.6592464,0.87547183,-1.26773,-1.439383,-1.201385,-1.6903734,2.176372,-6.209429,-1.554611,0.0075128227,-4.4064717,-0.14474547,-1.2775548,2.4928236,19
3.7511501,-0.13011,-2.5231905,2.9155393,0.2238726,-1.7039125,-1.1284786,-0.94849443,0.1392262,-4.862357,-1.4974121,0.50148594,-4.1366887,0.65834236,-0.45017782,2.4578717,79
2.560729,2.031264,-2.4761076,0.8778975,-1.267883,-1.3272184,-1.3693748,-1.9229348,1.9918919,-5.6150303,-1.1761715,-0.33508098,-3.3179154,-0.03599577,-1.654983,2.1112509,13
2.7568135,-0.41250455,-2.0141473,2.6334772,0.42381153,-1.7755626,-0.8472861,-0.75813556,0.0036871135,-3.9138649,-1.3616308,0.43648088,-3.183694,0.7943999,-0.48118988,2.0439742,8
3.6947997,-0.0011291429,-2.672398,3.0994043,0.0645394,-1.67961,-1.2348022,-1.0794406,0.17924972,-5.14364,-1.4362171,0.5754466,-4.1166887,0.5427647,-0.42843208,2.5000002,104
3.076913,1.8956935,-2.7415802,1.3574976,-1.3552837,-1.4344769,-1.3043466,-1.8308492,2.0722897,-6.463495,-1.3285797,0.045975894,-4.1329403,-0.079776905,-1.2271073,2.3862023,13
2.3374593,-0.34485653,-1.6025715,1.9903721,0.5693195,-1.4220663,-0.8245278,-0.62315375,-0.15260984,-3.2294242,-1.1955725,0.26490122,-2.597722,0.69103676,-0.8530693,1.7177986,72
4.2585545,1.374409,-2.9946315,3.0439315,-1.2208241,-1.1636684,-1.2878294,-1.6350876,1.0167702,-6.987532,-1.2363205,0.6925723,-4.9567356,-0.24896489,-0.21658462,2.9794104,104
3.3943014,0.05911795,-2.2554681,2.8532133,-0.38382462,-1.4765506,-0.8952471,-1.4992615,0.29819983,-4.5941305,-1.174577,0.3846345,-3.789414,0.33879048,-0.24241169,2.4661956,104
2.7751873,1.9089403,-2.4813967,1.3709894,-1.3927872,-1.2973014,-1.2475679,-1.8370336,2.0302863,-5.9767385,-1.1541163,-0.09627191,-3.625987,-0.09646514,-1.2236404,2.234069,13
4.0972548,1.459177,-2.5895913,2.3627925,-1.1772193,-1.5127789,-1.0161171,-1.6164215,1.5953543,-6.2932734,-1.3822169,0.31242263,-4.6908064,-0.12936443,-0.35057834,2.7900357,104
3.1340463,1.6920148,-2.1979318,1.1020263,-1.541682,-1.2875873,-0.69317335,-1.5566362,2.3634822,-5.7632,-1.4521577,-0.03856899,-4.2399974,-0.29398298,-0.7359856,2.4931288,13
2.6392982,1.8427256,-2.2812297,1.5033063,-1.4733523,-1.1194842,-1.2529399,-1.7617792,1.8349186,-5.5294323,-1.1033764,-0.18859953,-3.2814057,-0.12919053,-1.2287228,2.1748657,13
4.2497787,1.3958821,-3.3445346,3.3449798,-1.249184,-1.1626672,-1.357296,-1.5880613,0.83716565,-7.239582,-1.1972518,0.6372842,-4.9206495,-0.24108434,-0.2513943,3.0659857,104
4.9217696,0.6392643,-3.6621118,3.5086942,-1.0751978,-1.3012851,-1.4087045,-1.6485432,0.6703502,-8.40139,-1.6141236,1.47908,-6.5318274,0.28579342,0.023086011,3.4321635,104
2.8188405,-0.95358247,-1.9445409,2.2914276,0.5484147,-1.8878778,-0.7174408,-0.69619405,-0.098352864,-3.719694,-1.6764761,0.6783426,-3.726899,0.8516639,-0.3368969,2.0837846,79
3.121557,1.7846495,-2.3581355,0.6959784,-1.1992553,-1.344812,-0.9701219,-1.5887111,2.1644063,-5.615583,-1.4930178,-0.046100408,-4.1353555,-0.12072418,-1.1546006,2.3628163,19
3.6315463,-0.38055554,-2.6361115,2.773141,0.21412537,-1.6419514,-1.2395644,-1.1232637,-0.09474738,-4.7240877,-1.5899206,0.6063917,-4.2755327,0.63741803,-0.5078001,2.4337485,79
2.5330834,1.9432607,-2.3374708,0.7690929,-1.2378483,-1.2827419,-1.1643794,-1.8209481,2.0326297,-5.322318,-1.1711903,-0.32929996,-3.2717502,-0.0178264,-1.5249417,2.0681777,13
2.5843203,-0.66966414,-2.016539,2.3431573,0.39424273,-1.7481734,-0.95061904,-0.8636654,-0.15407325,-3.669549,-1.5338839,0.53428525,-3.319661,0.7560827,-0.520865,2.0047998,79
3.440582,-0.24179737,-2.6911201,2.7162957,0.09826946,-1.6088336,-1.3243091,-1.1610136,-0.048318043,-4.8234096,-1.618356,0.6478246,-4.158688,0.5820711,-0.56068015,2.417629,79
2.881371,1.9354967,-2.6752758,1.5328082,-1.4487298,-1.3501861,-1.2799947,-1.8699203,2.0254848,-6.3796563,-1.1996443,-0.002501443,-3.8542988,-0.08780499,-1.1717517,2.319387,13
2.5124605,-0.43190962,-1.7467358,2.260384,0.6483091,-1.622131,-0.6169025,-0.43221384,-0.059873298,-3.4451842,-1.2346244,0.31875908,-2.82852,0.78091383,-0.54813534,1.8411262,72
4.036739,1.5710945,-3.0949008,3.0174603,-1.4230862,-0.9017684,-1.4379995,-1.7920451,0.7873201,-7.066357,-0.98078686,0.7062282,-4.7482824,-0.3842272,-0.32366872,2.9157734,104
3.2487972,0.09697743,-2.5836003,2.8421497,-0.31423968,-1.3844675,-1.0397696,-1.548489,0.011970416,-4.6926513,-0.98207426,0.34867787,-3.6478078,0.36746582,-0.3791359,2.4185388,104
2.580797,1.9107941,-2.3339128,1.540324,-1.5636187,-1.1872066,-1.1639869,-1.8100407,2.0567927,-5.9007998,-1.1072192,-0.13914965,-3.4613461,-0.13885841,-1.1174536,2.2565277,13
4.126905,1.7514117,-2.9124227,2.6766915,-1.3908024,-1.5144914,-1.0959184,-1.6864878,1.7144184,-7.0446944,-1.2272916,0.29279113,-4.8632154,-0.26516214,-0.22060524,2.9799078,104
2.9744654,1.4778534,-1.5893829,0.6315013,-1.5045624,-1.2775851,-0.27385458,-1.3744628,2.6826403,-5.0908,-1.5774415,-0.08890868,-4.265475,-0.31788975,-0.4954169,2.5402045,63
3.0536304,1.668043,-1.9184141,1.2023137,-1.603722,-1.2583952,-0.5612478,-1.5612081,2.272399,-5.2395453,-1.3555665,-0.17496416,-3.901858,-0.29324892,-0.6508687,2.4736621,13
3.8144703,1.7072114,-3.329152,3.3196893,-1.5732875,-1.0086721,-1.6567032,-1.9545348,0.7659437,-7.431586,-0.89984155,0.62648696,-4.5352592,-0.39275685,-0.45904404,2.9167082,104
4.7928915,0.36939234,-3.477154,3.384853,-0.89129794,-1.300767,-1.1249454,-1.3862929,0.41169348,-7.828673,-1.5455368,1.407946,-6.33826,0.42428166,0.09838565,3.4012573,104
2.6100662,-1.2121983,-1.9825777,1.8561388,0.5665407,-1.8373321,-0.8399463,-0.75180435,-0.30658388,-3.5029836,-1.8065845,0.8279396,-3.876334,0.82364637,-0.4207262,1.9699762,79
2.8246722,1.762917,-2.1671264,0.74786067,-1.3509864,-1.1718473,-0.8966164,-1.5879867,2.0462646,-5.160086,-1.4185826,-0.19715235,-3.732456,-0.19517362,-1.1664815,2.316429,13
3.2154896,-0.7997061,-2.1144512,2.5370727,0.1851007,-1.717123,-0.6909617,-1.2734835,-0.17136617,-3.9521787,-1.4307106,0.60102206,-4.0352173,0.72370344,-0.15628566,2.3913183,79
2.3882778,1.8426874,-2.1188047,0.7997954,-1.3277682,-1.1925906,-0.9679794,-1.714925,2.0924475,-5.0697207,-1.1640964,-0.34071112,-3.167472,-0.055581912,-1.344372,2.063687,13
2.170397,-1.1375706,-1.7054005,2.2389212,0.3672236,-1.797132,-0.7317914,-1.0030857,-0.31612116,-3.3167999,-1.4300165,0.71016484,-3.2906437,0.82430685,-0.29460606,1.9190024,18
2.858438,-0.6533621,-2.07568,2.4403124,0.1403352,-1.6719459,-0.6848106,-1.2482626,-0.2121949,-3.7284312,-1.3898844,0.48320895,-3.5876048,0.7547164,-0.24878502,2.3460953,79
3.2147865,1.8031176,-2.235338,1.1909517,-1.480546,-1.413688,-0.6869124,-1.6515367,2.229608,-5.610179,-1.4342391,-0.13922742,-4.086184,-0.19473505,-0.79936033,2.510584,13
2.3585892,-0.6703471,-1.7148044,2.2520823,0.6057856,-1.7008656,-0.5597342,-0.47681206,-0.08946003,-3.3343487,-1.3155357,0.43222398,-2.9125333,0.80161536,-0.39648053,1.8359299,72
4.0018578,1.4154011,-3.2888763,2.8146415,-1.294542,-1.0427128,-1.3831227,-1.747067,0.6477149,-6.978652,-1.0363169,0.7537261,-4.808447,-0.28628567,-0.34365287,2.9633822,104
2.9934475,0.08249684,-2.7466958,2.7289271,-0.5198097,-1.0546187,-1.1138456,-1.817234,-0.39195663,-4.775225,-0.73401797,0.5710522,-3.4753368,0.5024522,-0.528399,2.1882353,79
3.0116694,1.7562146,-1.9795213,1.2313432,-1.6463993,-1.2399118,-0.53142846,-1.5716482,2.3139277,-5.3495064,-1.3815953,-0.19935092,-3.9042237,-0.28246218,-0.6756341,2.524793,13
4.1997395,1.9509419,-3.4234695,2.8894734,-1.4435507,-1.4559672,-1.4359968,-1.9116604,1.4301313,-7.6024637,-0.9723755,0.36594993,-4.950743,-0.3836665,-0.3168466,2.9729784,104
2.6933591,1.5284294,-1.5379217,0.46926618,-1.5410868,-1.1856569,-0.26389316,-1.4743596,2.57451,-4.850073,-1.3501743,-0.21405724,-3.9787476,-0.36812967,-0.5515952,2.4390051,63
2.8665307,1.7105042,-1.8053461,1.184607,-1.7771899,-1.1520911,-0.49365422,-1.6067479,2.3432386,-5.296505,-1.2579844,-0.17597875,-3.8655772,-0.4096564,-0.54646087,2.518712,13
3.692819,1.4860456,-3.2525263,2.953443,-1.3981291,-1.1055341,-1.4526651,-1.8658689,0.64661455,-6.88151,-0.9176602,0.5823049,-4.3792243,-0.2161379,-0.4843288,2.8692153,104
4.4191875,0.122251645,-3.121378,3.3095136,-0.6252042,-1.1340877,-0.90190274,-1.1986318,0.23234737,-6.945865,-1.3525611,1.298584,-5.693875,0.51208556,0.20060053,3.219483,104
2.1507668,-1.6692995,-1.565302,1.8953077,0.6271471,-1.8663349,-0.41816574,-0.8659038,-0.48138893,-2.9076157,-1.5218806,0.82246816,-3.5869768,0.9634691,-0.07404789,1.9442613,79
3.3454428,1.2424105,-1.710973,0.3919627,-1.1303936,-1.45135,-0.11490669,-1.2242768,2.2171922,-4.4460783,-1.682033,0.00049601495,-4.4030085,-0.12847243,-0.47139776,2.4867275,104
2.8986108,-0.8987524,-2.2260263,2.362568,0.09436366,-1.4663218,-0.65653753,-1.4067231,-0.5160874,-3.8547845,-1.1699462,0.7428634,-3.8202987,0.8314381,-0.21937779,2.1951609,79
2.2120883,1.7743009,-1.9940258,0.9861822,-1.5012091,-1.0956329,-0.86730295,-1.6410649,2.0960355,-4.979201,-1.1737192,-0.34475702,-3.0688474,-0.10782236,-1.2196286,2.1125233,13
1.7484775,-1.6618634,-1.3956203,1.7839848,0.6366302,-1.6885027,-0.2957063,-0.7396114,-0.52996075,-2.409372,-1.3708534,0.69211763,-3.1107328,1.0099435,-0.048698187,1.8265319,72
2.6733735,-0.76848835,-2.3650486,2.4147625,0.038995802,-1.441354,-0.56491303,-1.3007629,-0.4664011,-4.035246,-1.1448867,0.7687194,-3.6634743,0.85273784,-0.09864968,2.2319,79
3.1079495,1.6883347,-1.8263322,0.8469609,-1.4954176,-1.3197719,-0.36564553,-1.4536787,2.3352716,-5.030531,-1.4412055,-0.19955564,-4.022945,-0.20726314,-0.6113268,2.503397,13
2.060341,-0.9378991,-1.6677938,2.061263,0.5526253,-1.7606167,-0.6690508,-0.597605,-0.14870219,-3.1518416,-1.4354093,0.5399102,-2.9984598,0.76794285,-0.40746617,1.8011498,72
3.8902855,1.3217793,-3.3361292,2.5283332,-1.1465813,-1.2093599,-1.4253185,-1.841206,0.5824543,-6.7702856,-1.0921332,0.70837873,-4.6740274,-0.17082614,-0.52736926,2.8363671,104
2.8906786,-0.006169921,-2.7512074,2.5761728,-0.5018828,-0.93655354,-1.0625174,-1.7553405,-0.472327,-4.738211,-0.75843096,0.684468,-3.458545,0.59999627,-0.5651101,2.1571567,79
2.8936894,1.7319788,-1.8050666,1.1144447,-1.7550654,-1.2434453,-0.40507597,-1.5444237,2.4182353,-5.2741427,-1.3630093,-0.20470001,-3.9294257,-0.31339902,-0.5565454,2.5524127,13
3.920827,1.9845725,-3.6018476,2.7447934,-1.4452872,-1.4059212,-1.56815,-2.024495,1.2847757,-7.477148,-0.77628744,0.31368262,-4.6532164,-0.4344966,-0.44541347,2.900705,104
2.717126,1.437421,-1.5463424,0.3793332,-1.449881,-1.2472012,-0.10876409,-1.3224133,2.5024443,-4.574908,-1.2321897,-0.32602763,-3.9500234,-0.3052602,-0.45251632,2.4665077,63
2.7965941,1.7192702,-1.9535396,1.2218429,-1.7876674,-1.0995156,-0.54308194,-1.6031661,2.1983395,-5.386621,-1.1075598,-0.18237038,-3.8706472,-0.4712243,-0.5262112,2.572008,13
3.3915114,1.3052486,-2.9449677,2.3452806,-1.1736488,-1.0973225,-1.2259424,-1.7633519,0.64657915,-5.92333,-0.9239876,0.36748612,-3.8976214,-0.066975236,-0.6034123,2.6574984,104
4.2855043,0.22984318,-3.1409843,3.0395546,-0.64960295,-1.2357011,-0.9426464,-1.247106,0.2126248,-6.6405883,-1.3656282,1.1816446,-5.435993,0.5665235,-0.0029793382,3.0593584,104
2.0120976,-1.835255,-1.711548,1.9582378,0.62581193,-1.6522709,-0.20899568,-0.7582739,-0.76860625,-2.9420485,-1.3285222,1.0126494,-3.6118708,1.1043203,0.0974697,1.8770803,18
3.2114923,1.4005466,-2.0922391,0.4945575,-1.2952889,-1.3436049,-0.37070823,-1.477835,2.026823,-4.9188204,-1.3826698,0.087550744,-4.3953667,-0.2588603,-0.52186954,2.468937,104
2.9337964,-0.87113047,-2.6042821,2.4991035,-0.022398233,-1.2920423,-0.7624407,-1.5276212,-0.83358574,-4.269035,-1.0519636,0.9706626,-3.935898,0.9322098,-0.30348182,2.1342778,79
2.8049889,1.3412725,-1.5175008,0.62541103,-1.5624536,-1.2969694,-0.026161373,-1.3054068,2.4973297,-4.5078588,-1.588808,-0.2434714,-3.9379303,-0.18646315,-0.54015315,2.460015,63
1.66691,-1.8136755,-1.5062295,1.9596449,0.5608772,-1.5250839,-0.18260878,-0.7090528,-0.79695034,-2.5952969,-1.2814429,0.93238926,-3.2121584,1.1154444,0.07079302,1.8086057,72
2.722875,-0.7576601,-2.4100435,2.5803647,-0.13926701,-1.2346134,-0.598461,-1.3880726,-0.7509435,-4.064251,-1.1298182,0.82163286,-3.637327,0.8207985,-0.1996885,2.2626307,18
3.142148,1.5695678,-2.0322843,0.9072341,-1.5113028,-1.3417948,-0.37348256,-1.4987662,2.1852317,-5.180662,-1.2855524,-0.104307845,-4.210683,-0.30135828,-0.4217949,2.5764747,13
1.9303774,-1.2413791,-1.8407182,1.7392355,0.65208733,-1.8226248,-0.87491316,-0.6565991,-0.26477563,-3.183859,-1.5779108,0.7838688,-3.3052523,0.8057552,-0.46688682,1.709442,72
3.829411,1.1739279,-3.2625873,2.242435,-1.052805,-1.3146319,-1.3686297,-1.8361714,0.5962269,-6.4948487,-1.2008002,0.66240525,-4.6621084,-0.04900439,-0.64973456,2.7682474,104
2.458164,-0.051730298,-2.533001,2.4089427,-0.47674242,-0.8156541,-0.95106035,-1.6890613,-0.50444955,-4.2480955,-0.702482,0.6635008,-2.9464786,0.64095753,-0.56184125,2.0201151,1
2.7742224,1.6089585,-1.8132061,0.8836727,-1.6465342,-1.2476327,-0.3790969,-1.5560656,2.3170023,-4.952239,-1.1897724,-0.24829902,-3.8250535,-0.34314868,-0.49924424,2.493683,13
3.8321533,1.9308101,-3.823774,2.4545412,-1.3194257,-1.6493801,-1.5273652,-2.0508213,1.3405607,-7.4144053,-0.7978322,0.20889823,-4.5450993,-0.26392668,-0.5665642,2.792179,104
2.7045019,1.4226584,-1.9227792,0.42611843,-1.4146647,-1.3632517,-0.11006268,-1.2397183,2.3486598,-4.532739,-1.067142,-0.53667134,-3.7759068,-0.29972327,-0.46904832,2.4787517,63
2.6642058,1.7369889,-2.1475174,1.0553778,-1.6480528,-1.1033976,-0.5951216,-1.6009238,2.066327,-5.159996,-0.8274284,-0.36479756,-3.5575876,-0.4452032,-0.599463,2.447362,13
3.3975196,1.2773323,-2.978967,1.9967798,-1.0893087,-1.2074295,-1.1739216,-1.7538625,0.6772901,-5.6449747,-1.0540931,0.24459721,-3.8472352,0.042280957,-0.7893654,2.6088135,104
3.9738817,0.18723895,-2.9767485,2.959814,-0.6942284,-1.2337842,-0.9686145,-1.2557929,0.23688732,-6.388673,-1.3351697,1.2009534,-5.1298566,0.57966256,-0.037706114,2.8767395,104
1.9967393,-1.8153112,-1.7782573,2.0572305,0.49407765,-1.476211,-0.24256092,-0.78843564,-0.9316635,-3.05221,-1.345456,1.079404,-3.5786695,1.1338501,0.052786276,1.8642212,18
3.4208803,1.2624565,-2.498019,0.76639044,-1.3557777,-1.5009456,-0.43191338,-1.5047275,1.9187376,-5.498558,-1.3663032,0.25071764,-4.9144015,-0.3078151,-0.32844195,2.764982,104
2.7124832,-1.0676724,-2.4457119,2.1869025,0.047470838,-1.1371927,-0.6350044,-1.4686388,-0.92453563,-4.071097,-1.1467013,1.12813,-3.8552783,1.0754542,-0.31623095,2.0014412,79
2.711678,1.3847808,-1.6059592,0.5111226,-1.7103659,-1.3080728,-0.03328237,-1.3477476,2.5908277,-4.7428126,-1.5648679,-0.20440924,-4.084888,-0.273934,-0.5076004,2.5121613,63
1.6459124,-1.7204381,-1.7060935,1.9518193,0.4345754,-1.3126556,-0.2534818,-0.8280637,-0.9044919,-2.9438918,-1.1738689,1.0925183,-3.1642385,1.164495,-0.0078281015,1.655436,72
2.4627557,-0.9427733,-2.362249,2.3345075,-0.0058464706,-1.2279525,-0.49863884,-1.3768778,-0.9097266,-3.7637064,-1.1426022,0.9244441,-3.4410572,0.93870395,-0.22561705,2.0960045,18
3.210861,1.4844075,-2.3778362,0.91029704,-1.4817308,-1.4926964,-0.49315208,-1.5178112,2.1031058,-5.5022993,-1.2842097,0.024283707,-4.488647,-0.3400994,-0.38963172,2.6773689,19
1.3714646,-1.897399,-1.1287763,1.4492048,0.87394536,-1.8957958,-0.28607664,-0.3664323,-0.36031437,-2.0465047,-1.5172776,0.7349245,-3.0648663,0.99007326,-0.054388165,1.6770968,72
3.6563075,0.95356375,-3.1228292,1.9460799,-0.9805112,-1.3013892,-1.2192082,-1.7488812,0.5218074,-5.806026,-1.3142809,0.51316166,-4.408494,0.0045722947,-0.7567937,2.7011871,104
2.3390281,0.064602524,-2.5032992,2.0987277,-0.5177647,-0.9536699,-0.93102133,-1.7451192,-0.35686737,-4.0893397,-0.7522738,0.5400244,-2.817167,0.6836704,-0.71542156,1.9262097,1
2.7881327,1.5202647,-2.0474577,0.6828114,-1.5210317,-1.3114102,-0.2812519,-1.4283646,2.2014656,-4.794144,-1.0933053,-0.33035314,-3.8033936,-0.28402895,-0.47160384,2.514917,13
3.8368306,2.0267992,-3.8673053,2.451231,-1.4286519,-1.6911654,-1.5502923,-2.0192282,1.544087,-7.8104086,-0.8631765,0.19376446,-4.7042484,-0.25140896,-0.5926372,2.8805912,104
3.01322,1.5066941,-2.4302835,0.27918988,-1.4029702,-1.7413535,-0.10720758,-1.1744177,2.566487,-5.035771,-1.2917395,-0.66747475,-4.1671395,-0.2052564,-0.55652094,2.6775746,19
2.6464252,1.6212757,-2.3362045,0.7548661,-1.4744562,-1.313785,-0.46573225,-1.4918659,2.0233433,-4.7488937,-0.8751409,-0.6066586,-3.3353128,-0.29041716,-0.6783819,2.398766,13
3.2524588,1.2229855,-2.8792303,1.9934202,-1.1685297,-1.1375192,-1.1858904,-1.7231003,0.6714663,-5.4002457,-1.1070789,0.1883838,-3.6715014,-0.035992384,-0.84558713,2.5893855,104
3.7902358,0.2016073,-2.8997655,2.7384834,-0.6907662,-1.2473607,-0.9942554,-1.28194,0.23355338,-6.099785,-1.3520914,1.1469164,-4.866211,0.58697057,-0.17370068,2.7087035,104
1.7897654,-1.8706967,-1.823511,1.8539056,0.52614474,-1.393666,-0.19565894,-0.9599855,-0.99825406,-3.0956745,-1.2247589,1.1779215,-3.444076,1.2012656,0.010020927,1.7013038,72
3.4539058,1.3745896,-2.78146,0.5848473,-1.17374,-1.599926,-0.5508372,-1.5962247,1.8614498,-5.374043,-1.2767692,0.0777569,-4.645752,-0.20510732,-0.49924177,2.6882458,104
2.224919,-0.92401487,-2.309447,2.1444836,-0.0040469617,-1.093094,-0.65930915,-1.4970232,-0.8949584,-3.7495844,-0.9755496,1.0151285,-3.232276,0.99534625,-0.37130916,1.8359159,18
2.5839267,1.333956,-1.6369171,0.017351657,-1.6356219,-1.3710355,0.04416807,-1.390502,2.6362464,-4.4488773,-1.4794958,-0.3703055,-4.0593047,-0.2627328,-0.6021168,2.5152016,63
1.3754902,-1.7596468,-1.648741,1.7152497,0.44305715,-1.242065,-0.16540384,-0.8787646,-0.90478885,-2.732722,-1.0895463,1.046162,-2.9273105,1.1669147,-0.064731576,1.5674586,72
1.9988405,-0.85600376,-2.201433,2.1334982,0.019825444,-1.264186,-0.5025538,-1.4550147,-0.8236469,-3.3718781,-0.96621513,0.8391888,-2.9443295,0.9514497,-0.3177485,1.891454,18
3.2964895,1.5032403,-2.601888,0.7642,-1.2897304,-1.7337285,-0.6010057,-1.6196798,2.0201676,-5.400899,-1.2543583,-0.09122809,-4.3340497,-0.17504238,-0.5567548,2.5323024,19
0.9790639,-2.0559273,-1.0485755,1.346987,0.9494233,-1.6667296,-0.06643696,-0.36672306,-0.7049474,-1.6041193,-1.2615075,0.71295226,-2.7154746,1.1657405,-0.040003583,1.5515422,72
3.3771622,0.96790904,-2.9750397,1.6373223,-0.986621,-1.267412,-1.1254992,-1.6768463,0.69034296,-5.4004583,-1.2679162,0.30593258,-4.024815,-0.065862186,-0.8083448,2.5311587,104
2.1402948,0.15347545,-2.4288764,2.0318708,-0.55715036,-1.0522702,-0.9654623,-1.7505622,-0.2220893,-4.0174847,-0.7685888,0.4629302,-2.6413994,0.5863407,-0.76367456,1.8996221,1
2.852637,1.4389994,-2.2112277,0.56950927,-1.3373376,-1.5148468,-0.3007521,-1.4068358,2.1218784,-4.593728,-1.1436613,-0.45594335,-3.653221,-0.10619741,-0.58348584,2.4388738,19
3.7985706,1.8559519,-3.797912,2.1512241,-1.383807,-1.6592613,-1.4938629,-1.9924455,1.513061,-7.312415,-0.9731009,0.115072176,-4.603281,-0.22567183,-0.7350463,2.8026683,104
3.280636,1.6251706,-2.6332188,0.2617817,-1.483253,-1.8302791,-0.1825186,-1.1952609,2.8460455,-5.576039,-1.4841071,-0.64674115,-4.520198,-0.18125094,-0.62124777,2.8192325,19
2.9651518,1.7051222,-2.5607705,0.7587427,-1.4301302,-1.4756727,-0.48484358,-1.421232,2.1614342,-5.083294,-1.033608,-0.6432507,-3.6050596,-0.17708147,-0.71901196,2.5414002,19
2.9998875,1.2225201,-2.746662,1.7299713,-1.2030649,-1.0496061,-1.1397622,-1.6907387,0.8410357,-5.098818,-1.0951333,0.06817533,-3.3846679,-0.13378549,-0.8831028,2.4594276,13
3.6354537,0.21715769,-2.8957565,2.6496553,-0.67824244,-1.2722468,-1.0441699,-1.3207623,0.20573188,-5.9436183,-1.3545138,1.0683714,-4.612277,0.5452817,-0.29542026,2.6011987,104
1.3811013,-1.6674106,-1.5554713,1.6356157,0.48141822,-1.4112451,-0.16405034,-1.0153733,-0.8246672,-2.645431,-1.0982721,0.92490745,-2.949618,1.157299,-0.1757152,1.6492146,72
3.516776,1.2859213,-2.6785512,0.36998314,-0.9493972,-1.7037988,-0.40911585,-1.4782037,1.8855318,-4.913104,-1.314228,-0.13375624,-4.3790364,-0.022367768,-0.52886105,2.5678136,104
2.0691383,-0.6968516,-2.2304425,1.8885623,-0.08473927,-1.1432655,-0.6483047,-1.5108914,-0.6950623,-3.5220394,-0.99681836,0.7775417,-2.9693658,0.9326523,-0.5617667,1.8037714,79
2.3626807,1.272547,-1.8347621,-0.22254777,-1.4403039,-1.306964,0.12222856,-1.3066382,2.493943,-3.9322217,-1.2604194,-0.635742,-3.5290225,-0.17920054,-0.6689959,2.428494,63
1.1201135,-1.4908295,-1.463237,1.572378,0.39010468,-1.2923143,-0.16757055,-0.9428257,-0.7396924,-2.4677446,-1.0326165,0.80737996,-2.5694337,1.1411648,-0.26094282,1.567612,72
1.7531261,-0.7886916,-2.1307428,1.8596307,0.06442718,-1.3536549,-0.5208876,-1.4409716,-0.7297049,-3.1812837,-0.9786171,0.75699306,-2.745768,0.95174307,-0.4573727,1.7830473,79
3.3487003,1.4537077,-2.6023707,0.81397736,-1.1811258,-1.698845,-0.5935998,-1.5606134,2.0037396,-5.3615217,-1.2598532,-0.14101684,-4.257464,-0.123870894,-0.5568556,2.5622354,104
1.0945189,-1.7776303,-1.2379566,1.4578546,0.70794547,-1.3242251,-0.22709095,-0.52668357,-0.71681494,-2.2515264,-1.0435731,0.92144334,-2.7103844,1.200443,-0.14787544,1.3754771,72
3.2584612,0.9257026,-3.0089626,1.8032953,-0.9905306,-1.2312638,-1.1700295,-1.6597178,0.62964016,-5.5396814,-1.1801777,0.33495396,-3.9140675,-0.09268241,-0.7813535,2.444518,104
2.0240622,0.18309084,-2.484539,1.9480098,-0.46662083,-1.1769309,-1.0429308,-1.8429447,-0.16084002,-4.047326,-0.735137,0.4043445,-2.5548532,0.51440316,-0.8326556,1.8501896,8
3.0396976,1.5044274,-2.3674545,0.7530606,-1.2930197,-1.5114843,-0.35733685,-1.3964769,2.1363535,-4.8942757,-1.1380236,-0.45284694,-3.7482438,-0.11365305,-0.5414384,2.5433974,19
3.4631727,1.6688513,-3.5212789,1.8379613,-1.3251134,-1.5264714,-1.3455727,-1.8943107,1.5819873,-6.6536303,-0.9378213,0.02018331,-4.2028465,-0.29136446,-0.7275608,2.6022243,104
3.5446477,1.6213629,-2.810773,0.37014973,-1.4331889,-1.817264,-0.22329855,-1.2003094,2.9218667,-5.872229,-1.5066019,-0.5560497,-4.709988,-0.19168037,-0.5777846,2.81761,19
3.1460085,1.7387868,-2.792619,0.93591964,-1.4395083,-1.4824072,-0.5542563,-1.448897,2.182068,-5.3869567,-1.0368786,-0.63192374,-3.7405844,-0.24904996,-0.6930988,2.6401408,19
2.8834708,1.2042948,-2.7379377,1.857004,-1.2106631,-0.9906604,-1.1880131,-1.6747783,0.80699354,-5.168981,-1.0153991,0.06741728,-3.2453017,-0.18582255,-0.8736841,2.3805687,13
3.473486,0.24056244,-2.7820604,2.5339127,-0.66883063,-1.2540419,-1.0497053,-1.3740033,0.21177074,-5.685011,-1.3123477,0.9171549,-4.3277144,0.47050375,-0.39239997,2.4968932,104
1.2694795,-1.4675852,-1.5434942,1.397192,0.46953014,-1.4285146,-0.1244885,-1.0245674,-0.69271564,-2.5403175,-1.0635731,0.79138273,-2.748988,1.153358,-0.3009226,1.5683235,72
3.6365218,1.2370225,-2.6977105,0.40552926,-0.9183352,-1.7376065,-0.3727413,-1.4433746,1.9579626,-4.8962293,-1.4323738,-0.2203443,-4.4022317,-0.02299913,-0.54691887,2.6413982,104
1.918809,-0.64449865,-2.1761465,1.7410818,-0.037903845,-1.2558876,-0.6829896,-1.5209103,-0.59015065,-3.4701264,-1.0348525,0.71485275,-2.8553216,0.9008712,-0.6558204,1.7693902,79
2.4800618,1.2071798,-1.87496,-0.27184266,-1.216521,-1.3812531,0.19533235,-1.1337166,2.3894465,-3.6045187,-1.2622006,-0.80020434,-3.282993,-0.0057517216,-0.6795835,2.3288286,63
1.047494,-1.3027698,-1.4449335,1.4242518,0.38827148,-1.3160332,-0.18633164,-0.9874755,-0.6613478,-2.3702292,-1.0101045,0.6602005,-2.3664296,1.083756,-0.40314963,1.5315034,72
1.6306874,-0.6932338,-2.1655245,1.6416715,0.106339216,-1.3918746,-0.60347086,-1.472146,-0.64147395,-3.1447153,-0.97836953,0.62336826,-2.5918546,0.86172575,-0.62076986,1.7205023,79
3.4864852,1.329574,-2.7546327,0.81653476,-1.0942792,-1.7114874,-0.61432993,-1.5442811,1.9450037,-5.2874126,-1.3604094,-0.16023359,-4.2849703,-0.050341137,-0.6284157,2.5862975,104
1.0992341,-1.6603745,-1.3692105,1.4177308,0.5858716,-1.1180606,-0.2327694,-0.64643824,-0.8092195,-2.3866823,-0.98817456,0.9276345,-2.5703602,1.1661012,-0.25722054,1.3303432,72
3.1883652,0.8285888,-3.0471592,2.046741,-0.9634727,-1.2848047,-1.258858,-1.7015018,0.5579811,-5.8359857,-1.1557283,0.46390265,-3.9866786,-0.08117274,-0.7330653,2.4358466,104
2.017756,0.3607255,-2.6685727,1.9290873,-0.46063262,-1.25617,-1.2301586,-2.0113008,-0.04462348,-4.2862434,-0.6663735,0.28962106,-2.5132658,0.3503814,-0.961518,1.8425205,8
3.2372565,1.4838717,-2.6681857,0.87314296,-1.2554842,-1.5114415,-0.49902877,-1.461112,2.0813534,-5.129733,-1.200953,-0.37510854,-3.8739796,-0.11792237,-0.60903776,2.589384,19
3.1881773,1.572659,-3.3328378,1.7996434,-1.3105776,-1.4443309,-1.2750688,-1.8750634,1.5943648,-6.401328,-0.87104005,-0.027202427,-3.8998802,-0.35646018,-0.6802799,2.478474,19
3.5453498,1.3993204,-2.6936474,0.5102226,-1.2839708,-1.7247826,-0.17853947,-1.0826443,2.7978177,-5.6035395,-1.5015392,-0.44943124,-4.558207,-0.17248407,-0.5081823,2.6915166,19
3.1046438,1.6075124,-2.823361,0.98866916,-1.4173512,-1.3700328,-0.570565,-1.4576759,2.1186306,-5.292538,-1.0661454,-0.56477886,-3.6486113,-0.29089916,-0.70432854,2.5906756,19
2.8740811,1.157057,-2.8011844,2.0484686,-1.1860874,-1.0460422,-1.247525,-1.7003503,0.74764127,-5.391076,-0.98104405,0.1404012,-3.2932448,-0.20178853,-0.8433491,2.3560753,13
3.3916683,0.23438857,-2.789916,2.284203,-0.6055889,-1.3223122,-1.0542675,-1.4591732,0.2541916,-5.5361176,-1.2960225,0.7990254,-4.2240376,0.45244497,-0.5139376,2.3800123,104
1.2709986,-1.3222319,-1.701447,1.1999147,0.5078256,-1.4840119,-0.26486936,-1.1491435,-0.64316696,-2.6251223,-1.0683136,0.70504963,-2.6677144,1.0904839,-0.49486002,1.5051262,72
3.7138722,1.3238508,-2.970017,0.5580182,-1.0659192,-1.7117832,-0.5427945,-1.5055445,2.0263107,-5.11349,-1.5100508,-0.35719287,-4.3506203,-0.08403913,-0.73537904,2.6988454,104
1.8495609,-0.5851675,-2.251881,1.5645846,0.02620335,-1.349701,-0.74912566,-1.6053232,-0.5294461,-3.4638696,-1.0149064,0.6203868,-2.7765377,0.83815706,-0.7796169,1.710708,79
2.7730916,1.3387027,-2.0937715,-0.10255253,-1.178445,-1.4571756,0.092203856,-1.1764375,2.4350529,-3.964988,-1.2802285,-0.80013436,-3.4391642,-0.008226022,-0.67847455,2.4012122,63
1.0804524,-1.1278995,-1.5908662,1.200091,0.41542277,-1.3815283,-0.29694676,-1.151857,-0.59738374,-2.3929665,-0.99127936,0.52698874,-2.292186,1.0337636,-0.6142168,1.4800315,72
1.5753313,-0.48097932,-2.2163322,1.3682499,0.071298,-1.4075848,-0.66474533,-1.5857656,-0.4370801,-3.1223352,-0.9358263,0.36495727,-2.4293463,0.7544298,-0.81595135,1.6849306,8
3.5196671,1.4728899,-3.0029361,0.8887335,-1.1491305,-1.6982954,-0.72909343,-1.6270813,2.0038211,-5.508359,-1.345396,-0.26862097,-4.139516,-0.10081063,-0.7118058,2.577842,19
0.9143689,-1.5276136,-1.2253708,1.2596561,0.52065444,-1.0403558,-0.15052122,-0.6796812,-0.8296312,-1.8712857,-0.99067664,0.6610289,-2.1179616,1.0719416,-0.42815742,1.3403044,72
3.187592,0.8731965,-3.0914207,2.177536,-0.9785106,-1.3033528,-1.3220963,-1.7249249,0.6029285,-6.0356274,-1.0632195,0.4968698,-4.018125,-0.09956165,-0.7108016,2.4019063,104
2.0095859,0.49347106,-2.7148674,1.8501097,-0.47326133,-1.2840323,-1.3064127,-2.0865397,0.051070392,-4.307376,-0.6246923,0.12818246,-2.4290946,0.20727366,-1.0631511,1.8455603,1
3.2208219,1.4864981,-2.7812057,0.84757423,-1.26641,-1.4730119,-0.4973344,-1.467416,2.1683955,-5.154287,-1.243499,-0.41552085,-3.7834415,-0.16362144,-0.624288,2.571231,19
3.069515,1.4304358,-3.3369353,2.0533195,-1.2488842,-1.5058616,-1.3015184,-1.9489172,1.4410151,-6.5661783,-0.78756016,0.11209346,-3.8837764,-0.33068877,-0.57564306,2.4229324,104
3.3436558,1.3315675,-2.5949807,0.64435625,-1.2225201,-1.6871684,-0.16717553,-1.085715,2.8146753,-5.475882,-1.4276958,-0.4381972,-4.2802486,-0.23908214,-0.4283649,2.6049905,19
2.901089,1.4610903,-2.6984901,1.0485781,-1.3725623,-1.2913948,-0.47353718,-1.4241163,2.1567025,-5.1298103,-1.0261993,-0.514989,-3.438249,-0.36449128,-0.56616235,2.4955988,13
2.9373922,1.2274976,-2.8800929,2.1346388,-1.2055125,-1.1144176,-1.2851093,-1.7329339,0.8246677,-5.608666,-0.938438,0.13759832,-3.3847613,-0.24761127,-0.8423025,2.3467157,13
3.309657,0.3726624,-2.8215096,2.0688372,-0.5961698,-1.369551,-1.1158752,-1.5431159,0.34698838,-5.398079,-1.247668,0.6129042,-4.014862,0.34816048,-0.6915308,2.289179,104
1.2950253,-1.0249066,-1.9252361,0.99938977,0.4902461,-1.5230542,-0.42182738,-1.2878788,-0.5191218,-2.702311,-1.0052078,0.48223877,-2.503655,0.95254296,-0.7392788,1.4789662,72
3.6033483,1.493276,-3.107277,0.86469924,-1.1974667,-1.5862508,-0.68852186,-1.5020769,2.1132822,-5.521898,-1.3770181,-0.3742035,-4.148247,-0.22685368,-0.7124135,2.6709974,19
1.7981398,-0.2993366,-2.3450632,1.4550267,-0.035578668,-1.3287675,-0.86550224,-1.7267522,-0.38852763,-3.4839401,-0.87866294,0.37705582,-2.5364034,0.6571157,-0.9478019,1.6683139,8
2.9107502,1.3427627,-2.2792711,0.14752907,-1.1829056,-1.4817641,-0.08974837,-1.2584504,2.445784,-4.2247944,-1.3729107,-0.71091926,-3.570176,-0.1415697,-0.71341354,2.5044513,63
1.0607337,-0.85068804,-1.7721243,1.0435084,0.3911611,-1.3800211,-0.4444309,-1.2809342,-0.511295,-2.4409058,-0.8808721,0.3306495,-2.1013048,0.89680225,-0.82578176,1.4230824,72
1.5205468,-0.38184437,-2.2303445,1.2171115,0.07043998,-1.3992833,-0.76070166,-1.6927512,-0.35464627,-3.115781,-0.8971157,0.23586129,-2.3373473,0.68348444,-0.97992826,1.6508623,8
3.4394631,1.5969164,-3.133783,1.2956119,-1.2381539,-1.6559178,-0.8716799,-1.7041306,2.001718,-6.000923,-1.221776,-0.20369604,-4.044604,-0.2359202,-0.6185203,2.5987184,19
0.75100654,-1.2980926,-1.2077775,1.0497158,0.50113463,-1.1270417,-0.17929001,-0.80349565,-0.70536053,-1.7130399,-0.99604094,0.47276396,-1.8892833,1.0480947,-0.62911046,1.3449519,72
3.2192538,0.9215555,-3.1247702,2.1941428,-0.93333626,-1.3211313,-1.3338902,-1.7111056,0.6381886,-5.9915724,-0.9534842,0.45755827,-3.9575872,-0.1472527,-0.7121999,2.3287582,104
1.9956847,0.51085144,-2.6660297,1.7821609,-0.42017326,-1.2624891,-1.3158755,-2.0652897,0.02575533,-4.1441555,-0.56323266,0.0584995,-2.3279567,0.13097157,-1.1240742,1.7961127,1
3.155182,1.5412734,-2.8392503,1.1076114,-1.3104247,-1.4474901,-0.5354652,-1.4874163,2.2087357,-5.4110675,-1.1657944,-0.39832866,-3.6916158,-0.26562202,-0.5284673,2.5764673,19
3.0962362,1.4778612,-3.428226,2.0834632,-1.2034624,-1.6057967,-1.2859616,-2.0004518,1.4904345,-6.6778674,-0.7135828,0.09943773,-3.905312,-0.3189577,-0.5597902,2.3792694,104
3.2957208,1.3266107,-2.6554973,0.8014407,-1.2212683,-1.7139292,-0.16217774,-1.1589317,2.885625,-5.6910715,-1.3685076,-0.37505487,-4.276316,-0.28117812,-0.32982934,2.5968907,19
2.8240821,1.4285159,-2.715986,1.286152,-1.3385848,-1.3201683,-0.4643827,-1.4493124,2.1337645,-5.2311935,-0.93860877,-0.46912336,-3.3527539,-0.43435687,-0.4348558,2.4739046,13
2.9984574,1.2561026,-2.959189,2.1987028,-1.1489568,-1.1104773,-1.3400543,-1.7184583,0.77468467,-5.6508036,-0.8453638,0.17760815,-3.3865454,-0.29522428,-0.8644126,2.2724595,13
3.2626977,0.48214707,-2.8414388,1.902408,-0.5580883,-1.3790766,-1.1667383,-1.552911,0.38939816,-5.262455,-1.1696715,0.48307627,-3.859881,0.26112604,-0.8282506,2.1883917,104
1.2304108,-0.86319184,-1.9872994,0.8965126,0.47825292,-1.460058,-0.51634926,-1.3385272,-0.45145744,-2.724338,-0.9123813,0.36420435,-2.3438194,0.8378065,-0.86199576,1.4299238,72
3.567973,1.6800522,-3.3163626,1.2212487,-1.2834296,-1.5914558,-0.8324805,-1.5688624,2.1922503,-6.0996146,-1.2392545,-0.30555382,-4.137098,-0.38612807,-0.63987833,2.6752646,19
1.798615,-0.10640242,-2.4434988,1.3701963,-0.056348756,-1.3477384,-0.96089196,-1.817236,-0.26769745,-3.5324144,-0.78959453,0.21690093,-2.4325016,0.51981777,-1.0667579,1.6565633,8
2.9596658,1.361428,-2.4859574,0.30542624,-1.2114573,-1.4063792,-0.17385408,-1.2688489,2.4502547,-4.4332085,-1.3818088,-0.66536933,-3.5367591,-0.19723016,-0.7244328,2.516324,19
0.98746663,-0.68087053,-1.8022557,1.0112923,0.36126646,-1.3087038,-0.551746,-1.3320149,-0.45394105,-2.4584646,-0.76842463,0.22089978,-1.9221447,0.76546156,-0.9213717,1.383999,72
1.5019996,-0.29154298,-2.258052,1.151782,0.085047185,-1.3840514,-0.8313487,-1.726429,-0.29774982,-3.119352,-0.8386443,0.156155,-2.2559223,0.59857583,-1.0685647,1.627335,8
3.4221616,1.6458486,-3.2921112,1.5193814,-1.2192628,-1.7574583,-0.8990228,-1.7466084,2.0300653,-6.4195194,-1.1406212,-0.15388948,-4.1100154,-0.2543997,-0.53223836,2.616226,19
0.8024716,-1.1587499,-1.2510954,0.9476466,0.5114553,-1.1902848,-0.2298576,-0.8916137,-0.6245383,-1.7663267,-0.9591198,0.4095165,-1.8982214,1.0390093,-0.73169994,1.3247888,72
3.2841399,0.957581,-3.202376,2.1452541,-0.8629967,-1.380209,-1.3387039,-1.7129916,0.69017136,-5.924141,-0.8892122,0.4263485,-3.9292054,-0.19096446,-0.7317909,2.247665,104
1.9799341,0.44213393,-2.5534353,1.7757252,-0.33213085,-1.2257347,-1.3209264,-1.989712,-0.07228844,-3.944963,-0.4955861,0.0923266,-2.274182,0.0979062,-1.1410148,1.725138,8
3.1570194,1.5691885,-2.9583843,1.3822831,-1.2904102,-1.5376917,-0.54470646,-1.5022796,2.2393193,-5.762325,-1.0957264,-0.3464195,-3.7664337,-0.3190866,-0.41616124,2.6288378,19
3.0909772,1.4758008,-3.419876,2.066547,-1.1371938,-1.6222785,-1.2470155,-1.9539192,1.5250394,-6.577634,-0.61862624,0.08971779,-3.8637135,-0.33300716,-0.5375361,2.3036587,104
3.364226,1.2408668,-2.7327228,0.92156386,-1.1691769,-1.8072304,-0.12680319,-1.2267629,2.9423625,-5.9357314,-1.3892047,-0.24503401,-4.485272,-0.27569765,-0.21342164,2.6397634,19
2.9526927,1.4693563,-2.9052427,1.5295806,-1.2463177,-1.5089134,-0.48567432,-1.5206608,2.2092757,-5.6213756,-0.88512534,-0.39463443,-3.5418282,-0.4457866,-0.32840222,2.523159,13
3.0931785,1.2691225,-3.0522254,2.2221622,-1.0773797,-1.1564568,-1.3852863,-1.7131928,0.7540541,-5.655859,-0.7963292,0.2119626,-3.4218433,-0.32691938,-0.898342,2.198001,13
3.2997432,0.57612294,-2.9197264,1.7706295,-0.51025385,-1.3981444,-1.2034996,-1.5293075,0.41617334,-5.214848,-1.1056176,0.41969156,-3.8150187,0.20221803,-0.93125635,2.0949056,104
1.1944267,-0.76030064,-1.9926436,0.90329814,0.46556178,-1.4213276,-0.60445964,-1.3649769,-0.3913176,-2.7980874,-0.84319746,0.33556157,-2.2727647,0.7477269,-0.9115951,1.417814,72
3.6366963,1.8522604,-3.5996423,1.3449558,-1.2696451,-1.7326183,-0.89835024,-1.7050567,2.3409595,-6.6361017,-1.1704473,-0.24875034,-4.299024,-0.4287209,-0.6178205,2.6789968,19
1.7629288,-0.095326126,-2.4376047,1.3917605,0.025400788,-1.3167185,-1.0339947,-1.818477,-0.35094768,-3.4343686,-0.6897787,0.20771064,-2.3215785,0.4228453,-1.1203238,1.609125,8
2.942935,1.3834648,-2.543531,0.6036511,-1.2206872,-1.3547149,-0.1685935,-1.1917127,2.456785,-4.71813,-1.2801509,-0.57979476,-3.4591875,-0.22400466,-0.5822869,2.4582365,63
0.972765,-0.5842708,-1.8435372,0.9880116,0.38322702,-1.3113987,-0.64315045,-1.3693391,-0.41353798,-2.5144548,-0.705415,0.20299406,-1.8658667,0.68527895,-0.9842437,1.3550267,72
1.4896681,-0.21389142,-2.2751179,1.1065389,0.11539486,-1.3844186,-0.85663646,-1.7064216,-0.23154955,-3.1296883,-0.7434528,0.10489966,-2.200089,0.53322077,-1.0895123,1.5709151,8
3.4987543,1.712666,-3.4766707,1.563372,-1.1285225,-1.8920722,-0.85505056,-1.7254883,2.1547704,-6.657417,-1.0799433,-0.17098354,-4.223541,-0.24686553,-0.4925324,2.628948,19
0.776933,-1.173413,-1.2799183,0.93035567,0.57994413,-1.2222975,-0.29037064,-0.9569255,-0.65496653,-1.8730237,-0.9074255,0.47157067,-1.9456275,0.99672943,-0.7448996,1.2857879,72
3.3342576,0.94013184,-3.1997404,2.1785731,-0.8288814,-1.3670319,-1.3406966,-1.6720599,0.6632989,-5.8686805,-0.8588608,0.4647761,-3.9257715,-0.20790845,-0.7337489,2.173879,104
2.0180643,0.34256172,-2.4657552,1.7591656,-0.24645136,-1.2634815,-1.2897906,-1.9105422,-0.124565914,-3.814276,-0.47738475,0.1493545,-2.3475745,0.09017113,-1.1178722,1.6795632,8
3.2665029,1.5850267,-3.1381056,1.5026536,-1.1519172,-1.7335075,-0.49031407,-1.4597713,2.3764386,-6.1061096,-1.0926256,-0.32332316,-3.98241,-0.299879,-0.33868644,2.7023983,19
3.1219845,1.3361105,-3.3683274,2.1108575,-1.0044999,-1.6066502,-1.2233994,-1.8685353,1.348157,-6.305117,-0.54166704,0.15348093,-3.8198683,-0.3283201,-0.5181893,2.212831,104
3.4881248,1.0425974,-2.6998568,1.1565441,-1.0933686,-1.8753339,-0.030757979,-1.1611764,2.7888103,-5.9135118,-1.4217407,-0.159616,-4.6931295,-0.26889002,-0.042464755,2.7878988,19
3.1265862,1.3788462,-2.984223,1.7220584,-1.0736398,-1.6989412,-0.42081127,-1.4373507,2.2607872,-5.827237,-0.9202328,-0.32849294,-3.809728,-0.39615655,-0.21260287,2.6278055,13
3.168431,1.2675236,-3.0231004,2.2354736,-1.0856415,-1.1744093,-1.3907387,-1.6805868,0.8106574,-5.711386,-0.84381557,0.24480288,-3.5104413,-0.33260748,-0.90159774,2.1687896,104
3.3020804,0.7063418,-2.9565747,1.7610022,-0.5256938,-1.3866022,-1.2540343,-1.5503061,0.4394012,-5.210249,-1.0323017,0.37747353,-3.711423,0.102882504,-0.9997205,2.020847,104
1.1650867,-0.6985671,-1.9939662,0.94652355,0.51238227,-1.3882467,-0.6820551,-1.3403387,-0.43424028,-2.7570205,-0.7422552,0.34136528,-2.1603787,0.6667598,-0.95092374,1.361404,72
3.7589188,1.8747345,-3.812718,1.4884248,-1.1704096,-1.8952421,-0.8954799,-1.761793,2.3949063,-7.0254116,-1.1508731,-0.15055394,-4.5327125,-0.40208608,-0.5538544,2.7115011,19
1.7494987,-0.099788636,-2.3923063,1.3691015,0.1107716,-1.3195711,-1.0687207,-1.7786219,-0.3845396,-3.341844,-0.5947772,0.23482718,-2.287246,0.4003661,-1.1519761,1.5259439,8
2.9955962,1.3335531,-2.605396,0.8771101,-1.1803493,-1.4367292,-0.118807815,-1.1509025,2.465771,-5.0438094,-1.2586974,-0.46055025,-3.6179373,-0.22401206,-0.42908365,2.4897075,63
0.949969,-0.5533374,-1.8215847,1.0338172,0.4471031,-1.2712584,-0.7075279,-1.3264072,-0.4890514,-2.45154,-0.5812335,0.24038415,-1.7706681,0.6285237,-1.0085869,1.2674278,72
1.5128386,-0.18958925,-2.2726638,1.1678673,0.18404377,-1.363836,-0.9281018,-1.662201,-0.2659648,-3.1091344,-0.6210817,0.14306222,-2.1872668,0.46771187,-1.1128042,1.5102319,8
3.5441728,1.6535323,-3.4995844,1.6296893,-1.0271823,-1.9316936,-0.7751652,-1.5879534,2.2339942,-6.698418,-1.0880737,-0.1528432,-4.312419,-0.24022675,-0.43636036,2.655986,19
0.7523231,-0.8807493,-1.5001967,1.0726213,0.49969456,-1.1967653,-0.56604433,-1.150826,-0.57976663,-2.275331,-0.7431884,0.4317459,-1.8548567,0.7539738,-0.8134394,1.2850183,72
3.4204912,0.94341373,-3.1925712,2.2401643,-0.87464714,-1.3720869,-1.3407176,-1.6689309,0.6784345,-5.9448705,-0.89696616,0.5202887,-4.0371423,-0.21561432,-0.7186298,2.1682472,104
2.065249,0.31493312,-2.396817,1.7719256,-0.24653785,-1.2841265,-1.2271895,-1.8254201,-0.05425249,-3.8299928,-0.48719805,0.17178242,-2.436862,0.05536087,-1.0546534,1.6659614,8
3.4483767,1.4963796,-3.2420826,1.6503996,-0.9748812,-1.9009182,-0.3999048,-1.2895753,2.448297,-6.287703,-1.1592765,-0.29790622,-4.2379804,-0.25599715,-0.2506477,2.8226252,19
3.1226554,1.2279423,-3.2616305,2.0848851,-0.9477681,-1.6187884,-1.1585779,-1.8376861,1.2938206,-6.09186,-0.5573355,0.18413876,-3.823849,-0.33069885,-0.48441634,2.17409,104
3.6011138,0.8594568,-2.5836668,1.3243994,-1.0742748,-1.9291652,0.035321698,-1.0312749,2.7163725,-5.945615,-1.5350133,-0.07662949,-4.9529943,-0.27072608,0.09969452,2.9425452,19
3.2519667,1.1993217,-2.8932772,1.9378687,-1.0009643,-1.7688704,-0.3621698,-1.2981372,2.1885881,-5.8655553,-1.0177041,-0.24257347,-4.0359297,-0.3760411,-0.0864496,2.7619026,13
3.2400708,1.2731198,-2.9926095,2.2926464,-1.1393659,-1.1888859,-1.4179873,-1.6560194,0.86601627,-5.874491,-0.93339926,0.31884044,-3.6499412,-0.33555397,-0.8941879,2.1706097,104
3.3151846,0.79209626,-2.9456,1.8207604,-0.5861152,-1.3648626,-1.2902596,-1.5618616,0.46173996,-5.3109994,-1.0081367,0.3711509,-3.6924233,0.04900223,-1.0387315,1.9836742,104
1.1764735,-0.6692636,-1.9340624,1.0092093,0.5422666,-1.3681912,-0.7195,-1.3016211,-0.46048498,-2.708109,-0.62862563,0.3735922,-2.143637,0.6235972,-0.9542164,1.305197,72
3.8873544,1.733078,-3.8735723,1.6914672,-1.0602741,-1.9834119,-0.8262473,-1.7091651,2.2979207,-7.129459,-1.1665549,-0.039675027,-4.7498293,-0.37015942,-0.42823094,2.793191,19
1.7483231,-0.10527135,-2.306836,1.3560542,0.14117008,-1.3499687,-1.0598581,-1.7290597,-0.34475118,-3.2715297,-0.5592246,0.23628752,-2.3061109,0.36045745,-1.1483886,1.4967613,8
3.1797428,1.2790551,-2.7584815,1.1137135,-1.0770072,-1.6620193,-0.094768375,-1.1721947,2.5358393,-5.490503,-1.3372711,-0.322793,-4.009679,-0.2063067,-0.30207554,2.6320796,63
0.9576697,-0.55309427,-1.7165749,1.0791062,0.45584568,-1.273475,-0.7117337,-1.2875727,-0.4729002,-2.4097805,-0.5150255,0.26143348,-1.7909852,0.5897299,-0.9883418,1.2331631,72
1.5085809,-0.19406527,-2.190753,1.3205085,0.20877093,-1.3497906,-0.97664845,-1.6427921,-0.31145078,-3.0867295,-0.5239073,0.21078141,-2.1732116,0.3774337,-1.0751967,1.482243,8
3.6637406,1.5023658,-3.4956381,1.7939605,-0.9162103,-1.9654785,-0.6910221,-1.4239298,2.1484988,-6.662362,-1.1400685,-0.08711171,-4.464754,-0.23311599,-0.3519048,2.7468572,19
0.78943235,-0.53848624,-1.7753046,1.2056996,0.41028753,-1.1789558,-0.88092786,-1.3467838,-0.502648,-2.6786876,-0.55563474,0.36152363,-1.7720252,0.5124382,-0.9175242,1.2760626,72
3.500783,1.0282835,-3.1943157,2.2764273,-0.99787533,-1.3740048,-1.3419392,-1.6457117,0.78154474,-6.131891,-0.98526144,0.51262903,-4.1485176,-0.23366682,-0.7364272,2.2109427,104
2.18024,0.33482373,-2.3857007,1.8697928,-0.3145933,-1.2956496,-1.2075746,-1.7859591,0.019416198,-4.005845,-0.5290902,0.23125713,-2.5849917,0.014679894,-0.97860086,1.6879128,8
3.5969067,1.3505154,-3.1954381,1.8572901,-0.9242475,-1.9799018,-0.35638797,-1.1514554,2.404162,-6.3733335,-1.2871393,-0.24446198,-4.4786215,-0.27351516,-0.1562861,2.979816,13
3.2170248,1.225717,-3.238562,2.1130667,-0.9956585,-1.6444707,-1.1336181,-1.8108941,1.3193182,-6.140026,-0.6441901,0.18591179,-3.9420261,-0.33069542,-0.47773466,2.2349715,104
3.5691628,0.770398,-2.3772688,1.0743407,-1.1159077,-2.002795,0.046152323,-0.9577941,2.9059596,-5.9090195,-1.7550478,-0.0022864044,-5.155567,-0.2313202,0.07278207,2.9482174,19
3.3115425,1.0809159,-2.7667012,1.904126,-1.0280099,-1.8402044,-0.30871704,-1.1768935,2.3151622,-5.9619565,-1.2097402,-0.17082216,-4.2877016,-0.34624985,-0.029700063,2.8446574,13
3.5634086,0.95032924,-2.7880313,2.5694337,-1.050563,-1.2321285,-1.4641361,-1.6233304,0.6475315,-6.1556606,-1.0353832,0.73142725,-4.254354,-0.22720833,-0.7023726,2.1782386,104
3.291741,0.9511453,-2.9292061,1.884322,-0.7022196,-1.3324615,-1.3173428,-1.5707272,0.56731725,-5.498448,-0.9624161,0.3507073,-3.6648948,-0.00877548,-1.0450077,1.9394685,104
1.1584786,-0.7031138,-1.784333,1.1227819,0.5290657,-1.3492285,-0.720659,-1.2787222,-0.45020896,-2.6869211,-0.57820374,0.4245909,-2.1742175,0.5656973,-0.9004129,1.3033484,72
4.0349393,1.5692441,-3.8704896,1.9010376,-1.0056914,-2.0659719,-0.7682389,-1.5737734,2.2282243,-7.267662,-1.2666582,0.056689546,-5.03061,-0.35196063,-0.2918674,2.9484527,104
1.7815725,-0.11827274,-2.1969302,1.4160472,0.11774257,-1.35066,-1.0203195,-1.6929122,-0.30657417,-3.2447195,-0.54594046,0.2505147,-2.3526304,0.2986919,-1.0878607,1.5008038,8
3.388798,1.1575876,-2.765146,1.3615777,-0.9959209,-1.8440704,-0.08349398,-1.0896187,2.5914361,-5.8334866,-1.5160277,-0.1916604,-4.458263,-0.19658409,-0.17336956,2.866237,13
0.9459792,-0.56302625,-1.5863905,1.1218245,0.4335681,-1.2883308,-0.68434,-1.2463365,-0.4048252,-2.3858292,-0.5049748,0.26557255,-1.8163635,0.5396954,-0.9406496,1.2244767,72
1.5135165,-0.13887209,-2.1188793,1.4273545,0.15483946,-1.401245,-0.99813867,-1.6404213,-0.19723018,-3.2372801,-0.5086113,0.24260776,-2.2386403,0.31995526,-1.0258207,1.4853578,8
3.8152938,1.4259195,-3.5045679,1.867993,-0.91591084,-2.0849545,-0.62915814,-1.3144733,2.218876,-6.8131285,-1.3021343,-0.05858633,-4.7458124,-0.23363425,-0.2957181,2.9015362,19
0.8411557,-0.46181294,-1.8584155,1.2166756,0.43029585,-1.2461932,-0.9492801,-1.409867,-0.5444793,-2.6443658,-0.48053914,0.30848813,-1.7270144,0.42269695,-0.9911437,1.2513556,72
3.8261957,0.7429442,-3.0369627,2.528479,-0.9296843,-1.4501549,-1.3581715,-1.5903063,0.62708235,-6.4534893,-1.1198759,0.87213457,-4.7666364,-0.10482382,-0.5537214,2.2774642,104
2.2593448,0.3869914,-2.4091442,2.0200968,-0.4078426,-1.3117087,-1.2592652,-1.7490082,0.086006016,-4.327618,-0.6034592,0.31206328,-2.722544,-0.020012803,-0.9394035,1.7219483,8
3.6257434,1.2362965,-3.0484786,1.8439363,-1.0117428,-2.0412521,-0.37261647,-1.1007881,2.480073,-6.4492407,-1.483744,-0.15729824,-4.703357,-0.2875058,-0.14447398,3.0465145,13
3.281651,1.3172958,-3.2366328,2.107417,-1.0832225,-1.6660321,-1.1161296,-1.7557491,1.4739406,-6.3584733,-0.74095905,0.2005321,-4.0921326,-0.32144642,-0.46212372,2.301184,104
3.3452559,0.8332847,-2.1237566,0.57738584,-1.1814356,-1.9722385,-0.06993133,-0.89939296,3.1061273,-5.6726713,-1.9019829,0.011994928,-5.0683675,-0.26352286,-0.13523142,2.7507272,34
3.1680183,0.9456994,-2.4514086,1.6224307,-1.1493742,-1.7990446,-0.28630385,-1.0741568,2.4784384,-5.806675,-1.4147079,-0.079293944,-4.382427,-0.312018,-0.0652935,2.7886941,13
3.7157507,0.8553373,-2.6298902,2.6356149,-0.99916124,-1.2807068,-1.5187247,-1.6689761,0.57682383,-6.366397,-1.0645157,0.9613397,-4.5926127,-0.09491036,-0.62184906,2.1317623,104
3.2601671,1.0841074,-2.936964,2.0075474,-0.79004407,-1.3478792,-1.4019895,-1.6145433,0.5573703,-5.687538,-0.93817115,0.3406639,-3.617015,-0.023832068,-1.099189,1.9260051,104
1.1383752,-0.6930889,-1.6947623,1.2476541,0.48742637,-1.3994367,-0.7397428,-1.2783748,-0.39984167,-2.7554836,-0.5768325,0.45179296,-2.1953309,0.48621744,-0.8406191,1.3088297,72
4.201178,1.4423155,-3.8087971,1.9605261,-0.95711136,-2.1940205,-0.65232635,-1.3201203,2.3322158,-7.441203,-1.4472048,0.103863195,-5.367836,-0.26946115,-0.16409384,3.1121993,104
1.8809162,-0.059203357,-2.1784146,1.4388198,0.041402355,-1.4016814,-0.99276686,-1.6544474,-0.15738352,-3.4517777,-0.6038734,0.27171987,-2.5146873,0.28972286,-1.0434924,1.5282835,8
3.3703685,0.9254875,-2.4998827,1.4320793,-0.96932805,-1.8759168,-0.03222452,-0.8988477,2.5987267,-5.8516216,-1.6620579,-0.04029052,-4.6873393,-0.17654651,-0.044329204,2.927474,63
0.93509454,-0.585458,-1.473602,1.1998072,0.39823416,-1.3165236,-0.6665062,-1.2227311,-0.3827871,-2.3851135,-0.5228645,0.290653,-1.8372525,0.49123758,-0.88670933,1.2251432,72
1.5256613,-0.077222094,-2.0423422,1.5827873,0.04814975,-1.4174554,-1.027398,-1.6096532,-0.07487582,-3.4652789,-0.5317321,0.2960248,-2.3072507,0.25564513,-0.9412828,1.4982121,8
3.882803,1.3519158,-3.3540242,1.8273262,-1.0308762,-2.11625,-0.5964154,-1.1845042,2.3635142,-6.915425,-1.5068539,-0.0051473826,-5.00522,-0.22526957,-0.26533705,3.0011625,19
0.8742289,-0.3895536,-1.8216057,1.3030365,0.40475753,-1.3285983,-1.0075939,-1.426408,-0.49972832,-2.735525,-0.4764577,0.29683876,-1.7881083,0.36389512,-1.008199,1.2852243,72
3.9917998,0.5416099,-2.7811265,2.57788,-0.8239937,-1.527434,-1.3768351,-1.5240725,0.520998,-6.572062,-1.2420362,1.1206167,-5.185794,0.16793728,-0.48562768,2.2906141,104
2.1869214,0.48143515,-2.3326647,2.224537,-0.5102147,-1.266377,-1.3752987,-1.6674095,0.15555432,-4.6161427,-0.6455921,0.41271883,-2.7098246,-0.05715454,-0.89903206,1.7150414,8
3.4397418,1.1014016,-2.7309506,1.5197209,-1.1959646,-2.0120602,-0.40322882,-1.0974112,2.64021,-6.3207445,-1.6835663,-0.0216901,-4.81516,-0.2725472,-0.20603791,2.9381964,19
3.6500823,1.042766,-3.1955922,2.4800553,-1.0865269,-1.7222403,-1.1271981,-1.6808641,1.2503309,-6.792642,-0.8457663,0.5346766,-4.7658305,-0.23698643,-0.2548324,2.4374487,104
3.6793034,0.81482124,-1.7576276,0.6459216,-1.4203926,-1.8484379,0.1132178,-0.669106,2.8510828,-5.5726743,-2.09311,0.013380408,-5.5518074,0.13255572,-0.19990942,2.9407346,34
3.2830331,0.9761193,-2.0123806,1.3607907,-1.378258,-1.7624314,-0.2622068,-1.07145,2.564975,-5.7591767,-1.618975,0.0080752075,-4.780748,-0.106730506,-0.16453488,2.842875,17
3.8461246,0.9702381,-2.6575735,2.515462,-0.97948503,-1.3106723,-1.5413663,-1.6908165,0.62375486,-6.4168825,-1.0445943,0.88735783,-4.682168,0.061843142,-0.69282687,2.1190686,104
3.643111,0.8525252,-2.936913,2.2344122,-0.7312331,-1.4436496,-1.4650013,-1.6801544,0.2763365,-6.017057,-1.0612043,0.62992346,-4.2223763,0.15938474,-1.051476,1.9974464,104
1.1524733,-0.6296333,-1.6360786,1.3485347,0.3820913,-1.4479296,-0.77407,-1.2799884,-0.28466678,-2.9829936,-0.62683034,0.4845109,-2.276218,0.4612866,-0.81982404,1.3344451,72
4.21624,1.3928052,-3.6420326,1.7392687,-1.051518,-2.2844563,-0.61299515,-1.207324,2.575341,-7.5507526,-1.6431757,0.16275261,-5.6405134,-0.18850684,-0.17064981,3.131804,19
1.9092466,0.019868702,-2.129862,1.6306983,-0.089523,-1.3546946,-1.0640862,-1.5965564,-0.0987993,-3.701172,-0.6540227,0.35297555,-2.5635297,0.21772498,-0.97932553,1.5531437,8
3.0953507,0.7477642,-2.1177876,1.1419083,-1.0439657,-1.8283832,-0.02819042,-0.8180667,2.7416584,-5.6835055,-1.8020506,0.11233704,-4.731772,-0.17361358,-0.04757847,2.793708,63
0.944545,-0.5857534,-1.415532,1.206065,0.34523168,-1.3744608,-0.65623826,-1.186674,-0.30453253,-2.544357,-0.6132376,0.3357188,-1.9449593,0.5044366,-0.87697065,1.2449718,72
1.5848126,0.013389065,-2.0779493,1.7039753,-0.056307986,-1.4652044,-1.0693473,-1.5617126,0.046893805,-3.7853832,-0.6140313,0.34653443,-2.3871133,0.21881866,-0.8922981,1.5212797,8
3.6772168,1.3931938,-3.173274,1.4302727,-1.2704824,-2.0998967,-0.78975844,-1.2952541,2.5907893,-6.970452,-1.687208,0.11105208,-5.0856485,-0.28729847,-0.455878,2.8392327,19
0.8229254,-0.45303723,-1.5574723,1.2624078,0.38752154,-1.3329086,-0.8421195,-1.2835778,-0.4431079,-2.4698515,-0.52486855,0.23721112,-1.7489978,0.3750365,-0.97808534,1.2853386,72
4.266577,0.77777934,-2.9202185,2.528047,-0.9063511,-1.4936703,-1.4753094,-1.5512959,0.5324397,-6.758232,-1.2749543,1.0115517,-5.300082,0.3933042,-0.6795612,2.2685187,104
2.6227522,0.12983699,-2.1698873,2.4164567,-0.4794319,-1.1735528,-1.3809521,-1.7131703,-0.20260228,-4.7462616,-0.7312481,0.7818359,-3.3799944,0.16589522,-0.8191912,1.753773,18
3.7584698,1.2363067,-2.4694488,1.3892652,-1.5165619,-1.9724255,-0.4771863,-1.2135437,2.6494765,-6.5572553,-1.8192029,0.093596384,-5.3891263,-0.101126835,-0.33901793,2.983074,19
3.8316894,1.2213078,-3.3187492,2.280294,-1.1524659,-1.7607043,-1.1391469,-1.686824,1.3635688,-6.9879985,-0.9032511,0.46426892,-4.997602,-0.22741024,-0.31780612,2.4988532,104
3.614816,1.0465719,-1.7690009,0.37776774,-1.5664599,-1.8359507,0.36971468,-0.6616293,3.065227,-5.6730485,-2.0087104,-0.1793316,-5.5326333,0.37689972,-0.24467295,2.836663,34
3.3589005,1.1199993,-1.8934321,1.1272666,-1.5562114,-1.6469448,-0.1742591,-0.9789326,2.508934,-5.579109,-1.690565,-0.13759816,-4.810752,0.12440996,-0.40211877,2.7534359,17
4.0691295,0.95121926,-2.7251766,2.4737997,-0.97805417,-1.3869964,-1.4866593,-1.6070621,0.6503608,-6.531667,-1.1490963,0.88461614,-4.93096,0.23333341,-0.7018697,2.1532924,104
3.7847118,0.8244004,-2.9979362,2.1580358,-0.7600528,-1.4499514,-1.7020018,-1.8846924,0.074599534,-6.2897263,-1.1656506,0.81539845,-4.5966225,0.26463565,-1.248424,1.9846561,104
1.1876831,-0.52641976,-1.7061303,1.4728384,0.27528614,-1.4908518,-0.8604106,-1.2607307,-0.18114914,-3.348039,-0.7164267,0.55454564,-2.376997,0.41041502,-0.79757065,1.3844335,72
4.3151097,1.557083,-3.3488612,1.3413568,-1.4738942,-2.1444983,-0.72666955,-1.446422,2.5657685,-7.4597135,-1.7214149,0.23287652,-5.902123,-0.16992468,-0.42921492,2.9199827,19
2.3290794,-0.32505363,-2.0551968,1.9827143,-0.11390534,-1.269807,-1.0736322,-1.6123136,-0.37752694,-4.077942,-0.74142987,0.7811668,-3.2140002,0.3344669,-0.79347223,1.5906693,79
2.909383,0.48705637,-1.566182,0.78497934,-1.1250166,-1.8217852,0.036364272,-0.6188602,2.769536,-5.331232,-2.0737472,0.29188913,-5.0046496,0.022946224,-0.09580664,2.796236,63
1.293582,-0.79886365,-1.3628906,1.4076216,0.29516008,-1.2497948,-0.63288265,-1.2256064,-0.47544587,-2.7545197,-0.63253313,0.62563175,-2.40119,0.5784242,-0.73324406,1.2663372,72
2.2308023,-0.18092361,-2.0877395,1.8774089,-0.1092304,-1.3432891,-1.0901073,-1.6822128,-0.115301475,-4.2402296,-0.6456479,0.7383811,-3.1919713,0.36145765,-0.7433865,1.5621874,79
3.8767347,1.642577,-2.8784778,1.3811824,-1.6109504,-2.1176486,-0.81644785,-1.3861258,2.6402316,-7.1564016,-1.7351601,0.04149826,-5.4656916,-0.17125255,-0.5752251,2.9267023,19
0.8227454,-0.5710873,-1.321263,1.1835767,0.3898454,-1.3328898,-0.64742136,-1.1304992,-0.42746156,-2.185889,-0.6141696,0.20764981,-1.741739,0.41010785,-0.95158494,1.2810079,72
4.236457,1.0469041,-3.1391962,2.5509992,-1.0195014,-1.5262642,-1.7940283,-1.7656475,0.53141856,-7.0355062,-1.265022,0.97186756,-5.1563897,0.36819017,-0.9780381,2.141405,104
2.6922314,0.0683589,-2.119546,2.4084516,-0.49908388,-1.1293683,-1.4376149,-1.7479935,-0.4040087,-4.739748,-0.7254477,0.810138,-3.5365689,0.5275272,-0.90812004,1.7511994,79
3.646281,1.3514825,-2.2080054,1.0786617,-1.7279676,-1.8076231,-0.29156122,-1.1435748,2.7069416,-6.26406,-1.8806812,-0.07727744,-5.2767262,0.12522984,-0.5160333,2.8746939,19
3.9128857,1.437814,-3.1853335,2.1645427,-1.2395122,-1.7281438,-1.3905232,-1.796493,1.4427706,-6.933553,-1.0001493,0.36567336,-4.984183,-0.14982785,-0.5674418,2.534905,104
3.5509765,1.1755593,-2.0230374,0.19504488,-1.6133409,-1.955223,0.35682786,-0.8102843,3.271269,-5.9033294,-2.0093117,-0.28351158,-5.6235967,0.34943923,-0.3328421,2.8995302,34
3.3427174,1.357397,-2.0255024,0.89548624,-1.5885102,-1.660359,-0.08566919,-1.0491134,2.640684,-5.566385,-1.5789207,-0.38248885,-4.6582413,0.25760686,-0.5624292,2.6254036,19
3.97895,1.0864885,-2.701231,2.572945,-1.1117178,-1.3722088,-1.8291111,-1.6711309,0.45229983,-6.6462817,-1.2554231,0.8960936,-4.813507,0.2768593,-1.0504522,2.104111,104
3.7187517,0.5411625,-2.5399194,1.6817056,-0.55543065,-1.4405702,-1.475704,-1.5026971,0.025576845,-5.31696,-1.3046066,0.596973,-4.495991,0.4916243,-1.3295743,1.9128646,104
1.832908,-0.73784953,-1.7819839,1.6091379,0.25434917,-1.3114439,-0.8641482,-1.4141419,-0.404312,-3.7040658,-0.7030828,0.91776466,-3.117433,0.52809507,-0.6697978,1.4178001,79
4.115223,1.5658134,-2.7298372,0.94691503,-1.702732,-2.0287871,-0.5029996,-1.2452192,2.755543,-7.0517273,-1.9778334,0.1050667,-5.969597,0.0804899,-0.57197386,2.9804633,19
2.5105412,-0.31149712,-2.102205,1.9707667,-0.1201846,-1.2911878,-1.1885977,-1.6725329,-0.38904476,-4.250744,-0.8433308,0.8623738,-3.4608102,0.42392248,-0.84993845,1.6366659,79
3.0949872,0.7559263,-1.3987294,0.4730671,-1.4072771,-1.6105329,0.3444636,-0.47242886,2.7452621,-5.0517035,-2.0557823,-0.022013307,-5.013344,0.28711456,-0.2741272,2.748409,34
1.5604509,-0.7973992,-1.4119278,1.6102592,0.22253054,-1.2131629,-0.7380785,-1.319353,-0.5685423,-2.9578125,-0.6891098,0.74533474,-2.6070576,0.5590648,-0.70671594,1.3501409,72
2.4843912,-0.34711072,-2.0166397,2.2137375,-0.07836219,-1.4815187,-1.1978221,-1.6228783,-0.3456819,-4.2802877,-0.8122877,0.81512034,-3.4684377,0.5513535,-0.72895914,1.7465425,79
3.8625555,1.8993165,-2.8894696,1.4682343,-2.0126288,-1.8996391,-0.9730079,-1.6162206,2.5732636,-7.364029,-1.7756056,-0.027464345,-5.440097,-0.1048789,-0.8925912,2.870239,19
0.91721493,-0.5600958,-1.3172195,1.1468418,0.36176983,-1.3935862,-0.61655664,-1.0679144,-0.32847518,-2.3410633,-0.7166153,0.24665298,-1.878776,0.43736792,-0.95915836,1.292697,72
4.0179453,0.8885752,-2.5923467,2.0472622,-0.8361428,-1.4781891,-1.609406,-1.6029888,0.4089384,-5.8108277,-1.413059,0.6525135,-4.642275,0.50037247,-1.2124786,2.0861819,104
2.765101,0.3776576,-2.514803,2.3884983,-0.6815413,-1.0772008,-1.768537,-2.0226152,-0.32235438,-5.074963,-0.69104564,0.68091965,-3.4780486,0.34887382,-1.2094166,1.6907083,79
3.588004,1.4302213,-2.1925397,1.0155071,-1.7488005,-1.7544239,-0.1280404,-1.167626,2.736549,-6.063673,-1.7702756,-0.2733056,-5.0705748,0.26760504,-0.582247,2.7675128,19
3.8400245,1.4594105,-2.795734,2.0700588,-1.3464736,-1.5863944,-1.3242118,-1.8053259,1.3495945,-6.359157,-1.0609971,0.19376288,-4.679612,-0.09463924,-0.72865397,2.4582613,104
3.3577044,1.1654036,-2.0483468,0.12633389,-1.6554351,-1.9890298,0.24192041,-1.0109878,3.21827,-5.7199864,-2.0450044,-0.35639456,-5.4513664,0.28065816,-0.5498666,2.8389554,63
3.273259,1.3899719,-2.168017,0.85917103,-1.7100743,-1.767648,-0.29160196,-1.3481516,2.5881515,-5.592907,-1.6406494,-0.4613837,-4.666374,0.17941242,-0.8066841,2.6396573,19
3.831861,0.7305178,-2.1921456,1.7852453,-0.72204757,-1.3231008,-1.5721402,-1.4817091,0.18802217,-5.0116763,-1.4797101,0.5266041,-4.346778,0.49187,-1.3658729,2.073733,104
3.446858,0.553202,-2.2076938,1.2690226,-0.4137298,-1.4053285,-1.3076231,-1.4874696,0.25521755,-4.354122,-1.1730857,0.22304972,-3.935,0.40284953,-1.3459182,1.8145748,104
2.096094,-0.860713,-1.6937617,1.9946376,0.2770251,-1.4225565,-0.9489413,-1.3338027,-0.58769137,-3.6152585,-0.8276653,0.9209181,-3.2671096,0.71435434,-0.6291586,1.5757705,79
4.090885,1.6046187,-2.6671472,0.6361612,-1.7045435,-1.9855738,-0.30147523,-1.282121,2.793329,-6.694226,-1.8989569,-0.12698865,-5.812267,0.25519937,-0.6880647,2.828322,19
2.5884607,-0.46430206,-2.0285554,2.182119,-0.108249605,-1.2351134,-1.236031,-1.5685604,-0.61364746,-4.1798663,-0.8714967,0.9196402,-3.5617776,0.71346456,-0.84755546,1.6693742,79
3.0114923,0.96687645,-1.46702,0.14792895,-1.4502445,-1.601557,0.5451702,-0.5021811,2.922621,-4.9070973,-1.919965,-0.33549094,-4.817842,0.4712032,-0.41283408,2.6430187,63
1.8574764,-0.93330294,-1.4859049,1.9834317,0.2568103,-1.3054074,-0.84586436,-1.1811811,-0.6461293,-3.1844513,-0.8168677,0.8726847,-2.9543521,0.7763833,-0.6070962,1.499855,72
2.6289442,-0.2803415,-2.0572324,2.6907473,-0.19372667,-1.3647649,-1.3457193,-1.4333221,-0.36719924,-4.5514374,-0.795412,0.8250781,-3.5584047,0.5371114,-0.6822547,1.8311554,18
3.6539807,1.6032072,-2.3722355,0.96717656,-1.7660174,-1.8301737,-0.41144723,-1.3968265,2.6392417,-6.192538,-1.7428813,-0.29334247,-5.091425,0.14793126,-0.79857045,2.7308497,19
0.9428577,-0.60989743,-1.2988662,1.2340801,0.33967707,-1.379332,-0.62280923,-0.93832827,-0.31790876,-2.5123622,-0.82135093,0.36305302,-1.9762113,0.44392973,-0.8913679,1.3054643,72
3.9555264,0.63436306,-2.3951144,1.4614049,-0.57628393,-1.4248677,-1.6240475,-1.6169523,0.11277341,-4.8914986,-1.6069595,0.4751389,-4.4891796,0.65836465,-1.5813656,2.0542712,104
2.5504804,0.36277536,-2.0509005,1.7096792,-0.40691626,-1.1412331,-1.5439906,-1.9376013,-0.20805971,-3.8116865,-0.7340106,0.17913441,-2.8407354,0.3671327,-1.4512842,1.5643591,1
3.4656472,1.418955,-2.1908047,1.0920213,-1.8141165,-1.8359702,-0.27507848,-1.3556343,2.648976,-5.944042,-1.7963685,-0.34382287,-4.9784684,0.19205454,-0.7337965,2.794962,19
3.797895,1.4369929,-2.6816158,1.8252035,-1.2670112,-1.5795377,-1.3924553,-1.8359643,1.27663,-6.032273,-1.1189017,0.10570665,-4.5614347,-0.06170916,-0.9412246,2.381899,104
3.2604735,1.4178694,-2.2220347,0.4540918,-1.8313103,-1.8490615,-0.1488072,-1.3001835,3.1652448,-6.264636,-1.8614652,-0.27577552,-5.320915,0.12347838,-0.7282583,2.7425375,63
3.320653,1.5913936,-2.460239,1.0565033,-1.7695403,-1.7947309,-0.673795,-1.6368239,2.4698772,-6.0546427,-1.5394559,-0.39091069,-4.6690283,0.08845933,-1.0067563,2.572859,19
3.8268695,0.48572245,-2.119141,1.4725025,-0.5739218,-1.1381447,-1.6572471,-1.4655529,-0.11990242,-4.477298,-1.6394628,0.5091786,-4.3467736,0.5600273,-1.6195996,2.0761514,104
3.4111483,0.5319579,-1.9248565,0.864501,-0.35467207,-1.241735,-1.3111098,-1.4550962,0.27108005,-3.7734745,-1.3159326,0.13097636,-3.8294504,0.39094034,-1.4783561,1.8690116,104
2.2771344,-0.906624,-1.7879251,2.3681087,0.34693435,-1.4424038,-1.0093814,-1.0410755,-0.566168,-3.7974048,-0.90748054,0.9457394,-3.4721286,0.7154717,-0.52344334,1.7428018,72
4.043954,1.6083401,-2.7634764,0.6267779,-1.7029634,-2.067434,-0.50255024,-1.4852414,2.748305,-6.7281356,-1.9336449,-0.13292882,-5.775587,0.24489415,-0.8755476,2.7992253,19
2.6091177,-0.44571772,-2.0734296,2.2355719,-0.11493771,-1.2724344,-1.1837653,-1.4453558,-0.53668725,-4.1041245,-0.85307854,0.7819376,-3.4817688,0.6473555,-0.80562055,1.6504463,79
2.884024,1.0422264,-1.6591302,0.17954767,-1.5967116,-1.7020202,0.34001166,-0.846081,2.9137228,-5.044571,-1.9374244,-0.44127753,-4.788835,0.35720548,-0.6630628,2.6707573,63
1.9900228,-0.8755074,-1.6923971,2.2476654,0.25305203,-1.389315,-0.8025873,-1.0134277,-0.47231114,-3.5261102,-0.83840495,0.81280446,-3.109477,0.6700556,-0.42278063,1.6509192,72
2.4043686,-0.39741206,-1.8233801,2.0301504,0.08508602,-1.4402378,-0.9126418,-1.2632806,-0.19878285,-3.4657555,-0.7811043,0.3967812,-3.104545,0.4918319,-0.67623055,1.7388247,79
3.3866186,1.5541956,-2.2758458,0.8910742,-1.7882365,-1.8299098,-0.5203457,-1.5768917,2.5678215,-5.9346576,-1.7411033,-0.33619064,-4.888708,0.10865086,-0.97151864,2.6844735,19
1.4867976,-1.2186174,-1.0760262,1.4750313,0.5247321,-1.1642147,-0.5754801,-0.83590907,-0.8670038,-2.3375473,-0.88791066,0.84354496,-2.657273,0.8426457,-0.72640765,1.3014362,72
3.9439783,0.377331,-2.2280881,1.085529,-0.3736958,-1.246229,-1.5737073,-1.4942946,-0.06669815,-4.311965,-1.717892,0.45016134,-4.5024467,0.7013247,-1.6882133,2.0376651,104
2.488561,0.21699148,-1.7337717,1.1472979,-0.2350041,-1.0684352,-1.4669368,-1.7617439,-0.28374308,-2.9701269,-0.9305676,0.030683592,-2.6316257,0.5287805,-1.7004354,1.4860547,1
3.4001412,1.6003635,-2.364909,1.18375,-1.8319048,-1.827032,-0.6227937,-1.5707558,2.5351183,-6.22685,-1.6634496,-0.30055594,-4.8585644,0.113267094,-0.9377459,2.6710272,19
3.8154662,1.360692,-2.758527,1.6714743,-1.1377094,-1.6329764,-1.5868895,-1.9476457,1.0849771,-5.970169,-1.2176745,0.16725592,-4.579048,0.039169922,-1.1970601,2.2970736,104
2.9225934,1.443672,-2.0137491,0.24950713,-1.771622,-1.6249235,-0.22138904,-1.2426833,3.0824652,-5.907486,-1.732715,-0.29118353,-4.9249196,0.14093055,-0.8528223,2.5842562,63
3.1168625,1.7484004,-2.4172215,0.86244464,-1.7887679,-1.6539588,-0.77241784,-1.7030538,2.4626317,-5.928093,-1.4167783,-0.44777548,-4.4273634,0.044767454,-1.1509957,2.4747741,19
3.7086806,0.20119385,-1.8559195,1.1945155,-0.4469286,-0.9377818,-1.5262773,-1.2548352,-0.1879534,-4.023011,-1.7257649,0.571789,-4.3436217,0.6290819,-1.5996051,2.0185213,1
3.4137595,0.2703334,-1.85939,0.65633047,-0.27008033,-1.1248682,-1.490731,-1.5101137,-0.054942057,-3.3678539,-1.548235,0.152687,-3.9234128,0.46225452,-1.7655425,1.9493207,104
2.1120849,-0.9830496,-1.6334738,1.9055761,0.5550126,-1.5857044,-0.5673064,-0.8118598,-0.37939942,-2.991078,-0.913156,0.5359584,-3.1537519,0.66107893,-0.41490853,1.7420238,79
3.7920294,1.5681562,-2.5888014,0.6411716,-1.6843355,-2.0290394,-0.6139108,-1.6088645,2.654493,-6.378583,-1.8849169,-0.16607654,-5.423664,0.18109846,-0.9965688,2.6714866,19
2.4605937,-0.48581222,-1.5687529,1.7058419,0.121135,-1.2879262,-0.918052,-1.2266167,-0.3522629,-2.9877963,-0.95528823,0.36614287,-2.977185,0.66125345,-0.9159397,1.6239944,79
2.8515775,1.2368274,-1.9008319,0.611346,-1.8082367,-1.6987845,-0.065405644,-1.1741344,2.8245018,-5.6648707,-1.8385731,-0.35948277,-4.790302,0.1942327,-0.8385449,2.6468647,63
1.8431855,-1.0141855,-1.2905324,1.9183933,0.43977907,-1.4633894,-0.44962457,-0.7311623,-0.36995876,-2.6848578,-0.93777657,0.50380296,-2.7816098,0.7141716,-0.3685001,1.6448237,72
2.4792705,-0.415616,-1.5908856,1.5748402,0.17573735,-1.4721136,-0.94288856,-1.3183223,-0.24348022,-2.8827524,-0.99136585,0.23471905,-2.976093,0.6388772,-0.9838722,1.6759603,79
3.2645605,1.7367735,-2.413666,0.8289211,-1.8127943,-1.8167984,-0.7430022,-1.7624727,2.5658112,-6.1556163,-1.6196417,-0.34801966,-4.7672224,0.0619435,-1.1540921,2.5651853,19
1.3175395,-1.1372421,-1.0330307,1.704712,0.42007044,-1.01551,-0.75139654,-0.8950231,-1.0745294,-2.2092311,-0.8512772,0.79812926,-2.407032,0.957128,-0.86923337,1.3101366,72
3.803922,0.07977867,-1.9015142,0.9131876,-0.1947504,-1.0236782,-1.3633468,-1.1762667,-0.11231746,-3.7827485,-1.7674093,0.53156686,-4.392216,0.7530325,-1.5382323,1.9863533,104
2.618745,0.17523494,-1.7984877,0.8931565,-0.16118656,-1.0776702,-1.5650802,-1.8123136,-0.39941585,-2.793702,-1.076335,-0.026990741,-2.7529817,0.5449379,-1.9168997,1.5409875,1
3.2069502,1.6626465,-2.2879963,0.9586885,-1.8052554,-1.7042574,-0.6878538,-1.5760596,2.508727,-6.0744185,-1.5800184,-0.3153483,-4.684846,0.10420661,-1.0500495,2.577732,19
3.6914277,1.4117303,-2.8145268,1.8752409,-1.2320595,-1.440556,-1.8192487,-2.0843582,0.91349447,-6.301129,-1.0936348,0.2847628,-4.540396,-0.0695652,-1.2988641,2.2354581,104
2.674271,1.5795964,-1.9871222,0.397833,-1.8634326,-1.4269845,-0.44334486,-1.3694861,2.972491,-6.094847,-1.5507447,-0.21081498,-4.6903925,0.039254308,-0.9429772,2.4749825,63
2.8132045,1.8092992,-2.2592487,1.0177802,-1.8186978,-1.4145687,-0.9776136,-1.7347467,2.2953832,-5.940271,-1.2240516,-0.3635013,-4.1172104,-0.052629527,-1.21978,2.3488443,13
3.632531,-0.05544304,-1.6649232,1.0399891,-0.26720867,-0.80038583,-1.357593,-1.0273216,-0.20572586,-3.7374723,-1.7835855,0.69743043,-4.3485074,0.7234026,-1.4658096,1.959182,1
3.3065047,0.13844372,-1.7780948,0.59678143,-0.23494811,-0.95515037,-1.5588007,-1.5455347,-0.19394769,-3.2143638,-1.5647885,0.20353581,-3.8342528,0.48487687,-1.8656895,1.8735737,1
2.1662679,-1.0116383,-1.3843257,1.7057074,0.612286,-1.5563792,-0.604986,-0.8081625,-0.4409992,-2.532519,-1.0249759,0.38481396,-2.9768012,0.72017795,-0.5936896,1.7000846,72
3.5971408,1.6862903,-2.5397925,0.7712333,-1.8018478,-1.8174909,-0.7842401,-1.6680253,2.5822837,-6.5899067,-1.7417554,-0.10962017,-5.2720537,0.13259591,-1.0845404,2.6004436,19
2.6272957,-0.5502231,-1.6157556,1.3497277,0.1637398,-1.2738663,-1.1085398,-1.3889775,-0.5806148,-2.668849,-1.178868,0.270769,-3.0336456,0.8010139,-1.3315237,1.6306713,79
2.6746397,1.3772275,-1.8709046,0.46878135,-1.7233483,-1.5799909,-0.22372538,-1.2169378,2.7173858,-5.3468547,-1.6696484,-0.46484768,-4.3965135,0.15029405,-1.0113919,2.5018375,63
2.0909142,-0.9812266,-1.4345496,1.7583977,0.4478161,-1.4302722,-0.7775931,-0.9811952,-0.57492596,-2.6425412,-1.0507097,0.4426105,-2.8641925,0.75236917,-0.7563509,1.6251591,72
2.587643,-0.3096817,-1.7261529,1.2544843,0.1111007,-1.4145799,-1.2977784,-1.6167475,-0.4119144,-2.859022,-1.1183417,0.1580037,-3.01735,0.67879695,-1.4582362,1.6247389,79
2.9846902,1.7278135,-2.2453654,0.63700247,-1.8221554,-1.678047,-0.7323923,-1.6776934,2.6270409,-6.0391507,-1.5798678,-0.33745515,-4.6096916,0.07569696,-1.2101452,2.4851472,19
1.1236966,-0.9715492,-0.99273735,1.4745489,0.3269394,-0.83108497,-0.85852295,-1.021318,-0.9765599,-1.914442,-0.67993575,0.5781983,-1.9865161,0.8471828,-1.046386,1.1567914,72
3.7930415,0.038691588,-1.8100023,1.1750903,-0.17624067,-0.89347965,-1.2505629,-0.9742446,-0.058275804,-3.8713589,-1.7162392,0.6903741,-4.341089,0.75528795,-1.2716968,1.9841686,104
2.603921,0.08859023,-1.7363907,0.97924113,-0.13549498,-0.9655743,-1.6124866,-1.7903124,-0.41362274,-2.8545783,-1.0731776,0.055275634,-2.8201966,0.46246272,-1.8438811,1.5631627,1
2.8637552,1.6852165,-2.1153867,1.0231,-1.8607252,-1.4424835,-0.84242773,-1.566657,2.4431791,-6.128285,-1.4401159,-0.19602482,-4.451881,0.006798722,-1.1037997,2.4628136,13
3.5327792,1.3064076,-2.6263301,1.8321594,-1.1323433,-1.3158283,-1.8232453,-1.9546158,0.80649436,-6.002141,-1.0832945,0.32557982,-4.337586,-0.019412056,-1.3380249,2.1496983,104
2.5915315,1.705176,-2.108381,0.51308876,-1.8604093,-1.3363389,-0.68661726,-1.5050571,2.8463721,-6.279899,-1.4128106,-0.15081629,-4.544688,-0.039201647,-1.0683234,2.379523,63
2.6452942,1.88023,-2.259633,1.1225631,-1.8487625,-1.2640843,-1.1496313,-1.7903891,2.2127995,-6.0903645,-1.1121736,-0.26939353,-3.9826114,-0.1378341,-1.2877886,2.2752495,13
3.5355957,-0.055923946,-1.5934589,1.3793241,-0.24075785,-0.7391522,-1.3391309,-0.9388851,-0.17252813,-3.853148,-1.6995627,0.84693706,-4.167119,0.7144344,-1.2496574,1.9241627,18
3.2653255,0.16902195,-1.839285,0.87080455,-0.21776621,-0.90137374,-1.617686,-1.5462456,-0.17393176,-3.4962895,-1.479669,0.37586427,-3.7539363,0.50597334,-1.7467957,1.8115665,1
2.366982,-0.9537028,-1.4801673,1.3196585,0.629413,-1.5644399,-0.8983576,-1.0910105,-0.5858041,-2.3288598,-1.176959,0.2930764,-3.0276458,0.78519523,-1.0359555,1.6557863,79
3.2714698,1.7166549,-2.362609,0.8985586,-1.8807214,-1.5402362,-0.90782094,-1.6245227,2.4854872,-6.621633,-1.584241,-0.026975065,-5.0146456,0.052303433,-1.1144421,2.5138562,19
2.8031795,-0.5683035,-1.6367906,1.1732603,0.18708825,-1.2114931,-1.1900024,-1.4091778,-0.66711414,-2.6054366,-1.3013146,0.260696,-3.1928432,0.79187614,-1.4853563,1.6679655,1
2.3899238,1.4923083,-1.8104967,0.5742335,-1.7219586,-1.3587824,-0.44757962,-1.2893527,2.572102,-5.356828,-1.4390376,-0.4007377,-4.0342894,0.089869335,-1.098633,2.348924,63
2.319,-0.96843344,-1.4590693,1.564102,0.45966104,-1.3566772,-0.9098766,-1.0694488,-0.638555,-2.5991535,-1.1617004,0.46934187,-3.0119965,0.75481254,-0.96134603,1.6273968,72
2.577099,-0.33838367,-1.6792836,1.128289,0.14083591,-1.3318071,-1.319253,-1.5802962,-0.36129254,-2.917844,-1.1577313,0.22835086,-3.0802205,0.67212623,-1.4789159,1.574443,79
2.8517482,1.7584311,-2.1847942,0.7167152,-1.8524619,-1.4942824,-0.83651847,-1.6212461,2.5732262,-6.1492524,-1.5225905,-0.23191048,-4.533689,0.019620456,-1.2439463,2.4472551,63
0.9621832,-1.2323895,-0.3371036,0.68023956,0.76009333,-0.9976462,-0.45160842,-0.58543706,-0.9042071,-0.33699834,-0.85299593,0.12125151,-1.4856037,0.91876334,-1.0917578,1.033335,72
3.8340178,0.025640173,-1.8175418,1.4826915,-0.14789161,-0.873512,-1.2474692,-0.9291347,-0.079243615,-3.9661767,-1.7000303,0.79952615,-4.27708,0.740113,-1.1170366,2.0162575,104
2.534354,0.22326478,-1.7438447,1.3010082,-0.17821874,-0.9558952,-1.6628008,-1.748772,-0.23256604,-3.234795,-0.97018695,0.15769874,-2.7391486,0.409919,-1.6601579,1.5420275,1
2.7543685,1.7731358,-2.1781764,1.0623727,-1.8246791,-1.3199617,-1.0536687,-1.6280272,2.3166153,-6.1969132,-1.3470628,-0.13255563,-4.286812,-0.042382568,-1.2469728,2.371809,13
3.523815,1.2883877,-2.5610867,1.8175558,-1.0685145,-1.2171844,-1.7682989,-1.8545895,0.7187882,-5.73191,-1.0858746,0.2846377,-4.1811056,0.0034143627,-1.3515637,2.1492977,104
2.6237178,1.8051902,-2.2300355,0.5908204,-1.710506,-1.258396,-0.8728172,-1.5680705,2.6007001,-6.1684837,-1.2591176,-0.15303472,-4.276817,-0.059267163,-1.1866088,2.2612867,63
2.6281059,1.969623,-2.4206464,1.202293,-1.7167249,-1.1834984,-1.3811376,-1.8466486,2.0238914,-6.1545787,-1.0077118,-0.19350478,-3.7964156,-0.17598653,-1.4177732,2.1700995,13
3.6408405,-0.005067354,-1.7288346,1.7214233,-0.19045472,-0.8148984,-1.391747,-0.9976493,-0.18578063,-4.0174174,-1.6832476,0.88376033,-4.0963955,0.70702773,-1.1508391,2.0008926,18
3.281534,0.341866,-2.0396013,1.3968495,-0.25544667,-0.91148835,-1.728672,-1.5892955,-0.11438958,-4.0392294,-1.3336105,0.54243135,-3.660108,0.4989378,-1.5727916,1.8153914,1
2.398043,-0.9574592,-1.5070542,1.2153426,0.6184275,-1.4917915,-0.94320625,-1.0962286,-0.48415476,-2.5651135,-1.222614,0.395455,-3.1739311,0.77254736,-1.0561254,1.5986627,79
3.106449,1.7732655,-2.3893678,1.0860656,-1.8744196,-1.3568187,-1.0994852,-1.6333104,2.3614974,-6.810427,-1.4426554,0.10892464,-4.8582444,-0.050578684,-1.1365786,2.4467328,19
2.698262,-0.5596533,-1.4847426,1.1721661,0.18803915,-1.1798893,-1.1868753,-1.3061099,-0.4910916,-2.6872468,-1.3111578,0.31552017,-3.1743639,0.7554402,-1.3889756,1.6326942,79
2.2080696,1.6550927,-1.8863086,0.7346469,-1.7551175,-1.2063612,-0.724885,-1.4441493,2.4952762,-5.660667,-1.2427809,-0.28995118,-3.857277,-0.01815226,-1.1906736,2.2358317,63
2.2760785,-0.95718193,-1.3899988,1.5574635,0.41619888,-1.3387932,-0.9113355,-1.0409303,-0.49949628,-2.7750323,-1.1923678,0.5592149,-3.0477343,0.72665775,-0.9110584,1.5768454,72
2.555907,-0.23080954,-1.722035,1.3773805,0.11175719,-1.353454,-1.3178256,-1.4830445,-0.2650349,-3.1823006,-1.1293311,0.30153912,-3.0229352,0.6461603,-1.3529406,1.5886819,79
2.830636,1.7930534,-2.2364607,0.72494566,-1.7633228,-1.3948585,-0.9577099,-1.6239419,2.4104083,-6.066317,-1.4667904,-0.19552544,-4.3861904,0.0083921105,-1.3433836,2.388958,63
1.1764579,-1.0134697,-0.51467234,0.43002427,0.7370626,-0.9897103,-0.51773167,-0.72860986,-0.875021,-0.19690794,-0.9098622,-0.1370593,-1.3162682,0.93991786,-1.3766122,1.0261585,72
4.0065985,0.023201823,-1.9849541,1.7406918,-0.10297908,-0.93770885,-1.2594149,-0.9747673,-0.08114581,-4.1706905,-1.7166299,0.8513458,-4.352701,0.76281106,-1.0147908,2.1043668,104
2.6777184,0.44482088,-2.0180264,1.8871576,-0.20547464,-1.0763772,-1.774643,-1.7765524,-0.15914498,-3.8805208,-0.8808302,0.26413637,-2.7691734,0.35474527,-1.4837401,1.6384429,1
2.763993,1.8610457,-2.3188875,1.0396051,-1.6687504,-1.2550521,-1.225204,-1.6750429,2.130712,-6.10216,-1.2682402,-0.11308983,-4.07002,-0.044778284,-1.3921597,2.272135,13
3.5179143,1.2395922,-2.5528378,1.846738,-0.94416785,-1.2012458,-1.7612691,-1.8336561,0.6060322,-5.4881763,-1.0970321,0.28249717,-4.0075865,0.005583361,-1.3575885,2.1427484,104
2.7530081,1.8317484,-2.4161048,0.67755854,-1.481486,-1.304165,-1.0300516,-1.656211,2.327534,-6.014501,-1.1867299,-0.15083927,-4.085066,-0.046269402,-1.2800245,2.2058058,19
2.6685808,1.994641,-2.5224612,1.2111888,-1.5276799,-1.1740198,-1.4853363,-1.888169,1.8299695,-5.96627,-0.9533022,-0.19666415,-3.5776544,-0.16489719,-1.5051355,2.1039205,13
3.835815,0.016513677,-1.8502865,2.0455856,-0.136906,-0.9423132,-1.3200483,-1.0246001,-0.0863034,-4.223792,-1.7069728,0.8853035,-4.1621237,0.7061921,-0.9448738,2.1615794,104
3.5215847,0.51090604,-2.4210873,1.6960317,-0.2382859,-1.0603915,-1.8157556,-1.7005886,-0.053041086,-4.5563426,-1.2888238,0.55694145,-3.8035882,0.5204085,-1.5145636,1.9244434,1
2.343891,-0.8034316,-1.5171217,1.476319,0.51394916,-1.4920563,-0.9377066,-1.0025679,-0.3392797,-2.899256,-1.1916739,0.4682271,-3.0971868,0.7402718,-0.93197453,1.598894,72
3.0402303,1.8218659,-2.496007,1.0682194,-1.6933838,-1.2528061,-1.2899928,-1.6386571,2.193041,-6.7435684,-1.3345137,0.16966645,-4.613576,-0.0818189,-1.2491479,2.3160033,19
2.6971343,-0.40129167,-1.5657004,1.5035383,0.17407095,-1.2011554,-1.1764299,-1.2180504,-0.36278582,-3.0450354,-1.2295599,0.40787023,-3.0769467,0.76376384,-1.2134931,1.6247258,79
2.1639051,1.7538874,-2.0173724,0.80360615,-1.6826113,-1.105573,-0.94305813,-1.5467612,2.3300278,-5.7314587,-1.1064463,-0.22596502,-3.6751413,-0.07551765,-1.3094859,2.1176736,63
2.352748,-0.7214927,-1.5365462,1.8301018,0.35995975,-1.3433404,-0.91509914,-0.95228827,-0.38116425,-3.1641738,-1.1399877,0.6057261,-2.9799428,0.7389117,-0.8197269,1.5859241,72
2.5872366,-0.038507618,-1.8737336,1.7480978,0.08888772,-1.3738853,-1.3385093,-1.3868114,-0.21106242,-3.5299826,-1.055757,0.34467107,-2.9236856,0.6629508,-1.2454019,1.6229784,79
2.8396387,1.8351346,-2.304715,0.7550733,-1.6671482,-1.3233101,-1.0388386,-1.652942,2.2939763,-5.9895253,-1.3918141,-0.17021719,-4.242194,-0.013943613,-1.3756299,2.34087,13
1.383012,-1.0047305,-0.7019377,0.3608814,0.7960361,-1.1067905,-0.61638224,-0.8065213,-0.82200575,-0.37446496,-1.0634539,-0.11156858,-1.5346007,0.96205145,-1.493357,1.1263777,72
4.12513,0.04021027,-2.0603034,2.0554595,-0.124440365,-0.9874247,-1.1797297,-0.97492254,0.02590771,-4.417102,-1.6967314,0.8678925,-4.4297256,0.74558866,-0.7899354,2.2347639,104
2.9309196,0.58770347,-2.3316216,2.3694344,-0.13874328,-1.2957104,-1.7614496,-1.6541796,-0.07711901,-4.402139,-0.9096193,0.29389828,-2.8931525,0.36117682,-1.2993844,1.813209,8
2.7987607,1.9160738,-2.4203854,1.0793264,-1.5370113,-1.2342275,-1.3026102,-1.7219754,1.9945726,-5.9737372,-1.2024503,-0.12935533,-3.8864741,-0.06516624,-1.4390817,2.243599,13
3.5277815,1.2647421,-2.6066673,1.8278524,-0.8824055,-1.187536,-1.7503471,-1.8385795,0.6416228,-5.45826,-1.0827048,0.24997775,-3.9452114,0.006006561,-1.346822,2.150198,104
2.7960198,1.8816609,-2.4896042,0.75821733,-1.4075496,-1.3333743,-1.1176516,-1.7094773,2.2886178,-6.0287414,-1.2060833,-0.1506728,-4.0100555,-0.082126185,-1.3115058,2.2385676,19
2.6535804,1.9988219,-2.517676,1.1700115,-1.4422176,-1.1925831,-1.4830987,-1.9368863,1.7888602,-5.7853975,-0.9805723,-0.24942026,-3.4170144,-0.14427379,-1.5549042,2.0972235,13
3.9406257,0.0045348615,-1.7905089,2.2080503,-0.107672915,-1.0282749,-1.0973797,-0.88999665,0.16277461,-4.249198,-1.7375797,0.8376565,-4.236684,0.6763744,-0.6546581,2.3253696,104
3.671163,0.62131256,-2.6254492,2.0865607,-0.25887948,-1.1940833,-1.7915664,-1.6915015,0.10960799,-5.023298,-1.2446867,0.5941481,-3.907975,0.48923755,-1.288837,2.0422475,104
2.4776056,-0.5962252,-1.7618479,1.7740265,0.52283835,-1.5489107,-0.94696677,-0.9334121,-0.31191868,-3.2465098,-1.1489865,0.48152596,-3.0635324,0.7921092,-0.8778683,1.657581,79
3.093158,1.9145366,-2.648827,1.0578004,-1.5073297,-1.2604061,-1.4478474,-1.7176224,2.0210202,-6.5880213,-1.278016,0.10353689,-4.3710294,-0.10309612,-1.385051,2.2754269,19
2.8732288,-0.20240441,-1.865737,1.9307092,0.22588822,-1.3867935,-1.2693181,-1.2288893,-0.3118788,-3.5086536,-1.2133126,0.446976,-3.0870888,0.7706831,-1.1342723,1.7220353,79
2.235021,1.8737316,-2.2365685,0.8921721,-1.4756207,-1.0850415,-1.1991234,-1.6489239,2.0860002,-5.7138987,-0.98861784,-0.20844112,-3.4333954,-0.095571056,-1.4654772,2.0177073,13
2.5894856,-0.53858256,-1.8712436,2.1317568,0.4482526,-1.5114877,-0.9816109,-0.94097614,-0.35709757,-3.5477881,-1.1449326,0.5804925,-3.0473838,0.7627629,-0.80342966,1.7066159,72
2.7927797,0.079820506,-2.1980412,2.1868253,0.18485418,-1.5026833,-1.4262497,-1.3510725,-0.2261614,-4.0151677,-1.0450853,0.40713954,-3.0070014,0.670374,-1.1674852,1.7378,79
2.8848166,1.8571255,-2.4725492,0.90378094,-1.5414886,-1.3189487,-1.1534367,-1.7201382,2.1430032,-6.033141,-1.3053882,-0.119275905,-4.1372223,-0.052091863,-1.3765464,2.3200042,13
1.4643447,-0.9525131,-0.69282633,0.49233496,0.74448144,-0.9955564,-0.72984433,-0.83053285,-0.825179,-0.49503434,-1.0830693,-0.08182508,-1.5812094,0.81721336,-1.4905837,1.1870426,72
4.2431283,0.036885764,-2.1320434,2.3090415,-0.14154379,-1.0728916,-1.080354,-0.9073918,0.21497133,-4.7270117,-1.7280605,0.8931999,-4.610194,0.7619537,-0.5622672,2.390826,104
3.1147497,0.64360404,-2.4708402,2.7754326,-0.15076315,-1.4668634,-1.5734761,-1.4190294,0.2145043,-4.918436,-1.0092942,0.2674774,-3.102475,0.39678654,-0.98987323,2.0433304,8
2.779549,1.9654355,-2.521584,1.1727061,-1.4427623,-1.248979,-1.3954532,-1.7948761,1.924963,-5.981703,-1.1540793,-0.14506546,-3.7239032,-0.08547363,-1.475337,2.2300677,13
3.471193,1.2855849,-2.5498824,1.8756,-0.9116627,-1.1569046,-1.655807,-1.8325741,0.7851508,-5.4664016,-1.0755548,0.19678988,-3.8841052,-0.04516517,-1.2337933,2.1978393,104
2.8259153,1.8685905,-2.5250964,0.7739668,-1.3307949,-1.4156066,-1.1327882,-1.7647452,2.307647,-6.059995,-1.270297,-0.13164523,-3.9913142,-0.06720903,-1.30368,2.2432346,19
2.6097848,2.0011022,-2.4492755,1.0998324,-1.4322648,-1.235499,-1.3994803,-1.9626896,1.8964945,-5.6874857,-1.0432135,-0.32244113,-3.342946,-0.13318145,-1.5419769,2.1201506,13
4.0919204,-0.11818041,-1.864398,2.302621,0.06494889,-1.1283151,-0.88343805,-0.69388664,0.27536833,-4.242172,-1.7621434,0.82674086,-4.4249153,0.73053473,-0.3695081,2.4928296,104
3.7813103,0.69719064,-2.7072628,2.6411572,-0.30348787,-1.3129205,-1.6422412,-1.526711,0.31878835,-5.4667125,-1.2190225,0.5847365,-3.9870493,0.4400229,-0.91290504,2.2631304,104
2.6720095,-0.50897014,-2.0458076,2.065309,0.62292624,-1.6938579,-0.983977,-0.8854655,-0.31469786,-3.5896797,-1.2023104,0.51411504,-3.1386557,0.83972085,-0.8491349,1.7543534,79
3.088453,1.9707607,-2.724291,1.069819,-1.4395051,-1.3492701,-1.5073426,-1.8478982,2.0099976,-6.563853,-1.3248904,-0.002287954,-4.2216873,-0.11072871,-1.4681897,2.3069646,19
3.1339688,-0.07727764,-2.1700385,2.3467064,0.2965343,-1.6151627,-1.2014565,-1.0854765,-0.118137315,-4.099083,-1.2519053,0.4344133,-3.3196895,0.78783756,-0.90815586,1.9240104,79
2.3047204,2.025778,-2.4367096,1.0746421,-1.3399928,-1.1829029,-1.4303885,-1.7940958,1.9940939,-5.8799887,-0.97040117,-0.24981101,-3.2745824,-0.12863709,-1.5738912,2.0516171,13
2.714986,-0.54640627,-1.9880335,2.3464475,0.5463464,-1.658066,-0.90012926,-0.8075659,-0.22728692,-3.7766502,-1.247433,0.57075316,-3.1616402,0.7948999,-0.65774393,1.8437624,72
3.004126,0.06616974,-2.4005454,2.5973415,0.28375056,-1.66925,-1.355633,-1.2070963,-0.15246014,-4.3808184,-1.1009102,0.44420588,-3.187224,0.69337356,-0.94053483,1.927737,79
2.9018555,1.9030193,-2.584979,1.0249232,-1.4624863,-1.3229476,-1.2353396,-1.7446201,2.117887,-6.121012,-1.2691195,-0.09473736,-4.0632815,-0.1090755,-1.3586307,2.337479,13
1.5724723,-0.76516294,-0.85815245,0.7592604,0.7224417,-0.996854,-0.8329099,-0.76469684,-0.61363,-1.1036628,-1.0395601,0.0014859438,-1.7458346,0.67303526,-1.3212342,1.2492557,72
4.2919073,-0.14141208,-2.2048848,2.3391132,-0.0269292,-1.0614152,-0.95449454,-0.814605,0.21486387,-4.7411118,-1.7495973,0.9410169,-4.8037987,0.83374214,-0.360928,2.501983,104
3.3057485,0.49856153,-2.5613103,3.1544719,-0.079746336,-1.5613818,-1.3660142,-1.157038,0.30140632,-5.1361365,-1.1049955,0.30814666,-3.3368566,0.4092091,-0.64913255,2.2668977,8
2.790324,2.0006316,-2.5761044,1.1858443,-1.3912283,-1.3206912,-1.395201,-1.8457353,1.9980662,-6.0353827,-1.193884,-0.18252853,-3.6801815,-0.092739046,-1.468107,2.2609866,13
3.466252,1.360939,-2.5172896,1.9653617,-1.02032,-1.1243265,-1.5656414,-1.7806301,1.0115179,-5.6247025,-1.121096,0.17540587,-3.9212494,-0.09470426,-1.1043229,2.2839139,104
2.8743706,1.8426828,-2.5221574,0.71801496,-1.2786816,-1.4197898,-1.0605946,-1.719775,2.3599799,-6.02798,-1.2951417,-0.085473865,-4.0353155,-0.046584114,-1.2391798,2.2239575,19
2.615048,1.9704832,-2.4117277,1.039687,-1.4071921,-1.2779258,-1.2947237,-1.9372172,1.9913458,-5.6238914,-1.0873144,-0.33607435,-3.3573005,-0.1117152,-1.478543,2.1260514,13
4.111553,-0.30049777,-2.0628796,2.2099814,0.21263522,-1.0749453,-0.83703846,-0.590794,0.18096529,-4.174372,-1.7896923,0.8429388,-4.6144166,0.7785736,-0.26119024,2.5835803,104
4.035111,0.58264637,-2.914847,2.9879813,-0.1441896,-1.4134935,-1.4069326,-1.176088,0.38524017,-5.7305183,-1.2608981,0.6231964,-4.2881556,0.5019522,-0.54094523,2.511292,104
2.7486386,-0.548397,-2.0720444,2.3373928,0.6410414,-1.808113,-0.8489973,-0.723279,-0.1407183,-3.8352525,-1.3139052,0.50968957,-3.2670388,0.8587413,-0.6258456,1.9245096,72
3.107401,2.012642,-2.7675905,1.0579846,-1.4167529,-1.4235313,-1.4965467,-1.9171042,2.0704618,-6.530982,-1.3707038,-0.06370954,-4.1773043,-0.11804954,-1.4840999,2.3440044,19
3.2821655,-0.19805121,-2.2195954,2.6796985,0.36201707,-1.7483448,-0.9748096,-0.8671609,0.023746565,-4.3125267,-1.3496709,0.4238217,-3.5277593,0.79924124,-0.57108516,2.141243,79
2.3467581,2.0428183,-2.4901366,1.111333,-1.2528298,-1.3162267,-1.5013754,-1.9196718,1.983313,-5.8703566,-1.0558734,-0.29157808,-3.198737,-0.10372314,-1.6273456,2.080802,13
2.7447207,-0.7153475,-1.8777936,2.4700508,0.5663109,-1.7527922,-0.67771256,-0.6422003,-0.06508385,-3.7703898,-1.3913634,0.5559569,-3.3169303,0.83012724,-0.3926838,1.9944465,72
3.1315134,-0.01208969,-2.369666,2.9045334,0.30130684,-1.8116491,-1.0921559,-0.9144721,0.14196184,-4.675868,-1.2675302,0.3980646,-3.434077,0.72557145,-0.57722306,2.1988761,8
2.9094627,1.8633016,-2.6267002,1.1044788,-1.3606133,-1.4327489,-1.2697845,-1.8179874,2.1389658,-6.203796,-1.3324052,-0.0672026,-4.034991,-0.10847805,-1.3230329,2.3572528,13
1.8301603,-0.48823506,-1.2465671,1.1900722,0.74140525,-1.2167057,-0.8749497,-0.6678125,-0.3582223,-2.072806,-1.0424571,0.114360884,-2.0431302,0.7054543,-1.108699,1.3615447,72
4.5995684,-0.05938288,-2.47788,2.3709545,-0.37248832,-1.295535,-0.57137036,-1.1598195,0.55668914,-5.6423345,-1.7489296,1.0704507,-5.6061106,0.6608743,0.09292829,2.9127731,104
3.4103384,0.29011846,-2.6230292,3.2239656,-0.10233706,-1.5186605,-1.3139904,-1.0779837,0.25404602,-5.1198764,-1.2554792,0.35559034,-3.6340828,0.40135583,-0.509411,2.4387858,8
2.8101108,1.9826386,-2.5790396,1.1703477,-1.3431947,-1.3829951,-1.3507044,-1.8623244,2.079037,-6.0483847,-1.2333002,-0.16387069,-3.6976948,-0.059662938,-1.417237,2.2570958,13
3.5008924,1.3947947,-2.5821648,2.1791086,-1.0934536,-1.0861988,-1.5319822,-1.7395867,1.0483702,-5.7795033,-1.109041,0.20326559,-3.950695,-0.114902414,-0.97815937,2.3422253,104
2.8171039,1.7541089,-2.2992368,0.63924813,-1.3175704,-1.3460354,-0.86424226,-1.6304843,2.4759886,-5.839873,-1.3450159,-0.075018294,-4.052287,-0.07731086,-1.0806388,2.2371063,63
2.6270945,1.9009191,-2.3391898,1.0616046,-1.4072095,-1.2500157,-1.1754558,-1.8471558,2.0367618,-5.5450916,-1.1133991,-0.289121,-3.39068,-0.11287552,-1.3481913,2.1336198,13
4.4539857,-0.10715675,-2.5685294,2.3838696,-0.32364556,-1.2159041,-0.6017766,-1.1231662,0.3932916,-5.4424586,-1.6644124,1.0532699,-5.4557323,0.6031672,0.09930697,2.9297142,104
3.7817454,0.3214422,-2.8906615,2.8218246,-0.060140118,-1.3558465,-1.3937683,-1.2166628,0.22591718,-5.414681,-1.3094975,0.6660999,-4.2096596,0.5548556,-0.53746146,2.4584231,104
2.7852888,-0.72506386,-1.9958752,2.4799333,0.6436629,-1.9214027,-0.65464,-0.58494174,-0.0025358945,-3.8891098,-1.472416,0.52446973,-3.451033,0.89610815,-0.36154705,2.0700378,72
3.1402736,2.0124516,-2.753553,1.0137918,-1.3868592,-1.412592,-1.3971717,-1.8603058,2.1256802,-6.4226985,-1.3844297,-0.07271898,-4.1735296,-0.115726784,-1.424469,2.3514075,19
3.3425848,-0.37762102,-2.228683,2.7819633,0.35064086,-1.749497,-0.9318137,-0.80699986,0.033731163,-4.3228655,-1.4819571,0.49158943,-3.7573433,0.77598524,-0.41656715,2.2750149,79
2.379344,1.9767733,-2.378725,0.8769629,-1.202042,-1.2954276,-1.3506219,-1.8692949,2.008879,-5.4812927,-1.1250246,-0.31038335,-3.1546385,-0.02078735,-1.6262302,2.0333622,13
2.667578,-0.9444432,-1.7409323,2.3239784,0.5338156,-1.7432405,-0.63132465,-0.68540776,-0.0941769,-3.4842923,-1.545314,0.6038027,-3.4043212,0.82722926,-0.31896788,2.0000978,72
3.2064178,-0.18932621,-2.3916073,2.9805064,0.3301516,-1.8076799,-1.0336585,-0.8244261,0.09084354,-4.5861707,-1.4001694,0.4586715,-3.5779283,0.7030179,-0.43486813,2.30365,79
2.9253142,1.854668,-2.6410313,1.1591676,-1.3605976,-1.4498687,-1.2278619,-1.8239149,2.2082944,-6.283621,-1.33078,-0.019020498,-4.0694466,-0.09692587,-1.2372355,2.349377,13
2.0870848,-0.3233244,-1.4703798,1.6713225,0.7244972,-1.4706327,-0.74698627,-0.52125484,-0.15784241,-2.6902487,-1.1149764,0.11639984,-2.2891839,0.77994484,-0.8844229,1.5993733,72
4.7894635,0.8562584,-3.8026721,3.684084,-0.9586631,-1.2976534,-1.6645045,-1.8458308,0.4224617,-8.403584,-1.3131468,1.40214,-6.054028,0.25790814,-0.13605282,3.1596246,104
2.9990385,-0.16140524,-2.1371064,2.8220239,-0.16111086,-1.6104162,-0.8801226,-1.3192154,0.34511793,-4.319953,-1.2577356,0.35753477,-3.5186746,0.44996136,-0.24672976,2.4004862,18
2.7652535,1.9362792,-2.5069928,1.2534039,-1.3527098,-1.341797,-1.264359,-1.8335366,2.08382,-5.9719973,-1.1920037,-0.117529795,-3.634322,-0.0511857,-1.2944472,2.2209632,13
3.5936751,1.3374099,-2.0352771,1.9278895,-1.1115222,-1.2812455,-0.91056764,-1.5957205,1.5914373,-5.449971,-1.1758956,0.2302232,-4.149263,-0.28015515,-0.3636784,2.4966297,104
2.669162,1.7107182,-2.1001346,0.6483245,-1.4593929,-1.2301452,-0.72173995,-1.5686461,2.5730555,-5.6957755,-1.3584046,-0.0924902,-3.9767995,-0.12340833,-0.96354485,2.2421365,63
2.5065453,1.8631155,-2.1574461,1.119791,-1.5428817,-1.1437507,-1.0471127,-1.7417244,2.151875,-5.4711204,-1.1366146,-0.27636608,-3.368408,-0.14981502,-1.203943,2.1755154,13
4.5898705,0.7034947,-3.7693264,3.5801315,-0.832726,-1.3513507,-1.5100036,-1.7646817,0.22654654,-7.7537847,-1.2484671,1.2795821,-5.672277,0.3074606,-0.13429971,3.099829,104
3.3155391,0.025414292,-2.3627396,2.5986376,-0.22435495,-1.3733944,-0.93291885,-1.4614012,0.11447778,-4.699813,-1.1322763,0.6129456,-3.8621933,0.57064825,-0.2770741,2.3752062,104
2.7009635,-0.8717719,-1.9148962,2.2863417,0.5334351,-1.8839618,-0.6969406,-0.6880382,-0.08698307,-3.5857272,-1.6347047,0.5725279,-3.5118167,0.8303826,-0.37199536,2.0722296,79
3.101231,1.9638788,-2.6573129,1.0048133,-1.4021181,-1.348318,-1.2639194,-1.7714005,2.15095,-6.2762537,-1.3748286,-0.043030903,-4.1490583,-0.10305967,-1.3161445,2.325284,19
3.2487545,-0.5884719,-2.3958478,2.6641798,0.32629263,-1.7252814,-1.0932353,-0.9983802,-0.15295811,-4.337742,-1.5834899,0.60450184,-3.9672134,0.7152198,-0.46285108,2.27676,79
2.3869216,1.9059535,-2.2749798,0.80632865,-1.1905134,-1.240837,-1.1745949,-1.7728056,2.027656,-5.2285886,-1.1267169,-0.28356904,-3.114857,0.010333747,-1.5035176,1.991715,13
2.5305045,-1.135906,-1.7473125,2.0900002,0.4837577,-1.7676567,-0.6900775,-0.7585554,-0.19955926,-3.3255677,-1.7276058,0.6573387,-3.5559855,0.80484444,-0.34412104,2.0109856,18
3.0435987,-0.44372493,-2.4256063,2.6994734,0.29740402,-1.7445326,-1.1679211,-0.96756566,-0.10331629,-4.396263,-1.5810188,0.5876197,-3.7403343,0.6708565,-0.4966159,2.2572608,79
2.7699263,1.8595583,-2.5583625,1.3395326,-1.4709574,-1.3613269,-1.1959562,-1.8554101,2.1875386,-6.2409053,-1.2385929,-0.027253762,-3.8724952,-0.11212066,-1.152499,2.303271,13
2.258752,-0.41636488,-1.6553304,2.1275525,0.8229909,-1.728725,-0.50898874,-0.22199716,-0.06142883,-3.0567386,-1.2058445,0.19878946,-2.5618653,0.8753313,-0.51803815,1.8166904,72
4.601481,0.4994256,-3.727716,3.530573,-0.922742,-1.1307552,-1.4856999,-1.7203577,0.06519805,-8.09016,-1.3111825,1.577952,-6.089384,0.36768356,-0.093171164,3.1490214,104
2.8733974,-0.34204176,-2.243167,2.6915298,0.019131795,-1.5347139,-0.7951703,-1.325648,-0.088008,-3.9800282,-1.0716784,0.326694,-3.3419046,0.5509256,-0.27615744,2.3013616,79
2.570116,1.9341044,-2.3642244,1.4365519,-1.5191332,-1.228241,-1.1939378,-1.8174189,2.1031356,-5.89889,-1.1247191,-0.14798428,-3.4576313,-0.09203357,-1.1833928,2.2221422,13
3.5802207,1.6443617,-2.242913,2.1340094,-1.3544873,-1.1701541,-0.9413655,-1.6612675,1.6439884,-5.971832,-0.99443084,0.20952086,-4.204556,-0.41087264,-0.27118433,2.6052363,104
2.4609408,1.7259537,-2.0500565,0.84526193,-1.6614196,-1.1024733,-0.7134408,-1.5990838,2.5010524,-5.6800375,-1.3098673,-0.13428292,-3.7874937,-0.19405922,-0.95244247,2.2524476,63
2.8091013,1.6816589,-1.9175274,1.0133373,-1.647604,-1.1681012,-0.526129,-1.5738523,2.3660293,-5.1810927,-1.3382252,-0.25757346,-3.7480946,-0.26835775,-0.77679425,2.3881972,13
4.267705,0.36631697,-3.5601935,3.3984747,-0.86839116,-1.1058537,-1.3794785,-1.7446007,-0.16363578,-7.301737,-1.2795805,1.3937199,-5.529968,0.4314019,-0.21803263,3.0590062,104
3.1810017,0.15183261,-2.8639562,2.7842226,-0.5027511,-1.2872376,-1.1647398,-1.7845428,-0.039632067,-5.495633,-0.92115116,0.79765135,-4.0422993,0.4645623,-0.30050617,2.396176,104
2.502688,-1.1226616,-1.957326,1.875048,0.5642154,-1.8505421,-0.792961,-0.71703696,-0.30090964,-3.3261724,-1.7761884,0.7009131,-3.6241689,0.8185144,-0.44988424,1.9668869,72
3.3310406,1.7959442,-2.385459,0.97589386,-1.5358125,-1.4278119,-0.7077215,-1.5722793,2.4329681,-6.084049,-1.5381728,-0.00035347044,-4.533082,-0.19577092,-0.8092253,2.5118477,19
2.6833546,-1.1518296,-1.8530983,2.361813,0.43646923,-1.8479708,-0.6821352,-0.9860996,-0.15783133,-3.4741833,-1.5801091,0.6466249,-3.7696502,0.8337469,-0.16163401,2.2459207,79
2.256446,1.8257985,-2.1078026,0.86870813,-1.3029467,-1.1515261,-1.0196166,-1.6676521,2.1005025,-5.0864897,-1.1275097,-0.2654294,-3.0528822,-0.011877544,-1.3387849,1.9948804,13
2.1573842,-1.537172,-1.436624,1.9959949,0.58944225,-1.8982804,-0.37464392,-0.7316507,-0.22010161,-2.8699577,-1.6369414,0.7070502,-3.5116198,0.8657176,-0.027323596,2.0497642,18
2.4911327,-0.9991726,-1.8433483,2.410479,0.3054242,-1.7776339,-0.622063,-1.0736063,-0.28337085,-3.4681623,-1.4346473,0.5900959,-3.437899,0.8461708,-0.17058514,2.1577551,18
3.0541315,1.6991343,-2.162612,1.0026566,-1.4742754,-1.3869865,-0.6404698,-1.646995,2.386484,-5.5318747,-1.4344951,-0.118509725,-4.074753,-0.20537671,-0.7879727,2.4361186,13
2.1270406,-0.6957935,-1.6477189,2.2176824,0.82201266,-1.8374773,-0.39302927,-0.17491917,-0.09373967,-2.9893508,-1.3126267,0.31807292,-2.6949346,0.90755105,-0.28370073,1.8819871,72
4.47735,0.1493974,-3.4573572,3.3046498,-0.68724906,-1.0222404,-1.2930808,-1.5069344,-0.13841118,-7.4049973,-1.3837861,1.5939105,-5.9352255,0.4849341,-0.06721927,3.08529,104
2.564178,-0.42237818,-2.2437694,2.5429368,-0.16318993,-1.2141352,-0.83605444,-1.5389937,-0.4918478,-3.8422413,-0.86824614,0.5483017,-3.0920334,0.68171984,-0.39949077,2.0559454,79
3.040113,1.73714,-1.9135662,1.0123478,-1.5708244,-1.3040048,-0.47947645,-1.5293642,2.4428818,-5.2849555,-1.4260696,-0.18287784,-3.9905858,-0.24094532,-0.6684188,2.4925334,13
3.6186252,1.8300704,-2.6600454,2.3178935,-1.3712083,-1.1192311,-1.2039299,-1.8081286,1.4155797,-6.401537,-0.78547525,0.22454132,-4.2141747,-0.4470228,-0.3642193,2.5997992,104
